level,layer,group,noise_rms,noise_energy_share,expected_noise_energy,signal_norm,snr,damping,lambda,task,method,source,beta,seed,epoch,research_only
layer,patch_embed,patch_head,0.7202662154197642,0.026717111089316622,76586.4086151123,4.597600704430098,0.01661328052325421,0.0001,0.0001,vit,dp_kfm_a,public,0.1,42,1,True
layer,blocks.0.attn.q_proj,attention_qkv,0.7200000869781484,0.006705334772741336,19221.296310424805,0.5573931781882419,0.004020409701617783,0.0001,0.0001,vit,dp_kfm_a,public,0.1,42,1,True
layer,blocks.0.attn.k_proj,attention_qkv,0.7202228112595302,0.006705334772741336,19221.296310424805,0.8730221282224955,0.006297003213138281,0.0001,0.0001,vit,dp_kfm_a,public,0.1,42,1,True
layer,blocks.0.attn.v_proj,attention_qkv,0.7200880043895391,0.006705334772741336,19221.296310424805,2.035636733212795,0.014682801999443069,0.0001,0.0001,vit,dp_kfm_a,public,0.1,42,1,True
layer,blocks.0.attn.out_proj,attention_out,0.7202487593096497,0.006705334772741336,19221.296310424805,2.2410774865584004,0.01616462135098777,0.0001,0.0001,vit,dp_kfm_a,public,0.1,42,1,True
layer,blocks.0.mlp.fc1,mlp_fc1,0.7201288652829678,0.026821339090965342,76885.18524169922,2.855805519080828,0.01029929021751379,0.0001,0.0001,vit,dp_kfm_a,public,0.1,42,1,True
layer,blocks.0.mlp.fc2,mlp_fc2,0.7201882038680067,0.026717111089316622,76586.4086151123,4.7940232212684,0.017323046895565318,0.0001,0.0001,vit,dp_kfm_a,public,0.1,42,1,True
layer,blocks.1.attn.q_proj,attention_qkv,0.7202838096819706,0.006705334772741336,19221.296310424805,0.363834719415717,0.002624295906309652,0.0001,0.0001,vit,dp_kfm_a,public,0.1,42,1,True
layer,blocks.1.attn.k_proj,attention_qkv,0.7203613427058541,0.006705334772741336,19221.296310424805,0.5401923184072601,0.0038963419766334063,0.0001,0.0001,vit,dp_kfm_a,public,0.1,42,1,True
layer,blocks.1.attn.v_proj,attention_qkv,0.7200257175316543,0.006705334772741336,19221.296310424805,2.2305490971443365,0.016088681349209683,0.0001,0.0001,vit,dp_kfm_a,public,0.1,42,1,True
layer,blocks.1.attn.out_proj,attention_out,0.7202106799072258,0.006705334772741336,19221.296310424805,3.089941146900692,0.022287372451896246,0.0001,0.0001,vit,dp_kfm_a,public,0.1,42,1,True
layer,blocks.1.mlp.fc1,mlp_fc1,0.7201896013345335,0.026821339090965342,76885.18524169922,4.001277457892814,0.014430365619889248,0.0001,0.0001,vit,dp_kfm_a,public,0.1,42,1,True
layer,blocks.1.mlp.fc2,mlp_fc2,0.7201623287523404,0.026717111089316622,76586.4086151123,3.4415548616161717,0.012435946492070589,0.0001,0.0001,vit,dp_kfm_a,public,0.1,42,1,True
layer,blocks.2.attn.q_proj,attention_qkv,0.7202357892217875,0.006705334772741336,19221.296310424805,0.5599481571781876,0.004038838456616175,0.0001,0.0001,vit,dp_kfm_a,public,0.1,42,1,True
layer,blocks.2.attn.k_proj,attention_qkv,0.7202291793523635,0.006705334772741336,19221.296310424805,0.7260938771357366,0.00523722747632178,0.0001,0.0001,vit,dp_kfm_a,public,0.1,42,1,True
layer,blocks.2.attn.v_proj,attention_qkv,0.7200354141618431,0.006705334772741336,19221.296310424805,3.0966679405855793,0.022335892002636717,0.0001,0.0001,vit,dp_kfm_a,public,0.1,42,1,True
layer,blocks.2.attn.out_proj,attention_out,0.7203940769833914,0.006705334772741336,19221.296310424805,3.46002002660278,0.02495670673250998,0.0001,0.0001,vit,dp_kfm_a,public,0.1,42,1,True
layer,blocks.2.mlp.fc1,mlp_fc1,0.7202980761816509,0.026821339090965342,76885.18524169922,4.235528572260065,0.0152751781235855,0.0001,0.0001,vit,dp_kfm_a,public,0.1,42,1,True
layer,blocks.2.mlp.fc2,mlp_fc2,0.7202580496068809,0.026717111089316622,76586.4086151123,3.970797796408511,0.014348348613503942,0.0001,0.0001,vit,dp_kfm_a,public,0.1,42,1,True
layer,blocks.3.attn.q_proj,attention_qkv,0.7200506237636103,0.006705334772741336,19221.296310424805,0.6581876339470846,0.0047474279423492475,0.0001,0.0001,vit,dp_kfm_a,public,0.1,42,1,True
layer,blocks.3.attn.k_proj,attention_qkv,0.7202815881624317,0.006705334772741336,19221.296310424805,0.8832942804962419,0.006371095007358133,0.0001,0.0001,vit,dp_kfm_a,public,0.1,42,1,True
layer,blocks.3.attn.v_proj,attention_qkv,0.720018510012556,0.006705334772741336,19221.296310424805,3.011844941976202,0.02172407395413114,0.0001,0.0001,vit,dp_kfm_a,public,0.1,42,1,True
layer,blocks.3.attn.out_proj,attention_out,0.7204605383075032,0.006705334772741336,19221.296310424805,3.1076091168058833,0.022414809385813507,0.0001,0.0001,vit,dp_kfm_a,public,0.1,42,1,True
layer,blocks.3.mlp.fc1,mlp_fc1,0.720202683882132,0.026821339090965342,76885.18524169922,3.9935650352626886,0.014402551233224224,0.0001,0.0001,vit,dp_kfm_a,public,0.1,42,1,True
layer,blocks.3.mlp.fc2,mlp_fc2,0.7203715752014782,0.026717111089316622,76586.4086151123,3.8539353377690264,0.013926069922328288,0.0001,0.0001,vit,dp_kfm_a,public,0.1,42,1,True
layer,blocks.4.attn.q_proj,attention_qkv,0.7203305949387502,0.006705334772741336,19221.296310424805,0.8418796645942334,0.0060723763827376775,0.0001,0.0001,vit,dp_kfm_a,public,0.1,42,1,True
layer,blocks.4.attn.k_proj,attention_qkv,0.720525116647678,0.006705334772741336,19221.296310424805,1.2611206718728736,0.009096311154343058,0.0001,0.0001,vit,dp_kfm_a,public,0.1,42,1,True
layer,blocks.4.attn.v_proj,attention_qkv,0.7202866103067448,0.006705334772741336,19221.296310424805,2.50254907193266,0.01805058432949598,0.0001,0.0001,vit,dp_kfm_a,public,0.1,42,1,True
layer,blocks.4.attn.out_proj,attention_out,0.7203133213378313,0.006705334772741336,19221.296310424805,2.6087484215004126,0.018816587416752087,0.0001,0.0001,vit,dp_kfm_a,public,0.1,42,1,True
layer,blocks.4.mlp.fc1,mlp_fc1,0.7202496370093439,0.026821339090965342,76885.18524169922,3.6901893587913563,0.013308445168915434,0.0001,0.0001,vit,dp_kfm_a,public,0.1,42,1,True
layer,blocks.4.mlp.fc2,mlp_fc2,0.7200825397652604,0.026717111089316622,76586.4086151123,3.582218684540656,0.012944230638509423,0.0001,0.0001,vit,dp_kfm_a,public,0.1,42,1,True
layer,blocks.5.attn.q_proj,attention_qkv,0.7202006038059008,0.006705334772741336,19221.296310424805,0.5918568569216295,0.004268992055609843,0.0001,0.0001,vit,dp_kfm_a,public,0.1,42,1,True
layer,blocks.5.attn.k_proj,attention_qkv,0.7200798316900491,0.006705334772741336,19221.296310424805,0.8741922700274934,0.00630544330470951,0.0001,0.0001,vit,dp_kfm_a,public,0.1,42,1,True
layer,blocks.5.attn.v_proj,attention_qkv,0.720247238777176,0.006705334772741336,19221.296310424805,2.645491468229109,0.019081610576912048,0.0001,0.0001,vit,dp_kfm_a,public,0.1,42,1,True
layer,blocks.5.attn.out_proj,attention_out,0.7200330966641076,0.006705334772741336,19221.296310424805,2.603623079134672,0.018779618941037496,0.0001,0.0001,vit,dp_kfm_a,public,0.1,42,1,True
layer,blocks.5.mlp.fc1,mlp_fc1,0.7200722916821684,0.026821339090965342,76885.18524169922,3.823154220181172,0.013787974915263847,0.0001,0.0001,vit,dp_kfm_a,public,0.1,42,1,True
layer,blocks.5.mlp.fc2,mlp_fc2,0.7202031174553527,0.026717111089316622,76586.4086151123,3.337425104512517,0.012059677003527506,0.0001,0.0001,vit,dp_kfm_a,public,0.1,42,1,True
layer,blocks.6.attn.q_proj,attention_qkv,0.7201201452283053,0.006705334772741336,19221.296310424805,0.6274078701315685,0.004525417221910157,0.0001,0.0001,vit,dp_kfm_a,public,0.1,42,1,True
layer,blocks.6.attn.k_proj,attention_qkv,0.7199277896341294,0.006705334772741336,19221.296310424805,0.9474484496946859,0.0068338312846176,0.0001,0.0001,vit,dp_kfm_a,public,0.1,42,1,True
layer,blocks.6.attn.v_proj,attention_qkv,0.7203400097358493,0.006705334772741336,19221.296310424805,2.7730829025130905,0.020001912188614593,0.0001,0.0001,vit,dp_kfm_a,public,0.1,42,1,True
layer,blocks.6.attn.out_proj,attention_out,0.720008468314575,0.006705334772741336,19221.296310424805,2.9693664741627,0.021417681894109208,0.0001,0.0001,vit,dp_kfm_a,public,0.1,42,1,True
layer,blocks.6.mlp.fc1,mlp_fc1,0.7202353642315305,0.026821339090965342,76885.18524169922,3.7635339701230146,0.013572958082329332,0.0001,0.0001,vit,dp_kfm_a,public,0.1,42,1,True
layer,blocks.6.mlp.fc2,mlp_fc2,0.7202598737766157,0.026717111089316622,76586.4086151123,3.4572826296150274,0.012492778269897205,0.0001,0.0001,vit,dp_kfm_a,public,0.1,42,1,True
layer,blocks.7.attn.q_proj,attention_qkv,0.7205729114342327,0.006705334772741336,19221.296310424805,0.6224334671869997,0.004489537454017935,0.0001,0.0001,vit,dp_kfm_a,public,0.1,42,1,True
layer,blocks.7.attn.k_proj,attention_qkv,0.7203731567978513,0.006705334772741336,19221.296310424805,0.8177626531718266,0.005898423290933021,0.0001,0.0001,vit,dp_kfm_a,public,0.1,42,1,True
layer,blocks.7.attn.v_proj,attention_qkv,0.720554552143046,0.006705334772741336,19221.296310424805,2.939526734902175,0.02120245145729853,0.0001,0.0001,vit,dp_kfm_a,public,0.1,42,1,True
layer,blocks.7.attn.out_proj,attention_out,0.7205119597977687,0.006705334772741336,19221.296310424805,3.0141837954856854,0.021740943822131247,0.0001,0.0001,vit,dp_kfm_a,public,0.1,42,1,True
layer,blocks.7.mlp.fc1,mlp_fc1,0.7202300836659651,0.026821339090965342,76885.18524169922,3.8504843485694287,0.013886539373547818,0.0001,0.0001,vit,dp_kfm_a,public,0.1,42,1,True
layer,blocks.7.mlp.fc2,mlp_fc2,0.7202229402494102,0.026717111089316622,76586.4086151123,4.345560768222212,0.01570254241603884,0.0001,0.0001,vit,dp_kfm_a,public,0.1,42,1,True
layer,blocks.8.attn.q_proj,attention_qkv,0.7205812388022392,0.006705334772741336,19221.296310424805,0.6305463532234651,0.004548054721550958,0.0001,0.0001,vit,dp_kfm_a,public,0.1,42,1,True
layer,blocks.8.attn.k_proj,attention_qkv,0.7204003245963263,0.006705334772741336,19221.296310424805,0.9546720287568369,0.0068859340883086545,0.0001,0.0001,vit,dp_kfm_a,public,0.1,42,1,True
layer,blocks.8.attn.v_proj,attention_qkv,0.7201788861537894,0.006705334772741336,19221.296310424805,3.18014048130675,0.022937969361431984,0.0001,0.0001,vit,dp_kfm_a,public,0.1,42,1,True
layer,blocks.8.attn.out_proj,attention_out,0.7203992105563632,0.006705334772741336,19221.296310424805,3.156406407878884,0.02276677835515084,0.0001,0.0001,vit,dp_kfm_a,public,0.1,42,1,True
layer,blocks.8.mlp.fc1,mlp_fc1,0.7202028989442328,0.026821339090965342,76885.18524169922,3.8200843919465886,0.013776903765042084,0.0001,0.0001,vit,dp_kfm_a,public,0.1,42,1,True
layer,blocks.8.mlp.fc2,mlp_fc2,0.7201072228830624,0.026717111089316622,76586.4086151123,3.6682921914085806,0.013255254454440025,0.0001,0.0001,vit,dp_kfm_a,public,0.1,42,1,True
layer,blocks.9.attn.q_proj,attention_qkv,0.7199260746078943,0.006705334772741336,19221.296310424805,0.6456331570243132,0.004656874015975214,0.0001,0.0001,vit,dp_kfm_a,public,0.1,42,1,True
layer,blocks.9.attn.k_proj,attention_qkv,0.7202964947121867,0.006705334772741336,19221.296310424805,1.025111897270118,0.007394008355869634,0.0001,0.0001,vit,dp_kfm_a,public,0.1,42,1,True
layer,blocks.9.attn.v_proj,attention_qkv,0.7199782577216024,0.006705334772741336,19221.296310424805,3.1055404125168247,0.022399888071525924,0.0001,0.0001,vit,dp_kfm_a,public,0.1,42,1,True
layer,blocks.9.attn.out_proj,attention_out,0.7202720079209884,0.006705334772741336,19221.296310424805,3.061434974522578,0.022081760872010255,0.0001,0.0001,vit,dp_kfm_a,public,0.1,42,1,True
layer,blocks.9.mlp.fc1,mlp_fc1,0.7201631696558086,0.026821339090965342,76885.18524169922,3.591575244673846,0.012952799319065643,0.0001,0.0001,vit,dp_kfm_a,public,0.1,42,1,True
layer,blocks.9.mlp.fc2,mlp_fc2,0.7199860224178993,0.026717111089316622,76586.4086151123,3.250440919032809,0.011745362480069913,0.0001,0.0001,vit,dp_kfm_a,public,0.1,42,1,True
layer,blocks.10.attn.q_proj,attention_qkv,0.7202260266411614,0.006705334772741336,19221.296310424805,0.6077175246354903,0.004383393137012041,0.0001,0.0001,vit,dp_kfm_a,public,0.1,42,1,True
layer,blocks.10.attn.k_proj,attention_qkv,0.7202174707177585,0.006705334772741336,19221.296310424805,1.0252677977374243,0.0073951328471188495,0.0001,0.0001,vit,dp_kfm_a,public,0.1,42,1,True
layer,blocks.10.attn.v_proj,attention_qkv,0.7203164634259974,0.006705334772741336,19221.296310424805,3.0561339128557963,0.022043524954191374,0.0001,0.0001,vit,dp_kfm_a,public,0.1,42,1,True
layer,blocks.10.attn.out_proj,attention_out,0.7202435172120248,0.006705334772741336,19221.296310424805,3.018844108789878,0.021774558099366677,0.0001,0.0001,vit,dp_kfm_a,public,0.1,42,1,True
layer,blocks.10.mlp.fc1,mlp_fc1,0.7201840684385632,0.026821339090965342,76885.18524169922,3.1847342974586277,0.011485552001367904,0.0001,0.0001,vit,dp_kfm_a,public,0.1,42,1,True
layer,blocks.10.mlp.fc2,mlp_fc2,0.7202064677256714,0.026717111089316622,76586.4086151123,2.8043901198402503,0.01013357243325976,0.0001,0.0001,vit,dp_kfm_a,public,0.1,42,1,True
layer,blocks.11.attn.q_proj,attention_qkv,0.7201333326445923,0.006705334772741336,19221.296310424805,0.7730900277867628,0.005576205037242461,0.0001,0.0001,vit,dp_kfm_a,public,0.1,42,1,True
layer,blocks.11.attn.k_proj,attention_qkv,0.7198992882556094,0.006705334772741336,19221.296310424805,1.0591403470576568,0.007639451456019366,0.0001,0.0001,vit,dp_kfm_a,public,0.1,42,1,True
layer,blocks.11.attn.v_proj,attention_qkv,0.7203199394879614,0.006705334772741336,19221.296310424805,2.7295658173768595,0.019688028707233445,0.0001,0.0001,vit,dp_kfm_a,public,0.1,42,1,True
layer,blocks.11.attn.out_proj,attention_out,0.720011607239018,0.006705334772741336,19221.296310424805,2.3251533256851604,0.016771050228347874,0.0001,0.0001,vit,dp_kfm_a,public,0.1,42,1,True
layer,blocks.11.mlp.fc1,mlp_fc1,0.7201401894142413,0.026821339090965342,76885.18524169922,2.852645108845531,0.01028789238877433,0.0001,0.0001,vit,dp_kfm_a,public,0.1,42,1,True
layer,blocks.11.mlp.fc2,mlp_fc2,0.7201958905069888,0.026717111089316622,76586.4086151123,2.830237995114916,0.010226972889383413,0.0001,0.0001,vit,dp_kfm_a,public,0.1,42,1,True
layer,head,patch_head,0.7196501215553018,0.0003492361860802786,1001.1091828346252,11.970366648682077,0.37832647190626006,0.0001,0.0001,vit,dp_kfm_a,public,0.1,42,1,True
layer,cls_token,identity,0.7141159629350641,3.474266721627629e-05,99.59220886230469,0.19117073559669215,0.01915617204639311,0.0001,0.0001,vit,dp_kfm_a,public,0.1,42,1,True
layer,pos_embed,identity,0.7202692493818748,0.006844305441606457,19619.665145874023,0.6548402978201687,0.004675085974257249,0.0001,0.0001,vit,dp_kfm_a,public,0.1,42,1,True
layer,blocks.0.norm1.weight,identity,0.7198966559318914,3.474266721627629e-05,99.59220886230469,0.8453893588012154,0.0847118360079493,0.0001,0.0001,vit,dp_kfm_a,public,0.1,42,1,True
layer,blocks.0.norm1.bias,identity,0.7214011287070016,3.474266721627629e-05,99.59220886230469,0.5302366528836996,0.05313210997614385,0.0001,0.0001,vit,dp_kfm_a,public,0.1,42,1,True
layer,blocks.0.norm2.weight,identity,0.7198330597675036,3.474266721627629e-05,99.59220886230469,0.3122542136854042,0.03128928400520471,0.0001,0.0001,vit,dp_kfm_a,public,0.1,42,1,True
layer,blocks.0.norm2.bias,identity,0.719295220760294,3.474266721627629e-05,99.59220886230469,0.24910954714474376,0.02496190292206187,0.0001,0.0001,vit,dp_kfm_a,public,0.1,42,1,True
layer,blocks.1.norm1.weight,identity,0.7201664361592618,3.474266721627629e-05,99.59220886230469,0.48291158109756227,0.04838992381248485,0.0001,0.0001,vit,dp_kfm_a,public,0.1,42,1,True
layer,blocks.1.norm1.bias,identity,0.721503788450501,3.474266721627629e-05,99.59220886230469,0.5347576407341438,0.05358513339948557,0.0001,0.0001,vit,dp_kfm_a,public,0.1,42,1,True
layer,blocks.1.norm2.weight,identity,0.7218347042004147,3.474266721627629e-05,99.59220886230469,0.6054300797235038,0.06066683131728046,0.0001,0.0001,vit,dp_kfm_a,public,0.1,42,1,True
layer,blocks.1.norm2.bias,identity,0.7180172354511912,3.474266721627629e-05,99.59220886230469,0.4560131727552968,0.04569458168090656,0.0001,0.0001,vit,dp_kfm_a,public,0.1,42,1,True
layer,blocks.2.norm1.weight,identity,0.7203505521739182,3.474266721627629e-05,99.59220886230469,0.45051514840427587,0.045143654782735264,0.0001,0.0001,vit,dp_kfm_a,public,0.1,42,1,True
layer,blocks.2.norm1.bias,identity,0.7163903795672324,3.474266721627629e-05,99.59220886230469,0.5344030595540809,0.0535496027620765,0.0001,0.0001,vit,dp_kfm_a,public,0.1,42,1,True
layer,blocks.2.norm2.weight,identity,0.7214467553030348,3.474266721627629e-05,99.59220886230469,0.3580150279567163,0.035874724493406014,0.0001,0.0001,vit,dp_kfm_a,public,0.1,42,1,True
layer,blocks.2.norm2.bias,identity,0.7182306329092334,3.474266721627629e-05,99.59220886230469,0.5027038265355683,0.05037319629198583,0.0001,0.0001,vit,dp_kfm_a,public,0.1,42,1,True
layer,blocks.3.norm1.weight,identity,0.715897813432502,3.474266721627629e-05,99.59220886230469,0.35806705994647875,0.035879938334032226,0.0001,0.0001,vit,dp_kfm_a,public,0.1,42,1,True
layer,blocks.3.norm1.bias,identity,0.7185715588629581,3.474266721627629e-05,99.59220886230469,0.514328363789537,0.051538027482814705,0.0001,0.0001,vit,dp_kfm_a,public,0.1,42,1,True
layer,blocks.3.norm2.weight,identity,0.7168448718661599,3.474266721627629e-05,99.59220886230469,0.3226773035930121,0.03233372473982836,0.0001,0.0001,vit,dp_kfm_a,public,0.1,42,1,True
layer,blocks.3.norm2.bias,identity,0.7250678974291619,3.474266721627629e-05,99.59220886230469,0.3999115575834497,0.040072946188643314,0.0001,0.0001,vit,dp_kfm_a,public,0.1,42,1,True
layer,blocks.4.norm1.weight,identity,0.7180958293248871,3.474266721627629e-05,99.59220886230469,0.28059598037133177,0.02811698589087073,0.0001,0.0001,vit,dp_kfm_a,public,0.1,42,1,True
layer,blocks.4.norm1.bias,identity,0.7217479770181263,3.474266721627629e-05,99.59220886230469,0.5122659745808661,0.05133136675943254,0.0001,0.0001,vit,dp_kfm_a,public,0.1,42,1,True
layer,blocks.4.norm2.weight,identity,0.7172649338843595,3.474266721627629e-05,99.59220886230469,0.2654181343302815,0.02659609709401318,0.0001,0.0001,vit,dp_kfm_a,public,0.1,42,1,True
layer,blocks.4.norm2.bias,identity,0.7225413241951496,3.474266721627629e-05,99.59220886230469,0.36636206746239436,0.0367111355913166,0.0001,0.0001,vit,dp_kfm_a,public,0.1,42,1,True
layer,blocks.5.norm1.weight,identity,0.7156588038331706,3.474266721627629e-05,99.59220886230469,0.27678402445937567,0.027735010673509287,0.0001,0.0001,vit,dp_kfm_a,public,0.1,42,1,True
layer,blocks.5.norm1.bias,identity,0.7180342609535993,3.474266721627629e-05,99.59220886230469,0.41083904404738797,0.04116792973873775,0.0001,0.0001,vit,dp_kfm_a,public,0.1,42,1,True
layer,blocks.5.norm2.weight,identity,0.7226680856316783,3.474266721627629e-05,99.59220886230469,0.2585541921915553,0.02590829905779428,0.0001,0.0001,vit,dp_kfm_a,public,0.1,42,1,True
layer,blocks.5.norm2.bias,identity,0.7219805237184768,3.474266721627629e-05,99.59220886230469,0.3369548678452455,0.03376440123100546,0.0001,0.0001,vit,dp_kfm_a,public,0.1,42,1,True
layer,blocks.6.norm1.weight,identity,0.7238994584660878,3.474266721627629e-05,99.59220886230469,0.25858554842023274,0.025911441093678596,0.0001,0.0001,vit,dp_kfm_a,public,0.1,42,1,True
layer,blocks.6.norm1.bias,identity,0.7182448204604617,3.474266721627629e-05,99.59220886230469,0.4256651064119916,0.04265356822069698,0.0001,0.0001,vit,dp_kfm_a,public,0.1,42,1,True
layer,blocks.6.norm2.weight,identity,0.7218172330493724,3.474266721627629e-05,99.59220886230469,0.22894999441391858,0.02294182459111513,0.0001,0.0001,vit,dp_kfm_a,public,0.1,42,1,True
layer,blocks.6.norm2.bias,identity,0.7207453810932937,3.474266721627629e-05,99.59220886230469,0.30839327280436374,0.030902400272465436,0.0001,0.0001,vit,dp_kfm_a,public,0.1,42,1,True
layer,blocks.7.norm1.weight,identity,0.7214836546319633,3.474266721627629e-05,99.59220886230469,0.2696370283805679,0.027018849352723386,0.0001,0.0001,vit,dp_kfm_a,public,0.1,42,1,True
layer,blocks.7.norm1.bias,identity,0.7190386683256822,3.474266721627629e-05,99.59220886230469,0.37780481836409036,0.03785775096773776,0.0001,0.0001,vit,dp_kfm_a,public,0.1,42,1,True
layer,blocks.7.norm2.weight,identity,0.7169024323897683,3.474266721627629e-05,99.59220886230469,0.17301055242294058,0.017336439584808024,0.0001,0.0001,vit,dp_kfm_a,public,0.1,42,1,True
layer,blocks.7.norm2.bias,identity,0.7183353431527848,3.474266721627629e-05,99.59220886230469,0.2522961092652881,0.02528121085393303,0.0001,0.0001,vit,dp_kfm_a,public,0.1,42,1,True
layer,blocks.8.norm1.weight,identity,0.7194275706080325,3.474266721627629e-05,99.59220886230469,0.3318739733253609,0.033255272627881735,0.0001,0.0001,vit,dp_kfm_a,public,0.1,42,1,True
layer,blocks.8.norm1.bias,identity,0.7214316652373783,3.474266721627629e-05,99.59220886230469,0.4046489992157926,0.04054765925958306,0.0001,0.0001,vit,dp_kfm_a,public,0.1,42,1,True
layer,blocks.8.norm2.weight,identity,0.7213060314688632,3.474266721627629e-05,99.59220886230469,0.1570520298466153,0.015737323469445737,0.0001,0.0001,vit,dp_kfm_a,public,0.1,42,1,True
layer,blocks.8.norm2.bias,identity,0.7169370991880998,3.474266721627629e-05,99.59220886230469,0.2493741252899965,0.024988414848452455,0.0001,0.0001,vit,dp_kfm_a,public,0.1,42,1,True
layer,blocks.9.norm1.weight,identity,0.7232845781269153,3.474266721627629e-05,99.59220886230469,0.35456023390901636,0.03552853850967773,0.0001,0.0001,vit,dp_kfm_a,public,0.1,42,1,True
layer,blocks.9.norm1.bias,identity,0.7192420332762735,3.474266721627629e-05,99.59220886230469,0.43659442657070946,0.043748735515299,0.0001,0.0001,vit,dp_kfm_a,public,0.1,42,1,True
layer,blocks.9.norm2.weight,identity,0.7178842162365565,3.474266721627629e-05,99.59220886230469,0.6020287901640632,0.06032600672518534,0.0001,0.0001,vit,dp_kfm_a,public,0.1,42,1,True
layer,blocks.9.norm2.bias,identity,0.7202040711169818,3.474266721627629e-05,99.59220886230469,0.23802520804882604,0.023851202029065793,0.0001,0.0001,vit,dp_kfm_a,public,0.1,42,1,True
layer,blocks.10.norm1.weight,identity,0.7213290639844787,3.474266721627629e-05,99.59220886230469,0.28590485819053757,0.028648959451366612,0.0001,0.0001,vit,dp_kfm_a,public,0.1,42,1,True
layer,blocks.10.norm1.bias,identity,0.7198469624059669,3.474266721627629e-05,99.59220886230469,0.40404376140764797,0.04048701169474725,0.0001,0.0001,vit,dp_kfm_a,public,0.1,42,1,True
layer,blocks.10.norm2.weight,identity,0.7199312728641792,3.474266721627629e-05,99.59220886230469,0.4116619575199908,0.04125038938932852,0.0001,0.0001,vit,dp_kfm_a,public,0.1,42,1,True
layer,blocks.10.norm2.bias,identity,0.7191252260302871,3.474266721627629e-05,99.59220886230469,0.1913463487596834,0.01917376927932403,0.0001,0.0001,vit,dp_kfm_a,public,0.1,42,1,True
layer,blocks.11.norm1.weight,identity,0.720534980469304,3.474266721627629e-05,99.59220886230469,0.23141016108779713,0.023188344414981098,0.0001,0.0001,vit,dp_kfm_a,public,0.1,42,1,True
layer,blocks.11.norm1.bias,identity,0.7171724590845555,3.474266721627629e-05,99.59220886230469,0.3849165214109068,0.03857037576714787,0.0001,0.0001,vit,dp_kfm_a,public,0.1,42,1,True
layer,blocks.11.norm2.weight,identity,0.7189673708469886,3.474266721627629e-05,99.59220886230469,0.18933282258154702,0.01897200485252563,0.0001,0.0001,vit,dp_kfm_a,public,0.1,42,1,True
layer,blocks.11.norm2.bias,identity,0.7201426606340551,3.474266721627629e-05,99.59220886230469,0.17165748110417045,0.01720085572103044,0.0001,0.0001,vit,dp_kfm_a,public,0.1,42,1,True
layer,norm.weight,identity,0.7178287927595061,3.474266721627629e-05,99.59220886230469,0.13397149394727598,0.013424549418382508,0.0001,0.0001,vit,dp_kfm_a,public,0.1,42,1,True
layer,norm.bias,identity,0.7239602659211286,3.474266721627629e-05,99.59220886230469,0.08621808469502637,0.00863944190397829,0.0001,0.0001,vit,dp_kfm_a,public,0.1,42,1,True
group,attention_out,attention_out,0.7202636521703163,0.08046401727289565,230655.55572509766,10.097677689836821,0.021025171372483942,0.0001,0.0001,vit,dp_kfm_a,public,0.1,42,1,True
group,attention_qkv,attention_qkv,0.7202232798442313,0.2413920518186876,691966.667175293,10.469855646556843,0.012586300796616262,0.0001,0.0001,vit,dp_kfm_a,public,0.1,42,1,True
group,identity,identity,0.7203475488319954,0.008616181469636556,24698.867797851562,2.8765371711395056,0.018303387222749004,0.0001,0.0001,vit,dp_kfm_a,public,0.1,42,1,True
group,mlp_fc1,mlp_fc1,0.7201925605952403,0.3218560690915826,922622.2229003906,12.713457999044898,0.013235846962902779,0.0001,0.0001,vit,dp_kfm_a,public,0.1,42,1,True
group,mlp_fc2,mlp_fc2,0.7201882045648799,0.3206053330717978,919036.9033813477,12.679808445090913,0.013226539016713133,0.0001,0.0001,vit,dp_kfm_a,public,0.1,42,1,True
group,patch_head,patch_head,0.7202595204519293,0.027066347275396748,77587.51779794693,12.854029777870062,0.04614698934353689,0.0001,0.0001,vit,dp_kfm_a,public,0.1,42,1,True
layer,patch_embed,patch_head,0.7200571312358011,0.026717111089316622,76586.4086151123,4.0338860906722225,0.014576316111709387,0.0001,0.0001,vit,dp_kfm_a,public,0.1,42,2,True
layer,blocks.0.attn.q_proj,attention_qkv,0.7202735651667526,0.006705334772741336,19221.296310424805,0.45149677533103477,0.00325659173241085,0.0001,0.0001,vit,dp_kfm_a,public,0.1,42,2,True
layer,blocks.0.attn.k_proj,attention_qkv,0.7202709488162126,0.006705334772741336,19221.296310424805,0.6835486661156356,0.0049303540056083945,0.0001,0.0001,vit,dp_kfm_a,public,0.1,42,2,True
layer,blocks.0.attn.v_proj,attention_qkv,0.7201077634097045,0.006705334772741336,19221.296310424805,1.6034487851528294,0.011565482507033062,0.0001,0.0001,vit,dp_kfm_a,public,0.1,42,2,True
layer,blocks.0.attn.out_proj,attention_out,0.7205250948989667,0.006705334772741336,19221.296310424805,1.830140658851428,0.013200583624090441,0.0001,0.0001,vit,dp_kfm_a,public,0.1,42,2,True
layer,blocks.0.mlp.fc1,mlp_fc1,0.7203057851010137,0.026821339090965342,76885.18524169922,2.1442622895472647,0.007733152511598881,0.0001,0.0001,vit,dp_kfm_a,public,0.1,42,2,True
layer,blocks.0.mlp.fc2,mlp_fc2,0.7200670108091458,0.026717111089316622,76586.4086151123,3.4702059716631024,0.012539476345816642,0.0001,0.0001,vit,dp_kfm_a,public,0.1,42,2,True
layer,blocks.1.attn.q_proj,attention_qkv,0.7200887193051161,0.006705334772741336,19221.296310424805,0.2756592272926834,0.001988296726828048,0.0001,0.0001,vit,dp_kfm_a,public,0.1,42,2,True
layer,blocks.1.attn.k_proj,attention_qkv,0.7207007278628978,0.006705334772741336,19221.296310424805,0.3787462464678397,0.0027318509507060587,0.0001,0.0001,vit,dp_kfm_a,public,0.1,42,2,True
layer,blocks.1.attn.v_proj,attention_qkv,0.7201851976308338,0.006705334772741336,19221.296310424805,1.583491146660282,0.011421530470021016,0.0001,0.0001,vit,dp_kfm_a,public,0.1,42,2,True
layer,blocks.1.attn.out_proj,attention_out,0.7201922013515221,0.006705334772741336,19221.296310424805,2.0510905515019835,0.014794268525062992,0.0001,0.0001,vit,dp_kfm_a,public,0.1,42,2,True
layer,blocks.1.mlp.fc1,mlp_fc1,0.7200729752575614,0.026821339090965342,76885.18524169922,2.7443020743068463,0.009897159774699398,0.0001,0.0001,vit,dp_kfm_a,public,0.1,42,2,True
layer,blocks.1.mlp.fc2,mlp_fc2,0.7201449352278709,0.026717111089316622,76586.4086151123,2.277146478965361,0.00822839469533305,0.0001,0.0001,vit,dp_kfm_a,public,0.1,42,2,True
layer,blocks.2.attn.q_proj,attention_qkv,0.7203396410447513,0.006705334772741336,19221.296310424805,0.4255796778781906,0.00306965483738843,0.0001,0.0001,vit,dp_kfm_a,public,0.1,42,2,True
layer,blocks.2.attn.k_proj,attention_qkv,0.7206698949014676,0.006705334772741336,19221.296310424805,0.5594328175059213,0.0040351213737757595,0.0001,0.0001,vit,dp_kfm_a,public,0.1,42,2,True
layer,blocks.2.attn.v_proj,attention_qkv,0.7205454599430324,0.006705334772741336,19221.296310424805,2.150001353838513,0.015507700201067974,0.0001,0.0001,vit,dp_kfm_a,public,0.1,42,2,True
layer,blocks.2.attn.out_proj,attention_out,0.7204391943634295,0.006705334772741336,19221.296310424805,2.3836376151662617,0.017192890347716244,0.0001,0.0001,vit,dp_kfm_a,public,0.1,42,2,True
layer,blocks.2.mlp.fc1,mlp_fc1,0.7202300429944738,0.026821339090965342,76885.18524169922,2.8696267321397144,0.010349135588110792,0.0001,0.0001,vit,dp_kfm_a,public,0.1,42,2,True
layer,blocks.2.mlp.fc2,mlp_fc2,0.7202606713434573,0.026717111089316622,76586.4086151123,2.665880161572673,0.009633071206664304,0.0001,0.0001,vit,dp_kfm_a,public,0.1,42,2,True
layer,blocks.3.attn.q_proj,attention_qkv,0.7205800885349863,0.006705334772741336,19221.296310424805,0.4562481672412873,0.0032908629486360927,0.0001,0.0001,vit,dp_kfm_a,public,0.1,42,2,True
layer,blocks.3.attn.k_proj,attention_qkv,0.7203956690652091,0.006705334772741336,19221.296310424805,0.6401623947559644,0.0046174140682047615,0.0001,0.0001,vit,dp_kfm_a,public,0.1,42,2,True
layer,blocks.3.attn.v_proj,attention_qkv,0.7200504861643677,0.006705334772741336,19221.296310424805,1.9653769245322632,0.014176026481717553,0.0001,0.0001,vit,dp_kfm_a,public,0.1,42,2,True
layer,blocks.3.attn.out_proj,attention_out,0.720049230966567,0.006705334772741336,19221.296310424805,2.10310310165663,0.01516942876998619,0.0001,0.0001,vit,dp_kfm_a,public,0.1,42,2,True
layer,blocks.3.mlp.fc1,mlp_fc1,0.7201808577014037,0.026821339090965342,76885.18524169922,2.7137597752001335,0.009787010816617899,0.0001,0.0001,vit,dp_kfm_a,public,0.1,42,2,True
layer,blocks.3.mlp.fc2,mlp_fc2,0.7202872621537688,0.026717111089316622,76586.4086151123,2.640368097956848,0.0095408841950414,0.0001,0.0001,vit,dp_kfm_a,public,0.1,42,2,True
layer,blocks.4.attn.q_proj,attention_qkv,0.7204226014839735,0.006705334772741336,19221.296310424805,0.5929623676051574,0.004276965970704646,0.0001,0.0001,vit,dp_kfm_a,public,0.1,42,2,True
layer,blocks.4.attn.k_proj,attention_qkv,0.7202436596100722,0.006705334772741336,19221.296310424805,0.8588815870564598,0.006195009196859075,0.0001,0.0001,vit,dp_kfm_a,public,0.1,42,2,True
layer,blocks.4.attn.v_proj,attention_qkv,0.7201200336753237,0.006705334772741336,19221.296310424805,1.8133975781434466,0.013079817804293117,0.0001,0.0001,vit,dp_kfm_a,public,0.1,42,2,True
layer,blocks.4.attn.out_proj,attention_out,0.720220358058842,0.006705334772741336,19221.296310424805,1.9162798152829,0.013821894960070405,0.0001,0.0001,vit,dp_kfm_a,public,0.1,42,2,True
layer,blocks.4.mlp.fc1,mlp_fc1,0.720125069628626,0.026821339090965342,76885.18524169922,2.470741788195699,0.008910581115956683,0.0001,0.0001,vit,dp_kfm_a,public,0.1,42,2,True
layer,blocks.4.mlp.fc2,mlp_fc2,0.7201454110796652,0.026717111089316622,76586.4086151123,2.47144649391718,0.008930491476151077,0.0001,0.0001,vit,dp_kfm_a,public,0.1,42,2,True
layer,blocks.5.attn.q_proj,attention_qkv,0.7201194590729944,0.006705334772741336,19221.296310424805,0.43171767174182046,0.003113927446102476,0.0001,0.0001,vit,dp_kfm_a,public,0.1,42,2,True
layer,blocks.5.attn.k_proj,attention_qkv,0.7203576677277419,0.006705334772741336,19221.296310424805,0.6371455767028853,0.004595654123800634,0.0001,0.0001,vit,dp_kfm_a,public,0.1,42,2,True
layer,blocks.5.attn.v_proj,attention_qkv,0.720476252042781,0.006705334772741336,19221.296310424805,1.7660917976487682,0.01273860692069101,0.0001,0.0001,vit,dp_kfm_a,public,0.1,42,2,True
layer,blocks.5.attn.out_proj,attention_out,0.7201952319770536,0.006705334772741336,19221.296310424805,1.7804021754760213,0.01284182594830364,0.0001,0.0001,vit,dp_kfm_a,public,0.1,42,2,True
layer,blocks.5.mlp.fc1,mlp_fc1,0.7201526649613388,0.026821339090965342,76885.18524169922,2.3100404143868145,0.008331021311848031,0.0001,0.0001,vit,dp_kfm_a,public,0.1,42,2,True
layer,blocks.5.mlp.fc2,mlp_fc2,0.7201911082861194,0.026717111089316622,76586.4086151123,2.0889886727168085,0.007548492585775068,0.0001,0.0001,vit,dp_kfm_a,public,0.1,42,2,True
layer,blocks.6.attn.q_proj,attention_qkv,0.7202874533797854,0.006705334772741336,19221.296310424805,0.40008014077403625,0.002885729754750116,0.0001,0.0001,vit,dp_kfm_a,public,0.1,42,2,True
layer,blocks.6.attn.k_proj,attention_qkv,0.7201842523273808,0.006705334772741336,19221.296310424805,0.6075897629754342,0.004382471607582393,0.0001,0.0001,vit,dp_kfm_a,public,0.1,42,2,True
layer,blocks.6.attn.v_proj,attention_qkv,0.720398817450345,0.006705334772741336,19221.296310424805,1.77847601833494,0.012827932809385035,0.0001,0.0001,vit,dp_kfm_a,public,0.1,42,2,True
layer,blocks.6.attn.out_proj,attention_out,0.7201764280098507,0.006705334772741336,19221.296310424805,1.9948879454903403,0.01438888591309802,0.0001,0.0001,vit,dp_kfm_a,public,0.1,42,2,True
layer,blocks.6.mlp.fc1,mlp_fc1,0.7203436543681986,0.026821339090965342,76885.18524169922,2.303094015361455,0.008305969543073579,0.0001,0.0001,vit,dp_kfm_a,public,0.1,42,2,True
layer,blocks.6.mlp.fc2,mlp_fc2,0.7202558246646394,0.026717111089316622,76586.4086151123,2.0977792499077594,0.007580257050378065,0.0001,0.0001,vit,dp_kfm_a,public,0.1,42,2,True
layer,blocks.7.attn.q_proj,attention_qkv,0.7201952495210177,0.006705334772741336,19221.296310424805,0.3705087407349921,0.0026724348163480456,0.0001,0.0001,vit,dp_kfm_a,public,0.1,42,2,True
layer,blocks.7.attn.k_proj,attention_qkv,0.7203479501166924,0.006705334772741336,19221.296310424805,0.5159900736524371,0.0037217741070920242,0.0001,0.0001,vit,dp_kfm_a,public,0.1,42,2,True
layer,blocks.7.attn.v_proj,attention_qkv,0.7201813946646493,0.006705334772741336,19221.296310424805,1.7740879063683475,0.012796281887535555,0.0001,0.0001,vit,dp_kfm_a,public,0.1,42,2,True
layer,blocks.7.attn.out_proj,attention_out,0.7202223923286244,0.006705334772741336,19221.296310424805,1.74884026339911,0.012614173686881867,0.0001,0.0001,vit,dp_kfm_a,public,0.1,42,2,True
layer,blocks.7.mlp.fc1,mlp_fc1,0.7201467902524531,0.026821339090965342,76885.18524169922,2.1713789201311484,0.007830947002938906,0.0001,0.0001,vit,dp_kfm_a,public,0.1,42,2,True
layer,blocks.7.mlp.fc2,mlp_fc2,0.7202368304701651,0.026717111089316622,76586.4086151123,2.1156618025662306,0.007644875072447876,0.0001,0.0001,vit,dp_kfm_a,public,0.1,42,2,True
layer,blocks.8.attn.q_proj,attention_qkv,0.7199038879691494,0.006705334772741336,19221.296310424805,0.3786988066975887,0.0027315087733705227,0.0001,0.0001,vit,dp_kfm_a,public,0.1,42,2,True
layer,blocks.8.attn.k_proj,attention_qkv,0.7201354371216165,0.006705334772741336,19221.296310424805,0.5562398675185076,0.004012091010993237,0.0001,0.0001,vit,dp_kfm_a,public,0.1,42,2,True
layer,blocks.8.attn.v_proj,attention_qkv,0.7201013864414573,0.006705334772741336,19221.296310424805,1.7724296116685259,0.012784320808067413,0.0001,0.0001,vit,dp_kfm_a,public,0.1,42,2,True
layer,blocks.8.attn.out_proj,attention_out,0.7202007680962476,0.006705334772741336,19221.296310424805,1.7582653442394633,0.012682155657117392,0.0001,0.0001,vit,dp_kfm_a,public,0.1,42,2,True
layer,blocks.8.mlp.fc1,mlp_fc1,0.7201769517406257,0.026821339090965342,76885.18524169922,2.0909115997809855,0.007540746469403018,0.0001,0.0001,vit,dp_kfm_a,public,0.1,42,2,True
layer,blocks.8.mlp.fc2,mlp_fc2,0.7202994015479709,0.026717111089316622,76586.4086151123,1.883485406407873,0.006805913220771556,0.0001,0.0001,vit,dp_kfm_a,public,0.1,42,2,True
layer,blocks.9.attn.q_proj,attention_qkv,0.7201953546368971,0.006705334772741336,19221.296310424805,0.39044428229533373,0.0028162274708558024,0.0001,0.0001,vit,dp_kfm_a,public,0.1,42,2,True
layer,blocks.9.attn.k_proj,attention_qkv,0.7204342661942046,0.006705334772741336,19221.296310424805,0.5963550557692096,0.004301437020841383,0.0001,0.0001,vit,dp_kfm_a,public,0.1,42,2,True
layer,blocks.9.attn.v_proj,attention_qkv,0.7202672996487218,0.006705334772741336,19221.296310424805,1.6008042656012407,0.011546407906773547,0.0001,0.0001,vit,dp_kfm_a,public,0.1,42,2,True
layer,blocks.9.attn.out_proj,attention_out,0.7204474575651805,0.006705334772741336,19221.296310424805,1.570928773408838,0.011330919588381578,0.0001,0.0001,vit,dp_kfm_a,public,0.1,42,2,True
layer,blocks.9.mlp.fc1,mlp_fc1,0.7202385855971652,0.026821339090965342,76885.18524169922,1.914741746501553,0.006905400527818849,0.0001,0.0001,vit,dp_kfm_a,public,0.1,42,2,True
layer,blocks.9.mlp.fc2,mlp_fc2,0.7202491295495534,0.026717111089316622,76586.4086151123,1.6039440173818422,0.005795799508792471,0.0001,0.0001,vit,dp_kfm_a,public,0.1,42,2,True
layer,blocks.10.attn.q_proj,attention_qkv,0.7202356620124358,0.006705334772741336,19221.296310424805,0.33704972108027415,0.002431098947000507,0.0001,0.0001,vit,dp_kfm_a,public,0.1,42,2,True
layer,blocks.10.attn.k_proj,attention_qkv,0.7201634712158534,0.006705334772741336,19221.296310424805,0.5453525807054345,0.0039335623256048545,0.0001,0.0001,vit,dp_kfm_a,public,0.1,42,2,True
layer,blocks.10.attn.v_proj,attention_qkv,0.720102770389861,0.006705334772741336,19221.296310424805,1.5055378536028579,0.010859262778299674,0.0001,0.0001,vit,dp_kfm_a,public,0.1,42,2,True
layer,blocks.10.attn.out_proj,attention_out,0.7200903335118268,0.006705334772741336,19221.296310424805,1.491499145489699,0.010758003271536833,0.0001,0.0001,vit,dp_kfm_a,public,0.1,42,2,True
layer,blocks.10.mlp.fc1,mlp_fc1,0.7200661633430684,0.026821339090965342,76885.18524169922,1.710413377251854,0.006168502598140734,0.0001,0.0001,vit,dp_kfm_a,public,0.1,42,2,True
layer,blocks.10.mlp.fc2,mlp_fc2,0.7201872966164966,0.026717111089316622,76586.4086151123,1.3611923927630936,0.0049186244132299085,0.0001,0.0001,vit,dp_kfm_a,public,0.1,42,2,True
layer,blocks.11.attn.q_proj,attention_qkv,0.7199951103695655,0.006705334772741336,19221.296310424805,0.490652644461367,0.0035390182892599165,0.0001,0.0001,vit,dp_kfm_a,public,0.1,42,2,True
layer,blocks.11.attn.k_proj,attention_qkv,0.719936902646349,0.006705334772741336,19221.296310424805,0.6504648738080641,0.004691724605815588,0.0001,0.0001,vit,dp_kfm_a,public,0.1,42,2,True
layer,blocks.11.attn.v_proj,attention_qkv,0.7201132639818265,0.006705334772741336,19221.296310424805,1.5016303190256282,0.010831078203140783,0.0001,0.0001,vit,dp_kfm_a,public,0.1,42,2,True
layer,blocks.11.attn.out_proj,attention_out,0.719871125335215,0.006705334772741336,19221.296310424805,1.3351643292930473,0.009630379116213223,0.0001,0.0001,vit,dp_kfm_a,public,0.1,42,2,True
layer,blocks.11.mlp.fc1,mlp_fc1,0.7201454922996142,0.026821339090965342,76885.18524169922,1.3834103475906254,0.004989185910787579,0.0001,0.0001,vit,dp_kfm_a,public,0.1,42,2,True
layer,blocks.11.mlp.fc2,mlp_fc2,0.720158158522332,0.026717111089316622,76586.4086151123,1.345691271481727,0.004862611615941052,0.0001,0.0001,vit,dp_kfm_a,public,0.1,42,2,True
layer,head,patch_head,0.7198682978245172,0.0003492361860802786,1001.1091828346252,5.2299366154656495,0.16529347229646735,0.0001,0.0001,vit,dp_kfm_a,public,0.1,42,2,True
layer,cls_token,identity,0.7152104047730433,3.474266721627629e-05,99.59220886230469,0.13262183113670373,0.01328930710253725,0.0001,0.0001,vit,dp_kfm_a,public,0.1,42,2,True
layer,pos_embed,identity,0.7199688138306861,0.006844305441606457,19619.665145874023,0.5339402179029739,0.0038119468702818874,0.0001,0.0001,vit,dp_kfm_a,public,0.1,42,2,True
layer,blocks.0.norm1.weight,identity,0.7169253236502254,3.474266721627629e-05,99.59220886230469,0.6438876602982481,0.06452045476899963,0.0001,0.0001,vit,dp_kfm_a,public,0.1,42,2,True
layer,blocks.0.norm1.bias,identity,0.7197689869258335,3.474266721627629e-05,99.59220886230469,0.40189810886492044,0.04027200760883432,0.0001,0.0001,vit,dp_kfm_a,public,0.1,42,2,True
layer,blocks.0.norm2.weight,identity,0.7266318369770224,3.474266721627629e-05,99.59220886230469,0.20954737645778124,0.020997594546918803,0.0001,0.0001,vit,dp_kfm_a,public,0.1,42,2,True
layer,blocks.0.norm2.bias,identity,0.7162264204315456,3.474266721627629e-05,99.59220886230469,0.17250166699623237,0.017285446964229893,0.0001,0.0001,vit,dp_kfm_a,public,0.1,42,2,True
layer,blocks.1.norm1.weight,identity,0.7157387600120085,3.474266721627629e-05,99.59220886230469,0.27668276689680826,0.027724864207924565,0.0001,0.0001,vit,dp_kfm_a,public,0.1,42,2,True
layer,blocks.1.norm1.bias,identity,0.7196196702061021,3.474266721627629e-05,99.59220886230469,0.32221224323069386,0.032287123588848235,0.0001,0.0001,vit,dp_kfm_a,public,0.1,42,2,True
layer,blocks.1.norm2.weight,identity,0.7213795952389972,3.474266721627629e-05,99.59220886230469,0.32187268021252985,0.03225309783916311,0.0001,0.0001,vit,dp_kfm_a,public,0.1,42,2,True
layer,blocks.1.norm2.bias,identity,0.715185956048747,3.474266721627629e-05,99.59220886230469,0.28244114474892934,0.028301879704041504,0.0001,0.0001,vit,dp_kfm_a,public,0.1,42,2,True
layer,blocks.2.norm1.weight,identity,0.7212839069188606,3.474266721627629e-05,99.59220886230469,0.2715555773869115,0.027211096637488223,0.0001,0.0001,vit,dp_kfm_a,public,0.1,42,2,True
layer,blocks.2.norm1.bias,identity,0.7232180945300334,3.474266721627629e-05,99.59220886230469,0.3459478075968148,0.03466553445386099,0.0001,0.0001,vit,dp_kfm_a,public,0.1,42,2,True
layer,blocks.2.norm2.weight,identity,0.7199446144968231,3.474266721627629e-05,99.59220886230469,0.2327185102549828,0.023319446916967756,0.0001,0.0001,vit,dp_kfm_a,public,0.1,42,2,True
layer,blocks.2.norm2.bias,identity,0.7188078892538922,3.474266721627629e-05,99.59220886230469,0.3119584977536466,0.03125965193182312,0.0001,0.0001,vit,dp_kfm_a,public,0.1,42,2,True
layer,blocks.3.norm1.weight,identity,0.717583679563228,3.474266721627629e-05,99.59220886230469,0.22471045667859413,0.0225170037418279,0.0001,0.0001,vit,dp_kfm_a,public,0.1,42,2,True
layer,blocks.3.norm1.bias,identity,0.7135626694587358,3.474266721627629e-05,99.59220886230469,0.31539498870011656,0.03160400386205441,0.0001,0.0001,vit,dp_kfm_a,public,0.1,42,2,True
layer,blocks.3.norm2.weight,identity,0.7170663444881128,3.474266721627629e-05,99.59220886230469,0.22357707675284025,0.022403433948920505,0.0001,0.0001,vit,dp_kfm_a,public,0.1,42,2,True
layer,blocks.3.norm2.bias,identity,0.7156169136988616,3.474266721627629e-05,99.59220886230469,0.2535931356814892,0.025411178765077543,0.0001,0.0001,vit,dp_kfm_a,public,0.1,42,2,True
layer,blocks.4.norm1.weight,identity,0.7199075476279626,3.474266721627629e-05,99.59220886230469,0.20739948528482527,0.020782366140135452,0.0001,0.0001,vit,dp_kfm_a,public,0.1,42,2,True
layer,blocks.4.norm1.bias,identity,0.7193581622105943,3.474266721627629e-05,99.59220886230469,0.31715631984015236,0.03178049720578655,0.0001,0.0001,vit,dp_kfm_a,public,0.1,42,2,True
layer,blocks.4.norm2.weight,identity,0.7192126097931189,3.474266721627629e-05,99.59220886230469,0.1825088102089282,0.018288207959405008,0.0001,0.0001,vit,dp_kfm_a,public,0.1,42,2,True
layer,blocks.4.norm2.bias,identity,0.7169164833604049,3.474266721627629e-05,99.59220886230469,0.2302527810756845,0.023072369704909057,0.0001,0.0001,vit,dp_kfm_a,public,0.1,42,2,True
layer,blocks.5.norm1.weight,identity,0.7191136536134366,3.474266721627629e-05,99.59220886230469,0.17634988890467193,0.017671056198408332,0.0001,0.0001,vit,dp_kfm_a,public,0.1,42,2,True
layer,blocks.5.norm1.bias,identity,0.7195532465872327,3.474266721627629e-05,99.59220886230469,0.24326091350352966,0.02437584338780458,0.0001,0.0001,vit,dp_kfm_a,public,0.1,42,2,True
layer,blocks.5.norm2.weight,identity,0.7195198695094748,3.474266721627629e-05,99.59220886230469,0.16139681399261907,0.016172690484933264,0.0001,0.0001,vit,dp_kfm_a,public,0.1,42,2,True
layer,blocks.5.norm2.bias,identity,0.720620680956005,3.474266721627629e-05,99.59220886230469,0.1965097242995752,0.019691162853573665,0.0001,0.0001,vit,dp_kfm_a,public,0.1,42,2,True
layer,blocks.6.norm1.weight,identity,0.7169758538019747,3.474266721627629e-05,99.59220886230469,0.16120769418720451,0.01615373982536399,0.0001,0.0001,vit,dp_kfm_a,public,0.1,42,2,True
layer,blocks.6.norm1.bias,identity,0.7141502684928493,3.474266721627629e-05,99.59220886230469,0.2502754306343507,0.02507872971902558,0.0001,0.0001,vit,dp_kfm_a,public,0.1,42,2,True
layer,blocks.6.norm2.weight,identity,0.721506524723181,3.474266721627629e-05,99.59220886230469,0.13706385427278936,0.013734417904477289,0.0001,0.0001,vit,dp_kfm_a,public,0.1,42,2,True
layer,blocks.6.norm2.bias,identity,0.7186826863680121,3.474266721627629e-05,99.59220886230469,0.16608179577682114,0.016642146841902707,0.0001,0.0001,vit,dp_kfm_a,public,0.1,42,2,True
layer,blocks.7.norm1.weight,identity,0.7210168400435194,3.474266721627629e-05,99.59220886230469,0.1422333083497684,0.014252420575625953,0.0001,0.0001,vit,dp_kfm_a,public,0.1,42,2,True
layer,blocks.7.norm1.bias,identity,0.7209307252678557,3.474266721627629e-05,99.59220886230469,0.2013989024169902,0.020181080606363245,0.0001,0.0001,vit,dp_kfm_a,public,0.1,42,2,True
layer,blocks.7.norm2.weight,identity,0.7240715920773113,3.474266721627629e-05,99.59220886230469,0.09785406639451945,0.009805419879992469,0.0001,0.0001,vit,dp_kfm_a,public,0.1,42,2,True
layer,blocks.7.norm2.bias,identity,0.7223389042964989,3.474266721627629e-05,99.59220886230469,0.13118911027371025,0.013145741994309266,0.0001,0.0001,vit,dp_kfm_a,public,0.1,42,2,True
layer,blocks.8.norm1.weight,identity,0.7159235814948345,3.474266721627629e-05,99.59220886230469,0.18456630496082646,0.018494378236089307,0.0001,0.0001,vit,dp_kfm_a,public,0.1,42,2,True
layer,blocks.8.norm1.bias,identity,0.7186624148092075,3.474266721627629e-05,99.59220886230469,0.195852987879594,0.01962535489499138,0.0001,0.0001,vit,dp_kfm_a,public,0.1,42,2,True
layer,blocks.8.norm2.weight,identity,0.7173235839005981,3.474266721627629e-05,99.59220886230469,0.0753105452225132,0.007546457132610901,0.0001,0.0001,vit,dp_kfm_a,public,0.1,42,2,True
layer,blocks.8.norm2.bias,identity,0.7205906442342012,3.474266721627629e-05,99.59220886230469,0.1143598810166412,0.011459377132813251,0.0001,0.0001,vit,dp_kfm_a,public,0.1,42,2,True
layer,blocks.9.norm1.weight,identity,0.7196421115932766,3.474266721627629e-05,99.59220886230469,0.17540955351903914,0.01757683034123271,0.0001,0.0001,vit,dp_kfm_a,public,0.1,42,2,True
layer,blocks.9.norm1.bias,identity,0.7178677275958909,3.474266721627629e-05,99.59220886230469,0.20253199576303313,0.020294621682687874,0.0001,0.0001,vit,dp_kfm_a,public,0.1,42,2,True
layer,blocks.9.norm2.weight,identity,0.7247642421242889,3.474266721627629e-05,99.59220886230469,0.29294005072306917,0.0293539175513186,0.0001,0.0001,vit,dp_kfm_a,public,0.1,42,2,True
layer,blocks.9.norm2.bias,identity,0.7188324011138731,3.474266721627629e-05,99.59220886230469,0.110822181699802,0.01110488366627793,0.0001,0.0001,vit,dp_kfm_a,public,0.1,42,2,True
layer,blocks.10.norm1.weight,identity,0.722374955377241,3.474266721627629e-05,99.59220886230469,0.12365764272445827,0.0123910548938753,0.0001,0.0001,vit,dp_kfm_a,public,0.1,42,2,True
layer,blocks.10.norm1.bias,identity,0.7211095277604967,3.474266721627629e-05,99.59220886230469,0.1836357367742741,0.01840113109642195,0.0001,0.0001,vit,dp_kfm_a,public,0.1,42,2,True
layer,blocks.10.norm2.weight,identity,0.7185766567413228,3.474266721627629e-05,99.59220886230469,0.1442594872590815,0.014455452863295023,0.0001,0.0001,vit,dp_kfm_a,public,0.1,42,2,True
layer,blocks.10.norm2.bias,identity,0.7237273146539503,3.474266721627629e-05,99.59220886230469,0.08829449462544807,0.008847507567071797,0.0001,0.0001,vit,dp_kfm_a,public,0.1,42,2,True
layer,blocks.11.norm1.weight,identity,0.7204283767559857,3.474266721627629e-05,99.59220886230469,0.13351562146961599,0.013378868934986288,0.0001,0.0001,vit,dp_kfm_a,public,0.1,42,2,True
layer,blocks.11.norm1.bias,identity,0.716302599278222,3.474266721627629e-05,99.59220886230469,0.16565617546042552,0.016599497761844172,0.0001,0.0001,vit,dp_kfm_a,public,0.1,42,2,True
layer,blocks.11.norm2.weight,identity,0.7197767103831738,3.474266721627629e-05,99.59220886230469,0.09582132014383916,0.009601729515025512,0.0001,0.0001,vit,dp_kfm_a,public,0.1,42,2,True
layer,blocks.11.norm2.bias,identity,0.7177793851107442,3.474266721627629e-05,99.59220886230469,0.07330139456669992,0.007345131152932306,0.0001,0.0001,vit,dp_kfm_a,public,0.1,42,2,True
layer,norm.weight,identity,0.7256929912148831,3.474266721627629e-05,99.59220886230469,0.06423784978411869,0.0064369229867430895,0.0001,0.0001,vit,dp_kfm_a,public,0.1,42,2,True
layer,norm.bias,identity,0.7215944608358688,3.474266721627629e-05,99.59220886230469,0.03297291366240956,0.0033040350292971947,0.0001,0.0001,vit,dp_kfm_a,public,0.1,42,2,True
group,attention_out,attention_out,0.7202234716937975,0.08046401727289565,230655.55572509766,6.423241331656574,0.01337433753711779,0.0001,0.0001,vit,dp_kfm_a,public,0.1,42,2,True
group,attention_qkv,attention_qkv,0.7202584315595736,0.2413920518186876,691966.667175293,6.585356998860284,0.00791656416657622,0.0001,0.0001,vit,dp_kfm_a,public,0.1,42,2,True
group,identity,identity,0.7200398570804417,0.008616181469636556,24698.867797851562,1.7581217107757239,0.011186916956926514,0.0001,0.0001,vit,dp_kfm_a,public,0.1,42,2,True
group,mlp_fc1,mlp_fc1,0.7201832468054221,0.3218560690915826,922622.2229003906,7.890129431423177,0.008214330489758,0.0001,0.0001,vit,dp_kfm_a,public,0.1,42,2,True
group,mlp_fc2,mlp_fc2,0.7202080429935351,0.3206053330717978,919036.9033813477,7.7882884185583725,0.008124105430106816,0.0001,0.0001,vit,dp_kfm_a,public,0.1,42,2,True
group,patch_head,patch_head,0.7200560024885813,0.027066347275396748,77587.51779794693,6.635785325324227,0.023822997144517053,0.0001,0.0001,vit,dp_kfm_a,public,0.1,42,2,True
layer,patch_embed,patch_head,0.7203079808798978,0.026717111089316622,76586.4086151123,3.6087238606676446,0.01304000622987203,0.0001,0.0001,vit,dp_kfm_a,public,0.1,42,3,True
layer,blocks.0.attn.q_proj,attention_qkv,0.7203529013779233,0.006705334772741336,19221.296310424805,0.39344099326772725,0.00283784238531442,0.0001,0.0001,vit,dp_kfm_a,public,0.1,42,3,True
layer,blocks.0.attn.k_proj,attention_qkv,0.7201077572148629,0.006705334772741336,19221.296310424805,0.5763892008364125,0.004157425719637763,0.0001,0.0001,vit,dp_kfm_a,public,0.1,42,3,True
layer,blocks.0.attn.v_proj,attention_qkv,0.7200039063029599,0.006705334772741336,19221.296310424805,1.3952578007642384,0.010063826071003689,0.0001,0.0001,vit,dp_kfm_a,public,0.1,42,3,True
layer,blocks.0.attn.out_proj,attention_out,0.7203704630598166,0.006705334772741336,19221.296310424805,1.60768109421283,0.011596009641326994,0.0001,0.0001,vit,dp_kfm_a,public,0.1,42,3,True
layer,blocks.0.mlp.fc1,mlp_fc1,0.7202436925243872,0.026821339090965342,76885.18524169922,1.857631115842294,0.00669943448575647,0.0001,0.0001,vit,dp_kfm_a,public,0.1,42,3,True
layer,blocks.0.mlp.fc2,mlp_fc2,0.7202766233330836,0.026717111089316622,76586.4086151123,3.002697307960584,0.010850149003914634,0.0001,0.0001,vit,dp_kfm_a,public,0.1,42,3,True
layer,blocks.1.attn.q_proj,attention_qkv,0.7197839430461717,0.006705334772741336,19221.296310424805,0.23754357588114958,0.0017133731348018487,0.0001,0.0001,vit,dp_kfm_a,public,0.1,42,3,True
layer,blocks.1.attn.k_proj,attention_qkv,0.7202049325930162,0.006705334772741336,19221.296310424805,0.3186155657027711,0.002298135609771049,0.0001,0.0001,vit,dp_kfm_a,public,0.1,42,3,True
layer,blocks.1.attn.v_proj,attention_qkv,0.7201878261083512,0.006705334772741336,19221.296310424805,1.3721915470164041,0.009897451967450423,0.0001,0.0001,vit,dp_kfm_a,public,0.1,42,3,True
layer,blocks.1.attn.out_proj,attention_out,0.7203363914866419,0.006705334772741336,19221.296310424805,1.7424969005045265,0.012568419776141227,0.0001,0.0001,vit,dp_kfm_a,public,0.1,42,3,True
layer,blocks.1.mlp.fc1,mlp_fc1,0.7202927626364622,0.026821339090965342,76885.18524169922,2.356469387983522,0.00849846460249889,0.0001,0.0001,vit,dp_kfm_a,public,0.1,42,3,True
layer,blocks.1.mlp.fc2,mlp_fc2,0.7201126477100501,0.026717111089316622,76586.4086151123,1.9271146697294506,0.0069635661439334,0.0001,0.0001,vit,dp_kfm_a,public,0.1,42,3,True
layer,blocks.2.attn.q_proj,attention_qkv,0.720231710152029,0.006705334772741336,19221.296310424805,0.37091612691048115,0.0026753732436491616,0.0001,0.0001,vit,dp_kfm_a,public,0.1,42,3,True
layer,blocks.2.attn.k_proj,attention_qkv,0.7201323321061847,0.006705334772741336,19221.296310424805,0.49221417604446493,0.0035502814280490794,0.0001,0.0001,vit,dp_kfm_a,public,0.1,42,3,True
layer,blocks.2.attn.v_proj,attention_qkv,0.7203414251899928,0.006705334772741336,19221.296310424805,1.8520685698187782,0.013358746998597293,0.0001,0.0001,vit,dp_kfm_a,public,0.1,42,3,True
layer,blocks.2.attn.out_proj,attention_out,0.720311086690089,0.006705334772741336,19221.296310424805,2.0353776554494853,0.014680933302814118,0.0001,0.0001,vit,dp_kfm_a,public,0.1,42,3,True
layer,blocks.2.mlp.fc1,mlp_fc1,0.7198988373884254,0.026821339090965342,76885.18524169922,2.4788781532788815,0.0089399244254879,0.0001,0.0001,vit,dp_kfm_a,public,0.1,42,3,True
layer,blocks.2.mlp.fc2,mlp_fc2,0.7201676157220095,0.026717111089316622,76586.4086151123,2.2894357938285963,0.008272801734653544,0.0001,0.0001,vit,dp_kfm_a,public,0.1,42,3,True
layer,blocks.3.attn.q_proj,attention_qkv,0.720114939419095,0.006705334772741336,19221.296310424805,0.388743219034944,0.002803957906923634,0.0001,0.0001,vit,dp_kfm_a,public,0.1,42,3,True
layer,blocks.3.attn.k_proj,attention_qkv,0.7202899430629182,0.006705334772741336,19221.296310424805,0.5471041966869654,0.00394619652021152,0.0001,0.0001,vit,dp_kfm_a,public,0.1,42,3,True
layer,blocks.3.attn.v_proj,attention_qkv,0.7201696542312884,0.006705334772741336,19221.296310424805,1.6664188847981998,0.012019678233555913,0.0001,0.0001,vit,dp_kfm_a,public,0.1,42,3,True
layer,blocks.3.attn.out_proj,attention_out,0.7199467456865377,0.006705334772741336,19221.296310424805,1.7874901148567939,0.012892950399348327,0.0001,0.0001,vit,dp_kfm_a,public,0.1,42,3,True
layer,blocks.3.mlp.fc1,mlp_fc1,0.7203229249387076,0.026821339090965342,76885.18524169922,2.2767652135028733,0.008211016308475084,0.0001,0.0001,vit,dp_kfm_a,public,0.1,42,3,True
layer,blocks.3.mlp.fc2,mlp_fc2,0.7201394768336022,0.026717111089316622,76586.4086151123,2.2321857034057655,0.008065930396031276,0.0001,0.0001,vit,dp_kfm_a,public,0.1,42,3,True
layer,blocks.4.attn.q_proj,attention_qkv,0.7204656832016472,0.006705334772741336,19221.296310424805,0.49966086525882436,0.003603993498332497,0.0001,0.0001,vit,dp_kfm_a,public,0.1,42,3,True
layer,blocks.4.attn.k_proj,attention_qkv,0.7201571006161497,0.006705334772741336,19221.296310424805,0.7191394598875471,0.005187066104299618,0.0001,0.0001,vit,dp_kfm_a,public,0.1,42,3,True
layer,blocks.4.attn.v_proj,attention_qkv,0.7199882320626209,0.006705334772741336,19221.296310424805,1.5729663884718752,0.011345616659835214,0.0001,0.0001,vit,dp_kfm_a,public,0.1,42,3,True
layer,blocks.4.attn.out_proj,attention_out,0.7201241622487928,0.006705334772741336,19221.296310424805,1.647479339629072,0.011883069580773876,0.0001,0.0001,vit,dp_kfm_a,public,0.1,42,3,True
layer,blocks.4.mlp.fc1,mlp_fc1,0.7201591471692268,0.026821339090965342,76885.18524169922,2.081684254115695,0.007507468604258084,0.0001,0.0001,vit,dp_kfm_a,public,0.1,42,3,True
layer,blocks.4.mlp.fc2,mlp_fc2,0.7201761742373545,0.026717111089316622,76586.4086151123,2.1016399793942036,0.007594207670735529,0.0001,0.0001,vit,dp_kfm_a,public,0.1,42,3,True
layer,blocks.5.attn.q_proj,attention_qkv,0.7204076376973204,0.006705334772741332,19221.2963104248,0.3666674735891918,0.0026447282201717544,0.0001,0.0001,vit,dp_kfm_a,public,0.1,42,3,True
layer,blocks.5.attn.k_proj,attention_qkv,0.7203024875099951,0.006705334772741332,19221.2963104248,0.5436009323541594,0.003920927897519137,0.0001,0.0001,vit,dp_kfm_a,public,0.1,42,3,True
layer,blocks.5.attn.v_proj,attention_qkv,0.7206675174139259,0.006705334772741332,19221.2963104248,1.4746410969198158,0.010636408202431388,0.0001,0.0001,vit,dp_kfm_a,public,0.1,42,3,True
layer,blocks.5.attn.out_proj,attention_out,0.720225606011951,0.006705334772741336,19221.296310424805,1.479206539988231,0.010669338192109586,0.0001,0.0001,vit,dp_kfm_a,public,0.1,42,3,True
layer,blocks.5.mlp.fc1,mlp_fc1,0.7202152161828136,0.026821339090965342,76885.18524169922,1.875339439536936,0.006763298486220868,0.0001,0.0001,vit,dp_kfm_a,public,0.1,42,3,True
layer,blocks.5.mlp.fc2,mlp_fc2,0.7200527126875998,0.026717111089316622,76586.4086151123,1.7021570203233798,0.006150688998722886,0.0001,0.0001,vit,dp_kfm_a,public,0.1,42,3,True
layer,blocks.6.attn.q_proj,attention_qkv,0.7199864367717616,0.006705334772741336,19221.296310424805,0.3321935183712604,0.002396071743137333,0.0001,0.0001,vit,dp_kfm_a,public,0.1,42,3,True
layer,blocks.6.attn.k_proj,attention_qkv,0.7205655320574464,0.006705334772741336,19221.296310424805,0.5063028087055264,0.003651901034548704,0.0001,0.0001,vit,dp_kfm_a,public,0.1,42,3,True
layer,blocks.6.attn.v_proj,attention_qkv,0.7201850813508678,0.006705334772741336,19221.296310424805,1.4436660771845429,0.01041298912461584,0.0001,0.0001,vit,dp_kfm_a,public,0.1,42,3,True
layer,blocks.6.attn.out_proj,attention_out,0.720376531169368,0.006705334772741336,19221.296310424805,1.6326988066182209,0.011776459380582596,0.0001,0.0001,vit,dp_kfm_a,public,0.1,42,3,True
layer,blocks.6.mlp.fc1,mlp_fc1,0.7203354964014858,0.02682133909096533,76885.1852416992,1.837946375081373,0.006628442656446432,0.0001,0.0001,vit,dp_kfm_a,public,0.1,42,3,True
layer,blocks.6.mlp.fc2,mlp_fc2,0.7201332523500219,0.026717111089316622,76586.4086151123,1.6504022531851865,0.00596367483195238,0.0001,0.0001,vit,dp_kfm_a,public,0.1,42,3,True
layer,blocks.7.attn.q_proj,attention_qkv,0.7201039543726516,0.006705334772741336,19221.296310424805,0.29184377644683973,0.0021050339259577194,0.0001,0.0001,vit,dp_kfm_a,public,0.1,42,3,True
layer,blocks.7.attn.k_proj,attention_qkv,0.7200538666812265,0.006705334772741336,19221.296310424805,0.41864354865948505,0.0030196253747150612,0.0001,0.0001,vit,dp_kfm_a,public,0.1,42,3,True
layer,blocks.7.attn.v_proj,attention_qkv,0.7203781768780436,0.006705334772741336,19221.296310424805,1.3918622096531597,0.01003933408226051,0.0001,0.0001,vit,dp_kfm_a,public,0.1,42,3,True
layer,blocks.7.attn.out_proj,attention_out,0.7204877619181279,0.006705334772741336,19221.296310424805,1.341258609988376,0.009674336427121696,0.0001,0.0001,vit,dp_kfm_a,public,0.1,42,3,True
layer,blocks.7.mlp.fc1,mlp_fc1,0.7202677882525003,0.026821339090965342,76885.18524169922,1.6379372051846266,0.005907121658511805,0.0001,0.0001,vit,dp_kfm_a,public,0.1,42,3,True
layer,blocks.7.mlp.fc2,mlp_fc2,0.7202172026353603,0.026717111089316622,76586.4086151123,1.530018180440997,0.005528670902815181,0.0001,0.0001,vit,dp_kfm_a,public,0.1,42,3,True
layer,blocks.8.attn.q_proj,attention_qkv,0.7200706722311819,0.006705334772741336,19221.296310424805,0.28589058355816604,0.0020620942643654787,0.0001,0.0001,vit,dp_kfm_a,public,0.1,42,3,True
layer,blocks.8.attn.k_proj,attention_qkv,0.7200815071056399,0.006705334772741336,19221.296310424805,0.4120950965836113,0.002972392180469671,0.0001,0.0001,vit,dp_kfm_a,public,0.1,42,3,True
layer,blocks.8.attn.v_proj,attention_qkv,0.7204374024200859,0.006705334772741336,19221.296310424805,1.2581479535542786,0.009074869295999717,0.0001,0.0001,vit,dp_kfm_a,public,0.1,42,3,True
layer,blocks.8.attn.out_proj,attention_out,0.7201822129427871,0.006705334772741336,19221.296310424805,1.236520926164606,0.008918876158413764,0.0001,0.0001,vit,dp_kfm_a,public,0.1,42,3,True
layer,blocks.8.mlp.fc1,mlp_fc1,0.7202518179068635,0.026821339090965342,76885.18524169922,1.4988792086478462,0.005405617388060187,0.0001,0.0001,vit,dp_kfm_a,public,0.1,42,3,True
layer,blocks.8.mlp.fc2,mlp_fc2,0.7202055579666139,0.026717111089316622,76586.4086151123,1.30624100991631,0.0047200593796256,0.0001,0.0001,vit,dp_kfm_a,public,0.1,42,3,True
layer,blocks.9.attn.q_proj,attention_qkv,0.7203737112664219,0.006705334772741336,19221.296310424805,0.29205525172183394,0.002106559271585382,0.0001,0.0001,vit,dp_kfm_a,public,0.1,42,3,True
layer,blocks.9.attn.k_proj,attention_qkv,0.7202335871012171,0.006705334772741336,19221.296310424805,0.446618039879731,0.0032214020025978576,0.0001,0.0001,vit,dp_kfm_a,public,0.1,42,3,True
layer,blocks.9.attn.v_proj,attention_qkv,0.7199492871794232,0.006705334772741336,19221.296310424805,1.1114321023593454,0.008016625573960457,0.0001,0.0001,vit,dp_kfm_a,public,0.1,42,3,True
layer,blocks.9.attn.out_proj,attention_out,0.7202912945187839,0.006705334772741336,19221.296310424805,1.0538977037323212,0.007601636902644655,0.0001,0.0001,vit,dp_kfm_a,public,0.1,42,3,True
layer,blocks.9.mlp.fc1,mlp_fc1,0.7202042550638785,0.026821339090965342,76885.18524169922,1.2947215965930747,0.00466933528389805,0.0001,0.0001,vit,dp_kfm_a,public,0.1,42,3,True
layer,blocks.9.mlp.fc2,mlp_fc2,0.720254065447207,0.026717111089316622,76586.4086151123,1.0474954860873635,0.0037850908497650947,0.0001,0.0001,vit,dp_kfm_a,public,0.1,42,3,True
layer,blocks.10.attn.q_proj,attention_qkv,0.7201493023344194,0.006705334772741336,19221.296310424805,0.24487914987759124,0.0017662837444330805,0.0001,0.0001,vit,dp_kfm_a,public,0.1,42,3,True
layer,blocks.10.attn.k_proj,attention_qkv,0.7199920203275699,0.006705334772741336,19221.296310424805,0.39680288376426004,0.002862091295593466,0.0001,0.0001,vit,dp_kfm_a,public,0.1,42,3,True
layer,blocks.10.attn.v_proj,attention_qkv,0.7199773653040161,0.006705334772741336,19221.296310424805,0.9831408942364279,0.007091276578039569,0.0001,0.0001,vit,dp_kfm_a,public,0.1,42,3,True
layer,blocks.10.attn.out_proj,attention_out,0.720106423914292,0.006705334772741336,19221.296310424805,0.9395091659823109,0.006776566189689683,0.0001,0.0001,vit,dp_kfm_a,public,0.1,42,3,True
layer,blocks.10.mlp.fc1,mlp_fc1,0.7200361813319633,0.026821339090965342,76885.18524169922,1.0939009438860123,0.003945087722192139,0.0001,0.0001,vit,dp_kfm_a,public,0.1,42,3,True
layer,blocks.10.mlp.fc2,mlp_fc2,0.7203274335692904,0.026717111089316622,76586.4086151123,0.8601447060728311,0.003108104903240245,0.0001,0.0001,vit,dp_kfm_a,public,0.1,42,3,True
layer,blocks.11.attn.q_proj,attention_qkv,0.7200966235249708,0.006705334772741336,19221.296310424805,0.33454350534933175,0.0024130219155022404,0.0001,0.0001,vit,dp_kfm_a,public,0.1,42,3,True
layer,blocks.11.attn.k_proj,attention_qkv,0.7200587750489663,0.006705334772741336,19221.296310424805,0.45145680473911587,0.003256303429356881,0.0001,0.0001,vit,dp_kfm_a,public,0.1,42,3,True
layer,blocks.11.attn.v_proj,attention_qkv,0.7202450940628313,0.006705334772741336,19221.296310424805,0.9643272372144346,0.006955575941264664,0.0001,0.0001,vit,dp_kfm_a,public,0.1,42,3,True
layer,blocks.11.attn.out_proj,attention_out,0.7201901751648866,0.006705334772741336,19221.296310424805,0.8619262190794341,0.006216969760070145,0.0001,0.0001,vit,dp_kfm_a,public,0.1,42,3,True
layer,blocks.11.mlp.fc1,mlp_fc1,0.720186416785521,0.026821339090965342,76885.18524169922,0.8523631597626983,0.0030739962838711218,0.0001,0.0001,vit,dp_kfm_a,public,0.1,42,3,True
layer,blocks.11.mlp.fc2,mlp_fc2,0.7202839177146465,0.026717111089316622,76586.4086151123,0.8506992867709677,0.003073974187980344,0.0001,0.0001,vit,dp_kfm_a,public,0.1,42,3,True
layer,head,patch_head,0.7201643951778857,0.0003492361860802786,1001.1091828346252,3.120564676584316,0.09862623753278493,0.0001,0.0001,vit,dp_kfm_a,public,0.1,42,3,True
layer,cls_token,identity,0.7170487583105086,3.474266721627629e-05,99.59220886230469,0.11009679525889078,0.011032196665211344,0.0001,0.0001,vit,dp_kfm_a,public,0.1,42,3,True
layer,pos_embed,identity,0.7202348663195954,0.006844305441606457,19619.665145874023,0.46794290869377914,0.0033407738290843576,0.0001,0.0001,vit,dp_kfm_a,public,0.1,42,3,True
layer,blocks.0.norm1.weight,identity,0.7188956605967206,3.474266721627629e-05,99.59220886230469,0.5148116477956849,0.05158645472530106,0.0001,0.0001,vit,dp_kfm_a,public,0.1,42,3,True
layer,blocks.0.norm1.bias,identity,0.7204967458064494,3.474266721627629e-05,99.59220886230469,0.3462182513260674,0.0346926341382884,0.0001,0.0001,vit,dp_kfm_a,public,0.1,42,3,True
layer,blocks.0.norm2.weight,identity,0.7176196475046446,3.474266721627629e-05,99.59220886230469,0.17684605405099862,0.01772077418938007,0.0001,0.0001,vit,dp_kfm_a,public,0.1,42,3,True
layer,blocks.0.norm2.bias,identity,0.7205544499361359,3.474266721627629e-05,99.59220886230469,0.14609380129516666,0.014639259423188637,0.0001,0.0001,vit,dp_kfm_a,public,0.1,42,3,True
layer,blocks.1.norm1.weight,identity,0.7193914572754311,3.474266721627629e-05,99.59220886230469,0.21623085202331885,0.021667309016561276,0.0001,0.0001,vit,dp_kfm_a,public,0.1,42,3,True
layer,blocks.1.norm1.bias,identity,0.7189759074838535,3.474266721627629e-05,99.59220886230469,0.26530234053002716,0.02658449403168959,0.0001,0.0001,vit,dp_kfm_a,public,0.1,42,3,True
layer,blocks.1.norm2.weight,identity,0.7224622605439603,3.474266721627629e-05,99.59220886230469,0.27530976875256624,0.02758728358613957,0.0001,0.0001,vit,dp_kfm_a,public,0.1,42,3,True
layer,blocks.1.norm2.bias,identity,0.7141215683943706,3.474266721627629e-05,99.59220886230469,0.23781734484807485,0.02383037319653935,0.0001,0.0001,vit,dp_kfm_a,public,0.1,42,3,True
layer,blocks.2.norm1.weight,identity,0.7185305291031603,3.474266721627629e-05,99.59220886230469,0.22468636916581494,0.02251459006414067,0.0001,0.0001,vit,dp_kfm_a,public,0.1,42,3,True
layer,blocks.2.norm1.bias,identity,0.7203444953986233,3.474266721627629e-05,99.59220886230469,0.2920040499235189,0.029260126039266417,0.0001,0.0001,vit,dp_kfm_a,public,0.1,42,3,True
layer,blocks.2.norm2.weight,identity,0.7226812528621283,3.474266721627629e-05,99.59220886230469,0.20547209205986794,0.020589232624678253,0.0001,0.0001,vit,dp_kfm_a,public,0.1,42,3,True
layer,blocks.2.norm2.bias,identity,0.7182613102007984,3.474266721627629e-05,99.59220886230469,0.271666600910343,0.027222221696506278,0.0001,0.0001,vit,dp_kfm_a,public,0.1,42,3,True
layer,blocks.3.norm1.weight,identity,0.7188469885769783,3.474266721627629e-05,99.59220886230469,0.1836502004255176,0.018402580419671,0.0001,0.0001,vit,dp_kfm_a,public,0.1,42,3,True
layer,blocks.3.norm1.bias,identity,0.7147986804414109,3.474266721627629e-05,99.59220886230469,0.2641054934000572,0.026464564537965665,0.0001,0.0001,vit,dp_kfm_a,public,0.1,42,3,True
layer,blocks.3.norm2.weight,identity,0.7192107265710592,3.474266721627629e-05,99.59220886230469,0.19337207800902037,0.01937675650903043,0.0001,0.0001,vit,dp_kfm_a,public,0.1,42,3,True
layer,blocks.3.norm2.bias,identity,0.7243844031311027,3.474266721627629e-05,99.59220886230469,0.20994196486922284,0.02103713408979653,0.0001,0.0001,vit,dp_kfm_a,public,0.1,42,3,True
layer,blocks.4.norm1.weight,identity,0.7125426018991577,3.474266721627629e-05,99.59220886230469,0.16958227152526295,0.016992910338585826,0.0001,0.0001,vit,dp_kfm_a,public,0.1,42,3,True
layer,blocks.4.norm1.bias,identity,0.7208822967393165,3.474266721627629e-05,99.59220886230469,0.2647923767845963,0.026533393358700016,0.0001,0.0001,vit,dp_kfm_a,public,0.1,42,3,True
layer,blocks.4.norm2.weight,identity,0.7131738286075306,3.474266721627629e-05,99.59220886230469,0.15068425144908199,0.015099243283397814,0.0001,0.0001,vit,dp_kfm_a,public,0.1,42,3,True
layer,blocks.4.norm2.bias,identity,0.7170029075858136,3.474266721627629e-05,99.59220886230469,0.19081144935277577,0.019120169940313004,0.0001,0.0001,vit,dp_kfm_a,public,0.1,42,3,True
layer,blocks.5.norm1.weight,identity,0.7218551736756922,3.474266721627629e-05,99.59220886230469,0.1380681388087861,0.013835051755652474,0.0001,0.0001,vit,dp_kfm_a,public,0.1,42,3,True
layer,blocks.5.norm1.bias,identity,0.7208390151719061,3.474266721627629e-05,99.59220886230469,0.19929389264135464,0.019970149109470942,0.0001,0.0001,vit,dp_kfm_a,public,0.1,42,3,True
layer,blocks.5.norm2.weight,identity,0.7171832963174583,3.474266721627629e-05,99.59220886230469,0.13604498554859235,0.013632322651705015,0.0001,0.0001,vit,dp_kfm_a,public,0.1,42,3,True
layer,blocks.5.norm2.bias,identity,0.7180369801658056,3.474266721627629e-05,99.59220886230469,0.15864892136127598,0.015897339219234974,0.0001,0.0001,vit,dp_kfm_a,public,0.1,42,3,True
layer,blocks.6.norm1.weight,identity,0.7147536759819375,3.474266721627629e-05,99.59220886230469,0.13738477036486887,0.013766575147860522,0.0001,0.0001,vit,dp_kfm_a,public,0.1,42,3,True
layer,blocks.6.norm1.bias,identity,0.719019824748425,3.474266721627629e-05,99.59220886230469,0.2005552760004838,0.020096545425144004,0.0001,0.0001,vit,dp_kfm_a,public,0.1,42,3,True
layer,blocks.6.norm2.weight,identity,0.7171472179685923,3.474266721627629e-05,99.59220886230469,0.11359123005038178,0.011382354830695024,0.0001,0.0001,vit,dp_kfm_a,public,0.1,42,3,True
layer,blocks.6.norm2.bias,identity,0.7180579141275972,3.474266721627629e-05,99.59220886230469,0.13239974772436242,0.013267053340515648,0.0001,0.0001,vit,dp_kfm_a,public,0.1,42,3,True
layer,blocks.7.norm1.weight,identity,0.7175317884381802,3.474266721627629e-05,99.59220886230469,0.11241645870653591,0.011264637430551935,0.0001,0.0001,vit,dp_kfm_a,public,0.1,42,3,True
layer,blocks.7.norm1.bias,identity,0.7160031215107986,3.474266721627629e-05,99.59220886230469,0.1586519361453,0.015897641314224897,0.0001,0.0001,vit,dp_kfm_a,public,0.1,42,3,True
layer,blocks.7.norm2.weight,identity,0.7184665881340571,3.474266721627629e-05,99.59220886230469,0.07260084558963921,0.007274932978041085,0.0001,0.0001,vit,dp_kfm_a,public,0.1,42,3,True
layer,blocks.7.norm2.bias,identity,0.7187222937380855,3.474266721627629e-05,99.59220886230469,0.09736616063097596,0.00975652951651871,0.0001,0.0001,vit,dp_kfm_a,public,0.1,42,3,True
layer,blocks.8.norm1.weight,identity,0.711912583429075,3.474266721627629e-05,99.59220886230469,0.13093965659927043,0.013120745608276354,0.0001,0.0001,vit,dp_kfm_a,public,0.1,42,3,True
layer,blocks.8.norm1.bias,identity,0.7201644329306602,3.474266721627629e-05,99.59220886230469,0.14647394869250044,0.014677351911160652,0.0001,0.0001,vit,dp_kfm_a,public,0.1,42,3,True
layer,blocks.8.norm2.weight,identity,0.7256273316981081,3.474266721627629e-05,99.59220886230469,0.0534900639376799,0.005359946251001888,0.0001,0.0001,vit,dp_kfm_a,public,0.1,42,3,True
layer,blocks.8.norm2.bias,identity,0.7215629775107629,3.474266721627629e-05,99.59220886230469,0.08044953916458984,0.00806140756052302,0.0001,0.0001,vit,dp_kfm_a,public,0.1,42,3,True
layer,blocks.9.norm1.weight,identity,0.7179730969686418,3.474266721627629e-05,99.59220886230469,0.11764833282724291,0.011788894872301682,0.0001,0.0001,vit,dp_kfm_a,public,0.1,42,3,True
layer,blocks.9.norm1.bias,identity,0.7209356227659446,3.474266721627629e-05,99.59220886230469,0.15017739064190783,0.015048453538850905,0.0001,0.0001,vit,dp_kfm_a,public,0.1,42,3,True
layer,blocks.9.norm2.weight,identity,0.7217737562666496,3.474266721627629e-05,99.59220886230469,0.15186919452320585,0.015217979936904151,0.0001,0.0001,vit,dp_kfm_a,public,0.1,42,3,True
layer,blocks.9.norm2.bias,identity,0.7151028477383192,3.474266721627629e-05,99.59220886230469,0.07238239565635704,0.0072530433070492634,0.0001,0.0001,vit,dp_kfm_a,public,0.1,42,3,True
layer,blocks.10.norm1.weight,identity,0.7122572511784651,3.474266721627629e-05,99.59220886230469,0.09605107545979817,0.009624752036476532,0.0001,0.0001,vit,dp_kfm_a,public,0.1,42,3,True
layer,blocks.10.norm1.bias,identity,0.7193202360401401,3.474266721627629e-05,99.59220886230469,0.13264698671777583,0.01329182780549651,0.0001,0.0001,vit,dp_kfm_a,public,0.1,42,3,True
layer,blocks.10.norm2.weight,identity,0.7215850753882994,3.474266721627629e-05,99.59220886230469,0.12443998939453552,0.012469449567438404,0.0001,0.0001,vit,dp_kfm_a,public,0.1,42,3,True
layer,blocks.10.norm2.bias,identity,0.7204858128638836,3.474266721627629e-05,99.59220886230469,0.061210610030660646,0.006133579876397666,0.0001,0.0001,vit,dp_kfm_a,public,0.1,42,3,True
layer,blocks.11.norm1.weight,identity,0.7220381026502785,3.474266721627629e-05,99.59220886230469,0.09248227689017695,0.009267142284203516,0.0001,0.0001,vit,dp_kfm_a,public,0.1,42,3,True
layer,blocks.11.norm1.bias,identity,0.7188285487712726,3.474266721627629e-05,99.59220886230469,0.1153509754716476,0.011558689278236929,0.0001,0.0001,vit,dp_kfm_a,public,0.1,42,3,True
layer,blocks.11.norm2.weight,identity,0.7208963646960967,3.474266721627629e-05,99.59220886230469,0.04898443117539577,0.0049084614769187435,0.0001,0.0001,vit,dp_kfm_a,public,0.1,42,3,True
layer,blocks.11.norm2.bias,identity,0.7210786989000476,3.474266721627629e-05,99.59220886230469,0.04164312520941086,0.004172829426905064,0.0001,0.0001,vit,dp_kfm_a,public,0.1,42,3,True
layer,norm.weight,identity,0.72103111439115,3.474266721627629e-05,99.59220886230469,0.039076608977230726,0.0039156528964593915,0.0001,0.0001,vit,dp_kfm_a,public,0.1,42,3,True
layer,norm.bias,identity,0.7169129941168543,3.474266721627629e-05,99.59220886230469,0.022762404806750874,0.0022808958772208114,0.0001,0.0001,vit,dp_kfm_a,public,0.1,42,3,True
group,attention_out,attention_out,0.7202503371072885,0.08046401727289565,230655.55572509766,5.162653835969999,0.01074956885852383,0.0001,0.0001,vit,dp_kfm_a,public,0.1,42,3,True
group,attention_qkv,attention_qkv,0.7201951332823957,0.2413920518186876,691966.667175293,5.2804626177802945,0.006347889894215232,0.0001,0.0001,vit,dp_kfm_a,public,0.1,42,3,True
group,identity,identity,0.7201250387717587,0.008616181469636556,24698.867797851562,1.4219054200864272,0.009047574896331921,0.0001,0.0001,vit,dp_kfm_a,public,0.1,42,3,True
group,mlp_fc1,mlp_fc1,0.7202023164714884,0.3218560690915826,922622.2229003906,6.337357769382531,0.006597756298169353,0.0001,0.0001,vit,dp_kfm_a,public,0.1,42,3,True
group,mlp_fc2,mlp_fc2,0.72019673576133,0.3206053330717978,919036.9033813477,6.300646219888889,0.006572318771119181,0.0001,0.0001,vit,dp_kfm_a,public,0.1,42,3,True
group,patch_head,patch_head,0.7203072326173015,0.027066347275396748,77587.51779794693,4.780957633281937,0.017164018192551683,0.0001,0.0001,vit,dp_kfm_a,public,0.1,42,3,True
layer,patch_embed,patch_head,0.7202236688413276,0.026717111089316622,76586.4086151123,3.351379498878088,0.012110100753442073,0.0001,0.0001,vit,dp_kfm_a,public,0.1,42,4,True
layer,blocks.0.attn.q_proj,attention_qkv,0.7200788447522977,0.006705334772741336,19221.296310424805,0.3680627737514536,0.002654792351791128,0.0001,0.0001,vit,dp_kfm_a,public,0.1,42,4,True
layer,blocks.0.attn.k_proj,attention_qkv,0.7206671004814967,0.006705334772741336,19221.296310424805,0.5552637785625054,0.004005050599194318,0.0001,0.0001,vit,dp_kfm_a,public,0.1,42,4,True
layer,blocks.0.attn.v_proj,attention_qkv,0.720062361047307,0.006705334772741336,19221.296310424805,1.295532782087901,0.00934452155083792,0.0001,0.0001,vit,dp_kfm_a,public,0.1,42,4,True
layer,blocks.0.attn.out_proj,attention_out,0.7203502084476233,0.006705334772741336,19221.296310424805,1.4850135956974144,0.010711223783868922,0.0001,0.0001,vit,dp_kfm_a,public,0.1,42,4,True
layer,blocks.0.mlp.fc1,mlp_fc1,0.7202827952763485,0.026821339090965342,76885.18524169922,1.706910235415806,0.0061558687285717135,0.0001,0.0001,vit,dp_kfm_a,public,0.1,42,4,True
layer,blocks.0.mlp.fc2,mlp_fc2,0.7201405001401174,0.026717111089316622,76586.4086151123,2.765462196261652,0.009992907648260968,0.0001,0.0001,vit,dp_kfm_a,public,0.1,42,4,True
layer,blocks.1.attn.q_proj,attention_qkv,0.720095954180683,0.006705334772741336,19221.296310424805,0.21515229327163235,0.00155186751658173,0.0001,0.0001,vit,dp_kfm_a,public,0.1,42,4,True
layer,blocks.1.attn.k_proj,attention_qkv,0.7201413522205489,0.006705334772741336,19221.296310424805,0.28940832901910485,0.0020874673376868103,0.0001,0.0001,vit,dp_kfm_a,public,0.1,42,4,True
layer,blocks.1.attn.v_proj,attention_qkv,0.7204053855583475,0.006705334772741336,19221.296310424805,1.2664828007289062,0.009134987542425504,0.0001,0.0001,vit,dp_kfm_a,public,0.1,42,4,True
layer,blocks.1.attn.out_proj,attention_out,0.7201245454367831,0.006705334772741336,19221.296310424805,1.61562024358403,0.011653273767268246,0.0001,0.0001,vit,dp_kfm_a,public,0.1,42,4,True
layer,blocks.1.mlp.fc1,mlp_fc1,0.7201361918146569,0.026821339090965342,76885.18524169922,2.1563954232188824,0.007776909925784457,0.0001,0.0001,vit,dp_kfm_a,public,0.1,42,4,True
layer,blocks.1.mlp.fc2,mlp_fc2,0.7200930215251536,0.026717111089316622,76586.4086151123,1.758228227909207,0.006353300482578678,0.0001,0.0001,vit,dp_kfm_a,public,0.1,42,4,True
layer,blocks.2.attn.q_proj,attention_qkv,0.7202601298877328,0.006705334772741336,19221.296310424805,0.33744191951440783,0.002433927826956798,0.0001,0.0001,vit,dp_kfm_a,public,0.1,42,4,True
layer,blocks.2.attn.k_proj,attention_qkv,0.7203605293186593,0.006705334772741336,19221.296310424805,0.45019366238233915,0.0032471925360334024,0.0001,0.0001,vit,dp_kfm_a,public,0.1,42,4,True
layer,blocks.2.attn.v_proj,attention_qkv,0.7198451912782589,0.006705334772741336,19221.296310424805,1.6878672370737668,0.01217438260911482,0.0001,0.0001,vit,dp_kfm_a,public,0.1,42,4,True
layer,blocks.2.attn.out_proj,attention_out,0.7204207724694486,0.006705334772741336,19221.296310424805,1.8479231740249058,0.013328846759199136,0.0001,0.0001,vit,dp_kfm_a,public,0.1,42,4,True
layer,blocks.2.mlp.fc1,mlp_fc1,0.7202572382459779,0.026821339090965342,76885.18524169922,2.258448012658661,0.008144956429324867,0.0001,0.0001,vit,dp_kfm_a,public,0.1,42,4,True
layer,blocks.2.mlp.fc2,mlp_fc2,0.7202186623408986,0.026717111089316622,76586.4086151123,2.0956848778012387,0.007572689104929432,0.0001,0.0001,vit,dp_kfm_a,public,0.1,42,4,True
layer,blocks.3.attn.q_proj,attention_qkv,0.720360255002206,0.006705334772741336,19221.296310424805,0.3535560958598345,0.002550157435513029,0.0001,0.0001,vit,dp_kfm_a,public,0.1,42,4,True
layer,blocks.3.attn.k_proj,attention_qkv,0.7203043019348907,0.006705334772741336,19221.296310424805,0.499341584505728,0.003601690564806367,0.0001,0.0001,vit,dp_kfm_a,public,0.1,42,4,True
layer,blocks.3.attn.v_proj,attention_qkv,0.7199974724623143,0.006705334772741336,19221.296310424805,1.5041188560549714,0.010849027720298728,0.0001,0.0001,vit,dp_kfm_a,public,0.1,42,4,True
layer,blocks.3.attn.out_proj,attention_out,0.7202750671041465,0.006705334772741336,19221.296310424805,1.6245939227604551,0.011717999831798453,0.0001,0.0001,vit,dp_kfm_a,public,0.1,42,4,True
layer,blocks.3.mlp.fc1,mlp_fc1,0.7201175140057097,0.026821339090965342,76885.18524169922,2.0588894781687146,0.007425260620782821,0.0001,0.0001,vit,dp_kfm_a,public,0.1,42,4,True
layer,blocks.3.mlp.fc2,mlp_fc2,0.7202261734797197,0.026717111089316622,76586.4086151123,2.026547176591345,0.007322862271593045,0.0001,0.0001,vit,dp_kfm_a,public,0.1,42,4,True
layer,blocks.4.attn.q_proj,attention_qkv,0.7203079601023301,0.006705334772741336,19221.296310424805,0.44768758325225266,0.0032291164898206157,0.0001,0.0001,vit,dp_kfm_a,public,0.1,42,4,True
layer,blocks.4.attn.k_proj,attention_qkv,0.7202836817502852,0.006705334772741336,19221.296310424805,0.656595944019331,0.004735947275061018,0.0001,0.0001,vit,dp_kfm_a,public,0.1,42,4,True
layer,blocks.4.attn.v_proj,attention_qkv,0.7201780194889436,0.006705334772741336,19221.296310424805,1.4489988192477328,0.010451453549309294,0.0001,0.0001,vit,dp_kfm_a,public,0.1,42,4,True
layer,blocks.4.attn.out_proj,attention_out,0.7203252087377052,0.006705334772741336,19221.296310424805,1.5215363166399065,0.01097465776073236,0.0001,0.0001,vit,dp_kfm_a,public,0.1,42,4,True
layer,blocks.4.mlp.fc1,mlp_fc1,0.720300311440837,0.026821339090965342,76885.18524169922,1.889599748492007,0.006814727429662003,0.0001,0.0001,vit,dp_kfm_a,public,0.1,42,4,True
layer,blocks.4.mlp.fc2,mlp_fc2,0.7202387391224488,0.026717111089316622,76586.4086151123,1.921876931672269,0.006944639747918305,0.0001,0.0001,vit,dp_kfm_a,public,0.1,42,4,True
layer,blocks.5.attn.q_proj,attention_qkv,0.7202243128789592,0.006705334772741332,19221.2963104248,0.33275273346167356,0.002400105294071875,0.0001,0.0001,vit,dp_kfm_a,public,0.1,42,4,True
layer,blocks.5.attn.k_proj,attention_qkv,0.7202324857981184,0.006705334772741332,19221.2963104248,0.49617271221336146,0.0035788338715313814,0.0001,0.0001,vit,dp_kfm_a,public,0.1,42,4,True
layer,blocks.5.attn.v_proj,attention_qkv,0.720335140648057,0.006705334772741332,19221.2963104248,1.361907075486984,0.00982327131592669,0.0001,0.0001,vit,dp_kfm_a,public,0.1,42,4,True
layer,blocks.5.attn.out_proj,attention_out,0.7200932428196039,0.006705334772741336,19221.296310424805,1.359838570408361,0.009808351438519918,0.0001,0.0001,vit,dp_kfm_a,public,0.1,42,4,True
layer,blocks.5.mlp.fc1,mlp_fc1,0.7203186249180017,0.026821339090965342,76885.18524169922,1.6987562031591912,0.006126461703445971,0.0001,0.0001,vit,dp_kfm_a,public,0.1,42,4,True
layer,blocks.5.mlp.fc2,mlp_fc2,0.7203145729494645,0.026717111089316622,76586.4086151123,1.5469918358844015,0.00559000465437708,0.0001,0.0001,vit,dp_kfm_a,public,0.1,42,4,True
layer,blocks.6.attn.q_proj,attention_qkv,0.7201904123841854,0.006705334772741336,19221.296310424805,0.30007214530849363,0.0021643841571668838,0.0001,0.0001,vit,dp_kfm_a,public,0.1,42,4,True
layer,blocks.6.attn.k_proj,attention_qkv,0.7202735176844108,0.006705334772741336,19221.296310424805,0.45762580546123316,0.003300799686797825,0.0001,0.0001,vit,dp_kfm_a,public,0.1,42,4,True
layer,blocks.6.attn.v_proj,attention_qkv,0.7203575189702458,0.006705334772741336,19221.296310424805,1.315960653542195,0.009491865321433032,0.0001,0.0001,vit,dp_kfm_a,public,0.1,42,4,True
layer,blocks.6.attn.out_proj,attention_out,0.7202373156047522,0.006705334772741336,19221.296310424805,1.5009759614069784,0.010826358400636388,0.0001,0.0001,vit,dp_kfm_a,public,0.1,42,4,True
layer,blocks.6.mlp.fc1,mlp_fc1,0.7201855319857067,0.02682133909096533,76885.1852416992,1.6607178639184987,0.0059892787291101635,0.0001,0.0001,vit,dp_kfm_a,public,0.1,42,4,True
layer,blocks.6.mlp.fc2,mlp_fc2,0.7202438147949384,0.026717111089316622,76586.4086151123,1.4936912593858784,0.005397404755789128,0.0001,0.0001,vit,dp_kfm_a,public,0.1,42,4,True
layer,blocks.7.attn.q_proj,attention_qkv,0.7203754194884844,0.006705334772741336,19221.296310424805,0.26206059643307644,0.0018902114441656584,0.0001,0.0001,vit,dp_kfm_a,public,0.1,42,4,True
layer,blocks.7.attn.k_proj,attention_qkv,0.7206320543666253,0.006705334772741336,19221.296310424805,0.3790074344423512,0.002733734868033656,0.0001,0.0001,vit,dp_kfm_a,public,0.1,42,4,True
layer,blocks.7.attn.v_proj,attention_qkv,0.7201929241977404,0.006705334772741336,19221.296310424805,1.2662545612369858,0.009133341278525059,0.0001,0.0001,vit,dp_kfm_a,public,0.1,42,4,True
layer,blocks.7.attn.out_proj,attention_out,0.7201666490862856,0.006705334772741336,19221.296310424805,1.196735091443251,0.008631905735810791,0.0001,0.0001,vit,dp_kfm_a,public,0.1,42,4,True
layer,blocks.7.mlp.fc1,mlp_fc1,0.7203119278793123,0.026821339090965342,76885.18524169922,1.447969128300988,0.0052220132564111945,0.0001,0.0001,vit,dp_kfm_a,public,0.1,42,4,True
layer,blocks.7.mlp.fc2,mlp_fc2,0.720204867930176,0.026717111089316622,76586.4086151123,1.3269773492226369,0.004794989466875116,0.0001,0.0001,vit,dp_kfm_a,public,0.1,42,4,True
layer,blocks.8.attn.q_proj,attention_qkv,0.7204616389084163,0.006705334772741336,19221.296310424805,0.25081257334769474,0.0018090808115958825,0.0001,0.0001,vit,dp_kfm_a,public,0.1,42,4,True
layer,blocks.8.attn.k_proj,attention_qkv,0.7204031253356648,0.006705334772741336,19221.296310424805,0.3596925174899386,0.0025944187038964696,0.0001,0.0001,vit,dp_kfm_a,public,0.1,42,4,True
layer,blocks.8.attn.v_proj,attention_qkv,0.7201504573971456,0.006705334772741336,19221.296310424805,1.0877950631122941,0.007846134463510814,0.0001,0.0001,vit,dp_kfm_a,public,0.1,42,4,True
layer,blocks.8.attn.out_proj,attention_out,0.7204023009054803,0.006705334772741336,19221.296310424805,1.0514501884893854,0.007583983270679613,0.0001,0.0001,vit,dp_kfm_a,public,0.1,42,4,True
layer,blocks.8.mlp.fc1,mlp_fc1,0.7201678402244808,0.026821339090965342,76885.18524169922,1.298056264587386,0.0046813615627265565,0.0001,0.0001,vit,dp_kfm_a,public,0.1,42,4,True
layer,blocks.8.mlp.fc2,mlp_fc2,0.7201595763378377,0.026717111089316622,76586.4086151123,1.1083985818878086,0.004005162204437645,0.0001,0.0001,vit,dp_kfm_a,public,0.1,42,4,True
layer,blocks.9.attn.q_proj,attention_qkv,0.7197067241380796,0.006705334772741336,19221.296310424805,0.2546029516397532,0.0018364203526138139,0.0001,0.0001,vit,dp_kfm_a,public,0.1,42,4,True
layer,blocks.9.attn.k_proj,attention_qkv,0.7201836810702481,0.006705334772741336,19221.296310424805,0.39498653326477523,0.002848990178724036,0.0001,0.0001,vit,dp_kfm_a,public,0.1,42,4,True
layer,blocks.9.attn.v_proj,attention_qkv,0.7202104616706975,0.006705334772741336,19221.296310424805,0.9546100448081001,0.006885487005569574,0.0001,0.0001,vit,dp_kfm_a,public,0.1,42,4,True
layer,blocks.9.attn.out_proj,attention_out,0.720436927627532,0.006705334772741336,19221.296310424805,0.8808078080547675,0.006353160381823238,0.0001,0.0001,vit,dp_kfm_a,public,0.1,42,4,True
layer,blocks.9.mlp.fc1,mlp_fc1,0.7201948706234581,0.026821339090965342,76885.18524169922,1.0829433070971828,0.003905569666556968,0.0001,0.0001,vit,dp_kfm_a,public,0.1,42,4,True
layer,blocks.9.mlp.fc2,mlp_fc2,0.7201752513278442,0.026717111089316622,76586.4086151123,0.8668543402651826,0.0031323499480390552,0.0001,0.0001,vit,dp_kfm_a,public,0.1,42,4,True
layer,blocks.10.attn.q_proj,attention_qkv,0.7199715714570859,0.006705334772741336,19221.296310424805,0.2118095726698272,0.0015277568764390274,0.0001,0.0001,vit,dp_kfm_a,public,0.1,42,4,True
layer,blocks.10.attn.k_proj,attention_qkv,0.7203039111704936,0.006705334772741336,19221.296310424805,0.33965424345400197,0.0024498850524448763,0.0001,0.0001,vit,dp_kfm_a,public,0.1,42,4,True
layer,blocks.10.attn.v_proj,attention_qkv,0.7202919569664809,0.006705334772741336,19221.296310424805,0.8101269939749137,0.005843348202979315,0.0001,0.0001,vit,dp_kfm_a,public,0.1,42,4,True
layer,blocks.10.attn.out_proj,attention_out,0.720081459954906,0.006705334772741336,19221.296310424805,0.757120168632986,0.005461016371166554,0.0001,0.0001,vit,dp_kfm_a,public,0.1,42,4,True
layer,blocks.10.mlp.fc1,mlp_fc1,0.7202115267080585,0.026821339090965342,76885.18524169922,0.8855094781298698,0.0031935364802271674,0.0001,0.0001,vit,dp_kfm_a,public,0.1,42,4,True
layer,blocks.10.mlp.fc2,mlp_fc2,0.7202800299414995,0.026717111089316622,76586.4086151123,0.6801778984064767,0.0024578007004949346,0.0001,0.0001,vit,dp_kfm_a,public,0.1,42,4,True
layer,blocks.11.attn.q_proj,attention_qkv,0.7199892257560566,0.006705334772741336,19221.296310424805,0.2789255448487116,0.0020118562810255095,0.0001,0.0001,vit,dp_kfm_a,public,0.1,42,4,True
layer,blocks.11.attn.k_proj,attention_qkv,0.719880229028494,0.006705334772741336,19221.296310424805,0.37678731785860187,0.0027177214351440746,0.0001,0.0001,vit,dp_kfm_a,public,0.1,42,4,True
layer,blocks.11.attn.v_proj,attention_qkv,0.7199466849021996,0.006705334772741336,19221.296310424805,0.7563518342650649,0.005455474468129787,0.0001,0.0001,vit,dp_kfm_a,public,0.1,42,4,True
layer,blocks.11.attn.out_proj,attention_out,0.7202684080282628,0.006705334772741336,19221.296310424805,0.6737560785043623,0.004859721253402365,0.0001,0.0001,vit,dp_kfm_a,public,0.1,42,4,True
layer,blocks.11.mlp.fc1,mlp_fc1,0.7200913694402834,0.026821339090965342,76885.18524169922,0.671369390590938,0.0024212531808107812,0.0001,0.0001,vit,dp_kfm_a,public,0.1,42,4,True
layer,blocks.11.mlp.fc2,mlp_fc2,0.7200987721574806,0.026717111089316622,76586.4086151123,0.6809468813197439,0.002460579395226599,0.0001,0.0001,vit,dp_kfm_a,public,0.1,42,4,True
layer,head,patch_head,0.7207013587282081,0.0003492361860802786,1001.1091828346252,2.373287925599697,0.07500836641530238,0.0001,0.0001,vit,dp_kfm_a,public,0.1,42,4,True
layer,cls_token,identity,0.7228234777706155,3.474266721627629e-05,99.59220886230469,0.1051970666245951,0.010541221702928316,0.0001,0.0001,vit,dp_kfm_a,public,0.1,42,4,True
layer,pos_embed,identity,0.7201746335969738,0.006844305441606457,19619.665145874023,0.43017754223652904,0.0030711564343933254,0.0001,0.0001,vit,dp_kfm_a,public,0.1,42,4,True
layer,blocks.0.norm1.weight,identity,0.7147692961991168,3.474266721627629e-05,99.59220886230469,0.5106585504774129,0.05117029559662528,0.0001,0.0001,vit,dp_kfm_a,public,0.1,42,4,True
layer,blocks.0.norm1.bias,identity,0.7177438108972682,3.474266721627629e-05,99.59220886230469,0.330496053087139,0.03311719879002575,0.0001,0.0001,vit,dp_kfm_a,public,0.1,42,4,True
layer,blocks.0.norm2.weight,identity,0.7209054923813855,3.474266721627629e-05,99.59220886230469,0.16318522085512382,0.016351896938474178,0.0001,0.0001,vit,dp_kfm_a,public,0.1,42,4,True
layer,blocks.0.norm2.bias,identity,0.713976861568668,3.474266721627629e-05,99.59220886230469,0.13746819820216255,0.013774934994359342,0.0001,0.0001,vit,dp_kfm_a,public,0.1,42,4,True
layer,blocks.1.norm1.weight,identity,0.7217680303782349,3.474266721627629e-05,99.59220886230469,0.19726672585173155,0.01976701783172829,0.0001,0.0001,vit,dp_kfm_a,public,0.1,42,4,True
layer,blocks.1.norm1.bias,identity,0.7184075345694566,3.474266721627629e-05,99.59220886230469,0.24788590299853855,0.024839288246153935,0.0001,0.0001,vit,dp_kfm_a,public,0.1,42,4,True
layer,blocks.1.norm2.weight,identity,0.71634014610284,3.474266721627629e-05,99.59220886230469,0.2525681405797125,0.025308469621572603,0.0001,0.0001,vit,dp_kfm_a,public,0.1,42,4,True
layer,blocks.1.norm2.bias,identity,0.7177526778204772,3.474266721627629e-05,99.59220886230469,0.21964337009879248,0.022009258756730262,0.0001,0.0001,vit,dp_kfm_a,public,0.1,42,4,True
layer,blocks.2.norm1.weight,identity,0.7207904211153019,3.474266721627629e-05,99.59220886230469,0.20500185771754298,0.020542113017508322,0.0001,0.0001,vit,dp_kfm_a,public,0.1,42,4,True
layer,blocks.2.norm1.bias,identity,0.7165788173709562,3.474266721627629e-05,99.59220886230469,0.26765752955925826,0.02682049462092679,0.0001,0.0001,vit,dp_kfm_a,public,0.1,42,4,True
layer,blocks.2.norm2.weight,identity,0.721345673364481,3.474266721627629e-05,99.59220886230469,0.1833610173729498,0.01837360297032137,0.0001,0.0001,vit,dp_kfm_a,public,0.1,42,4,True
layer,blocks.2.norm2.bias,identity,0.7146299605285329,3.474266721627629e-05,99.59220886230469,0.2497854575798087,0.02502963220364693,0.0001,0.0001,vit,dp_kfm_a,public,0.1,42,4,True
layer,blocks.3.norm1.weight,identity,0.7179256021757493,3.474266721627629e-05,99.59220886230469,0.16730976735397748,0.016765195145957548,0.0001,0.0001,vit,dp_kfm_a,public,0.1,42,4,True
layer,blocks.3.norm1.bias,identity,0.7228140904797462,3.474266721627629e-05,99.59220886230469,0.2406346220954724,0.02411267711447473,0.0001,0.0001,vit,dp_kfm_a,public,0.1,42,4,True
layer,blocks.3.norm2.weight,identity,0.7187955695977898,3.474266721627629e-05,99.59220886230469,0.1769865772545515,0.017734855249723142,0.0001,0.0001,vit,dp_kfm_a,public,0.1,42,4,True
layer,blocks.3.norm2.bias,identity,0.7227343624774015,3.474266721627629e-05,99.59220886230469,0.18729152481381245,0.018767457586885864,0.0001,0.0001,vit,dp_kfm_a,public,0.1,42,4,True
layer,blocks.4.norm1.weight,identity,0.723321156368762,3.474266721627629e-05,99.59220886230469,0.15143981458256084,0.015174954125497448,0.0001,0.0001,vit,dp_kfm_a,public,0.1,42,4,True
layer,blocks.4.norm1.bias,identity,0.7211191661998216,3.474266721627629e-05,99.59220886230469,0.2399128329051749,0.024040350574183873,0.0001,0.0001,vit,dp_kfm_a,public,0.1,42,4,True
layer,blocks.4.norm2.weight,identity,0.7155144264400678,3.474266721627629e-05,99.59220886230469,0.13785000589864238,0.01381319385181248,0.0001,0.0001,vit,dp_kfm_a,public,0.1,42,4,True
layer,blocks.4.norm2.bias,identity,0.7105361602840206,3.474266721627629e-05,99.59220886230469,0.17397060560233876,0.01743264125406892,0.0001,0.0001,vit,dp_kfm_a,public,0.1,42,4,True
layer,blocks.5.norm1.weight,identity,0.7175520213472371,3.474266721627629e-05,99.59220886230469,0.1250805912193433,0.012533640766635037,0.0001,0.0001,vit,dp_kfm_a,public,0.1,42,4,True
layer,blocks.5.norm1.bias,identity,0.7224320260311429,3.474266721627629e-05,99.59220886230469,0.18186706044229622,0.018223901731247404,0.0001,0.0001,vit,dp_kfm_a,public,0.1,42,4,True
layer,blocks.5.norm2.weight,identity,0.7195890118007295,3.474266721627629e-05,99.59220886230469,0.12288229184483596,0.012313361230145817,0.0001,0.0001,vit,dp_kfm_a,public,0.1,42,4,True
layer,blocks.5.norm2.bias,identity,0.7156002394170525,3.474266721627629e-05,99.59220886230469,0.1412024802421095,0.014149126938558876,0.0001,0.0001,vit,dp_kfm_a,public,0.1,42,4,True
layer,blocks.6.norm1.weight,identity,0.7214029663086481,3.474266721627629e-05,99.59220886230469,0.12243126349575567,0.012268166150335004,0.0001,0.0001,vit,dp_kfm_a,public,0.1,42,4,True
layer,blocks.6.norm1.bias,identity,0.7174646537781068,3.474266721627629e-05,99.59220886230469,0.17803825685716915,0.01784023830086089,0.0001,0.0001,vit,dp_kfm_a,public,0.1,42,4,True
layer,blocks.6.norm2.weight,identity,0.7202530417467635,3.474266721627629e-05,99.59220886230469,0.10068907832058366,0.010089500892913994,0.0001,0.0001,vit,dp_kfm_a,public,0.1,42,4,True
layer,blocks.6.norm2.bias,identity,0.7175243603048599,3.474266721627629e-05,99.59220886230469,0.11822263891191903,0.011846442938594378,0.0001,0.0001,vit,dp_kfm_a,public,0.1,42,4,True
layer,blocks.7.norm1.weight,identity,0.7202680223285816,3.474266721627629e-05,99.59220886230469,0.10011182859348611,0.01003165786034157,0.0001,0.0001,vit,dp_kfm_a,public,0.1,42,4,True
layer,blocks.7.norm1.bias,identity,0.7182707382821932,3.474266721627629e-05,99.59220886230469,0.14590149575640718,0.014619989538734564,0.0001,0.0001,vit,dp_kfm_a,public,0.1,42,4,True
layer,blocks.7.norm2.weight,identity,0.7239550230985322,3.474266721627629e-05,99.59220886230469,0.06367403670407304,0.0063804263669563314,0.0001,0.0001,vit,dp_kfm_a,public,0.1,42,4,True
layer,blocks.7.norm2.bias,identity,0.7194683338557825,3.474266721627629e-05,99.59220886230469,0.08570335103670176,0.008587863264150597,0.0001,0.0001,vit,dp_kfm_a,public,0.1,42,4,True
layer,blocks.8.norm1.weight,identity,0.7227894022030253,3.474266721627629e-05,99.59220886230469,0.11299177853067086,0.011322287078121851,0.0001,0.0001,vit,dp_kfm_a,public,0.1,42,4,True
layer,blocks.8.norm1.bias,identity,0.7139701420952558,3.474266721627629e-05,99.59220886230469,0.12854401708830004,0.012880691697880243,0.0001,0.0001,vit,dp_kfm_a,public,0.1,42,4,True
layer,blocks.8.norm2.weight,identity,0.7167200000669894,3.474266721627629e-05,99.59220886230469,0.047772604600983,0.004787030975135169,0.0001,0.0001,vit,dp_kfm_a,public,0.1,42,4,True
layer,blocks.8.norm2.bias,identity,0.7200384726757901,3.474266721627629e-05,99.59220886230469,0.07071361736328974,0.007085824177042232,0.0001,0.0001,vit,dp_kfm_a,public,0.1,42,4,True
layer,blocks.9.norm1.weight,identity,0.7191444579580176,3.474266721627629e-05,99.59220886230469,0.09883301672514778,0.00990351512924626,0.0001,0.0001,vit,dp_kfm_a,public,0.1,42,4,True
layer,blocks.9.norm1.bias,identity,0.7196153249121182,3.474266721627629e-05,99.59220886230469,0.13228905986887168,0.013255961916942867,0.0001,0.0001,vit,dp_kfm_a,public,0.1,42,4,True
layer,blocks.9.norm2.weight,identity,0.7158513893531853,3.474266721627629e-05,99.59220886230469,0.11200469575349478,0.01122337692095477,0.0001,0.0001,vit,dp_kfm_a,public,0.1,42,4,True
layer,blocks.9.norm2.bias,identity,0.7202024983149212,3.474266721627629e-05,99.59220886230469,0.061470822985668166,0.006159654390989385,0.0001,0.0001,vit,dp_kfm_a,public,0.1,42,4,True
layer,blocks.10.norm1.weight,identity,0.7170528341705131,3.474266721627629e-05,99.59220886230469,0.09017120173269129,0.009035562104367094,0.0001,0.0001,vit,dp_kfm_a,public,0.1,42,4,True
layer,blocks.10.norm1.bias,identity,0.7180456441123483,3.474266721627629e-05,99.59220886230469,0.11372439250671428,0.011395698310886524,0.0001,0.0001,vit,dp_kfm_a,public,0.1,42,4,True
layer,blocks.10.norm2.weight,identity,0.7149465003565171,3.474266721627629e-05,99.59220886230469,0.11646567456167378,0.011670387166942792,0.0001,0.0001,vit,dp_kfm_a,public,0.1,42,4,True
layer,blocks.10.norm2.bias,identity,0.7163568163977728,3.474266721627629e-05,99.59220886230469,0.05249515803946988,0.005260252181736549,0.0001,0.0001,vit,dp_kfm_a,public,0.1,42,4,True
layer,blocks.11.norm1.weight,identity,0.7234839424204134,3.474266721627629e-05,99.59220886230469,0.07469076100134261,0.007484351951421296,0.0001,0.0001,vit,dp_kfm_a,public,0.1,42,4,True
layer,blocks.11.norm1.bias,identity,0.7200672173508642,3.474266721627629e-05,99.59220886230469,0.09613457138532543,0.00963311870572421,0.0001,0.0001,vit,dp_kfm_a,public,0.1,42,4,True
layer,blocks.11.norm2.weight,identity,0.7183092661681169,3.474266721627629e-05,99.59220886230469,0.03786227232222291,0.0037939708732513794,0.0001,0.0001,vit,dp_kfm_a,public,0.1,42,4,True
layer,blocks.11.norm2.bias,identity,0.7148963748194893,3.474266721627629e-05,99.59220886230469,0.03199519341902016,0.003206063040346326,0.0001,0.0001,vit,dp_kfm_a,public,0.1,42,4,True
layer,norm.weight,identity,0.7221380700062177,3.474266721627629e-05,99.59220886230469,0.02917815647698317,0.0029237832020945556,0.0001,0.0001,vit,dp_kfm_a,public,0.1,42,4,True
layer,norm.bias,identity,0.7244339099628196,3.474266721627629e-05,99.59220886230469,0.019251106713457467,0.0019290479326525408,0.0001,0.0001,vit,dp_kfm_a,public,0.1,42,4,True
group,attention_out,attention_out,0.7202697091192166,0.08046401727289565,230655.55572509766,4.65698857305729,0.009696683320242835,0.0001,0.0001,vit,dp_kfm_a,public,0.1,42,4,True
group,attention_qkv,attention_qkv,0.7202176937818026,0.2413920518186876,691966.667175293,4.760757929397664,0.005723128698434405,0.0001,0.0001,vit,dp_kfm_a,public,0.1,42,4,True
group,identity,identity,0.7200974701865308,0.008616181469636556,24698.867797851562,1.3162579541251067,0.008375340760791022,0.0001,0.0001,vit,dp_kfm_a,public,0.1,42,4,True
group,mlp_fc1,mlp_fc1,0.7202157479863807,0.3218560690915826,922622.2229003906,5.689491040667418,0.005923269083575667,0.0001,0.0001,vit,dp_kfm_a,public,0.1,42,4,True
group,mlp_fc2,mlp_fc2,0.7202006895819099,0.3206053330717978,919036.9033813477,5.684448962628064,0.005929552194601428,0.0001,0.0001,vit,dp_kfm_a,public,0.1,42,4,True
group,patch_head,patch_head,0.7202312937482441,0.027066347275396748,77587.51779794693,4.1153231189904345,0.014774337340047074,0.0001,0.0001,vit,dp_kfm_a,public,0.1,42,4,True
layer,patch_embed,patch_head,0.720167913760276,0.026717111089316622,76586.4086151123,3.2126153435841833,0.011608680994164448,0.0001,0.0001,vit,dp_kfm_a,public,0.1,42,5,True
layer,blocks.0.attn.q_proj,attention_qkv,0.7205936285544124,0.006705334772741336,19221.296310424805,0.3369990100925365,0.002430733174768164,0.0001,0.0001,vit,dp_kfm_a,public,0.1,42,5,True
layer,blocks.0.attn.k_proj,attention_qkv,0.7204630528826309,0.006705334772741336,19221.296310424805,0.49459070736764715,0.003567423061570644,0.0001,0.0001,vit,dp_kfm_a,public,0.1,42,5,True
layer,blocks.0.attn.v_proj,attention_qkv,0.7199118873496855,0.006705334772741336,19221.296310424805,1.2280642263975465,0.008857879003949715,0.0001,0.0001,vit,dp_kfm_a,public,0.1,42,5,True
layer,blocks.0.attn.out_proj,attention_out,0.720344039134664,0.006705334772741336,19221.296310424805,1.4134894814152748,0.0101953289824754,0.0001,0.0001,vit,dp_kfm_a,public,0.1,42,5,True
layer,blocks.0.mlp.fc1,mlp_fc1,0.720271371589711,0.026821339090965342,76885.18524169922,1.6026936132963145,0.005780017771801006,0.0001,0.0001,vit,dp_kfm_a,public,0.1,42,5,True
layer,blocks.0.mlp.fc2,mlp_fc2,0.7203093492424604,0.026717111089316622,76586.4086151123,2.5648000546595093,0.009267821529838119,0.0001,0.0001,vit,dp_kfm_a,public,0.1,42,5,True
layer,blocks.1.attn.q_proj,attention_qkv,0.7201683396772384,0.006705334772741336,19221.296310424805,0.2010853738333072,0.0014504045249363268,0.0001,0.0001,vit,dp_kfm_a,public,0.1,42,5,True
layer,blocks.1.attn.k_proj,attention_qkv,0.7202900837446526,0.006705334772741336,19221.296310424805,0.26905294284868464,0.0019406463946933265,0.0001,0.0001,vit,dp_kfm_a,public,0.1,42,5,True
layer,blocks.1.attn.v_proj,attention_qkv,0.7203120901024836,0.006705334772741336,19221.296310424805,1.1874989781405418,0.008565286765610695,0.0001,0.0001,vit,dp_kfm_a,public,0.1,42,5,True
layer,blocks.1.attn.out_proj,attention_out,0.7201983754817579,0.006705334772741336,19221.296310424805,1.4925237540555074,0.010765393649423628,0.0001,0.0001,vit,dp_kfm_a,public,0.1,42,5,True
layer,blocks.1.mlp.fc1,mlp_fc1,0.7200557305299904,0.026821339090965342,76885.18524169922,2.0132662938279373,0.0072607233604430384,0.0001,0.0001,vit,dp_kfm_a,public,0.1,42,5,True
layer,blocks.1.mlp.fc2,mlp_fc2,0.720241947110481,0.026717111089316622,76586.4086151123,1.6366550556823287,0.00591399978115828,0.0001,0.0001,vit,dp_kfm_a,public,0.1,42,5,True
layer,blocks.2.attn.q_proj,attention_qkv,0.7200826584690349,0.006705334772741336,19221.296310424805,0.31457616278948086,0.0022689998842242765,0.0001,0.0001,vit,dp_kfm_a,public,0.1,42,5,True
layer,blocks.2.attn.k_proj,attention_qkv,0.7201747788955165,0.006705334772741336,19221.296310424805,0.41842146087358745,0.0030180234823274726,0.0001,0.0001,vit,dp_kfm_a,public,0.1,42,5,True
layer,blocks.2.attn.v_proj,attention_qkv,0.7204073584111271,0.006705334772741336,19221.296310424805,1.578508475218761,0.01138559106245852,0.0001,0.0001,vit,dp_kfm_a,public,0.1,42,5,True
layer,blocks.2.attn.out_proj,attention_out,0.7204308794219665,0.006705334772741336,19221.296310424805,1.7314055610594516,0.012488419283752956,0.0001,0.0001,vit,dp_kfm_a,public,0.1,42,5,True
layer,blocks.2.mlp.fc1,mlp_fc1,0.7203340491138672,0.026821339090965342,76885.18524169922,2.118295934754713,0.0076395064204653725,0.0001,0.0001,vit,dp_kfm_a,public,0.1,42,5,True
layer,blocks.2.mlp.fc2,mlp_fc2,0.7202512790214094,0.026717111089316622,76586.4086151123,1.9679648424142522,0.00711117691352068,0.0001,0.0001,vit,dp_kfm_a,public,0.1,42,5,True
layer,blocks.3.attn.q_proj,attention_qkv,0.7201401030498084,0.006705334772741336,19221.296310424805,0.32796132530806316,0.002365545445514348,0.0001,0.0001,vit,dp_kfm_a,public,0.1,42,5,True
layer,blocks.3.attn.k_proj,attention_qkv,0.7200610079075338,0.006705334772741336,19221.296310424805,0.46641240831757447,0.003364176392416507,0.0001,0.0001,vit,dp_kfm_a,public,0.1,42,5,True
layer,blocks.3.attn.v_proj,attention_qkv,0.7200273392736735,0.006705334772741336,19221.296310424805,1.4067934081007663,0.010147031014057667,0.0001,0.0001,vit,dp_kfm_a,public,0.1,42,5,True
layer,blocks.3.attn.out_proj,attention_out,0.7203265166206841,0.006705334772741336,19221.296310424805,1.516957466896273,0.010941631070324368,0.0001,0.0001,vit,dp_kfm_a,public,0.1,42,5,True
layer,blocks.3.mlp.fc1,mlp_fc1,0.7202456289311235,0.026821339090965342,76885.18524169922,1.9034911323591803,0.0068648258670433214,0.0001,0.0001,vit,dp_kfm_a,public,0.1,42,5,True
layer,blocks.3.mlp.fc2,mlp_fc2,0.7203090426308894,0.026717111089316622,76586.4086151123,1.8852775045763186,0.006812388909182021,0.0001,0.0001,vit,dp_kfm_a,public,0.1,42,5,True
layer,blocks.4.attn.q_proj,attention_qkv,0.7202145345459686,0.006705334772741336,19221.296310424805,0.4127839081336235,0.002977360495021446,0.0001,0.0001,vit,dp_kfm_a,public,0.1,42,5,True
layer,blocks.4.attn.k_proj,attention_qkv,0.7202388144251344,0.006705334772741336,19221.296310424805,0.6052008299982158,0.004365240522427487,0.0001,0.0001,vit,dp_kfm_a,public,0.1,42,5,True
layer,blocks.4.attn.v_proj,attention_qkv,0.7204089452476293,0.006705334772741336,19221.296310424805,1.3570196917958726,0.009788019207404042,0.0001,0.0001,vit,dp_kfm_a,public,0.1,42,5,True
layer,blocks.4.attn.out_proj,attention_out,0.7201677996698547,0.006705334772741336,19221.296310424805,1.4211581423738129,0.010250642108151497,0.0001,0.0001,vit,dp_kfm_a,public,0.1,42,5,True
layer,blocks.4.mlp.fc1,mlp_fc1,0.7201999409345887,0.026821339090965342,76885.18524169922,1.7564278080906728,0.006334450865358615,0.0001,0.0001,vit,dp_kfm_a,public,0.1,42,5,True
layer,blocks.4.mlp.fc2,mlp_fc2,0.7202668053090504,0.026717111089316622,76586.4086151123,1.7906858479589258,0.006470585036342459,0.0001,0.0001,vit,dp_kfm_a,public,0.1,42,5,True
layer,blocks.5.attn.q_proj,attention_qkv,0.7202796230738848,0.006705334772741336,19221.296310424805,0.30693591436391837,0.002213891694718365,0.0001,0.0001,vit,dp_kfm_a,public,0.1,42,5,True
layer,blocks.5.attn.k_proj,attention_qkv,0.7201958157691137,0.006705334772741336,19221.296310424805,0.45931841514378435,0.0033130082760936246,0.0001,0.0001,vit,dp_kfm_a,public,0.1,42,5,True
layer,blocks.5.attn.v_proj,attention_qkv,0.7200228782542946,0.006705334772741336,19221.296310424805,1.2754970473460356,0.0092000062150079,0.0001,0.0001,vit,dp_kfm_a,public,0.1,42,5,True
layer,blocks.5.attn.out_proj,attention_out,0.7203405749940828,0.006705334772741336,19221.296310424805,1.2637362480984782,0.009115176989886514,0.0001,0.0001,vit,dp_kfm_a,public,0.1,42,5,True
layer,blocks.5.mlp.fc1,mlp_fc1,0.7203167513194626,0.026821339090965342,76885.18524169922,1.5781450249495006,0.005691484769772385,0.0001,0.0001,vit,dp_kfm_a,public,0.1,42,5,True
layer,blocks.5.mlp.fc2,mlp_fc2,0.7202461967585175,0.026717111089316622,76586.4086151123,1.441799900765722,0.005209897020143716,0.0001,0.0001,vit,dp_kfm_a,public,0.1,42,5,True
layer,blocks.6.attn.q_proj,attention_qkv,0.7203105464626144,0.006705334772741336,19221.296310424805,0.27866366982870444,0.0020099674081217,0.0001,0.0001,vit,dp_kfm_a,public,0.1,42,5,True
layer,blocks.6.attn.k_proj,attention_qkv,0.7201799163629964,0.006705334772741336,19221.296310424805,0.426905477066985,0.003079217666876853,0.0001,0.0001,vit,dp_kfm_a,public,0.1,42,5,True
layer,blocks.6.attn.v_proj,attention_qkv,0.719900062313384,0.006705334772741336,19221.296310424805,1.2228207266606717,0.008820058273381967,0.0001,0.0001,vit,dp_kfm_a,public,0.1,42,5,True
layer,blocks.6.attn.out_proj,attention_out,0.7202137123643685,0.006705334772741336,19221.296310424805,1.391763943184176,0.010038625298083189,0.0001,0.0001,vit,dp_kfm_a,public,0.1,42,5,True
layer,blocks.6.mlp.fc1,mlp_fc1,0.7203435035950194,0.026821339090965342,76885.18524169922,1.5369891801035882,0.005543058699655592,0.0001,0.0001,vit,dp_kfm_a,public,0.1,42,5,True
layer,blocks.6.mlp.fc2,mlp_fc2,0.7202236208756863,0.026717111089316622,76586.4086151123,1.3771561780806145,0.004976309031956678,0.0001,0.0001,vit,dp_kfm_a,public,0.1,42,5,True
layer,blocks.7.attn.q_proj,attention_qkv,0.7204277776259373,0.006705334772741336,19221.296310424805,0.23982979469867277,0.0017298633551232885,0.0001,0.0001,vit,dp_kfm_a,public,0.1,42,5,True
layer,blocks.7.attn.k_proj,attention_qkv,0.7201191322597666,0.006705334772741336,19221.296310424805,0.34906607656407607,0.0025177714684012807,0.0001,0.0001,vit,dp_kfm_a,public,0.1,42,5,True
layer,blocks.7.attn.v_proj,attention_qkv,0.7199100745964271,0.006705334772741336,19221.296310424805,1.1609183448090217,0.008373563866402374,0.0001,0.0001,vit,dp_kfm_a,public,0.1,42,5,True
layer,blocks.7.attn.out_proj,attention_out,0.7201054350033469,0.006705334772741336,19221.296310424805,1.0913219225731865,0.00787157327501351,0.0001,0.0001,vit,dp_kfm_a,public,0.1,42,5,True
layer,blocks.7.mlp.fc1,mlp_fc1,0.7201342117191846,0.026821339090965342,76885.18524169922,1.317990608858714,0.00475325357202988,0.0001,0.0001,vit,dp_kfm_a,public,0.1,42,5,True
layer,blocks.7.mlp.fc2,mlp_fc2,0.7201800201693267,0.026717111089316622,76586.4086151123,1.1937344705493125,0.0043135206609840535,0.0001,0.0001,vit,dp_kfm_a,public,0.1,42,5,True
layer,blocks.8.attn.q_proj,attention_qkv,0.7202434443929856,0.006705334772741336,19221.29631042481,0.22618448702699936,0.0016314413982506325,0.0001,0.0001,vit,dp_kfm_a,public,0.1,42,5,True
layer,blocks.8.attn.k_proj,attention_qkv,0.7202421946212826,0.006705334772741336,19221.29631042481,0.3243923941882066,0.0023398031762147525,0.0001,0.0001,vit,dp_kfm_a,public,0.1,42,5,True
layer,blocks.8.attn.v_proj,attention_qkv,0.7204213819651666,0.006705334772741336,19221.29631042481,0.9741125349311772,0.007026156112341544,0.0001,0.0001,vit,dp_kfm_a,public,0.1,42,5,True
layer,blocks.8.attn.out_proj,attention_out,0.72042180639153,0.006705334772741336,19221.296310424805,0.9364651439986692,0.006754610026618664,0.0001,0.0001,vit,dp_kfm_a,public,0.1,42,5,True
layer,blocks.8.mlp.fc1,mlp_fc1,0.7201402176281856,0.026821339090965342,76885.18524169922,1.1530916250583032,0.004158555340870159,0.0001,0.0001,vit,dp_kfm_a,public,0.1,42,5,True
layer,blocks.8.mlp.fc2,mlp_fc2,0.720290178301947,0.026717111089316622,76586.4086151123,0.971737944793813,0.0035113434397194498,0.0001,0.0001,vit,dp_kfm_a,public,0.1,42,5,True
layer,blocks.9.attn.q_proj,attention_qkv,0.7200871367719194,0.006705334772741336,19221.296310424805,0.22689868309279793,0.0016365928082501698,0.0001,0.0001,vit,dp_kfm_a,public,0.1,42,5,True
layer,blocks.9.attn.k_proj,attention_qkv,0.7200397630947137,0.006705334772741336,19221.296310424805,0.3558180498591019,0.0025664726366298194,0.0001,0.0001,vit,dp_kfm_a,public,0.1,42,5,True
layer,blocks.9.attn.v_proj,attention_qkv,0.7201538715407562,0.006705334772741336,19221.296310424805,0.845649468409276,0.006099567522536801,0.0001,0.0001,vit,dp_kfm_a,public,0.1,42,5,True
layer,blocks.9.attn.out_proj,attention_out,0.7203533635004824,0.006705334772741336,19221.296310424805,0.7705259519986914,0.0055577106681374226,0.0001,0.0001,vit,dp_kfm_a,public,0.1,42,5,True
layer,blocks.9.mlp.fc1,mlp_fc1,0.7202552997615328,0.026821339090965342,76885.18524169922,0.9373188465094653,0.0033803838398818553,0.0001,0.0001,vit,dp_kfm_a,public,0.1,42,5,True
layer,blocks.9.mlp.fc2,mlp_fc2,0.7201238173199597,0.026717111089316622,76586.4086151123,0.7450245992275656,0.0026921221435707177,0.0001,0.0001,vit,dp_kfm_a,public,0.1,42,5,True
layer,blocks.10.attn.q_proj,attention_qkv,0.7202728651697986,0.006705334772741336,19221.296310424805,0.18730016438842403,0.001350973473463493,0.0001,0.0001,vit,dp_kfm_a,public,0.1,42,5,True
layer,blocks.10.attn.k_proj,attention_qkv,0.7205779741813204,0.006705334772741336,19221.296310424805,0.3023416982374236,0.0021807541684459287,0.0001,0.0001,vit,dp_kfm_a,public,0.1,42,5,True
layer,blocks.10.attn.v_proj,attention_qkv,0.7203434962101455,0.006705334772741336,19221.296310424805,0.6996850086922367,0.005046743496514019,0.0001,0.0001,vit,dp_kfm_a,public,0.1,42,5,True
layer,blocks.10.attn.out_proj,attention_out,0.7198618736346309,0.006705334772741336,19221.296310424805,0.6420295392900274,0.004630881556313367,0.0001,0.0001,vit,dp_kfm_a,public,0.1,42,5,True
layer,blocks.10.mlp.fc1,mlp_fc1,0.7202615858998926,0.026821339090965342,76885.18524169922,0.7537941299176688,0.002718513027728563,0.0001,0.0001,vit,dp_kfm_a,public,0.1,42,5,True
layer,blocks.10.mlp.fc2,mlp_fc2,0.7201976818440942,0.026717111089316622,76586.4086151123,0.5707327383615955,0.002062324176405738,0.0001,0.0001,vit,dp_kfm_a,public,0.1,42,5,True
layer,blocks.11.attn.q_proj,attention_qkv,0.7202170854822103,0.006705334772741336,19221.296310424805,0.2404149114595963,0.0017340837316801767,0.0001,0.0001,vit,dp_kfm_a,public,0.1,42,5,True
layer,blocks.11.attn.k_proj,attention_qkv,0.7204227516464392,0.006705334772741336,19221.296310424805,0.32280286388657853,0.002328338086049042,0.0001,0.0001,vit,dp_kfm_a,public,0.1,42,5,True
layer,blocks.11.attn.v_proj,attention_qkv,0.7204016783438324,0.006705334772741336,19221.296310424805,0.6276619514143059,0.004527249879527954,0.0001,0.0001,vit,dp_kfm_a,public,0.1,42,5,True
layer,blocks.11.attn.out_proj,attention_out,0.7202857662827499,0.006705334772741336,19221.296310424805,0.558141203783439,0.004025805119928715,0.0001,0.0001,vit,dp_kfm_a,public,0.1,42,5,True
layer,blocks.11.mlp.fc1,mlp_fc1,0.7200989385433406,0.026821339090965342,76885.18524169922,0.5585501193855044,0.002014377289399539,0.0001,0.0001,vit,dp_kfm_a,public,0.1,42,5,True
layer,blocks.11.mlp.fc2,mlp_fc2,0.720268570415823,0.026717111089316622,76586.4086151123,0.5709312299831851,0.0020630414194207332,0.0001,0.0001,vit,dp_kfm_a,public,0.1,42,5,True
layer,head,patch_head,0.7187923325004649,0.0003492361860802786,1001.1091828346252,1.943591396643714,0.06142769870800357,0.0001,0.0001,vit,dp_kfm_a,public,0.1,42,5,True
layer,cls_token,identity,0.7207425993548757,3.474266721627629e-05,99.59220886230469,0.09672503109669284,0.009692285438446727,0.0001,0.0001,vit,dp_kfm_a,public,0.1,42,5,True
layer,pos_embed,identity,0.7203343699700097,0.006844305441606457,19619.665145874023,0.40481530682233957,0.0028900884221537233,0.0001,0.0001,vit,dp_kfm_a,public,0.1,42,5,True
layer,blocks.0.norm1.weight,identity,0.721700581434986,3.474266721627629e-05,99.59220886230469,0.4456588501300096,0.04465703173888872,0.0001,0.0001,vit,dp_kfm_a,public,0.1,42,5,True
layer,blocks.0.norm1.bias,identity,0.7217209000792877,3.474266721627629e-05,99.59220886230469,0.30750134882678104,0.030813025457258766,0.0001,0.0001,vit,dp_kfm_a,public,0.1,42,5,True
layer,blocks.0.norm2.weight,identity,0.72145301035746,3.474266721627629e-05,99.59220886230469,0.1533191302426707,0.015363270051584057,0.0001,0.0001,vit,dp_kfm_a,public,0.1,42,5,True
layer,blocks.0.norm2.bias,identity,0.714175097155697,3.474266721627629e-05,99.59220886230469,0.13026347800729612,0.013052989456156511,0.0001,0.0001,vit,dp_kfm_a,public,0.1,42,5,True
layer,blocks.1.norm1.weight,identity,0.7201260556350098,3.474266721627629e-05,99.59220886230469,0.1890158620029081,0.01894024396947321,0.0001,0.0001,vit,dp_kfm_a,public,0.1,42,5,True
layer,blocks.1.norm1.bias,identity,0.7198292697663107,3.474266721627629e-05,99.59220886230469,0.22699355070605076,0.022745780085924414,0.0001,0.0001,vit,dp_kfm_a,public,0.1,42,5,True
layer,blocks.1.norm2.weight,identity,0.7219071410756541,3.474266721627629e-05,99.59220886230469,0.2376066672208409,0.023809262345754447,0.0001,0.0001,vit,dp_kfm_a,public,0.1,42,5,True
layer,blocks.1.norm2.bias,identity,0.7202009784704063,3.474266721627629e-05,99.59220886230469,0.2055114185713325,0.02059317331893381,0.0001,0.0001,vit,dp_kfm_a,public,0.1,42,5,True
layer,blocks.2.norm1.weight,identity,0.7147536825910189,3.474266721627629e-05,99.59220886230469,0.18631323998328017,0.018669429023750624,0.0001,0.0001,vit,dp_kfm_a,public,0.1,42,5,True
layer,blocks.2.norm1.bias,identity,0.7203985732710589,3.474266721627629e-05,99.59220886230469,0.25072963045917346,0.02512424259504496,0.0001,0.0001,vit,dp_kfm_a,public,0.1,42,5,True
layer,blocks.2.norm2.weight,identity,0.721578451930332,3.474266721627629e-05,99.59220886230469,0.17221756664647347,0.017256978824682096,0.0001,0.0001,vit,dp_kfm_a,public,0.1,42,5,True
layer,blocks.2.norm2.bias,identity,0.7190201493579259,3.474266721627629e-05,99.59220886230469,0.236876252182968,0.0237360714565365,0.0001,0.0001,vit,dp_kfm_a,public,0.1,42,5,True
layer,blocks.3.norm1.weight,identity,0.71851678759155,3.474266721627629e-05,99.59220886230469,0.16497389453392988,0.016531130128214847,0.0001,0.0001,vit,dp_kfm_a,public,0.1,42,5,True
layer,blocks.3.norm1.bias,identity,0.7173638231745778,3.474266721627629e-05,99.59220886230469,0.22808219605517285,0.022854867271995014,0.0001,0.0001,vit,dp_kfm_a,public,0.1,42,5,True
layer,blocks.3.norm2.weight,identity,0.7194469351673098,3.474266721627629e-05,99.59220886230469,0.16599723937180602,0.016633673907815602,0.0001,0.0001,vit,dp_kfm_a,public,0.1,42,5,True
layer,blocks.3.norm2.bias,identity,0.7214167067866659,3.474266721627629e-05,99.59220886230469,0.17536777627521222,0.01757264407251394,0.0001,0.0001,vit,dp_kfm_a,public,0.1,42,5,True
layer,blocks.4.norm1.weight,identity,0.7194166310675911,3.474266721627629e-05,99.59220886230469,0.14248014895640154,0.014277155120450196,0.0001,0.0001,vit,dp_kfm_a,public,0.1,42,5,True
layer,blocks.4.norm1.bias,identity,0.7180620483013157,3.474266721627629e-05,99.59220886230469,0.22567550382931129,0.022613705829594224,0.0001,0.0001,vit,dp_kfm_a,public,0.1,42,5,True
layer,blocks.4.norm2.weight,identity,0.7166136360928212,3.474266721627629e-05,99.59220886230469,0.128609452998577,0.01288724867194515,0.0001,0.0001,vit,dp_kfm_a,public,0.1,42,5,True
layer,blocks.4.norm2.bias,identity,0.7211923070394939,3.474266721627629e-05,99.59220886230469,0.16349006010907724,0.016382443209989012,0.0001,0.0001,vit,dp_kfm_a,public,0.1,42,5,True
layer,blocks.5.norm1.weight,identity,0.7161909802410248,3.474266721627629e-05,99.59220886230469,0.11861360397898141,0.011885619405983077,0.0001,0.0001,vit,dp_kfm_a,public,0.1,42,5,True
layer,blocks.5.norm1.bias,identity,0.7217660613756091,3.474266721627629e-05,99.59220886230469,0.17215076444012473,0.017250284941573345,0.0001,0.0001,vit,dp_kfm_a,public,0.1,42,5,True
layer,blocks.5.norm2.weight,identity,0.7176578472853912,3.474266721627629e-05,99.59220886230469,0.11354233355127742,0.011377455180409194,0.0001,0.0001,vit,dp_kfm_a,public,0.1,42,5,True
layer,blocks.5.norm2.bias,identity,0.7241689516287614,3.474266721627629e-05,99.59220886230469,0.13242274542421362,0.013269357814020184,0.0001,0.0001,vit,dp_kfm_a,public,0.1,42,5,True
layer,blocks.6.norm1.weight,identity,0.719698586702706,3.474266721627629e-05,99.59220886230469,0.1154158198207243,0.011565186975194944,0.0001,0.0001,vit,dp_kfm_a,public,0.1,42,5,True
layer,blocks.6.norm1.bias,identity,0.7213602509681853,3.474266721627629e-05,99.59220886230469,0.1703410311594113,0.017068941484504854,0.0001,0.0001,vit,dp_kfm_a,public,0.1,42,5,True
layer,blocks.6.norm2.weight,identity,0.7202068836797184,3.474266721627629e-05,99.59220886230469,0.09222042867435463,0.009240903909084651,0.0001,0.0001,vit,dp_kfm_a,public,0.1,42,5,True
layer,blocks.6.norm2.bias,identity,0.7179837764468324,3.474266721627629e-05,99.59220886230469,0.11085125934707515,0.011107797378003366,0.0001,0.0001,vit,dp_kfm_a,public,0.1,42,5,True
layer,blocks.7.norm1.weight,identity,0.717847603023422,3.474266721627629e-05,99.59220886230469,0.09057785345238867,0.00907631044527383,0.0001,0.0001,vit,dp_kfm_a,public,0.1,42,5,True
layer,blocks.7.norm1.bias,identity,0.7203717942138457,3.474266721627629e-05,99.59220886230469,0.13478164937520284,0.013505730655213793,0.0001,0.0001,vit,dp_kfm_a,public,0.1,42,5,True
layer,blocks.7.norm2.weight,identity,0.7201997177724552,3.474266721627629e-05,99.59220886230469,0.05891577788644206,0.005903627319930106,0.0001,0.0001,vit,dp_kfm_a,public,0.1,42,5,True
layer,blocks.7.norm2.bias,identity,0.7107371898169971,3.474266721627629e-05,99.59220886230469,0.07906825962495889,0.007922997105477454,0.0001,0.0001,vit,dp_kfm_a,public,0.1,42,5,True
layer,blocks.8.norm1.weight,identity,0.7219412728081674,3.474266721627629e-05,99.59220886230469,0.09896034920426953,0.009916274419362173,0.0001,0.0001,vit,dp_kfm_a,public,0.1,42,5,True
layer,blocks.8.norm1.bias,identity,0.7189042910473773,3.474266721627629e-05,99.59220886230469,0.11852291022481137,0.011876531481761874,0.0001,0.0001,vit,dp_kfm_a,public,0.1,42,5,True
layer,blocks.8.norm2.weight,identity,0.7211654710195654,3.474266721627629e-05,99.59220886230469,0.042776570648734566,0.004286405784568356,0.0001,0.0001,vit,dp_kfm_a,public,0.1,42,5,True
layer,blocks.8.norm2.bias,identity,0.7236843898814884,3.474266721627629e-05,99.59220886230469,0.06354598060142697,0.0063675945664915705,0.0001,0.0001,vit,dp_kfm_a,public,0.1,42,5,True
layer,blocks.9.norm1.weight,identity,0.723704297857399,3.474266721627629e-05,99.59220886230469,0.09210616606214007,0.009229454278725591,0.0001,0.0001,vit,dp_kfm_a,public,0.1,42,5,True
layer,blocks.9.norm1.bias,identity,0.7230408708362622,3.474266721627629e-05,99.59220886230469,0.12018567069290113,0.012043147598497776,0.0001,0.0001,vit,dp_kfm_a,public,0.1,42,5,True
layer,blocks.9.norm2.weight,identity,0.7206778388738863,3.474266721627629e-05,99.59220886230469,0.09724162164328408,0.009744050146874291,0.0001,0.0001,vit,dp_kfm_a,public,0.1,42,5,True
layer,blocks.9.norm2.bias,identity,0.7146484210582352,3.474266721627629e-05,99.59220886230469,0.05372307122384501,0.005383294634570687,0.0001,0.0001,vit,dp_kfm_a,public,0.1,42,5,True
layer,blocks.10.norm1.weight,identity,0.7204263562675522,3.474266721627629e-05,99.59220886230469,0.07967687652482665,0.007983983270581755,0.0001,0.0001,vit,dp_kfm_a,public,0.1,42,5,True
layer,blocks.10.norm1.bias,identity,0.7230556074683262,3.474266721627629e-05,99.59220886230469,0.10033316898524107,0.010053837168340978,0.0001,0.0001,vit,dp_kfm_a,public,0.1,42,5,True
layer,blocks.10.norm2.weight,identity,0.7184055777420345,3.474266721627629e-05,99.59220886230469,0.09466093960885617,0.009485454138995599,0.0001,0.0001,vit,dp_kfm_a,public,0.1,42,5,True
layer,blocks.10.norm2.bias,identity,0.7172074256274389,3.474266721627629e-05,99.59220886230469,0.04467605874552206,0.004476743080015614,0.0001,0.0001,vit,dp_kfm_a,public,0.1,42,5,True
layer,blocks.11.norm1.weight,identity,0.7183710468360317,3.474266721627629e-05,99.59220886230469,0.06744677913180508,0.006758472215902747,0.0001,0.0001,vit,dp_kfm_a,public,0.1,42,5,True
layer,blocks.11.norm1.bias,identity,0.7209825591527209,3.474266721627629e-05,99.59220886230469,0.0833341438673647,0.008350457993894615,0.0001,0.0001,vit,dp_kfm_a,public,0.1,42,5,True
layer,blocks.11.norm2.weight,identity,0.7197931328392503,3.474266721627629e-05,99.59220886230469,0.030537116124756163,0.003059957103061101,0.0001,0.0001,vit,dp_kfm_a,public,0.1,42,5,True
layer,blocks.11.norm2.bias,identity,0.7209325145245681,3.474266721627629e-05,99.59220886230469,0.026378513694710934,0.0026432463372953775,0.0001,0.0001,vit,dp_kfm_a,public,0.1,42,5,True
layer,norm.weight,identity,0.7166176423566436,3.474266721627629e-05,99.59220886230469,0.023643338262441634,0.002369169392442501,0.0001,0.0001,vit,dp_kfm_a,public,0.1,42,5,True
layer,norm.bias,identity,0.7191769596066663,3.474266721627629e-05,99.59220886230469,0.01667168916489084,0.0016705786319742683,0.0001,0.0001,vit,dp_kfm_a,public,0.1,42,5,True
group,attention_out,attention_out,0.7202587328429708,0.08046401727289565,230655.55572509766,4.302367486726094,0.008958298778625503,0.0001,0.0001,vit,dp_kfm_a,public,0.1,42,5,True
group,attention_qkv,attention_qkv,0.720234291234293,0.2413920518186876,691966.667175293,4.392930280463482,0.005280945960956047,0.0001,0.0001,vit,dp_kfm_a,public,0.1,42,5,True
group,identity,identity,0.7203857461831266,0.008616181469636556,24698.867797851562,1.2118808067311893,0.0077111896539934,0.0001,0.0001,vit,dp_kfm_a,public,0.1,42,5,True
group,mlp_fc1,mlp_fc1,0.7202225896718031,0.3218560690915826,922622.2229003906,5.248696587784862,0.005464362630202543,0.0001,0.0001,vit,dp_kfm_a,public,0.1,42,5,True
group,mlp_fc2,mlp_fc2,0.7202435349346784,0.3206053330717978,919036.9033813477,5.245316072753053,0.005471484683045097,0.0001,0.0001,vit,dp_kfm_a,public,0.1,42,5,True
group,patch_head,patch_head,0.7201512830795082,0.027066347275396748,77587.51779794693,3.760893025691757,0.01350190511286787,0.0001,0.0001,vit,dp_kfm_a,public,0.1,42,5,True
