level,layer,group,noise_rms,noise_energy_share,expected_noise_energy,signal_norm,snr,task,method,source,beta,seed,epoch,research_only
layer,patch_embed,patch_head,0.6551457503373391,0.022103759613575524,63361.92412556319,3.8104757674883354,0.01513787886180327,vit,dp_kfm,pink,0.25,42,1,True
layer,blocks.0.attn.q_proj,attention_qkv,0.7358882239604465,0.007004627039938628,20079.23786684091,0.4573045511910126,0.003227244811863044,vit,dp_kfm,pink,0.25,42,1,True
layer,blocks.0.attn.k_proj,attention_qkv,0.7363130562068539,0.007010344919768282,20095.62855667212,0.723602353359044,0.005104452576128285,vit,dp_kfm,pink,0.25,42,1,True
layer,blocks.0.attn.v_proj,attention_qkv,0.740028228784439,0.0070789911521889825,20292.407631643466,1.6796528356234763,0.011791056993085658,vit,dp_kfm,pink,0.25,42,1,True
layer,blocks.0.attn.out_proj,attention_out,0.6111623498895564,0.004826119881520128,13834.399536535788,1.8421085249010742,0.01566156132730522,vit,dp_kfm,pink,0.25,42,1,True
layer,blocks.0.mlp.fc1,mlp_fc1,0.856386852700298,0.037922872899475435,108708.48386372108,2.3651512852977845,0.00717343563601184,vit,dp_kfm,pink,0.25,42,1,True
layer,blocks.0.mlp.fc2,mlp_fc2,0.7109097201571101,0.026032699578297278,74624.49666031399,3.970379889639507,0.014534207461518024,vit,dp_kfm,pink,0.25,42,1,True
layer,blocks.1.attn.q_proj,attention_qkv,0.7109461870869224,0.006531085873882309,18721.80003913493,0.30142880347480633,0.002202981998794665,vit,dp_kfm,pink,0.25,42,1,True
layer,blocks.1.attn.k_proj,attention_qkv,0.7110382106121937,0.006531729936749091,18723.64628896803,0.45231347777063263,0.0033055544447384753,vit,dp_kfm,pink,0.25,42,1,True
layer,blocks.1.attn.v_proj,attention_qkv,0.710899678347536,0.006537533107679796,18740.281471517406,1.8584759883442872,0.013575908417401557,vit,dp_kfm,pink,0.25,42,1,True
layer,blocks.1.attn.out_proj,attention_out,0.5650547084087731,0.004127080949445695,11830.557088497722,2.5882577269860367,0.02379605266561683,vit,dp_kfm,pink,0.25,42,1,True
layer,blocks.1.mlp.fc1,mlp_fc1,0.769124098165251,0.030592213073672877,87694.6509324423,3.331446907042967,0.011249839966705881,vit,dp_kfm,pink,0.25,42,1,True
layer,blocks.1.mlp.fc2,mlp_fc2,0.5441017305938508,0.015249917171285913,43714.920521244356,2.8674077622094094,0.01371433045996089,vit,dp_kfm,pink,0.25,42,1,True
layer,blocks.2.attn.q_proj,attention_qkv,0.7395523404350778,0.0070714948229684315,20270.918896170435,0.4659698506365344,0.003272812307641786,vit,dp_kfm,pink,0.25,42,1,True
layer,blocks.2.attn.k_proj,attention_qkv,0.7398183365039599,0.007073392556155895,20276.358876894723,0.6055439354474245,0.0042525621982287,vit,dp_kfm,pink,0.25,42,1,True
layer,blocks.2.attn.v_proj,attention_qkv,0.7416290895935885,0.007115483324480436,20397.014915306096,2.585339476886123,0.018102321383484162,vit,dp_kfm,pink,0.25,42,1,True
layer,blocks.2.attn.out_proj,attention_out,0.5800348414438198,0.004347605505137489,12462.705664569992,2.8879747801619815,0.025869451891441526,vit,dp_kfm,pink,0.25,42,1,True
layer,blocks.2.mlp.fc1,mlp_fc1,0.8003581998611794,0.03311528498117954,94927.20745502542,3.5395492968727984,0.01148821653556395,vit,dp_kfm,pink,0.25,42,1,True
layer,blocks.2.mlp.fc2,mlp_fc2,0.5511092192130562,0.015638682780751836,44829.34347373039,3.3199898995905817,0.015680343530129003,vit,dp_kfm,pink,0.25,42,1,True
layer,blocks.3.attn.q_proj,attention_qkv,0.7941023762459246,0.008156210003947787,23380.328435389674,0.547422206887933,0.003580116072604022,vit,dp_kfm,pink,0.25,42,1,True
layer,blocks.3.attn.k_proj,attention_qkv,0.7945409666716872,0.008157378170525465,23383.677064009968,0.7335449096868661,0.004797006483010854,vit,dp_kfm,pink,0.25,42,1,True
layer,blocks.3.attn.v_proj,attention_qkv,0.7952305639069209,0.008178490235485936,23444.19622824021,2.5272558659410773,0.016505608484225245,vit,dp_kfm,pink,0.25,42,1,True
layer,blocks.3.attn.out_proj,attention_out,0.5456228718530513,0.0038440488070072905,11019.226281078716,2.604700846405322,0.02481317282503879,vit,dp_kfm,pink,0.25,42,1,True
layer,blocks.3.mlp.fc1,mlp_fc1,0.787967333419811,0.03210966731500847,92044.53629965665,3.3493840527300476,0.01103992037597364,vit,dp_kfm,pink,0.25,42,1,True
layer,blocks.3.mlp.fc2,mlp_fc2,0.527303411218812,0.014315658058840637,41036.803493586354,3.243581338912665,0.016011721619502484,vit,dp_kfm,pink,0.25,42,1,True
layer,blocks.4.attn.q_proj,attention_qkv,0.7832410330667805,0.007929225831960483,22729.662931665447,0.7037478209472539,0.00466788948605883,vit,dp_kfm,pink,0.25,42,1,True
layer,blocks.4.attn.k_proj,attention_qkv,0.7841466213601557,0.007941555783364434,22765.00757253167,1.0638075524538468,0.007050650214542054,vit,dp_kfm,pink,0.25,42,1,True
layer,blocks.4.attn.v_proj,attention_qkv,0.7838886544305201,0.00794286535562655,22768.761550124396,2.096391931391579,0.013893215592458274,vit,dp_kfm,pink,0.25,42,1,True
layer,blocks.4.attn.out_proj,attention_out,0.5233102003018668,0.003537462079008843,10140.374658687213,2.1825576619999807,0.021673982866683116,vit,dp_kfm,pink,0.25,42,1,True
layer,blocks.4.mlp.fc1,mlp_fc1,0.7814471755204055,0.03157306068229964,90506.3170400652,3.1051473570770884,0.01032149884924546,vit,dp_kfm,pink,0.25,42,1,True
layer,blocks.4.mlp.fc2,mlp_fc2,0.5235749500535825,0.014125311693747202,40491.16274497728,3.007194597055018,0.01494450065276568,vit,dp_kfm,pink,0.25,42,1,True
layer,blocks.5.attn.q_proj,attention_qkv,0.7890266637392759,0.008048616958372001,23071.90568245572,0.49182705908531515,0.0032379540772763623,vit,dp_kfm,pink,0.25,42,1,True
layer,blocks.5.attn.k_proj,attention_qkv,0.7888428277376787,0.008049131178044394,23073.379727976997,0.7270962831636806,0.004786701193945016,vit,dp_kfm,pink,0.25,42,1,True
layer,blocks.5.attn.v_proj,attention_qkv,0.7902130234786101,0.008069474116490003,23131.69413895585,2.222806437488834,0.014614969901469361,vit,dp_kfm,pink,0.25,42,1,True
layer,blocks.5.attn.out_proj,attention_out,0.5438669143511141,0.0038264861625639797,10968.881771180086,2.1886692311237304,0.020897722351593356,vit,dp_kfm,pink,0.25,42,1,True
layer,blocks.5.mlp.fc1,mlp_fc1,0.7675817209756807,0.030473108868802907,87353.23066168607,3.2364109190719312,0.0109502534673295,vit,dp_kfm,pink,0.25,42,1,True
layer,blocks.5.mlp.fc2,mlp_fc2,0.5044672774969553,0.013109835152917365,37580.23045761043,2.822561766567513,0.014560079118561772,vit,dp_kfm,pink,0.25,42,1,True
layer,blocks.6.attn.q_proj,attention_qkv,0.7467586586794487,0.007213147886917958,20676.976998820533,0.5292928428635153,0.003680887118297985,vit,dp_kfm,pink,0.25,42,1,True
layer,blocks.6.attn.k_proj,attention_qkv,0.7469419272933676,0.007217478577665507,20689.39121718668,0.7985369460266692,0.005551638240808028,vit,dp_kfm,pink,0.25,42,1,True
layer,blocks.6.attn.v_proj,attention_qkv,0.7495082319008274,0.007258493309842088,20806.962725094887,2.3431704455538456,0.016244245200425837,vit,dp_kfm,pink,0.25,42,1,True
layer,blocks.6.attn.out_proj,attention_out,0.47764452836059224,0.00295083416407634,8458.766005421683,2.4987571028492255,0.027168804955849987,vit,dp_kfm,pink,0.25,42,1,True
layer,blocks.6.mlp.fc1,mlp_fc1,0.7699973024306088,0.03065690834195404,87880.10430108938,3.182728666544962,0.01073629247597264,vit,dp_kfm,pink,0.25,42,1,True
layer,blocks.6.mlp.fc2,mlp_fc2,0.4971315500004194,0.012726515669190742,36481.41919344823,2.924206504968967,0.0153098937407066,vit,dp_kfm,pink,0.25,42,1,True
layer,blocks.7.attn.q_proj,attention_qkv,0.7485014486592235,0.007234468035170811,20738.092647903035,0.528613825578828,0.0036707441258077484,vit,dp_kfm,pink,0.25,42,1,True
layer,blocks.7.attn.k_proj,attention_qkv,0.7481034808951941,0.007229649940958153,20724.281254489873,0.690782519411623,0.004798456921127954,vit,dp_kfm,pink,0.25,42,1,True
layer,blocks.7.attn.v_proj,attention_qkv,0.7495791166893258,0.007254404031744441,20795.240532441538,2.4900932786715892,0.017267666090230636,vit,dp_kfm,pink,0.25,42,1,True
layer,blocks.7.attn.out_proj,attention_out,0.47855598461672766,0.0029594673542549057,8483.513629835741,2.5513284379255574,0.027699918348903847,vit,dp_kfm,pink,0.25,42,1,True
layer,blocks.7.mlp.fc1,mlp_fc1,0.797558818837068,0.03288642356425343,94271.16070152957,3.256967426482222,0.010607767393339192,vit,dp_kfm,pink,0.25,42,1,True
layer,blocks.7.mlp.fc2,mlp_fc2,0.5182451078252509,0.013831586551369122,39649.17972894311,3.720050575282085,0.018682360186881075,vit,dp_kfm,pink,0.25,42,1,True
layer,blocks.8.attn.q_proj,attention_qkv,0.7578964984747861,0.007416700950167573,21260.475642247213,0.5301801140807224,0.0036361094388704953,vit,dp_kfm,pink,0.25,42,1,True
layer,blocks.8.attn.k_proj,attention_qkv,0.7572243836041705,0.007405812370272936,21229.26279044373,0.805943857031319,0.005531428880303079,vit,dp_kfm,pink,0.25,42,1,True
layer,blocks.8.attn.v_proj,attention_qkv,0.7597285704568613,0.00746241452528357,21391.516701716006,2.6920775216126773,0.018406311720432254,vit,dp_kfm,pink,0.25,42,1,True
layer,blocks.8.attn.out_proj,attention_out,0.41963730633118634,0.002276031690183419,6524.399006411875,2.6685135974242438,0.033036890481443114,vit,dp_kfm,pink,0.25,42,1,True
layer,blocks.8.mlp.fc1,mlp_fc1,0.8287233540592559,0.03551270396463833,101799.57135975214,3.2304027978419394,0.010124735886989419,vit,dp_kfm,pink,0.25,42,1,True
layer,blocks.8.mlp.fc2,mlp_fc2,0.5259468555939705,0.014252339071572076,40855.29532768317,3.1076025405705447,0.015374510263036954,vit,dp_kfm,pink,0.25,42,1,True
layer,blocks.9.attn.q_proj,attention_qkv,0.7843166789069209,0.007957431641828867,22810.51679616744,0.5408930933987481,0.0035813261482199373,vit,dp_kfm,pink,0.25,42,1,True
layer,blocks.9.attn.k_proj,attention_qkv,0.7844816474580784,0.007950006117068682,22789.23102647622,0.8641888561428108,0.005724582599714347,vit,dp_kfm,pink,0.25,42,1,True
layer,blocks.9.attn.v_proj,attention_qkv,0.7865292015726197,0.008005393943265162,22948.003981950606,2.644300367913375,0.017455742515519544,vit,dp_kfm,pink,0.25,42,1,True
layer,blocks.9.attn.out_proj,attention_out,0.41276797677547716,0.0022017453937602112,6311.452305948926,2.6068800005109547,0.032813789509396556,vit,dp_kfm,pink,0.25,42,1,True
layer,blocks.9.mlp.fc1,mlp_fc1,0.8529339422455229,0.03762641939248004,107858.67980570572,3.029253659637882,0.009223762058737468,vit,dp_kfm,pink,0.25,42,1,True
layer,blocks.9.mlp.fc2,mlp_fc2,0.5372179694471011,0.014874497263405404,42638.75392632074,2.7552023816383895,0.01334293139367722,vit,dp_kfm,pink,0.25,42,1,True
layer,blocks.10.attn.q_proj,attention_qkv,0.8117948723335743,0.008521550947510942,24427.602996401096,0.5101007421987408,0.0032637398099103,vit,dp_kfm,pink,0.25,42,1,True
layer,blocks.10.attn.k_proj,attention_qkv,0.8117216150672413,0.00851553603790538,24410.360850598117,0.868549932185673,0.005559141019220316,vit,dp_kfm,pink,0.25,42,1,True
layer,blocks.10.attn.v_proj,attention_qkv,0.8138237694550775,0.008558589144639533,24533.775497244285,2.5956904255107482,0.01657183886274695,vit,dp_kfm,pink,0.25,42,1,True
layer,blocks.10.attn.out_proj,attention_out,0.4290367498223955,0.00237952154566763,6821.05968701977,2.5636068504271132,0.031040270590948688,vit,dp_kfm,pink,0.25,42,1,True
layer,blocks.10.mlp.fc1,mlp_fc1,0.8606229177046565,0.03830207610082437,109795.4955256321,2.6780057440339045,0.008082007379352472,vit,dp_kfm,pink,0.25,42,1,True
layer,blocks.10.mlp.fc2,mlp_fc2,0.5347955045390703,0.01473202901885621,42230.35905326536,2.3700711393637315,0.011533178000942262,vit,dp_kfm,pink,0.25,42,1,True
layer,blocks.11.attn.q_proj,attention_qkv,0.8217979115366332,0.008730950850319953,25027.862001459118,0.6453596083583665,0.004079340006027755,vit,dp_kfm,pink,0.25,42,1,True
layer,blocks.11.attn.k_proj,attention_qkv,0.8210921002224508,0.008725411737996631,25011.983760793697,0.8928347526671392,0.005645429877647656,vit,dp_kfm,pink,0.25,42,1,True
layer,blocks.11.attn.v_proj,attention_qkv,0.8241222676961855,0.008774514951270193,25152.741447637785,2.297190307497246,0.0144845268082292,vit,dp_kfm,pink,0.25,42,1,True
layer,blocks.11.attn.out_proj,attention_out,0.4170156278342099,0.002249941524929482,6449.60978049994,1.952479473267527,0.02431194793801554,vit,dp_kfm,pink,0.25,42,1,True
layer,blocks.11.mlp.fc1,mlp_fc1,0.8222498698489766,0.03497129235839556,100247.57831806276,2.3871890170407175,0.007539627027925453,vit,dp_kfm,pink,0.25,42,1,True
layer,blocks.11.mlp.fc2,mlp_fc2,0.4924182924621514,0.01248941091528906,35801.742356151066,2.3832977614894038,0.012595813558350733,vit,dp_kfm,pink,0.25,42,1,True
layer,head,patch_head,1.2893836641394845,0.0011232836123867532,3219.968560272643,10.240282762784737,0.1804621525214805,vit,dp_kfm,pink,0.25,42,1,True
layer,cls_token,identity,2.096562720983333,0.0002994617414536997,858.4273658515887,0.1608452803663003,0.005489800279969825,vit,dp_kfm,pink,0.25,42,1,True
layer,pos_embed,identity,2.114628064789744,0.058993963066379135,169110.19107276274,0.544508049265047,0.0013240958184302482,vit,dp_kfm,pink,0.25,42,1,True
layer,blocks.0.norm1.weight,identity,2.113534173688565,0.0002994617414536997,858.4273658515887,0.6992435316067115,0.023865837572849796,vit,dp_kfm,pink,0.25,42,1,True
layer,blocks.0.norm1.bias,identity,2.117951132796877,0.0002994617414536997,858.4273658515887,0.4398745595003705,0.01501333128580054,vit,dp_kfm,pink,0.25,42,1,True
layer,blocks.0.norm2.weight,identity,2.113347462454602,0.0002994617414536997,858.4273658515887,0.26161045458405774,0.008929010186359802,vit,dp_kfm,pink,0.25,42,1,True
layer,blocks.0.norm2.bias,identity,2.1117684286678595,0.0002994617414536997,858.4273658515887,0.20830085274522295,0.007109503475106406,vit,dp_kfm,pink,0.25,42,1,True
layer,blocks.1.norm1.weight,identity,2.114326217394305,0.0002994617414536997,858.4273658515887,0.4075081325851558,0.013908634777851292,vit,dp_kfm,pink,0.25,42,1,True
layer,blocks.1.norm1.bias,identity,2.118252529998077,0.0002994617414536997,858.4273658515887,0.44772814630741603,0.01528138156961303,vit,dp_kfm,pink,0.25,42,1,True
layer,blocks.1.norm2.weight,identity,2.119224061365863,0.0002994617414536997,858.4273658515887,0.5233524849411361,0.017862511177261214,vit,dp_kfm,pink,0.25,42,1,True
layer,blocks.1.norm2.bias,identity,2.108016409027356,0.0002994617414536997,858.4273658515887,0.3824494840815503,0.013053359601250088,vit,dp_kfm,pink,0.25,42,1,True
layer,blocks.2.norm1.weight,identity,2.114866760747356,0.0002994617414536997,858.4273658515887,0.386794402818307,0.01320165575295048,vit,dp_kfm,pink,0.25,42,1,True
layer,blocks.2.norm1.bias,identity,2.1032401463015593,0.0002994617414536997,858.4273658515887,0.4486704312811191,0.015313542639559665,vit,dp_kfm,pink,0.25,42,1,True
layer,blocks.2.norm2.weight,identity,2.1180850875502055,0.0002994617414536997,858.4273658515887,0.29967850662591233,0.010228308507587157,vit,dp_kfm,pink,0.25,42,1,True
layer,blocks.2.norm2.bias,identity,2.1086429203803276,0.0002994617414536997,858.4273658515887,0.42241879692813566,0.014417549736986019,vit,dp_kfm,pink,0.25,42,1,True
layer,blocks.3.norm1.weight,identity,2.101794029419447,0.0002994617414536997,858.4273658515887,0.2951941224720808,0.010075252270393674,vit,dp_kfm,pink,0.25,42,1,True
layer,blocks.3.norm1.bias,identity,2.109643839209545,0.0002994617414536997,858.4273658515887,0.431770783892237,0.014736741823548201,vit,dp_kfm,pink,0.25,42,1,True
layer,blocks.3.norm2.weight,identity,2.1045744839361715,0.0002994617414536997,858.4273658515887,0.2664208523491227,0.009093193573881511,vit,dp_kfm,pink,0.25,42,1,True
layer,blocks.3.norm2.bias,identity,2.128716346278811,0.0002994617414536997,858.4273658515887,0.3329096062193633,0.01136251710504411,vit,dp_kfm,pink,0.25,42,1,True
layer,blocks.4.norm1.weight,identity,2.1082471522798736,0.0002994617414536997,858.4273658515887,0.2329301973228793,0.007950126106059415,vit,dp_kfm,pink,0.25,42,1,True
layer,blocks.4.norm1.bias,identity,2.118969438950937,0.0002994617414536997,858.4273658515887,0.42971382700159355,0.01466653595559593,vit,dp_kfm,pink,0.25,42,1,True
layer,blocks.4.norm2.weight,identity,2.105807737798543,0.0002994617414536997,858.4273658515887,0.22248885420400594,0.007593753272198739,vit,dp_kfm,pink,0.25,42,1,True
layer,blocks.4.norm2.bias,identity,2.121298614504579,0.0002994617414536997,858.4273658515887,0.30842184279454715,0.010526726771630293,vit,dp_kfm,pink,0.25,42,1,True
layer,blocks.5.norm1.weight,identity,2.1010923225841576,0.0002994617414536997,858.4273658515887,0.23313763992178846,0.00795720631652611,vit,dp_kfm,pink,0.25,42,1,True
layer,blocks.5.norm1.bias,identity,2.1080663938892794,0.0002994617414536997,858.4273658515887,0.34677326061977065,0.01183569663282034,vit,dp_kfm,pink,0.25,42,1,True
layer,blocks.5.norm2.weight,identity,2.121670772681941,0.0002994617414536997,858.4273658515887,0.22078969516225186,0.007535759380417204,vit,dp_kfm,pink,0.25,42,1,True
layer,blocks.5.norm2.bias,identity,2.119652170181016,0.0002994617414536997,858.4273658515887,0.28628943544767704,0.009771326950307899,vit,dp_kfm,pink,0.25,42,1,True
layer,blocks.6.norm1.weight,identity,2.1252859425655486,0.0002994617414536997,858.4273658515887,0.21870785490716033,0.007464704219897578,vit,dp_kfm,pink,0.25,42,1,True
layer,blocks.6.norm1.bias,identity,2.108684573441696,0.0002994617414536997,858.4273658515887,0.36021214138385926,0.012294378237982517,vit,dp_kfm,pink,0.25,42,1,True
layer,blocks.6.norm2.weight,identity,2.1191727674254675,0.0002994617414536997,858.4273658515887,0.19669669465870337,0.006713442675764888,vit,dp_kfm,pink,0.25,42,1,True
layer,blocks.6.norm2.bias,identity,2.116025932667967,0.0002994617414536997,858.4273658515887,0.26460706261479916,0.009031287229047405,vit,dp_kfm,pink,0.25,42,1,True
layer,blocks.7.norm1.weight,identity,2.1181934196736822,0.0002994617414536997,858.4273658515887,0.23222024940349967,0.007925894917691939,vit,dp_kfm,pink,0.25,42,1,True
layer,blocks.7.norm1.bias,identity,2.111015219891518,0.0002994617414536997,858.4273658515887,0.3232038632457298,0.011031250994079436,vit,dp_kfm,pink,0.25,42,1,True
layer,blocks.7.norm2.weight,identity,2.104743475772224,0.0002994617414536997,858.4273658515887,0.1462237871066027,0.0049907550011287875,vit,dp_kfm,pink,0.25,42,1,True
layer,blocks.7.norm2.bias,identity,2.1089503370563194,0.0002994617414536997,858.4273658515887,0.21530144866026027,0.0073484403797318115,vit,dp_kfm,pink,0.25,42,1,True
layer,blocks.8.norm1.weight,identity,2.112156992880269,0.0002994617414536997,858.4273658515887,0.29024651709903837,0.00990638585852102,vit,dp_kfm,pink,0.25,42,1,True
layer,blocks.8.norm1.bias,identity,2.118040783450114,0.0002994617414536997,858.4273658515887,0.34628098039159444,0.01181889464690997,vit,dp_kfm,pink,0.25,42,1,True
layer,blocks.8.norm2.weight,identity,2.117671939044415,0.0002994617414536997,858.4273658515887,0.13381775263141912,0.00456732540854096,vit,dp_kfm,pink,0.25,42,1,True
layer,blocks.8.norm2.bias,identity,2.1048452523947563,0.0002994617414536997,858.4273658515887,0.2142371089855917,0.007312113468362867,vit,dp_kfm,pink,0.25,42,1,True
layer,blocks.9.norm1.weight,identity,2.1234807247464653,0.0002994617414536997,858.4273658515887,0.30039924547134017,0.010252908000381764,vit,dp_kfm,pink,0.25,42,1,True
layer,blocks.9.norm1.bias,identity,2.1116122757428797,0.0002994617414536997,858.4273658515887,0.37294046927754376,0.012728808007231368,vit,dp_kfm,pink,0.25,42,1,True
layer,blocks.9.norm2.weight,identity,2.107625879256298,0.0002994617414536997,858.4273658515887,0.49446235016149864,0.016876463780406095,vit,dp_kfm,pink,0.25,42,1,True
layer,blocks.9.norm2.bias,identity,2.1144367079732476,0.0002994617414536997,858.4273658515887,0.20265901164540118,0.006916942146736615,vit,dp_kfm,pink,0.25,42,1,True
layer,blocks.10.norm1.weight,identity,2.117739559020127,0.0002994617414536997,858.4273658515887,0.25536478199979956,0.008715839523076566,vit,dp_kfm,pink,0.25,42,1,True
layer,blocks.10.norm1.bias,identity,2.113388278008456,0.0002994617414536997,858.4273658515887,0.3440310999972955,0.01174210411882985,vit,dp_kfm,pink,0.25,42,1,True
layer,blocks.10.norm2.weight,identity,2.1136358050744515,0.0002994617414536997,858.4273658515887,0.3990154704998801,0.013618772255387117,vit,dp_kfm,pink,0.25,42,1,True
layer,blocks.10.norm2.bias,identity,2.111269342920145,0.0002994617414536997,858.4273658515887,0.16421287518974945,0.005604739449850935,vit,dp_kfm,pink,0.25,42,1,True
layer,blocks.11.norm1.weight,identity,2.115408220580237,0.0002994617414536997,858.4273658515887,0.1963704332065091,0.006702307066392194,vit,dp_kfm,pink,0.25,42,1,True
layer,blocks.11.norm1.bias,identity,2.105536242242038,0.0002994617414536997,858.4273658515887,0.3308339564423692,0.01129167323134816,vit,dp_kfm,pink,0.25,42,1,True
layer,blocks.11.norm2.weight,identity,2.110805898304693,0.0002994617414536997,858.4273658515887,0.15496353119922318,0.005289050664248444,vit,dp_kfm,pink,0.25,42,1,True
layer,blocks.11.norm2.bias,identity,2.1142564145005185,0.0002994617414536997,858.4273658515887,0.14393128095387045,0.00491250961593352,vit,dp_kfm,pink,0.25,42,1,True
layer,norm.weight,identity,2.1074631633382004,0.0002994617414536997,858.4273658515887,0.11376362654401188,0.003882859275879318,vit,dp_kfm,pink,0.25,42,1,True
layer,norm.bias,identity,2.1254644661691398,0.0002994617414536997,858.4273658515887,0.07515061853171011,0.0025649610962518855,vit,dp_kfm,pink,0.25,42,1,True
group,attention_out,attention_out,0.5048310908287214,0.039526345057555375,113304.94541568708,8.492146656214171,0.02522859428629035,vit,dp_kfm,pink,0.25,42,1,True
group,attention_qkv,attention_qkv,0.769937808117438,0.27585958536745653,790770.1867435698,8.812947283069947,0.009910510559437875,vit,dp_kfm,pink,0.25,42,1,True
group,identity,identity,2.1148579429656795,0.07426651188051804,212889.986731194,2.43012221011909,0.005266844511382449,vit,dp_kfm,pink,0.25,42,1,True
group,mlp_fc1,mlp_fc1,0.8086164748030175,0.405742031542985,1163087.0162643706,10.685754026312715,0.009908298212523235,vit,dp_kfm,pink,0.25,42,1,True
group,mlp_fc2,mlp_fc2,0.5416998712330225,0.18137848292552344,519933.70693727233,10.6717275408299,0.014799966831633928,vit,dp_kfm,pink,0.25,42,1,True
group,patch_head,patch_head,0.6671872606988654,0.0232270432259622,66581.8926858357,10.946449075894105,0.042422395916418665,vit,dp_kfm,pink,0.25,42,1,True
layer,patch_embed,patch_head,0.6536893786517941,0.022018228028325686,63116.74204298122,3.5094816840206504,0.013969172923192252,vit,dp_kfm,pink,0.25,42,2,True
layer,blocks.0.attn.q_proj,attention_qkv,0.7344208288377099,0.006972824481740934,19988.073679628284,0.3816675188451376,0.0026996019353099972,vit,dp_kfm,pink,0.25,42,2,True
layer,blocks.0.attn.k_proj,attention_qkv,0.7346243664595535,0.00697793517682401,20002.723833255593,0.584641794070024,0.004133760289259714,vit,dp_kfm,pink,0.25,42,2,True
layer,blocks.0.attn.v_proj,attention_qkv,0.7384578385355913,0.0070540220790800785,20220.832092302036,1.3751201396325865,0.009670326360861724,vit,dp_kfm,pink,0.25,42,2,True
layer,blocks.0.attn.out_proj,attention_out,0.6116372570736668,0.004834318157744383,13857.900450641151,1.56595155094222,0.013302387742969043,vit,dp_kfm,pink,0.25,42,2,True
layer,blocks.0.mlp.fc1,mlp_fc1,0.8540272324881167,0.03770562230948294,108085.72033208638,1.8341187281699596,0.005578832019417266,vit,dp_kfm,pink,0.25,42,2,True
layer,blocks.0.mlp.fc2,mlp_fc2,0.709120060574795,0.025910072697028566,74272.97839905309,2.9631341534442397,0.010872662177512763,vit,dp_kfm,pink,0.25,42,2,True
layer,blocks.1.attn.q_proj,attention_qkv,0.7092866865391722,0.006506830065821535,18652.269122366903,0.23590606867629677,0.001727321889833532,vit,dp_kfm,pink,0.25,42,2,True
layer,blocks.1.attn.k_proj,attention_qkv,0.7100116110118794,0.006507528133176126,18654.270179722425,0.33039577153385014,0.002419052808444805,vit,dp_kfm,pink,0.25,42,2,True
layer,blocks.1.attn.v_proj,attention_qkv,0.7098589445283653,0.006513756939170019,18672.12547401062,1.3677079686147273,0.010009133888478147,vit,dp_kfm,pink,0.25,42,2,True
layer,blocks.1.attn.out_proj,attention_out,0.5647152605937849,0.004123163811047193,11819.32834595192,1.7767670667236206,0.016343087161115405,vit,dp_kfm,pink,0.25,42,2,True
layer,blocks.1.mlp.fc1,mlp_fc1,0.7682076947856891,0.03052915092383989,87513.87900844545,2.3565457803404257,0.00796594702765606,vit,dp_kfm,pink,0.25,42,2,True
layer,blocks.1.mlp.fc2,mlp_fc2,0.5440103223017544,0.015242358320143054,43693.252562445654,1.9620127371230451,0.009386304410386919,vit,dp_kfm,pink,0.25,42,2,True
layer,blocks.2.attn.q_proj,attention_qkv,0.7390072089417707,0.00705582902849625,20226.011835196867,0.36548580010177767,0.0025698950025139235,vit,dp_kfm,pink,0.25,42,2,True
layer,blocks.2.attn.k_proj,attention_qkv,0.7393874158626103,0.007058504809715736,20233.68214330589,0.4813959615325723,0.003384269819655555,vit,dp_kfm,pink,0.25,42,2,True
layer,blocks.2.attn.v_proj,attention_qkv,0.7416050967652714,0.00710414136283853,20364.502414014187,1.8580170410758825,0.01302005417744056,vit,dp_kfm,pink,0.25,42,2,True
layer,blocks.2.attn.out_proj,attention_out,0.579987977138299,0.004346116362713871,12458.43693694597,2.0636189688477233,0.018488332037683547,vit,dp_kfm,pink,0.25,42,2,True
layer,blocks.2.mlp.fc1,mlp_fc1,0.7990004029496606,0.033006271777815656,94614.71372359754,2.4795561096994025,0.00806110541636124,vit,dp_kfm,pink,0.25,42,2,True
layer,blocks.2.mlp.fc2,mlp_fc2,0.5505658399332151,0.015612083388938262,44753.09451539261,2.309828024347419,0.010918629034706964,vit,dp_kfm,pink,0.25,42,2,True
layer,blocks.3.attn.q_proj,attention_qkv,0.7940374701305823,0.008137680518434793,23327.212410076172,0.3936373902846352,0.0025772996923847033,vit,dp_kfm,pink,0.25,42,2,True
layer,blocks.3.attn.k_proj,attention_qkv,0.7937346234946929,0.00813945581440434,23332.30141622203,0.5506098942078462,0.0036046675928407598,vit,dp_kfm,pink,0.25,42,2,True
layer,blocks.3.attn.v_proj,attention_qkv,0.7941884390272235,0.008160728877078622,23393.28209130406,1.7160888291305656,0.011220034320181465,vit,dp_kfm,pink,0.25,42,2,True
layer,blocks.3.attn.out_proj,attention_out,0.5457073278497019,0.003852512511193453,11043.488062415485,1.8338522457087547,0.017450633937948615,vit,dp_kfm,pink,0.25,42,2,True
layer,blocks.3.mlp.fc1,mlp_fc1,0.7870882997447864,0.03203312876184206,91825.13335268333,2.381297984480711,0.00785837881998261,vit,dp_kfm,pink,0.25,42,2,True
layer,blocks.3.mlp.fc2,mlp_fc2,0.5262719656821048,0.014262650630366153,40884.85410941766,2.3237414370954856,0.01149228999076318,vit,dp_kfm,pink,0.25,42,2,True
layer,blocks.4.attn.q_proj,attention_qkv,0.7838156138483,0.007937924617363134,22754.598589232544,0.517148770206753,0.003428316484804354,vit,dp_kfm,pink,0.25,42,2,True
layer,blocks.4.attn.k_proj,attention_qkv,0.7845553382325635,0.007957623447459594,22811.066619999816,0.7515469375494219,0.004976033700872913,vit,dp_kfm,pink,0.25,42,2,True
layer,blocks.4.attn.v_proj,attention_qkv,0.7842993271648964,0.007953121576297111,22798.161701379355,1.5814403075970196,0.01047376653428796,vit,dp_kfm,pink,0.25,42,2,True
layer,blocks.4.attn.out_proj,attention_out,0.525132212316916,0.003564747221994954,10218.58936920995,1.6687423573149538,0.016507975510301618,vit,dp_kfm,pink,0.25,42,2,True
layer,blocks.4.mlp.fc1,mlp_fc1,0.7819543139949368,0.031624836958206,90654.73724200587,2.1612889524969976,0.0071782335079762834,vit,dp_kfm,pink,0.25,42,2,True
layer,blocks.4.mlp.fc2,mlp_fc2,0.524574647188319,0.014176571207022499,40638.10161183221,2.152176115888979,0.010676062350180615,vit,dp_kfm,pink,0.25,42,2,True
layer,blocks.5.attn.q_proj,attention_qkv,0.7910266706359766,0.008091686459531953,23195.367324833747,0.3735617224330665,0.002452797766078603,vit,dp_kfm,pink,0.25,42,2,True
layer,blocks.5.attn.k_proj,attention_qkv,0.7914327858933281,0.008092964686998055,23199.031450445775,0.5522092381843966,0.00362550694221456,vit,dp_kfm,pink,0.25,42,2,True
layer,blocks.5.attn.v_proj,attention_qkv,0.7924648825072683,0.008113637032443957,23258.290128903354,1.5445580787046354,0.010127805480878138,vit,dp_kfm,pink,0.25,42,2,True
layer,blocks.5.attn.out_proj,attention_out,0.5488841514415025,0.003894619728444107,11164.191252787543,1.5606313095840976,0.014770210394389334,vit,dp_kfm,pink,0.25,42,2,True
layer,blocks.5.mlp.fc1,mlp_fc1,0.7700510552205558,0.030660102566639463,87889.26076251041,2.0387486231507546,0.006876948546241736,vit,dp_kfm,pink,0.25,42,2,True
layer,blocks.5.mlp.fc2,mlp_fc2,0.5077611316101207,0.013279887311154462,38067.69648764211,1.840121499877612,0.009431227056634702,vit,dp_kfm,pink,0.25,42,2,True
layer,blocks.6.attn.q_proj,attention_qkv,0.7502036433887617,0.007274217010755798,20852.03577880518,0.34908530763563606,0.0024174491063781688,vit,dp_kfm,pink,0.25,42,2,True
layer,blocks.6.attn.k_proj,attention_qkv,0.7502733868045831,0.007280846388043382,20871.03933783949,0.5325420939951497,0.003686225535799582,vit,dp_kfm,pink,0.25,42,2,True
layer,blocks.6.attn.v_proj,attention_qkv,0.7526309578167981,0.007319767518407142,20982.609394341358,1.5732942809774166,0.010861260147108991,vit,dp_kfm,pink,0.25,42,2,True
layer,blocks.6.attn.out_proj,attention_out,0.47940079008150754,0.0029712542901980787,8517.301680102319,1.7676523124853025,0.019153397888159156,vit,dp_kfm,pink,0.25,42,2,True
layer,blocks.6.mlp.fc1,mlp_fc1,0.772131062074287,0.030817073623205835,88339.22892855715,2.0550830644366838,0.006914369403691099,vit,dp_kfm,pink,0.25,42,2,True
layer,blocks.6.mlp.fc2,mlp_fc2,0.4991140600754122,0.012829509298315013,36776.657407582956,1.8842328177351106,0.009825359202455525,vit,dp_kfm,pink,0.25,42,2,True
layer,blocks.7.attn.q_proj,attention_qkv,0.7503257930727664,0.007276923188486448,20859.793220572632,0.32868506617237625,0.002275752208258033,vit,dp_kfm,pink,0.25,42,2,True
layer,blocks.7.attn.k_proj,attention_qkv,0.750237354676301,0.007271398952922577,20843.957625145933,0.4540797803117118,0.003145155141871006,vit,dp_kfm,pink,0.25,42,2,True
layer,blocks.7.attn.v_proj,attention_qkv,0.7510807585063319,0.007293985602088321,20908.703784881152,1.5905627228911339,0.010999862208499406,vit,dp_kfm,pink,0.25,42,2,True
layer,blocks.7.attn.out_proj,attention_out,0.4798075825184835,0.0029750914490872912,8528.30115596735,1.5824471144498609,0.017135545747478314,vit,dp_kfm,pink,0.25,42,2,True
layer,blocks.7.mlp.fc1,mlp_fc1,0.8001472200615731,0.03311237065477274,94918.85334097935,1.9715155526545072,0.006399174687191885,vit,dp_kfm,pink,0.25,42,2,True
layer,blocks.7.mlp.fc2,mlp_fc2,0.5189423124795921,0.013869790425919513,39758.69372307253,1.9454049643977984,0.009756498142872928,vit,dp_kfm,pink,0.25,42,2,True
layer,blocks.8.attn.q_proj,attention_qkv,0.7600354269999423,0.0074750267065778865,21427.670373679495,0.34213536436391645,0.0023372786301850777,vit,dp_kfm,pink,0.25,42,2,True
layer,blocks.8.attn.k_proj,attention_qkv,0.7599984740704266,0.007467997955112235,21407.521981512306,0.5052584150922997,0.003453268571608731,vit,dp_kfm,pink,0.25,42,2,True
layer,blocks.8.attn.v_proj,attention_qkv,0.762786326604488,0.007525375835399029,21571.999561832312,1.6382998416034953,0.011154450687621296,vit,dp_kfm,pink,0.25,42,2,True
layer,blocks.8.attn.out_proj,attention_out,0.42736717893794485,0.002360433859631804,6766.343542097838,1.6275587641208693,0.019786075228601145,vit,dp_kfm,pink,0.25,42,2,True
layer,blocks.8.mlp.fc1,mlp_fc1,0.8304822510257553,0.03566475234191893,102235.42833219058,1.9199729608769234,0.006004742689693693,vit,dp_kfm,pink,0.25,42,2,True
layer,blocks.8.mlp.fc2,mlp_fc2,0.5255742067905275,0.014224342678325287,40775.04177011183,1.7406792857370956,0.008620283598389416,vit,dp_kfm,pink,0.25,42,2,True
layer,blocks.9.attn.q_proj,attention_qkv,0.7858990054462628,0.00798730521668656,22896.15142197718,0.34981473758015225,0.0023118351249341008,vit,dp_kfm,pink,0.25,42,2,True
layer,blocks.9.attn.k_proj,attention_qkv,0.7859320719721756,0.00797988355412471,22874.87672353898,0.5334311903674864,0.0035269477405353846,vit,dp_kfm,pink,0.25,42,2,True
layer,blocks.9.attn.v_proj,attention_qkv,0.7886304654829669,0.008037510247685216,23040.067543961213,1.4899806635997046,0.00981609512531729,vit,dp_kfm,pink,0.25,42,2,True
layer,blocks.9.attn.out_proj,attention_out,0.415807999193751,0.002233138499103322,6401.442768819955,1.4814990554795588,0.018516651182437956,vit,dp_kfm,pink,0.25,42,2,True
layer,blocks.9.mlp.fc1,mlp_fc1,0.8535000919501327,0.03766704020704024,107975.12212208407,1.7787531902709575,0.00541319709475665,vit,dp_kfm,pink,0.25,42,2,True
layer,blocks.9.mlp.fc2,mlp_fc2,0.5336908649693438,0.01466960218965774,42051.40831890051,1.5072779627561035,0.007350266353798037,vit,dp_kfm,pink,0.25,42,2,True
layer,blocks.10.attn.q_proj,attention_qkv,0.8107808286752111,0.008494644800344673,24350.474703067062,0.30302727705469323,0.0019419051224404754,vit,dp_kfm,pink,0.25,42,2,True
layer,blocks.10.attn.k_proj,attention_qkv,0.8103847982751754,0.00848930510695627,24335.16811028622,0.4938895321359824,0.00316601265249618,vit,dp_kfm,pink,0.25,42,2,True
layer,blocks.10.attn.v_proj,attention_qkv,0.8123573968505503,0.00853367715078625,24462.36357945567,1.424467861318967,0.009107589480921012,vit,dp_kfm,pink,0.25,42,2,True
layer,blocks.10.attn.out_proj,attention_out,0.430589847849326,0.002398195602759264,6874.590136555959,1.4234140324590132,0.017167530894391058,vit,dp_kfm,pink,0.25,42,2,True
layer,blocks.10.mlp.fc1,mlp_fc1,0.8599133410098916,0.03824982350781636,109645.7099284568,1.6140879055836552,0.004874514441775905,vit,dp_kfm,pink,0.25,42,2,True
layer,blocks.10.mlp.fc2,mlp_fc2,0.5309385975488202,0.014523667392342345,41633.07633753492,1.2838180427968477,0.006291934944201988,vit,dp_kfm,pink,0.25,42,2,True
layer,blocks.11.attn.q_proj,attention_qkv,0.8202131541239036,0.008701799761794844,24944.298431659194,0.4532380622754259,0.0028697279478386087,vit,dp_kfm,pink,0.25,42,2,True
layer,blocks.11.attn.k_proj,attention_qkv,0.819910944576416,0.008695842218925817,24927.220731492256,0.6000891389856253,0.003800833426516985,vit,dp_kfm,pink,0.25,42,2,True
layer,blocks.11.attn.v_proj,attention_qkv,0.822241026783221,0.00874218280243127,25060.05915298001,1.4162171284304452,0.008946203991917017,vit,dp_kfm,pink,0.25,42,2,True
layer,blocks.11.attn.out_proj,attention_out,0.4237969506681325,0.002324593731675718,6663.605387688633,1.2609759142228398,0.015447284879802492,vit,dp_kfm,pink,0.25,42,2,True
layer,blocks.11.mlp.fc1,mlp_fc1,0.8209779662841299,0.034860534604882885,99930.08371546621,1.31032906620478,0.004145073627631923,vit,dp_kfm,pink,0.25,42,2,True
layer,blocks.11.mlp.fc2,mlp_fc2,0.48913995099544444,0.012327276481178812,35336.97301863406,1.2664803400864908,0.006737267327946115,vit,dp_kfm,pink,0.25,42,2,True
layer,head,patch_head,1.3158981707803903,0.0011646800632469647,3338.6342906428736,5.050687704246097,0.08741100048288307,vit,dp_kfm,pink,0.25,42,2,True
layer,cls_token,identity,2.0945384662532476,0.00029796976330877765,854.1505094403578,0.11676261954677376,0.003995182545366639,vit,dp_kfm,pink,0.25,42,2,True
layer,pos_embed,identity,2.1084737647112197,0.05870004337182889,168267.65035974982,0.4580678037408521,0.0011166818370326266,vit,dp_kfm,pink,0.25,42,2,True
layer,blocks.0.norm1.weight,identity,2.099560711652809,0.00029796976330877765,854.1505094403578,0.5546179974012633,0.01897696498386717,vit,dp_kfm,pink,0.25,42,2,True
layer,blocks.0.norm1.bias,identity,2.1078885588723866,0.00029796976330877765,854.1505094403578,0.34724206615381426,0.011881331945957526,vit,dp_kfm,pink,0.25,42,2,True
layer,blocks.0.norm2.weight,identity,2.12798684533936,0.00029796976330877765,854.1505094403578,0.18204487858205756,0.006228898633890935,vit,dp_kfm,pink,0.25,42,2,True
layer,blocks.0.norm2.bias,identity,2.0975139307130353,0.00029796976330877765,854.1505094403578,0.14929926218187803,0.005108465437144593,vit,dp_kfm,pink,0.25,42,2,True
layer,blocks.1.norm1.weight,identity,2.0960857858653377,0.00029796976330877765,854.1505094403578,0.2474825492947877,0.008467932331967748,vit,dp_kfm,pink,0.25,42,2,True
layer,blocks.1.norm1.bias,identity,2.10745127577546,0.00029796976330877765,854.1505094403578,0.2821619783571388,0.009654533405247755,vit,dp_kfm,pink,0.25,42,2,True
layer,blocks.1.norm2.weight,identity,2.112605326112857,0.00029796976330877765,854.1505094403578,0.28240545491268015,0.009662864267373674,vit,dp_kfm,pink,0.25,42,2,True
layer,blocks.1.norm2.bias,identity,2.0944668657830388,0.00029796976330877765,854.1505094403578,0.24378293546376553,0.00834134530728751,vit,dp_kfm,pink,0.25,42,2,True
layer,blocks.2.norm1.weight,identity,2.1123250974705887,0.00029796976330877765,854.1505094403578,0.24260808613479531,0.008301146333071663,vit,dp_kfm,pink,0.25,42,2,True
layer,blocks.2.norm1.bias,identity,2.117989486897981,0.00029796976330877765,854.1505094403578,0.3012255157386668,0.010306816748112594,vit,dp_kfm,pink,0.25,42,2,True
layer,blocks.2.norm2.weight,identity,2.10840289616631,0.00029796976330877765,854.1505094403578,0.20329134913505648,0.006955873830520404,vit,dp_kfm,pink,0.25,42,2,True
layer,blocks.2.norm2.bias,identity,2.105073924659609,0.00029796976330877765,854.1505094403578,0.26965397407975816,0.009226556022072096,vit,dp_kfm,pink,0.25,42,2,True
layer,blocks.3.norm1.weight,identity,2.1014887498943606,0.00029796976330877765,854.1505094403578,0.1937377989932289,0.006628986878848127,vit,dp_kfm,pink,0.25,42,2,True
layer,blocks.3.norm1.bias,identity,2.089712970526856,0.00029796976330877765,854.1505094403578,0.27509066270097426,0.009412579285068313,vit,dp_kfm,pink,0.25,42,2,True
layer,blocks.3.norm2.weight,identity,2.099973700617273,0.00029796976330877765,854.1505094403578,0.19385914841349042,0.006633139004653472,vit,dp_kfm,pink,0.25,42,2,True
layer,blocks.3.norm2.bias,identity,2.0957289523140994,0.00029796976330877765,854.1505094403578,0.2222297780920421,0.00760387642843493,vit,dp_kfm,pink,0.25,42,2,True
layer,blocks.4.norm1.weight,identity,2.1082943432809365,0.00029796976330877765,854.1505094403578,0.18461629071461552,0.006316882792766581,vit,dp_kfm,pink,0.25,42,2,True
layer,blocks.4.norm1.bias,identity,2.1066854319347503,0.00029796976330877765,854.1505094403578,0.276975791221445,0.009477081371352362,vit,dp_kfm,pink,0.25,42,2,True
layer,blocks.4.norm2.weight,identity,2.1062591736957716,0.00029796976330877765,854.1505094403578,0.1609915082389141,0.005508530608211516,vit,dp_kfm,pink,0.25,42,2,True
layer,blocks.4.norm2.bias,identity,2.0995348243645577,0.00029796976330877765,854.1505094403578,0.20104930622714265,0.006879159461431825,vit,dp_kfm,pink,0.25,42,2,True
layer,blocks.5.norm1.weight,identity,2.1059693742312926,0.00029796976330877765,854.1505094403578,0.1584432472415477,0.005421338595072083,vit,dp_kfm,pink,0.25,42,2,True
layer,blocks.5.norm1.bias,identity,2.107256750097129,0.00029796976330877765,854.1505094403578,0.2130502829704817,0.007289788248268293,vit,dp_kfm,pink,0.25,42,2,True
layer,blocks.5.norm2.weight,identity,2.1071590030496132,0.00029796976330877765,854.1505094403578,0.14095282020764144,0.004822881237159868,vit,dp_kfm,pink,0.25,42,2,True
layer,blocks.5.norm2.bias,identity,2.110382798744512,0.00029796976330877765,854.1505094403578,0.17304685344181267,0.005921019681512037,vit,dp_kfm,pink,0.25,42,2,True
layer,blocks.6.norm1.weight,identity,2.099708693105819,0.00029796976330877765,854.1505094403578,0.1403489549846161,0.004802219215288922,vit,dp_kfm,pink,0.25,42,2,True
layer,blocks.6.norm1.bias,identity,2.091433790294426,0.00029796976330877765,854.1505094403578,0.21918527677463873,0.007499704917296789,vit,dp_kfm,pink,0.25,42,2,True
layer,blocks.6.norm2.weight,identity,2.1129770485755714,0.00029796976330877765,854.1505094403578,0.12056106024646701,0.004125151057908837,vit,dp_kfm,pink,0.25,42,2,True
layer,blocks.6.norm2.bias,identity,2.104707258525565,0.00029796976330877765,854.1505094403578,0.14738474321829906,0.005042957719214371,vit,dp_kfm,pink,0.25,42,2,True
layer,blocks.7.norm1.weight,identity,2.111542975072368,0.00029796976330877765,854.1505094403578,0.12632819567419618,0.004322480981535631,vit,dp_kfm,pink,0.25,42,2,True
layer,blocks.7.norm1.bias,identity,2.1112907825206113,0.00029796976330877765,854.1505094403578,0.17753530024668474,0.006074597636513703,vit,dp_kfm,pink,0.25,42,2,True
layer,blocks.7.norm2.weight,identity,2.120489007357697,0.00029796976330877765,854.1505094403578,0.08913469859424754,0.003049857851703998,vit,dp_kfm,pink,0.25,42,2,True
layer,blocks.7.norm2.bias,identity,2.1154147225778273,0.00029796976330877765,854.1505094403578,0.1184664724443859,0.004053482054086428,vit,dp_kfm,pink,0.25,42,2,True
layer,blocks.8.norm1.weight,identity,2.0966270478156113,0.00029796976330877765,854.1505094403578,0.17523550747488273,0.005995907281881993,vit,dp_kfm,pink,0.25,42,2,True
layer,blocks.8.norm1.bias,identity,2.1046478929300063,0.00029796976330877765,854.1505094403578,0.17518547353527536,0.005994195306568562,vit,dp_kfm,pink,0.25,42,2,True
layer,blocks.8.norm2.weight,identity,2.1007270440265984,0.00029796976330877765,854.1505094403578,0.06910285394484338,0.00236444263572611,vit,dp_kfm,pink,0.25,42,2,True
layer,blocks.8.norm2.bias,identity,2.1102948341569077,0.00029796976330877765,854.1505094403578,0.10413024771673927,0.0035629497671210513,vit,dp_kfm,pink,0.25,42,2,True
layer,blocks.9.norm1.weight,identity,2.1075169967327367,0.00029796976330877765,854.1505094403578,0.15931305186321035,0.005451100074009735,vit,dp_kfm,pink,0.25,42,2,True
layer,blocks.9.norm1.bias,identity,2.10232060171635,0.00029796976330877765,854.1505094403578,0.18075268965378938,0.006184684735028685,vit,dp_kfm,pink,0.25,42,2,True
layer,blocks.9.norm2.weight,identity,2.1225174766272494,0.00029796976330877765,854.1505094403578,0.2917847146838057,0.009983787650829022,vit,dp_kfm,pink,0.25,42,2,True
layer,blocks.9.norm2.bias,identity,2.105145709272154,0.00029796976330877765,854.1505094403578,0.10309754200068856,0.003527614418639825,vit,dp_kfm,pink,0.25,42,2,True
layer,blocks.10.norm1.weight,identity,2.115520301238627,0.00029796976330877765,854.1505094403578,0.12246009027125017,0.004190128801964178,vit,dp_kfm,pink,0.25,42,2,True
layer,blocks.10.norm1.bias,identity,2.1118144171979196,0.00029796976330877765,854.1505094403578,0.16499453949309023,0.005645499448558877,vit,dp_kfm,pink,0.25,42,2,True
layer,blocks.10.norm2.weight,identity,2.1043967439119893,0.00029796976330877765,854.1505094403578,0.09481467824916444,0.00324420562895878,vit,dp_kfm,pink,0.25,42,2,True
layer,blocks.10.norm2.bias,identity,2.1194807694228004,0.00029796976330877765,854.1505094403578,0.07897257346217426,0.0027021477274443433,vit,dp_kfm,pink,0.25,42,2,True
layer,blocks.11.norm1.weight,identity,2.1098196229704897,0.00029796976330877765,854.1505094403578,0.13286842994095968,0.004546263471913172,vit,dp_kfm,pink,0.25,42,2,True
layer,blocks.11.norm1.bias,identity,2.0977370265512865,0.00029796976330877765,854.1505094403578,0.15349669051591472,0.005252085822509902,vit,dp_kfm,pink,0.25,42,2,True
layer,blocks.11.norm2.weight,identity,2.107911177057264,0.00029796976330877765,854.1505094403578,0.09575799345258643,0.003276482366583538,vit,dp_kfm,pink,0.25,42,2,True
layer,blocks.11.norm2.bias,identity,2.1020618847164103,0.00029796976330877765,854.1505094403578,0.07213602320699837,0.0024682264060829386,vit,dp_kfm,pink,0.25,42,2,True
layer,norm.weight,identity,2.12523737641574,0.00029796976330877765,854.1505094403578,0.061098102569113584,0.002090549817113009,vit,dp_kfm,pink,0.25,42,2,True
layer,norm.bias,identity,2.1132345733277575,0.00029796976330877765,854.1505094403578,0.03053621246052668,0.0010448356117518656,vit,dp_kfm,pink,0.25,42,2,True
group,attention_out,attention_out,0.5070225723895901,0.03987818522559362,114313.51908918441,5.7150219186852445,0.01690320673385905,vit,dp_kfm,pink,0.25,42,2,True
group,attention_qkv,attention_qkv,0.7703994175420485,0.2761838851244035,791699.8139632312,5.857018142207294,0.006582582302397007,vit,dp_kfm,pink,0.25,42,2,True
group,identity,identity,2.108681819285776,0.07389650130057707,211829.32634120897,1.5466494223507474,0.0033604608578841726,vit,dp_kfm,pink,0.25,42,2,True
group,mlp_fc1,mlp_fc1,0.8088013539630384,0.40593070823746297,1163627.8707890592,7.000172867333849,0.0064893576099795385,vit,dp_kfm,pink,0.25,42,2,True
group,mlp_fc2,mlp_fc2,0.5410268979706863,0.1809278120203921,518641.82826161874,6.888340893080283,0.009564909423523877,vit,dp_kfm,pink,0.25,42,2,True
group,patch_head,patch_head,0.6664443756874764,0.023182908091572762,66455.37633362415,6.176568446420763,0.023959745330634104,vit,dp_kfm,pink,0.25,42,2,True
layer,patch_embed,patch_head,0.6546389128885526,0.022067916582739013,63259.177649850615,3.1108712139126817,0.01236859192890429,vit,dp_kfm,pink,0.25,42,3,True
layer,blocks.0.attn.q_proj,attention_qkv,0.7345394364499461,0.006973158138238476,19989.03012857863,0.3301089191489583,0.002334862969095968,vit,dp_kfm,pink,0.25,42,3,True
layer,blocks.0.attn.k_proj,attention_qkv,0.7346436720888446,0.006978455666769352,20004.215852939153,0.4830853591425486,0.0034155693639315306,vit,dp_kfm,pink,0.25,42,3,True
layer,blocks.0.attn.v_proj,attention_qkv,0.7390248751273306,0.007064708342932859,20251.464991467656,1.1854332421574387,0.008330074372084372,vit,dp_kfm,pink,0.25,42,3,True
layer,blocks.0.attn.out_proj,attention_out,0.6127991422914071,0.004852603788223829,13910.317448983571,1.367829044878412,0.011597471149956155,vit,dp_kfm,pink,0.25,42,3,True
layer,blocks.0.mlp.fc1,mlp_fc1,0.8540644345993721,0.037714138131448104,108110.13151256747,1.5682533607322147,0.00476961175534859,vit,dp_kfm,pink,0.25,42,3,True
layer,blocks.0.mlp.fc2,mlp_fc2,0.7103485235619003,0.025987792902779968,74495.76863319987,2.5293191470695007,0.009266971532999085,vit,dp_kfm,pink,0.25,42,3,True
layer,blocks.1.attn.q_proj,attention_qkv,0.7094054732268983,0.006515502992228495,18677.130653371136,0.20165682150796516,0.001475563280312736,vit,dp_kfm,pink,0.25,42,3,True
layer,blocks.1.attn.k_proj,attention_qkv,0.7100969593967945,0.006516507366001179,18680.009758821692,0.2723029413275337,0.001992341508164761,vit,dp_kfm,pink,0.25,42,3,True
layer,blocks.1.attn.v_proj,attention_qkv,0.7102469580391408,0.0065235699588280386,18700.255159543005,1.163357021436526,0.008507251051834891,vit,dp_kfm,pink,0.25,42,3,True
layer,blocks.1.attn.out_proj,attention_out,0.5652976485421324,0.0041299172298380985,11838.687478357291,1.4842322119405242,0.013641121423332247,vit,dp_kfm,pink,0.25,42,3,True
layer,blocks.1.mlp.fc1,mlp_fc1,0.7688437973938994,0.030555706242112752,87590.00162699308,1.992636770392058,0.00673287998187795,vit,dp_kfm,pink,0.25,42,3,True
layer,blocks.1.mlp.fc2,mlp_fc2,0.5446504099246806,0.015286455110878339,43819.65899997491,1.6321352147606387,0.007796894151019781,vit,dp_kfm,pink,0.25,42,3,True
layer,blocks.2.attn.q_proj,attention_qkv,0.7398145433523328,0.0070740960770062184,20278.375567065115,0.315459841024491,0.002215274248345387,vit,dp_kfm,pink,0.25,42,3,True
layer,blocks.2.attn.k_proj,attention_qkv,0.7398851538967965,0.0070778294151526205,20289.07743373874,0.41903110517180614,0.00294181333686778,vit,dp_kfm,pink,0.25,42,3,True
layer,blocks.2.attn.v_proj,attention_qkv,0.7426429607091913,0.007129027938784484,20435.84146965004,1.5794173851749742,0.011048432116102656,vit,dp_kfm,pink,0.25,42,3,True
layer,blocks.2.attn.out_proj,attention_out,0.5816099895652025,0.004371721909384539,12531.836970863551,1.734651036812203,0.015495469938113486,vit,dp_kfm,pink,0.25,42,3,True
layer,blocks.2.mlp.fc1,mlp_fc1,0.7997161499028638,0.03310075750889596,94885.5634717098,2.1092715687706676,0.006847506107419275,vit,dp_kfm,pink,0.25,42,3,True
layer,blocks.2.mlp.fc2,mlp_fc2,0.5521539376238607,0.015707333312786585,45026.13487383635,1.9533640998910906,0.00920557387894674,vit,dp_kfm,pink,0.25,42,3,True
layer,blocks.3.attn.q_proj,attention_qkv,0.7945351871763177,0.008159841201056822,23390.737507861028,0.33054646524202114,0.0021612776364023025,vit,dp_kfm,pink,0.25,42,3,True
layer,blocks.3.attn.k_proj,attention_qkv,0.7946249037452982,0.008162289852763335,23397.756733836617,0.4641705416092696,0.003034523212915278,vit,dp_kfm,pink,0.25,42,3,True
layer,blocks.3.attn.v_proj,attention_qkv,0.7957840624398248,0.008185861124869078,23465.325381922616,1.4360551742368424,0.009374709864852155,vit,dp_kfm,pink,0.25,42,3,True
layer,blocks.3.attn.out_proj,attention_out,0.5457274691018535,0.0038532460558426684,11045.590817838905,1.5431205016902723,0.014682681087183342,vit,dp_kfm,pink,0.25,42,3,True
layer,blocks.3.mlp.fc1,mlp_fc1,0.7880321106929334,0.03209983502222881,92016.35136641572,1.9823887886055915,0.006535161560765277,vit,dp_kfm,pink,0.25,42,3,True
layer,blocks.3.mlp.fc2,mlp_fc2,0.5279604758445658,0.014359671010868564,41162.96960178198,1.9496296508002566,0.009609455323701513,vit,dp_kfm,pink,0.25,42,3,True
layer,blocks.4.attn.q_proj,attention_qkv,0.7846727895681314,0.007952630804872364,22796.754871848145,0.4316708724936514,0.002859013660309355,vit,dp_kfm,pink,0.25,42,3,True
layer,blocks.4.attn.k_proj,attention_qkv,0.7853312569930585,0.007975098621016979,22861.160388679255,0.6249565073653706,0.004133335510760103,vit,dp_kfm,pink,0.25,42,3,True
layer,blocks.4.attn.v_proj,attention_qkv,0.7849050828378694,0.007970286595731247,22847.366392256277,1.3647058920151538,0.009028612074560557,vit,dp_kfm,pink,0.25,42,3,True
layer,blocks.4.attn.out_proj,attention_out,0.5256509543684493,0.0035732952781735486,10243.092951246597,1.4224263582496457,0.014054462287826112,vit,dp_kfm,pink,0.25,42,3,True
layer,blocks.4.mlp.fc1,mlp_fc1,0.7824143508175111,0.03165573029992163,90743.29509858775,1.8038316502068488,0.005988095667045649,vit,dp_kfm,pink,0.25,42,3,True
layer,blocks.4.mlp.fc2,mlp_fc2,0.524848307990419,0.014191205925688356,40680.05302416789,1.81215129237129,0.008984702428596046,vit,dp_kfm,pink,0.25,42,3,True
layer,blocks.5.attn.q_proj,attention_qkv,0.7915472152955351,0.00809653139911509,23209.25567231978,0.311544434449931,0.002044981534807285,vit,dp_kfm,pink,0.25,42,3,True
layer,blocks.5.attn.k_proj,attention_qkv,0.791536513855495,0.008098803773877599,23215.769588495175,0.4641327133833935,0.0030461454557165696,vit,dp_kfm,pink,0.25,42,3,True
layer,blocks.5.attn.v_proj,attention_qkv,0.7930974156436751,0.008119693012559562,23275.650006105167,1.2737282942786825,0.008348835174743266,vit,dp_kfm,pink,0.25,42,3,True
layer,blocks.5.attn.out_proj,attention_out,0.5477475916689678,0.003877102167049581,11113.975976501846,1.2756997360777254,0.012100790408885084,vit,dp_kfm,pink,0.25,42,3,True
layer,blocks.5.mlp.fc1,mlp_fc1,0.7706512699306338,0.030710045982600187,88032.42694726813,1.6192254905437369,0.0054574026139303155,vit,dp_kfm,pink,0.25,42,3,True
layer,blocks.5.mlp.fc2,mlp_fc2,0.5082357537785995,0.013309162475945878,38151.61573046352,1.4639002211398846,0.007494713035099353,vit,dp_kfm,pink,0.25,42,3,True
layer,blocks.6.attn.q_proj,attention_qkv,0.7520847725860155,0.007316442445825694,20973.077848563786,0.28287158582266503,0.0019532518339349866,vit,dp_kfm,pink,0.25,42,3,True
layer,blocks.6.attn.k_proj,attention_qkv,0.7530295852832645,0.007323590229806834,20993.56745549908,0.4311407059735636,0.002975609291018666,vit,dp_kfm,pink,0.25,42,3,True
layer,blocks.6.attn.v_proj,attention_qkv,0.7546473609899147,0.007362242089226963,21104.36562860199,1.2481756107690467,0.008591906477230456,vit,dp_kfm,pink,0.25,42,3,True
layer,blocks.6.attn.out_proj,attention_out,0.4810822896417111,0.002991740570439707,8576.026990048584,1.4147344766342589,0.015276781522598449,vit,dp_kfm,pink,0.25,42,3,True
layer,blocks.6.mlp.fc1,mlp_fc1,0.7732364844255983,0.03090417823656621,88588.92020276708,1.5952124517482849,0.005359556170391675,vit,dp_kfm,pink,0.25,42,3,True
layer,blocks.6.mlp.fc2,mlp_fc2,0.49952974227066727,0.012855826666201343,36852.09792523066,1.4374088792445647,0.007487713435188759,vit,dp_kfm,pink,0.25,42,3,True
layer,blocks.7.attn.q_proj,attention_qkv,0.7519441878786122,0.007311584099300551,20959.151069170333,0.25102508371916915,0.001733924873167088,vit,dp_kfm,pink,0.25,42,3,True
layer,blocks.7.attn.k_proj,attention_qkv,0.7516424626054687,0.007305773426685626,20942.49438253501,0.3568047225168328,0.002465564623554838,vit,dp_kfm,pink,0.25,42,3,True
layer,blocks.7.attn.v_proj,attention_qkv,0.7530966559427187,0.007327393123177871,21004.46870693529,1.2125762268842137,0.008366680773558174,vit,dp_kfm,pink,0.25,42,3,True
layer,blocks.7.attn.out_proj,attention_out,0.48075876920375465,0.0029855646892720336,8558.323408359498,1.1734314473611138,0.012684208608369406,vit,dp_kfm,pink,0.25,42,3,True
layer,blocks.7.mlp.fc1,mlp_fc1,0.8025218638253833,0.03329126756207218,95431.67344329505,1.4382309265746698,0.00465567175955203,vit,dp_kfm,pink,0.25,42,3,True
layer,blocks.7.mlp.fc2,mlp_fc2,0.5202562393371053,0.01393712800879261,39951.72146547472,1.3514265375217973,0.0067612141884442,vit,dp_kfm,pink,0.25,42,3,True
layer,blocks.8.attn.q_proj,attention_qkv,0.7624241842276834,0.007515702225767044,21544.269504582513,0.24892352661683775,0.0016958992910300352,vit,dp_kfm,pink,0.25,42,3,True
layer,blocks.8.attn.k_proj,attention_qkv,0.7621818728412546,0.007509880959758019,21527.582451265334,0.3609369719585565,0.0024599922557589364,vit,dp_kfm,pink,0.25,42,3,True
layer,blocks.8.attn.v_proj,attention_qkv,0.7653297411486549,0.007567167971518371,21691.79955079965,1.1183251652698125,0.007593120753097624,vit,dp_kfm,pink,0.25,42,3,True
layer,blocks.8.attn.out_proj,attention_out,0.42800776896727055,0.00236837608600271,6789.1104719550285,1.103474060629116,0.01339231608220368,vit,dp_kfm,pink,0.25,42,3,True
layer,blocks.8.mlp.fc1,mlp_fc1,0.8309694364893356,0.035702321559750304,102343.1230398469,1.3270241744633946,0.004148102714354775,vit,dp_kfm,pink,0.25,42,3,True
layer,blocks.8.mlp.fc2,mlp_fc2,0.524122025050312,0.014150484505502865,40563.32231494969,1.1687400695143655,0.005802981347283535,vit,dp_kfm,pink,0.25,42,3,True
layer,blocks.9.attn.q_proj,attention_qkv,0.7855242038706824,0.007973345550518004,22856.135093350073,0.2541990128341295,0.0016814054954049193,vit,dp_kfm,pink,0.25,42,3,True
layer,blocks.9.attn.k_proj,attention_qkv,0.7849845149449243,0.007965415883600961,22833.404166018237,0.3854156474744382,0.0025506097210803358,vit,dp_kfm,pink,0.25,42,3,True
layer,blocks.9.attn.v_proj,attention_qkv,0.7873322969786744,0.008020323309893223,22990.800022627256,0.9993948173150254,0.0065911326326375105,vit,dp_kfm,pink,0.25,42,3,True
layer,blocks.9.attn.out_proj,attention_out,0.41777045147693426,0.002255038960478964,6464.221924776192,0.9653391654741903,0.012006648528270311,vit,dp_kfm,pink,0.25,42,3,True
layer,blocks.9.mlp.fc1,mlp_fc1,0.8517053476968937,0.03750951704511517,107523.57130862998,1.1669398466716416,0.0035587430278060635,vit,dp_kfm,pink,0.25,42,3,True
layer,blocks.9.mlp.fc2,mlp_fc2,0.5289333143867352,0.014402438041115408,41285.5641907996,0.9513907601079846,0.004682306267758025,vit,dp_kfm,pink,0.25,42,3,True
layer,blocks.10.attn.q_proj,attention_qkv,0.8077576715009251,0.008435796390926079,24181.781751384933,0.213258306182959,0.0013713926163630874,vit,dp_kfm,pink,0.25,42,3,True
layer,blocks.10.attn.k_proj,attention_qkv,0.8073890928292611,0.00843051145353707,24166.632120385228,0.34555892924529336,0.002222869946212344,vit,dp_kfm,pink,0.25,42,3,True
layer,blocks.10.attn.v_proj,attention_qkv,0.8093689341298879,0.00847428035612924,24292.098644342375,0.8925835148930906,0.005726857062061354,vit,dp_kfm,pink,0.25,42,3,True
layer,blocks.10.attn.out_proj,attention_out,0.4293515348127766,0.002384552341462524,6835.480803925688,0.8651001304308658,0.010463617209842851,vit,dp_kfm,pink,0.25,42,3,True
layer,blocks.10.mlp.fc1,mlp_fc1,0.8575753799476126,0.03805366084247748,109083.39636122818,0.9950229382175082,0.00301268528984549,vit,dp_kfm,pink,0.25,42,3,True
layer,blocks.10.mlp.fc2,mlp_fc2,0.5253915804245545,0.014215020671914807,40748.31960731209,0.796007525813006,0.003943322727446064,vit,dp_kfm,pink,0.25,42,3,True
layer,blocks.11.attn.q_proj,attention_qkv,0.8169145627304288,0.008629594181436063,24737.31624473204,0.3035844825005986,0.0019302042990003772,vit,dp_kfm,pink,0.25,42,3,True
layer,blocks.11.attn.k_proj,attention_qkv,0.8166965954645962,0.00862390706479643,24721.013739668793,0.4096652112373244,0.0026055292156350295,vit,dp_kfm,pink,0.25,42,3,True
layer,blocks.11.attn.v_proj,attention_qkv,0.81917659804367,0.008672279019627362,24859.67522465531,0.9104383075527835,0.005774345922382155,vit,dp_kfm,pink,0.25,42,3,True
layer,blocks.11.attn.out_proj,attention_out,0.4259128642741199,0.0023441426970481206,6719.643821073445,0.81738989846374,0.009971400028871404,vit,dp_kfm,pink,0.25,42,3,True
layer,blocks.11.mlp.fc1,mlp_fc1,0.8197675389647152,0.034751775366504305,99618.31799187149,0.7915262379777234,0.0025078162570248007,vit,dp_kfm,pink,0.25,42,3,True
layer,blocks.11.mlp.fc2,mlp_fc2,0.4848804487352122,0.012104037914346045,34697.04454579303,0.7863889251624103,0.004221736728477268,vit,dp_kfm,pink,0.25,42,3,True
layer,head,patch_head,1.3190169847043498,0.0011683697115108264,3349.210917308738,2.9962985892029432,0.05177425289247769,vit,dp_kfm,pink,0.25,42,3,True
layer,cls_token,identity,2.0997133135785235,0.0002979104819463025,853.9805753994157,0.09580751144349188,0.0032785028348732872,vit,dp_kfm,pink,0.25,42,3,True
layer,pos_embed,identity,2.10904310186225,0.0586883649434218,168234.173353686,0.39622544138683824,0.0009660180663500136,vit,dp_kfm,pink,0.25,42,3,True
layer,blocks.0.norm1.weight,identity,2.1051215429787793,0.0002979104819463025,853.9805753994157,0.4260562297533472,0.014579509852790957,vit,dp_kfm,pink,0.25,42,3,True
layer,blocks.0.norm1.bias,identity,2.1098099563914623,0.0002979104819463025,853.9805753994157,0.2965570499920066,0.010148088750576746,vit,dp_kfm,pink,0.25,42,3,True
layer,blocks.0.norm2.weight,identity,2.1013850312631894,0.0002979104819463025,853.9805753994157,0.15020532266385905,0.005139978783990958,vit,dp_kfm,pink,0.25,42,3,True
layer,blocks.0.norm2.bias,identity,2.109978928992645,0.0002979104819463025,853.9805753994157,0.12564881287538704,0.004299662761341894,vit,dp_kfm,pink,0.25,42,3,True
layer,blocks.1.norm1.weight,identity,2.1065733709521317,0.0002979104819463025,853.9805753994157,0.18628138709532832,0.006374490334574367,vit,dp_kfm,pink,0.25,42,3,True
layer,blocks.1.norm1.bias,identity,2.105356529547265,0.0002979104819463025,853.9805753994157,0.224731479937236,0.0076902403888661494,vit,dp_kfm,pink,0.25,42,3,True
layer,blocks.1.norm2.weight,identity,2.115565517065444,0.0002979104819463025,853.9805753994157,0.23447199977927896,0.008023557906815804,vit,dp_kfm,pink,0.25,42,3,True
layer,blocks.1.norm2.bias,identity,2.0911417082195323,0.0002979104819463025,853.9805753994157,0.2011890528545317,0.006884625956682852,vit,dp_kfm,pink,0.25,42,3,True
layer,blocks.2.norm1.weight,identity,2.104052339428292,0.0002979104819463025,853.9805753994157,0.19233817927346367,0.006581751853291159,vit,dp_kfm,pink,0.25,42,3,True
layer,blocks.2.norm1.bias,identity,2.109364125682875,0.0002979104819463025,853.9805753994157,0.24893533841042448,0.008518488794692065,vit,dp_kfm,pink,0.25,42,3,True
layer,blocks.2.norm2.weight,identity,2.1162067842756893,0.0002979104819463025,853.9805753994157,0.17496526615589766,0.0059872562438363554,vit,dp_kfm,pink,0.25,42,3,True
layer,blocks.2.norm2.bias,identity,2.103263994702026,0.0002979104819463025,853.9805753994157,0.23022383040967936,0.007878186890374483,vit,dp_kfm,pink,0.25,42,3,True
layer,blocks.3.norm1.weight,identity,2.104979019169403,0.0002979104819463025,853.9805753994157,0.15840898897093403,0.005420705658521698,vit,dp_kfm,pink,0.25,42,3,True
layer,blocks.3.norm1.bias,identity,2.0931244751096574,0.0002979104819463025,853.9805753994157,0.22742646808971445,0.007782462033753173,vit,dp_kfm,pink,0.25,42,3,True
layer,blocks.3.norm2.weight,identity,2.1060441440027313,0.0002979104819463025,853.9805753994157,0.16719548711095336,0.005721376854617345,vit,dp_kfm,pink,0.25,42,3,True
layer,blocks.3.norm2.bias,identity,2.1211940720929103,0.0002979104819463025,853.9805753994157,0.18314703473811694,0.006267233785126576,vit,dp_kfm,pink,0.25,42,3,True
layer,blocks.4.norm1.weight,identity,2.0865180646137804,0.0002979104819463025,853.9805753994157,0.1500782425148068,0.005135630141356918,vit,dp_kfm,pink,0.25,42,3,True
layer,blocks.4.norm1.bias,identity,2.1109389550114495,0.0002979104819463025,853.9805753994157,0.22993341158315453,0.007868248849695659,vit,dp_kfm,pink,0.25,42,3,True
layer,blocks.4.norm2.weight,identity,2.088366467242128,0.0002979104819463025,853.9805753994157,0.13046914694478545,0.004464613073415077,vit,dp_kfm,pink,0.25,42,3,True
layer,blocks.4.norm2.bias,identity,2.0995790503816667,0.0002979104819463025,853.9805753994157,0.16554637120029708,0.005664944628097088,vit,dp_kfm,pink,0.25,42,3,True
layer,blocks.5.norm1.weight,identity,2.113787800947283,0.0002979104819463025,853.9805753994157,0.11974065178015887,0.004097487351420949,vit,dp_kfm,pink,0.25,42,3,True
layer,blocks.5.norm1.bias,identity,2.1108122145105135,0.0002979104819463025,853.9805753994157,0.17213300630042588,0.005890337204552687,vit,dp_kfm,pink,0.25,42,3,True
layer,blocks.5.norm2.weight,identity,2.1001072778211016,0.0002979104819463025,853.9805753994157,0.11677622408675137,0.003996045570393732,vit,dp_kfm,pink,0.25,42,3,True
layer,blocks.5.norm2.bias,identity,2.1026070966418153,0.0002979104819463025,853.9805753994157,0.13703794921690998,0.00468939541611881,vit,dp_kfm,pink,0.25,42,3,True
layer,blocks.6.norm1.weight,identity,2.092992689418776,0.0002979104819463025,853.9805753994157,0.11765140123301748,0.004025993856408258,vit,dp_kfm,pink,0.25,42,3,True
layer,blocks.6.norm1.bias,identity,2.1054851322522334,0.0002979104819463025,853.9805753994157,0.1719421353576657,0.005883805661070286,vit,dp_kfm,pink,0.25,42,3,True
layer,blocks.6.norm2.weight,identity,2.1000016298341277,0.0002979104819463025,853.9805753994157,0.09729842074737607,0.003329521281190059,vit,dp_kfm,pink,0.25,42,3,True
layer,blocks.6.norm2.bias,identity,2.102668395675592,0.0002979104819463025,853.9805753994157,0.11430379292760684,0.0039114397556496,vit,dp_kfm,pink,0.25,42,3,True
layer,blocks.7.norm1.weight,identity,2.1011277572220863,0.0002979104819463025,853.9805753994157,0.09561523812003303,0.003271923302365526,vit,dp_kfm,pink,0.25,42,3,True
layer,blocks.7.norm1.bias,identity,2.096651405257089,0.0002979104819463025,853.9805753994157,0.13525555442601953,0.004628402428337842,vit,dp_kfm,pink,0.25,42,3,True
layer,blocks.7.norm2.weight,identity,2.103865103430736,0.0002979104819463025,853.9805753994157,0.06381850919364125,0.002183849263553255,vit,dp_kfm,pink,0.25,42,3,True
layer,blocks.7.norm2.bias,identity,2.104613878510936,0.0002979104819463025,853.9805753994157,0.0854368858336326,0.0029236232962122017,vit,dp_kfm,pink,0.25,42,3,True
layer,blocks.8.norm1.weight,identity,2.0846731980974713,0.0002979104819463025,853.9805753994157,0.11551468468881147,0.003952876089941362,vit,dp_kfm,pink,0.25,42,3,True
layer,blocks.8.norm1.bias,identity,2.108836853167119,0.0002979104819463025,853.9805753994157,0.1248888418538306,0.004273656792592107,vit,dp_kfm,pink,0.25,42,3,True
layer,blocks.8.norm2.weight,identity,2.1248337047825943,0.0002979104819463025,853.9805753994157,0.046875319513157536,0.0016040586546298148,vit,dp_kfm,pink,0.25,42,3,True
layer,blocks.8.norm2.bias,identity,2.1129321713759333,0.0002979104819463025,853.9805753994157,0.0700896987125004,0.0023984473916732417,vit,dp_kfm,pink,0.25,42,3,True
layer,blocks.9.norm1.weight,identity,2.102420026404279,0.0002979104819463025,853.9805753994157,0.10406824471677407,0.003561182522995252,vit,dp_kfm,pink,0.25,42,3,True
layer,blocks.9.norm1.bias,identity,2.1110951057139142,0.0002979104819463025,853.9805753994157,0.12773796864102227,0.004371153012961329,vit,dp_kfm,pink,0.25,42,3,True
layer,blocks.9.norm2.weight,identity,2.1135493900069897,0.0002979104819463025,853.9805753994157,0.14286590614827552,0.004888826264839585,vit,dp_kfm,pink,0.25,42,3,True
layer,blocks.9.norm2.bias,identity,2.094015159241509,0.0002979104819463025,853.9805753994157,0.06397697989799933,0.002189272081092867,vit,dp_kfm,pink,0.25,42,3,True
layer,blocks.10.norm1.weight,identity,2.085682480691901,0.0002979104819463025,853.9805753994157,0.07936307366647631,0.002715779358837262,vit,dp_kfm,pink,0.25,42,3,True
layer,blocks.10.norm1.bias,identity,2.1063648163162707,0.0002979104819463025,853.9805753994157,0.1135171789142415,0.0038845220721202625,vit,dp_kfm,pink,0.25,42,3,True
layer,blocks.10.norm2.weight,identity,2.1129968805556425,0.0002979104819463025,853.9805753994157,0.07018763514982371,0.002401798745680501,vit,dp_kfm,pink,0.25,42,3,True
layer,blocks.10.norm2.bias,identity,2.1097779417855,0.0002979104819463025,853.9805753994157,0.05065986117557006,0.0017335644771063097,vit,dp_kfm,pink,0.25,42,3,True
layer,blocks.11.norm1.weight,identity,2.1143234667424635,0.0002979104819463025,853.9805753994157,0.08974467723184874,0.0030710345596748185,vit,dp_kfm,pink,0.25,42,3,True
layer,blocks.11.norm1.bias,identity,2.1049250229112184,0.0002979104819463025,853.9805753994157,0.10298925171959353,0.0035242597228226247,vit,dp_kfm,pink,0.25,42,3,True
layer,blocks.11.norm2.weight,identity,2.1109801477478523,0.0002979104819463025,853.9805753994157,0.047949299503070635,0.0016408099112742791,vit,dp_kfm,pink,0.25,42,3,True
layer,blocks.11.norm2.bias,identity,2.1115140719472905,0.0002979104819463025,853.9805753994157,0.04025924473310512,0.0013776586616091305,vit,dp_kfm,pink,0.25,42,3,True
layer,norm.weight,identity,2.111374731623723,0.0002979104819463025,853.9805753994157,0.03734823315819126,0.0012780447633154366,vit,dp_kfm,pink,0.25,42,3,True
layer,norm.bias,identity,2.0993157595146372,0.0002979104819463025,853.9805753994157,0.0201730837338567,0.000690316565090973,vit,dp_kfm,pink,0.25,42,3,True
group,attention_out,attention_out,0.5077397691106152,0.03998730177321624,114626.30906393011,4.484121328560636,0.013244488809310088,vit,dp_kfm,pink,0.25,42,3,True
group,attention_qkv,attention_qkv,0.7705729651562012,0.2763391220633343,792144.8111636166,4.583299214978878,0.005149628736946148,vit,dp_kfm,pink,0.25,42,3,True
group,identity,identity,2.1087214970313215,0.07388179952268294,211787.18269905468,1.2133980314837916,0.0026366558641352975,vit,dp_kfm,pink,0.25,42,3,True
group,mlp_fc1,mlp_fc1,0.8089340838629281,0.4060489337996944,1163966.7723711797,5.4855871956380655,0.005084553617070753,vit,dp_kfm,pink,0.25,42,3,True
group,mlp_fc2,mlp_fc2,0.540405310553539,0.18050655654682085,517434.2709129859,5.440013923518936,0.007562622394736351,vit,dp_kfm,pink,0.25,42,3,True
group,patch_head,patch_head,0.6674436813271307,0.02323628629424995,66608.3885671594,4.329589739032097,0.01677576300522957,vit,dp_kfm,pink,0.25,42,3,True
layer,patch_embed,patch_head,0.6535335934051172,0.021998098802116988,63059.04025260533,2.899380591771937,0.011545999893569558,vit,dp_kfm,pink,0.25,42,4,True
layer,blocks.0.attn.q_proj,attention_qkv,0.7325046955555884,0.006939848529274573,19893.545878264493,0.3096029913508025,0.002195073406278633,vit,dp_kfm,pink,0.25,42,4,True
layer,blocks.0.attn.k_proj,attention_qkv,0.7335932831146154,0.00694592509126941,19910.9647548172,0.4671912469855758,0.0033109189208515763,vit,dp_kfm,pink,0.25,42,4,True
layer,blocks.0.attn.v_proj,attention_qkv,0.7377269621891864,0.007038967786527098,20177.677942999755,1.0964710794212174,0.007719009727216038,vit,dp_kfm,pink,0.25,42,4,True
layer,blocks.0.attn.out_proj,attention_out,0.6117627301412292,0.00483566747552045,13861.768361441937,1.2603251650569063,0.010704670142391803,vit,dp_kfm,pink,0.25,42,4,True
layer,blocks.0.mlp.fc1,mlp_fc1,0.8523661313809142,0.037563169676300155,107677.37021007026,1.439031385080604,0.004385388221281134,vit,dp_kfm,pink,0.25,42,4,True
layer,blocks.0.mlp.fc2,mlp_fc2,0.7094331884375003,0.02593744814797718,74351.45198346661,2.3289825071609096,0.00854125129399166,vit,dp_kfm,pink,0.25,42,4,True
layer,blocks.1.attn.q_proj,attention_qkv,0.7086857725901995,0.006495001243588933,18618.36100221459,0.1820375495676294,0.0013341057542217796,vit,dp_kfm,pink,0.25,42,4,True
layer,blocks.1.attn.k_proj,attention_qkv,0.7088398201939193,0.006496207092340222,18621.817649337932,0.24656198526578635,0.0018068208081427255,vit,dp_kfm,pink,0.25,42,4,True
layer,blocks.1.attn.v_proj,attention_qkv,0.7094778403190608,0.006503858299079062,18643.750351707553,1.069410384485786,0.007832091589882033,vit,dp_kfm,pink,0.25,42,4,True
layer,blocks.1.attn.out_proj,attention_out,0.564582602721453,0.0041229004559022115,11818.573420590425,1.3679347511455058,0.012582961094238131,vit,dp_kfm,pink,0.25,42,4,True
layer,blocks.1.mlp.fc1,mlp_fc1,0.7674672074293023,0.030463146396856773,87324.67256104578,1.8231201634223795,0.006169455150071571,vit,dp_kfm,pink,0.25,42,4,True
layer,blocks.1.mlp.fc2,mlp_fc2,0.5446203584717932,0.015281914040313095,43806.641713611054,1.4895843323165607,0.007116969674670091,vit,dp_kfm,pink,0.25,42,4,True
layer,blocks.2.attn.q_proj,attention_qkv,0.7391105105774161,0.0070607146213887174,20240.01671814744,0.2870476293733253,0.0020176625406542873,vit,dp_kfm,pink,0.25,42,4,True
layer,blocks.2.attn.k_proj,attention_qkv,0.7394123037382985,0.007065179107387829,20252.814469664856,0.38283040101107185,0.0026900708979671235,vit,dp_kfm,pink,0.25,42,4,True
layer,blocks.2.attn.v_proj,attention_qkv,0.7418814017967775,0.007121291228718042,20413.66366620026,1.4349324089630484,0.010043173537644827,vit,dp_kfm,pink,0.25,42,4,True
layer,blocks.2.attn.out_proj,attention_out,0.5822308366167697,0.004379071341191191,12552.904614949295,1.5704810988770823,0.014017178360798235,vit,dp_kfm,pink,0.25,42,4,True
layer,blocks.2.mlp.fc1,mlp_fc1,0.7994243025337681,0.03304080874142401,94713.7162691342,1.9198868027925868,0.00623834206569643,vit,dp_kfm,pink,0.25,42,4,True
layer,blocks.2.mlp.fc2,mlp_fc2,0.5529129906851082,0.01574519088047388,45134.65615588607,1.785112945301054,0.008402540806711514,vit,dp_kfm,pink,0.25,42,4,True
layer,blocks.3.attn.q_proj,attention_qkv,0.7940809050566993,0.008147235779021258,23354.60321177044,0.300840477319695,0.00196856619290848,vit,dp_kfm,pink,0.25,42,4,True
layer,blocks.3.attn.k_proj,attention_qkv,0.7941688172298439,0.008150017555377692,23362.577362119224,0.425229761008345,0.002782039398718213,vit,dp_kfm,pink,0.25,42,4,True
layer,blocks.3.attn.v_proj,attention_qkv,0.794942814076998,0.008174336303405708,23432.288700566638,1.291711311175695,0.008438361134752917,vit,dp_kfm,pink,0.25,42,4,True
layer,blocks.3.attn.out_proj,attention_out,0.5461672295684891,0.0038546881036825836,11049.724545648774,1.3954499289608278,0.013275122336686682,vit,dp_kfm,pink,0.25,42,4,True
layer,blocks.3.mlp.fc1,mlp_fc1,0.7875566589050638,0.03208210009825229,91965.51300556575,1.7873316613024848,0.005893762752197781,vit,dp_kfm,pink,0.25,42,4,True
layer,blocks.3.mlp.fc2,mlp_fc2,0.528777260131311,0.014399064040692928,41275.89239005162,1.7622836732316003,0.008674163060359487,vit,dp_kfm,pink,0.25,42,4,True
layer,blocks.4.attn.q_proj,attention_qkv,0.7837531196542771,0.007938078374953028,22755.03934577863,0.3853383521622551,0.0025544854919020304,vit,dp_kfm,pink,0.25,42,4,True
layer,blocks.4.attn.k_proj,attention_qkv,0.7846994251207429,0.007959745018016889,22817.148245706576,0.5703904924697495,0.0037760835575924843,vit,dp_kfm,pink,0.25,42,4,True
layer,blocks.4.attn.v_proj,attention_qkv,0.7845500041896634,0.007955648732356194,22805.405965399,1.254711624308355,0.00830854579062617,vit,dp_kfm,pink,0.25,42,4,True
layer,blocks.4.attn.out_proj,attention_out,0.525174468199989,0.003565149626810276,10219.742889869898,1.3095353922050976,0.01295380202735586,vit,dp_kfm,pink,0.25,42,4,True
layer,blocks.4.mlp.fc1,mlp_fc1,0.7820802207096077,0.03162436430324766,90653.3823445518,1.6321812721489009,0.005420962263954054,vit,dp_kfm,pink,0.25,42,4,True
layer,blocks.4.mlp.fc2,mlp_fc2,0.5262567704322245,0.0142641406106887,40889.125238935514,1.6517954075362324,0.008168688674605028,vit,dp_kfm,pink,0.25,42,4,True
layer,blocks.5.attn.q_proj,attention_qkv,0.7916962776764177,0.008102671735626132,23226.857362843017,0.28312983846487405,0.0018577634520375226,vit,dp_kfm,pink,0.25,42,4,True
layer,blocks.5.attn.k_proj,attention_qkv,0.791833380988864,0.008105105235240398,23233.833154319796,0.4238872032774296,0.0027809288187354655,vit,dp_kfm,pink,0.25,42,4,True
layer,blocks.5.attn.v_proj,attention_qkv,0.7932067229831783,0.008129595835121963,23304.037117745647,1.1691590266247311,0.007658751975378379,vit,dp_kfm,pink,0.25,42,4,True
layer,blocks.5.attn.out_proj,attention_out,0.5491408730684003,0.0038993108617152456,11177.638704061988,1.1637154829530718,0.01100707127378778,vit,dp_kfm,pink,0.25,42,4,True
layer,blocks.5.mlp.fc1,mlp_fc1,0.7713630635910984,0.03075614427556951,88164.57082652257,1.455115146537358,0.004900611925110158,vit,dp_kfm,pink,0.25,42,4,True
layer,blocks.5.mlp.fc2,mlp_fc2,0.5101309214483868,0.013399016358211837,38409.18797021171,1.318559748892916,0.006727942192583175,vit,dp_kfm,pink,0.25,42,4,True
layer,blocks.6.attn.q_proj,attention_qkv,0.7535235175800099,0.007341169274487417,21043.958977788683,0.2537801084781047,0.0017494190662322641,vit,dp_kfm,pink,0.25,42,4,True
layer,blocks.6.attn.k_proj,attention_qkv,0.754175542731757,0.0073500551332761335,21069.430893888206,0.387912479027109,0.002672436215283064,vit,dp_kfm,pink,0.25,42,4,True
layer,blocks.6.attn.v_proj,attention_qkv,0.7562573761747458,0.007389384990714268,21182.172594233765,1.128384723263241,0.007753038607173953,vit,dp_kfm,pink,0.25,42,4,True
layer,blocks.6.attn.out_proj,attention_out,0.48250933395882206,0.003009828892903255,8627.878391598822,1.2874136358831112,0.013860091493028127,vit,dp_kfm,pink,0.25,42,4,True
layer,blocks.6.mlp.fc1,mlp_fc1,0.7743475126449503,0.03100811381981722,88886.8585922089,1.42465656721927,0.0047784979661004215,vit,dp_kfm,pink,0.25,42,4,True
layer,blocks.6.mlp.fc2,mlp_fc2,0.5009878898985093,0.012926927918712307,37055.914481580476,1.2852307690518148,0.006676553701423709,vit,dp_kfm,pink,0.25,42,4,True
layer,blocks.7.attn.q_proj,attention_qkv,0.7535936259128461,0.007339105344260836,21038.042581994177,0.2230129973549447,0.001537543847806245,vit,dp_kfm,pink,0.25,42,4,True
layer,blocks.7.attn.k_proj,attention_qkv,0.7535082410377423,0.0073327056918674255,21019.697544929542,0.32011337233824616,0.0022079568682148044,vit,dp_kfm,pink,0.25,42,4,True
layer,blocks.7.attn.v_proj,attention_qkv,0.7543130729532044,0.007355895401764588,21086.172419099632,1.0890356328437714,0.007499688291714785,vit,dp_kfm,pink,0.25,42,4,True
layer,blocks.7.attn.out_proj,attention_out,0.4808783018306999,0.002989785877280379,8570.423729706574,1.0328871580035535,0.011157110404647222,vit,dp_kfm,pink,0.25,42,4,True
layer,blocks.7.mlp.fc1,mlp_fc1,0.8054037813954263,0.03353378720380843,96126.87242334666,1.2534654370648652,0.004042871679577079,vit,dp_kfm,pink,0.25,42,4,True
layer,blocks.7.mlp.fc2,mlp_fc2,0.5235422499439404,0.01411638025770724,40465.56017859952,1.1559959390618229,0.005746633893821652,vit,dp_kfm,pink,0.25,42,4,True
layer,blocks.8.attn.q_proj,attention_qkv,0.7647352714361907,0.0075534846522828745,21652.575389374142,0.2149695891742971,0.0014609059126736263,vit,dp_kfm,pink,0.25,42,4,True
layer,blocks.8.attn.k_proj,attention_qkv,0.7642562067822066,0.0075463666268249475,21632.17108726128,0.3098751634322801,0.0021068650278937523,vit,dp_kfm,pink,0.25,42,4,True
layer,blocks.8.attn.v_proj,attention_qkv,0.766937932918589,0.0076052401063489445,21800.93590409879,0.944649754352709,0.0063978381155862804,vit,dp_kfm,pink,0.25,42,4,True
layer,blocks.8.attn.out_proj,attention_out,0.4304502816420792,0.0023943005529318126,6863.424712395227,0.914822199918051,0.01104247076166541,vit,dp_kfm,pink,0.25,42,4,True
layer,blocks.8.mlp.fc1,mlp_fc1,0.8324513016871641,0.03584337582431101,102747.46464348836,1.1223393761083846,0.003501375131583814,vit,dp_kfm,pink,0.25,42,4,True
layer,blocks.8.mlp.fc2,mlp_fc2,0.5247225674160291,0.014183274158165074,40657.316075305396,0.9716022565007073,0.004818580976813712,vit,dp_kfm,pink,0.25,42,4,True
layer,blocks.9.attn.q_proj,attention_qkv,0.7851827602954612,0.007981039917567065,22878.191517672498,0.2176743858393311,0.001439118254962055,vit,dp_kfm,pink,0.25,42,4,True
layer,blocks.9.attn.k_proj,attention_qkv,0.785222500964931,0.007972265713158828,22853.039666417386,0.33413540487942484,0.002210296362963753,vit,dp_kfm,pink,0.25,42,4,True
layer,blocks.9.attn.v_proj,attention_qkv,0.7880089175575565,0.008027809441400151,23012.259525663245,0.835714397892939,0.005509069518679702,vit,dp_kfm,pink,0.25,42,4,True
layer,blocks.9.attn.out_proj,attention_out,0.4190596031825801,0.002269578919178409,6505.901701248969,0.7857925826885394,0.00974213574129803,vit,dp_kfm,pink,0.25,42,4,True
layer,blocks.9.mlp.fc1,mlp_fc1,0.852082140353624,0.03754802294067195,107633.95106643178,0.953955435830654,0.0029077257712901744,vit,dp_kfm,pink,0.25,42,4,True
layer,blocks.9.mlp.fc2,mlp_fc2,0.5282666115033727,0.014378690798390279,41217.49111101386,0.7714757607521633,0.0037999817328807782,vit,dp_kfm,pink,0.25,42,4,True
layer,blocks.10.attn.q_proj,attention_qkv,0.8073312756324201,0.008430999185769856,24168.030237866897,0.1811233359835753,0.0011650747247453877,vit,dp_kfm,pink,0.25,42,4,True
layer,blocks.10.attn.k_proj,attention_qkv,0.807389449742368,0.008425104620652933,24151.133067692084,0.2898359975068955,0.001865020321389276,vit,dp_kfm,pink,0.25,42,4,True
layer,blocks.10.attn.v_proj,attention_qkv,0.8095051632484415,0.008468809879185349,24276.417151641104,0.7152813779389287,0.004590760357588496,vit,dp_kfm,pink,0.25,42,4,True
layer,blocks.10.attn.out_proj,attention_out,0.4284921086423228,0.0023747703775685437,6807.440141844331,0.6764989903962628,0.008199270930872539,vit,dp_kfm,pink,0.25,42,4,True
layer,blocks.10.mlp.fc1,mlp_fc1,0.8571989383520758,0.03799506344250703,108915.42294513072,0.7841155982874555,0.0023759396335190602,vit,dp_kfm,pink,0.25,42,4,True
layer,blocks.10.mlp.fc2,mlp_fc2,0.5243398782583935,0.01415877307838704,40587.08207054628,0.6224196456232168,0.003089508377105137,vit,dp_kfm,pink,0.25,42,4,True
layer,blocks.11.attn.q_proj,attention_qkv,0.8151624122745565,0.00859596417573955,24640.913555481853,0.24999856334885645,0.0015926087973272534,vit,dp_kfm,pink,0.25,42,4,True
layer,blocks.11.attn.k_proj,attention_qkv,0.8148473731566233,0.00859098187408057,24626.631450301138,0.3368254292942742,0.002146359013223337,vit,dp_kfm,pink,0.25,42,4,True
layer,blocks.11.attn.v_proj,attention_qkv,0.817357824510012,0.008642265126227837,24773.63836624101,0.7103847023902515,0.004513346783013582,vit,dp_kfm,pink,0.25,42,4,True
layer,blocks.11.attn.out_proj,attention_out,0.42565775932997435,0.002341096440918954,6710.911521541671,0.6322095284030612,0.0077173870251386785,vit,dp_kfm,pink,0.25,42,4,True
layer,blocks.11.mlp.fc1,mlp_fc1,0.819285862140233,0.0347160062518146,99515.78340180058,0.6143410489257745,0.001947437604254448,vit,dp_kfm,pink,0.25,42,4,True
layer,blocks.11.mlp.fc2,mlp_fc2,0.48301518690735895,0.01202071209299359,34458.18543483014,0.6265937141671123,0.0033755133654553298,vit,dp_kfm,pink,0.25,42,4,True
layer,head,patch_head,1.3269226414082016,0.0011853950147736585,3398.015102316745,2.2564141855638384,0.038708484561109875,vit,dp_kfm,pink,0.25,42,4,True
layer,cls_token,identity,2.1113860904843413,0.00029643809345125845,849.7598740464606,0.09080687386938023,0.0031150901172690244,vit,dp_kfm,pink,0.25,42,4,True
layer,pos_embed,identity,2.103648748023268,0.05839830440989811,167402.69518715236,0.3636702241204699,0.0008888459978005977,vit,dp_kfm,pink,0.25,42,4,True
layer,blocks.0.norm1.weight,identity,2.0878596175215187,0.00029643809345125845,849.7598740464606,0.4289228462046554,0.014714010760958048,vit,dp_kfm,pink,0.25,42,4,True
layer,blocks.0.norm1.bias,identity,2.0965482518309133,0.00029643809345125845,849.7598740464606,0.2815669286156009,0.009659030415934269,vit,dp_kfm,pink,0.25,42,4,True
layer,blocks.0.norm2.weight,identity,2.105783607143686,0.00029643809345125845,849.7598740464606,0.13882831545129226,0.004762444681021574,vit,dp_kfm,pink,0.25,42,4,True
layer,blocks.0.norm2.bias,identity,2.08554489530076,0.00029643809345125845,849.7598740464606,0.11673519102964874,0.004004549704431445,vit,dp_kfm,pink,0.25,42,4,True
layer,blocks.1.norm1.weight,identity,2.108303101256889,0.00029643809345125845,849.7598740464606,0.166659680509514,0.005717187494519162,vit,dp_kfm,pink,0.25,42,4,True
layer,blocks.1.norm1.bias,identity,2.0984870067398087,0.00029643809345125845,849.7598740464606,0.20839021797585805,0.007148735342281454,vit,dp_kfm,pink,0.25,42,4,True
layer,blocks.1.norm2.weight,identity,2.0924481110077573,0.00029643809345125845,849.7598740464606,0.21552206333560484,0.007393390180085845,vit,dp_kfm,pink,0.25,42,4,True
layer,blocks.1.norm2.bias,identity,2.096574152234002,0.00029643809345125845,849.7598740464606,0.18579497724570634,0.006373615485198212,vit,dp_kfm,pink,0.25,42,4,True
layer,blocks.2.norm1.weight,identity,2.105447479474736,0.00029643809345125845,849.7598740464606,0.17492621626904667,0.006000767390525848,vit,dp_kfm,pink,0.25,42,4,True
layer,blocks.2.norm1.bias,identity,2.0931452762363536,0.00029643809345125845,849.7598740464606,0.2262826931332309,0.00776252888192458,vit,dp_kfm,pink,0.25,42,4,True
layer,blocks.2.norm2.weight,identity,2.1070693851108606,0.00029643809345125845,849.7598740464606,0.15795073442789426,0.005418430905786616,vit,dp_kfm,pink,0.25,42,4,True
layer,blocks.2.norm2.bias,identity,2.0874526136946923,0.00029643809345125845,849.7598740464606,0.21198026418291938,0.0072718903082396764,vit,dp_kfm,pink,0.25,42,4,True
layer,blocks.3.norm1.weight,identity,2.09707926750802,0.00029643809345125845,849.7598740464606,0.14156306130901522,0.004856258942339383,vit,dp_kfm,pink,0.25,42,4,True
layer,blocks.3.norm1.bias,identity,2.11135866930332,0.00029643809345125845,849.7598740464606,0.20691916491389842,0.007098271509974214,vit,dp_kfm,pink,0.25,42,4,True
layer,blocks.3.norm2.weight,identity,2.0996204651384507,0.00029643809345125845,849.7598740464606,0.15370809568485835,0.005272889038123778,vit,dp_kfm,pink,0.25,42,4,True
layer,blocks.3.norm2.bias,identity,2.1111257818816807,0.00029643809345125845,849.7598740464606,0.1635165278220737,0.00560936301541864,vit,dp_kfm,pink,0.25,42,4,True
layer,blocks.4.norm1.weight,identity,2.112839822299126,0.00029643809345125845,849.7598740464606,0.132320098780738,0.004539183152817751,vit,dp_kfm,pink,0.25,42,4,True
layer,blocks.4.norm1.bias,identity,2.1064077515407207,0.00029643809345125845,849.7598740464606,0.20834377328049863,0.007147142077307681,vit,dp_kfm,pink,0.25,42,4,True
layer,blocks.4.norm2.weight,identity,2.090036162890019,0.00029643809345125845,849.7598740464606,0.11966133926496426,0.004104929940652406,vit,dp_kfm,pink,0.25,42,4,True
layer,blocks.4.norm2.bias,identity,2.075494516824753,0.00029643809345125845,849.7598740464606,0.14997832646430573,0.005144940935259334,vit,dp_kfm,pink,0.25,42,4,True
layer,blocks.5.norm1.weight,identity,2.095988029533904,0.00029643809345125845,849.7598740464606,0.1067739018318093,0.00366283203248424,vit,dp_kfm,pink,0.25,42,4,True
layer,blocks.5.norm1.bias,identity,2.1102426499377964,0.00029643809345125845,849.7598740464606,0.15612237923925532,0.005355709980197003,vit,dp_kfm,pink,0.25,42,4,True
layer,blocks.5.norm2.weight,identity,2.1019381303050784,0.00029643809345125845,849.7598740464606,0.1051416494834086,0.003606838329114315,vit,dp_kfm,pink,0.25,42,4,True
layer,blocks.5.norm2.bias,identity,2.0902868245647515,0.00029643809345125845,849.7598740464606,0.12113480096498366,0.00415547640023549,vit,dp_kfm,pink,0.25,42,4,True
layer,blocks.6.norm1.weight,identity,2.107236741190412,0.00029643809345125845,849.7598740464606,0.10503064171380429,0.0036030302560984767,vit,dp_kfm,pink,0.25,42,4,True
layer,blocks.6.norm1.bias,identity,2.095732827289856,0.00029643809345125845,849.7598740464606,0.1509152387996838,0.005177081303409021,vit,dp_kfm,pink,0.25,42,4,True
layer,blocks.6.norm2.weight,identity,2.103877779634194,0.00029643809345125845,849.7598740464606,0.08544372672217503,0.002931109698564708,vit,dp_kfm,pink,0.25,42,4,True
layer,blocks.6.norm2.bias,identity,2.0959072323943055,0.00029643809345125845,849.7598740464606,0.10107873082493768,0.0034674616803985338,vit,dp_kfm,pink,0.25,42,4,True
layer,blocks.7.norm1.weight,identity,2.1039215392180917,0.00029643809345125845,849.7598740464606,0.08474378926225803,0.0029070986499382533,vit,dp_kfm,pink,0.25,42,4,True
layer,blocks.7.norm1.bias,identity,2.098087420305317,0.00029643809345125845,849.7598740464606,0.1229194603929508,0.004216698361854264,vit,dp_kfm,pink,0.25,42,4,True
layer,blocks.7.norm2.weight,identity,2.114691363136023,0.00029643809345125845,849.7598740464606,0.05495371980757302,0.0018851633382510349,vit,dp_kfm,pink,0.25,42,4,True
layer,blocks.7.norm2.bias,identity,2.101585627502799,0.00029643809345125845,849.7598740464606,0.07388846213342776,0.0025347113975438752,vit,dp_kfm,pink,0.25,42,4,True
layer,blocks.8.norm1.weight,identity,2.1112865555645364,0.00029643809345125845,849.7598740464606,0.10042466308521532,0.003445024172474139,vit,dp_kfm,pink,0.25,42,4,True
layer,blocks.8.norm1.bias,identity,2.0855252676137734,0.00029643809345125845,849.7598740464606,0.10850864318936923,0.003722341576516396,vit,dp_kfm,pink,0.25,42,4,True
layer,blocks.8.norm2.weight,identity,2.0935576738271555,0.00029643809345125845,849.7598740464606,0.040976315151976056,0.0014056745809312892,vit,dp_kfm,pink,0.25,42,4,True
layer,blocks.8.norm2.bias,identity,2.1032510181648902,0.00029643809345125845,849.7598740464606,0.06003810082539783,0.0020595808067329757,vit,dp_kfm,pink,0.25,42,4,True
layer,blocks.9.norm1.weight,identity,2.100639578616728,0.00029643809345125845,849.7598740464606,0.08427724982647511,0.002891094218513667,vit,dp_kfm,pink,0.25,42,4,True
layer,blocks.9.norm1.bias,identity,2.1020149933317267,0.00029643809345125845,849.7598740464606,0.11132420054227286,0.00381892804085444,vit,dp_kfm,pink,0.25,42,4,True
layer,blocks.9.norm2.weight,identity,2.091020440390561,0.00029643809345125845,849.7598740464606,0.10023918937910524,0.003438661578054827,vit,dp_kfm,pink,0.25,42,4,True
layer,blocks.9.norm2.bias,identity,2.1037301399940915,0.00029643809345125845,849.7598740464606,0.05263242148376953,0.0018055322138703547,vit,dp_kfm,pink,0.25,42,4,True
layer,blocks.10.norm1.weight,identity,2.094529891011685,0.00029643809345125845,849.7598740464606,0.0704751455958836,0.002417619065651586,vit,dp_kfm,pink,0.25,42,4,True
layer,blocks.10.norm1.bias,identity,2.097429915118462,0.00029643809345125845,849.7598740464606,0.09716256322393217,0.0033331192625656145,vit,dp_kfm,pink,0.25,42,4,True
layer,blocks.10.norm2.weight,identity,2.088377236104189,0.00029643809345125845,849.7598740464606,0.07009182496406054,0.002404469418922694,vit,dp_kfm,pink,0.25,42,4,True
layer,blocks.10.norm2.bias,identity,2.0924968063773806,0.00029643809345125845,849.7598740464606,0.04206262635694633,0.0014429400120015098,vit,dp_kfm,pink,0.25,42,4,True
layer,blocks.11.norm1.weight,identity,2.1133153251996,0.00029643809345125845,849.7598740464606,0.06574616328390447,0.0022553933944322894,vit,dp_kfm,pink,0.25,42,4,True
layer,blocks.11.norm1.bias,identity,2.1033349825614214,0.00029643809345125845,849.7598740464606,0.08603632203881825,0.0029514384218843823,vit,dp_kfm,pink,0.25,42,4,True
layer,blocks.11.norm2.weight,identity,2.098199963197072,0.00029643809345125845,849.7598740464606,0.03633815085026168,0.0012465643818584363,vit,dp_kfm,pink,0.25,42,4,True
layer,blocks.11.norm2.bias,identity,2.0882308169189208,0.00029643809345125845,849.7598740464606,0.030432329671216316,0.0010439677676894986,vit,dp_kfm,pink,0.25,42,4,True
layer,norm.weight,identity,2.1093839951870117,0.00029643809345125845,849.7598740464606,0.02760531464932649,0.0009469882530249195,vit,dp_kfm,pink,0.25,42,4,True
layer,norm.bias,identity,2.1160902046826853,0.00029643809345125845,849.7598740464606,0.017188489884544973,0.0005896436325640248,vit,dp_kfm,pink,0.25,42,4,True
group,attention_out,attention_out,0.5080567254634606,0.04003614892560319,114766.3327348978,4.002737348969002,0.011815438429175392,vit,dp_kfm,pink,0.25,42,4,True
group,attention_qkv,attention_qkv,0.7705023539021292,0.2762780747243027,791969.8148312471,4.093895530752431,0.004600260671039322,vit,dp_kfm,pink,0.25,42,4,True
group,identity,identity,2.1034233517025283,0.07351664717591246,210740.44876352238,1.1177714695888508,0.0024348884526477483,vit,dp_kfm,pink,0.25,42,4,True
group,mlp_fc1,mlp_fc1,0.8090562291694635,0.4061741029745803,1164325.5782892997,4.885256102064423,0.004527413033195004,vit,dp_kfm,pink,0.25,42,4,True
group,mlp_fc2,mlp_fc2,0.5408434156190743,0.1808115323827126,518308.5048040401,4.87606197239814,0.0067729060146236595,vit,dp_kfm,pink,0.25,42,4,True
group,patch_head,patch_head,0.6665771236572995,0.02318349381689057,66457.05535492171,3.683037725154316,0.01428682155091795,vit,dp_kfm,pink,0.25,42,4,True
layer,patch_embed,patch_head,0.653130583420118,0.021975890350307642,62995.37822120996,2.7629805925289364,0.011008381974242249,vit,dp_kfm,pink,0.25,42,5,True
layer,blocks.0.attn.q_proj,attention_qkv,0.7321596237611596,0.0069242510157294665,19848.83454919339,0.28638795822143975,0.0020327653412794745,vit,dp_kfm,pink,0.25,42,5,True
layer,blocks.0.attn.k_proj,attention_qkv,0.7324749853182763,0.006931396149526175,19869.316559195882,0.4197975389654054,0.0029781627254581136,vit,dp_kfm,pink,0.25,42,5,True
layer,blocks.0.attn.v_proj,attention_qkv,0.7371963463820075,0.007029969088873544,20151.88256665121,1.033883033476868,0.00728305511567576,vit,dp_kfm,pink,0.25,42,5,True
layer,blocks.0.attn.out_proj,attention_out,0.612144090403296,0.004844354411209696,13886.670051002888,1.1960702940575947,0.01014980376851898,vit,dp_kfm,pink,0.25,42,5,True
layer,blocks.0.mlp.fc1,mlp_fc1,0.8511202575584879,0.03745590614280056,107369.89202582324,1.3511393462165637,0.004123432436870687,vit,dp_kfm,pink,0.25,42,5,True
layer,blocks.0.mlp.fc2,mlp_fc2,0.7090385187688398,0.025891309162498474,74219.19145637804,2.161636477800286,0.007934591105042105,vit,dp_kfm,pink,0.25,42,5,True
layer,blocks.1.attn.q_proj,attention_qkv,0.7082425290524945,0.006486026824872558,18592.635223084,0.17166556105789046,0.0012589622352275176,vit,dp_kfm,pink,0.25,42,5,True
layer,blocks.1.attn.k_proj,attention_qkv,0.7083922172626449,0.006487130262884815,18595.798302887037,0.23107292380757818,0.001694500284460058,vit,dp_kfm,pink,0.25,42,5,True
layer,blocks.1.attn.v_proj,attention_qkv,0.7089181112549189,0.006495647415636148,18620.213298156366,1.0079485998608337,0.007386625145394053,vit,dp_kfm,pink,0.25,42,5,True
layer,blocks.1.attn.out_proj,attention_out,0.5647003206448312,0.004121298291318347,11813.980707288558,1.265283968470995,0.011640988944480757,vit,dp_kfm,pink,0.25,42,5,True
layer,blocks.1.mlp.fc1,mlp_fc1,0.7674077716866969,0.030462534804203283,87322.91938927816,1.7052319484248348,0.005770578289211171,vit,dp_kfm,pink,0.25,42,5,True
layer,blocks.1.mlp.fc2,mlp_fc2,0.5449246592724304,0.015295029991476502,43844.23947602766,1.392148200787268,0.006648584608245402,vit,dp_kfm,pink,0.25,42,5,True
layer,blocks.2.attn.q_proj,attention_qkv,0.7387341067312174,0.007059261496584772,20235.85123747025,0.2688348990239127,0.001889839435871583,vit,dp_kfm,pink,0.25,42,5,True
layer,blocks.2.attn.k_proj,attention_qkv,0.7391388702537974,0.0070640116375392595,20249.467838265904,0.35893501431214075,0.0025223713152431443,vit,dp_kfm,pink,0.25,42,5,True
layer,blocks.2.attn.v_proj,attention_qkv,0.7425365301645345,0.007122876350354134,20418.207524737907,1.3495047905766238,0.009444209747650503,vit,dp_kfm,pink,0.25,42,5,True
layer,blocks.2.attn.out_proj,attention_out,0.5834234487860804,0.004396315350041617,12602.33573433831,1.4766523553399982,0.013153845599928087,vit,dp_kfm,pink,0.25,42,5,True
layer,blocks.2.mlp.fc1,mlp_fc1,0.7994751438188995,0.03303877705108181,94707.89229115302,1.8083404295225798,0.0058760719683168495,vit,dp_kfm,pink,0.25,42,5,True
layer,blocks.2.mlp.fc2,mlp_fc2,0.5529856398324056,0.01574939888280592,45146.718679599406,1.6827847450753595,0.007919822914994884,vit,dp_kfm,pink,0.25,42,5,True
layer,blocks.3.attn.q_proj,attention_qkv,0.7935549505318735,0.008141010457020688,23336.75790458512,0.27939757874553944,0.0018289522948200594,vit,dp_kfm,pink,0.25,42,5,True
layer,blocks.3.attn.k_proj,attention_qkv,0.7935140158597694,0.00814445215479755,23346.623764385444,0.39753984238875084,0.0026017683057295068,vit,dp_kfm,pink,0.25,42,5,True
layer,blocks.3.attn.v_proj,attention_qkv,0.7946852398681292,0.00816829121043772,23414.96003211103,1.2117101142170565,0.007918665950077812,vit,dp_kfm,pink,0.25,42,5,True
layer,blocks.3.attn.out_proj,attention_out,0.5464178478676108,0.0038587359665410437,11061.32801871373,1.3076553769522816,0.012433393201169183,vit,dp_kfm,pink,0.25,42,5,True
layer,blocks.3.mlp.fc1,mlp_fc1,0.787081367401923,0.032030963217690944,91818.92567369169,1.6590366543121486,0.0054750725429881025,vit,dp_kfm,pink,0.25,42,5,True
layer,blocks.3.mlp.fc2,mlp_fc2,0.5289952218681595,0.014409290412716503,41305.206978137845,1.6479533599184824,0.00810853722534954,vit,dp_kfm,pink,0.25,42,5,True
layer,blocks.4.attn.q_proj,attention_qkv,0.7828722295839297,0.007921038693378775,22706.19394436709,0.3555384564353306,0.0023594697354013035,vit,dp_kfm,pink,0.25,42,5,True
layer,blocks.4.attn.k_proj,attention_qkv,0.7836615619426764,0.007940491724444778,22761.957375564616,0.5259239190981035,0.0034859256516197876,vit,dp_kfm,pink,0.25,42,5,True
layer,blocks.4.attn.v_proj,attention_qkv,0.7838466699678485,0.007938725668301156,22756.894856005416,1.1805289402828796,0.007825644889098218,vit,dp_kfm,pink,0.25,42,5,True
layer,blocks.4.attn.out_proj,attention_out,0.524269780080652,0.003555059363285383,10190.818466014056,1.2291198625751545,0.012175581280394875,vit,dp_kfm,pink,0.25,42,5,True
layer,blocks.4.mlp.fc1,mlp_fc1,0.7809714658790065,0.03153719514510111,90403.50604834211,1.5203529927794817,0.005056520781933588,vit,dp_kfm,pink,0.25,42,5,True
layer,blocks.4.mlp.fc2,mlp_fc2,0.5254407935973386,0.01422094953468592,40765.31509403606,1.5433385993263342,0.007643914424548865,vit,dp_kfm,pink,0.25,42,5,True
layer,blocks.5.attn.q_proj,attention_qkv,0.7908129115266378,0.008079250436969266,23159.718623806635,0.261063250954564,0.0017154541011722999,vit,dp_kfm,pink,0.25,42,5,True
layer,blocks.5.attn.k_proj,attention_qkv,0.7908072179381073,0.008082075142884285,23167.815834642894,0.39238032838490655,0.0025778917710436327,vit,dp_kfm,pink,0.25,42,5,True
layer,blocks.5.attn.v_proj,attention_qkv,0.7917637540017364,0.008108452907429122,23243.42948340261,1.0939291429436617,0.007175283894126509,vit,dp_kfm,pink,0.25,42,5,True
layer,blocks.5.attn.out_proj,attention_out,0.5489559484774077,0.003893218827136454,11160.175474299373,1.079711443067395,0.010220501176974399,vit,dp_kfm,pink,0.25,42,5,True
layer,blocks.5.mlp.fc1,mlp_fc1,0.7711244031233041,0.03073689224315886,88109.38357158568,1.3466490185262026,0.004536734221741107,vit,dp_kfm,pink,0.25,42,5,True
layer,blocks.5.mlp.fc2,mlp_fc2,0.5093780957341972,0.013363065828717149,38306.13334231426,1.2217369620085483,0.006242284452905514,vit,dp_kfm,pink,0.25,42,5,True
layer,blocks.6.attn.q_proj,attention_qkv,0.7545238641986456,0.007357153349617506,21089.77841182696,0.2341965724861155,0.0016126663590273476,vit,dp_kfm,pink,0.25,42,5,True
layer,blocks.6.attn.k_proj,attention_qkv,0.7548159469570596,0.0073686137348005784,21122.63038222084,0.3592199201708793,0.002471646813517688,vit,dp_kfm,pink,0.25,42,5,True
layer,blocks.6.attn.v_proj,attention_qkv,0.7566683102259188,0.007408891692047855,21238.089874888767,1.0437646525610946,0.007162173841730633,vit,dp_kfm,pink,0.25,42,5,True
layer,blocks.6.attn.out_proj,attention_out,0.4825753716155053,0.003012086466669184,8634.34987971518,1.1894475396985995,0.012800604246464774,vit,dp_kfm,pink,0.25,42,5,True
layer,blocks.6.mlp.fc1,mlp_fc1,0.7764842596682577,0.031167032956762656,89342.41106261681,1.312007671436651,0.00438942406325926,vit,dp_kfm,pink,0.25,42,5,True
layer,blocks.6.mlp.fc2,mlp_fc2,0.5010106197626081,0.012927120776052176,37056.4673202085,1.1784016050178254,0.0061215488291117524,vit,dp_kfm,pink,0.25,42,5,True
layer,blocks.7.attn.q_proj,attention_qkv,0.756836966585846,0.007398367406512624,21207.921297541823,0.2033291000667151,0.001396209172915036,vit,dp_kfm,pink,0.25,42,5,True
layer,blocks.7.attn.k_proj,attention_qkv,0.7561488172467402,0.00739243748894641,21190.92278717654,0.29359878608867385,0.002016876571259126,vit,dp_kfm,pink,0.25,42,5,True
layer,blocks.7.attn.v_proj,attention_qkv,0.7570192522775211,0.007416528933646807,21259.982545238923,0.9922940310602107,0.006805482587566085,vit,dp_kfm,pink,0.25,42,5,True
layer,blocks.7.attn.out_proj,attention_out,0.4815283374073123,0.0029972793899204395,8591.904391260816,0.9350538539548984,0.01008769415927525,vit,dp_kfm,pink,0.25,42,5,True
layer,blocks.7.mlp.fc1,mlp_fc1,0.8084775921318514,0.03380392438385727,96901.23894763862,1.1303699902048663,0.0036312483646279894,vit,dp_kfm,pink,0.25,42,5,True
layer,blocks.7.mlp.fc2,mlp_fc2,0.5249241197969426,0.01419038332637494,40677.69498751709,1.0252417085311372,0.00508332758580842,vit,dp_kfm,pink,0.25,42,5,True
layer,blocks.8.attn.q_proj,attention_qkv,0.7676552757483303,0.0076184352875092775,21838.760784667887,0.1918115455545293,0.001297958327530173,vit,dp_kfm,pink,0.25,42,5,True
layer,blocks.8.attn.k_proj,attention_qkv,0.7673550613406491,0.007610798725747155,21816.87006311583,0.27550751320301853,0.00186525075393492,vit,dp_kfm,pink,0.25,42,5,True
layer,blocks.8.attn.v_proj,attention_qkv,0.770572212560103,0.007668850850408119,21983.28041060412,0.8360711156546481,0.005638933461197524,vit,dp_kfm,pink,0.25,42,5,True
layer,blocks.8.attn.out_proj,attention_out,0.43173330024434914,0.002406799178747917,6899.252869888764,0.8053139968281037,0.009695366171013603,vit,dp_kfm,pink,0.25,42,5,True
layer,blocks.8.mlp.fc1,mlp_fc1,0.835022309793506,0.0360556107014529,103355.85029449839,0.9822016838869629,0.0030551542518155476,vit,dp_kfm,pink,0.25,42,5,True
layer,blocks.8.mlp.fc2,mlp_fc2,0.5264166298761032,0.01426753793593192,40898.86390186268,0.8371527024063471,0.004139511194511611,vit,dp_kfm,pink,0.25,42,5,True
layer,blocks.9.attn.q_proj,attention_qkv,0.786793393070653,0.008005976057089912,22949.672650658613,0.1932047496326686,0.001275350483170671,vit,dp_kfm,pink,0.25,42,5,True
layer,blocks.9.attn.k_proj,attention_qkv,0.7861396029016507,0.0079961839232021,22921.60283560117,0.2978715301484304,0.001967462687294411,vit,dp_kfm,pink,0.25,42,5,True
layer,blocks.9.attn.v_proj,attention_qkv,0.7891072081533266,0.008050911146555819,23078.482128281037,0.7258940590500084,0.0047782582803667034,vit,dp_kfm,pink,0.25,42,5,True
layer,blocks.9.attn.out_proj,attention_out,0.4212753024094716,0.0022930812480279656,6573.272718821325,0.6752954780827033,0.008329194737285226,vit,dp_kfm,pink,0.25,42,5,True
layer,blocks.9.mlp.fc1,mlp_fc1,0.8521612177415292,0.03754572288706212,107627.35780696578,0.8150180697209559,0.0024843106332096713,vit,dp_kfm,pink,0.25,42,5,True
layer,blocks.9.mlp.fc2,mlp_fc2,0.526693177581207,0.014293843087736837,40974.26940128488,0.6529946586197204,0.0032259231680295463,vit,dp_kfm,pink,0.25,42,5,True
layer,blocks.10.attn.q_proj,attention_qkv,0.8066209962068078,0.008408370404435525,24103.163303416557,0.1585811480561798,0.0010214439395864938,vit,dp_kfm,pink,0.25,42,5,True
layer,blocks.10.attn.k_proj,attention_qkv,0.8066118299577357,0.008402010167482706,24084.93125338203,0.2550223262883645,0.0016432570246997361,vit,dp_kfm,pink,0.25,42,5,True
layer,blocks.10.attn.v_proj,attention_qkv,0.8083739911763292,0.00844514410766312,24208.577614577094,0.6053119114138332,0.0038904029295214254,vit,dp_kfm,pink,0.25,42,5,True
layer,blocks.10.attn.out_proj,attention_out,0.42725097073746005,0.002362479554799013,6772.2076658594015,0.5648704990480561,0.00686410250355487,vit,dp_kfm,pink,0.25,42,5,True
layer,blocks.10.mlp.fc1,mlp_fc1,0.856385957191375,0.03791623042989142,108689.44277473203,0.6585906480617073,0.0019976614016370977,vit,dp_kfm,pink,0.25,42,5,True
layer,blocks.10.mlp.fc2,mlp_fc2,0.5222200001594034,0.014045546709523305,40262.51101483593,0.5184514215545594,0.002583792547765201,vit,dp_kfm,pink,0.25,42,5,True
layer,blocks.11.attn.q_proj,attention_qkv,0.8144360379268281,0.00857364681148703,24576.93931919054,0.2166379733101779,0.001381881127025962,vit,dp_kfm,pink,0.25,42,5,True
layer,blocks.11.attn.k_proj,attention_qkv,0.8143826010510079,0.008567988734100756,24560.72005711403,0.2900684326273105,0.001850887066660149,vit,dp_kfm,pink,0.25,42,5,True
layer,blocks.11.attn.v_proj,attention_qkv,0.8167425794809526,0.008620237768582959,24710.495453534117,0.5843458780869142,0.003717314093973588,vit,dp_kfm,pink,0.25,42,5,True
layer,blocks.11.attn.out_proj,attention_out,0.4238849561531207,0.0023222413455895557,6656.862113634287,0.5208811547830315,0.006384161495311495,vit,dp_kfm,pink,0.25,42,5,True
layer,blocks.11.mlp.fc1,mlp_fc1,0.8190387214731923,0.034694816091948945,99455.04037323584,0.5076255448627772,0.001609644869348153,vit,dp_kfm,pink,0.25,42,5,True
layer,blocks.11.mlp.fc2,mlp_fc2,0.48120024673423273,0.011925788515859905,34186.08057134942,0.5217800559705613,0.002822037750884417,vit,dp_kfm,pink,0.25,42,5,True
layer,head,patch_head,1.3187420278037918,0.0011754084846008765,3369.388037141101,1.8404005329576454,0.03170566273544012,vit,dp_kfm,pink,0.25,42,5,True
layer,cls_token,identity,2.1025758968881636,0.0002956692593746364,847.5559590890185,0.0834286474854114,0.0028657019035197807,vit,dp_kfm,pink,0.25,42,5,True
layer,pos_embed,identity,2.101384996364321,0.05824684409680311,166968.5239405369,0.34263317377229546,0.0008385174504238993,vit,dp_kfm,pink,0.25,42,5,True
layer,blocks.0.norm1.weight,identity,2.1053705561183986,0.0002956692593746364,847.5559590890185,0.37422429415856157,0.012854280926717185,vit,dp_kfm,pink,0.25,42,5,True
layer,blocks.0.norm1.bias,identity,2.105429831979688,0.0002956692593746364,847.5559590890185,0.26079019012805843,0.008957917535459818,vit,dp_kfm,pink,0.25,42,5,True
layer,blocks.0.norm2.weight,identity,2.104648332970033,0.0002956692593746364,847.5559590890185,0.1295168128465852,0.0044487905329782034,vit,dp_kfm,pink,0.25,42,5,True
layer,blocks.0.norm2.bias,identity,2.083416946486523,0.0002956692593746364,847.5559590890185,0.11039779002845326,0.0037920686306731274,vit,dp_kfm,pink,0.25,42,5,True
layer,blocks.1.norm1.weight,identity,2.100777294631682,0.0002956692593746364,847.5559590890185,0.16186322724113597,0.0055598618987067775,vit,dp_kfm,pink,0.25,42,5,True
layer,blocks.1.norm1.bias,identity,2.099911500014716,0.0002956692593746364,847.5559590890185,0.19241248249797313,0.0066092024019906,vit,dp_kfm,pink,0.25,42,5,True
layer,blocks.1.norm2.weight,identity,2.1059731390724563,0.0002956692593746364,847.5559590890185,0.2051502565262355,0.007046733925988748,vit,dp_kfm,pink,0.25,42,5,True
layer,blocks.1.norm2.bias,identity,2.1009958627986225,0.0002956692593746364,847.5559590890185,0.17411828165607873,0.005980812421376838,vit,dp_kfm,pink,0.25,42,5,True
layer,blocks.2.norm1.weight,identity,2.0851048179622547,0.0002956692593746364,847.5559590890185,0.16060538192786097,0.005516655999807172,vit,dp_kfm,pink,0.25,42,5,True
layer,blocks.2.norm1.bias,identity,2.1015722931821132,0.0002956692593746364,847.5559590890185,0.2160119187908935,0.0074198226331101515,vit,dp_kfm,pink,0.25,42,5,True
layer,blocks.2.norm2.weight,identity,2.105014276654302,0.0002956692593746364,847.5559590890185,0.14816770932270404,0.00508943270020632,vit,dp_kfm,pink,0.25,42,5,True
layer,blocks.2.norm2.bias,identity,2.097551103759732,0.0002956692593746364,847.5559590890185,0.2028880428969071,0.006969028843872098,vit,dp_kfm,pink,0.25,42,5,True
layer,blocks.3.norm1.weight,identity,2.0960826807745456,0.0002956692593746364,847.5559590890185,0.1429481527830783,0.0049101454462238,vit,dp_kfm,pink,0.25,42,5,True
layer,blocks.3.norm1.bias,identity,2.092719211140931,0.0002956692593746364,847.5559590890185,0.19739799449122214,0.006780450428174564,vit,dp_kfm,pink,0.25,42,5,True
layer,blocks.3.norm2.weight,identity,2.098796140807551,0.0002956692593746364,847.5559590890185,0.14534381922178682,0.0049924345169510475,vit,dp_kfm,pink,0.25,42,5,True
layer,blocks.3.norm2.bias,identity,2.1045424266101493,0.0002956692593746364,847.5559590890185,0.15404506903684106,0.005291314924455706,vit,dp_kfm,pink,0.25,42,5,True
layer,blocks.4.norm1.weight,identity,2.098707736358665,0.0002956692593746364,847.5559590890185,0.12473797108963183,0.004284641450711042,vit,dp_kfm,pink,0.25,42,5,True
layer,blocks.4.norm1.bias,identity,2.0947560980675304,0.0002956692593746364,847.5559590890185,0.19655522037104312,0.006751501865861403,vit,dp_kfm,pink,0.25,42,5,True
layer,blocks.4.norm2.weight,identity,2.0905307400285116,0.0002956692593746364,847.5559590890185,0.11116421929267847,0.0038183948131967995,vit,dp_kfm,pink,0.25,42,5,True
layer,blocks.4.norm2.bias,identity,2.103887801331686,0.0002956692593746364,847.5559590890185,0.14194248705418436,0.004875601697997515,vit,dp_kfm,pink,0.25,42,5,True
layer,blocks.5.norm1.weight,identity,2.0892977528411607,0.0002956692593746364,847.5559590890185,0.10051691285735138,0.003452669043467514,vit,dp_kfm,pink,0.25,42,5,True
layer,blocks.5.norm1.bias,identity,2.105561577588708,0.0002956692593746364,847.5559590890185,0.1479999884728921,0.005083671634037171,vit,dp_kfm,pink,0.25,42,5,True
layer,blocks.5.norm2.weight,identity,2.093576949914633,0.0002956692593746364,847.5559590890185,0.09623406455608445,0.003305556907536349,vit,dp_kfm,pink,0.25,42,5,True
layer,blocks.5.norm2.bias,identity,2.112571373356333,0.0002956692593746364,847.5559590890185,0.11277244615003405,0.00387363601517387,vit,dp_kfm,pink,0.25,42,5,True
layer,blocks.6.norm1.weight,identity,2.099530267045238,0.0002956692593746364,847.5559590890185,0.09732924266406667,0.003343175328586341,vit,dp_kfm,pink,0.25,42,5,True
layer,blocks.6.norm1.bias,identity,2.1043777327666793,0.0002956692593746364,847.5559590890185,0.1431025743657137,0.004915449694064813,vit,dp_kfm,pink,0.25,42,5,True
layer,blocks.6.norm2.weight,identity,2.101013088481103,0.0002956692593746364,847.5559590890185,0.07786730119259629,0.002674674467047918,vit,dp_kfm,pink,0.25,42,5,True
layer,blocks.6.norm2.bias,identity,2.0945277619150384,0.0002956692593746364,847.5559590890185,0.09394537789196242,0.0032269424995647737,vit,dp_kfm,pink,0.25,42,5,True
layer,blocks.7.norm1.weight,identity,2.094130511407937,0.0002956692593746364,847.5559590890185,0.07629851842954612,0.002620788135604413,vit,dp_kfm,pink,0.25,42,5,True
layer,blocks.7.norm1.bias,identity,2.1014941717955176,0.0002956692593746364,847.5559590890185,0.11213588373007315,0.0038517706464597247,vit,dp_kfm,pink,0.25,42,5,True
layer,blocks.7.norm2.weight,identity,2.1009921837547068,0.0002956692593746364,847.5559590890185,0.05029554284971313,0.0017276084082291617,vit,dp_kfm,pink,0.25,42,5,True
layer,blocks.7.norm2.bias,identity,2.0733877627308868,0.0002956692593746364,847.5559590890185,0.06733029823308515,0.0023127375263376554,vit,dp_kfm,pink,0.25,42,5,True
layer,blocks.8.norm1.weight,identity,2.1060727100344545,0.0002956692593746364,847.5559590890185,0.0870259246335647,0.0029892652631290043,vit,dp_kfm,pink,0.25,42,5,True
layer,blocks.8.norm1.bias,identity,2.0972131191494956,0.0002956692593746364,847.5559590890185,0.098788702837926,0.0033933065236182555,vit,dp_kfm,pink,0.25,42,5,True
layer,blocks.8.norm2.weight,identity,2.103809513844813,0.0002956692593746364,847.5559590890185,0.03610299081716718,0.001240106517675532,vit,dp_kfm,pink,0.25,42,5,True
layer,blocks.8.norm2.bias,identity,2.1111577932632177,0.0002956692593746364,847.5559590890185,0.053409360227784614,0.001834565342765502,vit,dp_kfm,pink,0.25,42,5,True
layer,blocks.9.norm1.weight,identity,2.1112158707533046,0.0002956692593746364,847.5559590890185,0.07942261490838702,0.002728098148364235,vit,dp_kfm,pink,0.25,42,5,True
layer,blocks.9.norm1.bias,identity,2.1092804975073074,0.0002956692593746364,847.5559590890185,0.0993716702746866,0.003413330951001035,vit,dp_kfm,pink,0.25,42,5,True
layer,blocks.9.norm2.weight,identity,2.10238697684955,0.0002956692593746364,847.5559590890185,0.08174845495984573,0.00280798874306569,vit,dp_kfm,pink,0.25,42,5,True
layer,blocks.9.norm2.bias,identity,2.0847977453602216,0.0002956692593746364,847.5559590890185,0.04515340517953697,0.0015509804254710653,vit,dp_kfm,pink,0.25,42,5,True
layer,blocks.10.norm1.weight,identity,2.101653341545469,0.0002956692593746364,847.5559590890185,0.06296022434010579,0.002162629266751847,vit,dp_kfm,pink,0.25,42,5,True
layer,blocks.10.norm1.bias,identity,2.1093234855553056,0.0002956692593746364,847.5559590890185,0.08381683503931148,0.002879035810345115,vit,dp_kfm,pink,0.25,42,5,True
layer,blocks.10.norm2.weight,identity,2.095758255009696,0.0002956692593746364,847.5559590890185,0.06153595103732195,0.0021137067103166123,vit,dp_kfm,pink,0.25,42,5,True
layer,blocks.10.norm2.bias,identity,2.092262964067503,0.0002956692593746364,847.5559590890185,0.03565715808830464,0.0012247925489338462,vit,dp_kfm,pink,0.25,42,5,True
layer,blocks.11.norm1.weight,identity,2.095657519859767,0.0002956692593746364,847.5559590890185,0.0586517443738097,0.0020146367052896645,vit,dp_kfm,pink,0.25,42,5,True
layer,blocks.11.norm1.bias,identity,2.1032759173077324,0.0002956692593746364,847.5559590890185,0.07301170842551107,0.002507889053946425,vit,dp_kfm,pink,0.25,42,5,True
layer,blocks.11.norm2.weight,identity,2.0998060805350183,0.0002956692593746364,847.5559590890185,0.029282458095878587,0.0010058271161566064,vit,dp_kfm,pink,0.25,42,5,True
layer,blocks.11.norm2.bias,identity,2.103129923063538,0.0002956692593746364,847.5559590890185,0.02488355803814374,0.0008547287027363431,vit,dp_kfm,pink,0.25,42,5,True
layer,norm.weight,identity,2.090542425860164,0.0002956692593746364,847.5559590890185,0.022410061106839213,0.0007697662218855159,vit,dp_kfm,pink,0.25,42,5,True
layer,norm.bias,identity,2.0980085586517445,0.0002956692593746364,847.5559590890185,0.01456557745444746,0.0005003149912549376,vit,dp_kfm,pink,0.25,42,5,True
group,attention_out,attention_out,0.5082370938165838,0.04006294939328653,114843.15809083704,3.689970500221762,0.010888557046997396,vit,dp_kfm,pink,0.25,42,5,True
group,attention_qkv,attention_qkv,0.7707317700588269,0.27643490522750164,792419.3800915483,3.7686043340353166,0.004233533483485967,vit,dp_kfm,pink,0.25,42,5,True
group,identity,identity,2.1015348728727936,0.07332597632490946,210193.87785407653,1.031600329111625,0.0022500980368618385,vit,dp_kfm,pink,0.25,42,5,True
group,mlp_fc1,mlp_fc1,0.8093609170614628,0.40644560605501423,1165103.8602595625,4.4987391834595485,0.004167815590389985,vit,dp_kfm,pink,0.25,42,5,True
group,mlp_fc2,mlp_fc2,0.5405413834885078,0.18057926416437917,517642.69222355005,4.493730317160599,0.006245855922752933,vit,dp_kfm,pink,0.25,42,5,True
group,patch_head,patch_head,0.6659750280671213,0.023151298834908598,66364.76625835102,3.326131445587271,0.01291131936276249,vit,dp_kfm,pink,0.25,42,5,True
