epoch,layer,group,method,damping,A_trace_per_dim,A_eig_p10,A_eig_p50,A_eig_p90,A_eig_p99,A_eig_min,A_eig_max,G_trace_per_dim,G_eig_p10,G_eig_p50,G_eig_p90,G_eig_p99,G_eig_min,G_eig_max,relative_damping_A,relative_damping_G
1,patch_embed,patch_head,dp_kfc,0.001,0.2509732962003455,0.025429101682585276,0.04967877377267411,0.25974008470406285,4.191966402854209,0.016652998915899702,26.338540601826764,9.854270134705226e-06,7.559195971551572e-08,2.1037654606875417e-07,1.2763282649889603e-06,0.00029133289653329004,1.201125990558427e-13,0.00045410955082518956,0.0039844876532271626,101.47884991280618
1,blocks.0.attn.q_proj,attention_qkv,dp_kfc,0.001,0.9999754015028168,0.12082503571735391,0.34665727605385666,1.6361272475356254,18.878374994462717,-4.871749946707475e-08,24.91914137192401,3.8457351865991046e-07,4.707108442608005e-09,1.7786421370532488e-08,1.0720450286849018e-07,8.524807339126025e-06,2.5160449765207557e-09,2.8798521646913393e-05,0.0010000245991022842,2600.2830446688376
1,blocks.0.attn.k_proj,attention_qkv,dp_kfc,0.001,0.9999754015028168,0.12082503571735391,0.34665727605385666,1.6361272475356254,18.878374994462717,-4.871749946707475e-08,24.91914137192401,3.6183979426264154e-08,6.05056931717116e-13,2.1760893249138455e-12,1.1895840922564025e-11,1.903128884993015e-06,2.73610836096964e-13,2.9830692367615996e-06,0.0010000245991022842,27636.540144452705
1,blocks.0.attn.v_proj,attention_qkv,dp_kfc,0.001,0.9999754015028168,0.12082503571735391,0.34665727605385666,1.6361272475356254,18.878374994462717,-4.871749946707475e-08,24.91914137192401,7.892963544087195e-06,2.3617646549148327e-09,4.6708725285335826e-08,7.376064914461779e-07,0.00022059446515062156,5.082432994996717e-10,0.0003680453639935532,0.0010000245991022842,126.695124640367
1,blocks.0.attn.out_proj,attention_out,dp_kfc,0.001,0.00583482690296049,5.1167451644084634e-06,8.744708017596262e-05,0.0007221546557340784,0.0017554823028315834,1.0402385224834563e-06,1.0798700345829473,0.020458637035820477,2.8663300067614687e-05,0.00013817305158468358,0.0014460823205598176,0.577995674283427,-1.915861559556995e-08,0.9333387881021274,0.17138469000556253,0.04887911146031512
1,blocks.0.mlp.fc1,mlp,dp_kfc,0.001,0.9999764604889667,0.12125227658495125,0.346673576400275,1.6464988222768822,18.868174165460704,-4.1294580834721593e-08,24.911471659875456,2.97155134678743e-05,9.507014523253357e-09,7.107978827115833e-08,1.441957420316038e-06,0.0009522693120300194,4.350814106200649e-09,0.004767763572377266,0.001000023540065155,33.65245568046834
1,blocks.0.mlp.fc2,mlp,dp_kfc,0.001,0.023092593616225864,0.0004912217569234788,0.0012733334826145297,0.035554352436178674,0.3607338655385868,0.00033783329558626597,2.0355226309428955,0.0013410126235460969,1.557402427532472e-06,7.896917217615878e-06,7.750872061479706e-05,0.04018981651376096,-2.9246178219997344e-10,0.04993513652228303,0.04330392751108548,0.745705135389149
1,blocks.1.attn.q_proj,attention_qkv,dp_kfc,0.001,0.9999872677684448,0.10090689329513339,0.3266319191314621,1.6278686436404632,19.014962196099916,-2.8422225421487863e-08,25.636085613352567,3.070813979257532e-08,3.094797868475571e-10,1.2472140701386804e-09,7.171270733490185e-09,7.561952635362984e-07,1.581415637156168e-10,1.993385753862417e-06,0.001000012732393667,32564.655715217963
1,blocks.1.attn.k_proj,attention_qkv,dp_kfc,0.001,0.9999872677684448,0.10090689329513339,0.3266319191314621,1.6278686436404632,19.014962196099916,-2.8422225421487863e-08,25.636085613352567,3.015469454251534e-09,5.64505688754316e-12,4.433814175663288e-11,3.1839066186021636e-10,1.6007748834257722e-07,2.5691232621242105e-12,2.2154091985882794e-07,0.001000012732393667,331623.3227267788
1,blocks.1.attn.v_proj,attention_qkv,dp_kfc,0.001,0.9999872677684448,0.10090689329513339,0.3266319191314621,1.6278686436404632,19.014962196099916,-2.8422225421487863e-08,25.636085613352567,6.072193178644861e-07,1.3376717214831994e-10,2.879636701541523e-09,4.714556417732301e-08,1.6323014545519692e-05,3.312663802834233e-11,2.445167638870956e-05,0.001000012732393667,1646.8514267906926
1,blocks.1.attn.out_proj,attention_out,dp_kfc,0.001,0.006091875521619346,4.175509066406358e-06,7.920517868579469e-05,0.0007491634975632912,0.002069594451046801,8.063987132637465e-07,1.1271072504415047,0.0013398638266153284,1.5117969217161433e-06,7.846478082508673e-06,7.592433437429232e-05,0.04013955757739276,-4.288553282563381e-10,0.0499758428815954,0.16415305868465602,0.7463445016842727
1,blocks.1.mlp.fc1,mlp,dp_kfc,0.001,0.9999872940191952,0.10093058642429324,0.3261125467730007,1.628171846938174,18.997032032376186,-2.7243907758459393e-08,25.620476854584627,1.5608227566822154e-05,4.572218051043261e-09,3.2995006410675216e-08,7.023935620988568e-07,0.0005011218070500879,2.119503858730747e-09,0.0025948004883758857,0.0010000127061422488,64.0687737104541
1,blocks.1.mlp.fc2,mlp,dp_kfc,0.001,0.0227455152325836,0.000458265517482853,0.0012211584884934017,0.03417108854911682,0.38159681324419836,0.0002885713188858969,1.9421191497568122,0.0006997292481401018,6.161524409507874e-07,3.4549179660142262e-06,3.634690598586812e-05,0.02045305365040426,-1.3512483114692793e-10,0.02510372156370757,0.043964710835280245,1.4291241971920217
1,blocks.2.attn.q_proj,attention_qkv,dp_kfc,0.001,0.9999886090273684,0.08687506486260019,0.3139383950718673,1.6956818426183395,19.076278685558975,2.628767515344678e-08,25.538346063624843,1.6404157224721622e-08,1.6177950220188268e-10,6.38380518185859e-10,3.6508473341468135e-09,5.286829674958979e-07,7.738821436067804e-11,9.530948811378375e-07,0.0010000113911023873,60960.157007820315
1,blocks.2.attn.k_proj,attention_qkv,dp_kfc,0.001,0.9999886090273684,0.08687506486260019,0.3139383950718673,1.6956818426183395,19.076278685558975,2.628767515344678e-08,25.538346063624843,1.9248861939963045e-09,2.773034285448124e-12,2.0453812633972416e-11,1.7599677898235768e-10,8.500058629972522e-08,1.339047722633984e-12,1.5947321452175032e-07,0.0010000113911023873,519511.23298561096
1,blocks.2.attn.v_proj,attention_qkv,dp_kfc,0.001,0.9999886090273684,0.08687506486260019,0.3139383950718673,1.6956818426183395,19.076278685558975,2.628767515344678e-08,25.538346063624843,3.2843915972099086e-07,5.520745571953227e-11,1.2578933906789985e-09,2.1732915625050493e-08,9.638687043376146e-06,1.2952923890750028e-11,1.2436760051315172e-05,0.0010000113911023873,3044.7039288783353
1,blocks.2.attn.out_proj,attention_out,dp_kfc,0.001,0.0063844285554758035,3.8096386267661697e-06,7.387223741732983e-05,0.0008534697960901208,0.0024690226679952992,8.660802124085982e-07,1.1795348351896442,0.0006993093903323218,6.092870505521927e-07,3.4491237096103657e-06,3.41563163840222e-05,0.02051635777478132,-1.2023318427534313e-10,0.025057447029880185,0.1566310894249602,1.4299822279303096
1,blocks.2.mlp.fc1,mlp,dp_kfc,0.001,0.9999886374399453,0.08687556721840949,0.31314157512661867,1.6951786958918094,19.047687027879228,2.1606144083324756e-08,25.504112650289393,1.1035460704809466e-05,2.7301206285975816e-09,1.9094801332537137e-08,4.5860758467460327e-07,0.00041485088674269086,1.3929041166973724e-09,0.0015794357860636774,0.001000011362689164,90.61696894667757
1,blocks.2.mlp.fc2,mlp,dp_kfc,0.001,0.023058663311284835,0.0004502934400044845,0.0012124018383053328,0.034133919024934456,0.35858389523768874,0.0003073955606915928,2.057327756012633,0.0004821607591717717,4.0105225402407917e-07,2.1973982079698064e-06,2.274511090129212e-05,0.013348376540957503,-9.49329340367453e-11,0.017494435219262198,0.04336764826739125,2.073997066284994
1,blocks.3.attn.q_proj,attention_qkv,dp_kfc,0.001,0.9999895222446462,0.07611703253940157,0.2977088310469332,1.7370922470357437,18.56708580814334,5.644688075272669e-09,25.662774687496825,1.3905949143346492e-08,1.1219624262309897e-10,4.599178568283284e-10,3.0062772236217914e-09,4.4412693002082703e-07,5.171729240644697e-11,7.81788902303611e-07,0.0010000104778651383,71911.66814229757
1,blocks.3.attn.k_proj,attention_qkv,dp_kfc,0.001,0.9999895222446462,0.07611703253940157,0.2977088310469332,1.7370922470357437,18.56708580814334,5.644688075272669e-09,25.662774687496825,1.0448818824241046e-09,2.0090567966102083e-12,1.5371443609327755e-11,1.4574918775585546e-10,5.978327398004266e-08,8.367621820113422e-13,6.934952871030938e-08,0.0010000104778651383,957045.9750723407
1,blocks.3.attn.v_proj,attention_qkv,dp_kfc,0.001,0.9999895222446462,0.07611703253940157,0.2977088310469332,1.7370922470357437,18.56708580814334,5.644688075272669e-09,25.662774687496825,2.3237869239967068e-07,3.3006547105586485e-11,7.476862317352821e-10,1.1380416985469844e-08,6.018976988580683e-06,7.829680417257736e-12,9.282260006843147e-06,0.0010000104778651383,4303.3205397338625
1,blocks.3.attn.out_proj,attention_out,dp_kfc,0.001,0.006704056339936784,3.752334878165e-06,7.210665024487978e-05,0.0009041821364934718,0.002667096613684656,8.610849762794331e-07,1.2387528404094066,0.0004819200420721851,3.829986031170791e-07,2.208892567736105e-06,2.0771580175123586e-05,0.013337294139518136,-1.4169877959054783e-10,0.017517875905187462,0.1491634242455411,2.0750330193783757
1,blocks.3.mlp.fc1,mlp,dp_kfc,0.001,0.9999895361421022,0.07625845839510335,0.2983296694141024,1.7350041054680676,18.570445097048303,-2.2288683053029567e-08,25.632613440372584,7.930244497626748e-06,1.887893276734966e-09,1.3708200452763393e-08,3.282365696252294e-07,0.0003090851879498577,9.376771768495408e-10,0.0010832910523745226,0.0010000104639673914,126.09951689374343
1,blocks.3.mlp.fc2,mlp,dp_kfc,0.001,0.02312461590643861,0.0004372199858948055,0.0012057187777243918,0.032343325517737796,0.33895511225704084,0.00029319010129207036,2.061390468795926,0.0003531511626230591,2.8109722524418185e-07,1.4802170074285616e-06,1.4521383172682645e-05,0.009316749403236402,-6.414316656740584e-11,0.013053911631574922,0.04324396150171597,2.8316486135070837
1,blocks.4.attn.q_proj,attention_qkv,dp_kfc,0.001,0.9999904092111737,0.06852593629881547,0.27925973894885686,1.8312427540581493,19.013880223378244,-1.2783389300345124e-09,25.12902625046249,1.0402583566828752e-08,7.875715999925438e-11,3.451689389627356e-10,2.386839254862911e-09,2.9472551079893006e-07,3.5441520531574716e-11,6.68000758307267e-07,0.0010000095908808105,96129.96555862823
1,blocks.4.attn.k_proj,attention_qkv,dp_kfc,0.001,0.9999904092111737,0.06852593629881547,0.27925973894885686,1.8312427540581493,19.013880223378244,-1.2783389300345124e-09,25.12902625046249,7.990948278785177e-10,1.4373027825824766e-12,1.1294226981989434e-11,1.1374327131718606e-10,3.956332538968896e-08,6.474039080258519e-13,5.860549382286972e-08,0.0010000095908808105,1251415.9335192505
1,blocks.4.attn.v_proj,attention_qkv,dp_kfc,0.001,0.9999904092111737,0.06852593629881547,0.27925973894885686,1.8312427540581493,19.013880223378244,-1.2783389300345124e-09,25.12902625046249,1.6364371451434617e-07,2.1991819243519982e-11,5.17785265026135e-10,7.423567158733057e-09,4.648452565658568e-06,3.942555499413641e-12,6.095704955466619e-06,0.0010000095908808105,6110.836599913117
1,blocks.4.attn.out_proj,attention_out,dp_kfc,0.001,0.0073041441012535804,3.4706505855706303e-06,7.299655790798154e-05,0.0009355589288122766,0.00282867965223931,8.638776499767733e-07,1.350456226216468,0.00035289790567579377,2.792409864829147e-07,1.4633217835204346e-06,1.3638330753666345e-05,0.009308239536690037,-1.0812232022301086e-10,0.01303913556675181,0.13690858040826084,2.833680744250993
1,blocks.4.mlp.fc1,mlp,dp_kfc,0.001,0.9999904530653683,0.06850138638346151,0.27873898680862014,1.8219724353574578,18.97562334252179,-3.5920456275353305e-08,25.064864132873407,6.1585393545994975e-06,1.3799286800970905e-09,1.0333083424742392e-08,2.4692815374386267e-07,0.00025900688645479563,6.588517135962211e-10,0.0008309983313305207,0.0010000095470257765,162.37616461006314
1,blocks.4.mlp.fc2,mlp,dp_kfc,0.001,0.02295165188775261,0.0004113061710769812,0.0011536657104928604,0.031056820087151257,0.34304869689213696,0.00027644300080958766,2.2263919818425078,0.00029168561638925894,2.1407406172547427e-07,1.1145444815626086e-06,1.0009762613037671e-05,0.007623656698188961,-7.648203961889644e-11,0.010432959440517236,0.04356984869283491,3.4283486871203297
1,blocks.5.attn.q_proj,attention_qkv,dp_kfc,0.001,0.9999910160667539,0.06263880722779461,0.2727718175385054,1.828259486076002,18.55315071749138,-2.891475600826175e-09,24.11348942743592,6.285253616612058e-09,5.33238446628861e-11,2.2797345649833762e-10,1.5917793348102736e-09,1.5638410216333763e-07,2.6192116623372152e-11,4.6732256411675567e-07,0.001000008984013958,159102.56944238162
1,blocks.5.attn.k_proj,attention_qkv,dp_kfc,0.001,0.9999910160667539,0.06263880722779461,0.2727718175385054,1.828259486076002,18.55315071749138,-2.891475600826175e-09,24.11348942743592,5.439791285065561e-10,9.895349908072791e-13,7.337459399729203e-12,7.868480922898154e-11,2.7102354397683207e-08,4.0437848961020093e-13,4.245862848479041e-08,0.001000008984013958,1838305.82387491
1,blocks.5.attn.v_proj,attention_qkv,dp_kfc,0.001,0.9999910160667539,0.06263880722779461,0.2727718175385054,1.828259486076002,18.55315071749138,-2.891475600826175e-09,24.11348942743592,1.400146302602915e-07,1.7683000594431175e-11,3.8065157523187673e-10,5.481194809221916e-09,4.059945831241137e-06,3.6174926325756065e-12,5.255894365633257e-06,0.001000008984013958,7142.110779001946
1,blocks.5.attn.out_proj,attention_out,dp_kfc,0.001,0.008182667432397537,3.4695589008547547e-06,6.900589245074943e-05,0.0010497988494055392,0.0031441791241790438,8.717331284208554e-07,1.5164816728921011,0.0002915488425590714,2.0561917800207988e-07,1.100941302295792e-06,9.746427942993163e-06,0.007626181486592159,-6.165286028672047e-11,0.010433158486899147,0.12220953720307781,3.4299570227152856
1,blocks.5.mlp.fc1,mlp,dp_kfc,0.001,0.99999103521436,0.06267778086166774,0.271205078206009,1.8239148922215795,18.544398160201787,-5.568257881774399e-09,24.09949354639363,5.43210349854851e-06,1.053411183403993e-09,8.38219865915413e-09,2.0521163691688188e-07,0.00023768944492915067,5.065087948475296e-10,0.0007030239775328285,0.0010000089648660082,184.09074868827625
1,blocks.5.mlp.fc2,mlp,dp_kfc,0.001,0.022525662392794465,0.000399004714820062,0.0011281447910537652,0.030624688161119337,0.3455858625476941,0.0002608069417641256,2.2205759933178317,0.00025227979923177674,1.6487064481924812e-07,8.615375147195009e-07,7.527495962580582e-06,0.006824884329554042,-5.950011287820634e-11,0.008535523519174281,0.044393811048143966,3.963852845313513
1,blocks.6.attn.q_proj,attention_qkv,dp_kfc,0.001,0.9999915444789156,0.058527052346583924,0.2582947767181865,1.8104887252477955,18.343704164426754,-6.441460352266101e-09,23.79621093116432,6.33818496096015e-09,4.9032986131153424e-11,2.2285985380720527e-10,1.3740204744154589e-09,1.4751422084432092e-07,2.3625098442148902e-11,4.610137869248607e-07,0.001000008455592581,157773.87472272714
1,blocks.6.attn.k_proj,attention_qkv,dp_kfc,0.001,0.9999915444789156,0.058527052346583924,0.2582947767181865,1.8104887252477955,18.343704164426754,-6.441460352266101e-09,23.79621093116432,5.129046807136998e-10,9.287502568558337e-13,7.842936836612524e-12,8.070936099674518e-11,2.1977101982687644e-08,4.1157220087853623e-13,4.0405028553741065e-08,0.001000008455592581,1949680.0041062478
1,blocks.6.attn.v_proj,attention_qkv,dp_kfc,0.001,0.9999915444789156,0.058527052346583924,0.2582947767181865,1.8104887252477955,18.343704164426754,-6.441460352266101e-09,23.79621093116432,1.1655747751230608e-07,1.2593832842797599e-11,3.112736569017017e-10,3.9542033249623675e-09,3.340586587116064e-06,2.442777450413667e-12,4.153731742349829e-06,0.001000008455592581,8579.45814668493
1,blocks.6.attn.out_proj,attention_out,dp_kfc,0.001,0.007801375119317169,3.0836294003320157e-06,6.872399802207831e-05,0.001080225752335117,0.003448439423140306,6.969951842165351e-07,1.4390714955396537,0.00025221106871716376,1.6467780485069006e-07,8.555896473879944e-07,7.082993236077067e-06,0.006819169088865696,-6.467197962178354e-11,0.008538249567674166,0.12818252996498994,3.9649330423377522
1,blocks.6.mlp.fc1,mlp,dp_kfc,0.001,0.999991550037898,0.05861526634041099,0.25750415212351674,1.8049222448138051,18.318395648580694,-1.565236842497961e-08,23.753043799355314,4.973165068948801e-06,8.802176945642153e-10,7.7419085811905e-09,1.7881069252512188e-07,0.0002149711669911865,3.9880258276340335e-10,0.0007086218456920833,0.0010000084500335045,201.0791892357947
1,blocks.6.mlp.fc2,mlp,dp_kfc,0.001,0.02345760566786765,0.00039737503781936363,0.001158587998792207,0.03024950508866688,0.363225879013091,0.00026319809389390065,2.3666895368303704,0.00022066887332054344,1.265722160999658e-07,6.408308888155395e-07,5.224313846899449e-06,0.006271341804303846,-6.320739935901407e-11,0.007458722121076247,0.04263009678646808,4.5316767378759435
1,blocks.7.attn.q_proj,attention_qkv,dp_kfc,0.001,0.9999920994506599,0.05384903124105626,0.2452099903739723,1.8254400418122894,18.245185631622242,-1.7823542834170753e-08,24.047695009722826,4.974908951518401e-09,3.357818993280648e-11,1.6170466254435196e-10,1.0341942340890838e-09,1.2582578219215393e-07,1.4584329902005126e-11,3.060032684819187e-07,0.0010000079006117592,201008.70382658727
1,blocks.7.attn.k_proj,attention_qkv,dp_kfc,0.001,0.9999920994506599,0.05384903124105626,0.2452099903739723,1.8254400418122894,18.245185631622242,-1.7823542834170753e-08,24.047695009722826,4.575033736185438e-10,7.553440363073349e-13,6.321574586539773e-12,7.291488217249068e-11,2.667107476977651e-08,2.5333490195988313e-13,2.9922992333931986e-08,0.0010000079006117592,2185776.2317481353
1,blocks.7.attn.v_proj,attention_qkv,dp_kfc,0.001,0.9999920994506599,0.05384903124105626,0.2452099903739723,1.8254400418122894,18.245185631622242,-1.7823542834170753e-08,24.047695009722826,9.791613437652261e-08,9.584700834077518e-12,2.3050160291304642e-10,3.4705473913857967e-09,2.5421922323418017e-06,2.196711341906178e-12,4.149237733563808e-06,0.0010000079006117592,10212.821475923894
1,blocks.7.attn.out_proj,attention_out,dp_kfc,0.001,0.008297110115822738,3.075372381547489e-06,6.636900520907902e-05,0.0010422062702848394,0.003883421364297125,6.546965707158878e-07,1.5349987269171608,0.00022070948354742842,1.2633992242673614e-07,6.336358697512553e-07,4.666508185067578e-06,0.006275056022826789,-7.471673824049386e-11,0.00747236772031317,0.12052389157677708,4.530842915887252
1,blocks.7.mlp.fc1,mlp,dp_kfc,0.001,0.9999921037743129,0.0537944024531645,0.24343510563909865,1.821269658377769,18.22626342595089,-8.648019999708466e-08,24.032859572642913,4.182120842660675e-06,6.868076503995342e-10,6.374944783360567e-09,1.48006339613239e-07,0.00017338941453190108,3.010806876722888e-10,0.0005538175773750854,0.001000007896288038,239.11312886975253
1,blocks.7.mlp.fc2,mlp,dp_kfc,0.001,0.022635551575832892,0.0003829954427455029,0.0010947324852070563,0.02836223711522565,0.35540667405010706,0.00025259793708766297,2.2944759672854307,0.00018598817003597407,9.351421464820019e-08,4.5442160590674905e-07,3.7284897832179253e-06,0.004926194339690952,-5.373891968021094e-11,0.006034069222779026,0.0441782916864134,5.376686053777393
1,blocks.8.attn.q_proj,attention_qkv,dp_kfc,0.001,0.9999925543607208,0.049645804377398836,0.23706999966637016,1.8038002097613395,18.38490218870294,1.1507597315974166e-08,24.12866435205523,4.23008837998016e-09,3.1397745431229564e-11,1.4417114842107716e-10,9.985492007542038e-10,1.4926216034208937e-07,1.5428603866355088e-11,1.8393028329254435e-07,0.0010000074456947173,236401.68010028437
1,blocks.8.attn.k_proj,attention_qkv,dp_kfc,0.001,0.9999925543607208,0.049645804377398836,0.23706999966637016,1.8038002097613395,18.38490218870294,1.1507597315974166e-08,24.12866435205523,3.274409216850307e-10,6.580477691758882e-13,5.893590698148237e-12,6.780271222232486e-11,1.5619320691635828e-08,2.4917065988237016e-13,2.4732530460380184e-08,0.0010000074456947173,3053986.0285450574
1,blocks.8.attn.v_proj,attention_qkv,dp_kfc,0.001,0.9999925543607208,0.049645804377398836,0.23706999966637016,1.8038002097613395,18.38490218870294,1.1507597315974166e-08,24.12866435205523,7.491273998350145e-08,7.828321828005627e-12,1.5249674627780816e-10,3.2844828690292283e-09,1.912931169067312e-06,1.609493866373401e-12,2.539143399943957e-06,0.0010000074456947173,13348.864294914816
1,blocks.8.attn.out_proj,attention_out,dp_kfc,0.001,0.008229840655948055,2.7492727964892434e-06,6.526245760016617e-05,0.0011438205361437447,0.004129408437650892,7.32409332202464e-07,1.5180132266789264,0.0001858562760617133,9.1864695422042e-08,4.476549767759708e-07,3.286897014743129e-06,0.004925851008606986,-6.764796688701821e-11,0.006030756265536794,0.12150903544860951,5.380501649930571
1,blocks.8.mlp.fc1,mlp,dp_kfc,0.001,0.999992579684974,0.04981192625326273,0.2365530217488225,1.8016488010982312,18.318982563313693,-2.2059668767326767e-08,24.060890569216863,3.739441541972255e-06,5.377158217860075e-10,5.526688655437422e-09,1.249804835417008e-07,0.0001541690622484024,2.209876078726063e-10,0.0005420331595009044,0.0010000074203700875,267.41961032838617
1,blocks.8.mlp.fc2,mlp,dp_kfc,0.001,0.023025128842659674,0.0003778834260199863,0.001111632342003841,0.028631378594569015,0.380258298729343,0.00024667487452486545,2.352991751672025,0.0001628186245833755,6.430810405764662e-08,3.1281784572310963e-07,2.4166895716046363e-06,0.004500672530603912,-4.7388349970865944e-11,0.005123041431769998,0.04343081017411098,6.141803510248448
1,blocks.9.attn.q_proj,attention_qkv,dp_kfc,0.001,0.9999929978439845,0.047593332599735576,0.2238585424354049,1.7359829340064483,18.410042248116454,-3.7374675650561764e-08,24.926576966409172,3.730019437995594e-09,2.8872615718038338e-11,1.3177618706817045e-10,9.191156027866118e-10,1.1640388331052822e-07,1.3004267795549046e-11,2.1210415816243212e-07,0.001000007002205046,268095.1176322479
1,blocks.9.attn.k_proj,attention_qkv,dp_kfc,0.001,0.9999929978439845,0.047593332599735576,0.2238585424354049,1.7359829340064483,18.410042248116454,-3.7374675650561764e-08,24.926576966409172,3.309249551813048e-10,5.993280433384811e-13,5.0101206960273884e-12,5.993314291401346e-11,1.702081847103884e-08,2.12394248547579e-13,2.398010271022077e-08,0.001000007002205046,3021833.1508185207
1,blocks.9.attn.v_proj,attention_qkv,dp_kfc,0.001,0.9999929978439845,0.047593332599735576,0.2238585424354049,1.7359829340064483,18.410042248116454,-3.7374675650561764e-08,24.926576966409172,6.55609650364782e-08,5.097678722343849e-12,1.0744509743590617e-10,2.147560554698342e-09,1.7565258931810682e-06,1.1484731247800928e-12,2.0266399648208905e-06,0.001000007002205046,15252.9786503844
1,blocks.9.attn.out_proj,attention_out,dp_kfc,0.001,0.008511586956739536,2.8314005756247154e-06,6.31386974658081e-05,0.001247351303066183,0.004060186058561939,7.718500503180483e-07,1.5700733758873884,0.00016284452038917152,6.29960913205373e-08,3.091602818731106e-07,2.0897657473041444e-06,0.004502924374209675,-5.611598125973892e-11,0.0051280783643980225,0.1174869040382878,6.140826830464821
1,blocks.9.mlp.fc1,mlp,dp_kfc,0.001,0.9999929916673375,0.04728203091603955,0.22424421861440622,1.7480362542277947,18.402509445057063,-4.986870155213208e-08,24.93573018161571,3.070971692606857e-06,3.7922542587094455e-10,4.3243100471617844e-09,9.714261623165293e-08,0.00014758719716543745,1.410799130702171e-10,0.0003662548229443372,0.0010000070083817797,325.6298331916989
1,blocks.9.mlp.fc2,mlp,dp_kfc,0.001,0.022040667077126794,0.00035755290248786956,0.0010455947130581906,0.026643856784695344,0.3451192903476092,0.00023746104004039023,2.347585713717301,0.00014532303634003557,4.2865620066211824e-08,2.057909259450359e-07,1.5522792289743485e-06,0.003890040891395663,-6.912879210367375e-11,0.004285909616785483,0.04537067759794679,6.881221485492087
1,blocks.10.attn.q_proj,attention_qkv,dp_kfc,0.001,0.9999933545453561,0.04511998940529414,0.22197460652389892,1.7923329074120045,17.97765453232293,-1.0852343990781837e-09,25.73325745144739,2.481366379875292e-09,2.218750211120075e-11,1.0579133335438218e-10,8.57713779954857e-10,6.124139539699838e-08,9.289315759912461e-12,1.2616586158176943e-07,0.0010000066454988062,403003.7676460571
1,blocks.10.attn.k_proj,attention_qkv,dp_kfc,0.001,0.9999933545453561,0.04511998940529414,0.22197460652389892,1.7923329074120045,17.97765453232293,-1.0852343990781837e-09,25.73325745144739,2.590466638216724e-10,4.720081432093658e-13,4.2594120508437726e-12,5.4919201313797376e-11,1.022329433269546e-08,1.52420540267684e-13,2.3343324536052897e-08,0.0010000066454988062,3860308.352353071
1,blocks.10.attn.v_proj,attention_qkv,dp_kfc,0.001,0.9999933545453561,0.04511998940529414,0.22197460652389892,1.7923329074120045,17.97765453232293,-1.0852343990781837e-09,25.73325745144739,5.958157687132222e-08,3.068264828665705e-12,6.722290309198934e-11,1.5685270371797687e-09,1.5212720082229137e-06,7.618137135428754e-13,2.0817889896159495e-06,0.0010000066454988062,16783.711551637694
1,blocks.10.attn.out_proj,attention_out,dp_kfc,0.001,0.008730556559960063,2.7101949758278807e-06,6.122254951358233e-05,0.001246541314881119,0.004380454770194172,6.950064275767295e-07,1.6084221108329755,0.00014525399352767937,4.124337877320402e-08,1.937139349762719e-07,1.348846892844776e-06,0.00388816317944677,-8.374128667180049e-11,0.0042870206496121496,0.11454023499328597,6.8844923000994225
1,blocks.10.mlp.fc1,mlp,dp_kfc,0.001,0.9999933780166153,0.04511937687476989,0.22163637012039686,1.786264924566148,17.922780473518387,-1.5366405386709375e-08,25.735708214326657,2.8387378162078127e-06,2.861989672100711e-10,3.933391999687374e-09,8.6068634526127e-08,0.00014297695263458047,5.839004234901591e-11,0.00035578378496453915,0.0010000066220272358,352.2692353941552
1,blocks.10.mlp.fc2,mlp,dp_kfc,0.001,0.02278741551696363,0.00034833123051257047,0.0010583019212386077,0.026540544414780348,0.3509270266691964,0.00022824344481882662,2.47422704581651,0.00012481128751081388,2.2031309960968388e-08,1.0760139101520153e-07,9.006937860155898e-07,0.003391750126340537,-4.8906112120784707e-11,0.0035808512297179633,0.04388387086967235,8.012095860427353
1,blocks.11.attn.q_proj,attention_qkv,dp_kfc,0.001,0.9999936615247184,0.04312774352453851,0.21809019379262803,1.798520611192499,18.03525821283994,-3.0316159645896986e-08,24.982704996016697,2.719161457774797e-09,2.0286129335954698e-11,9.321620969952868e-11,6.531710536446328e-10,8.742073443559691e-08,9.914857771049775e-12,1.5435126038936836e-07,0.0010000063385154582,367760.4347990213
1,blocks.11.attn.k_proj,attention_qkv,dp_kfc,0.001,0.9999936615247184,0.04312774352453851,0.21809019379262803,1.798520611192499,18.03525821283994,-3.0316159645896986e-08,24.982704996016697,2.1189301008702643e-10,4.311265293203789e-13,4.1613951234514145e-12,4.6913470632172126e-11,1.0861083040030002e-08,1.6518921302293875e-13,1.4847321472473724e-08,0.0010000063385154582,4719362.850097276
1,blocks.11.attn.v_proj,attention_qkv,dp_kfc,0.001,0.9999936615247184,0.04312774352453851,0.21809019379262803,1.798520611192499,18.03525821283994,-3.0316159645896986e-08,24.982704996016697,5.0487700395396296e-08,1.3853307581502269e-12,3.51279423374344e-11,1.2655552604544052e-09,1.2795705783168225e-06,2.3376223918680917e-13,1.7459256276215153e-06,0.0010000063385154582,19806.80427447602
1,blocks.11.attn.out_proj,attention_out,dp_kfc,0.001,0.00911488457416411,2.666373879867283e-06,6.0251764474696745e-05,0.001162070570917171,0.004411920899285602,6.80168144681879e-07,1.6839881976301525,0.0001247703834602968,1.9288259608808098e-08,9.600073616593845e-08,8.135569940861187e-07,0.00339038405435193,-3.085236994826849e-12,0.0035852186593432487,0.10971065973062046,8.014722502782162
1,blocks.11.mlp.fc1,mlp,dp_kfc,0.001,0.999993680363492,0.04314249251234686,0.2175801760996836,1.7965908932116255,17.987837603741365,-1.2892558355475261e-08,24.94292421929231,2.5745512852538262e-06,1.9327368585047769e-10,3.2087480399564523e-09,7.535929725629134e-08,0.00012785888424735005,4.576730456566888e-11,0.00032056383526897264,0.001000006319676446,388.4171994272041
1,blocks.11.mlp.fc2,mlp,dp_kfc,0.001,0.023383333899991487,0.0003488408368270326,0.0010643611029423133,0.02729575564455647,0.3534555181784497,0.0001769097424871435,2.6423987512990625,0.00011162523018507878,1.9181173990711145e-10,4.703901139439686e-09,4.367049512094547e-07,0.002934585796154654,7.503170049824837e-13,0.0033724550885726487,0.04276550145829992,8.958548155663042
1,head,patch_head,dp_kfc,0.001,0.99998620186252,0.00016028067076160528,0.002641546131684368,0.14615999063997595,0.776329177764352,-6.312609769492629e-08,183.54757993818902,0.09286099672317505,0.0838483078677837,0.0995513737808495,0.11009565005232103,0.12880264373313227,-2.79396819235722e-09,0.13088119858655575,0.0010000137983278714,0.010768783830536173
2,patch_embed,patch_head,dp_kfc,0.001,0.250973296413496,0.02538646585601678,0.049658766759686813,0.2590583874677664,4.1801289558369525,0.016635825843243007,26.381827884779153,1.1691919911645716e-05,9.65866606218829e-08,2.6532723857407557e-07,1.8308951653798153e-06,0.00033598432491281985,-1.1116790856671547e-13,0.0005960398771108492,0.003984487649843154,85.52915240241697
2,blocks.0.attn.q_proj,attention_qkv,dp_kfc,0.001,0.9999038015004885,0.12052622186156604,0.345926989622682,1.631864697833532,18.685600055412333,-5.809499894015898e-08,25.10201939514123,5.295854390204486e-07,5.618794742991219e-09,2.149312667592398e-08,1.3839586421796214e-07,1.3327088591038058e-05,2.8619707057322206e-09,3.910884209225752e-05,0.0010000962077545532,1888.269439298892
2,blocks.0.attn.k_proj,attention_qkv,dp_kfc,0.001,0.9999038015004885,0.12052622186156604,0.345926989622682,1.631864697833532,18.685600055412333,-5.809499894015898e-08,25.10201939514123,4.474773200677934e-08,7.706905165078403e-13,2.8785446725440958e-12,1.4539593056215739e-11,2.469134952476499e-06,3.7519579677204353e-13,3.1499352838025166e-06,0.0010000962077545532,22347.501318022078
2,blocks.0.attn.v_proj,attention_qkv,dp_kfc,0.001,0.9999038015004885,0.12052622186156604,0.345926989622682,1.631864697833532,18.685600055412333,-5.809499894015898e-08,25.10201939514123,9.29418703539871e-06,2.7163123835002445e-09,5.767025190287669e-08,9.83516145344902e-07,0.0002641513164877116,6.281742054033296e-10,0.0004822853833180849,0.0010000962077545532,107.59413342891706
2,blocks.0.attn.out_proj,attention_out,dp_kfc,0.001,0.005840107031924158,5.173374647396705e-06,8.803952895482928e-05,0.0007286183473281419,0.0018172999693437109,1.1133689488439807e-06,1.0806095981558517,0.023582239758979995,3.243923125754021e-05,0.0001632335172960405,0.001972022589624843,0.7271492700032329,-1.8981125045240198e-08,1.063909924498709,0.17122973851911186,0.04240479319269092
2,blocks.0.mlp.fc1,mlp,dp_kfc,0.001,0.9996542223376932,0.12073304502818046,0.3454450696634543,1.6387898855892713,18.68368841426401,-1.9872230815048584e-08,25.079169761683314,3.4580984813385264e-05,1.1411013593396394e-08,8.280137139957344e-08,1.708143061706869e-06,0.0010364848378690108,5.086304065667904e-09,0.005544397705912499,0.0010003458972658549,28.917626417999813
2,blocks.0.mlp.fc2,mlp,dp_kfc,0.001,0.023225474627918633,0.0004949531464025713,0.0012825157792069484,0.035459398067683556,0.36245057837646794,0.0003336582630388457,2.0649597653950442,0.001553919220896205,1.875644795849301e-06,1.0053017061070164e-05,0.00011491852587981121,0.04801472813932252,-3.858523211518572e-10,0.057292276282187825,0.043056170692758654,0.643534095307259
2,blocks.1.attn.q_proj,attention_qkv,dp_kfc,0.001,0.9993416951110327,0.10153048524488835,0.32596447086647456,1.6225968425828226,18.7729042056999,-4.203647221749426e-08,25.813043280301635,3.5745638870173416e-08,3.5263552292757425e-10,1.4489172609973199e-09,8.414118781696857e-09,8.87042068582468e-07,1.7749940896596208e-10,2.497743086880233e-06,0.0010006587385397686,27975.440686119946
2,blocks.1.attn.k_proj,attention_qkv,dp_kfc,0.001,0.9993416951110327,0.10153048524488835,0.32596447086647456,1.6225968425828226,18.7729042056999,-4.203647221749426e-08,25.813043280301635,3.5530781361435672e-09,6.8345485644785794e-12,5.16543884423828e-11,3.8519244670423585e-10,1.7049561590419354e-07,2.902961602665848e-12,2.628727587021161e-07,0.0010006587385397686,281446.1043869353
2,blocks.1.attn.v_proj,attention_qkv,dp_kfc,0.001,0.9993416951110327,0.10153048524488835,0.32596447086647456,1.6225968425828226,18.7729042056999,-4.203647221749426e-08,25.813043280301635,7.177614938328839e-07,1.6658609367627214e-10,3.572985558702613e-09,6.251744595254626e-08,1.8987218797412083e-05,4.456637534533358e-11,3.0071794297104588e-05,0.0010006587385397686,1393.2204619391712
2,blocks.1.attn.out_proj,attention_out,dp_kfc,0.001,0.006077247197827845,4.2735619859065e-06,7.867680351475013e-05,0.0007460369178381122,0.0020199566807224735,8.879728747981962e-07,1.1241857802711699,0.0015533018461155734,1.8233806678996187e-06,9.667491767353882e-06,0.00010883316964035621,0.048092249516143395,-4.890480012603639e-10,0.05726353971885646,0.1645481856254628,0.643789874132162
2,blocks.1.mlp.fc1,mlp,dp_kfc,0.001,0.9998356144045302,0.1014803594971604,0.3261050179804027,1.62526614260233,18.757324660631763,-1.5105272203412427e-08,25.81082764379207,1.8067099576237384e-05,5.615379399941295e-09,3.920801731965042e-08,8.56865067981179e-07,0.0005543821540560033,2.885945542166184e-09,0.0028621959207331894,0.0010001644126225366,55.34922723928762
2,blocks.1.mlp.fc2,mlp,dp_kfc,0.001,0.022863383995918907,0.0004649867037824067,0.0012267835753208831,0.034352676726567215,0.3834530486510902,0.0002833334057172124,1.9658748556478565,0.0008213139960844273,7.424637656039658e-07,4.384464245575705e-06,5.0241121462529334e-05,0.025395960133980974,-1.9543647039278903e-10,0.030490061217816247,0.043738057331255034,1.2175611334610748
2,blocks.2.attn.q_proj,attention_qkv,dp_kfc,0.001,0.9993915909930214,0.08567966582856573,0.31245232985424054,1.7064870093784266,18.787105510931763,-3.903103066263212e-08,25.998349137007704,1.9275700718450008e-08,1.8887069880032934e-10,7.53378839864838e-10,4.434844790895225e-09,5.202174341655951e-07,9.531081452661014e-11,1.1498673190494527e-06,0.001000608779393845,51878.78846048051
2,blocks.2.attn.k_proj,attention_qkv,dp_kfc,0.001,0.9993915909930214,0.08567966582856573,0.31245232985424054,1.7064870093784266,18.787105510931763,-3.903103066263212e-08,25.998349137007704,2.2492175370467105e-09,3.194110053498958e-12,2.389913530377373e-11,2.0716522601617372e-10,1.003341947557597e-07,1.4782760244668009e-12,1.8309224210019014e-07,0.001000608779393845,444599.0587967004
2,blocks.2.attn.v_proj,attention_qkv,dp_kfc,0.001,0.9993915909930214,0.08567966582856573,0.31245232985424054,1.7064870093784266,18.787105510931763,-3.903103066263212e-08,25.998349137007704,3.9380426467931307e-07,6.977568590291858e-11,1.6172236667825531e-09,3.0374842415549105e-08,1.0812013203863984e-05,1.7303924831129503e-11,1.535952055747194e-05,0.001000608779393845,2539.3325814140962
2,blocks.2.attn.out_proj,attention_out,dp_kfc,0.001,0.00639077395814775,3.7507856569456642e-06,7.327672067970502e-05,0.0008623989591884176,0.0024385914035424984,8.879531876394724e-07,1.1804300946744624,0.0008209986895811501,7.325738638053026e-07,4.230851282255512e-06,4.701199113907789e-05,0.025436594598203615,-1.8195984287605544e-10,0.030475039775744204,0.15647557033762338,1.2180287407159824
2,blocks.2.mlp.fc1,mlp,dp_kfc,0.001,0.9993989239084906,0.08554799148595178,0.31154697571610634,1.7024116925743933,18.73901846053143,-6.519904547019534e-08,25.973046911682268,1.2958018242165137e-05,3.318351208331182e-09,2.3133648427338777e-08,5.577278932930385e-07,0.00048504639746661994,1.7030874013892705e-09,0.0018279108621491874,0.0010006014376012721,77.17229450611666
2,blocks.2.mlp.fc2,mlp,dp_kfc,0.001,0.023149415564823833,0.0004524229073558905,0.0012208801783841036,0.03398292381142247,0.36192368001963576,0.0003079581053212134,2.0878668342724147,0.0005662616498132895,4.86269854874846e-07,2.7357293452502296e-06,3.0633185873200006e-05,0.017022551653087702,-1.0597980826899497e-10,0.02003168284959379,0.043197634825802134,1.765968082651765
2,blocks.3.attn.q_proj,attention_qkv,dp_kfc,0.001,0.9996643208469135,0.07532064385255469,0.29791258174898844,1.7204872113487815,18.267740922569587,-5.158869571505412e-08,26.173749509312085,1.5581786466425013e-08,1.2345656189135567e-10,5.215806586000895e-10,3.3525150895620527e-09,5.172433146482267e-07,5.84199771106181e-11,9.030836484121827e-07,0.0010003357918714176,64177.49352134677
2,blocks.3.attn.k_proj,attention_qkv,dp_kfc,0.001,0.9996643208469135,0.07532064385255469,0.29791258174898844,1.7204872113487815,18.267740922569587,-5.158869571505412e-08,26.173749509312085,1.140456447062101e-09,2.390985803965899e-12,1.7626320652001204e-11,1.5742974478881117e-10,6.318374531105183e-08,1.128517807159814e-12,7.418123859704335e-08,0.0010003357918714176,876841.9018333168
2,blocks.3.attn.v_proj,attention_qkv,dp_kfc,0.001,0.9996643208469135,0.07532064385255469,0.29791258174898844,1.7204872113487815,18.267740922569587,-5.158869571505412e-08,26.173749509312085,2.749998045207628e-07,3.994157647468458e-11,9.636198195999672e-10,1.569336465133736e-08,7.533183662694625e-06,8.928017680093418e-12,1.1170715642495884e-05,0.0010003357918714176,3636.3662212148915
2,blocks.3.attn.out_proj,attention_out,dp_kfc,0.001,0.006709795693792717,3.772849632687942e-06,7.34127327402888e-05,0.0008785540589407772,0.0026998115096507624,8.507943486493421e-07,1.2394602202994978,0.0005660848434748307,4.767110933022633e-07,2.7169551044554583e-06,2.878612420018141e-05,0.01704338697390321,-1.4131516789401613e-10,0.020058452679053634,0.14903583441819362,1.7665196507676189
2,blocks.3.mlp.fc1,mlp,dp_kfc,0.001,0.999551316308234,0.07553504743324485,0.29942254897264864,1.7167902392357213,18.260978561988278,-1.8209445866722742e-08,26.130616637845492,9.297572195099874e-06,2.262652999711539e-09,1.6507294263002246e-08,4.166585697027077e-07,0.0003658706823356755,1.0525699966039844e-09,0.001277876520297515,0.0010004488850991894,107.55495940402946
2,blocks.3.mlp.fc2,mlp,dp_kfc,0.001,0.023166568493240444,0.0004366116054857997,0.0012095646420975416,0.03244005629284598,0.3430365787213647,0.0002908017711750183,2.090316117831872,0.0004128085248567004,3.525921170604401e-07,1.9510279577296106e-06,2.0391146717808525e-05,0.011651825561462404,-1.0641524077967209e-10,0.01463049078995314,0.04316565054905653,2.4224305938137625
2,blocks.4.attn.q_proj,attention_qkv,dp_kfc,0.001,0.9997385944109507,0.06636840749863294,0.28306868877199226,1.8176561605789943,18.767601062432412,3.38968032052845e-09,25.65164279344339,1.251342812933857e-08,9.271123979066582e-11,4.020055104146764e-10,2.8640128155477935e-09,3.549572077858669e-07,4.267695491142904e-11,7.778965713678842e-07,0.0010002614739397985,79914.15219426826
2,blocks.4.attn.k_proj,attention_qkv,dp_kfc,0.001,0.9997385944109507,0.06636840749863294,0.28306868877199226,1.8176561605789943,18.767601062432412,3.38968032052845e-09,25.65164279344339,9.469842189782408e-10,1.7187326444185976e-12,1.3910662548819721e-11,1.4115282086959825e-10,4.5765328833809246e-08,7.54362271739575e-13,7.042066938344059e-08,0.0010002614739397985,1055983.8062338158
2,blocks.4.attn.v_proj,attention_qkv,dp_kfc,0.001,0.9997385944109507,0.06636840749863294,0.28306868877199226,1.8176561605789943,18.767601062432412,3.38968032052845e-09,25.65164279344339,1.9492794415635709e-07,2.890927289103951e-11,6.582867797142578e-10,1.0595176528323321e-08,5.3566181313822705e-06,5.722452965239744e-12,7.029560330038661e-06,0.0010002614739397985,5130.100788411703
2,blocks.4.attn.out_proj,attention_out,dp_kfc,0.001,0.007340528348393237,3.5759840135284284e-06,7.447480442304688e-05,0.0009508871885913386,0.0030683561435577507,8.672891776799445e-07,1.356806944329101,0.0004125224514458144,3.493522754877988e-07,1.9196590538255535e-06,1.9963054595549075e-05,0.011654716197721574,-9.206583466874794e-11,0.014612630478447141,0.13622997590069785,2.424110485369187
2,blocks.4.mlp.fc1,mlp,dp_kfc,0.001,0.9995963258446807,0.06653341119572484,0.2818333263105037,1.8128501029390705,18.70540538663006,-3.166018479888132e-08,25.594905391395212,7.231895930755414e-06,1.6811224506951428e-09,1.257016282000919e-08,3.189815882304738e-07,0.00029574250880095036,8.524948956873578e-10,0.0009902080500807443,0.0010004038371739493,138.27632609413726
2,blocks.4.mlp.fc2,mlp,dp_kfc,0.001,0.023047059328720382,0.0004108517418153593,0.0011644843099193442,0.031116843534204842,0.3440791215911031,0.00027811709041231547,2.2417791343547706,0.00034065742105819175,2.8123576335770295e-07,1.501975648660781e-06,1.485169704224634e-05,0.00946936866303406,-8.803968881285372e-11,0.011825753512791186,0.04338948347973563,2.9355004123898953
2,blocks.5.attn.q_proj,attention_qkv,dp_kfc,0.001,0.9996614718684261,0.061768555456391636,0.27308851625931535,1.7884154543728585,18.297381468726616,-1.2556385168569071e-08,24.667338156718415,7.70104043642389e-09,6.61588576425063e-11,2.7648794569152153e-10,2.0419812501834976e-09,1.5051558382389197e-07,3.0805338432665555e-11,6.457957549039435e-07,0.0010003386427716787,129852.58397946645
2,blocks.5.attn.k_proj,attention_qkv,dp_kfc,0.001,0.9996614718684261,0.061768555456391636,0.27308851625931535,1.7884154543728585,18.297381468726616,-1.2556385168569071e-08,24.667338156718415,7.081834464373107e-10,1.2505273679869295e-12,9.064064396708205e-12,9.305283778289562e-11,3.380412518019834e-08,4.866199882613049e-13,5.861568413184833e-08,0.0010003386427716787,1412063.505622369
2,blocks.5.attn.v_proj,attention_qkv,dp_kfc,0.001,0.9996614718684261,0.061768555456391636,0.27308851625931535,1.7884154543728585,18.297381468726616,-1.2556385168569071e-08,24.667338156718415,1.6381925114587284e-07,2.3542616002031967e-11,5.208438167427298e-10,8.13654104005852e-09,5.035644318724926e-06,5.270246518285864e-12,6.412142992311409e-06,0.0010003386427716787,6104.288677950005
2,blocks.5.attn.out_proj,attention_out,dp_kfc,0.001,0.00821490882730915,3.2873715087610346e-06,7.053173500464533e-05,0.0010790402312227847,0.0031278011573405507,9.517957283441336e-07,1.5225941579071305,0.00034051871856869787,2.7137832948717874e-07,1.4832034668510544e-06,1.437162274383529e-05,0.009472374697315634,-8.969500822645011e-11,0.011833634687349713,0.1217298963411085,2.9366961211509883
2,blocks.5.mlp.fc1,mlp,dp_kfc,0.001,0.9997123430429963,0.061941915835685424,0.2727139439521484,1.7833467752669787,18.271305605189657,-2.8944436816043467e-08,24.666000598231076,6.3219948358018046e-06,1.2809524936666428e-09,1.0297741380053665e-08,2.582412794422999e-07,0.0002708896010751436,6.170456694328183e-10,0.0008981409390527899,0.001000287739727338,158.1779210474746
2,blocks.5.mlp.fc2,mlp,dp_kfc,0.001,0.022651752768270913,0.00039972023098958613,0.0011247548783074126,0.030920008841884613,0.3423096007752787,0.00026296045763359233,2.2592652407555653,0.0002926425379049154,2.2285577857923663e-07,1.1528397683907275e-06,1.080818283431113e-05,0.007913677500211226,-7.869981386408147e-11,0.010471467660082232,0.044146694087211405,3.4171382163344868
2,blocks.6.attn.q_proj,attention_qkv,dp_kfc,0.001,0.9993869399777349,0.05796883237267254,0.26077572470648536,1.779129779994744,18.259112023936787,-1.0972009083252362e-08,24.298783861093174,8.014689718606933e-09,5.7621728305071454e-11,2.645524817797787e-10,1.661219334928871e-09,1.7951629603974426e-07,2.981033810011635e-11,6.656760018083835e-07,0.0010006134360954115,124770.89383490372
2,blocks.6.attn.k_proj,attention_qkv,dp_kfc,0.001,0.9993869399777349,0.05796883237267254,0.26077572470648536,1.779129779994744,18.259112023936787,-1.0972009083252362e-08,24.298783861093174,6.33974179550063e-10,1.1604574202450872e-12,9.978424318857475e-12,1.0806147730057115e-10,2.5924402695621814e-08,4.54972365554149e-13,5.282599208225675e-08,0.0010006134360954115,1577351.3058681802
2,blocks.6.attn.v_proj,attention_qkv,dp_kfc,0.001,0.9993869399777349,0.05796883237267254,0.26077572470648536,1.779129779994744,18.259112023936787,-1.0972009083252362e-08,24.298783861093174,1.3381960337066623e-07,1.7308331817309862e-11,4.1974616585861544e-10,5.531647103836805e-09,3.37989960379776e-06,3.1245254453087478e-12,5.198673723060154e-06,0.0010006134360954115,7472.746703860011
2,blocks.6.attn.out_proj,attention_out,dp_kfc,0.001,0.007901015081485116,3.1627847978784416e-06,6.944284169931436e-05,0.0010516310293441728,0.0033814339890856976,7.439661651939698e-07,1.4583746081528595,0.000292505096088765,2.1124181022381703e-07,1.1696207289758106e-06,1.068202452726752e-05,0.00790571685354946,-7.892341829288423e-11,0.010461972791939967,0.12656601584565444,3.4187438556507583
2,blocks.6.mlp.fc1,mlp,dp_kfc,0.001,0.9994186867086381,0.05825395024763342,0.26013098935400303,1.775213301574303,18.238678074951235,-3.973836498174464e-08,24.237135015503895,5.777194239809056e-06,1.0775589862996288e-09,9.410138442409968e-09,2.2581669780485317e-07,0.0002506045657137789,5.104832529910107e-10,0.0008424476067131157,0.0010005816514130593,173.09440508495894
2,blocks.6.mlp.fc2,mlp,dp_kfc,0.001,0.023482246596913576,0.0003965570372619669,0.0011583053358509502,0.03051351737477339,0.3605956264910467,0.00026154538516062607,2.3547001195056607,0.0002565025788877998,1.7073127660146782e-07,8.535304449878152e-07,7.6049502945085e-06,0.00709571647067487,-7.534268660875846e-11,0.00915232870839688,0.04258536319652807,3.8985962805365135
2,blocks.7.attn.q_proj,attention_qkv,dp_kfc,0.001,0.9999839110695636,0.05397011568081851,0.24441529352148794,1.8107007100601724,18.216113088751328,-6.50037516063037e-08,24.32760565404728,5.8279118302084765e-09,4.027880243991917e-11,1.9073972071795353e-10,1.2527406874910538e-09,1.727364251395966e-07,1.662451506675039e-11,3.7264570739503804e-07,0.0010000160891892942,171588.04544993056
2,blocks.7.attn.k_proj,attention_qkv,dp_kfc,0.001,0.9999839110695636,0.05397011568081851,0.24441529352148794,1.8107007100601724,18.216113088751328,-6.50037516063037e-08,24.32760565404728,5.315422358811358e-10,9.406143360390759e-13,7.750281835693945e-12,9.392861452820642e-11,2.990902903843553e-08,3.3601654223223393e-13,3.503978308472243e-08,0.0010000160891892942,1881318.0449194284
2,blocks.7.attn.v_proj,attention_qkv,dp_kfc,0.001,0.9999839110695636,0.05397011568081851,0.24441529352148794,1.8107007100601724,18.216113088751328,-6.50037516063037e-08,24.32760565404728,1.1438303474757086e-07,1.2708486452717174e-11,3.0707457212314965e-10,4.580073344431154e-09,2.932827111371948e-06,2.8954258556379778e-12,4.760774997125272e-06,0.0010000160891892942,8742.555241753078
2,blocks.7.attn.out_proj,attention_out,dp_kfc,0.001,0.008351118606258874,3.0432452815198235e-06,6.618006829558447e-05,0.0010814854732506516,0.0038679797687266072,7.048122467377191e-07,1.545381503983764,0.00025653577309488657,1.662394300885055e-07,8.480464266745847e-07,6.689660010330306e-06,0.007104284177375715,-1.1056378854498153e-10,0.009167136511716904,0.11974443749973024,3.898091825307044
2,blocks.7.mlp.fc1,mlp,dp_kfc,0.001,0.9995991567564753,0.05388050774631418,0.2435023763269685,1.8045342636135109,18.18291515909304,-1.563863069407868e-08,24.341461888809548,4.833585383597303e-06,8.507783324536655e-10,7.85645320435944e-09,1.914663159922405e-07,0.00019607966810261145,3.861416669003773e-10,0.0006902821089278027,0.001000401003983262,206.88576297699933
2,blocks.7.mlp.fc2,mlp,dp_kfc,0.001,0.022700530219513085,0.0003833773654682305,0.0010991740129719183,0.02883731747827326,0.36152182679156425,0.00025090633755705394,2.2970278614720545,0.00021447549265000512,1.3074340379032444e-07,6.304782954984692e-07,5.147003151938323e-06,0.0057121816990750715,-7.738620323222744e-11,0.007332714850601872,0.04405183448712633,4.6625373726585355
2,blocks.8.attn.q_proj,attention_qkv,dp_kfc,0.001,0.999305166728756,0.04905923352011012,0.23748280628056181,1.8546053875352588,18.288506377430426,-4.0265220179068166e-08,24.354846084449516,4.724343522869804e-09,3.6503773563368976e-11,1.6369636625401716e-10,1.1608270305178755e-09,1.5032767936146217e-07,1.817977006588754e-11,2.1134681450142535e-07,0.001000695316400213,211669.6203735307
2,blocks.8.attn.k_proj,attention_qkv,dp_kfc,0.001,0.999305166728756,0.04905923352011012,0.23748280628056181,1.8546053875352588,18.288506377430426,-4.0265220179068166e-08,24.354846084449516,3.874138111371073e-10,8.398516801093514e-13,7.26665534859258e-12,7.98918663351057e-11,1.8097567697848633e-08,2.88729810267516e-13,3.1301104922019216e-08,0.001000695316400213,2581219.283496571
2,blocks.8.attn.v_proj,attention_qkv,dp_kfc,0.001,0.999305166728756,0.04905923352011012,0.23748280628056181,1.8546053875352588,18.288506377430426,-4.0265220179068166e-08,24.354846084449516,8.840279717518365e-08,1.1140733212864258e-11,2.196271844279017e-10,4.266508398752114e-09,2.3208877081505702e-06,2.4974773448780444e-12,3.151322702940556e-06,0.001000695316400213,11311.85926185511
2,blocks.8.attn.out_proj,attention_out,dp_kfc,0.001,0.008238277652293657,2.741302148651284e-06,6.359061087461433e-05,0.001157823470431311,0.004154565412295763,7.47196682618059e-07,1.5196591920114821,0.00021431267998650583,1.297234815076292e-07,6.228330397814521e-07,4.8501858119169174e-06,0.005710565083769297,-8.122720358341157e-11,0.007328121568085732,0.12138459544654766,4.666079487517794
2,blocks.8.mlp.fc1,mlp,dp_kfc,0.001,0.9997637750571257,0.04928744885733314,0.2369164524930056,1.8515411383883262,18.230947150996865,-2.629745811932434e-08,24.250628670423644,4.221203914608432e-06,6.769643705993569e-10,6.836419400848009e-09,1.586755545761142e-07,0.00017443732386490787,2.9636178952158764e-10,0.0006188067035506646,0.001000236280758283,236.89924017630932
2,blocks.8.mlp.fc2,mlp,dp_kfc,0.001,0.0230670426966155,0.00037956820382492834,0.0011104373162602688,0.028919981970651324,0.3781925362592501,0.0002425263051348059,2.3606335793331437,0.00018622139489821166,8.981022734303336e-08,4.438724417899483e-07,3.5627857780416968e-06,0.005035941233328158,-7.34360776880402e-11,0.006330866409978934,0.043351894438844754,5.369952257884217
2,blocks.9.attn.q_proj,attention_qkv,dp_kfc,0.001,0.9990392385986803,0.04678594930775569,0.22461173495480602,1.790419555502689,18.39432264611446,-5.50483029436741e-09,24.96494266588673,4.246325436673554e-09,3.300857804940732e-11,1.4920780466097433e-10,1.064189560184376e-09,1.1925741630026709e-07,1.357005200787684e-11,2.7355694469686645e-07,0.0010009616853514857,235497.72972261178
2,blocks.9.attn.k_proj,attention_qkv,dp_kfc,0.001,0.9990392385986803,0.04678594930775569,0.22461173495480602,1.790419555502689,18.39432264611446,-5.50483029436741e-09,24.96494266588673,3.6678650523443764e-10,7.212935532729624e-13,6.227259113721688e-12,7.027350586632127e-11,1.989860502569953e-08,2.436838542071e-13,2.5148599606745486e-08,0.0010009616853514857,2726381.6572554475
2,blocks.9.attn.v_proj,attention_qkv,dp_kfc,0.001,0.9990392385986803,0.04678594930775569,0.22461173495480602,1.790419555502689,18.39432264611446,-5.50483029436741e-09,24.96494266588673,7.627880092379394e-08,7.001766016060818e-12,1.4662716915298845e-10,2.7135738662973392e-09,2.2301170463976433e-06,1.358331715924905e-12,2.361091027222162e-06,0.0010009616853514857,13109.802302726894
2,blocks.9.attn.out_proj,attention_out,dp_kfc,0.001,0.008617665285547384,2.9280635066993773e-06,6.384002518452901e-05,0.001254248957478761,0.00441527946677492,7.922084393220431e-07,1.5900174159259823,0.00018623206112996132,8.84229028483754e-08,4.2966416237068667e-07,3.091984226980992e-06,0.005037375805202333,-8.83319731126103e-11,0.0063337695432870746,0.11604071019990668,5.36964469991101
2,blocks.9.mlp.fc1,mlp,dp_kfc,0.001,0.9995331915549046,0.04693060000443143,0.22438820406163842,1.7969052938351604,18.391934713582454,-5.540960877362845e-09,24.98291670184138,3.478802953210333e-06,4.871764196544747e-10,5.442150908867985e-09,1.255349141038114e-07,0.00017136184779428072,1.908117597293359e-10,0.0004298312839581386,0.0010004670264569897,287.45520038068645
2,blocks.9.mlp.fc2,mlp,dp_kfc,0.001,0.022140418289541733,0.00035627703669433806,0.0010481726062310352,0.026758947327932298,0.33977654381239764,0.00023622268361559126,2.35165039061394,0.00016533616254340205,5.9246692224901523e-08,2.84037655692459e-07,2.1459780358003626e-06,0.004425494962187568,-7.803165166695076e-11,0.005297522781843173,0.045166265014620836,6.048283597591617
2,blocks.10.attn.q_proj,attention_qkv,dp_kfc,0.001,0.9997731712815675,0.04432910244080113,0.2229411624169339,1.8097821189913468,17.993641373530103,-5.55705596235548e-08,25.396900558841487,2.783572852684685e-09,2.5267853454425417e-11,1.2073642921626437e-10,9.03134057875976e-10,7.540974132977961e-08,1.1345859658036878e-11,1.2167364775781663e-07,0.0010002268801813732,359250.52187354304
2,blocks.10.attn.k_proj,attention_qkv,dp_kfc,0.001,0.9997731712815675,0.04432910244080113,0.2229411624169339,1.8097821189913468,17.993641373530103,-5.55705596235548e-08,25.396900558841487,3.3117446156564426e-10,5.647320080895454e-13,5.28966362881789e-12,6.667452953231158e-11,1.270360276895371e-08,1.80184395164801e-13,2.837720419325027e-08,0.0010002268801813732,3019556.5058744224
2,blocks.10.attn.v_proj,attention_qkv,dp_kfc,0.001,0.9997731712815675,0.04432910244080113,0.2229411624169339,1.8097821189913468,17.993641373530103,-5.55705596235548e-08,25.396900558841487,6.855723394538771e-08,4.6521993412154674e-12,9.391095883799017e-11,2.5180006506401518e-09,1.7428443444109844e-06,1.277740802839696e-12,2.4471237350969057e-06,0.0010002268801813732,14586.352780752417
2,blocks.10.attn.out_proj,attention_out,dp_kfc,0.001,0.008806795954590886,2.824366596860896e-06,5.9809774207196734e-05,0.0012983705037436215,0.004466520173539919,7.142906218926399e-07,1.6218789803206382,0.00016527255910621835,5.70311402517807e-08,2.763908398299884e-07,1.991151907630275e-06,0.004422615642503614,-1.1768645860034625e-10,0.0053005812497072865,0.11354867367838935,6.050611217058205
2,blocks.10.mlp.fc1,mlp,dp_kfc,0.001,0.9994638352196452,0.0444599702922115,0.22282854718885406,1.8033996400662038,17.93160126498709,-2.4351631547764577e-08,25.373690738767905,3.2659775418449055e-06,3.643228006008158e-10,5.042965130958305e-09,1.106553718489747e-07,0.00017109601928948427,1.0817367760372425e-10,0.0004335438524117064,0.0010005364524072419,306.1870411500484
2,blocks.10.mlp.fc2,mlp,dp_kfc,0.001,0.022906690524098973,0.00035128074102537494,0.0010652067438962861,0.02692734879897469,0.35144253009864307,0.00023020851262307165,2.478693785914123,0.00014121791144816598,2.9628135432856758e-08,1.46788715169157e-07,1.3963410362948885e-06,0.0037826780432180644,-1.0854278696407224e-10,0.004562661455391374,0.04365536780391521,7.081254705902161
2,blocks.11.attn.q_proj,attention_qkv,dp_kfc,0.001,0.999410861514393,0.0426345221056788,0.217584082759604,1.813371668437984,18.050826136326503,-4.4771430239818826e-08,24.70178980002045,2.9468069953226166e-09,2.343988136583179e-11,1.0170700617462636e-10,7.092880963659602e-10,9.654802037608221e-08,1.0378636726262552e-11,1.573635977329444e-07,0.0010005894857743635,339350.355007054
2,blocks.11.attn.k_proj,attention_qkv,dp_kfc,0.001,0.999410861514393,0.0426345221056788,0.217584082759604,1.813371668437984,18.050826136326503,-4.4771430239818826e-08,24.70178980002045,2.2859286224986494e-10,5.050023338454513e-13,4.926908327354719e-12,5.587187226430834e-11,1.0928657178988408e-08,1.642865381726816e-13,1.5855036738576973e-08,0.0010005894857743635,4374589.78446555
2,blocks.11.attn.v_proj,attention_qkv,dp_kfc,0.001,0.999410861514393,0.0426345221056788,0.217584082759604,1.813371668437984,18.050826136326503,-4.4771430239818826e-08,24.70178980002045,5.7180460484584916e-08,1.952628000924464e-12,4.6319079071247e-11,1.4985065785534434e-09,1.412907256471474e-06,3.2240144128612304e-13,2.2418576213629096e-06,0.0010005894857743635,17488.491549829097
2,blocks.11.attn.out_proj,attention_out,dp_kfc,0.001,0.009268023431514645,2.7101047162785466e-06,6.0837559260046436e-05,0.0012397762367350091,0.004532925315768075,6.605381007771778e-07,1.7132136970550038,0.0001411671795873796,2.6392975999054535e-08,1.3077247755029723e-07,1.2793191071665647e-06,0.003780306537043208,-4.9130287361695e-12,0.004566948082733716,0.1078978713626939,7.083799527077896
2,blocks.11.mlp.fc1,mlp,dp_kfc,0.001,0.999370742338309,0.042696503984190726,0.21736172605765244,1.8109030412955367,17.997308341787228,1.652377612836549e-08,24.64957886237233,2.8348612973206713e-06,2.439265210883141e-10,3.871605163278863e-09,9.177846945240781e-08,0.00015080804285229484,6.56841949150638e-11,0.0003858054935855087,0.001000629653876217,352.7509444448431
2,blocks.11.mlp.fc2,mlp,dp_kfc,0.001,0.02344480896930565,0.0003484086074697518,0.001069402639554202,0.027158290936017165,0.3488984539130157,0.00017938488538840386,2.6419041751418586,0.0001259925166815871,4.053668409802796e-10,8.693152489274877e-09,7.406296482695448e-07,0.0032069660534956054,-3.898058415972454e-12,0.004354836929380744,0.042653365242140265,7.936979324948614
2,head,patch_head,dp_kfc,0.001,1.000068232822449,0.00018043364929310382,0.002962374090525054,0.16965232911249248,0.8707198794883286,-5.079343406965619e-08,182.4777916561878,0.09774426519870759,0.08250515400488037,0.10135245814064242,0.11479133744024443,0.16571849185312348,-5.587938755251542e-10,0.1713770645656656,0.0009999317718329514,0.010230779247939166
3,patch_embed,patch_head,dp_kfc,0.001,0.25097329472766894,0.02538641941402272,0.049800379434097604,0.2588364311771626,4.190224790281391,0.016636092805501528,26.236216956540122,1.2613306129338753e-05,1.0418724893270397e-07,2.8917513635305126e-07,2.118770837078299e-06,0.0003996147163982564,-6.696790113578293e-14,0.000601431276647132,0.003984487676607584,79.28135492359009
3,blocks.0.attn.q_proj,attention_qkv,dp_kfc,0.001,0.9997456617305934,0.12013930199297283,0.3467393531013794,1.6071658351138722,18.70661002552415,-2.9370279668125325e-08,25.057289005750906,5.992581732690756e-07,6.041842904313727e-09,2.344670021694576e-08,1.450215053708928e-07,1.6469330098185552e-05,3.2226633095160904e-09,4.891650100384864e-05,0.0010002544029738187,1668.7298473457543
3,blocks.0.attn.k_proj,attention_qkv,dp_kfc,0.001,0.9997456617305934,0.12013930199297283,0.3467393531013794,1.6071658351138722,18.70661002552415,-2.9370279668125325e-08,25.057289005750906,5.012858838139236e-08,8.220594729101872e-13,3.1161283517283436e-12,1.5786544400121683e-11,2.6216360109882367e-06,3.8268351816984337e-13,3.6587942546506426e-06,0.0010002544029738187,19948.6965878975
3,blocks.0.attn.v_proj,attention_qkv,dp_kfc,0.001,0.9997456617305934,0.12013930199297283,0.3467393531013794,1.6071658351138722,18.70661002552415,-2.9370279668125325e-08,25.057289005750906,9.765828353399304e-06,3.1202631023247786e-09,6.429167450531189e-08,1.1206200972989828e-06,0.00026372789644128915,6.938906770810322e-10,0.0005082968792875799,0.0010002544029738187,102.39786772946081
3,blocks.0.attn.out_proj,attention_out,dp_kfc,0.001,0.005846025595782865,5.2213657848586255e-06,8.676703329842618e-05,0.0007367758788950062,0.0018087249965629626,1.035660851642887e-06,1.0813000063311633,0.024957106972578913,3.522537457335246e-05,0.00017814385141074352,0.0021729775091464177,0.73596968680803,-2.1196718711746665e-08,1.1486107712104412,0.1710563841392292,0.04006874679419889
3,blocks.0.mlp.fc1,mlp,dp_kfc,0.001,0.9991579540652933,0.12023011759332382,0.3459151885404129,1.6123084643251129,18.68680022531327,-1.696714859626504e-08,25.03380031334738,3.5969657602089956e-05,1.2545446498053053e-08,8.95924013578594e-08,1.890216111133072e-06,0.001100001772627287,5.90622677984068e-09,0.0059300611738640945,0.0010008427555736115,27.801209871452784
3,blocks.0.mlp.fc2,mlp,dp_kfc,0.001,0.023287537967924255,0.0004953412733084696,0.00129344301322244,0.03565576133705353,0.3620048740129621,0.00033013131212505925,2.0730718468227454,0.0016287207181449048,2.1060627232137166e-06,1.1284165894976913e-05,0.00013370459372160848,0.04825509224428049,-3.7389765790104614e-10,0.062024527442577145,0.0429414222051888,0.6139788048739192
3,blocks.1.attn.q_proj,attention_qkv,dp_kfc,0.001,0.9992483128537786,0.10070536508189407,0.32809782053954156,1.6135924288299388,18.711657701483663,-1.415144651528592e-08,25.74490593765914,3.719974639437851e-08,3.569618234885619e-10,1.4984255382960736e-09,9.0927879148572e-09,9.197990047291175e-07,1.8512568847431188e-10,2.5409707256650648e-06,0.0010007522526048352,26881.903693599277
3,blocks.1.attn.k_proj,attention_qkv,dp_kfc,0.001,0.9992483128537786,0.10070536508189407,0.32809782053954156,1.6135924288299388,18.711657701483663,-1.415144651528592e-08,25.74490593765914,3.759956267920342e-09,7.1446397686630214e-12,5.5828205790509034e-11,4.2331112416899286e-10,1.7611726839267823e-07,3.2342462463516865e-12,2.765759084157966e-07,0.0010007522526048352,265960.54016157665
3,blocks.1.attn.v_proj,attention_qkv,dp_kfc,0.001,0.9992483128537786,0.10070536508189407,0.32809782053954156,1.6135924288299388,18.711657701483663,-1.415144651528592e-08,25.74490593765914,7.453010557600948e-07,1.9795592781076437e-10,3.916034487214987e-09,7.430263886333519e-08,1.8813075368908794e-05,5.231591817603063e-11,3.107934294650433e-05,0.0010007522526048352,1341.7396799205533
3,blocks.1.attn.out_proj,attention_out,dp_kfc,0.001,0.0060823304281440935,4.263042873404943e-06,8.079402138183022e-05,0.0007803890662408323,0.00221150189350198,9.186178806874211e-07,1.124612826109722,0.0016278775122676354,2.0435038250416162e-06,1.0801457138403846e-05,0.00013015475086040337,0.04828514631493267,-5.423264097942937e-10,0.06209804755132902,0.16441066657161715,0.6142968328169843
3,blocks.1.mlp.fc1,mlp,dp_kfc,0.001,0.9994022812250365,0.10069437472459826,0.32811302731169073,1.6191648149713447,18.68114533485042,-2.3213394565471788e-08,25.747950968538106,1.904186630794872e-05,6.160136351346287e-09,4.311450613236865e-08,9.890010653617416e-07,0.0005835239715673614,3.1883216761541144e-09,0.0027436089107406654,0.001000598076256371,52.51586077897029
3,blocks.1.mlp.fc2,mlp,dp_kfc,0.001,0.02291592419079671,0.00046643256993090485,0.0012289539944020135,0.034248006041286465,0.3858289330523195,0.0002831776693308097,1.969961497984544,0.000856634189365953,8.426507825896392e-07,4.920681028199871e-06,5.953847069583019e-05,0.025066708337219627,-2.3985592471018846e-10,0.029551841566705775,0.04363777745440488,1.167359431147805
3,blocks.2.attn.q_proj,attention_qkv,dp_kfc,0.001,0.9987420266774034,0.08546645071489359,0.31272259929674856,1.6671320744608094,18.537439061223875,-1.9618502921075593e-08,26.0139367006383,2.054630108873819e-08,2.0168829546510565e-10,8.091166401311007e-10,4.606197740947525e-09,4.958268626807925e-07,1.0098327349669525e-10,1.1892458840452879e-06,0.0010012595578127233,48670.56097742667
3,blocks.2.attn.k_proj,attention_qkv,dp_kfc,0.001,0.9987420266774034,0.08546645071489359,0.31272259929674856,1.6671320744608094,18.537439061223875,-1.9618502921075593e-08,26.0139367006383,2.325902873621423e-09,3.5126390441357347e-12,2.663134601214452e-11,2.3784591092528955e-10,9.572668944338205e-08,1.5238754983678705e-12,2.0064178571449166e-07,0.0010012595578127233,429940.5668831749
3,blocks.2.attn.v_proj,attention_qkv,dp_kfc,0.001,0.9987420266774034,0.08546645071489359,0.31272259929674856,1.6671320744608094,18.537439061223875,-1.9618502921075593e-08,26.0139367006383,4.198741545187919e-07,8.070648337076685e-11,1.7774092435890017e-09,3.365895523260022e-08,1.186936034163471e-05,2.072244455277451e-11,1.6476909117742448e-05,0.0010012595578127233,2381.666004534328
3,blocks.2.attn.out_proj,attention_out,dp_kfc,0.001,0.006399424340837717,3.86996137095977e-06,7.621233199481271e-05,0.0008428336169207316,0.002528620133143469,8.719800184745372e-07,1.18204922821182,0.0008562947948954994,8.130780706203173e-07,4.800973136197934e-06,5.699024347381938e-05,0.02498514068615528,-2.0619771647475436e-10,0.029570614057577348,0.156264055443008,1.1678221168237255
3,blocks.2.mlp.fc1,mlp,dp_kfc,0.001,0.99883808558469,0.08525202128064086,0.31157133261534753,1.665370843710031,18.490009377602632,-2.3552946536267827e-08,25.99122238291434,1.3616526628161077e-05,3.6865664393949967e-09,2.5677105957094353e-08,6.378666928271716e-07,0.0005090383383942621,1.964633437584454e-09,0.0018164276240135873,0.00100116326603088,73.4401677687646
3,blocks.2.mlp.fc2,mlp,dp_kfc,0.001,0.023175362925080316,0.0004563445300341079,0.0012338801202247086,0.03441439957613009,0.3604486233260622,0.0003101042121095155,2.0975515269171194,0.000593793526642609,5.427834945801186e-07,3.1983249668456494e-06,3.712964608193136e-05,0.01691985157316924,-1.2123604825339513e-10,0.020441477962909384,0.043149270336465914,1.6840870692109744
3,blocks.3.attn.q_proj,attention_qkv,dp_kfc,0.001,0.9985286525494077,0.07503523078922146,0.29918405034788,1.7133730932642555,18.012053665081865,-3.624831983354649e-08,26.271688047858895,1.6130469113195822e-08,1.3644903698047578e-10,5.669047808756119e-10,3.7986876007837895e-09,5.295311204712521e-07,7.134621374135336e-11,8.091521542920521e-07,0.0010014735155038723,61994.47722087214
3,blocks.3.attn.k_proj,attention_qkv,dp_kfc,0.001,0.9985286525494077,0.07503523078922146,0.29918405034788,1.7133730932642555,18.012053665081865,-3.624831983354649e-08,26.271688047858895,1.247504010014651e-09,2.5232671645932375e-12,1.999691060240298e-11,1.7496795296360032e-10,7.409258195182313e-08,1.1880143183297765e-12,7.862993272701074e-08,0.0010014735155038723,801600.629715215
3,blocks.3.attn.v_proj,attention_qkv,dp_kfc,0.001,0.9985286525494077,0.07503523078922146,0.29918405034788,1.7133730932642555,18.012053665081865,-3.624831983354649e-08,26.271688047858895,2.9416316157012307e-07,4.6686491823569225e-11,1.0919900432405506e-09,1.8520328385508317e-08,7.500868413687635e-06,1.009997851728908e-11,1.2173208423264613e-05,0.0010014735155038723,3399.473933657796
3,blocks.3.attn.out_proj,attention_out,dp_kfc,0.001,0.006736872498705438,4.02596512496078e-06,7.621961699148341e-05,0.0008984477618415292,0.002587160367455998,8.584748823582622e-07,1.2444047556192885,0.0005936412314516322,5.229271613656194e-07,3.1353758406088787e-06,3.480400584518387e-05,0.01693036581894898,-1.282761237945523e-10,0.020462171984215974,0.1484368303232933,1.6845191119132643
3,blocks.3.mlp.fc1,mlp,dp_kfc,0.001,0.999169696180314,0.0754539633483199,0.2990967005957146,1.712237960305581,18.021907092523108,-3.000411277495846e-08,26.24566702990163,9.875197467923424e-06,2.519361442763383e-09,1.813152795826176e-08,4.612602413757408e-07,0.00038869921967034084,1.265157918833029e-09,0.0013828804612495674,0.0010008309937970098,101.2637978377846
3,blocks.3.mlp.fc2,mlp,dp_kfc,0.001,0.02324819353122085,0.00044071482945156617,0.0012188846517527626,0.03258701726793025,0.3432994444303061,0.0002942549948033107,2.098355231291534,0.00043207487787337107,3.9560684281490585e-07,2.1762409932861993e-06,2.4019015579880707e-05,0.012055406688241543,-1.1391546800461854e-10,0.014567691805983251,0.04301409477932397,2.3144136611734965
3,blocks.4.attn.q_proj,attention_qkv,dp_kfc,0.001,0.9993270589280006,0.06705918402931452,0.27920774737786747,1.7992537938346642,18.4838597095354,-4.480547388513963e-08,25.793956706590798,1.3079598105980583e-08,9.49413287954022e-11,4.118931982836524e-10,3.2631885045458357e-09,3.6074012078656554e-07,4.5702896902494663e-11,8.3213832748475e-07,0.0010006733942266321,76454.9485310833
3,blocks.4.attn.k_proj,attention_qkv,dp_kfc,0.001,0.9993270589280006,0.06705918402931452,0.27920774737786747,1.7992537938346642,18.4838597095354,-4.480547388513963e-08,25.793956706590798,1.0095234412419059e-09,1.8948837051302237e-12,1.4944221954955334e-11,1.5142034117247777e-10,4.998666748827115e-08,8.976969150072017e-13,7.508909995877042e-08,0.0010006733942266321,990566.3991019464
3,blocks.4.attn.v_proj,attention_qkv,dp_kfc,0.001,0.9993270589280006,0.06705918402931452,0.27920774737786747,1.7992537938346642,18.4838597095354,-4.480547388513963e-08,25.793956706590798,2.0266269362689826e-07,3.154357100480016e-11,7.600393772917949e-10,1.1970667467567338e-08,5.15115800494632e-06,5.813406891446948e-12,7.111936125389201e-06,0.0010006733942266321,4934.307257560677
3,blocks.4.attn.out_proj,attention_out,dp_kfc,0.001,0.007391113443921412,3.5029043457628645e-06,7.301551752394532e-05,0.0009485441287175205,0.003091701359686808,8.654275166763868e-07,1.365988036283201,0.0004317179174980386,3.9369820775265854e-07,2.1538622373048962e-06,2.3505077333305737e-05,0.012069179243428011,-1.0326196552586803e-10,0.014550859536827549,0.13529761213750796,2.316327304169726
3,blocks.4.mlp.fc1,mlp,dp_kfc,0.001,0.9993954547946318,0.0673287464485762,0.27865733167486595,1.7967123138506382,18.42135036743344,-5.211429484157515e-08,25.748700144722253,7.663306998241987e-06,1.8751225487610046e-09,1.4062898468361107e-08,3.595985239678645e-07,0.00030957317305011623,9.29191428077863e-10,0.0010082539990690623,0.0010006049109013533,130.49196648775867
3,blocks.4.mlp.fc2,mlp,dp_kfc,0.001,0.023118892739077617,0.00041357925619966827,0.0011718606613036195,0.0318291871543687,0.3448955967708491,0.0002779204230483935,2.232102419000976,0.00035315476209992386,3.0384871997141865e-07,1.620136666170115e-06,1.7128543459964614e-05,0.00945605632964558,-6.17787209603105e-11,0.01210032096029658,0.04325466670424534,2.8316197523539373
3,blocks.5.attn.q_proj,attention_qkv,dp_kfc,0.001,0.9991510905750057,0.06140611278478118,0.273748579909291,1.7664916671650455,18.087118728186226,-2.1754644707797287e-09,24.817211368281683,8.100591664175297e-09,6.793367702674703e-11,3.004060596585615e-10,2.1305476217263172e-09,1.8858088242142434e-07,3.461791153476527e-11,6.533849429018061e-07,0.0010008496306844901,123447.77288583497
3,blocks.5.attn.k_proj,attention_qkv,dp_kfc,0.001,0.9991510905750057,0.06140611278478118,0.273748579909291,1.7664916671650455,18.087118728186226,-2.1754644707797287e-09,24.817211368281683,7.905425801555798e-10,1.34158092434505e-12,1.0246187776151438e-11,1.0498548034397625e-10,3.7004018381032184e-08,5.010380592790889e-13,6.606313697717902e-08,0.0010008496306844901,1264954.0013432277
3,blocks.5.attn.v_proj,attention_qkv,dp_kfc,0.001,0.9991510905750057,0.06140611278478118,0.273748579909291,1.7664916671650455,18.087118728186226,-2.1754644707797287e-09,24.817211368281683,1.706052493906836e-07,2.7324028535088092e-11,5.987272094512482e-10,9.542062545389153e-09,5.04217957745598e-06,5.621004555629612e-12,6.669126858434892e-06,0.0010008496306844901,5861.484353919346
3,blocks.5.attn.out_proj,attention_out,dp_kfc,0.001,0.008224511773318266,3.370281780327507e-06,6.624301944245632e-05,0.0010308296401079445,0.0033542561145111028,9.129272169567933e-07,1.5240746825088705,0.000353026324281321,3.001182300304936e-07,1.5970704249847525e-06,1.6741958949878456e-05,0.00946514601025036,-1.0061418838939504e-10,0.012106466028478285,0.12158776442440905,2.8326499504980713
3,blocks.5.mlp.fc1,mlp,dp_kfc,0.001,0.9991121261231023,0.061905144806176614,0.2741599417508711,1.761594068510069,18.056298547543406,-1.080208005508923e-08,24.841928883497125,6.5365014176761715e-06,1.4360570235719976e-09,1.1304698810673493e-08,2.9037804325289384e-07,0.00027655591119529505,6.977239823219218e-10,0.0008989999550975482,0.0010008886628974697,152.98703941159943
3,blocks.5.mlp.fc2,mlp,dp_kfc,0.001,0.022685416853019027,0.00040084908734764214,0.0011285126326577594,0.031182389565436223,0.3449970720428781,0.0002673560130633377,2.29508412063311,0.00030144553833603516,2.547699128531098e-07,1.309626305349468e-06,1.2658331358960845e-05,0.008063732831593382,-8.966319462315523e-11,0.010475432695521213,0.0440811824829623,3.3173488170365757
3,blocks.6.attn.q_proj,attention_qkv,dp_kfc,0.001,0.999021641794264,0.05769069058653321,0.2612691347938073,1.7676793805783888,18.124067707996872,-4.415850170251293e-08,24.472525270055762,8.556568884277489e-09,6.193524445661523e-11,2.7663827423015154e-10,1.7586794655533526e-09,1.8765517846520935e-07,2.976192140571897e-11,7.09261361908597e-07,0.0010009793163279015,116869.27476707147
3,blocks.6.attn.k_proj,attention_qkv,dp_kfc,0.001,0.999021641794264,0.05769069058653321,0.2612691347938073,1.7676793805783888,18.124067707996872,-4.415850170251293e-08,24.472525270055762,6.537655185640297e-10,1.2551846295652665e-12,1.0985402076244013e-11,1.1645716816064196e-10,2.6281890177222515e-08,4.66774253443089e-13,5.601754822915539e-08,0.0010009793163279015,1529600.401985808
3,blocks.6.attn.v_proj,attention_qkv,dp_kfc,0.001,0.999021641794264,0.05769069058653321,0.2612691347938073,1.7676793805783888,18.124067707996872,-4.415850170251293e-08,24.472525270055762,1.3943427612517212e-07,1.966583360194003e-11,4.686972889549986e-10,6.612823850454741e-09,3.88754872845833e-06,3.9523023218955315e-12,5.2828026403158915e-06,0.0010009793163279015,7171.837713004555
3,blocks.6.attn.out_proj,attention_out,dp_kfc,0.001,0.008002016283336476,3.2516493228249914e-06,7.129551689085502e-05,0.0010860694397130375,0.00353579914260564,7.100722617906851e-07,1.477502922293791,0.0003012780883864252,2.470848696634347e-07,1.3206211352478558e-06,1.1971803914529514e-05,0.008070719943206862,-8.320142824478076e-11,0.010447464187059679,0.12496850351109827,3.319192594973519
3,blocks.6.mlp.fc1,mlp,dp_kfc,0.001,0.9988880435419825,0.05775079970070437,0.2612507867053619,1.7639182270800742,18.091086052026107,-1.3014214751839295e-08,24.402839526179882,5.942724568690447e-06,1.1822445091375127e-09,1.0369508263064832e-08,2.503417992003101e-07,0.0002515854910164778,5.558737394500816e-10,0.0008313356916352158,0.001001113194281588,168.27298462872602
3,blocks.6.mlp.fc2,mlp,dp_kfc,0.001,0.02353016166827885,0.00039730047117394286,0.0011599590894919441,0.030584838148530066,0.36189725759444913,0.00026246197266686883,2.328604502011812,0.0002666331155107097,1.9530004304109492e-07,9.758134730635795e-07,9.280363445875528e-06,0.007367724970002961,-9.105126064482542e-11,0.009011197802316222,0.042498645529839514,3.7504718725001496
3,blocks.7.attn.q_proj,attention_qkv,dp_kfc,0.001,0.9993090566267004,0.05326095756759564,0.2450723242901111,1.7834382252450691,18.09443010867732,-5.8250248826959165e-09,24.22401731003404,6.185525505570758e-09,4.2469746315125096e-11,2.025434670838053e-10,1.3818815805262275e-09,1.846719685209653e-07,1.8840733922931085e-11,4.0767607009857737e-07,0.001000691421106131,161667.75144640307
3,blocks.7.attn.k_proj,attention_qkv,dp_kfc,0.001,0.9993090566267004,0.05326095756759564,0.2450723242901111,1.7834382252450691,18.09443010867732,-5.8250248826959165e-09,24.22401731003404,5.49388216063397e-10,1.0416018731345635e-12,8.755751421315655e-12,1.0132546202114215e-10,2.9716074582346216e-08,3.4512883352564106e-13,3.7482076099999455e-08,0.001000691421106131,1820206.4965379678
3,blocks.7.attn.v_proj,attention_qkv,dp_kfc,0.001,0.9993090566267004,0.05326095756759564,0.2450723242901111,1.7834382252450691,18.09443010867732,-5.8250248826959165e-09,24.22401731003404,1.1904081584357407e-07,1.5172545553666415e-11,3.445626857483816e-10,5.45804620667599e-09,3.1180880584396354e-06,3.293047513974747e-12,4.700896055215725e-06,0.001000691421106131,8400.480061511447
3,blocks.7.attn.out_proj,attention_out,dp_kfc,0.001,0.008334777640948468,2.9567492882859317e-06,6.847712240257136e-05,0.0010426255121128894,0.003858961457897173,7.391927009680854e-07,1.5416653763861197,0.0002666569999216032,1.8969916531516447e-07,9.65838738231111e-07,8.632483293020014e-06,0.0073740201027342805,-1.0623677136445967e-10,0.009024669905265258,0.11997920557436774,3.750135943530448
3,blocks.7.mlp.fc1,mlp,dp_kfc,0.001,0.9991973153667747,0.053286578751699634,0.24497727936764124,1.7786703639076131,18.073318587292494,-9.112203442491902e-09,24.253001490491727,5.024000842377557e-06,9.346613875175271e-10,8.694278658160307e-09,2.0900492162193467e-07,0.00019791144618357852,4.356459304156416e-10,0.000722297303474571,0.001000803329453433,199.04455261332325
3,blocks.7.mlp.fc2,mlp,dp_kfc,0.001,0.022817880834449175,0.0003859215270687219,0.001115768248612159,0.029235792608880963,0.3683382778547141,0.0002534414774030915,2.3233126808772577,0.00022291693879121036,1.4730236244872772e-07,7.174013700564405e-07,6.519745000476034e-06,0.005993404392673427,-6.618913824347671e-11,0.007505289449879431,0.04382527927353601,4.485975832175882
3,blocks.8.attn.q_proj,attention_qkv,dp_kfc,0.001,0.9985576675037029,0.049282076336161475,0.2434106561863263,1.84359856415631,18.0190278969889,-3.4587484097510505e-08,24.63618052848098,4.8782433288187266e-09,3.78074807127886e-11,1.7016313091113732e-10,1.2341545316276016e-09,1.3377225945018494e-07,1.8687685679558426e-11,2.4604970775342237e-07,0.0010014444158241785,204991.82443245433
3,blocks.8.attn.k_proj,attention_qkv,dp_kfc,0.001,0.9985576675037029,0.049282076336161475,0.2434106561863263,1.84359856415631,18.0190278969889,-3.4587484097510505e-08,24.63618052848098,4.1830805676781587e-10,8.837536208594621e-13,7.600332246181971e-12,8.512314030162318e-11,1.9532232761424965e-08,3.1423726770058207e-13,3.303974207435398e-08,0.0010014444158241785,2390582.690964175
3,blocks.8.attn.v_proj,attention_qkv,dp_kfc,0.001,0.9985576675037029,0.049282076336161475,0.2434106561863263,1.84359856415631,18.0190278969889,-3.4587484097510505e-08,24.63618052848098,9.220741520321596e-08,1.2654085519524772e-11,2.5317757685296403e-10,4.9360826881952205e-09,2.370378642783907e-06,3.1386354970802753e-12,3.289845505654025e-06,0.0010014444158241785,10845.114764318028
3,blocks.8.attn.out_proj,attention_out,dp_kfc,0.001,0.008272160187700203,2.8739865655351256e-06,6.557200418444755e-05,0.0011343999954230152,0.004306576956082653,6.824480806057637e-07,1.5253697300703324,0.00022274673636957232,1.4325050377115472e-07,7.106671799128702e-07,5.683947856619717e-06,0.005991215683280372,-8.872203548278665e-11,0.007495844222233665,0.12088740755853478,4.489403599345406
3,blocks.8.mlp.fc1,mlp,dp_kfc,0.001,0.9994776306065871,0.049572449156759284,0.24116209770709526,1.842191453287125,17.979480166231422,-3.1364787474405775e-08,24.532972975225697,4.370876162939722e-06,7.340491914913255e-10,7.54802853125746e-09,1.787369812553743e-07,0.00017723169310867746,3.284344215631618e-10,0.0005986513779678515,0.0010005226424058093,228.78708129022573
3,blocks.8.mlp.fc2,mlp,dp_kfc,0.001,0.02322050999312314,0.00038195323134519103,0.0011224160202265184,0.028903071030320464,0.3810856793637362,0.0002388223450531938,2.38057197395499,0.00019391857161584386,1.061099636100919e-07,5.331844069396187e-07,4.327474404128327e-06,0.005283276588688611,-6.55025877620582e-11,0.006608375721324487,0.04306537626848655,5.156803660770655
3,blocks.9.attn.q_proj,attention_qkv,dp_kfc,0.001,0.9986593667707295,0.04745448550290794,0.22697897489664928,1.8078113779225626,18.162731612190047,-3.953062395308029e-09,25.194035285977588,4.37912093016977e-09,3.359506526658955e-11,1.5563493784449997e-10,1.1104249166223788e-09,1.1707030680862896e-07,1.5260668065274853e-11,2.679070463041997e-07,0.0010013424329394771,228356.3335989518
3,blocks.9.attn.k_proj,attention_qkv,dp_kfc,0.001,0.9986593667707295,0.04745448550290794,0.22697897489664928,1.8078113779225626,18.162731612190047,-3.953062395308029e-09,25.194035285977588,3.9380215047560806e-10,7.955987469442995e-13,7.001589609628667e-12,7.799927995937401e-11,2.1288669418479347e-08,2.86166059310426e-13,2.683978449361754e-08,0.0010013424329394771,2539346.2143166726
3,blocks.9.attn.v_proj,attention_qkv,dp_kfc,0.001,0.9986593667707295,0.04745448550290794,0.22697897489664928,1.8078113779225626,18.162731612190047,-3.953062395308029e-09,25.194035285977588,7.997028943681113e-08,8.000583927631541e-12,1.7192214002214368e-10,2.982100768076118e-09,2.237384786365592e-06,1.5171247197945692e-12,2.4321336975245346e-06,0.0010013424329394771,12504.644000196527
3,blocks.9.attn.out_proj,attention_out,dp_kfc,0.001,0.008721892769602876,2.8628820002430757e-06,6.50435664825449e-05,0.0013141952903016943,0.004249954772973646,7.658656728345528e-07,1.6095528549811873,0.00019397159225794286,1.0364503410412317e-07,5.133671105713697e-07,3.909752067446045e-06,0.005289250548977303,-6.933061689346872e-11,0.006612377731939014,0.11465401219849346,5.155394088172473
3,blocks.9.mlp.fc1,mlp,dp_kfc,0.001,0.9989910900901636,0.047603195569942844,0.22774893119095488,1.8109666246126688,18.14324823039515,-2.974952082346965e-08,25.21747081025917,3.60315844702766e-06,5.476473381365625e-10,6.094481926086877e-09,1.440365815007331e-07,0.0001740329993853861,2.0896744074270996e-10,0.00043890812808341665,0.0010010099288370483,277.53428407372047
3,blocks.9.mlp.fc2,mlp,dp_kfc,0.001,0.022190063311361134,0.00036061467483573985,0.0010563199945508824,0.02692848139203291,0.34115235484258705,0.00024153846816028543,2.347791002825239,0.00017134336810424125,7.132743925814858e-08,3.340347513013154e-07,2.853704560276726e-06,0.004446472078382883,-9.22675017899455e-11,0.0055925355893622795,0.0450652161721417,5.836234054834406
3,blocks.10.attn.q_proj,attention_qkv,dp_kfc,0.001,0.999454140663147,0.044322798014418165,0.2265720539749102,1.8186267293170806,17.800855714300003,-4.433810674371319e-08,25.560833034069695,2.866680123315979e-09,2.6382673829385885e-11,1.254194133896699e-10,9.515116670230867e-10,7.03864145732415e-08,1.0852722177355449e-11,1.260973169739757e-07,0.001000546157462003,348835.5718053637
3,blocks.10.attn.k_proj,attention_qkv,dp_kfc,0.001,0.999454140663147,0.044322798014418165,0.2265720539749102,1.8186267293170806,17.800855714300003,-4.433810674371319e-08,25.560833034069695,3.6101355088138335e-10,6.366157234956353e-13,5.7908292752894444e-12,7.40267371564097e-11,1.3715421615953883e-08,2.0090469555829087e-13,3.1040199297213676e-08,0.001000546157462003,2769979.125599542
3,blocks.10.attn.v_proj,attention_qkv,dp_kfc,0.001,0.999454140663147,0.044322798014418165,0.2265720539749102,1.8186267293170806,17.800855714300003,-4.433810674371319e-08,25.560833034069695,7.068074604765773e-08,5.749226509267047e-12,1.143135146587527e-10,2.935891327000151e-09,1.8974894514475e-06,1.5715295925358681e-12,2.4751850563217747e-06,0.001000546157462003,14148.12457307302
3,blocks.10.attn.out_proj,attention_out,dp_kfc,0.001,0.00884302121444142,2.6889889148084292e-06,6.10396178992571e-05,0.001330164915696916,0.004570227462613555,7.12260838677601e-07,1.6280327861566126,0.00017129006448612927,6.87609314633628e-08,3.221897685464298e-07,2.6128122654404293e-06,0.004444801091555799,-1.1042901725991923e-10,0.005596041740990482,0.11308352380371013,5.838050227840145
3,blocks.10.mlp.fc1,mlp,dp_kfc,0.001,0.9990886625848286,0.044365375351373845,0.225753006783936,1.811374243259397,17.747370771317307,-2.2009856884814208e-09,25.511879528259126,3.4222848845124236e-06,4.1901638173459497e-10,5.677617755098893e-09,1.2650171743723445e-07,0.00017298625255753554,1.2248859778018292e-10,0.00046901538898912193,0.0010009121687086446,292.2024418614323
3,blocks.10.mlp.fc2,mlp,dp_kfc,0.001,0.02306200793165573,0.0003536447188298818,0.001075207415085366,0.027165522377967335,0.35197581858846744,0.00023568376426378202,2.483910861984604,0.00014486168039222017,3.4982574320842627e-08,1.7355196713232963e-07,1.8743225279586146e-06,0.0038626006830738283,-7.166804786930437e-11,0.004717403280137853,0.04336135877515524,6.903136821914882
3,blocks.11.attn.q_proj,attention_qkv,dp_kfc,0.001,0.9991966072141816,0.04300228789862929,0.21768774918232822,1.8331408944856498,17.863906565241823,-7.575116426482482e-09,24.858096289207516,3.4057529227360384e-09,2.3968686344096653e-11,1.1098106856996236e-10,8.190448057600192e-10,1.0755367140349045e-07,1.2064454301693784e-11,1.875013778979967e-07,0.0010008040387447456,293620.8300150682
3,blocks.11.attn.k_proj,attention_qkv,dp_kfc,0.001,0.9991966072141816,0.04300228789862929,0.21768774918232822,1.8331408944856498,17.863906565241823,-7.575116426482482e-09,24.858096289207516,2.4880642409904914e-10,5.572525883100462e-13,5.7189212483939165e-12,6.93101195319927e-11,1.0853876067664948e-08,1.8949769727198465e-13,1.727310422204987e-08,0.0010008040387447456,4019188.827704476
3,blocks.11.attn.v_proj,attention_qkv,dp_kfc,0.001,0.9991966072141816,0.04300228789862929,0.21768774918232822,1.8331408944856498,17.863906565241823,-7.575116426482482e-09,24.858096289207516,5.9017852153953054e-08,2.421210641185592e-12,5.698522991452736e-11,1.580363332273146e-09,1.4221961066104285e-06,3.4909777149641686e-13,2.28106962595066e-06,0.0010008040387447456,16944.025638063133
3,blocks.11.attn.out_proj,attention_out,dp_kfc,0.001,0.009258881183232572,2.7203688711338105e-06,6.0084877091869914e-05,0.001266615056909837,0.004514929977015598,6.733117350328829e-07,1.7104576634598443,0.00014479583431163215,3.242638952477005e-08,1.5805666110797106e-07,1.8419199291706317e-06,0.0038593444190088057,2.5165941294686024e-12,0.004718787626035686,0.10800441005884774,6.9062760317246585
3,blocks.11.mlp.fc1,mlp,dp_kfc,0.001,0.9991013259467684,0.04300956169240235,0.21747104812846837,1.8289608007295322,17.79849040567864,-3.580169593412601e-08,24.786249057865763,2.8944725597677503e-06,2.722687561055104e-10,4.319809481465746e-09,1.0368704023896026e-07,0.00015030839767930662,7.932452532849182e-11,0.0003874768525871466,0.0010008994823947211,345.48608748263246
3,blocks.11.mlp.fc2,mlp,dp_kfc,0.001,0.023473224166044374,0.0003516328804599856,0.0010707085661023506,0.027647804579299877,0.3538520424459658,0.00018010599839102565,2.621865625723379,0.00012881466470086403,5.991596717454764e-10,1.2154232487597658e-08,1.0311701202059666e-06,0.003187487556266924,-5.459166362819488e-13,0.004489274266928786,0.042601731782827196,7.763091277862034
3,head,patch_head,dp_kfc,0.001,0.999711484797878,0.00020071240389292396,0.0031115319357018062,0.18043807877128581,0.8677458832317123,-4.04331087207682e-08,181.59527713559075,0.09861411079764366,0.07890582348006807,0.10092699896379115,0.11880916081434485,0.18085375398243994,-3.445893651183989e-09,0.18774759766778382,0.001000288598467167,0.010140536601825694
4,patch_embed,patch_head,dp_kfc,0.001,0.2509732966460239,0.025380656992537033,0.04968677624180129,0.2593779226972598,4.192379565384537,0.016652335595804917,26.303728514209585,1.5102709132482534e-05,1.247322686578316e-07,3.419650617503163e-07,2.919791478760687e-06,0.0004798333667299966,-3.206914406712395e-13,0.0006227588848680902,0.003984487646151508,66.21328605536239
4,blocks.0.attn.q_proj,attention_qkv,dp_kfc,0.001,0.9991296699627694,0.120528332095286,0.34382783820012003,1.620836398146177,18.74391863537979,-3.340433853738157e-08,24.73630323687028,7.547225592263729e-07,7.471196768598744e-09,2.994747127898701e-08,1.86403390466965e-07,1.718134481414652e-05,3.6633743208587865e-09,6.622639924105521e-05,0.0010008710881714313,1324.9902070305786
4,blocks.0.attn.k_proj,attention_qkv,dp_kfc,0.001,0.9991296699627694,0.120528332095286,0.34382783820012003,1.620836398146177,18.74391863537979,-3.340433853738157e-08,24.73630323687028,6.202205865129271e-08,9.859247666543874e-13,3.722643325823849e-12,1.9154260076793083e-11,3.2245338657703474e-06,4.63983913390277e-13,4.521530960200883e-06,0.0010008710881714313,16123.295836120353
4,blocks.0.attn.v_proj,attention_qkv,dp_kfc,0.001,0.9991296699627694,0.120528332095286,0.34382783820012003,1.620836398146177,18.74391863537979,-3.340433853738157e-08,24.73630323687028,1.1709979946890787e-05,3.959432501355327e-09,8.065114247528396e-08,1.5826787332963306e-06,0.00035111086944092514,8.660138230387231e-10,0.0005869791998879895,0.0010008710881714313,85.39724273955893
4,blocks.0.attn.out_proj,attention_out,dp_kfc,0.001,0.005851088557467758,5.145485566477719e-06,8.857141907646936e-05,0.0007270867570021897,0.001876070281930854,1.1438584488731961e-06,1.082145896883958,0.02915001722673575,4.469980523166522e-05,0.00022457056035589745,0.0031138168752422785,0.9199172647510951,-2.1033120857913783e-08,1.3306144239255662,0.17090836861863895,0.03430529705083063
4,blocks.0.mlp.fc1,mlp,dp_kfc,0.001,0.9988937418077894,0.12094276396462637,0.3437548170408524,1.624873494078167,18.723584169825475,-3.6779570188908826e-08,24.72182436775057,4.236614500661521e-05,1.5787015604049287e-08,1.084986057943207e-07,2.4231837570766165e-06,0.0013143696681560868,7.725524788865595e-09,0.006747847731550942,0.0010011074833547445,23.60375247367577
4,blocks.0.mlp.fc2,mlp,dp_kfc,0.001,0.023408261993694057,0.0004992236713178254,0.0013018309121294027,0.035848593475245404,0.3649620823296929,0.0003329802114116045,2.0960015785404043,0.0019262325536146818,2.5819824796223796e-06,1.4220267363847522e-05,0.00018921335159331502,0.05675181534292611,-4.174685614143146e-10,0.07220151378335754,0.042719959314766284,0.519148115383807
4,blocks.1.attn.q_proj,attention_qkv,dp_kfc,0.001,0.9988806951848954,0.09934519714390412,0.32632346116819116,1.6291207536878716,18.846411165034898,-4.090099430899837e-08,25.39367114635485,4.4171431840915133e-08,4.4390072240579974e-10,1.8367726245430572e-09,1.1214116682023133e-08,1.2139099198059851e-06,2.2259086287641525e-10,2.4728812402435662e-06,0.0010011205590622586,22639.066888334815
4,blocks.1.attn.k_proj,attention_qkv,dp_kfc,0.001,0.9988806951848954,0.09934519714390412,0.32632346116819116,1.6291207536878716,18.846411165034898,-4.090099430899837e-08,25.39367114635485,4.55522444533137e-09,8.734168003674923e-12,6.98587527698826e-11,5.109418835146122e-10,2.237500574922062e-07,3.8850154658829346e-12,3.314447188176397e-07,0.0010011205590622586,219528.15102774918
4,blocks.1.attn.v_proj,attention_qkv,dp_kfc,0.001,0.9988806951848954,0.09934519714390412,0.32632346116819116,1.6291207536878716,18.846411165034898,-4.090099430899837e-08,25.39367114635485,8.961838570501849e-07,2.5810620863401965e-10,4.9934083196810156e-09,9.862090228960785e-08,2.197012776563606e-05,6.973320149378291e-11,3.7443054576365746e-05,0.0010011205590622586,1115.842460375853
4,blocks.1.attn.out_proj,attention_out,dp_kfc,0.001,0.00609989483826287,4.400835763270715e-06,8.112116470606179e-05,0.0007346068605199273,0.00200373728265206,9.46855465395748e-07,1.1278171865795943,0.0019243101281366155,2.5064314861634603e-06,1.3728149218377256e-05,0.00018735288932038443,0.05661991747363162,-6.032906924362562e-10,0.07237998533385688,0.16393725244692584,0.5196667550507251
4,blocks.1.mlp.fc1,mlp,dp_kfc,0.001,0.9985657581393583,0.09969298283170759,0.32643046024367234,1.6284664156039095,18.807044018082475,-7.082324520162823e-08,25.383007895829817,2.195194831064451e-05,7.659987852719109e-09,5.2074970945706176e-08,1.214388073164179e-06,0.0006935910403490355,3.966884468674428e-09,0.003069128025459107,0.0010014363018649008,45.55404312404925
4,blocks.1.mlp.fc2,mlp,dp_kfc,0.001,0.022987299572715177,0.0004691799605005088,0.0012333271033822593,0.03405843608400831,0.3869959352935454,0.0002814262030568424,1.960825936914698,0.00098678222085861,1.0807376345005355e-06,6.4817635828382075e-06,8.609366470388814e-05,0.03008523979433141,-2.112180397410454e-10,0.03279055348231521,0.04350228250328943,1.0133948290331876
4,blocks.2.attn.q_proj,attention_qkv,dp_kfc,0.001,0.9980914716275863,0.08559766084501999,0.31080484915641554,1.6587846621663023,18.516151781432256,-3.0102722583092934e-08,25.921573787187874,2.581639450133233e-08,2.398069315484788e-10,9.642306825436385e-10,5.827973892748361e-09,6.603432537470979e-07,1.266564797988326e-10,1.5945604023592973e-06,0.0010019121778180326,38735.075881660865
4,blocks.2.attn.k_proj,attention_qkv,dp_kfc,0.001,0.9980914716275863,0.08559766084501999,0.31080484915641554,1.6587846621663023,18.516151781432256,-3.0102722583092934e-08,25.921573787187874,2.7798071136258514e-09,4.368731363533274e-12,3.4062131570060294e-11,2.9369930070673915e-10,1.1865241877078776e-07,1.9421595183212577e-12,2.3356693137450935e-07,0.0010019121778180326,359737.19007274805
4,blocks.2.attn.v_proj,attention_qkv,dp_kfc,0.001,0.9980914716275863,0.08559766084501999,0.31080484915641554,1.6587846621663023,18.516151781432256,-3.0102722583092934e-08,25.921573787187874,5.000330302410797e-07,1.1101774700635277e-10,2.314371160459532e-09,4.6286221590670534e-08,1.3417644787738546e-05,3.0077478270666996e-11,1.997718585929306e-05,0.0010019121778180326,1999.8678877630794
4,blocks.2.attn.out_proj,attention_out,dp_kfc,0.001,0.006404112934824345,3.854511837477881e-06,7.730366677461137e-05,0.0008578267160746287,0.0024802276967110575,8.345339098038146e-07,1.1828036007973015,0.0009863269687002685,1.0647732508476567e-06,6.351544980577873e-06,8.35689575427832e-05,0.03001615039418113,-1.8832386942680044e-10,0.0327648587504593,0.15614965104100378,1.013862574717742
4,blocks.2.mlp.fc1,mlp,dp_kfc,0.001,0.9984432659618595,0.08561797919821226,0.3107239270585197,1.6565152762805744,18.481483379127525,-1.9205906279662674e-08,25.906795050277626,1.5436561175511766e-05,4.578290079398343e-09,3.154554293294311e-08,7.975847918847089e-07,0.0005869010500204861,2.405282014939986e-09,0.002099710206619512,0.0010015591612375098,64.7812675783243
4,blocks.2.mlp.fc2,mlp,dp_kfc,0.001,0.023276855544185918,0.0004589293553519923,0.0012390935175872562,0.03431261447719994,0.36198354912875935,0.00031344430448914794,2.1354702848605647,0.0006741069512751589,6.967558711179682e-07,4.0520569289668815e-06,5.070559654688747e-05,0.01888336122878706,-1.686186750745981e-10,0.023662996307583114,0.04296112926858712,1.4834441302057086
4,blocks.3.attn.q_proj,attention_qkv,dp_kfc,0.001,0.9985328468016392,0.07580596780335327,0.2991979828642331,1.7316299852389476,17.896938959841638,-6.606827122707729e-08,26.2015176227525,1.866012294335362e-08,1.5971688516776626e-10,6.597517511267508e-10,4.663826202044312e-09,6.923459504509799e-07,7.749859382060128e-11,9.024679631867363e-07,0.0010014693088996123,53590.21497530813
4,blocks.3.attn.k_proj,attention_qkv,dp_kfc,0.001,0.9985328468016392,0.07580596780335327,0.2991979828642331,1.7316299852389476,17.896938959841638,-6.606827122707729e-08,26.2015176227525,1.4092436485878095e-09,3.301034889918318e-12,2.556451065009305e-11,2.2820630120373671e-10,8.204732781010616e-08,1.4516032553375332e-12,9.136127077661087e-08,0.0010014693088996123,709600.501660654
4,blocks.3.attn.v_proj,attention_qkv,dp_kfc,0.001,0.9985328468016392,0.07580596780335327,0.2991979828642331,1.7316299852389476,17.896938959841638,-6.606827122707729e-08,26.2015176227525,3.42195055143731e-07,5.809855531179644e-11,1.377494934409903e-09,2.5753386048780313e-08,9.073994152676163e-06,1.3254796043518378e-11,1.3922424664579324e-05,0.0010014693088996123,2922.3099076635503
4,blocks.3.attn.out_proj,attention_out,dp_kfc,0.001,0.0067703161733810085,4.078961111318006e-06,7.38179949082919e-05,0.0009028779869209649,0.002814709148085295,9.107135966970112e-07,1.2505444516009776,0.0006738451457977135,6.82618618076682e-07,3.982880803744984e-06,4.8846144004682676e-05,0.018891681207317143,-1.7402486758024301e-10,0.023663980107483665,0.14770358937322906,1.4840204848788765
4,blocks.3.mlp.fc1,mlp,dp_kfc,0.001,0.9987046134904259,0.07592052134875975,0.29919260735512043,1.7306282842627438,17.908333845993905,-2.3193914478625964e-08,26.154970898411523,1.1226549511867318e-05,3.106380954975291e-09,2.2526151164817945e-08,5.847146193277751e-07,0.00042718128305998696,1.5503177668255888e-09,0.001545424083985779,0.0010012970667122951,89.07456373331128
4,blocks.3.mlp.fc2,mlp,dp_kfc,0.001,0.023291075484698786,0.00044123622144966526,0.0012247612253058772,0.032761383098307104,0.345669555085551,0.00029364375054738526,2.1098824179516233,0.0004848707964129062,5.119955720921827e-07,2.8363853172446698e-06,3.239729223698187e-05,0.013455822685331997,-7.87627113320534e-11,0.01626890592996759,0.042934900136189766,2.0624050930640503
4,blocks.4.attn.q_proj,attention_qkv,dp_kfc,0.001,0.9992031353125301,0.06614189939265479,0.28179884456621496,1.8044046420023894,18.346703829316198,-8.919045631556621e-09,25.642628087498654,1.4455814931086755e-08,1.0492653899713753e-10,4.849271057189601e-10,3.42558199306644e-09,3.8990220395796236e-07,5.302632422426084e-11,9.656086857730175e-07,0.0010007975001872073,69176.31449815624
4,blocks.4.attn.k_proj,attention_qkv,dp_kfc,0.001,0.9992031353125301,0.06614189939265479,0.28179884456621496,1.8044046420023894,18.346703829316198,-8.919045631556621e-09,25.642628087498654,1.1467073832908785e-09,2.379133192060858e-12,1.813434245208326e-11,1.7462816287624112e-10,5.7187753990841665e-08,1.0435666607053184e-12,8.657958455584393e-08,0.0010007975001872073,872062.0574798688
4,blocks.4.attn.v_proj,attention_qkv,dp_kfc,0.001,0.9992031353125301,0.06614189939265479,0.28179884456621496,1.8044046420023894,18.346703829316198,-8.919045631556621e-09,25.642628087498654,2.3624835682189982e-07,4.2011897992264784e-11,9.893340196254982e-10,1.639946292212053e-08,6.331625795283163e-06,7.614022359786471e-12,8.836112338058464e-06,0.0010007975001872073,4232.833673225793
4,blocks.4.attn.out_proj,attention_out,dp_kfc,0.001,0.007270918928033677,3.7835147373192673e-06,7.474175013524337e-05,0.0009563625717580793,0.0029534130592758644,9.131044309060011e-07,1.3426445672387706,0.00048442473841229605,4.844319229896588e-07,2.748766739013315e-06,3.1703362684587886e-05,0.01345598779112207,-1.2651705580747793e-10,0.016267097504618248,0.13753419751998758,2.064304154402816
4,blocks.4.mlp.fc1,mlp,dp_kfc,0.001,0.9988572881629431,0.06623271400515307,0.2805266222274546,1.796659364464856,18.27676766639504,-4.412039965051562e-08,25.57470879609157,8.533272674802101e-06,2.230245630082302e-09,1.6734875944511968e-08,4.3608583827395113e-07,0.0003383313539875943,1.1593587920059688e-09,0.0011115698946154789,0.0010011440191212487,117.18833302408112
4,blocks.4.mlp.fc2,mlp,dp_kfc,0.001,0.023126404918972478,0.0004181646745026309,0.0011743356141137892,0.03181959466531091,0.3493317902649649,0.00028003384748885075,2.218657315368859,0.0003946636530069251,3.929139882931021e-07,2.1375842329058637e-06,2.3334634273664776e-05,0.010606443585510703,-7.850505928658119e-11,0.013750529821341072,0.043240616235151116,2.5338031318086776
4,blocks.5.attn.q_proj,attention_qkv,dp_kfc,0.001,0.9990234356470059,0.06214731328810784,0.2730147867980422,1.7825374225143258,18.0202344815541,-3.0424185714792553e-09,24.618236539032846,9.399452438318504e-09,8.218557127536945e-11,3.490503030177995e-10,2.557999557779662e-09,2.1293287104551966e-07,4.0014731467873675e-11,7.714968526481188e-07,0.001000977518963168,106389.17602511887
4,blocks.5.attn.k_proj,attention_qkv,dp_kfc,0.001,0.9990234356470059,0.06214731328810784,0.2730147867980422,1.7825374225143258,18.0202344815541,-3.0424185714792553e-09,24.618236539032846,9.670301121824341e-10,1.6775771345383103e-12,1.3501435757839241e-11,1.3361084786442237e-10,4.5218950590142466e-08,6.616643614457556e-13,8.027772952928625e-08,0.001000977518963168,1034093.9619172334
4,blocks.5.attn.v_proj,attention_qkv,dp_kfc,0.001,0.9990234356470059,0.06214731328810784,0.2730147867980422,1.7825374225143258,18.0202344815541,-3.0424185714792553e-09,24.618236539032846,1.9317266293968533e-07,3.660851501887058e-11,7.920278149392718e-10,1.3670044727142946e-08,5.6353120723598906e-06,8.662268023898511e-12,7.717716971502246e-06,0.001000977518963168,5176.715922336443
4,blocks.5.attn.out_proj,attention_out,dp_kfc,0.001,0.00814098645037238,3.467036903444665e-06,6.928952050520898e-05,0.0010632984187235392,0.0031257457492591635,8.248795627604548e-07,1.5073345127761526,0.0003944385592831168,3.8426581531932655e-07,2.09944040509647e-06,2.281621158313445e-05,0.010605698259866632,-1.1554008465144088e-10,0.013752882227217772,0.12283523699443803,2.5352490938448757
4,blocks.5.mlp.fc1,mlp,dp_kfc,0.001,0.9986063714472124,0.06240204665660496,0.2725706235303453,1.7788314976866721,17.96527227056765,-2.8519254795980743e-08,24.62419452325364,7.321874171536032e-06,1.7456176249704451e-09,1.3875114401057513e-08,3.642502943130482e-07,0.00029178100005769643,8.503787700894985e-10,0.0010385484377114821,0.0010013955734638142,136.57705343906687
4,blocks.5.mlp.fc2,mlp,dp_kfc,0.001,0.022824774023935065,0.00040815984689677526,0.0011448140573593149,0.031425818983081784,0.3500957553613338,0.00026753424874951647,2.2698160089965924,0.000334330002791224,3.093224405743086e-07,1.678810741535084e-06,1.636061058845879e-05,0.008700438277349893,-1.0040043507152871e-10,0.012073110669055784,0.043812043832344445,2.9910567153749015
4,blocks.6.attn.q_proj,attention_qkv,dp_kfc,0.001,0.998673464195716,0.05795880169586248,0.26068738659949703,1.771824491168922,18.034760401244625,8.230721765759223e-09,24.268109246542277,9.890762777085374e-09,6.953386702252654e-11,3.2463119198288016e-10,2.157867117781925e-09,2.1830698823038098e-07,3.546293053787873e-11,8.842400740371273e-07,0.0010013282978389262,101104.4367899279
4,blocks.6.attn.k_proj,attention_qkv,dp_kfc,0.001,0.998673464195716,0.05795880169586248,0.26068738659949703,1.771824491168922,18.034760401244625,8.230721765759223e-09,24.268109246542277,8.046160946086442e-10,1.630211992916155e-12,1.3323335198073257e-11,1.4385400718889964e-10,3.282516803342267e-08,6.307502756334422e-13,6.663544064291019e-08,0.0010013282978389262,1242828.7312428025
4,blocks.6.attn.v_proj,attention_qkv,dp_kfc,0.001,0.998673464195716,0.05795880169586248,0.26068738659949703,1.771824491168922,18.034760401244625,8.230721765759223e-09,24.268109246542277,1.5680346256615368e-07,2.7533106691298646e-11,6.144907331924709e-10,9.400977807805318e-09,4.327977148362282e-06,5.921606757914739e-12,6.179975887309949e-06,0.0010013282978389262,6377.410190021224
4,blocks.6.attn.out_proj,attention_out,dp_kfc,0.001,0.008023639535290127,3.4256437138009327e-06,6.889332988287452e-05,0.0010908971163537823,0.00346981718461198,7.327134068188915e-07,1.4812096059822317,0.00033411941198361694,3.0995340967079967e-07,1.654140029462802e-06,1.5722768658686227e-05,0.008707818506322077,-9.609787331614123e-11,0.012045335662845569,0.12463172050560481,2.9929419367260035
4,blocks.6.mlp.fc1,mlp,dp_kfc,0.001,0.9984816871776482,0.05813354418547944,0.26047851743287476,1.767360483897345,17.984158909486528,-3.718637033168176e-08,24.20698759536126,6.582756916175917e-06,1.4374955760476037e-09,1.245058203003949e-08,3.1564721833029427e-07,0.0002662073727384073,6.790307828475702e-10,0.0009967914077204975,0.0010015206216016275,151.91203514483172
4,blocks.6.mlp.fc2,mlp,dp_kfc,0.001,0.023554763034887138,0.00040079364134946543,0.0011740693037850822,0.030654215800224177,0.3597711240776283,0.00026579892648487274,2.3159349329843066,0.00029132083655743674,2.4393053545508155e-07,1.2324871773057908e-06,1.2723648420985735e-05,0.00770062788723744,-8.842361965363254e-11,0.010418303051456291,0.04245425855139754,3.432641522717996
4,blocks.7.attn.q_proj,attention_qkv,dp_kfc,0.001,0.9987978391696752,0.05357501022839617,0.24836122521743395,1.7632900140285306,17.961847142986898,-4.650813009637313e-08,23.87550801194088,6.671055646547315e-09,4.754297928425343e-11,2.2594488079697766e-10,1.5558789312611142e-09,1.8621419638041284e-07,2.100438070234258e-11,4.0034182855925944e-07,0.0010012036077604294,149901.3129230247
4,blocks.7.attn.k_proj,attention_qkv,dp_kfc,0.001,0.9987978391696752,0.05357501022839617,0.24836122521743395,1.7632900140285306,17.961847142986898,-4.650813009637313e-08,23.87550801194088,5.861630874963181e-10,1.2379670121395267e-12,1.0629877959438974e-11,1.2241007037029125e-10,3.0053401755880744e-08,4.1652949345777e-13,4.0490893888049853e-08,0.0010012036077604294,1706009.8483364177
4,blocks.7.attn.v_proj,attention_qkv,dp_kfc,0.001,0.9987978391696752,0.05357501022839617,0.24836122521743395,1.7632900140285306,17.961847142986898,-4.650813009637313e-08,23.87550801194088,1.33221057925977e-07,1.990680658356821e-11,4.3224733732925375e-10,7.890213452416783e-09,3.4639676874136837e-06,4.600022149003926e-12,5.6467674219968716e-06,0.0010012036077604294,7506.320814203716
4,blocks.7.attn.out_proj,attention_out,dp_kfc,0.001,0.00833169229683307,2.8986160411574017e-06,6.71858895960915e-05,0.0010804802173155052,0.0036583701299405403,7.238103606378979e-07,1.5406937936335168,0.0002913573653889519,2.4280166642654243e-07,1.218022779976461e-06,1.1750836309870429e-05,0.00770473105221209,-9.460060321570169e-11,0.010434120260254136,0.12002363558002574,3.4322111564436852
4,blocks.7.mlp.fc1,mlp,dp_kfc,0.001,0.9989553466053207,0.05374053456290374,0.24979304671634991,1.7587019245700182,17.949140805270265,-1.9214864672180608e-08,23.8972998268529,5.503041030964957e-06,1.1320923633625234e-09,1.0490935091963135e-08,2.624871220380128e-07,0.00021551763461168832,5.110599766990109e-10,0.0008307740228405403,0.0010010457458366176,181.71770742269936
4,blocks.7.mlp.fc2,mlp,dp_kfc,0.001,0.022975857695382965,0.0003903668685942713,0.0011263047903040584,0.02946275353677363,0.3715308617916251,0.00025691343562477085,2.3247758343591167,0.0002417821211035213,1.7935233231658536e-07,8.962879471252257e-07,8.765524525886789e-06,0.006121158376817237,-7.082282612815364e-11,0.008806744196821497,0.043523946451015476,4.135955112958252
4,blocks.8.attn.q_proj,attention_qkv,dp_kfc,0.001,0.9980724719521913,0.04948376892736288,0.2379431131034731,1.8115749381452442,17.980376586011644,-7.16458067993246e-09,24.260098526474376,5.46670009462837e-09,4.312605457449208e-11,1.9102433849836235e-10,1.4376582702453127e-09,1.4536845412680513e-07,2.1058199140372024e-11,3.449458409942537e-07,0.0010019312505874834,182925.71070116124
4,blocks.8.attn.k_proj,attention_qkv,dp_kfc,0.001,0.9980724719521913,0.04948376892736288,0.2379431131034731,1.8115749381452442,17.980376586011644,-7.16458067993246e-09,24.260098526474376,5.022683645405403e-10,1.0538213894295882e-12,9.415847993748853e-12,1.0628736755853885e-10,2.4477188603831536e-08,4.667604743670078e-13,3.752316112444044e-08,0.0010019312505874834,1990967.5197536468
4,blocks.8.attn.v_proj,attention_qkv,dp_kfc,0.001,0.9980724719521913,0.04948376892736288,0.2379431131034731,1.8115749381452442,17.980376586011644,-7.16458067993246e-09,24.260098526474376,1.0163268194622135e-07,1.6416020113843982e-11,3.1595214337904785e-10,6.209428049860875e-09,2.5749438393815934e-06,3.90993981897666e-12,3.830394147471594e-06,0.0010019312505874834,9839.354633277779
4,blocks.8.attn.out_proj,attention_out,dp_kfc,0.001,0.0080288385064884,2.950817963563441e-06,6.535509598746429e-05,0.0011216127178357578,0.004138005569786755,6.473056168259017e-07,1.4772800297963615,0.00024157767393262475,1.7497582732202716e-07,8.805602351572844e-07,8.482072243838181e-06,0.006120415686181161,-8.526222162579558e-11,0.008794831349627372,0.12455101683660261,4.139455371521198
4,blocks.8.mlp.fc1,mlp,dp_kfc,0.001,0.9989680162983238,0.04996306322867714,0.23730618983579949,1.807957034587921,17.956187751612905,-2.4014319197786158e-09,24.166269917525238,4.710532148560533e-06,8.825707668847339e-10,8.95626521238067e-09,2.1453767130426753e-07,0.00018691936415920986,3.939341897460151e-10,0.0007041942524268956,0.001001033049792225,212.29023992662587
4,blocks.8.mlp.fc2,mlp,dp_kfc,0.001,0.023281965961846948,0.0003875048073722254,0.001136635214149369,0.029164198108715973,0.3829663348906108,0.00023799039962418364,2.365661801954547,0.00020825273142577316,1.2908841755825933e-07,6.463141795310231e-07,6.454345057944965e-06,0.005479568962251215,-6.85354664241725e-11,0.0077373635197238435,0.04295169925249175,4.801857786707719
4,blocks.9.attn.q_proj,attention_qkv,dp_kfc,0.001,0.9984598647745162,0.04817397893837843,0.2330625752095792,1.810698107353342,18.108692591119475,-1.3031134005327416e-08,24.942718388818584,5.057504723175732e-09,3.7677785592787186e-11,1.7617712981143812e-10,1.2265799208557237e-09,1.3494861260387154e-07,1.496617035211641e-11,2.9117035253244177e-07,0.0010015425109008579,197725.9646278838
4,blocks.9.attn.k_proj,attention_qkv,dp_kfc,0.001,0.9984598647745162,0.04817397893837843,0.2330625752095792,1.810698107353342,18.108692591119475,-1.3031134005327416e-08,24.942718388818584,4.2086259577724973e-10,9.698821586554864e-13,8.727176102910845e-12,9.79821903587804e-11,2.256275901747658e-08,3.111327610614513e-13,2.906147303070861e-08,0.0010015425109008579,2376072.4047077606
4,blocks.9.attn.v_proj,attention_qkv,dp_kfc,0.001,0.9984598647745162,0.04817397893837843,0.2330625752095792,1.810698107353342,18.108692591119475,-1.3031134005327416e-08,24.942718388818584,8.665918782568838e-08,9.804568267101993e-12,2.1842578240801102e-10,3.5629872115125313e-09,2.3177972554232683e-06,1.598764768495166e-12,2.9896300074779865e-06,0.0010015425109008579,11539.457328073067
4,blocks.9.attn.out_proj,attention_out,dp_kfc,0.001,0.008527791721250505,2.882113009441317e-06,6.199539751423478e-05,0.0013333173809272393,0.004049148831902753,7.424332815018039e-07,1.571505993707958,0.00020833022279020952,1.2713292418906873e-07,6.381757232821419e-07,5.842245251193141e-06,0.005485913274795545,-8.481101057177383e-11,0.007741082672910056,0.11726365191449131,4.8000716679836195
4,blocks.9.mlp.fc1,mlp,dp_kfc,0.001,0.9983155251784647,0.04823580832054299,0.23267923278038188,1.8101365514009706,18.07388229199897,-3.68631652415496e-08,24.939448677885693,3.897891989106811e-06,6.566550471704738e-10,7.34463837295882e-09,1.7196710207356568e-07,0.0001738336438003038,2.59777299777838e-10,0.0005101555992331375,0.0010016873170646467,256.54892510994046
4,blocks.9.mlp.fc2,mlp,dp_kfc,0.001,0.022345915918755593,0.0003628986598589568,0.0010671086293898835,0.02742635677842973,0.3443434133099179,0.00024460262767802724,2.3230777395166795,0.00018217165560940884,9.060178939096432e-08,4.3006856091501825e-07,4.344452444553123e-06,0.004634513070401531,-6.716533554855823e-11,0.006474162717014197,0.04475090677132058,5.48932816499227
4,blocks.10.attn.q_proj,attention_qkv,dp_kfc,0.001,0.9986088760776224,0.0443591076559722,0.22527389799680475,1.822514951569227,17.62443663376032,-2.9515564692762173e-08,25.21309086680029,3.126234712075293e-09,2.777009647942636e-11,1.3444609885873982e-10,1.0382153979876122e-09,8.828026216798853e-08,1.1526307465015755e-11,1.3529559770643952e-07,0.0010013930618440342,319873.6154190318
4,blocks.10.attn.k_proj,attention_qkv,dp_kfc,0.001,0.9986088760776224,0.0443591076559722,0.22527389799680475,1.822514951569227,17.62443663376032,-2.9515564692762173e-08,25.21309086680029,3.9529090004700114e-10,7.089883287391408e-13,7.129413692610417e-12,8.792212876481351e-11,1.5713348789247987e-08,2.1338717284322563e-13,3.3876660286869595e-08,0.0010013930618440342,2529782.496589467
4,blocks.10.attn.v_proj,attention_qkv,dp_kfc,0.001,0.9986088760776224,0.0443591076559722,0.22527389799680475,1.822514951569227,17.62443663376032,-2.9515564692762173e-08,25.21309086680029,7.569198514264149e-08,7.35721230815228e-12,1.4801049413272974e-10,3.590261214477556e-09,1.914396820287126e-06,2.027813585025658e-12,2.7974695015443674e-06,0.0010013930618440342,13211.438412078913
4,blocks.10.attn.out_proj,attention_out,dp_kfc,0.001,0.008915817983469014,2.888461392151344e-06,6.163648533680516e-05,0.0013526259815771933,0.004524604867377967,7.223636278131938e-07,1.6409307229744468,0.0001821174679056033,8.806977922607168e-08,4.152232501349189e-07,4.238381387887829e-06,0.004633914088960824,-8.690515999615926e-11,0.006477357698619691,0.11216020805428271,5.490961473933564
4,blocks.10.mlp.fc1,mlp,dp_kfc,0.001,0.998656653678479,0.04437484299891481,0.22529850019701847,1.8176067312364002,17.583409665572187,-4.431322605233088e-08,25.17496737218274,3.632781095727969e-06,5.027854969935861e-10,6.686056874568239e-09,1.5247083960856738e-07,0.00018360869705369228,1.7529895421515628e-10,0.0005400308118025275,0.0010013451533282965,275.2711968183184
4,blocks.10.mlp.fc2,mlp,dp_kfc,0.001,0.02325772854253669,0.00036032262322117686,0.001087270258300948,0.02779445079348495,0.35847911927308973,0.00023928874121968292,2.4929586935061163,0.00015355326994874,4.531099825542319e-08,2.2198369644423452e-07,2.675253357986422e-06,0.004027248483794673,-7.421693489957237e-11,0.005536471464775154,0.0429964602162706,6.512397947199858
4,blocks.11.attn.q_proj,attention_qkv,dp_kfc,0.001,0.9985709783326777,0.043562410108349305,0.2177264560510475,1.8643006495397518,17.73942678108705,-4.844384002760907e-08,24.471907314058775,3.5518847069267168e-09,2.6447738637612206e-11,1.1802942599233557e-10,8.447855012036937e-10,1.0647317312257742e-07,1.3387705181626878e-11,1.76426662793241e-07,0.0010014310666926335,281540.6699575151
4,blocks.11.attn.k_proj,attention_qkv,dp_kfc,0.001,0.9985709783326777,0.043562410108349305,0.2177264560510475,1.8643006495397518,17.73942678108705,-4.844384002760907e-08,24.471907314058775,2.777221220736422e-10,6.609251374451097e-13,6.815004794087739e-12,8.474274286837033e-11,1.174669714234301e-08,2.307040755176585e-13,1.9786878593322765e-08,0.0010014310666926335,3600721.442474197
4,blocks.11.attn.v_proj,attention_qkv,dp_kfc,0.001,0.9985709783326777,0.043562410108349305,0.2177264560510475,1.8643006495397518,17.73942678108705,-4.844384002760907e-08,24.471907314058775,6.346465052560941e-08,3.302818549532779e-12,7.439090235764824e-11,2.12061134821768e-09,1.5205195447792685e-06,5.644732259719863e-13,2.678693505481751e-06,0.0010014310666926335,15756.803066243585
4,blocks.11.attn.out_proj,attention_out,dp_kfc,0.001,0.009062204803273787,2.642180053421592e-06,6.235198784046116e-05,0.0013000048258621053,0.004524230508518439,6.475535580915466e-07,1.6716539421425003,0.00015348362266346763,4.163968719509406e-08,2.0168035358620223e-07,2.6089159206667935e-06,0.004026440934450603,-1.0919101922743184e-11,0.0055367421065760465,0.11034842201301198,6.515353121372613
4,blocks.11.mlp.fc1,mlp,dp_kfc,0.001,0.9989713856593315,0.04333855990179621,0.21829776625031605,1.8613403903600276,17.678104669457134,-2.4650650996691056e-09,24.41977555348353,3.0279535150115147e-06,3.3190484001783615e-10,5.1847455685097186e-09,1.2549777821531751e-07,0.00014873346375811266,1.0504742475153685e-10,0.00043664742220865836,0.0010010296734775737,330.25606074939935
4,blocks.11.mlp.fc2,mlp,dp_kfc,0.001,0.023583040994159653,0.00035727370384120637,0.001088175874101551,0.02824403148680311,0.359234402684419,0.0001820804511387189,2.6099642019773537,0.00013586957118150167,9.912374698128956e-10,1.8746949231502227e-08,1.6769184930606512e-06,0.0033231714599780736,8.161980804428654e-12,0.005141052072203456,0.04240335248739339,7.359999676926542
4,head,patch_head,dp_kfc,0.001,0.9992803966751989,0.00022840159795558482,0.003478708934239732,0.203794960174005,0.9635312005817961,-4.1387338723125256e-08,180.04682644931987,0.10178380832076073,0.0829977332321085,0.10025680274582105,0.1205879605734094,0.20828819742668467,-2.7939701505173015e-10,0.21803266818815967,0.001000720121526646,0.009824745374515833
5,patch_embed,patch_head,dp_kfc,0.001,0.2509732934875203,0.025386249511090222,0.0497949566481676,0.25894326038026594,4.190240654979588,0.016641490721762933,26.350224239921154,1.6870198702889638e-05,1.41217123825473e-07,3.933927482204835e-07,3.3042457585333354e-06,0.0005452737670232245,-1.7101250865342649e-13,0.0007347950954506449,0.00398448769629636,59.2761245798909
5,blocks.0.attn.q_proj,attention_qkv,dp_kfc,0.001,0.998493035840247,0.12022813876903152,0.3431102460760389,1.618736430085344,19.366482978092666,-1.9448761982420157e-08,24.435635329630593,8.292721141630228e-07,8.572624703699972e-09,3.3185227852389e-08,2.186492403502391e-07,1.806449781726974e-05,4.377858372342242e-09,7.865251827315106e-05,0.0010015092385281235,1205.876795952908
5,blocks.0.attn.k_proj,attention_qkv,dp_kfc,0.001,0.998493035840247,0.12022813876903152,0.3431102460760389,1.618736430085344,19.366482978092666,-1.9448761982420157e-08,24.435635329630593,6.953109878476262e-08,1.1309585903611514e-12,4.237226685139678e-12,2.2422837914433964e-11,3.5329437382527793e-06,5.340205469373437e-13,5.171899547250992e-06,0.0010015092385281235,14382.053749726516
5,blocks.0.attn.v_proj,attention_qkv,dp_kfc,0.001,0.998493035840247,0.12022813876903152,0.3431102460760389,1.618736430085344,19.366482978092666,-1.9448761982420157e-08,24.435635329630593,1.3330734965677493e-05,4.8258842956218265e-09,9.778069380975621e-08,1.9344762936653975e-06,0.00038120021663498507,1.1134315492618077e-09,0.0006917316057702976,0.0010015092385281235,75.01461866691444
5,blocks.0.attn.out_proj,attention_out,dp_kfc,0.001,0.0058591174613352665,5.053199721357911e-06,8.667525334445122e-05,0.0007413229339521004,0.001889319030657476,1.196128747583568e-06,1.083630140689106,0.033035622276656795,5.01682119567555e-05,0.00026215529535974645,0.0038099071523847315,1.0510136343065655,-2.509789834546762e-08,1.5656187740785399,0.17067416835369342,0.030270354577416485
5,blocks.0.mlp.fc1,mlp,dp_kfc,0.001,0.9982324724370334,0.12049607611949907,0.3428956548874892,1.6308662759696069,19.349832814561054,-5.864364294366593e-08,24.42437026333812,4.8474037048755005e-05,1.8237479778470997e-08,1.2534710460598209e-07,2.8415180103293706e-06,0.001570003902824899,8.799411521525444e-09,0.0082743467753383,0.0010017706572484578,20.62960010931633
5,blocks.0.mlp.fc2,mlp,dp_kfc,0.001,0.02346624696920341,0.0005023545690775249,0.0013075914104399228,0.03584671222574429,0.36457739281928114,0.0003352180132936068,2.0816997475135666,0.0022100984350193658,3.1195185033415815e-06,1.703179615520411e-05,0.00023588338690735966,0.06155722380911326,-4.920223556738328e-10,0.09096343874945616,0.04261439851512592,0.4524685345027348
5,blocks.1.attn.q_proj,attention_qkv,dp_kfc,0.001,0.9983788750332254,0.10034137442877013,0.3224634023324831,1.6132326193931281,19.410676080183556,-1.0098336239914754e-08,25.05333017706317,4.69202934630375e-08,4.988197473737275e-10,2.0337604926761536e-09,1.2212460373507595e-08,1.1480752747020941e-06,2.67139081229184e-10,2.763108579656469e-06,0.0010016237572802416,21312.739673884866
5,blocks.1.attn.k_proj,attention_qkv,dp_kfc,0.001,0.9983788750332254,0.10034137442877013,0.3224634023324831,1.6132326193931281,19.410676080183556,-1.0098336239914754e-08,25.05333017706317,5.110702402293457e-09,9.79938644808165e-12,7.676519890812917e-11,5.893520551856325e-10,2.4053850417054615e-07,4.110950781841003e-12,3.808779764275359e-07,0.0010016237572802416,195667.8204450418
5,blocks.1.attn.v_proj,attention_qkv,dp_kfc,0.001,0.9983788750332254,0.10034137442877013,0.3224634023324831,1.6132326193931281,19.410676080183556,-1.0098336239914754e-08,25.05333017706317,1.0290879885651212e-06,3.075961564560094e-10,6.248341084923664e-09,1.1744762486559604e-07,2.540761104077302e-05,8.063996700396078e-11,4.478837625319571e-05,0.0010016237572802416,971.7342065126237
5,blocks.1.attn.out_proj,attention_out,dp_kfc,0.001,0.00610487395113363,4.4259914250662365e-06,7.97466450261729e-05,0.0007764742763674345,0.0020575301720760363,9.554992580726115e-07,1.1284777008891864,0.002208513624736952,2.9963471556347606e-06,1.6572284082436387e-05,0.00023322346043226495,0.06139228440750051,-6.859379605298657e-10,0.09113171387825383,0.16380354582330195,0.4527932220110738
5,blocks.1.mlp.fc1,mlp,dp_kfc,0.001,0.9980113503228816,0.10055134541049951,0.3227260472349017,1.614760391076086,19.37072050288419,-2.1348992954724857e-08,25.04433618530611,2.5217313875502967e-05,9.000122599529497e-09,6.102501221577063e-08,1.4837351089712372e-06,0.0008132770999235097,4.610117392820009e-09,0.003688769540711407,0.0010019926122848955,39.655294173557365
5,blocks.1.mlp.fc2,mlp,dp_kfc,0.001,0.023029190027948242,0.00047057809835415927,0.0012465605453644332,0.03419020444709358,0.3865641983693417,0.0002978658679768635,1.9454404657975126,0.0011251630385231692,1.3053977500224361e-06,7.972875165122245e-06,0.0001043837154313478,0.03276219220476187,-2.73075130907381e-10,0.04126122782455658,0.043423151174070786,0.8887600869937465
5,blocks.2.attn.q_proj,attention_qkv,dp_kfc,0.001,0.9978705499456337,0.08510028451993609,0.3093727958254299,1.6366438837253696,18.998797184856645,-3.026039005058488e-08,25.53538841971835,2.9522361793636133e-08,2.8822638012030205e-10,1.1484284029657827e-09,7.0950140851896764e-09,6.574344110582509e-07,1.542165688687853e-10,1.8391092917098026e-06,0.0010021339942886203,33872.62872090271
5,blocks.2.attn.k_proj,attention_qkv,dp_kfc,0.001,0.9978705499456337,0.08510028451993609,0.3093727958254299,1.6366438837253696,18.998797184856645,-3.026039005058488e-08,25.53538841971835,3.202903450056846e-09,5.429228514065522e-12,4.055799579822311e-11,3.493238650665445e-10,1.445418221897734e-07,2.36725684380642e-12,2.8052387614936786e-07,0.0010021339942886203,312216.7169860371
5,blocks.2.attn.v_proj,attention_qkv,dp_kfc,0.001,0.9978705499456337,0.08510028451993609,0.3093727958254299,1.6366438837253696,18.998797184856645,-3.026039005058488e-08,25.53538841971835,5.768453715804256e-07,1.321813133144307e-10,2.9502040377626285e-09,5.519057831737684e-08,1.5381272909983326e-05,3.493434147281831e-11,2.269597432083135e-05,0.0010021339942886203,1733.566826167343
5,blocks.2.attn.out_proj,attention_out,dp_kfc,0.001,0.006380263446432713,3.968335100014538e-06,7.691374012551929e-05,0.0008128411787617415,0.0025233077988895984,8.978567016346884e-07,1.1779867435599751,0.0011243171350088232,1.2681673332708064e-06,7.7762405237081e-06,0.00010180471133787268,0.03271450014634308,-3.2589460785138617e-10,0.04125872408716788,0.1567333399938388,0.8894287642357709
5,blocks.2.mlp.fc1,mlp,dp_kfc,0.001,0.9980531063104541,0.08531864830173909,0.30883549980779806,1.6333395244502662,18.97020614144766,3.851395675518839e-09,25.497799880494206,1.785697317449597e-05,5.419443543289991e-09,3.670851339370497e-08,9.909507751345615e-07,0.0006572998527833569,2.8282145072643554e-09,0.0026883032645499258,0.0010019506914784755,56.000532129837055
5,blocks.2.mlp.fc2,mlp,dp_kfc,0.001,0.023455521093029893,0.00046042053230138175,0.0012567696710996802,0.03421188440943755,0.3629556477527685,0.0003154114407013819,2.1351538080385812,0.0007640251086892628,8.300442131114699e-07,5.052201270064717e-06,6.297416374454242e-05,0.02177452055403794,-1.7133362330382188e-10,0.027706718848089364,0.04263388547343605,1.3088575082507017
5,blocks.3.attn.q_proj,attention_qkv,dp_kfc,0.001,0.9982148134028974,0.07597698938416557,0.29680687301666736,1.7190588979356907,18.39498715326172,-3.947810443750206e-08,25.88660832019268,2.3606458965837646e-08,1.871611794435324e-10,7.880967806727536e-10,5.51429197380906e-09,7.569141859877719e-07,8.996867814493413e-11,1.1536829470353263e-06,0.001001788379187659,42361.28770719748
5,blocks.3.attn.k_proj,attention_qkv,dp_kfc,0.001,0.9982148134028974,0.07597698938416557,0.29680687301666736,1.7190588979356907,18.39498715326172,-3.947810443750206e-08,25.88660832019268,1.7386690112453894e-09,3.6890893616616795e-12,3.053897583082477e-11,2.7086961707716173e-10,1.0178463403727538e-07,1.7200622898064467e-12,1.1026369401149253e-07,0.001001788379187659,575152.5986442417
5,blocks.3.attn.v_proj,attention_qkv,dp_kfc,0.001,0.9982148134028974,0.07597698938416557,0.29680687301666736,1.7190588979356907,18.39498715326172,-3.947810443750206e-08,25.88660832019268,3.867845812891938e-07,7.763018376050384e-11,1.7284378018825874e-09,3.147211458384176e-08,1.058962486991128e-05,1.9033176944159114e-11,1.4769555623441762e-05,0.001001788379187659,2585.418469027112
5,blocks.3.attn.out_proj,attention_out,dp_kfc,0.001,0.006755455031009618,3.950173210680422e-06,7.551160457994525e-05,0.0009173860849687218,0.0029669619896886897,9.731486076062048e-07,1.2473970823814893,0.0007636602277519462,8.173518674396818e-07,4.983346133799351e-06,6.120983763999657e-05,0.021784924535474266,-1.9021125781854428e-10,0.02771540886954869,0.1480285184950077,1.3094828873618154
5,blocks.3.mlp.fc1,mlp,dp_kfc,0.001,0.9978748652601489,0.07603891095273319,0.29781467704807807,1.7175379723043043,18.408489823844135,-2.7125361339782776e-08,25.821301261900587,1.2861324464522964e-05,3.6603437982089445e-09,2.6223049896953663e-08,7.179111950039776e-07,0.0004686587165508318,1.8890234625514926e-09,0.0019474331593338408,0.0010021296605554817,77.75248985891211
5,blocks.3.mlp.fc2,mlp,dp_kfc,0.001,0.023455830282436002,0.00044295348551918036,0.0012338907703181722,0.03266926703802036,0.34958373673251936,0.0002922829090635827,2.136303921524934,0.0005537967385104517,6.1338018484802e-07,3.5957457890244023e-06,4.09899702981677e-05,0.015740492335360623,-1.2519093030635558e-10,0.01884973261511432,0.04263332348327962,1.8057166654496777
5,blocks.4.attn.q_proj,attention_qkv,dp_kfc,0.001,0.9989098897252059,0.0665616472961477,0.2798696685759417,1.8004160586275608,18.879673581221255,-2.7412132807333482e-08,25.29356828552764,1.648868800697978e-08,1.215413132498046e-10,5.381843587097936e-10,3.949048589802704e-09,4.349966496095207e-07,5.878207074465847e-11,1.0313637330663532e-06,0.0010010912999120411,60647.63913154842
5,blocks.4.attn.k_proj,attention_qkv,dp_kfc,0.001,0.9989098897252059,0.0665616472961477,0.2798696685759417,1.8004160586275608,18.879673581221255,-2.7412132807333482e-08,25.29356828552764,1.2324971226080072e-09,2.6646612715179885e-12,2.0210715454311852e-11,2.0463017001439775e-10,6.162446113382598e-08,1.1631375715307201e-12,9.10318295570882e-08,0.0010010912999120411,811360.920570723
5,blocks.4.attn.v_proj,attention_qkv,dp_kfc,0.001,0.9989098897252059,0.0665616472961477,0.2798696685759417,1.8004160586275608,18.879673581221255,-2.7412132807333482e-08,25.29356828552764,2.7018967074798894e-07,5.0278113697896047e-11,1.2066366194103237e-09,2.0647500714498715e-08,7.521883573377778e-06,1.001129930841295e-11,9.809523669848365e-06,0.0010010912999120411,3701.1037366144137
5,blocks.4.attn.out_proj,attention_out,dp_kfc,0.001,0.007198341477404764,3.6531777307843202e-06,7.423049129499802e-05,0.0009878515542203368,0.003114536250385374,8.449594089654029e-07,1.3282400089845723,0.0005533267861513498,5.887810337567267e-07,3.5208352813448515e-06,4.105856457784062e-05,0.015745587646261466,-1.2323998553436877e-10,0.01885973923636147,0.13892088936582828,1.807250299511929
5,blocks.4.mlp.fc1,mlp,dp_kfc,0.001,0.9984439524961877,0.06640477515033827,0.2791512884289274,1.792232793523021,18.797547016554624,-1.6662061451774744e-08,25.235392471497324,9.71297926129211e-06,2.631140848630291e-09,1.945987836359323e-08,5.434570483028559e-07,0.0003834397822252729,1.3026714422928731e-09,0.0012606240315591664,0.0010015584725611508,102.95502266592618
5,blocks.4.mlp.fc2,mlp,dp_kfc,0.001,0.02325589055139741,0.0004190198541060163,0.0011855846410018165,0.03216534188733937,0.3540056456925941,0.00028340479322657526,2.2245021900332667,0.00044490869671183947,4.750149861949319e-07,2.67951855139577e-06,2.8445553820367112e-05,0.012031678038226853,-9.449624802127139e-11,0.015447061839097343,0.04299985837093267,2.247652175357868
5,blocks.5.attn.q_proj,attention_qkv,dp_kfc,0.001,0.998621274152568,0.06122187437625618,0.2702430203632487,1.7767183646850895,18.46547967556855,-2.948228555463919e-08,24.202336853865116,1.0564165024822454e-08,9.1634517583672e-11,3.9911621262123215e-10,2.8147360646984173e-09,2.4754544489875395e-07,4.4327506421047965e-11,8.796433851190486e-07,0.001001380629356812,94659.63449551532
5,blocks.5.attn.k_proj,attention_qkv,dp_kfc,0.001,0.998621274152568,0.06122187437625618,0.2702430203632487,1.7767183646850895,18.46547967556855,-2.948228555463919e-08,24.202336853865116,1.08037981937078e-09,1.8029191183768414e-12,1.5391454806380546e-11,1.6010053513337313e-10,4.836350797593379e-08,7.315818877652754e-13,9.22644395922794e-08,0.001001380629356812,925600.4065148183
5,blocks.5.attn.v_proj,attention_qkv,dp_kfc,0.001,0.998621274152568,0.06122187437625618,0.2702430203632487,1.7767183646850895,18.46547967556855,-2.948228555463919e-08,24.202336853865116,2.181537909022128e-07,4.672854357163685e-11,9.888897757080155e-10,1.6672059582080063e-08,6.670443277598469e-06,1.0991007957138692e-11,8.095094220712808e-06,0.001001380629356812,4583.922176480761
5,blocks.5.attn.out_proj,attention_out,dp_kfc,0.001,0.008082263138195876,3.5656562605071323e-06,6.946096000004043e-05,0.0010356780529049816,0.003279832292725717,8.281868976662223e-07,1.4961355010421709,0.0004446107869853222,4.7399269189225026e-07,2.6743228977220053e-06,2.7841963869656842e-05,0.01203222743772488,-1.4412191071633623e-10,0.015446164239189366,0.1237277211718227,2.2491582059456707
5,blocks.5.mlp.fc1,mlp,dp_kfc,0.001,0.9982608192325256,0.061432841497373415,0.2700042381556175,1.7749220361277513,18.408273081604396,2.1681960417398506e-08,24.21541198184017,8.124509553605885e-06,2.0975727151202642e-09,1.6398130556957883e-08,4.526608644533502e-07,0.0003208901220508276,1.014603065186968e-09,0.0011491199156873056,0.0010017422107869679,123.08435277255252
5,blocks.5.mlp.fc2,mlp,dp_kfc,0.001,0.02293963727791962,0.0004089428178284719,0.0011475722643919178,0.031301802486717614,0.3468853402018694,0.00026978807478814505,2.264144754080202,0.00037420011458758984,3.7900974306386626e-07,2.1411493681832844e-06,1.9755496492350304e-05,0.010283864504143547,-9.797769261484613e-11,0.013718347653168223,0.04359266835324126,2.672366899465307
5,blocks.6.attn.q_proj,attention_qkv,dp_kfc,0.001,0.9984440829778582,0.056461288579156936,0.26179286142183866,1.7423147877598704,18.552827354131132,-3.340294188223894e-08,23.836451107987354,1.1541733452649638e-08,7.832800792860912e-11,3.6346716271318664e-10,2.326306062097539e-09,2.564508946389586e-07,3.9124454768777443e-11,1.0215137587569118e-06,0.0010015583416724764,86642.09792251179
5,blocks.6.attn.k_proj,attention_qkv,dp_kfc,0.001,0.9984440829778582,0.056461288579156936,0.26179286142183866,1.7423147877598704,18.552827354131132,-3.340294188223894e-08,23.836451107987354,9.574631919916318e-10,1.8421610803797267e-12,1.583330249041186e-11,1.7780981294109698e-10,3.88259196973311e-08,7.914866238680394e-13,8.132982130192922e-08,0.0010015583416724764,1044426.5725974143
5,blocks.6.attn.v_proj,attention_qkv,dp_kfc,0.001,0.9984440829778582,0.056461288579156936,0.26179286142183866,1.7423147877598704,18.552827354131132,-3.340294188223894e-08,23.836451107987354,1.7571562421769826e-07,3.422597014383264e-11,7.955399303327467e-10,1.2487707937034006e-08,4.594100395423342e-06,7.910801148182347e-12,6.887271924578474e-06,0.0010015583416724764,5691.013559278464
5,blocks.6.attn.out_proj,attention_out,dp_kfc,0.001,0.00801305637430699,3.3498576909539013e-06,7.028974544604465e-05,0.001075779863100161,0.00332543837561947,7.596495273658515e-07,1.479374135351398,0.0003739538744487921,3.8053788000670816e-07,2.0978290678728837e-06,1.9059042140795243e-05,0.010295788134300661,-1.2548404249574271e-10,0.013691028817262151,0.12479632655604338,2.674126592414639
5,blocks.6.mlp.fc1,mlp,dp_kfc,0.001,0.9978030442882696,0.056674225533214224,0.26155104085204456,1.7357977048807665,18.493191405743733,-3.067770236804058e-08,23.76445840861677,7.32903150265964e-06,1.7157581083664082e-09,1.4711156437685626e-08,3.920501995872161e-07,0.0002887198360008635,8.106471757793675e-10,0.001121657917775083,0.0010022017929533352,136.443676035109
5,blocks.6.mlp.fc2,mlp,dp_kfc,0.001,0.023599482756665145,0.00040337923444339904,0.0011787353763836525,0.03056077362024499,0.3599992222672994,0.0002660000049239403,2.2846756638965053,0.000323617711993999,3.0305614647088167e-07,1.5604797401129064e-06,1.5373283544325592e-05,0.008804849053845988,-9.535364999029366e-11,0.01188307307175412,0.04237381006656057,3.0900657255080755
5,blocks.7.attn.q_proj,attention_qkv,dp_kfc,0.001,0.9984486833446384,0.053343718639735284,0.24807122165792403,1.7422900208710597,18.391111720737726,2.448018746310741e-08,24.26316521345221,7.50787844336816e-09,5.404328694081845e-11,2.510711868864945e-10,1.7417159048892655e-09,2.231238847630481e-07,2.242230852370773e-11,4.671118281738062e-07,0.0010015537269779003,133193.41909208952
5,blocks.7.attn.k_proj,attention_qkv,dp_kfc,0.001,0.9984486833446384,0.053343718639735284,0.24807122165792403,1.7422900208710597,18.391111720737726,2.448018746310741e-08,24.26316521345221,6.355835063169644e-10,1.468070280956608e-12,1.2442947462705067e-11,1.4676027985696703e-10,3.2756567168132504e-08,4.851999142558131e-13,4.353115730824685e-08,0.0010015537269779003,1573357.3795750795
5,blocks.7.attn.v_proj,attention_qkv,dp_kfc,0.001,0.9984486833446384,0.053343718639735284,0.24807122165792403,1.7422900208710597,18.391111720737726,2.448018746310741e-08,24.26316521345221,1.490042613091121e-07,2.4940188647902804e-11,5.4927759826258e-10,9.436707484059958e-09,3.995955731137514e-06,5.511028758091231e-12,6.569826387671862e-06,0.0010015537269779003,6711.2174592475685
5,blocks.7.attn.out_proj,attention_out,dp_kfc,0.001,0.008337019879215306,2.974441662030242e-06,6.781575598955992e-05,0.0010886129312372786,0.003761496800787868,7.173019475713077e-07,1.541910381511777,0.00032364057377283945,2.9150153763042386e-07,1.5484353816575743e-06,1.523221623417108e-05,0.008802703393964224,-1.202993713928418e-10,0.011901083579850123,0.11994693721350724,3.089847445091639
5,blocks.7.mlp.fc1,mlp,dp_kfc,0.001,0.9986203204782516,0.05345137135833099,0.2495198573603483,1.737436768040963,18.39459859903288,-9.344717994321332e-09,24.255555767483497,6.150043185697979e-06,1.3634617910855113e-09,1.26473331573668e-08,3.238642603583777e-07,0.00023248271592613776,6.220015953706284e-10,0.0009849318962718927,0.0010013815856672011,162.60048422513773
5,blocks.7.mlp.fc2,mlp,dp_kfc,0.001,0.02300557035284289,0.00039112520504532917,0.0011284977229811025,0.029683567425214587,0.37067598640367927,0.00025827123293487025,2.3159985975565833,0.0002671889774319425,2.2150273914229214e-07,1.1524130190596672e-06,1.1406575896708975e-05,0.007072574913097582,-6.513586210813967e-11,0.010192352769985794,0.043467733451625815,3.742669363127889
5,blocks.8.attn.q_proj,attention_qkv,dp_kfc,0.001,0.9976138163724712,0.04969774784156155,0.23785377151240047,1.7795235470065627,18.4614408149336,-1.3026945464897556e-08,23.802015690790764,6.284511059409988e-09,4.674791746051248e-11,2.1709953268971355e-10,1.6205885931586086e-09,1.4912738485323286e-07,2.1322069209788367e-11,4.057647337650449e-07,0.0010023918911189558,159121.368479839
5,blocks.8.attn.k_proj,attention_qkv,dp_kfc,0.001,0.9976138163724712,0.04969774784156155,0.23785377151240047,1.7795235470065627,18.4614408149336,-1.3026945464897556e-08,23.802015690790764,5.886671793827828e-10,1.257025975575756e-12,1.14510578151346e-11,1.3471542288835045e-10,2.7856302611568735e-08,5.107865096818314e-13,4.5911734963851465e-08,0.0010023918911189558,1698752.7673081749
5,blocks.8.attn.v_proj,attention_qkv,dp_kfc,0.001,0.9976138163724712,0.04969774784156155,0.23785377151240047,1.7795235470065627,18.4614408149336,-1.3026945464897556e-08,23.802015690790764,1.1523042817151996e-07,2.00749793457287e-11,4.0022750072934526e-10,7.321230732159877e-09,3.0988793024042704e-06,4.773065988477679e-12,4.5767045916292896e-06,0.0010023918911189558,8678.263336065233
5,blocks.8.attn.out_proj,attention_out,dp_kfc,0.001,0.008082797954331268,2.8968610452198014e-06,6.512421977764145e-05,0.001179343602446828,0.003938492399128113,6.526112816676149e-07,1.4882039550098964,0.0002668993550021999,2.204419237815414e-07,1.1290579692642989e-06,1.102404455529791e-05,0.007073381352749847,-9.234133927497728e-11,0.010171630236924384,0.12371953445454338,3.7467306730350005
5,blocks.8.mlp.fc1,mlp,dp_kfc,0.001,0.9984694629753192,0.04988642626144078,0.23733823667815998,1.773635926303881,18.418657760751124,-1.6595266236342117e-08,23.776269074122734,5.2685064374595e-06,1.0548290349225764e-09,1.064129111048157e-08,2.6441307338507515e-07,0.00020513512258621698,4.6486678586417535e-10,0.0008040148673753654,0.0010015328831591104,189.80711362330706
5,blocks.8.mlp.fc2,mlp,dp_kfc,0.001,0.02337083149512428,0.0003869761457426253,0.001141064353530872,0.029037268297686557,0.38111351605317567,0.00023410579037180728,2.373007128968116,0.00022875062630115886,1.6670831697731905e-07,8.200919125354105e-07,7.6122339391301865e-06,0.005806474188530956,-7.345370506159377e-11,0.008745046057265404,0.042788379190043975,4.3715727303997065
5,blocks.9.attn.q_proj,attention_qkv,dp_kfc,0.001,0.9983635739341301,0.04745762988898765,0.23078191639354217,1.805129898333348,18.52739039828602,-3.580474457483323e-08,24.61261868120275,5.433620101601144e-09,4.014424224106148e-11,1.910245355496205e-10,1.3952511375024355e-09,1.5394311231312013e-07,1.5855949562088356e-11,3.1174262353237233e-07,0.0010016391083454913,184039.36626068622
5,blocks.9.attn.k_proj,attention_qkv,dp_kfc,0.001,0.9983635739341301,0.04745762988898765,0.23078191639354217,1.805129898333348,18.52739039828602,-3.580474457483323e-08,24.61261868120275,4.669629566558576e-10,1.0714738223550575e-12,1.0131009377084812e-11,1.0889516921258985e-10,2.5529964832334334e-08,3.48419429418326e-13,3.190205584559154e-08,0.0010016391083454913,2141497.490853391
5,blocks.9.attn.v_proj,attention_qkv,dp_kfc,0.001,0.9983635739341301,0.04745762988898765,0.23078191639354217,1.805129898333348,18.52739039828602,-3.580474457483323e-08,24.61261868120275,9.502274233204784e-08,1.3132786955244293e-11,2.8439966483703247e-10,4.535817148465976e-09,2.438828839138047e-06,2.192528148524947e-12,3.4314485089925592e-06,0.0010016391083454913,10523.796466593189
5,blocks.9.attn.out_proj,attention_out,dp_kfc,0.001,0.008472825316989728,2.889898065987506e-06,6.32526954917056e-05,0.0012867653534699023,0.004189329738378722,7.31138126153761e-07,1.5607725202318943,0.00022883702928311322,1.6120305763211532e-07,7.880690727010262e-07,7.251936382276474e-06,0.005815124264062409,-9.534674008938787e-11,0.008749110706919135,0.11802438532455023,4.369922136870678
5,blocks.9.mlp.fc1,mlp,dp_kfc,0.001,0.9981196309618382,0.047368177781781165,0.2306687406668745,1.8029964792270219,18.49030481411182,9.546584030621357e-09,24.592829763107137,4.2561281153180586e-06,7.898419042875914e-10,8.647028537791032e-09,2.1107392494101728e-07,0.00018552855089142077,3.1383815931414216e-10,0.000572508912497592,0.0010018839114869925,234.95533332301264
5,blocks.9.mlp.fc2,mlp,dp_kfc,0.001,0.022470411998359065,0.0003635661212069357,0.0010707863261322304,0.02758973004430747,0.35012529465938613,0.0002474878244445655,2.338531594336327,0.00019898447623252952,1.1062685131191593e-07,5.415895470345619e-07,5.171625713911031e-06,0.005026907725319922,-6.772223569707657e-11,0.007262756560963152,0.0445029668380369,5.025517663153877
5,blocks.10.attn.q_proj,attention_qkv,dp_kfc,0.001,0.9981737766858828,0.044737997439738914,0.22393965262714352,1.7974566540361467,18.091364676829034,-2.8801044705029546e-08,25.043664015074967,3.4095018246772337e-09,3.132730790131813e-11,1.5225351008182692e-10,1.1213102842649039e-09,9.710365098047985e-08,1.304963888672821e-11,1.487918026775401e-07,0.0010018295645074754,293297.9805912457
5,blocks.10.attn.k_proj,attention_qkv,dp_kfc,0.001,0.9981737766858828,0.044737997439738914,0.22393965262714352,1.7974566540361467,18.091364676829034,-2.8801044705029546e-08,25.043664015074967,4.391795728898428e-10,8.894305199774845e-13,8.559561529902248e-12,1.0579279542673972e-10,1.7589539285760007e-08,2.4830385085210394e-13,3.838486562172555e-08,0.0010018295645074754,2276972.9325521816
5,blocks.10.attn.v_proj,attention_qkv,dp_kfc,0.001,0.9981737766858828,0.044737997439738914,0.22393965262714352,1.7974566540361467,18.091364676829034,-2.8801044705029546e-08,25.043664015074967,8.260595170857717e-08,9.296131587184503e-12,1.7799896406516506e-10,4.398984909253669e-09,2.233982394015917e-06,2.766022701234764e-12,2.9674626820463788e-06,0.0010018295645074754,12105.66526160085
5,blocks.10.attn.out_proj,attention_out,dp_kfc,0.001,0.00889257976916194,2.8404646806787257e-06,6.416119437594863e-05,0.0013106833795820294,0.004510712406931708,7.111726333040242e-07,1.6366019230994429,0.00019895251494025007,1.0794021680066727e-07,5.237155883659116e-07,5.066393970704119e-06,0.0050294828158618955,-1.0571831787486194e-10,0.007264203210721131,0.11245330668473077,5.026325001723766
5,blocks.10.mlp.fc1,mlp,dp_kfc,0.001,0.9981565422962367,0.04471981936188409,0.22361712743250206,1.791299366280591,18.059804013947925,-2.947883911909018e-08,25.004020780569807,3.985267045811142e-06,6.085387235802085e-10,7.868018819114973e-09,1.8585001797227267e-07,0.00019633581365992298,2.0155208342384818e-10,0.0006094262296186316,0.0010018468623163282,250.92421373646363
5,blocks.10.mlp.fc2,mlp,dp_kfc,0.001,0.023284145747160027,0.0003614353100759467,0.0010904639405331644,0.02729680600814047,0.3580490549989067,0.0002364869136801752,2.4942252369571576,0.00016650979567126947,5.740930415056526e-08,2.783509027007092e-07,3.47468650412928e-06,0.004300514843774003,-8.862027733123399e-11,0.006057901428852992,0.04294767825536268,6.005652676280027
5,blocks.11.attn.q_proj,attention_qkv,dp_kfc,0.001,0.9982047142760124,0.04361091355400106,0.21939651695036583,1.8353872259427346,18.2493712652995,-4.9525614544609044e-08,23.951329916178288,3.847075041197902e-09,2.8258721158017604e-11,1.293372819056102e-10,9.466324304452613e-10,1.1535404012174831e-07,1.2742645177642473e-11,1.792482296886749e-07,0.0010017985145715223,259937.74212644942
5,blocks.11.attn.k_proj,attention_qkv,dp_kfc,0.001,0.9982047142760124,0.04361091355400106,0.21939651695036583,1.8353872259427346,18.2493712652995,-4.9525614544609044e-08,23.951329916178288,3.158624321118452e-10,7.821859109337316e-13,8.221439922668503e-12,1.0577327502138435e-10,1.4441905993350397e-08,2.4826683633416274e-13,2.1798296652793376e-08,0.0010017985145715223,3165935.224756027
5,blocks.11.attn.v_proj,attention_qkv,dp_kfc,0.001,0.9982047142760124,0.04361091355400106,0.21939651695036583,1.8353872259427346,18.2493712652995,-4.9525614544609044e-08,23.951329916178288,6.842344203959275e-08,4.060686210847711e-12,9.435681355666394e-11,2.4889484248105898e-09,1.703173762938982e-06,7.035654497558138e-13,2.7639228335305535e-06,0.0010017985145715223,14614.874233034885
5,blocks.11.attn.out_proj,attention_out,dp_kfc,0.001,0.009097812118833894,2.687111910506924e-06,6.180834231094229e-05,0.0012661255936982905,0.004687314220296927,6.538982194325427e-07,1.6788366277530031,0.00016642182777104608,5.26907067055267e-08,2.5953573468899284e-07,3.430562444852843e-06,0.0042979969300871,1.2615897269961101e-12,0.006054515984303117,0.1099165367385246,6.008827167646209
5,blocks.11.mlp.fc1,mlp,dp_kfc,0.001,0.9985460444435554,0.04373908754166204,0.21918824373406934,1.8321354925617024,18.19075545751702,-6.165005359749149e-08,23.91141180020493,3.2838208359637724e-06,4.121247385330948e-10,6.269595370699285e-09,1.5265879703001718e-07,0.00015494818395257054,1.3238033348297687e-10,0.0004742526094618873,0.001001456072621323,304.52331291896104
5,blocks.11.mlp.fc2,mlp,dp_kfc,0.001,0.02370546871774451,0.00035619233973033324,0.0010889722660786076,0.0277933423383109,0.36212419781247235,0.000181844183985485,2.6311893022983783,0.00014648690732125638,1.33129575618712e-09,2.232552120920064e-08,2.042035170988415e-06,0.0035251448368401567,-4.7324201834832435e-12,0.005524267558297865,0.0421843588881016,6.8265486539826234
5,head,patch_head,dp_kfc,0.001,0.9988200753695607,0.00026584636860093,0.0036628414427024255,0.23542221687694062,1.10404447262373,-6.876795328823787e-08,178.0665257572738,0.10227346196770669,0.07744202499176965,0.10269823147075177,0.12150192953632716,0.21029932578492497,1.5366819381368347e-09,0.22016570314588024,0.0010011813184972306,0.009777707537814205
6,patch_embed,patch_head,dp_kfc,0.001,0.25097329184044787,0.025453289369515558,0.04976263322542919,0.2600326640300465,4.192280021489064,0.016666568367340463,26.385979432268417,1.7931090631861935e-05,1.4646834606777812e-07,4.151314590187707e-07,3.600987401057119e-06,0.0005523393451120344,2.2406489490527024e-13,0.0007501045171678417,0.003984487722445517,55.769056134437804
6,blocks.0.attn.q_proj,attention_qkv,dp_kfc,0.001,0.9981616510010755,0.11992434848619665,0.34080015033412014,1.609239061724767,19.068389216783057,-3.408867257015287e-08,24.50696168189693,9.090439357928304e-07,9.42144958143924e-09,3.6402420471702344e-08,2.3657092160790566e-07,1.8461785661635618e-05,4.720190799854326e-09,8.567378231588532e-05,0.0010018417347501588,1100.0568406276661
6,blocks.0.attn.k_proj,attention_qkv,dp_kfc,0.001,0.9981616510010755,0.11992434848619665,0.34080015033412014,1.609239061724767,19.068389216783057,-3.408867257015287e-08,24.50696168189693,8.092052428227358e-08,1.233625933001887e-12,4.533049788564741e-12,2.333440809731425e-11,4.317260120232262e-06,5.6518962353679e-13,5.975834962650454e-06,0.0010018417347501588,12357.80426374548
6,blocks.0.attn.v_proj,attention_qkv,dp_kfc,0.001,0.9981616510010755,0.11992434848619665,0.34080015033412014,1.609239061724767,19.068389216783057,-3.408867257015287e-08,24.50696168189693,1.4221043266834005e-05,5.274778615248247e-09,1.0264928861499202e-07,1.8459404742762262e-06,0.000401924799263014,1.286348488787659e-09,0.0006900047576563189,0.0010018417347501588,70.31832905903447
6,blocks.0.attn.out_proj,attention_out,dp_kfc,0.001,0.005857288208609167,5.179673804587362e-06,8.727850696542342e-05,0.0007432886607277025,0.0018571646499770912,1.2437438011823846e-06,1.0830398080586408,0.034497535564393424,5.369929510876912e-05,0.00027708997283778375,0.003551311766396738,1.0665032758881432,-2.4805974573157932e-08,1.5273970416360412,0.17072747052640824,0.0289875779135988
6,blocks.0.mlp.fc1,mlp,dp_kfc,0.001,0.998039985876627,0.11995290139491757,0.3403057898286525,1.6237115818649253,19.06266733576112,-3.576799178240922e-08,24.50678736839022,5.1063524149889496e-05,1.9318239608225555e-08,1.337465206851079e-07,3.0383813365449137e-06,0.0016015611826605389,9.559251959070199e-09,0.008215283467969667,0.0010019638633232228,19.583450548079025
6,blocks.0.mlp.fc2,mlp,dp_kfc,0.001,0.02356658637843377,0.0005056116664949175,0.0013184377571011418,0.03610667891600362,0.3676559550916638,0.00034440795635128123,2.0855425736184077,0.0023167597961825472,3.2710435120048984e-06,1.8012346975585843e-05,0.0002221634081563957,0.06614107677868927,-5.479564874834295e-10,0.09028445384141517,0.04243295927301202,0.43163732452874704
6,blocks.1.attn.q_proj,attention_qkv,dp_kfc,0.001,0.997967997980859,0.1001911974833047,0.3270691443484342,1.6100313568322788,19.130154506756668,-4.4087825960605545e-08,25.102049881373272,5.393580975593393e-08,5.386454013030285e-10,2.2432813055670315e-09,1.3687164112662902e-08,1.2891823736476179e-06,2.817341918091764e-10,3.3393278991953335e-06,0.0010020361394586321,18540.557832080787
6,blocks.1.attn.k_proj,attention_qkv,dp_kfc,0.001,0.997967997980859,0.1001911974833047,0.3270691443484342,1.6100313568322788,19.130154506756668,-4.4087825960605545e-08,25.102049881373272,5.629465889538804e-09,1.1102403734161348e-11,8.565626125712572e-11,6.50011160022942e-10,2.567654898070546e-07,4.721951842608301e-12,4.2358824238992455e-07,0.0010020361394586321,177636.74558509944
6,blocks.1.attn.v_proj,attention_qkv,dp_kfc,0.001,0.997967997980859,0.1001911974833047,0.3270691443484342,1.6100313568322788,19.130154506756668,-4.4087825960605545e-08,25.102049881373272,1.0826505034700062e-06,3.0382160069405136e-10,6.440585788732141e-09,1.1545690193113839e-07,2.6946577750296554e-05,8.295434451417624e-11,4.4867574788621026e-05,0.0010020361394586321,923.6591095601924
6,blocks.1.attn.out_proj,attention_out,dp_kfc,0.001,0.00606208048310611,4.325040081395461e-06,8.048574284133151e-05,0.0007769439733105793,0.0021199454096470973,9.01061896228976e-07,1.1195826463350416,0.0023134605636793517,3.142088166797406e-06,1.7359234390861423e-05,0.00021815450102928073,0.06592739898684183,-5.25548079166174e-10,0.09043613248491594,0.16495986861058903,0.43225288371010295
6,blocks.1.mlp.fc1,mlp,dp_kfc,0.001,0.9974177476655635,0.10044470577091766,0.3268002342198654,1.615819855341601,19.082006428355744,-1.4371902554093584e-08,25.10417022523057,2.6089646350864006e-05,9.330347291744952e-09,6.355178975090272e-08,1.582009668748797e-06,0.00082226479204798,4.644422345567658e-09,0.003883273324525275,0.0010025889376246615,38.32938118637561
6,blocks.1.mlp.fc2,mlp,dp_kfc,0.001,0.02310980820207238,0.0004752548868887721,0.001255153744532398,0.0343643715659523,0.38868300880320555,0.0002950188722037053,1.9419430624209737,0.0011462502681448918,1.3939150374681533e-06,8.461849334676729e-06,0.00010937661312343189,0.03306256257136609,-2.765084407456127e-10,0.040342705279263855,0.04327167024736816,0.8724098286305438
6,blocks.2.attn.q_proj,attention_qkv,dp_kfc,0.001,0.9974846886229639,0.0851044646931516,0.3061744023183933,1.6463675794419772,18.862180583485728,-8.84193838362126e-09,25.37038892241835,2.7644915720030174e-08,2.8802228585051817e-10,1.1521865194394062e-09,7.162090484452612e-09,8.214772073609018e-07,1.538203046043551e-10,1.5420833510247165e-06,0.001002521654122339,36173.016771957395
6,blocks.2.attn.k_proj,attention_qkv,dp_kfc,0.001,0.9974846886229639,0.0851044646931516,0.3061744023183933,1.6463675794419772,18.862180583485728,-8.84193838362126e-09,25.37038892241835,3.2667852642110384e-09,5.484247006105494e-12,4.0207979894208995e-11,3.599909005182829e-10,1.3635029929572255e-07,2.4618691659899265e-12,2.9601973609775133e-07,0.001002521654122339,306111.3354940733
6,blocks.2.attn.v_proj,attention_qkv,dp_kfc,0.001,0.9974846886229639,0.0851044646931516,0.3061744023183933,1.6463675794419772,18.862180583485728,-8.84193838362126e-09,25.37038892241835,5.954766918447874e-07,1.5038905996878713e-10,3.113725965647923e-09,5.671549920254768e-08,1.6125956650572753e-05,3.6742382175882553e-11,2.4107253331573057e-05,0.001002521654122339,1679.326854762357
6,blocks.2.attn.out_proj,attention_out,dp_kfc,0.001,0.0063768537771475495,3.7711086608326985e-06,7.602183420403932e-05,0.0008471166750125932,0.002467376584315291,9.139725489485837e-07,1.1769298695722978,0.0011454509264391768,1.3659399195546638e-06,8.356906839621263e-06,0.00010766883706692063,0.03304132869009933,-2.6825244622233923e-10,0.04029566916648737,0.15681714446450945,0.8730186312814509
6,blocks.2.mlp.fc1,mlp,dp_kfc,0.001,0.9976689262711322,0.08569178813761784,0.30624084474511887,1.6434056934749541,18.849695186816735,-1.5501323188952855e-08,25.31255655310574,1.817874866426779e-05,5.6072142496651166e-09,3.8414020281075015e-08,1.0568228873714933e-06,0.0006649087640402451,2.9714061755777615e-09,0.0027134125236142996,0.001002336520330026,55.009286858429554
6,blocks.2.mlp.fc2,mlp,dp_kfc,0.001,0.023546367458592232,0.00046464778534998594,0.0012645559219688857,0.03448853881958533,0.36559896640563583,0.00031962592775720307,2.15233822956678,0.0007721965534225698,8.983501764661426e-07,5.62205437182885e-06,6.308168962373133e-05,0.02087014160061526,-1.381697507443414e-10,0.028028603593939393,0.04246939583180136,1.295007075035168
6,blocks.3.attn.q_proj,attention_qkv,dp_kfc,0.001,0.998115524572412,0.0755549339037078,0.2952924233530121,1.7353535838215093,18.301616628230022,-2.1682232698031388e-08,25.719728871170506,2.579001034489862e-08,2.0175032131936053e-10,8.366217538601098e-10,5.50672894840585e-09,7.534087945964687e-07,1.0248236895646553e-10,1.351215642889309e-06,0.0010018880333800993,38774.70332995832
6,blocks.3.attn.k_proj,attention_qkv,dp_kfc,0.001,0.998115524572412,0.0755549339037078,0.2952924233530121,1.7353535838215093,18.301616628230022,-2.1682232698031388e-08,25.719728871170506,1.9257584057139412e-09,3.927298024597786e-12,3.189300385607789e-11,2.8555133643960566e-10,1.0876893184178436e-07,1.6857995355650687e-12,1.251262940645714e-07,0.0010018880333800993,519275.9367077863
6,blocks.3.attn.v_proj,attention_qkv,dp_kfc,0.001,0.998115524572412,0.0755549339037078,0.2952924233530121,1.7353535838215093,18.301616628230022,-2.1682232698031388e-08,25.719728871170506,3.956624386643644e-07,7.76208996068801e-11,1.831119182158944e-09,3.5465465180455896e-08,1.020411459528949e-05,1.960779507878673e-11,1.4444896162034864e-05,0.0010018880333800993,2527.4069567374013
6,blocks.3.attn.out_proj,attention_out,dp_kfc,0.001,0.00670717486618883,3.7925231499869786e-06,7.676882052634791e-05,0.0009134942125011953,0.002909934119607381,9.16869991435393e-07,1.2376956877520826,0.0007717830111838945,8.699610408733052e-07,5.3209020174233295e-06,6.0553029430210325e-05,0.02087088572941537,-1.749254594185651e-10,0.02802117298577815,0.149094070148826,1.2957009748971111
6,blocks.3.mlp.fc1,mlp,dp_kfc,0.001,0.9975052063638065,0.07560454686081033,0.2963753721645035,1.7319069515699923,18.31336367607129,-4.050038225465501e-09,25.638995647474324,1.3090221440202146e-05,3.756799049828806e-09,2.6865358049272493e-08,7.667768836342496e-07,0.0004860659472641341,1.9209605531301566e-09,0.0018672505298493048,0.0010025010331978996,76.39290172195571
6,blocks.3.mlp.fc2,mlp,dp_kfc,0.001,0.02355864952634463,0.00044797294534088867,0.0012422051175085714,0.03278164682810249,0.35357155155932446,0.00029563767177209337,2.1320073179520613,0.0005619226620107535,6.736058961970815e-07,3.9651610324829975e-06,3.952553467442247e-05,0.015775043165533863,-9.340741855153344e-11,0.018591668698275648,0.04244725483443959,1.7796043256587204
6,blocks.4.attn.q_proj,attention_qkv,dp_kfc,0.001,0.9986112245932762,0.06750155075809622,0.2785509384919852,1.7492337934900473,18.746732217076413,-4.484565857416858e-08,25.046928113672784,1.5798917473464992e-08,1.1810777324970106e-10,5.15364599608271e-10,3.784833989014113e-09,4.278459500461528e-07,5.665613663340349e-11,9.621815286487269e-07,0.0010013907067861062,63295.4758881136
6,blocks.4.attn.k_proj,attention_qkv,dp_kfc,0.001,0.9986112245932762,0.06750155075809622,0.2785509384919852,1.7492337934900473,18.746732217076413,-4.484565857416858e-08,25.046928113672784,1.244808220242684e-09,2.741505270359165e-12,2.0752646542666027e-11,1.9786124404736979e-10,6.106714476198739e-08,1.1464050095942622e-12,9.45668498678248e-08,0.0010013907067861062,803336.5973475361
6,blocks.4.attn.v_proj,attention_qkv,dp_kfc,0.001,0.9986112245932762,0.06750155075809622,0.2785509384919852,1.7492337934900473,18.746732217076413,-4.484565857416858e-08,25.046928113672784,2.7657880093586346e-07,5.6211555230486024e-11,1.3593392984134644e-09,1.9679103782675827e-08,7.367502320831299e-06,1.2830965426820479e-11,9.761806740730982e-06,0.0010013907067861062,3615.606100743392
6,blocks.4.attn.out_proj,attention_out,dp_kfc,0.001,0.007202596345149135,3.610196986886237e-06,7.470462315573961e-05,0.000949769035137998,0.003059556436657656,8.862682485101593e-07,1.3286755845904044,0.0005614296051514126,6.531914739651968e-07,3.905283031159935e-06,3.864078055105418e-05,0.015788485221594605,-1.4861687975742903e-10,0.018578265749563668,0.13883882312431522,1.7811672039102906
6,blocks.4.mlp.fc1,mlp,dp_kfc,0.001,0.9980255668027413,0.06751049540210191,0.27806052832077593,1.7420699395815356,18.673753164469534,1.0499917036026587e-08,25.003739291446273,9.861283536282312e-06,2.749885950633529e-09,2.0479072022378108e-08,5.857755793113901e-07,0.00040238174439431203,1.395044234080171e-09,0.001265525014913729,0.0010019783392960402,101.4066775710009
6,blocks.4.mlp.fc2,mlp,dp_kfc,0.001,0.023328275351951044,0.00042238329524062304,0.0011949896797391847,0.0319929156501092,0.35592379215234554,0.00029011337810045,2.2340263366580895,0.00044762755157989886,5.444495724253625e-07,3.0731848719872833e-06,2.775944560305461e-05,0.011966729204011657,-1.3632214400412267e-10,0.015141307474698022,0.04286643504130132,2.234000111187316
6,blocks.5.attn.q_proj,attention_qkv,dp_kfc,0.001,0.9983094212613576,0.06190041117089435,0.2681900717434413,1.769156616721989,18.435950978489604,-1.9769024583150716e-08,23.939628843724353,1.0853323026184986e-08,9.248724569171199e-11,4.110112346827988e-10,2.9782760151527545e-09,2.1367678004030544e-07,4.3633115669270545e-11,9.598279108854801e-07,0.0010016934416350659,92137.67963851958
6,blocks.5.attn.k_proj,attention_qkv,dp_kfc,0.001,0.9983094212613576,0.06190041117089435,0.2681900717434413,1.769156616721989,18.435950978489604,-1.9769024583150716e-08,23.939628843724353,1.05961604388808e-09,1.9536088134059145e-12,1.606840167439652e-11,1.7641142713998814e-10,4.533287079379066e-08,8.088627040065286e-13,9.263720905473532e-08,0.0010016934416350659,943738.069811279
6,blocks.5.attn.v_proj,attention_qkv,dp_kfc,0.001,0.9983094212613576,0.06190041117089435,0.2681900717434413,1.769156616721989,18.435950978489604,-1.9769024583150716e-08,23.939628843724353,2.2348138154863287e-07,4.8644883250183084e-11,1.0703643906069679e-09,1.660887485378624e-08,6.249618133676855e-06,1.20853985408115e-11,8.14812360276011e-06,0.0010016934416350659,4474.645686680548
6,blocks.5.attn.out_proj,attention_out,dp_kfc,0.001,0.008118787842381679,3.6039060300685775e-06,6.799122967538721e-05,0.0010859768854729892,0.0034796610093331642,8.993647217557465e-07,1.5023110628226948,0.00044730566859622434,5.274385107568449e-07,2.99776263439304e-06,2.68058553481872e-05,0.011959686919576301,-1.2676470654090506e-10,0.015149686594139282,0.1231710964018301,2.235607706779777
6,blocks.5.mlp.fc1,mlp,dp_kfc,0.001,0.9981852220130091,0.06198009318473649,0.26755571269105843,1.7667793068422153,18.37663807011044,-4.0952769859949973e-08,23.950790469784877,8.195916747342583e-06,2.208305285575908e-09,1.764750027838577e-08,4.811111833157144e-07,0.0003231674729898632,1.0683330115763808e-09,0.0011568630262015214,0.0010018180773938238,122.01197630810937
6,blocks.5.mlp.fc2,mlp,dp_kfc,0.001,0.02312338595630986,0.0004129008304396241,0.0011688363058703986,0.031078530527977304,0.35146831831829406,0.00027125340192575385,2.2715978432822794,0.00037432158304303204,4.2378233821125596e-07,2.336307134226807e-06,1.9502725751166264e-05,0.010432698336707505,-8.487807483114813e-11,0.013000163443787653,0.04324626168025025,2.671499708540824
6,blocks.6.attn.q_proj,attention_qkv,dp_kfc,0.001,0.9982383198688686,0.05683242835523661,0.2615404573928399,1.743050160542085,18.33456427515591,-5.737877758346241e-08,23.63533551766866,1.2120212694010275e-08,8.063576954669006e-11,3.827380998917082e-10,2.5860507803228274e-09,2.629931472639669e-07,3.614194285431769e-11,1.1316762533411637e-06,0.0010017647891250687,82506.80291231135
6,blocks.6.attn.k_proj,attention_qkv,dp_kfc,0.001,0.9982383198688686,0.05683242835523661,0.2615404573928399,1.743050160542085,18.33456427515591,-5.737877758346241e-08,23.63533551766866,1.0002460943751902e-09,1.9395460315099654e-12,1.7397952083480347e-11,1.87489178318793e-10,4.2706612706144444e-08,8.551439028482009e-13,8.100818642666719e-08,0.0010017647891250687,999753.9661723509
6,blocks.6.attn.v_proj,attention_qkv,dp_kfc,0.001,0.9982383198688686,0.05683242835523661,0.2615404573928399,1.743050160542085,18.33456427515591,-5.737877758346241e-08,23.63533551766866,1.792180130966159e-07,3.702384562027317e-11,8.341706595800438e-10,1.1258091919722974e-08,4.717195732047891e-06,8.730372281191393e-12,6.956850917900615e-06,0.0010017647891250687,5579.796264457541
6,blocks.6.attn.out_proj,attention_out,dp_kfc,0.001,0.007957313045026334,3.3122897640554076e-06,7.23714319562767e-05,0.0011126275938905805,0.003364239847262003,7.746624058797796e-07,1.4676388572492267,0.0003740284310727778,4.190171056979372e-07,2.2766529014951067e-06,1.8295075649594557e-05,0.010442306570882388,-1.3256881708098499e-10,0.012960501230104433,0.1256705617011063,2.673593547773436
6,blocks.6.mlp.fc1,mlp,dp_kfc,0.001,0.9971766332888233,0.0569503245246533,0.26211592848153936,1.7360639944867235,18.270012064866847,-6.146521808779036e-09,23.539401556967388,7.225352188795081e-06,1.8247345007723656e-09,1.5518174074714255e-08,4.1230575619887214e-07,0.0002925192326950514,8.561535787767962e-10,0.0010509984357818351,0.0010028313606806698,138.40155799613177
6,blocks.6.mlp.fc2,mlp,dp_kfc,0.001,0.023760067464926697,0.00041040563182642156,0.0011897437290086376,0.030889083028570363,0.3695084940453383,0.0002696172403741033,2.297816414188106,0.00031892613912987144,3.239260284680832e-07,1.7277928072951817e-06,1.4647887154182133e-05,0.008512800397147108,-7.948231885778869e-11,0.011080795834245835,0.04208742258312797,3.135522233230263
6,blocks.7.attn.q_proj,attention_qkv,dp_kfc,0.001,0.99800579890686,0.05375577330442936,0.24962045793529464,1.780376228165766,18.179831955355198,-6.57228030283652e-09,23.885080584000733,7.321269934630151e-09,5.3619160818381095e-11,2.481993917284827e-10,1.6667179588044523e-09,2.3393066646980686e-07,2.2131342578355147e-11,4.449765938515978e-07,0.0010019981858776013,136588.32537643853
6,blocks.7.attn.k_proj,attention_qkv,dp_kfc,0.001,0.99800579890686,0.05375577330442936,0.24962045793529464,1.780376228165766,18.179831955355198,-6.57228030283652e-09,23.885080584000733,6.298962951350091e-10,1.6191344522708872e-12,1.4102622321896301e-11,1.5899881152209687e-10,3.2565604476870974e-08,4.857151520936613e-13,4.273805950487497e-08,0.0010019981858776013,1587562.9174571738
6,blocks.7.attn.v_proj,attention_qkv,dp_kfc,0.001,0.99800579890686,0.05375577330442936,0.24962045793529464,1.780376228165766,18.179831955355198,-6.57228030283652e-09,23.885080584000733,1.4841322038920227e-07,2.707622681138898e-11,6.128426786404965e-10,9.135804425617552e-09,4.043057931240647e-06,6.293739080496485e-12,5.9985720750912696e-06,0.0010019981858776013,6737.9442166781155
6,blocks.7.attn.out_proj,attention_out,dp_kfc,0.001,0.008393503545778634,3.120399670752156e-06,6.859403279490465e-05,0.0011187780095299128,0.003798215541969609,7.615746245450511e-07,1.551062481215195,0.00031889256748248346,3.127167386066254e-07,1.6642916090321168e-06,1.414238106873806e-05,0.008508990276574428,-1.3522442742527558e-10,0.01109623722308206,0.11913976023789644,3.135852327617919
6,blocks.7.mlp.fc1,mlp,dp_kfc,0.001,0.9979107112773342,0.053758644946989585,0.24880465933877832,1.7686553639505531,18.17153455591488,-2.0681618529717058e-08,23.88204655533999,5.992713144461111e-06,1.4575277758213415e-09,1.3611010335080614e-08,3.462017268636167e-07,0.00022706071645368586,6.847639905893113e-10,0.0009058114669471553,0.001002093662989138,166.8693254447313
6,blocks.7.mlp.fc2,mlp,dp_kfc,0.001,0.023096338559973922,0.0003975124721159393,0.0011356361028963392,0.029667458748609578,0.37327386416424563,0.0002645217138845277,2.3259603016318318,0.0002583577958716887,2.347713858965038e-07,1.1979232245344047e-06,1.0418223884301417e-05,0.006782169284220699,-6.565204660905516e-11,0.009446015356678328,0.043296906018385324,3.8706012203968556
6,blocks.8.attn.q_proj,attention_qkv,dp_kfc,0.001,0.9971809553976504,0.04895112160578363,0.2383595279381183,1.814692087396857,18.362997656695917,-2.454675030260932e-08,23.39418038663598,6.009673262791689e-09,4.6606374172385404e-11,2.0994122883903146e-10,1.5695680535963755e-09,1.585981876818596e-07,2.2296365432832074e-11,3.76370113215353e-07,0.0010028270140811358,166398.3974289257
6,blocks.8.attn.k_proj,attention_qkv,dp_kfc,0.001,0.9971809553976504,0.04895112160578363,0.2383595279381183,1.814692087396857,18.362997656695917,-2.454675030260932e-08,23.39418038663598,5.437639590805873e-10,1.2982501765305416e-12,1.1752942379006618e-11,1.4395505326859391e-10,2.6912589339272905e-08,5.267107662877439e-13,3.9457101583699916e-08,0.0010028270140811358,1839033.2483433264
6,blocks.8.attn.v_proj,attention_qkv,dp_kfc,0.001,0.9971809553976504,0.04895112160578363,0.2383595279381183,1.814692087396857,18.362997656695917,-2.454675030260932e-08,23.39418038663598,1.1229853137210513e-07,2.064054634613857e-11,4.106082581137447e-10,6.787752207579636e-09,2.9318431367994236e-06,4.831986970344609e-12,4.26412826731484e-06,0.0010028270140811358,8904.835956282142
6,blocks.8.attn.out_proj,attention_out,dp_kfc,0.001,0.008108756949050217,2.8965061411448904e-06,6.498749259168858e-05,0.0012459063816824664,0.004403764278896447,6.748114043460025e-07,1.491325032851586,0.00025804557337020617,2.2598438569465343e-07,1.174773663640248e-06,1.012155311024414e-05,0.006779592835694968,-1.200967120922141e-10,0.00942763282572406,0.12332346453140769,3.8752844582431405
6,blocks.8.mlp.fc1,mlp,dp_kfc,0.001,0.9983568917284358,0.04922797460769143,0.2380789033743578,1.807056847979678,18.333490786330465,-3.350597222315513e-08,23.36433958212152,5.077768845669165e-06,1.1025519344664949e-09,1.1037344559161725e-08,2.733844733451771e-07,0.00019256620601122894,4.866669095777348e-10,0.000756937026212175,0.0010016458125197288,196.9368890931105
6,blocks.8.mlp.fc2,mlp,dp_kfc,0.001,0.0234800727241061,0.0003921556342882559,0.001156488113526955,0.02878254016137029,0.38959419220296376,0.00023696666418182485,2.383657662435652,0.00022026079451128072,1.6445714813057956e-07,8.170329849568848e-07,6.867523274299937e-06,0.005780582075009576,-7.450540998654574e-11,0.008065397453820742,0.04258930590846671,4.540072609012516
6,blocks.9.attn.q_proj,attention_qkv,dp_kfc,0.001,0.9981897729666123,0.047820642251050614,0.22882249318120104,1.8232550681310031,18.467022383481186,7.051216622543579e-09,24.333046009927717,5.251725366505385e-09,3.989261401859827e-11,1.894346539247514e-10,1.3351680923312506e-09,1.5970378649293297e-07,1.7850935726218015e-11,2.689198734782725e-07,0.0010018135098980305,190413.6127105638
6,blocks.9.attn.k_proj,attention_qkv,dp_kfc,0.001,0.9981897729666123,0.047820642251050614,0.22882249318120104,1.8232550681310031,18.467022383481186,7.051216622543579e-09,24.333046009927717,4.851358048286203e-10,1.0986874885045345e-12,1.1058897105793006e-11,1.1046095661414223e-10,2.5476291518535315e-08,3.8877262869062016e-13,3.4280787327844595e-08,0.0010018135098980305,2061278.4916035237
6,blocks.9.attn.v_proj,attention_qkv,dp_kfc,0.001,0.9981897729666123,0.047820642251050614,0.22882249318120104,1.8232550681310031,18.467022383481186,7.051216622543579e-09,24.333046009927717,9.236622180071781e-08,1.2914832059518635e-11,2.75979096511718e-10,4.370329393608375e-09,2.401771634578781e-06,2.1152452780279088e-12,3.2390047224126937e-06,0.0010018135098980305,10826.468599717355
6,blocks.9.attn.out_proj,attention_out,dp_kfc,0.001,0.00849765111946192,2.932699359126074e-06,6.324392120330964e-05,0.0012789508629217601,0.004335943765913999,6.936729398268812e-07,1.5644066669887249,0.000220358279705124,1.626592919295594e-07,7.920254791149809e-07,6.726859976074788e-06,0.005788692992780778,-9.41113627405591e-11,0.00806775607377092,0.11767957826719075,4.538064107861825
6,blocks.9.mlp.fc1,mlp,dp_kfc,0.001,0.9978706950968411,0.04797160615321165,0.23013362307682542,1.8202664411669613,18.425455048583675,-3.481618630717103e-08,24.327603290201086,4.125966196840783e-06,8.097949063363917e-10,8.977365810264432e-09,2.1855675299805364e-07,0.00018109588717958326,3.1819606522565755e-10,0.0005394423116354332,0.0010021338485172694,242.36747280326517
6,blocks.9.mlp.fc2,mlp,dp_kfc,0.001,0.022545594676011405,0.0003676558917189764,0.0010827747667345254,0.0273908868653863,0.35863976330455316,0.00024596056595386123,2.358712994249866,0.00018994999709320837,1.1112692557645104e-07,5.149425771362344e-07,4.771021183067495e-06,0.005020967600250954,-7.939455726693559e-11,0.006600899966528194,0.04435456302529929,5.264543381431591
6,blocks.10.attn.q_proj,attention_qkv,dp_kfc,0.001,0.997644308626343,0.04459728752283186,0.22377700472915654,1.8266596762956742,18.119713650787826,-1.3220078795501915e-08,24.52568563740728,3.432081899350699e-09,3.095300918446354e-11,1.4825761723807494e-10,1.135900363931945e-09,8.592435403911659e-08,1.1841681823285221e-11,1.6063675069618348e-07,0.0010023612537587675,291368.33832234185
6,blocks.10.attn.k_proj,attention_qkv,dp_kfc,0.001,0.997644308626343,0.04459728752283186,0.22377700472915654,1.8266596762956742,18.119713650787826,-1.3220078795501915e-08,24.52568563740728,4.236601100681437e-10,8.678355927284795e-13,8.920663278861973e-12,1.0917812286672682e-10,1.669249097899733e-08,2.9693069184788357e-13,3.617931157108888e-08,0.0010023612537587675,2360382.713017647
6,blocks.10.attn.v_proj,attention_qkv,dp_kfc,0.001,0.997644308626343,0.04459728752283186,0.22377700472915654,1.8266596762956742,18.119713650787826,-1.3220078795501915e-08,24.52568563740728,7.974657727690311e-08,9.439036014757309e-12,1.786753797758556e-10,3.9495424063867925e-09,2.1862024258206315e-06,2.4490448168138594e-12,2.8295031934112385e-06,0.0010023612537587675,12539.723134796264
6,blocks.10.attn.out_proj,attention_out,dp_kfc,0.001,0.008860317380963753,2.8450475454996426e-06,6.337163324356879e-05,0.0013672589589949467,0.004626698189997832,6.748595190876389e-07,1.6293091461878035,0.00018990467171420278,1.0822773456234828e-07,4.955919348590516e-07,4.683828015503046e-06,0.005022573067952346,-8.531264815670548e-11,0.006598224421043322,0.11286277421037802,5.265799893037655
6,blocks.10.mlp.fc1,mlp,dp_kfc,0.001,0.9979471879301911,0.044840457449509874,0.22360826106546608,1.8224105996338034,18.09208363557248,-3.257973270046781e-08,24.478049495401812,3.772569307714084e-06,6.040506797030652e-10,7.830511019879698e-09,1.8387402680746686e-07,0.0001894937237354474,2.0714907715373597e-10,0.0005318077686315346,0.0010020570347756244,265.0713395656423
6,blocks.10.mlp.fc2,mlp,dp_kfc,0.001,0.023377425756707537,0.0003658899842709608,0.001102449307866736,0.027345000993797542,0.35865786572089914,0.00023014804694256055,2.5024746386284225,0.00015832492332871576,5.525604602890053e-08,2.690825781766013e-07,3.1213215718426793e-06,0.004037311920077407,-7.3971884721372e-11,0.00542181260088103,0.042776309522149863,6.3161249598320675
6,blocks.11.attn.q_proj,attention_qkv,dp_kfc,0.001,0.9980402848263479,0.044037270585343645,0.21902196533594515,1.8563393999141706,18.212503942005426,-5.203142245823591e-08,23.69769130562833,3.5855342663387393e-09,2.676040302900584e-11,1.2390247717549082e-10,8.594299689762179e-10,1.0527836213446268e-07,1.3116427913707086e-11,1.6525978507092228e-07,0.001001963563198246,278898.464139103
6,blocks.11.attn.k_proj,attention_qkv,dp_kfc,0.001,0.9980402848263479,0.044037270585343645,0.21902196533594515,1.8563393999141706,18.212503942005426,-5.203142245823591e-08,23.69769130562833,3.0777345726419196e-10,7.902887797229875e-13,8.262096466099322e-12,1.045812763411488e-10,1.3892808198972656e-08,2.339719734408188e-13,2.0527564806816147e-08,0.001001963563198246,3249143.083646757
6,blocks.11.attn.v_proj,attention_qkv,dp_kfc,0.001,0.9980402848263479,0.044037270585343645,0.21902196533594515,1.8563393999141706,18.212503942005426,-5.203142245823591e-08,23.69769130562833,6.513293134465432e-08,3.9558839090642005e-12,9.089441648286914e-11,2.3722565498805725e-09,1.6567245037470812e-06,7.222303170795751e-13,2.569650133779799e-06,0.001001963563198246,15353.216558125529
6,blocks.11.attn.out_proj,attention_out,dp_kfc,0.001,0.009147400003128053,2.7237788538349453e-06,6.140208907083664e-05,0.0013045580474910475,0.004962888216054873,6.166808588329174e-07,1.686882020911159,0.00015822887926712306,5.002080072939883e-08,2.4276897983309634e-07,3.0657907451996416e-06,0.004033109586564689,2.2375774575695003e-12,0.005418235121252167,0.10932068124910238,6.319958813029278
6,blocks.11.mlp.fc1,mlp,dp_kfc,0.001,0.998389209490366,0.044094939373648806,0.21835403283459093,1.8544201249425682,18.16908009687091,-3.057442871972214e-08,23.658993117923888,3.138289423342683e-06,3.990324784484077e-10,6.087342171728544e-09,1.551275089187841e-07,0.0001601326330044491,1.3003541793530796e-10,0.00042560788604867995,0.0010016133893418742,318.6449256598109
6,blocks.11.mlp.fc2,mlp,dp_kfc,0.001,0.023756694099508584,0.00036019718436337096,0.0011025616344931919,0.028104004440456996,0.3676994829089583,0.0001890835140251621,2.6139882810576904,0.000139491250630878,1.2457180269641088e-09,1.9968379352878253e-08,1.8301972719642716e-06,0.0033573574615314013,5.997067253614614e-12,0.0049997879761338225,0.04209339884629341,7.168908411655164
6,head,patch_head,dp_kfc,0.001,0.9979053498318159,0.000286847019138484,0.0038911908211665233,0.24084280632365523,1.1901868405297338,-3.642728575760158e-09,177.59424619734187,0.10078992396593095,0.08074661223626894,0.0989877220649116,0.12098176354721728,0.2000866400984018,8.381900102101042e-10,0.20887607082631116,0.0010020990469372041,0.009921626692942246
7,patch_embed,patch_head,dp_kfc,0.001,0.25097329461140505,0.02541372186689779,0.04981715436194297,0.25956937564614596,4.195849990154918,0.016647014680086353,26.28799503432289,1.9948164601638986e-05,1.6453783912843803e-07,4.670444593400932e-07,4.139139893517368e-06,0.0005467443438566564,-6.269703694058948e-13,0.000850339729034148,0.003984487678453406,50.12992523221098
7,blocks.0.attn.q_proj,attention_qkv,dp_kfc,0.001,0.998004147117002,0.1210875714445605,0.3444377482827855,1.6145945939188806,18.95554007571107,-4.863903361941595e-08,24.425066879323428,9.304195219457985e-07,1.0112470764928691e-08,3.911158997022259e-08,2.463421943940642e-07,1.9215010172303583e-05,4.887628593740382e-09,8.17714294118822e-05,0.0010019998442779656,1074.7839833677253
7,blocks.0.attn.k_proj,attention_qkv,dp_kfc,0.001,0.998004147117002,0.1210875714445605,0.3444377482827855,1.6145945939188806,18.95554007571107,-4.863903361941595e-08,24.425066879323428,8.517984255771273e-08,1.4378040324311276e-12,5.226289145681228e-12,2.662692152493993e-11,4.4590028404097676e-06,7.085802027564623e-13,6.531630325818768e-06,0.0010019998442779656,11739.866733405386
7,blocks.0.attn.v_proj,attention_qkv,dp_kfc,0.001,0.998004147117002,0.1210875714445605,0.3444377482827855,1.6145945939188806,18.95554007571107,-4.863903361941595e-08,24.425066879323428,1.5386197272704294e-05,6.1401198094993596e-09,1.1445496852875115e-07,2.3059798674824373e-06,0.0004121149450610599,1.3457463261675583e-09,0.0007348811635648093,0.0010019998442779656,64.99331720996705
7,blocks.0.attn.out_proj,attention_out,dp_kfc,0.001,0.0058690071793742376,5.325755147313581e-06,8.697189809087111e-05,0.0007198747700008666,0.0018819544708517737,1.2293160343908654e-06,1.0849446231517774,0.03698108966394405,5.812208921740177e-05,0.00030673165791270216,0.004483311797268377,1.081385688104579,-2.5087574651134406e-08,1.5547631138423363,0.17038656955717366,0.02704084733811896
7,blocks.0.mlp.fc1,mlp,dp_kfc,0.001,0.9977486167547,0.12120374949815259,0.34529002240609535,1.6336796218244793,18.95044703681772,-1.4186810449466654e-08,24.415379039832974,5.6782669504022255e-05,2.1976008117307886e-08,1.49872861530658e-07,3.5503677233823005e-06,0.0017770899429254783,1.1199921107646756e-08,0.00845994915117418,0.0010022564634092131,17.61100717410202
7,blocks.0.mlp.fc2,mlp,dp_kfc,0.001,0.023631436752714945,0.0005083120620205534,0.0013292318271664713,0.036517229309768334,0.3719617922925082,0.0003505303349752538,2.097928439233779,0.002579434652337416,3.927899412119084e-06,2.108639256713731e-05,0.00027566843696570284,0.07768180971285871,-7.936954025781694e-10,0.09213613610551308,0.04231651297651689,0.38768185078611167
7,blocks.1.attn.q_proj,attention_qkv,dp_kfc,0.001,0.9976360773175492,0.1006614309383515,0.32604199801568573,1.638050152315533,18.951734757326815,-1.4253660489080265e-08,24.995140059663193,6.370386767864018e-08,6.311336277526696e-10,2.6526639743842867e-09,1.6747795821430774e-08,1.6121613346678238e-06,3.5338415350770266e-10,4.153513690839183e-06,0.0010023695240541088,15697.634012499662
7,blocks.1.attn.k_proj,attention_qkv,dp_kfc,0.001,0.9976360773175492,0.1006614309383515,0.32604199801568573,1.638050152315533,18.951734757326815,-1.4253660489080265e-08,24.995140059663193,6.568910633396434e-09,1.2632427235078721e-11,1.0076303724705058e-10,7.893698414759682e-10,2.953497598536849e-07,5.178753152205083e-12,5.235528031235359e-07,0.0010023695240541088,152232.24303219866
7,blocks.1.attn.v_proj,attention_qkv,dp_kfc,0.001,0.9976360773175492,0.1006614309383515,0.32604199801568573,1.638050152315533,18.951734757326815,-1.4253660489080265e-08,24.995140059663193,1.2251597806637684e-06,3.830501988055836e-10,7.829179333206629e-09,1.4755913649090112e-07,3.238111063540426e-05,1.005525011235811e-10,4.964516934501079e-05,0.0010023695240541088,816.2200684209687
7,blocks.1.attn.out_proj,attention_out,dp_kfc,0.001,0.006073838396002708,4.443126269700018e-06,8.295535521443864e-05,0.0008020470424912128,0.002190765920039375,9.09797286653337e-07,1.121632551802806,0.0025758172838929263,3.809343517325274e-06,2.059858993520039e-05,0.00027398869931999706,0.07741075614272455,-7.191815259664997e-10,0.0923184591184729,0.16464053450255053,0.38822629471942344
7,blocks.1.mlp.fc1,mlp,dp_kfc,0.001,0.9967497624263862,0.1009420424370605,0.32518123207645677,1.6424291450505402,18.893242745401476,-5.778242252278455e-09,24.98096650812392,2.8823221562349066e-05,1.085274076575634e-08,7.288870820910185e-08,1.8669278841112972e-06,0.000950340292031417,5.299107712009379e-09,0.004170685118847079,0.0010032608360655154,34.69424810258791
7,blocks.1.mlp.fc2,mlp,dp_kfc,0.001,0.02317342436684705,0.0004782851697834894,0.0012615863681713696,0.03454204697283615,0.39126485603066824,0.00029257137594632354,1.945952757097945,0.0012772187749305886,1.6707696620301415e-06,1.0185818660845223e-05,0.00012474718110960393,0.039565058662332515,-2.256953552654821e-10,0.04308384363623076,0.04315287996152374,0.7829512215355163
7,blocks.2.attn.q_proj,attention_qkv,dp_kfc,0.001,0.9969930769248331,0.08499285813341471,0.30558679320899934,1.6522022465479362,18.637889754616793,3.932816579422554e-10,25.329154840709695,3.0275850178747746e-08,3.177649678131281e-10,1.2955838386813537e-09,7.900350310876982e-09,9.910063084584152e-07,1.597629986694217e-10,1.5267907850207426e-06,0.0010030159919308984,33029.62572796565
7,blocks.2.attn.k_proj,attention_qkv,dp_kfc,0.001,0.9969930769248331,0.08499285813341471,0.30558679320899934,1.6522022465479362,18.637889754616793,3.932816579422554e-10,25.329154840709695,3.686611292319566e-09,6.205055645200287e-12,4.733447532821452e-11,4.1704559868032093e-10,1.4416727496953907e-07,2.5830516491931896e-12,3.494262693655126e-07,0.0010030159919308984,271251.81384957285
7,blocks.2.attn.v_proj,attention_qkv,dp_kfc,0.001,0.9969930769248331,0.08499285813341471,0.30558679320899934,1.6522022465479362,18.637889754616793,3.932816579422554e-10,25.329154840709695,6.67231665585355e-07,1.8626085056876347e-10,3.78390087211154e-09,7.118418499646302e-08,1.7677992789291444e-05,5.0493938596289355e-11,2.4172369448176518e-05,0.0010030159919308984,1498.7298289008977
7,blocks.2.attn.out_proj,attention_out,dp_kfc,0.001,0.0064145976450889,4.047830675579685e-06,7.663963223257926e-05,0.0008359858418157096,0.002461561075735883,8.852140456791344e-07,1.1843503536993916,0.0012764019501598036,1.6564789506625558e-06,9.780930749444594e-06,0.00012039005874286485,0.03954387205585392,-2.7940560598965417e-10,0.04304353787259529,0.15589442320916466,0.7834522658593569
7,blocks.2.mlp.fc1,mlp,dp_kfc,0.001,0.9970494820663967,0.08532952046731858,0.30414604064986245,1.6491436058245,18.618567079447548,2.4133572937566766e-08,25.26821564972796,2.0362594670891854e-05,6.494726128723052e-09,4.4801485813445316e-08,1.2557748523814197e-06,0.0007877379222008149,3.4746163208598264e-09,0.0030095835914782996,0.0010029592492515902,49.10965503966403
7,blocks.2.mlp.fc2,mlp,dp_kfc,0.001,0.023620892821124458,0.00047008254778916985,0.001276639124026057,0.034174998790528106,0.3719560582627618,0.00032354211159710185,2.183103732535435,0.0008519725943945862,1.066416345030258e-06,6.610738065655863e-06,7.642245548548792e-05,0.022986892471698113,-1.4853182136953158e-10,0.03110102410841694,0.04233540228867588,1.173746675162248
7,blocks.3.attn.q_proj,attention_qkv,dp_kfc,0.001,0.9976494151693552,0.07565168188030247,0.29411561527428426,1.7446242698917878,18.11146901739171,-5.31891065217031e-08,25.62920710897722,2.8949763122611733e-08,2.1955761812824476e-10,9.283744179299702e-10,6.227475465614255e-09,8.389183380083045e-07,1.1162272904985578e-10,1.5217683193135836e-06,0.0010023561230978577,34542.59697271692
7,blocks.3.attn.k_proj,attention_qkv,dp_kfc,0.001,0.9976494151693552,0.07565168188030247,0.29411561527428426,1.7446242698917878,18.11146901739171,-5.31891065217031e-08,25.62920710897722,2.20601169478631e-09,4.4726992755002424e-12,3.6719332778383205e-11,3.513767813372547e-10,1.2517518642844686e-07,2.0904743759099025e-12,1.4543740968026053e-07,0.0010023561230978577,453306.75370552245
7,blocks.3.attn.v_proj,attention_qkv,dp_kfc,0.001,0.9976494151693552,0.07565168188030247,0.29411561527428426,1.7446242698917878,18.11146901739171,-5.31891065217031e-08,25.62920710897722,4.4134403006286976e-07,9.531939132845368e-11,2.294117983719714e-09,3.878516631688046e-08,1.1100579546188162e-05,2.19640965333324e-11,1.5913363678733326e-05,0.0010023561230978577,2265.806110162064
7,blocks.3.attn.out_proj,attention_out,dp_kfc,0.001,0.006755781357557817,3.910126225606039e-06,7.457552153018064e-05,0.0009029936544501644,0.00295329737154173,9.256516276485127e-07,1.2467920174270672,0.000851543386488629,1.0287062720084342e-06,6.270058171180872e-06,7.49916494906886e-05,0.02305151577772569,-2.021866366349087e-10,0.031073961787894594,0.14802136822875145,1.1743382848917863
7,blocks.3.mlp.fc1,mlp,dp_kfc,0.001,0.9972847941008257,0.07599163391621268,0.2962071359441343,1.747001167853078,18.134971650271577,-3.2095232046582866e-08,25.561479170761377,1.4412166077763336e-05,4.364327165017021e-09,3.1322283912435056e-08,8.846865538943229e-07,0.0005609879211665393,2.266772897475206e-09,0.001859003738827296,0.001002722598314178,69.38582268649466
7,blocks.3.mlp.fc2,mlp,dp_kfc,0.001,0.023637185987419363,0.00044976255401943296,0.0012563637352362282,0.03295059958409084,0.3536126935331719,0.00029744221061675817,2.1264060643002516,0.0006169683083498967,7.946341778164578e-07,4.771694824314933e-06,4.7215630996605275e-05,0.016687921933069873,-1.5368149444974963e-10,0.020738122008507418,0.04230622039917269,1.6208287953631444
7,blocks.4.attn.q_proj,attention_qkv,dp_kfc,0.001,0.998224696347133,0.06749846261823754,0.28150959924821023,1.769958237159268,18.53130605531853,-1.9529743941985034e-08,25.284807006745595,1.7815775719270954e-08,1.363355685538442e-10,6.033585840239416e-10,4.4150399309644454e-09,4.4879986652791713e-07,6.633620892413803e-11,1.2315325283139198e-06,0.0010017784609611079,56130.02856329858
7,blocks.4.attn.k_proj,attention_qkv,dp_kfc,0.001,0.998224696347133,0.06749846261823754,0.28150959924821023,1.769958237159268,18.53130605531853,-1.9529743941985034e-08,25.284807006745595,1.394623799510069e-09,3.1016182427005496e-12,2.467974405045226e-11,2.444032305971266e-10,6.735177268015905e-08,1.2976193644576563e-12,1.0533099477603448e-07,0.0010017784609611079,717039.2476819195
7,blocks.4.attn.v_proj,attention_qkv,dp_kfc,0.001,0.998224696347133,0.06749846261823754,0.28150959924821023,1.769958237159268,18.53130605531853,-1.9529743941985034e-08,25.284807006745595,3.0589171073902577e-07,6.962162198633285e-11,1.5849302207992455e-09,2.352293068485536e-08,8.182100839373736e-06,1.5300805439557646e-11,1.0206525017380989e-05,0.0010017784609611079,3269.130757365174
7,blocks.4.attn.out_proj,attention_out,dp_kfc,0.001,0.007157451245699132,3.6166756500994336e-06,7.402089013125595e-05,0.0009285715835298903,0.0031675322689796253,9.380452589615032e-07,1.3194623031721044,0.000616407923416773,7.660925186254732e-07,4.6492183788201615e-06,4.6445924833776815e-05,0.01666749789156955,-1.3985550827925562e-10,0.02073133560362727,0.1397145388312486,1.6223023131451026
7,blocks.4.mlp.fc1,mlp,dp_kfc,0.001,0.997750917864587,0.0673995025417454,0.28081954664379877,1.7613764896280562,18.472027645203905,-5.598421666606923e-08,25.238149958299676,1.088735036092886e-05,3.1755731856638303e-09,2.3688373440620785e-08,6.798738265619667e-07,0.00046526985109108024,1.5754390086174735e-09,0.001412960921919579,0.0010022541519082002,91.84971245057686
7,blocks.4.mlp.fc2,mlp,dp_kfc,0.001,0.023467467679982455,0.00042899348276307373,0.0012143223866407714,0.032382629145424204,0.3576329405622802,0.0002916405315720851,2.2646680129842394,0.0004851544604586403,6.11285327966115e-07,3.5467184681594945e-06,3.262480728123499e-05,0.012440328495932584,-1.3091101705196447e-10,0.016951102451435544,0.04261218183557961,2.0611992293230714
7,blocks.5.attn.q_proj,attention_qkv,dp_kfc,0.001,0.9979918869357035,0.06171695778483653,0.27369055925067837,1.7678599970625273,18.19620988429457,-4.120993600362225e-08,24.316622493159137,1.1743422661964856e-08,1.0342445126316082e-10,4.4574185297966537e-10,3.2019318170557153e-09,2.736091819139247e-07,4.926425884166967e-11,9.535074666041486e-07,0.0010020121536964217,85154.04995503114
7,blocks.5.attn.k_proj,attention_qkv,dp_kfc,0.001,0.9979918869357035,0.06171695778483653,0.27369055925067837,1.7678599970625273,18.19620988429457,-4.120993600362225e-08,24.316622493159137,1.2222401248828823e-09,2.3234377917485543e-12,2.0330425164961627e-11,2.1687426498662231e-10,5.1696325130626916e-08,9.374891629237598e-13,1.071333914046678e-07,0.0010020121536964217,818169.8339316279
7,blocks.5.attn.v_proj,attention_qkv,dp_kfc,0.001,0.9979918869357035,0.06171695778483653,0.27369055925067837,1.7678599970625273,18.19620988429457,-4.120993600362225e-08,24.316622493159137,2.4320767633145834e-07,5.705001496724962e-11,1.2402834556939162e-09,1.83163502284539e-08,7.0009073663388504e-06,1.2555148072048786e-11,8.702934577865168e-06,0.0010020121536964217,4111.71232373907
7,blocks.5.attn.out_proj,attention_out,dp_kfc,0.001,0.008125683994480612,3.584768951469625e-06,7.000553988670127e-05,0.0010918888981477617,0.0033182121037643817,9.044158097167829e-07,1.5037191271126058,0.00048483234608435544,6.063842050671573e-07,3.4529491192837827e-06,3.1105380697339695e-05,0.01244296244467756,-1.2376213909282716e-10,0.016968869761502442,0.12306656284926316,2.062568655074864
7,blocks.5.mlp.fc1,mlp,dp_kfc,0.001,0.997732516088634,0.061694096333975094,0.2740918399114638,1.762819082880248,18.139650488083053,-1.08535456364897e-08,24.316021176383988,8.793863054211426e-06,2.5425266745467287e-09,2.0385351248855226e-08,5.739700347719785e-07,0.0003702147371455614,1.2167275462297555e-09,0.0012396045286926969,0.00100227263707938,113.71566669111306
7,blocks.5.mlp.fc2,mlp,dp_kfc,0.001,0.023258207868469785,0.00041847905481201184,0.0011839170134890977,0.03176641659616695,0.3556023060048036,0.00027444516285426486,2.3044458774003775,0.00039977357566082594,4.992524916271176e-07,2.7298417404947874e-06,2.220116589304107e-05,0.01062234529334641,-1.010260499607234e-10,0.014082859968178091,0.042995574106793485,2.5014159536357536
7,blocks.6.attn.q_proj,attention_qkv,dp_kfc,0.001,0.997847718123945,0.05692081797596881,0.26568131392827626,1.7505206367005246,18.05119089114391,-1.5546758911398897e-08,24.068773375284533,1.2971321383323242e-08,9.025427845161568e-11,4.210961345998822e-10,2.791911903095847e-09,2.597386761765737e-07,4.3628174999840905e-11,1.2555801248638095e-06,0.001002156924184886,77093.14806475028
7,blocks.6.attn.k_proj,attention_qkv,dp_kfc,0.001,0.997847718123945,0.05692081797596881,0.26568131392827626,1.7505206367005246,18.05119089114391,-1.5546758911398897e-08,24.068773375284533,1.0683487886129113e-09,2.3874107964451246e-12,1.9627991639078007e-11,2.248300329433974e-10,4.537651077909137e-08,9.865762026379188e-13,8.73559402454948e-08,0.001002156924184886,936023.9003016498
7,blocks.6.attn.v_proj,attention_qkv,dp_kfc,0.001,0.997847718123945,0.05692081797596881,0.26568131392827626,1.7505206367005246,18.05119089114391,-1.5546758911398897e-08,24.068773375284533,1.927666913129992e-07,4.32695436922556e-11,9.582210266210967e-10,1.3285019335963319e-08,5.113356499330834e-06,9.187270583446667e-12,7.613173076903355e-06,0.001002156924184886,5187.61821966576
7,blocks.6.attn.out_proj,attention_out,dp_kfc,0.001,0.007949218045078083,3.2775935294082893e-06,6.877895630665227e-05,0.0011743893762618239,0.0036217927573946513,8.241643745208782e-07,1.4652978243854533,0.00039942636400761933,4.942952318307004e-07,2.6681099649123045e-06,2.163466358488364e-05,0.010634288657552794,-1.179843293956341e-10,0.014031392678894682,0.1257985369541058,2.5035903738715763
7,blocks.6.mlp.fc1,mlp,dp_kfc,0.001,0.9967008291748521,0.05709408752435883,0.2648271848820755,1.7454793808960685,17.97654900912659,-3.8500870818759934e-08,23.96343763644792,7.595910873725112e-06,2.0830592845774977e-09,1.7725951299977364e-08,4.687348270332838e-07,0.00033013506676671554,1.0108623611423138e-09,0.0010728636699928308,0.0010033100913820641,131.64978060222944
7,blocks.6.mlp.fc2,mlp,dp_kfc,0.001,0.02370353278756064,0.0004131424008861757,0.001196988589680619,0.030811156371741,0.3706647685956103,0.00027505983580720526,2.2722782300403486,0.0003345443277945984,3.8805255238236314e-07,1.964040783043072e-06,1.6906712268416394e-05,0.008869040562658219,-1.0304806326309994e-10,0.01149048828180841,0.0421878041962078,2.9891405022235924
7,blocks.7.attn.q_proj,attention_qkv,dp_kfc,0.001,0.9978364848102314,0.0537212357320772,0.24710171771239797,1.7878966741338589,17.992035061280614,-2.7484179169761192e-08,23.569067746101414,8.13172988551695e-09,5.774867397425014e-11,2.6915377720193216e-10,1.8451892661164e-09,2.320961576977832e-07,2.3558394500496303e-11,5.199682204228905e-07,0.0010021682061366799,122975.06361851172
7,blocks.7.attn.k_proj,attention_qkv,dp_kfc,0.001,0.9978364848102314,0.0537212357320772,0.24710171771239797,1.7878966741338589,17.992035061280614,-2.7484179169761192e-08,23.569067746101414,6.63507059661036e-10,1.779922142026386e-12,1.6633258825464858e-11,1.8473661540241217e-10,3.297733754331174e-08,5.741815967225622e-13,4.70720217412252e-08,0.0010021682061366799,1507142.9692260807
7,blocks.7.attn.v_proj,attention_qkv,dp_kfc,0.001,0.9978364848102314,0.0537212357320772,0.24710171771239797,1.7878966741338589,17.992035061280614,-2.7484179169761192e-08,23.569067746101414,1.5469514573022516e-07,3.209510551746625e-11,7.185194288243777e-10,1.0802506596485064e-08,4.385521489893151e-06,7.454957935326559e-12,6.11046307991175e-06,0.0010021682061366799,6464.326952727481
7,blocks.7.attn.out_proj,attention_out,dp_kfc,0.001,0.008485663262101787,3.1083508391274584e-06,6.792885484839569e-05,0.0011382667197894984,0.003925830826166999,8.149615018135214e-07,1.568656133974419,0.00033446614605736613,3.7794441804276886e-07,1.933384983791196e-06,1.665555897501967e-05,0.008863535798415083,-1.1499843673334003e-10,0.011495470724216089,0.11784582643835824,2.989839216278961
7,blocks.7.mlp.fc1,mlp,dp_kfc,0.001,0.9974759080558243,0.05364627704648827,0.2472257316094998,1.7745806014148202,17.990117364146283,-1.5233073777059875e-08,23.574206566912505,6.228141328984878e-06,1.6684414618804615e-09,1.5546773204885872e-08,3.9121158252178277e-07,0.0002505414035170514,7.942933750966326e-10,0.0009460773744806895,0.0010025304791061024,160.56154592159675
7,blocks.7.mlp.fc2,mlp,dp_kfc,0.001,0.02325093903989375,0.0004012352177145356,0.0011450920525537466,0.029537844701318546,0.37661208289659903,0.0002665176766031702,2.3546572568392876,0.00027006453152959387,2.674932049252063e-07,1.3690894473842473e-06,1.1422997976871803e-05,0.0068191450687933594,-7.986524928666974e-11,0.009731996217308476,0.04300901560509918,3.70281870905517
7,blocks.8.attn.q_proj,attention_qkv,dp_kfc,0.001,0.9966121745233092,0.049432710745522336,0.2396380405293928,1.8139600573195833,18.145255719323703,8.073047390588897e-09,23.704691268757283,6.377376376986987e-09,4.884705222219619e-11,2.256616381074683e-10,1.688089758545526e-09,1.5566052033616627e-07,2.2893189325322707e-11,3.8062018071900804e-07,0.0010033993418536264,156804.29394265317
7,blocks.8.attn.k_proj,attention_qkv,dp_kfc,0.001,0.9966121745233092,0.049432710745522336,0.2396380405293928,1.8139600573195833,18.145255719323703,8.073047390588897e-09,23.704691268757283,5.823669654605346e-10,1.5326497382190281e-12,1.4073924355469307e-11,1.6804971147797106e-10,2.720979722233136e-08,6.495080274747738e-13,4.247042740324395e-08,0.0010033993418536264,1717130.365059773
7,blocks.8.attn.v_proj,attention_qkv,dp_kfc,0.001,0.9966121745233092,0.049432710745522336,0.2396380405293928,1.8139600573195833,18.145255719323703,8.073047390588897e-09,23.704691268757283,1.176735343240883e-07,2.462767579952955e-11,4.800057740246854e-10,7.710010462540242e-09,3.042049375671507e-06,6.183912625939653e-12,4.63067017177322e-06,0.0010033993418536264,8498.087575459995
7,blocks.8.attn.out_proj,attention_out,dp_kfc,0.001,0.008052446942027282,2.9829721264833043e-06,6.620809385794468e-05,0.0011969024844084054,0.004380575468704352,6.616298628193923e-07,1.4800418650674056,0.0002697343391749503,2.6163562636499456e-07,1.3311744957669798e-06,1.1002578892836249e-05,0.0068147631778110946,-1.223206516720987e-10,0.009712735867662522,0.124185853964564,3.7073514742644527
7,blocks.8.mlp.fc1,mlp,dp_kfc,0.001,0.9979315986905074,0.04968804964405121,0.23830879466963462,1.8062462345977341,18.116453974976984,-2.4741860948900252e-08,23.67872365290046,5.293748294742107e-06,1.2432715978321303e-09,1.2333101335325656e-08,3.1442375817282257e-07,0.00020690874572518503,5.685055071618905e-10,0.0007865128441638916,0.0010020726884610196,188.90206793421345
7,blocks.8.mlp.fc2,mlp,dp_kfc,0.001,0.023585564733006943,0.0003960307890250811,0.0011657761378405154,0.029427934235739476,0.39543458501327733,0.0002519928377474742,2.4021310934169513,0.00022844597788207466,1.8346542199960423e-07,9.24654932765597e-07,7.5538937598638064e-06,0.005936887966941148,-7.765774695971001e-11,0.008308474454207779,0.04239881517869889,4.377402523218013
7,blocks.9.attn.q_proj,attention_qkv,dp_kfc,0.001,0.9977621482443934,0.047891523829245865,0.22887465753537775,1.8233583102250337,18.234524304758374,-4.872586109010475e-08,24.7006934778641,5.6623721481306264e-09,4.1740304862436443e-11,1.9868206743787265e-10,1.4172928891918156e-09,1.557697864545988e-07,1.895438662793452e-11,3.100046387425271e-07,0.0010022428709683408,176604.42899892048
7,blocks.9.attn.k_proj,attention_qkv,dp_kfc,0.001,0.9977621482443934,0.047891523829245865,0.22887465753537775,1.8233583102250337,18.234524304758374,-4.872586109010475e-08,24.7006934778641,5.035276374276062e-10,1.308470093358406e-12,1.2423928155562581e-11,1.27748841036704e-10,2.5128129470771982e-08,5.042846564329631e-13,3.639539160120301e-08,0.0010022428709683408,1985988.3066374352
7,blocks.9.attn.v_proj,attention_qkv,dp_kfc,0.001,0.9977621482443934,0.047891523829245865,0.22887465753537775,1.8233583102250337,18.234524304758374,-4.872586109010475e-08,24.7006934778641,9.540684559975846e-08,1.5353519302434082e-11,3.1940518205385774e-10,4.800473655277196e-09,2.5481222962820906e-06,2.508619002134769e-12,3.304736474405372e-06,0.0010022428709683408,10481.428179641354
7,blocks.9.attn.out_proj,attention_out,dp_kfc,0.001,0.008580577045551216,3.0233331017348308e-06,6.358191173312648e-05,0.0012630347393421863,0.004401325729698813,6.708827965244171e-07,1.580126011780362,0.00022856174278255517,1.789446610897766e-07,9.091546936778576e-07,7.114637416787341e-06,0.005945079557558277,-8.679181231648663e-11,0.008314158436981632,0.11654227853107751,4.375185399909037
7,blocks.9.mlp.fc1,mlp,dp_kfc,0.001,0.9977684295856891,0.04799363769927709,0.22987699551530502,1.8220575773555845,18.203366527659828,1.9324090792870935e-09,24.696493297686153,4.241192625683657e-06,9.256366418209689e-10,1.0236870782215534e-08,2.491189012745351e-07,0.00018798073718942867,3.8871755732189344e-10,0.00054023448264757,0.001002236561458692,235.78273572019273
7,blocks.9.mlp.fc2,mlp,dp_kfc,0.001,0.022577074089938937,0.0003707896230334394,0.0010930304347606808,0.027355300658025616,0.36405058315494815,0.00024249215042393657,2.355481796202648,0.00019508647541025917,1.2387181149090196e-07,5.975286680011465e-07,5.20979867397052e-06,0.005084734341507595,-8.539239263108624e-11,0.006773056271427752,0.04429271906609156,5.125931963746023
7,blocks.10.attn.q_proj,attention_qkv,dp_kfc,0.001,0.9968827261825918,0.043941203419004725,0.22510937345984566,1.8518488596242684,17.880471326824388,-4.699133461508085e-08,24.708062956406145,3.5920007639596756e-09,3.1644829609031044e-11,1.5134382209698299e-10,1.161270424746099e-09,9.469498758560199e-08,1.2178825251654481e-11,1.7130440524652653e-07,0.0010031270215999683,278396.3773152544
7,blocks.10.attn.k_proj,attention_qkv,dp_kfc,0.001,0.9968827261825918,0.043941203419004725,0.22510937345984566,1.8518488596242684,17.880471326824388,-4.699133461508085e-08,24.708062956406145,4.320837936757094e-10,9.813919497172477e-13,9.85824507134772e-12,1.203946113007841e-10,1.7349848947717872e-08,2.950665848770334e-13,3.525476953351942e-08,0.0010031270215999683,2314365.9045692584
7,blocks.10.attn.v_proj,attention_qkv,dp_kfc,0.001,0.9968827261825918,0.043941203419004725,0.22510937345984566,1.8518488596242684,17.880471326824388,-4.699133461508085e-08,24.708062956406145,8.1522726685009e-08,1.0434434263494717e-11,2.0053818316210773e-10,4.323392537925171e-09,2.1848037009944774e-06,2.605132107088101e-12,2.9252745291116504e-06,0.0010031270215999683,12266.518070032702
7,blocks.10.attn.out_proj,attention_out,dp_kfc,0.001,0.00883109427773191,3.069744492421995e-06,6.171647132042539e-05,0.0013642118981754578,0.004567599441188534,7.390318791135412e-07,1.6231005022400122,0.000195061081797121,1.1839380550330911e-07,5.685436388274221e-07,5.134986258190147e-06,0.005086515086067546,-9.367092158131655e-11,0.006774890311897702,0.11323625006716949,5.126599272324754
7,blocks.10.mlp.fc1,mlp,dp_kfc,0.001,0.9975643074574249,0.04403630468956517,0.22606391069471432,1.849189496633747,17.85932147284794,-1.203192681205045e-08,24.644821731739416,3.870937197946131e-06,6.732319195292085e-10,8.654017921966052e-09,2.0597584602240666e-07,0.00019611451033325002,2.459922570608905e-10,0.0005499702179503187,0.0010024416396260038,258.3353717364846
7,blocks.10.mlp.fc2,mlp,dp_kfc,0.001,0.02347773288695144,0.000367927076067642,0.0011078144213375924,0.0276985354856468,0.35581650608903437,0.00023549813555606765,2.5212008120996834,0.00016195396096918557,6.100568992090095e-08,3.0199959596287544e-07,3.344432856921429e-06,0.004264724725539241,-4.869637524020482e-11,0.005504303646889405,0.04259355044267432,6.174594273679213
7,blocks.11.attn.q_proj,attention_qkv,dp_kfc,0.001,0.9979238479248601,0.043277040758997354,0.21870672192388835,1.848075821262496,17.92095788581833,-1.523961619764569e-08,23.995563715354933,3.6204739002794473e-09,2.769549003175773e-11,1.2796156612509287e-10,9.265902508177297e-10,1.0581315293984324e-07,1.2906257604291067e-11,1.7184054944757908e-07,0.0010020804714502586,276206.93520890037
7,blocks.11.attn.k_proj,attention_qkv,dp_kfc,0.001,0.9979238479248601,0.043277040758997354,0.21870672192388835,1.848075821262496,17.92095788581833,-1.523961619764569e-08,23.995563715354933,3.223288821905164e-10,8.676184739547862e-13,8.507548612521031e-12,1.1248739221958768e-10,1.475028273675431e-08,3.2787133518399386e-13,2.2512176993528083e-08,0.0010020804714502586,3102421.331914457
7,blocks.11.attn.v_proj,attention_qkv,dp_kfc,0.001,0.9979238479248601,0.043277040758997354,0.21870672192388835,1.848075821262496,17.92095788581833,-1.523961619764569e-08,23.995563715354933,6.704995882123033e-08,4.540254040472157e-12,1.0815203572483852e-10,2.5152569883497642e-09,1.6526277183350134e-06,7.918499080987358e-13,2.666367422488461e-06,0.0010020804714502586,14914.2522617533
7,blocks.11.attn.out_proj,attention_out,dp_kfc,0.001,0.009209709171865647,2.6523630300303087e-06,6.28764918060228e-05,0.0013177537945220624,0.005037077922765434,6.265335809564184e-07,1.6984422419691039,0.0001618672069033285,5.588433770789543e-08,2.751020057852467e-07,3.3188368216988805e-06,0.004263148808438403,2.384761768053445e-12,0.005502411776317582,0.10858106171852397,6.177903598455413
7,blocks.11.mlp.fc1,mlp,dp_kfc,0.001,0.997711238774611,0.043094999099666687,0.21851498209981104,1.84528161567488,17.88219798586345,-1.4741438271872046e-08,23.949351966710264,3.23114755226087e-06,4.5356070362180747e-10,6.851669513936597e-09,1.7088410129852282e-07,0.00016556679225471354,1.4127937345132744e-10,0.00044253601519600303,0.0010022940116703508,309.48756868137724
7,blocks.11.mlp.fc2,mlp,dp_kfc,0.001,0.023730397799084996,0.0003606228301873082,0.0011072794160274396,0.027832927525638172,0.3680974414890168,0.0001862235449341807,2.6182730629583966,0.0001422251883506457,1.348571271020812e-09,2.0566737502462443e-08,1.940729802627995e-06,0.003541031369060513,7.667025227685961e-12,0.005161364187348709,0.04214004368854526,7.031103362187673
7,head,patch_head,dp_kfc,0.001,0.9971958564816361,0.00031856415267491874,0.003991237287168545,0.24613212776984883,1.3081785120311338,1.2489588368035861e-08,176.1154620886532,0.10034602582454683,0.08406279712213928,0.09860240528363587,0.11833186193944958,0.19211488020445944,1.8626412694691447e-10,0.20031299334501607,0.0010028120288508395,0.009965516738535133
8,patch_embed,patch_head,dp_kfc,0.001,0.2509732951733474,0.025394921108630127,0.04984084188463122,0.25975031161957457,4.190609104782139,0.01667082881559845,26.273805184932716,2.5300342976208867e-05,2.079020655404414e-07,5.845269735275459e-07,5.69855432542788e-06,0.0006567143073714687,-1.4516934332677514e-12,0.0011849194780862383,0.00398448766953193,39.52515588189252
8,blocks.0.attn.q_proj,attention_qkv,dp_kfc,0.001,0.9974387881051692,0.11939610909417456,0.34276218078610937,1.6301732136713518,18.684768425593504,-6.509178293686851e-08,24.68536552821676,1.1689142562776311e-06,1.2693822344773232e-08,5.018167391625474e-08,3.210656330320737e-07,2.3823225985308465e-05,5.800671576637414e-09,9.337375140496166e-05,0.0010025677885453967,855.4947419192807
8,blocks.0.attn.k_proj,attention_qkv,dp_kfc,0.001,0.9974387881051692,0.11939610909417456,0.34276218078610937,1.6301732136713518,18.684768425593504,-6.509178293686851e-08,24.68536552821676,1.1031826357862885e-07,1.7390496834817238e-12,6.654572717661821e-12,3.4086335763542596e-11,6.004848852234662e-06,8.699774729607571e-13,8.58391266083999e-06,0.0010025677885453967,9064.682198222368
8,blocks.0.attn.v_proj,attention_qkv,dp_kfc,0.001,0.9974387881051692,0.11939610909417456,0.34276218078610937,1.6301732136713518,18.684768425593504,-6.509178293686851e-08,24.68536552821676,1.9499368888157655e-05,7.929165116463555e-09,1.5126828549110634e-07,3.2848496505952225e-06,0.0005285828012887402,1.8241987945718673e-09,0.000978515420742472,0.0010025677885453967,51.28371106448063
8,blocks.0.attn.out_proj,attention_out,dp_kfc,0.001,0.005892334512626111,5.441885654545662e-06,9.226735502010498e-05,0.0007645949481120807,0.0018806327260022584,1.2009803392851e-06,1.0892760632227927,0.04649427201366052,7.440010891947993e-05,0.00039006837885310224,0.005976619201097508,1.444738791956949,-3.699304283684797e-08,1.9845316271391384,0.1697120212467906,0.02150802575651016
8,blocks.0.mlp.fc1,mlp,dp_kfc,0.001,0.997204265446243,0.11956328757470511,0.34397120775090745,1.6419625696275069,18.684863500423457,-4.414602783160565e-08,24.670619778367683,7.329291400720583e-05,2.8449257046194545e-08,1.8913061120624534e-07,4.768511940670292e-06,0.0020765432845232428,1.4205336741293025e-08,0.010719609257312131,0.0010028035725985448,13.643883771651984
8,blocks.0.mlp.fc2,mlp,dp_kfc,0.001,0.023802473998213156,0.0005127147378673901,0.0013348371666977066,0.03690550636924174,0.37318436179561304,0.0003526621427669299,2.1304144849151094,0.0033080513373230738,4.998409119185757e-06,2.8728909546463706e-05,0.00042327503827318565,0.1016974461009203,-8.303420437118391e-10,0.12962630556242832,0.04201243955040428,0.30229276937679433
8,blocks.1.attn.q_proj,attention_qkv,dp_kfc,0.001,0.9971578507225749,0.10093267533587294,0.3235306145805249,1.6379998157153781,18.691383674061928,-6.097423922264985e-09,25.36128017619825,8.770542928952332e-08,8.228338699715351e-10,3.4085027841788874e-09,2.128591946588634e-08,2.197424306166646e-06,4.3380181892855604e-10,6.44806587418591e-06,0.0010028502501137264,11401.802694550553
8,blocks.1.attn.k_proj,attention_qkv,dp_kfc,0.001,0.9971578507225749,0.10093267533587294,0.3235306145805249,1.6379998157153781,18.691383674061928,-6.097423922264985e-09,25.36128017619825,8.696135423086684e-09,1.623478593361708e-11,1.2980352721370535e-10,1.014607648823462e-09,3.98801436670632e-07,7.2023974173368544e-12,6.908808878067935e-07,0.0010028502501137264,114993.60938482845
8,blocks.1.attn.v_proj,attention_qkv,dp_kfc,0.001,0.9971578507225749,0.10093267533587294,0.3235306145805249,1.6379998157153781,18.691383674061928,-6.097423922264985e-09,25.36128017619825,1.526852274687703e-06,5.127451892420507e-10,1.0411898401707938e-08,2.0633003125326415e-07,3.893910486312927e-05,1.1913147337419195e-10,6.50751497669035e-05,0.0010028502501137264,654.942207951674
8,blocks.1.attn.out_proj,attention_out,dp_kfc,0.001,0.006095456445759761,4.2070029945895216e-06,8.135691954334225e-05,0.0007958303083603303,0.00215265777836645,8.697720867856504e-07,1.1255699275504456,0.0033044295535849715,4.744711452713307e-06,2.817646929856758e-05,0.0004205413992238612,0.101352924713495,-1.099356901947591e-09,0.13018814113668242,0.164056622977864,0.30262409404827567
8,blocks.1.mlp.fc1,mlp,dp_kfc,0.001,0.9964446854714903,0.10123714424338719,0.323287223743016,1.6403258452993605,18.64034041487394,-3.0296947325558096e-08,25.353598961761374,3.6951142187051825e-05,1.4046732987837375e-08,9.320041773828452e-08,2.4532963645099086e-06,0.0011237717595419777,7.088500281293681e-09,0.0053519338582526405,0.0010035679998903575,27.062762902912738
8,blocks.1.mlp.fc2,mlp,dp_kfc,0.001,0.023248182230002898,0.0004811686691339691,0.0012683630308846646,0.034525081925715684,0.3962618646481145,0.00028570419774733637,1.97249277498421,0.0016132557666423963,2.2058083701347932e-06,1.3984251619637134e-05,0.00018413692312978453,0.04677345523479981,-3.582492163555944e-10,0.05666587401972491,0.04301411568898716,0.6198645129167952
8,blocks.2.attn.q_proj,attention_qkv,dp_kfc,0.001,0.9965753212493936,0.08589490226756973,0.3067109603024026,1.654371708620239,18.389939958779316,-3.00344062387728e-08,25.706099652295467,4.0301698982688386e-08,4.1742737700533175e-10,1.718884586501449e-09,1.0439770440720263e-08,1.2458352511865258e-06,2.1130540282444677e-10,2.119436826345247e-06,0.0010034364474792662,24812.849712106443
8,blocks.2.attn.k_proj,attention_qkv,dp_kfc,0.001,0.9965753212493936,0.08589490226756973,0.3067109603024026,1.654371708620239,18.389939958779316,-3.00344062387728e-08,25.706099652295467,4.683706490176952e-09,8.404893585811252e-12,5.885709762298313e-11,5.408025929311405e-10,1.9495664581657994e-07,3.114226588207139e-12,4.3852547585900665e-07,0.0010034364474792662,213506.1200135578
8,blocks.2.attn.v_proj,attention_qkv,dp_kfc,0.001,0.9965753212493936,0.08589490226756973,0.3067109603024026,1.654371708620239,18.389939958779316,-3.00344062387728e-08,25.706099652295467,8.263240319772436e-07,2.6277400381923935e-10,5.107365529827491e-09,9.794714175917323e-08,2.1876413648508443e-05,7.510732461942683e-11,3.1476122386236184e-05,0.0010034364474792662,1210.1790112616975
8,blocks.2.attn.out_proj,attention_out,dp_kfc,0.001,0.006460516981752179,4.257733244445597e-06,7.680824804687721e-05,0.0008337092526717895,0.0024562279216340734,9.685462890944006e-07,1.1928915984954702,0.0016118169466305212,2.1074106113073315e-06,1.347938437167878e-05,0.0001825842359354849,0.046769301032776614,-4.282946664677429e-10,0.056606082715852116,0.15478637434504297,0.6204178471323836
8,blocks.2.mlp.fc1,mlp,dp_kfc,0.001,0.9968729683154606,0.08531858924800725,0.30476806244082527,1.6551773770967873,18.37729491787714,-1.434861156531668e-08,25.65770776408928,2.531960076951334e-05,8.362398748882308e-09,5.703280432527888e-08,1.7033572831144913e-06,0.000925861222778678,4.45407449138407e-09,0.003742487949725509,0.00100313684068475,39.495093508902144
8,blocks.2.mlp.fc2,mlp,dp_kfc,0.001,0.023741744878921073,0.0004706157569323025,0.0012850002384757512,0.034299371972540314,0.37715331450547573,0.0003192234852919616,2.2207203834977105,0.0010569475299841238,1.4588201573812132e-06,8.998940896286787e-06,0.00011334475549301806,0.027517771239182583,-2.3480935658449006e-10,0.038967570719565,0.04211990336429916,0.9461207596700858
8,blocks.3.attn.q_proj,attention_qkv,dp_kfc,0.001,0.9973220145764129,0.07628872435566648,0.29840794089200456,1.728197366813839,17.8428158853821,-2.361758822703141e-08,25.970857000786822,3.703888695518372e-08,2.823637476751366e-10,1.1608478554162894e-09,8.094188832360244e-09,9.77176326881841e-07,1.395509993165413e-10,2.279154317477828e-06,0.0010026851762865423,26998.65147702681
8,blocks.3.attn.k_proj,attention_qkv,dp_kfc,0.001,0.9973220145764129,0.07628872435566648,0.29840794089200456,1.728197366813839,17.8428158853821,-2.361758822703141e-08,25.970857000786822,2.7617006543685764e-09,5.381460602857069e-12,4.7490710750799716e-11,4.3845055537923627e-10,1.4740694988776122e-07,2.4203357365313607e-12,1.9644400768230077e-07,0.0010026851762865423,362095.72475501907
8,blocks.3.attn.v_proj,attention_qkv,dp_kfc,0.001,0.9973220145764129,0.07628872435566648,0.29840794089200456,1.728197366813839,17.8428158853821,-2.361758822703141e-08,25.970857000786822,5.409211306280544e-07,1.3282117773431577e-10,3.1700281292772197e-09,5.35366649002056e-08,1.3272598373089245e-05,3.210686047807268e-11,1.9473915887729686e-05,0.0010026851762865423,1848.6983469085724
8,blocks.3.attn.out_proj,attention_out,dp_kfc,0.001,0.00678187460229018,4.114765278442396e-06,7.581139747555667e-05,0.0009384873277999339,0.0028384698574723016,9.10661248414102e-07,1.251603226229178,0.0010564483191046747,1.3600006940136765e-06,8.717792475330575e-06,0.00011082354907899793,0.027519695077902955,-2.557229281150817e-10,0.03895153147417764,0.14745185640299346,0.9465678366997509
8,blocks.3.mlp.fc1,mlp,dp_kfc,0.001,0.9969730148661322,0.07665520940725748,0.2986850288629116,1.7257115563922962,17.859808589148276,1.8856137251712744e-09,25.91129219268318,1.8146067555180334e-05,5.6413711757358345e-09,3.977449264116641e-08,1.2176784666665724e-06,0.0006661320088072167,3.008434910005104e-09,0.002426244735581414,0.0010030361755922494,55.108358709626884
8,blocks.3.mlp.fc2,mlp,dp_kfc,0.001,0.023749246576895408,0.0004543006554928073,0.0012572808869872943,0.03274617552810401,0.360518662989485,0.0003005022449728378,2.1565208936537807,0.0007687743215380275,1.0664990840713025e-06,6.567133045811308e-06,6.856812584447682e-05,0.02090868488924527,-1.5242772058017832e-10,0.026149454205094153,0.042106598908819945,1.3007718546053635
8,blocks.4.attn.q_proj,attention_qkv,dp_kfc,0.001,0.9977210364811161,0.0675594735080538,0.28006960068961256,1.776207792740818,18.214936166730574,-6.838760854445916e-09,25.68196082354081,2.275268626168262e-08,1.7229630779888854e-10,7.577268945613703e-10,5.718230044976787e-09,5.970177432250272e-07,8.622139163918423e-11,1.5810723739943274e-06,0.0010022841690568354,43950.85435182577
8,blocks.4.attn.k_proj,attention_qkv,dp_kfc,0.001,0.9977210364811161,0.0675594735080538,0.28006960068961256,1.776207792740818,18.214936166730574,-6.838760854445916e-09,25.68196082354081,1.8056890838605518e-09,4.218530356436828e-12,3.1734348536573115e-11,3.190412116776866e-10,8.82516648512523e-08,1.617737149034927e-12,1.3258319401929536e-07,0.0010022841690568354,553805.1976600569
8,blocks.4.attn.v_proj,attention_qkv,dp_kfc,0.001,0.9977210364811161,0.0675594735080538,0.28006960068961256,1.776207792740818,18.214936166730574,-6.838760854445916e-09,25.68196082354081,3.734991441683988e-07,1.0037324626663491e-10,2.222473319357684e-09,3.704116485275192e-08,9.877464340727095e-06,2.1229626177954772e-11,1.242949256544074e-05,0.0010022841690568354,2677.3823062607394
8,blocks.4.attn.out_proj,attention_out,dp_kfc,0.001,0.007130212357030685,3.6718053340563055e-06,7.534340250073287e-05,0.0009697396792729516,0.0031152685341353714,9.54832175263638e-07,1.3137871244072685,0.0007680244546008907,1.0509614079334609e-06,6.408516396897168e-06,6.800685729944271e-05,0.0208997091204072,-1.9613629027711615e-10,0.026131348230543826,0.14024827732009393,1.302041873809418
8,blocks.4.mlp.fc1,mlp,dp_kfc,0.001,0.9973049481915687,0.06758316705843094,0.27949150237784054,1.7687243910985626,18.1624201533407,-3.949840920774761e-08,25.625526526710438,1.340274626250119e-05,4.171059267495366e-09,3.086045589062294e-08,9.379120239917052e-07,0.0005350816693184701,2.148500671177756e-09,0.0017628869815625935,0.0010027023347405609,74.61157440530269
8,blocks.4.mlp.fc2,mlp,dp_kfc,0.001,0.023564966210201675,0.0004294462325426617,0.0012160294573435775,0.03266643660082165,0.3673851052006321,0.0002920139434990005,2.2851345485304937,0.0006000403819825806,9.012106313705489e-07,5.1281815454700454e-06,4.490142227364432e-05,0.015567995830424402,-1.5949551436061223e-10,0.021589285819565585,0.042435876677263513,1.6665545020418817
8,blocks.5.attn.q_proj,attention_qkv,dp_kfc,0.001,0.9975337242524241,0.06165731157693312,0.2696106370446388,1.778458789166783,17.867193492493637,-4.9413789111084914e-08,24.675814349956514,1.4839975548177248e-08,1.2972485716061283e-10,5.625087793740967e-10,4.186033955824464e-09,3.42926282523926e-07,6.011124797610992e-11,1.1818414683659927e-06,0.0010024723733018893,67385.5557749101
8,blocks.5.attn.k_proj,attention_qkv,dp_kfc,0.001,0.9975337242524241,0.06165731157693312,0.2696106370446388,1.778458789166783,17.867193492493637,-4.9413789111084914e-08,24.675814349956514,1.580542845727439e-09,2.969097115016714e-12,2.685016624206882e-11,2.819456698703503e-10,7.170719557066224e-08,1.3587210206392469e-12,1.3376287794063033e-07,0.0010024723733018893,632694.0156688722
8,blocks.5.attn.v_proj,attention_qkv,dp_kfc,0.001,0.9975337242524241,0.06165731157693312,0.2696106370446388,1.778458789166783,17.867193492493637,-4.9413789111084914e-08,24.675814349956514,2.984317320116799e-07,8.028830825799299e-11,1.8276661653495598e-09,2.4751922810173336e-08,7.905936798175203e-06,1.8196064164880643e-11,1.015793768526206e-05,0.0010024723733018893,3350.8501031681926
8,blocks.5.attn.out_proj,attention_out,dp_kfc,0.001,0.008061561681610084,3.760498655636347e-06,7.033643780996635e-05,0.0011086215519101788,0.0034818701493590756,8.68109531310361e-07,1.490787737347837,0.000599623478592548,8.752996742199215e-07,5.039778650200903e-06,4.475870143674037e-05,0.015566564928200754,-1.8349161439302036e-10,0.021607540065577618,0.12404544423212506,1.6677132162123243
8,blocks.5.mlp.fc1,mlp,dp_kfc,0.001,0.9973683394298652,0.06144161325551933,0.2702491976221175,1.7734355669634567,17.835592048366294,-9.485852435489783e-09,24.688279531715605,1.0871443618357585e-05,3.4070541095131447e-09,2.697457390786718e-08,7.904429285277025e-07,0.0004289320312345991,1.6182697761562006e-09,0.001546826297529197,0.001002638604481509,91.98410396126178
8,blocks.5.mlp.fc2,mlp,dp_kfc,0.001,0.02333867172643988,0.0004210229399888605,0.001188331217029809,0.031827060929475195,0.35954273690050575,0.0002715496649186724,2.3179990821617213,0.000490217126753123,6.913357352692601e-07,3.909264052294425e-06,3.2968426603175535e-05,0.013147713790039945,-1.4339861129184366e-10,0.017258358578291857,0.04284733988811889,2.0399124090652334
8,blocks.6.attn.q_proj,attention_qkv,dp_kfc,0.001,0.9974294588973486,0.05716296038347063,0.266155950824538,1.731883884259316,17.731968487090903,-1.424552156073312e-08,24.49590530520836,1.5846644666611676e-08,1.1228502812527178e-10,5.126567719683142e-10,3.417826833837075e-09,3.579624335378389e-07,5.709137764688692e-11,1.4425627679136605e-06,0.001002577165813303,63104.84150041964
8,blocks.6.attn.k_proj,attention_qkv,dp_kfc,0.001,0.9974294588973486,0.05716296038347063,0.266155950824538,1.731883884259316,17.731968487090903,-1.424552156073312e-08,24.49590530520836,1.3359361814671508e-09,2.9872835571980164e-12,2.6090304136029346e-11,3.00152699100557e-10,5.729151641834062e-08,1.3333541981966293e-12,1.089051935303277e-07,0.001002577165813303,748538.7504826621
8,blocks.6.attn.v_proj,attention_qkv,dp_kfc,0.001,0.9974294588973486,0.05716296038347063,0.266155950824538,1.731883884259316,17.731968487090903,-1.424552156073312e-08,24.49590530520836,2.3850532885708964e-07,5.912647036036145e-11,1.3698260037331306e-09,1.829324217045472e-08,6.4258848291628926e-06,1.3483359694400715e-11,9.019003377488621e-06,0.001002577165813303,4192.778437244861
8,blocks.6.attn.out_proj,attention_out,dp_kfc,0.001,0.00790363857518083,3.2448512701584804e-06,7.091961620277643e-05,0.0011794781277016638,0.0036046289413263575,8.582717148626818e-07,1.4563443138035943,0.0004898244995577745,6.749612178880434e-07,3.8014231277229615e-06,3.21986247706184e-05,0.013167361899499418,-1.737342699617339e-10,0.017194865223452857,0.1265240041643884,2.0415475357047765
8,blocks.6.mlp.fc1,mlp,dp_kfc,0.001,0.9964376948966881,0.05742403870911619,0.26705428975282935,1.7289969887827108,17.657382783284145,-4.415350343305245e-10,24.38632590801976,9.212653261134185e-06,2.7745107813792347e-09,2.3211883036936574e-08,6.422811849617217e-07,0.00037126017556522283,1.325769332171174e-09,0.0013192829451251459,0.001003575040488288,108.5463624489964
8,blocks.6.mlp.fc2,mlp,dp_kfc,0.001,0.02380063370238355,0.00041680760812737923,0.0012054832744044955,0.031062197737645673,0.3767281188827211,0.0002729155302775125,2.2929316697749025,0.00040524935112292343,5.284896737413698e-07,2.849455520031757e-06,2.434985022473438e-05,0.010862361516929769,-1.1269937439751429e-10,0.01402203644317849,0.04201568800665394,2.4676165359156172
8,blocks.7.attn.q_proj,attention_qkv,dp_kfc,0.001,0.9974188066517133,0.05394774612792431,0.24899679601611446,1.7846956376959404,17.714903165141973,-1.538295078176209e-08,24.00504748021934,1.0099263956659294e-08,7.119043473875629e-11,3.2611684512868435e-10,2.368789894793844e-09,2.6153821518285544e-07,3.364100047521974e-11,6.80908292540122e-07,0.0010025878731492457,99017.11691975492
8,blocks.7.attn.k_proj,attention_qkv,dp_kfc,0.001,0.9974188066517133,0.05394774612792431,0.24899679601611446,1.7846956376959404,17.714903165141973,-1.538295078176209e-08,24.00504748021934,8.003383422032322e-10,2.3595620091728034e-12,2.105864679684139e-11,2.4583247108107833e-10,3.913338002613005e-08,7.978146652162651e-13,5.389154133634952e-08,0.0010025878731492457,1249471.563797786
8,blocks.7.attn.v_proj,attention_qkv,dp_kfc,0.001,0.9974188066517133,0.05394774612792431,0.24899679601611446,1.7846956376959404,17.714903165141973,-1.538295078176209e-08,24.00504748021934,1.8783985396749375e-07,4.603140146188254e-11,1.0016490205252578e-09,1.501178614460117e-08,5.4734196393314615e-06,1.1534529701928782e-11,7.334386256868891e-06,0.0010025878731492457,5323.6838662207065
8,blocks.7.attn.out_proj,attention_out,dp_kfc,0.001,0.00851705200412827,3.0343746530063523e-06,7.089032577021089e-05,0.0011800689021147874,0.0038914866773071383,8.473463835813576e-07,1.573765952103543,0.0004051226134151875,5.206982567621373e-07,2.794465557931778e-06,2.4272093116764425e-05,0.01084960492017692,-1.2596715780363346e-10,0.014030241403613685,0.11741151744938197,2.4683884998914043
8,blocks.7.mlp.fc1,mlp,dp_kfc,0.001,0.9968534232421243,0.054165631007933986,0.24818783270543665,1.7702827260571325,17.721557844610764,-3.621202108048374e-08,23.995747259275284,7.504903394027021e-06,2.246416362709494e-09,2.04921031671167e-08,5.382396083876736e-07,0.00028185620418554004,1.063107525871993e-09,0.001171426398861889,0.0010031565089555913,133.2462188381901
8,blocks.7.mlp.fc2,mlp,dp_kfc,0.001,0.023432333116820483,0.00040577625883094756,0.001157682400148309,0.02940249124710239,0.3793265826374295,0.0002682737015052885,2.3777484121838888,0.000320569965216085,3.756083703652899e-07,1.958001835386097e-06,1.6412105747811032e-05,0.0082382214377177,-1.1772078296542956e-10,0.011777878405149635,0.042676074764495725,3.119443829760954
8,blocks.8.attn.q_proj,attention_qkv,dp_kfc,0.001,0.9962129852314687,0.04945373814019676,0.2406014929885896,1.8010193777433954,17.875971170500563,9.82881019502965e-09,24.184223458567907,7.899012649410323e-09,5.924773556841385e-11,2.7422037968763783e-10,2.0182071589204168e-09,1.933123190778037e-07,2.7046340161778663e-11,4.5082620649722356e-07,0.001003801410767248,126598.10084930704
8,blocks.8.attn.k_proj,attention_qkv,dp_kfc,0.001,0.9962129852314687,0.04945373814019676,0.2406014929885896,1.8010193777433954,17.875971170500563,9.82881019502965e-09,24.184223458567907,7.351574596657928e-10,1.9681897443515655e-12,1.8256081646072564e-11,2.1513498981032245e-10,3.449949237888823e-08,8.007073141042614e-13,5.3946023012063764e-08,0.001003801410767248,1360252.8095880388
8,blocks.8.attn.v_proj,attention_qkv,dp_kfc,0.001,0.9962129852314687,0.04945373814019676,0.2406014929885896,1.8010193777433954,17.875971170500563,9.82881019502965e-09,24.184223458567907,1.4060088816362595e-07,3.3701901658623056e-11,6.682237000468165e-10,9.943913949825114e-09,3.5760168456458823e-06,7.917294212462918e-12,5.303612180493934e-06,0.001003801410767248,7112.330605168284
8,blocks.8.attn.out_proj,attention_out,dp_kfc,0.001,0.008033139966901783,2.9727517550572714e-06,6.467473995300804e-05,0.0012257696056621956,0.004565478944297258,6.843602233613116e-07,1.4760858527011536,0.0003201704302568942,3.6593516964968285e-07,1.9374533879821754e-06,1.643056894869934e-05,0.008228613658906463,-1.3208703874362667e-10,0.011754041305172507,0.1244843242020193,3.123336527978655
8,blocks.8.mlp.fc1,mlp,dp_kfc,0.001,0.9975718670558436,0.04958251715889622,0.24010708978876147,1.7971619450733864,17.858214255125223,-1.2657499427466108e-08,24.133087781331433,6.229272237557685e-06,1.6507056313194006e-09,1.6464155982879133e-08,4.178141123518661e-07,0.00023041496575157793,7.549890279357393e-10,0.000947872454958955,0.0010024340431244545,160.53239638023442
8,blocks.8.mlp.fc2,mlp,dp_kfc,0.001,0.02361218167180668,0.0003993321506675333,0.0011650351115895213,0.029520947742295887,0.39970831074919233,0.0002595797314484486,2.391443426691846,0.00026717718729211504,2.6952005575502334e-07,1.3725807803535655e-06,1.1223991203265837e-05,0.006853912605696356,-8.374607808655067e-11,0.009827489419530896,0.04235102092213766,3.7428345216714245
8,blocks.9.attn.q_proj,attention_qkv,dp_kfc,0.001,0.9971053442806778,0.047521935112788884,0.22683600766031817,1.8159198151452904,17.866973050852835,6.421082280269775e-09,25.079223179640152,6.755600150468166e-09,4.9909097456547244e-11,2.3465607578501124e-10,1.6880139070615353e-09,1.878088997170073e-07,2.3417720781514728e-11,3.9375330764067885e-07,0.0010029030590758797,148025.33864155645
8,blocks.9.attn.k_proj,attention_qkv,dp_kfc,0.001,0.9971053442806778,0.047521935112788884,0.22683600766031817,1.8159198151452904,17.866973050852835,6.421082280269775e-09,25.079223179640152,6.183027960702357e-10,1.6433497125540457e-12,1.6384449582471392e-11,1.7679102326989944e-10,2.9644261637941105e-08,6.309700168994915e-13,4.3494453749471257e-08,0.0010029030590758797,1617330.5480029006
8,blocks.9.attn.v_proj,attention_qkv,dp_kfc,0.001,0.9971053442806778,0.047521935112788884,0.22683600766031817,1.8159198151452904,17.866973050852835,6.421082280269775e-09,25.079223179640152,1.1197960074945297e-07,2.1770828529795753e-11,4.730878707180628e-10,6.658932080225921e-09,2.9630635968284314e-06,3.4270636752101146e-12,3.9586380693761085e-06,0.0010029030590758797,8930.197940582362
8,blocks.9.attn.out_proj,attention_out,dp_kfc,0.001,0.00862953133960713,3.085561942393416e-06,6.338677858935754e-05,0.0012593034038645195,0.004395333742426731,6.803553938438667e-07,1.5887656158149264,0.0002672961661763414,2.6369821712989176e-07,1.3464675048024312e-06,1.1129870523109918e-05,0.006864227289294898,-9.707754327976704e-11,0.009833510961100602,0.11588114819286655,3.741168510962769
8,blocks.9.mlp.fc1,mlp,dp_kfc,0.001,0.997436433258452,0.047775541661110914,0.22753511023765208,1.8166684374582038,17.848700322314986,-2.1224887200034864e-08,25.09610183662204,4.958662711852338e-06,1.2657167644563643e-09,1.3858966787187744e-08,3.3732496879099153e-07,0.000207792483848323,5.577692756025547e-10,0.0006546316398048682,0.0010025701555067257,201.66727565675544
8,blocks.9.mlp.fc2,mlp,dp_kfc,0.001,0.022630684185526075,0.0003750929261576927,0.0011008134949234848,0.027437757295024227,0.3704397225924891,0.00024800941092825094,2.353463471868142,0.00022355770755666526,1.7861778894366264e-07,8.52956174508156e-07,7.455492558788947e-06,0.005758950175304137,-8.551223997878493e-11,0.007948789553165615,0.04418779351971916,4.47311797445646
8,blocks.10.attn.q_proj,attention_qkv,dp_kfc,0.001,0.9962313465503831,0.04453647443975822,0.22569040345940738,1.8633645352521235,17.589119986212616,-5.640821435334605e-08,24.84411098864901,4.272470673256923e-09,3.618059494844454e-11,1.7776700120604026e-10,1.3502017962966048e-09,1.2452348788218156e-07,1.4729899691695595e-11,1.9984580137434975e-07,0.0010037829099261597,234056.6095068584
8,blocks.10.attn.k_proj,attention_qkv,dp_kfc,0.001,0.9962313465503831,0.04453647443975822,0.22569040345940738,1.8633645352521235,17.589119986212616,-5.640821435334605e-08,24.84411098864901,5.067555512947944e-10,1.3170137430186653e-12,1.2929371076739418e-11,1.6769889664417878e-10,2.0792765689166762e-08,4.2027606765330387e-13,3.9877782347488025e-08,0.0010037829099261597,1973338.027466957
8,blocks.10.attn.v_proj,attention_qkv,dp_kfc,0.001,0.9962313465503831,0.04453647443975822,0.22569040345940738,1.8633645352521235,17.589119986212616,-5.640821435334605e-08,24.84411098864901,9.390830008060291e-08,1.6262418231530794e-11,3.0190089982562003e-10,5.732972275042365e-09,2.4344676050725796e-06,3.8301124454573445e-12,3.2637534236751824e-06,0.0010037829099261597,10648.685996250437
8,blocks.10.attn.out_proj,attention_out,dp_kfc,0.001,0.008868297715514532,2.919148686313623e-06,6.384825380165324e-05,0.0014336713188690692,0.004454707591405861,7.863682335476626e-07,1.628663755722772,0.00022353720981982406,1.7556558646432023e-07,8.233654594574295e-07,7.343341139862502e-06,0.005762769013125614,-1.1601706259388566e-10,0.007950367191387957,0.11276121213776603,4.473528146862091
8,blocks.10.mlp.fc1,mlp,dp_kfc,0.001,0.9971506144716332,0.044547702963255484,0.22564392995566815,1.861268833739417,17.569461298580862,-1.7681336189760714e-08,24.776474219901058,4.367349529210464e-06,9.304586539540531e-10,1.159559453108353e-08,2.7760267493236163e-07,0.0002178174756033898,3.6389447726977554e-10,0.0006086910065344602,0.0010028575277265177,228.97182680516562
8,blocks.10.mlp.fc2,mlp,dp_kfc,0.001,0.023618023685132418,0.00037047617682888086,0.0011209626847354108,0.028051802823258788,0.3639547860073357,0.00024009463030775434,2.5284652088231354,0.00018182179043909247,8.856189510354882e-08,4.3325459857901584e-07,4.884601178316404e-06,0.004729657113824335,-6.03493716682618e-11,0.0062624972873047075,0.04234054522646201,5.499890841383969
8,blocks.11.attn.q_proj,attention_qkv,dp_kfc,0.001,0.9979186962923238,0.043419219975057016,0.2184894448001028,1.8575533358914063,17.57294617611082,-4.192260836942776e-08,24.587658414251187,4.270484270894881e-09,3.068552609683635e-11,1.4661407316451575e-10,1.0466654315608226e-09,1.2816575812833159e-07,1.5437114038881032e-11,2.051576375949509e-07,0.0010020856445674474,234165.4802045319
8,blocks.11.attn.k_proj,attention_qkv,dp_kfc,0.001,0.9979186962923238,0.043419219975057016,0.2184894448001028,1.8575533358914063,17.57294617611082,-4.192260836942776e-08,24.587658414251187,3.7470628620858877e-10,1.1967627208766593e-12,1.1795601464672261e-11,1.5973914212975617e-10,1.7529042531091426e-08,4.4797545088322026e-13,2.4288652703684693e-08,0.0010020856445674474,2668756.935247484
8,blocks.11.attn.v_proj,attention_qkv,dp_kfc,0.001,0.9979186962923238,0.043419219975057016,0.2184894448001028,1.8575533358914063,17.57294617611082,-4.192260836942776e-08,24.587658414251187,7.567566390661214e-08,6.612690027555201e-12,1.4598223007428062e-10,3.105074058614066e-09,1.9511382214588423e-06,1.2204639234582467e-12,2.9569914842022205e-06,0.0010020856445674474,13214.287769368686
8,blocks.11.attn.out_proj,attention_out,dp_kfc,0.001,0.009148785686409922,2.738055133108175e-06,6.284268326358725e-05,0.0012681077809614104,0.004999499212555081,6.742198990187318e-07,1.6856479672139957,0.00018169119833070604,8.21687803908863e-08,4.006320326923212e-07,4.869022774572705e-06,0.004727904034460478,-7.826459977034396e-13,0.006257934830501878,0.10930412344071537,5.503843935135733
8,blocks.11.mlp.fc1,mlp,dp_kfc,0.001,0.9971486280619172,0.0433627933382444,0.21829760447422425,1.854038528340344,17.519361914253885,-8.070556884746807e-09,24.495117441688368,3.5804960483003705e-06,6.164627784182863e-10,9.165760641604118e-09,2.2882986851932592e-07,0.0001793751516050957,2.0801522531706603e-10,0.000497623977466389,0.0010028595255088752,279.290910116963
8,blocks.11.mlp.fc2,mlp,dp_kfc,0.001,0.023777870083486925,0.0003653981030280614,0.0011174096083940912,0.027860342860232597,0.37699259071856656,0.00018542780003847974,2.614121737617762,0.00015702556402175105,1.9870519457773165e-09,2.89687837448639e-08,2.777923027388616e-06,0.003793161241512205,2.6895893034752467e-12,0.005669614753639743,0.042055911504641975,6.368389798373728
8,head,patch_head,dp_kfc,0.001,0.9968351853017363,0.0004183977182812789,0.004654339264651062,0.2941471099173682,1.4892403778629189,5.009965858898391e-08,172.82028277007817,0.10052653253078461,0.08546323662156104,0.09924636683438667,0.11808948794133585,0.19263524663990136,-4.656613098385952e-09,0.20091810871751975,0.0010031748625499268,0.009947622531332873
9,patch_embed,patch_head,dp_kfc,0.001,0.2509732959484403,0.02538425896939727,0.049725640232788235,0.25971512848251965,4.190138026382541,0.016601232204667263,26.364793927138283,2.940831204985746e-05,2.3682533988536983e-07,6.841880826829007e-07,7.361010085390219e-06,0.0007929707345961781,2.390161778285836e-12,0.001478309566616939,0.003984487657226444,34.00399173895623
9,blocks.0.attn.q_proj,attention_qkv,dp_kfc,0.001,0.9971099616332376,0.12001971711431521,0.34103290169109574,1.6466794593159324,18.826913248711765,-3.86128374421513e-08,24.491485372722742,1.4352002558245165e-06,1.5273676968255165e-08,5.920249319876219e-08,3.9885931450391193e-07,3.244768322619901e-05,7.3938975980003045e-09,0.00010482995792712659,0.0010028984148970177,696.7668769160748
9,blocks.0.attn.k_proj,attention_qkv,dp_kfc,0.001,0.9971099616332376,0.12001971711431521,0.34103290169109574,1.6466794593159324,18.826913248711765,-3.86128374421513e-08,24.491485372722742,1.29054667185698e-07,2.0612987230091812e-12,7.38626896340864e-12,3.737306875244419e-11,6.966102598981064e-06,9.857983070781315e-13,1.0163096063379366e-05,0.0010028984148970177,7748.654285870115
9,blocks.0.attn.v_proj,attention_qkv,dp_kfc,0.001,0.9971099616332376,0.12001971711431521,0.34103290169109574,1.6466794593159324,18.826913248711765,-3.86128374421513e-08,24.491485372722742,2.2524696886942287e-05,9.851181180463704e-09,1.7809201622183577e-07,3.8211612286483625e-06,0.0006207334713892064,2.1000613020044537e-09,0.0010220515517021546,0.0010028984148970177,44.395713958739506
9,blocks.0.attn.out_proj,attention_out,dp_kfc,0.001,0.005892102201101298,5.061080743154522e-06,9.089145584565104e-05,0.0007513354333342877,0.0019884238038772855,1.2772586115990233e-06,1.088776488873939,0.05284912368127455,8.478776442639374e-05,0.00047126812112677815,0.007704555786256856,1.657665600425994,-4.6698125075045474e-08,2.211718207233541,0.16971871258667054,0.018921789621921755
9,blocks.0.mlp.fc1,mlp,dp_kfc,0.001,0.9971979723693176,0.12022080175317178,0.3406110093170273,1.6611842430447337,18.821179777970695,-2.7254307507721838e-08,24.48974835693002,8.285678152541998e-05,3.310546606806864e-08,2.1634936243004023e-07,5.577976056472455e-06,0.002290763514394983,1.6984844554794136e-08,0.01312642362584101,0.001002809901051067,12.069018149023877
9,blocks.0.mlp.fc2,mlp,dp_kfc,0.001,0.023971076200925714,0.0005192150117113274,0.0013504769797856818,0.03704664492240538,0.3799912567702777,0.00035988087940165694,2.141321990730426,0.0037392159556475235,5.822284691151143e-06,3.409086881016005e-05,0.0005376251998959852,0.11396257390263095,-9.890521721904023e-10,0.1523313779764219,0.041716942185573716,0.26743574371243534
9,blocks.1.attn.q_proj,attention_qkv,dp_kfc,0.001,0.9968785659019194,0.10037596898538108,0.32062342111583453,1.6347862317237045,18.896699627845017,-6.678932087757112e-08,25.205083348173453,1.0416358013169239e-07,9.596444784604927e-10,4.06575150790322e-09,2.5524235373281262e-08,3.109672066343153e-06,4.807488817044526e-10,7.102721773918811e-06,0.001003131207957367,9600.284463492093
9,blocks.1.attn.k_proj,attention_qkv,dp_kfc,0.001,0.9968785659019194,0.10037596898538108,0.32062342111583453,1.6347862317237045,18.896699627845017,-6.678932087757112e-08,25.205083348173453,1.0438402424980259e-08,1.9150888893030734e-11,1.5036791016323338e-10,1.166051103364759e-09,4.567368115513202e-07,8.175320625555155e-12,8.293793044939243e-07,0.001003131207957367,95800.10036850933
9,blocks.1.attn.v_proj,attention_qkv,dp_kfc,0.001,0.9968785659019194,0.10037596898538108,0.32062342111583453,1.6347862317237045,18.896699627845017,-6.678932087757112e-08,25.205083348173453,1.7335202281050972e-06,5.78433574314454e-10,1.2249723780147017e-08,2.7415837866599507e-07,4.814148242754962e-05,1.3706187943934697e-10,7.372063580441334e-05,0.001003131207957367,576.8608775295892
9,blocks.1.attn.out_proj,attention_out,dp_kfc,0.001,0.006091709074852602,4.248836662939649e-06,8.184757660094912e-05,0.0007936429767145316,0.0022149905168345673,8.772828191978689e-07,1.1247479843289911,0.003735849960927832,5.59870731100011e-06,3.319717613078189e-05,0.0005352736021187251,0.1137673496653663,-1.0768129758355619e-09,0.15302530485660873,0.16415754391951104,0.26767670288119416
9,blocks.1.mlp.fc1,mlp,dp_kfc,0.001,0.9959440138673535,0.10076177398872188,0.3198922172468332,1.6351768017695922,18.843598657855583,-5.7839255735649476e-08,25.186976045804325,4.1806100621692245e-05,1.6312034648614998e-08,1.0614961816652583e-07,2.9601888170279517e-06,0.0012143048529575154,8.485995147799691e-09,0.0064039323310261425,0.0010040725041530162,23.919953909337398
9,blocks.1.mlp.fc2,mlp,dp_kfc,0.001,0.023374925092618393,0.00048538919567715257,0.0012785995172913739,0.034766626767681885,0.3970144113961156,0.00029932990995390664,1.9909910421292931,0.0018401842142642029,2.6361950128527267e-06,1.6685892978825176e-05,0.00025736741720816476,0.057792876187570355,-4.112889382677357e-10,0.06736375651702439,0.04278088575846567,0.5434238552034584
9,blocks.2.attn.q_proj,attention_qkv,dp_kfc,0.001,0.996094796941688,0.08435776665483095,0.3054881114825338,1.6566342726116197,18.462094717158514,-3.790722817028644e-08,25.781977126412638,4.2446761466807814e-08,4.5316650830182737e-10,1.8332605126785547e-09,1.0901801437811816e-08,1.2852893791681417e-06,2.402177724718177e-10,2.205529088164224e-06,0.0010039205134594641,23558.923353480623
9,blocks.2.attn.k_proj,attention_qkv,dp_kfc,0.001,0.996094796941688,0.08435776665483095,0.3054881114825338,1.6566342726116197,18.462094717158514,-3.790722817028644e-08,25.781977126412638,5.1937008957881475e-09,9.154731733394541e-12,7.088621957329353e-11,6.144229973451274e-10,2.0559757813649466e-07,3.640292660205415e-12,5.037490305007351e-07,0.0010039205134594641,192540.9298812248
9,blocks.2.attn.v_proj,attention_qkv,dp_kfc,0.001,0.996094796941688,0.08435776665483095,0.3054881114825338,1.6566342726116197,18.462094717158514,-3.790722817028644e-08,25.781977126412638,9.518636892765404e-07,3.2382952582341473e-10,6.338088688941358e-09,1.2800422246674099e-07,2.4928315131073213e-05,1.0045925797277033e-10,3.886310260044979e-05,0.0010039205134594641,1050.5705924763718
9,blocks.2.attn.out_proj,attention_out,dp_kfc,0.001,0.006511246946195763,4.254315408952081e-06,7.577397123635512e-05,0.0008882201727620267,0.0025787457621493843,9.439963378497412e-07,1.2018641619822172,0.0018382455931108173,2.514098092734157e-06,1.6296452776188617e-05,0.0002534894906421402,0.05773453133195484,-5.462723499660196e-10,0.06733849781692056,0.1535804137461345,0.543996952174233
9,blocks.2.mlp.fc1,mlp,dp_kfc,0.001,0.9966309888992902,0.08448941541026983,0.30517918497317126,1.6639396201216288,18.456370965239433,-1.3157302543542416e-08,25.742224520060216,2.867151044313084e-05,1.0024126869134948e-08,6.724970572026813e-08,2.001980130805634e-06,0.0010012721263219224,5.212524687212499e-09,0.004367035946843111,0.0010033803997048403,34.877827660439195
9,blocks.2.mlp.fc2,mlp,dp_kfc,0.001,0.023847115429551844,0.00047186313562689924,0.0012873557744352943,0.034905564458906524,0.37581429747475675,0.0003136207821188167,2.2384091946530296,0.001189453613733349,1.6825003012756854e-06,1.1113400213764044e-05,0.00015393874120449644,0.03286810768213499,-2.767393743147961e-10,0.04421692955125051,0.041933792913199854,0.8407221504513244
9,blocks.3.attn.q_proj,attention_qkv,dp_kfc,0.001,0.9968143491547343,0.07622124156115212,0.299037421180363,1.7510960481428228,17.806577518524037,-2.6587408109034736e-08,26.021078521567247,4.1039676772676906e-08,3.1304724906602957e-10,1.3310802042442337e-09,9.115898723223355e-09,1.2291721064688197e-06,1.6724298436375552e-10,2.2112227063303023e-06,0.0010031958316490599,24366.663644528817
9,blocks.3.attn.k_proj,attention_qkv,dp_kfc,0.001,0.9968143491547343,0.07622124156115212,0.299037421180363,1.7510960481428228,17.806577518524037,-2.6587408109034736e-08,26.021078521567247,3.0721434526089636e-09,6.659761584835548e-12,5.4627781569457586e-11,5.042109561266261e-10,1.6721530860846666e-07,2.7625288975018945e-12,2.1469314315728297e-07,0.0010031958316490599,325505.6332577073
9,blocks.3.attn.v_proj,attention_qkv,dp_kfc,0.001,0.9968143491547343,0.07622124156115212,0.299037421180363,1.7510960481428228,17.806577518524037,-2.6587408109034736e-08,26.021078521567247,6.071859769048633e-07,1.6544369235828768e-10,3.841839777831879e-09,7.226127051932469e-08,1.5476416790907304e-05,4.0251353672779095e-11,2.249079128285386e-05,0.0010031958316490599,1646.9418564267742
9,blocks.3.attn.out_proj,attention_out,dp_kfc,0.001,0.0068026251478393324,4.049468639286343e-06,7.584116156521617e-05,0.0009231868530746468,0.0029826690214974833,9.419908514156175e-07,1.255206780773041,0.0011888306503351487,1.6350339710555411e-06,1.0875498635559966e-05,0.0001511677234023214,0.03291253197701024,-2.9931885323079594e-10,0.044177631839197797,0.1470020732095789,0.8411627002702912
9,blocks.3.mlp.fc1,mlp,dp_kfc,0.001,0.9966012152983117,0.07611470922235003,0.2983441403784244,1.74718924723358,17.823167794712365,-1.5592107651763463e-08,25.946796824282632,2.044462926873806e-05,6.637469773335253e-09,4.667231693992074e-08,1.4635859362255757e-06,0.0007090827468073053,3.4439208146892967e-09,0.0028014253815836884,0.001003410375834903,48.91260129275628
9,blocks.3.mlp.fc2,mlp,dp_kfc,0.001,0.0238448950281592,0.0004563542673356111,0.0012609853085986365,0.03240227373360961,0.3553681911283263,0.0003025644878376218,2.1848048994913283,0.0008509937615978439,1.3261325559165832e-06,8.009402245246667e-06,9.360353530956782e-05,0.02357418567504515,-2.2413239090701174e-10,0.029435882076051637,0.04193769772603604,1.1750967458590753
9,blocks.4.attn.q_proj,attention_qkv,dp_kfc,0.001,0.9975646156721165,0.067580780165367,0.28230791169015446,1.7913299427282343,18.11294502378911,-2.188029162045645e-08,25.978153579375306,2.5561273624361926e-08,1.9577336727990727e-10,8.347670433353414e-10,6.476360838405134e-09,6.727126981929773e-07,9.647533375877524e-11,1.8402041110123946e-06,0.001002441329904472,39121.681286135936
9,blocks.4.attn.k_proj,attention_qkv,dp_kfc,0.001,0.9975646156721165,0.067580780165367,0.28230791169015446,1.7913299427282343,18.11294502378911,-2.188029162045645e-08,25.978153579375306,1.9690901706118204e-09,4.732642264566733e-12,3.851266572089848e-11,3.671807811139193e-10,9.641139944784679e-08,1.8927700459541763e-12,1.419842120467276e-07,0.001002441329904472,507848.75925173494
9,blocks.4.attn.v_proj,attention_qkv,dp_kfc,0.001,0.9975646156721165,0.067580780165367,0.28230791169015446,1.7913299427282343,18.11294502378911,-2.188029162045645e-08,25.978153579375306,4.152382755047886e-07,1.2428442489142375e-10,2.699731548077513e-09,4.8833830458066595e-08,1.181935097834209e-05,2.538696261022827e-11,1.3469153611341977e-05,0.001002441329904472,2408.2558352414403
9,blocks.4.attn.out_proj,attention_out,dp_kfc,0.001,0.007159583918298499,3.515965058304876e-06,7.47560082805233e-05,0.0009822891081507706,0.0031277763083570934,9.556172264994208e-07,1.3192438232847246,0.0008500553164291583,1.3049369453471885e-06,7.78079308315648e-06,9.188479900562946e-05,0.023520666387891413,-2.32404021889216e-10,0.0294411705576116,0.13967292113780458,1.176394030685811
9,blocks.4.mlp.fc1,mlp,dp_kfc,0.001,0.996707680003013,0.06770109943471839,0.28092726534658263,1.7837700071464835,18.04462339748941,-4.6761547984044725e-08,25.938123497543696,1.4640633596879615e-05,5.008218104634536e-09,3.633511980993067e-08,1.1233162536652085e-06,0.0005643249815305635,2.540662321751552e-09,0.0019586516537208184,0.0010033031951725074,68.30305487688264
9,blocks.4.mlp.fc2,mlp,dp_kfc,0.001,0.02361456110409821,0.00043488860738451007,0.001224967884418969,0.03278198963777594,0.36341733641766527,0.0002917404419970566,2.31129453379192,0.0006531415337273453,1.0874145025450105e-06,6.085249040768075e-06,6.50647390621216e-05,0.01710239862894421,-1.493021980264278e-10,0.023896839860693332,0.042346753581054455,1.5310617199509642
9,blocks.5.attn.q_proj,attention_qkv,dp_kfc,0.001,0.9970534778938392,0.06134471460827861,0.27114264862480736,1.809074725475599,17.828557015516438,-2.8948935473562554e-08,24.912756008395895,1.5911657711327926e-08,1.4100230251058752e-10,6.249207617672267e-10,4.566018156971253e-09,3.6136003148258263e-07,7.128557072154518e-11,1.2260043444556515e-06,0.0010029552297559656,62847.00300510322
9,blocks.5.attn.k_proj,attention_qkv,dp_kfc,0.001,0.9970534778938392,0.06134471460827861,0.27114264862480736,1.809074725475599,17.828557015516438,-2.8948935473562554e-08,24.912756008395895,1.677920703060364e-09,3.370674417153813e-12,2.918740326074302e-11,3.2696740476052954e-10,7.848416048096242e-08,1.4685095221205529e-12,1.3398399121515096e-07,0.0010029552297559656,595975.7205308317
9,blocks.5.attn.v_proj,attention_qkv,dp_kfc,0.001,0.9970534778938392,0.06134471460827861,0.27114264862480736,1.809074725475599,17.828557015516438,-2.8948935473562554e-08,24.912756008395895,3.204884366595865e-07,9.615403140061797e-11,2.1769984734953e-09,3.13085592936471e-08,8.842028906805453e-06,2.1855717336469888e-11,1.1032157796950618e-05,0.0010029552297559656,3120.237380240246
9,blocks.5.attn.out_proj,attention_out,dp_kfc,0.001,0.008110230678355881,3.624548436393546e-06,7.175727130775748e-05,0.0011275583655108816,0.0034278640977455574,8.552135960252416e-07,1.4998318919058176,0.0006526441654841619,1.084582863607553e-06,5.9900078550001495e-06,6.34212551308689e-05,0.017100214532658097,-1.6306561088609133e-10,0.02391641813567424,0.12330105513135929,1.5322285142289647
9,blocks.5.mlp.fc1,mlp,dp_kfc,0.001,0.997036932354764,0.0607721620952892,0.2721478899960782,1.8064227467378065,17.794723864545393,-2.994119730687568e-08,24.931676627282688,1.185947997788909e-05,4.005718443901706e-09,3.123357587169485e-08,9.142767350541006e-07,0.0004398742878270138,1.928408752168163e-09,0.001733456463793069,0.0010029718735074717,84.32072922796009
9,blocks.5.mlp.fc2,mlp,dp_kfc,0.001,0.023463664343883375,0.0004218355537341872,0.001197491883662596,0.031934119901660334,0.35415550702018905,0.00027266624472560346,2.3299953339551287,0.0005341005176736264,8.138693922722764e-07,4.70100004285473e-06,4.477767366873393e-05,0.014250641835419778,-1.0200468264359547e-10,0.01940136286495515,0.04261908904525755,1.8723067417266042
9,blocks.6.attn.q_proj,attention_qkv,dp_kfc,0.001,0.9968772535188211,0.057067364498370514,0.262383964881879,1.7549940146802319,17.767442956103604,-4.054714083190611e-08,24.854761281436797,1.808643577266844e-08,1.2302780833038893e-10,5.811647115241128e-10,3.837229944287788e-09,3.464731647390306e-07,6.068833028752912e-11,1.7979478962330896e-06,0.00100313252857376,55290.05341733297
9,blocks.6.attn.k_proj,attention_qkv,dp_kfc,0.001,0.9968772535188211,0.057067364498370514,0.262383964881879,1.7549940146802319,17.767442956103604,-4.054714083190611e-08,24.854761281436797,1.5316376336353456e-09,3.3920715789076927e-12,2.958218005337478e-11,3.616747841038807e-10,6.069104555164565e-08,1.4543476768915181e-12,1.3305667328652745e-07,0.00100313252857376,652895.9448629488
9,blocks.6.attn.v_proj,attention_qkv,dp_kfc,0.001,0.9968772535188211,0.057067364498370514,0.262383964881879,1.7549940146802319,17.767442956103604,-4.054714083190611e-08,24.854761281436797,2.606230053436853e-07,6.943383683953863e-11,1.6606706879090084e-09,2.3778541285071834e-08,7.2254362418458e-06,1.6772126168296377e-11,9.982462092417865e-06,0.00100313252857376,3836.9598212609562
9,blocks.6.attn.out_proj,attention_out,dp_kfc,0.001,0.007990168309692111,3.229328254031709e-06,7.044012466998314e-05,0.0011531266777522332,0.00384683046538072,8.622375265746613e-07,1.4726931024616003,0.0005336842507025115,8.194278928322459e-07,4.570360033722235e-06,4.402588106973845e-05,0.014269011403803945,-1.9980519392897035e-10,0.01933569124331287,0.1251538091865969,1.8737671173238803
9,blocks.6.mlp.fc1,mlp,dp_kfc,0.001,0.9962064773616396,0.05731062188018201,0.2627006679325922,1.7526726083743445,17.70287571127125,-7.525829384685366e-08,24.745955517199935,1.0068062230530564e-05,3.277905715761335e-09,2.727668033504139e-08,7.719457292039663e-07,0.00038411065414937384,1.5540161359402058e-09,0.0014627600663785901,0.001003807968252131,99.32397884546074
9,blocks.6.mlp.fc2,mlp,dp_kfc,0.001,0.023892461264116014,0.00042194353442634143,0.0012120283043151202,0.03186624031985793,0.3706754445440953,0.00028112157805887427,2.306901243811858,0.0004330454260449793,6.419606216673761e-07,3.436591428817574e-06,3.2427192270367304e-05,0.011716153687876407,-1.270966784989108e-10,0.01541796147535849,0.041854206184353884,2.3092265611324865
9,blocks.7.attn.q_proj,attention_qkv,dp_kfc,0.001,0.9974359636788541,0.05273722058230174,0.24858618234639765,1.8244880968878818,17.81360420144141,-1.919135585196043e-08,24.38990009355785,1.0308435865041357e-08,7.708934231324412e-11,3.545515382122557e-10,2.5309343516373612e-09,2.6797010054193097e-07,3.75291312205078e-11,6.88671298835732e-07,0.0010025706275034328,97007.92759367748
9,blocks.7.attn.k_proj,attention_qkv,dp_kfc,0.001,0.9974359636788541,0.05273722058230174,0.24858618234639765,1.8244880968878818,17.81360420144141,-1.919135585196043e-08,24.38990009355785,8.628116570275242e-10,2.664001280200054e-12,2.3326458973857483e-11,2.779821567409028e-10,4.015067758604162e-08,8.668355084385042e-13,6.013486061904029e-08,0.0010025706275034328,1159001.4945383375
9,blocks.7.attn.v_proj,attention_qkv,dp_kfc,0.001,0.9974359636788541,0.05273722058230174,0.24858618234639765,1.8244880968878818,17.81360420144141,-1.919135585196043e-08,24.38990009355785,2.007785303385449e-07,5.83143067602232e-11,1.2226656057683284e-09,1.932969594888204e-08,5.829532225027537e-06,1.3258113054351609e-11,8.135678612980814e-06,0.0010025706275034328,4980.612211444317
9,blocks.7.attn.out_proj,attention_out,dp_kfc,0.001,0.0085569936100519,3.0807462920532845e-06,6.908275659256216e-05,0.001140181303226044,0.003800194230531342,8.834933252326996e-07,1.5815871437971687,0.00043290784030129237,6.231103153354204e-07,3.24369338715561e-06,3.2031524986702675e-05,0.01170457069073982,-1.6870361527170075e-10,0.015419386330425602,0.11686347396885982,2.3099604740446065
9,blocks.7.mlp.fc1,mlp,dp_kfc,0.001,0.9966960205006477,0.05294804325932219,0.24804065300320924,1.803259802588934,17.810390992102086,-1.7648106592762356e-08,24.37475053369557,7.967064890747794e-06,2.7037365353687654e-09,2.3785572915679414e-08,6.363505923083688e-07,0.000292201658744581,1.271488648526912e-09,0.0012605551751228624,0.001003314931966612,125.51673843667405
9,blocks.7.mlp.fc2,mlp,dp_kfc,0.001,0.023599847885979866,0.00040583346385322176,0.0011659458722457056,0.029980364456694848,0.371765099377702,0.0002734530463419739,2.4168429733429844,0.00033998783764369966,4.4985867675553295e-07,2.3972684446962274e-06,2.2094029690972095e-05,0.00877682617952455,-1.124289474724027e-10,0.013072391673181572,0.0423731544724946,2.9412816850465684
9,blocks.8.attn.q_proj,attention_qkv,dp_kfc,0.001,0.9960086481558844,0.0491403031424235,0.23842068765544272,1.7962719061006047,17.837423334219242,-1.2911783278513296e-08,24.67709913621932,9.094793159321785e-09,6.727058778383139e-11,3.0139961928111664e-10,2.2580775963222166e-09,2.371352625357421e-07,2.942691305184307e-11,5.403193299590812e-07,0.0010040073465742549,109953.02284308044
9,blocks.8.attn.k_proj,attention_qkv,dp_kfc,0.001,0.9960086481558844,0.0491403031424235,0.23842068765544272,1.7962719061006047,17.837423334219242,-1.2911783278513296e-08,24.67709913621932,8.407669945995587e-10,2.135349015156368e-12,2.0607630758111725e-11,2.4535294240012995e-10,3.8776266270828946e-08,9.241777904386762e-13,6.507387166876953e-08,0.0010040073465742549,1189390.1716209506
9,blocks.8.attn.v_proj,attention_qkv,dp_kfc,0.001,0.9960086481558844,0.0491403031424235,0.23842068765544272,1.7962719061006047,17.837423334219242,-1.2911783278513296e-08,24.67709913621932,1.5016482813693757e-07,4.223233759650968e-11,8.176775880153148e-10,1.29838471529876e-08,3.7892819257615257e-06,1.1157927134939968e-11,5.8540268252224296e-06,0.0010040073465742549,6659.349012726768
9,blocks.8.attn.out_proj,attention_out,dp_kfc,0.001,0.008066305051644579,3.1861609068158523e-06,6.553268886139754e-05,0.0012430903963454845,0.004469674336969017,6.780998682512618e-07,1.4818281155550133,0.0003395044694040431,4.362770182546486e-07,2.3234754311494604e-06,2.2065704007911036e-05,0.008764405332962183,-1.507635851095369e-10,0.013043929486633542,0.12397249962622199,2.945469324027966
9,blocks.8.mlp.fc1,mlp,dp_kfc,0.001,0.9969905963833469,0.04925537398049289,0.23798653588277172,1.7923412810607517,17.815563364826392,-4.7096334551983943e-08,24.625075154267293,6.6045202429439636e-06,1.9186964810067785e-09,1.85967634661215e-08,4.965026500947256e-07,0.0002391367986276172,8.855428198061915e-10,0.0010196930971247435,0.0010030184874637435,151.4114520382256
9,blocks.8.mlp.fc2,mlp,dp_kfc,0.001,0.0237818264180821,0.00040217726517929956,0.0011833422297828264,0.029437633424925516,0.398467278807527,0.0002600816821504974,2.399471491087738,0.00028324225485221177,3.261722087436677e-07,1.7055439769900817e-06,1.6449669573578174e-05,0.007215469264969409,-9.156106568759677e-11,0.010862734097339892,0.042048915100972535,3.53054667115884
9,blocks.9.attn.q_proj,attention_qkv,dp_kfc,0.001,0.9967134406529561,0.04757011087599147,0.22658569623497013,1.7950338682606308,17.869654317573758,-3.1355209642521463e-08,25.41008389159538,6.933370774210579e-09,5.201331577792764e-11,2.4749196027956335e-10,1.7770714900341667e-09,1.8941484918692804e-07,2.3075600322444695e-11,4.099557662881564e-07,0.001003297396436122,144229.99037057243
9,blocks.9.attn.k_proj,attention_qkv,dp_kfc,0.001,0.9967134406529561,0.04757011087599147,0.22658569623497013,1.7950338682606308,17.869654317573758,-3.1355209642521463e-08,25.41008389159538,6.472237247465873e-10,1.8612533282321972e-12,1.8634459393786788e-11,1.9632451771740306e-10,3.296820765138301e-08,7.372208792172359e-13,4.1993948537192407e-08,0.001003297396436122,1545060.7908286087
9,blocks.9.attn.v_proj,attention_qkv,dp_kfc,0.001,0.9967134406529561,0.04757011087599147,0.22658569623497013,1.7950338682606308,17.869654317573758,-3.1355209642521463e-08,25.41008389159538,1.1756577039667704e-07,2.708462384339077e-11,5.821370980800176e-10,8.360765804112382e-09,3.048237952217001e-06,4.667267631309661e-12,4.034892260337364e-06,0.001003297396436122,8505.877149666216
9,blocks.9.attn.out_proj,attention_out,dp_kfc,0.001,0.008629195406909916,2.916819921800456e-06,6.394957072007369e-05,0.001244256133770612,0.004382113593147212,6.980231323801002e-07,1.5880461763246985,0.0002834068234278675,3.225112225399169e-07,1.6393860272376018e-06,1.6335252784484776e-05,0.007227101686524342,-1.3856061780589692e-10,0.010871239902203133,0.11588565942071954,3.5284965545457987
9,blocks.9.mlp.fc1,mlp,dp_kfc,0.001,0.9968803089517386,0.04772446822249065,0.22679183741826073,1.7940879037653297,17.828520270931982,-5.911044178286931e-08,25.446873841145557,5.2278612512196565e-06,1.5149932016917613e-09,1.5830958025519572e-08,3.978962364449951e-07,0.00021531732132157205,6.581653902685174e-10,0.0007198560436290081,0.0010031294539778219,191.2828118318367
9,blocks.9.mlp.fc2,mlp,dp_kfc,0.001,0.022779809618647295,0.00037825898673476483,0.001111792499840217,0.02771879380505895,0.36286147473538544,0.00024996925111796475,2.3805140197262955,0.00023389660981365523,2.2780618830337974e-07,1.0725411387431004e-06,1.1166718413151106e-05,0.0059428756693543725,-8.525009707309818e-11,0.008508230815410257,0.04389852315453117,4.2753933064557765
9,blocks.10.attn.q_proj,attention_qkv,dp_kfc,0.001,0.9955765286875513,0.04428061490829082,0.22654899576641505,1.841391633846267,17.627657865111782,-2.917481126099041e-08,25.127014524567187,4.403428373380794e-09,3.847193155049365e-11,1.885412719873195e-10,1.4593538726426506e-09,1.536509489762322e-07,1.677808209205797e-11,1.7545218017585144e-07,0.001004443125349972,227095.77974405338
9,blocks.10.attn.k_proj,attention_qkv,dp_kfc,0.001,0.9955765286875513,0.04428061490829082,0.22654899576641505,1.841391633846267,17.627657865111782,-2.917481126099041e-08,25.127014524567187,5.035690363503799e-10,1.59271946420524e-12,1.5148471905374225e-11,1.8493956568021105e-10,2.0690014899097075e-08,5.669776577081758e-13,3.667889919478202e-08,0.001004443125349972,1985825.0365183433
9,blocks.10.attn.v_proj,attention_qkv,dp_kfc,0.001,0.9955765286875513,0.04428061490829082,0.22654899576641505,1.841391633846267,17.627657865111782,-2.917481126099041e-08,25.127014524567187,9.859986008220467e-08,1.9568071198133035e-11,3.8284723828250105e-10,6.8785838894642415e-09,2.5728034016062923e-06,4.616356040316562e-12,3.4913730305720576e-06,0.001004443125349972,10142.00222156786
9,blocks.10.attn.out_proj,attention_out,dp_kfc,0.001,0.008853986708072154,2.9845087276406114e-06,6.304449395787517e-05,0.0013666536340006064,0.004994536812262308,7.613869824153355e-07,1.6254749217926188,0.00023387145932929343,2.1659066047561466e-07,1.0480221536895284e-06,1.1001710588732885e-05,0.005942787866142847,-8.299467856141543e-11,0.008510224541953614,0.11294347201676991,4.275853081294497
9,blocks.10.mlp.fc1,mlp,dp_kfc,0.001,0.996994311018929,0.044524781783941196,0.22688680699473177,1.8386274259947175,17.614934705354678,-3.53853806746441e-08,25.077336393123613,4.5631503089634444e-06,1.133449079748007e-09,1.3633711817281837e-08,3.332999915949931e-07,0.00022331108294394202,4.216355152340262e-10,0.0006540093435952798,0.0010030147503830781,219.14684643100392
9,blocks.10.mlp.fc2,mlp,dp_kfc,0.001,0.023668739254379303,0.00037391705080639114,0.0011277864075187728,0.02827549663574776,0.3578963670568622,0.0002426489520406493,2.533444508315563,0.00018924131230354152,1.1142162711249179e-07,5.424534798496073e-07,6.682899735430727e-06,0.004870396094154027,-7.289009913052785e-11,0.006750357042941179,0.04224982113548677,5.284258430823013
9,blocks.11.attn.q_proj,attention_qkv,dp_kfc,0.001,0.9975173884105188,0.04330203584901644,0.21973873657079007,1.8327230211732497,17.677587875355147,-3.520007914047354e-08,25.01044022289465,4.409794226248783e-09,3.3955374045164414e-11,1.5682775710571795e-10,1.1539752163691006e-09,1.5037797502515676e-07,1.6867025529067793e-11,1.880126433541724e-07,0.0010024887902890967,226767.95076913506
9,blocks.11.attn.k_proj,attention_qkv,dp_kfc,0.001,0.9975173884105188,0.04330203584901644,0.21973873657079007,1.8327230211732497,17.677587875355147,-3.520007914047354e-08,25.01044022289465,4.228094553254622e-10,1.3074702780966955e-12,1.4124119285927779e-11,1.863255530816853e-10,2.0144555361782274e-08,5.22466778074442e-13,2.6362358461104146e-08,0.0010024887902890967,2365131.5915587535
9,blocks.11.attn.v_proj,attention_qkv,dp_kfc,0.001,0.9975173884105188,0.04330203584901644,0.21973873657079007,1.8327230211732497,17.677587875355147,-3.520007914047354e-08,25.01044022289465,7.88089705624125e-08,8.442668524278095e-12,1.8534284224507302e-10,3.763778572464198e-09,2.002897824464576e-06,1.79546625700446e-12,3.1070823481459978e-06,0.0010024887902890967,12688.910829104834
9,blocks.11.attn.out_proj,attention_out,dp_kfc,0.001,0.009190090912951572,2.738860924247454e-06,6.1151124386895e-05,0.0013232101846688844,0.005238668036443895,7.009754149420821e-07,1.6924230329713565,0.0001890916498155093,1.0069685583845755e-07,5.010748415621206e-07,6.654444368577163e-06,0.004865481257057112,-2.6765154080716977e-13,0.006745867366469061,0.10881285174129263,5.28844082208637
9,blocks.11.mlp.fc1,mlp,dp_kfc,0.001,0.9967644807588252,0.043422463019521934,0.21955206689656562,1.8367757589580864,17.608297830968613,-4.5566347255090855e-08,24.920249625121425,3.7822287710168045e-06,7.589182842789718e-10,1.0583283648310948e-08,2.6508530689726186e-07,0.00018955924718502734,2.5943817988718636e-10,0.0005508198090719327,0.0010032460218071893,264.39437182197804
9,blocks.11.mlp.fc2,mlp,dp_kfc,0.001,0.02387705595887742,0.00036848763291534917,0.0011273387913647945,0.02815030033229015,0.3697999417437543,0.00018694761394770056,2.6094047772586655,0.0001625812573706753,2.786580333700808e-09,3.650531406631246e-08,3.6316780590486206e-06,0.0038911986010726333,4.820097083363776e-12,0.006127474924626151,0.0418812102179709,6.150770489614687
9,head,patch_head,dp_kfc,0.001,0.9957965437535178,0.0004714150544197514,0.004997074090703249,0.3278550236235878,1.6285934377673499,2.2973629453678515e-07,170.64124599199968,0.10228585526347161,0.08304453422608087,0.10088643995313551,0.11933399692785045,0.2051528991907827,7.450577153637653e-10,0.21468833277555294,0.0010042211998754665,0.009776522838120322
10,patch_embed,patch_head,dp_kfc,0.001,0.25097329623910014,0.02529131946601836,0.04958267808776758,0.25908379768962864,4.185963061318806,0.016598774745924503,26.368681207057453,3.4360019315708236e-05,2.786329449841181e-07,7.890441113032472e-07,9.34009226018029e-06,0.0009189290553997875,-1.7273261272898945e-12,0.0017958726711899335,0.003984487652611887,29.10359248671417
10,blocks.0.attn.q_proj,attention_qkv,dp_kfc,0.001,0.9965362533386507,0.11875032152213015,0.33897402966176393,1.6455878848134522,18.823217184567707,3.541376236474667e-09,24.52560746365185,1.5016036657803746e-06,1.715709103889077e-08,6.651799559815402e-08,4.464253295605987e-07,3.849160372417906e-05,8.305403219914605e-09,9.902374300406025e-05,0.001003475785903167,665.9546875042463
10,blocks.0.attn.k_proj,attention_qkv,dp_kfc,0.001,0.9965362533386507,0.11875032152213015,0.33897402966176393,1.6455878848134522,18.823217184567707,3.541376236474667e-09,24.52560746365185,1.47615455596572e-07,2.2088424142991743e-12,8.44011592334357e-12,4.2463220386638764e-11,8.181178541005055e-06,1.2363064757746098e-12,1.1156833117453795e-05,0.001003475785903167,6774.358389225624
10,blocks.0.attn.v_proj,attention_qkv,dp_kfc,0.001,0.9965362533386507,0.11875032152213015,0.33897402966176393,1.6455878848134522,18.823217184567707,3.541376236474667e-09,24.52560746365185,2.593557872998531e-05,1.2429639538152947e-08,2.1592232624804334e-07,5.106118859863102e-06,0.0007119887801949014,2.8080729049164562e-09,0.0011604086585691965,0.001003475785903167,38.55707290787594
10,blocks.0.attn.out_proj,attention_out,dp_kfc,0.001,0.005885924245357523,5.053883077494247e-06,9.017053806349351e-05,0.0007480718586144134,0.001957256922663714,1.2914395245581833e-06,1.0875464076054224,0.0615993605266946,0.00010553852222816191,0.000553624563213777,0.01015757221691141,1.8632586252871366,-5.35434959772299e-08,2.6742665792032083,0.16989685193259874,0.01623393475921948
10,blocks.0.mlp.fc1,mlp,dp_kfc,0.001,0.9964580853985999,0.11883778893933997,0.3388796887925348,1.6610415957766411,18.813615421359682,-3.929254008491454e-08,24.510014955513963,9.879001448021008e-05,4.000603194692884e-08,2.613177165602799e-07,6.842544241288687e-06,0.002836619058654253,2.0695602670312633e-08,0.016771735285603415,0.0010035545043522661,10.122480548885061
10,blocks.0.mlp.fc2,mlp,dp_kfc,0.001,0.024130159982943954,0.0005222180646023236,0.0013632219798955124,0.03664592084153351,0.38887358808736305,0.0003612712793575999,2.177057555356746,0.00443632401099118,7.168423778174535e-06,4.0630559453217126e-05,0.0007811879952674179,0.1279433602390946,-1.3649321050946544e-09,0.1900000144075297,0.04144191338585551,0.22541184943265138
10,blocks.1.attn.q_proj,attention_qkv,dp_kfc,0.001,0.9963062362349713,0.09931473989959791,0.3239480023178386,1.6284446061617273,18.869653117989948,-3.9132188532517666e-08,25.292399818534093,1.1383234156207381e-07,1.1549140225281086e-09,4.775737445834445e-09,3.021413201359786e-08,3.186278960660585e-06,5.653265650965373e-10,7.239713862289706e-06,0.0010037074582399357,8784.849597903518
10,blocks.1.attn.k_proj,attention_qkv,dp_kfc,0.001,0.9963062362349713,0.09931473989959791,0.3239480023178386,1.6284446061617273,18.869653117989948,-3.9132188532517666e-08,25.292399818534093,1.1974022448192853e-08,2.2747340761338805e-11,1.7276707913089364e-10,1.3802200701773489e-09,5.381538088325789e-07,9.50228952813197e-12,9.373867252798992e-07,0.0010037074582399357,83514.12437438034
10,blocks.1.attn.v_proj,attention_qkv,dp_kfc,0.001,0.9963062362349713,0.09931473989959791,0.3239480023178386,1.6284446061617273,18.869653117989948,-3.9132188532517666e-08,25.292399818534093,2.049553042689685e-06,7.349264587378337e-10,1.5712531821867965e-08,3.2824902844853276e-07,6.024755232672688e-05,1.9841395066144123e-10,8.877837520731157e-05,0.0010037074582399357,487.91125634283287
10,blocks.1.attn.out_proj,attention_out,dp_kfc,0.001,0.0060956146432493375,4.228069729560317e-06,8.353901650224095e-05,0.000800236223446687,0.002196797583438169,8.831138776104514e-07,1.1253278449208035,0.004434045658247972,6.7488122206527985e-06,3.9382412982363744e-05,0.0007740117235605358,0.12774283746104023,-1.1941640836508722e-09,0.19072431447526272,0.16405236527008185,0.22552767316228559
10,blocks.1.mlp.fc1,mlp,dp_kfc,0.001,0.995303543738133,0.0997842686914393,0.3243605206078399,1.6295444807492157,18.81614960279467,-7.446008276308382e-09,25.26415409025491,4.975355433530411e-05,1.9628598822571166e-08,1.2683458276013896e-07,3.594592029826879e-06,0.0015035520329477667,1.0336976327382106e-08,0.007305493044719419,0.001004718617040414,20.09906655634491
10,blocks.1.mlp.fc2,mlp,dp_kfc,0.001,0.023439434306122005,0.00048710437349184035,0.0012856971995987081,0.035219772252151324,0.4031144979378457,0.00030210452580757254,2.007943744343262,0.0021680019596412117,3.1568582882764695e-06,2.101871754758082e-05,0.00034571491640608763,0.06314377553660554,-4.2747004699774046e-10,0.08092914565321904,0.04266314566042304,0.46125419562143416
10,blocks.2.attn.q_proj,attention_qkv,dp_kfc,0.001,0.9954078713229284,0.08441175253080414,0.3069977182379408,1.6609499839312278,18.37775005409718,-3.111650236900097e-08,26.129529644238076,5.144956491861159e-08,5.730128087288419e-10,2.245236802089658e-09,1.4127291634889858e-08,1.5072841464344977e-06,2.8032127281992115e-10,2.5207410625720106e-06,0.0010046133136067817,19436.51032971623
10,blocks.2.attn.k_proj,attention_qkv,dp_kfc,0.001,0.9954078713229284,0.08441175253080414,0.3069977182379408,1.6609499839312278,18.37775005409718,-3.111650236900097e-08,26.129529644238076,6.0288968268661786e-09,1.1099316189802101e-11,8.230199499804378e-11,7.720183758597553e-10,2.4325486988009126e-07,4.2271356184703215e-12,5.837319514568844e-07,0.0010046133136067817,165867.82436610383
10,blocks.2.attn.v_proj,attention_qkv,dp_kfc,0.001,0.9954078713229284,0.08441175253080414,0.3069977182379408,1.6609499839312278,18.37775005409718,-3.111650236900097e-08,26.129529644238076,1.1167288459142573e-06,4.1388276761685e-10,7.828658645074872e-09,1.674047224470222e-07,2.9393616206471785e-05,1.1522406853549074e-10,4.299975494070191e-05,0.0010046133136067817,895.4725255451852
10,blocks.2.attn.out_proj,attention_out,dp_kfc,0.001,0.006472880010634246,4.053942091710067e-06,7.753983351154203e-05,0.0008695642855216692,0.002388585646410764,9.040782080940433e-07,1.1949071874623332,0.0021653661654757643,3.0007353644266965e-06,2.0196783133912775e-05,0.0003429157927637265,0.06311849564760956,-5.915879661907383e-10,0.0807215148982678,0.15449073648161366,0.4618156577597972
10,blocks.2.mlp.fc1,mlp,dp_kfc,0.001,0.9960242352337417,0.0842869449179217,0.3080396344345373,1.667171714764767,18.378237563996475,-2.4506651012351438e-08,26.09412806833706,3.3260005972812756e-05,1.2001731097497334e-08,7.984382594971578e-08,2.425773568046107e-06,0.0012024896309336041,6.33858097144717e-09,0.005432269371198037,0.0010039916345663269,30.066140120883187
10,blocks.2.mlp.fc2,mlp,dp_kfc,0.001,0.023999766290420364,0.00047617795366139973,0.0012982345927174054,0.03535336754274206,0.37876358633094315,0.0003143880339264865,2.28728661501715,0.0013738456307995268,2.100199750212874e-06,1.3713870641481863e-05,0.00021516963420194728,0.034532016509185436,-2.2971612830511645e-10,0.0526756218223857,0.0416670724164158,0.7278838157515829
10,blocks.3.attn.q_proj,attention_qkv,dp_kfc,0.001,0.996419679624429,0.07526245808040746,0.2946530344852135,1.7692149681438716,17.655272506143206,-6.290859528486539e-09,26.350048765354916,4.997189620205751e-08,3.6648939113999004e-10,1.5627667915019325e-09,1.0826218101223197e-08,1.4629814976834524e-06,1.92798379286656e-10,2.681927990314338e-06,0.0010035931851295034,20011.24784131819
10,blocks.3.attn.k_proj,attention_qkv,dp_kfc,0.001,0.996419679624429,0.07526245808040746,0.2946530344852135,1.7692149681438716,17.655272506143206,-6.290859528486539e-09,26.350048765354916,3.621804679154854e-09,8.174466390294075e-12,6.821114463346769e-11,6.128154628975329e-10,1.8932058841029209e-07,3.499367097617526e-12,2.437699709844556e-07,0.0010035931851295034,276105.4470318232
10,blocks.3.attn.v_proj,attention_qkv,dp_kfc,0.001,0.996419679624429,0.07526245808040746,0.2946530344852135,1.7692149681438716,17.655272506143206,-6.290859528486539e-09,26.350048765354916,6.930407558206989e-07,2.1003034247052926e-10,4.8668525996255924e-09,9.776108760721726e-08,1.742701010933849e-05,6.015038674915526e-11,2.6934688561267082e-05,0.0010035931851295034,1442.9165840554356
10,blocks.3.attn.out_proj,attention_out,dp_kfc,0.001,0.006811037628354693,4.075235045184873e-06,7.623786286903007e-05,0.0009300490730523242,0.0029454657497132775,9.342409136241128e-07,1.2567408163292362,0.0013736331407017133,1.9610167363387984e-06,1.3415923935200979e-05,0.00021434812799490168,0.03460347021736277,-3.5050998896649006e-10,0.0526936836766595,0.14682050732430982,0.7279964135760115
10,blocks.3.mlp.fc1,mlp,dp_kfc,0.001,0.996158099236266,0.0756801564939469,0.2942183334684512,1.7656115386885356,17.67946355378403,-5.380962960260893e-08,26.2839469595304,2.3346622090479142e-05,8.114006580300834e-09,5.5899953874080766e-08,1.819214367362367e-06,0.0008251948164325851,4.31146602715989e-09,0.003509047154931037,0.0010038567178911456,42.832748828696914
10,blocks.3.mlp.fc2,mlp,dp_kfc,0.001,0.023905463949068704,0.0004599048023141971,0.0012709268632194912,0.03277331592584258,0.35881487678094465,0.00030597516632893164,2.2110839097773063,0.0009555524983776801,1.5911233345477915e-06,9.725642859947352e-06,0.0001292294152419425,0.025437727804998787,-1.936886897059868e-10,0.03434290760001095,0.0418314408007529,1.0465149760978931
10,blocks.4.attn.q_proj,attention_qkv,dp_kfc,0.001,0.9972591780010283,0.06740307886108256,0.2830904119400295,1.7715331120904205,17.966833236725563,-5.581377807003934e-09,26.473822321124874,2.9578469324294716e-08,2.1069024414273556e-10,9.69191753115925e-10,7.533773365458599e-09,7.322484854576336e-07,1.0655794989099421e-10,2.152285466580778e-06,0.001002748354750132,33808.375580092485
10,blocks.4.attn.k_proj,attention_qkv,dp_kfc,0.001,0.9972591780010283,0.06740307886108256,0.2830904119400295,1.7715331120904205,17.966833236725563,-5.581377807003934e-09,26.473822321124874,2.3105038470218444e-09,5.4358138153813514e-12,4.389202680996948e-11,4.2987367965771064e-10,1.1731217974320436e-07,2.1829188766503807e-12,1.5852182829760977e-07,0.001002748354750132,432806.03115591593
10,blocks.4.attn.v_proj,attention_qkv,dp_kfc,0.001,0.9972591780010283,0.06740307886108256,0.2830904119400295,1.7715331120904205,17.966833236725563,-5.581377807003934e-09,26.473822321124874,4.705646355536904e-07,1.484697418375257e-10,3.1734691606769226e-09,6.287497209400692e-08,1.2803333183829214e-05,3.0870664726397354e-11,1.604618612923627e-05,0.001002748354750132,2125.10657292244
10,blocks.4.attn.out_proj,attention_out,dp_kfc,0.001,0.007153582090869005,3.6277654426928573e-06,7.544356480445725e-05,0.0010110972592949669,0.003088839437867088,9.958496762460477e-07,1.3182179729222074,0.0009544481066162309,1.5468977243164521e-06,9.451450886036943e-06,0.00012895625998019398,0.025423815138250795,-2.4987918887370336e-10,0.03434935836583119,0.13979010617302104,1.047725898420253
10,blocks.4.mlp.fc1,mlp,dp_kfc,0.001,0.9962806216793357,0.06696440243757229,0.2811475634928349,1.7634564871028138,17.9034712254497,-3.237202283677208e-08,26.420799164492305,1.6472678930901097e-05,5.985158937165239e-09,4.33136371769895e-08,1.33184233185456e-06,0.0006608849098954627,2.997769284577376e-09,0.0022365680548064684,0.0010037332637408876,60.70657991907437
10,blocks.4.mlp.fc2,mlp,dp_kfc,0.001,0.02370650981043033,0.0004351774011187619,0.0012370019442556866,0.03263517970407835,0.3682266401082528,0.00029484599808676234,2.3138420180201456,0.0007245496378800453,1.2693461873797477e-06,7.585066771641474e-06,8.936173411252537e-05,0.01768444009541991,-1.960689319234839e-10,0.02647040436156139,0.042182506324065575,1.3801676899955302
10,blocks.5.attn.q_proj,attention_qkv,dp_kfc,0.001,0.9964965898447087,0.061468628844463157,0.27391884452304605,1.824223168973472,17.61663142883619,-5.83751810024328e-08,25.543943182517932,1.773929552036091e-08,1.5684831935917381e-10,6.794023123097756e-10,5.106184767543724e-09,3.3769683194789245e-07,7.568207198068789e-11,1.3503596452547929e-06,0.0010035157271896307,56372.02440492715
10,blocks.5.attn.k_proj,attention_qkv,dp_kfc,0.001,0.9964965898447087,0.061468628844463157,0.27391884452304605,1.824223168973472,17.61663142883619,-5.83751810024328e-08,25.543943182517932,1.8471077583402892e-09,4.03760399182743e-12,3.4155818643053806e-11,3.7156029963045153e-10,7.859086616342333e-08,1.5212000169597378e-12,1.5817758860089117e-07,0.0010035157271896307,541386.930721652
10,blocks.5.attn.v_proj,attention_qkv,dp_kfc,0.001,0.9964965898447087,0.061468628844463157,0.27391884452304605,1.824223168973472,17.61663142883619,-5.83751810024328e-08,25.543943182517932,3.5211687517596363e-07,1.1808448785323572e-10,2.6759468271302236e-09,4.366369326357322e-08,9.823774669014367e-06,2.920474114873371e-11,1.180610485256646e-05,0.0010035157271896307,2839.966131984641
10,blocks.5.attn.out_proj,attention_out,dp_kfc,0.001,0.00804953833009295,3.566654213205635e-06,7.1431766896943e-05,0.0010776753259776667,0.0033264107038983746,9.365466854133103e-07,1.4887533322707056,0.0007240119427933678,1.2552164619935603e-06,7.444083866123639e-06,8.66069680251516e-05,0.017639102759660994,-1.9187465500594643e-10,0.026478227301785794,0.12423072715382086,1.3811926860513113
10,blocks.5.mlp.fc1,mlp,dp_kfc,0.001,0.9965166233364164,0.06143379042244639,0.273775178473722,1.8208416458557246,17.588827933207995,-2.425005973552813e-08,25.56042940244021,1.3172195700070683e-05,4.830010851609976e-09,3.698399936632169e-08,1.127806873562357e-06,0.0005032994090788537,2.2610228634491885e-09,0.0019812682226823283,0.0010034955529912998,75.91748731721576
10,blocks.5.mlp.fc2,mlp,dp_kfc,0.001,0.02361505931323232,0.0004246290605323066,0.0012066932871605581,0.03196483429252537,0.3596414845286971,0.000270559532393016,2.3499937784563607,0.0005842509870414384,1.0207616533197117e-06,5.874250317263123e-06,6.674160177130293e-05,0.01465564218389479,-1.7706049002040522e-10,0.022375738868892582,0.042345860187599275,1.7115931717357533
10,blocks.6.attn.q_proj,attention_qkv,dp_kfc,0.001,0.9968074785613026,0.056828176186108484,0.2618138418800918,1.7972850583243754,17.511754370590157,-2.080320043487305e-08,25.554900692764715,1.984491343765456e-08,1.3409355576780677e-10,6.201038074968968e-10,4.410999497985066e-09,3.6080887220230333e-07,6.08032648311298e-11,2.0120255399884154e-06,0.0010032027462748426,50390.74638151652
10,blocks.6.attn.k_proj,attention_qkv,dp_kfc,0.001,0.9968074785613026,0.056828176186108484,0.2618138418800918,1.7972850583243754,17.511754370590157,-2.080320043487305e-08,25.554900692764715,1.7297161454167772e-09,3.8559254956923095e-12,3.599765552217864e-11,4.1083760017915503e-10,6.584037605783275e-08,1.756918722171991e-12,1.5919194017663033e-07,0.0010032027462748426,578129.5403004108
10,blocks.6.attn.v_proj,attention_qkv,dp_kfc,0.001,0.9968074785613026,0.056828176186108484,0.2618138418800918,1.7972850583243754,17.511754370590157,-2.080320043487305e-08,25.554900692764715,2.8419292863457457e-07,9.131544672516128e-11,2.1100242400842103e-09,3.046911633037242e-08,7.2098553816479235e-06,2.29363708150576e-11,1.139786288782422e-05,0.0010032027462748426,3518.736390819336
10,blocks.6.attn.out_proj,attention_out,dp_kfc,0.001,0.008042190114755203,3.1646997167754356e-06,6.930376407764165e-05,0.0011088575566043078,0.003850924701384987,8.905966859659324e-07,1.4824040144417772,0.0005835744776732099,9.881595682909895e-07,5.756316094324411e-06,6.554348499646953e-05,0.01466097925615372,-1.5089517207556736e-10,0.022274927858477473,0.12434423779229933,1.7135773380411268
10,blocks.6.mlp.fc1,mlp,dp_kfc,0.001,0.9956346106343937,0.056637886429329695,0.26162126557809473,1.794296734798605,17.43821658964866,-6.299881061624383e-08,25.438668817542876,1.1127252837544547e-05,4.000897288143741e-09,3.302898095474804e-08,9.350036662370131e-07,0.00043370269439329764,1.954539546523724e-09,0.0017125467350965788,0.0010043845295442519,89.8694416851833
10,blocks.6.mlp.fc2,mlp,dp_kfc,0.001,0.023994828034216546,0.00042248606271228314,0.001217091840166209,0.03127594289027636,0.3710603761589526,0.00028205539800337366,2.3220352976524112,0.00047008665516538406,8.105258492904514e-07,4.291708424144178e-06,4.424153770476191e-05,0.011858585488649775,-1.5402329972261345e-10,0.017926636494329018,0.0416756477093315,2.1272673644568445
10,blocks.7.attn.q_proj,attention_qkv,dp_kfc,0.001,0.9971407667342863,0.052292388132860246,0.24897804271025223,1.8330981809453613,17.622570352702333,-1.1453997948877835e-08,25.08105446671592,1.1061929569682511e-08,8.278062779695284e-11,3.915480779981321e-10,2.858181922857747e-09,2.70422310126243e-07,3.952336446810484e-11,6.520260296158789e-07,0.0010028674319224535,90400.14164804532
10,blocks.7.attn.k_proj,attention_qkv,dp_kfc,0.001,0.9971407667342863,0.052292388132860246,0.24897804271025223,1.8330981809453613,17.622570352702333,-1.1453997948877835e-08,25.08105446671592,9.824090058162607e-10,3.056037278830661e-12,2.706267491817602e-11,3.301550387071927e-10,4.821139834486227e-08,1.0230775398029156e-12,6.932984035789157e-08,0.0010028674319224535,1017905.978141073
10,blocks.7.attn.v_proj,attention_qkv,dp_kfc,0.001,0.9971407667342863,0.052292388132860246,0.24897804271025223,1.8330981809453613,17.622570352702333,-1.1453997948877835e-08,25.08105446671592,2.18857171330189e-07,6.636226468358629e-11,1.4984864454384914e-09,2.316171298155585e-08,6.42299879185754e-06,1.5873501377973138e-11,9.21861256282246e-06,0.0010028674319224535,4569.190006076172
10,blocks.7.attn.out_proj,attention_out,dp_kfc,0.001,0.008444993041028689,3.138327530028792e-06,7.06004966253658e-05,0.0011675824452768487,0.0037119273747106187,8.249886878510883e-07,1.5601597903862472,0.0004699697967301593,7.856689387727798e-07,4.185401529058539e-06,4.3750113919164466e-05,0.011843681281621053,-1.907956594072036e-10,0.017936047007687573,0.11841335986206918,2.127796311502473
10,blocks.7.mlp.fc1,mlp,dp_kfc,0.001,0.9964453511596344,0.05266247394380038,0.24815566361329294,1.8132203474202504,17.61052641994445,-4.827945212959801e-08,25.03655647793503,8.660946137860798e-06,3.2169481520273704e-09,2.8414668231307307e-08,7.491336895928018e-07,0.0003188986654365809,1.4921126835353357e-09,0.0014099540164611915,0.0010035673294438363,115.46082657511988
10,blocks.7.mlp.fc2,mlp,dp_kfc,0.001,0.02367027141383918,0.0004086683175389707,0.001180210916165735,0.03026578611882849,0.37539716970041,0.0002733542579686468,2.4333660727004927,0.0003677775193864363,5.576016147513641e-07,3.003716197663595e-06,3.1285278725758744e-05,0.009348245132469372,-1.548899248928524e-10,0.014722190023329232,0.0422470863352811,2.7190351429535475
10,blocks.8.attn.q_proj,attention_qkv,dp_kfc,0.001,0.9956221876984434,0.04873800549112369,0.23513343333653652,1.7701023321714628,17.57061816686393,-1.758402801266155e-09,25.55791748526447,1.0096995622122887e-08,7.182769471581051e-11,3.3871836388884766e-10,2.4187027656562187e-09,2.6968242255097155e-07,3.207149798661847e-11,5.96242653414918e-07,0.0010043970618128517,99039.36155116909
10,blocks.8.attn.k_proj,attention_qkv,dp_kfc,0.001,0.9956221876984434,0.04873800549112369,0.23513343333653652,1.7701023321714628,17.57061816686393,-1.758402801266155e-09,25.55791748526447,9.120027050542554e-10,2.5064231565891014e-12,2.6467042901731085e-11,2.9146903882853337e-10,4.234922007489793e-08,1.0146394561228528e-12,7.001434994571738e-08,0.0010043970618128517,1096487.9758119902
10,blocks.8.attn.v_proj,attention_qkv,dp_kfc,0.001,0.9956221876984434,0.04873800549112369,0.23513343333653652,1.7701023321714628,17.57061816686393,-1.758402801266155e-09,25.55791748526447,1.635981979053458e-07,5.1465995362222564e-11,1.0113453101119045e-09,1.633806054538528e-08,3.9672066142123134e-06,1.3571949241868206e-11,6.689438207851558e-06,0.0010043970618128517,6112.53676876427
10,blocks.8.attn.out_proj,attention_out,dp_kfc,0.001,0.008122697727720934,3.1832387641942148e-06,6.588144112638392e-05,0.0011988724688633237,0.004303640694928678,6.481508723595033e-07,1.4929372000511496,0.00036725177240744716,5.476708117773417e-07,2.8786066603387317e-06,3.0961546735756546e-05,0.009339510553450602,-1.6267989204540574e-10,0.014690511863678958,0.12311180761869615,2.7229276347523
10,blocks.8.mlp.fc1,mlp,dp_kfc,0.001,0.9964418825090241,0.0489696600562642,0.23441452627735887,1.767663456914409,17.53824707606552,-3.650819961110494e-08,25.522521641835866,6.97316708897037e-06,2.3845259968859485e-09,2.257836775635948e-08,5.813983128136246e-07,0.00025633238835367974,1.0771481152139103e-09,0.0011245328845189081,0.001003570822898388,143.40686050413515
10,blocks.8.mlp.fc2,mlp,dp_kfc,0.001,0.023826495204145096,0.000401769787406486,0.0011848330019991582,0.02999073745708166,0.4030619916691158,0.0002585427298409898,2.422633163878117,0.0003023162314169288,4.027245427610618e-07,2.0969794682507803e-06,2.0878924247821556e-05,0.0076321161365271025,-8.442742494957121e-11,0.011936720216626699,0.04197008378412407,3.3077946073655737
10,blocks.9.attn.q_proj,attention_qkv,dp_kfc,0.001,0.9958894413369925,0.047204341605116426,0.22932776400006288,1.7966536709502103,17.606426855758194,-1.885941740273345e-08,26.265966814597377,7.428087655964958e-09,5.565858659558042e-11,2.629878525134634e-10,2.0613561473491107e-09,2.214386762606941e-07,2.7376039218656776e-11,4.1047214957050587e-07,0.001004127525097052,134624.1517757229
10,blocks.9.attn.k_proj,attention_qkv,dp_kfc,0.001,0.9958894413369925,0.047204341605116426,0.22932776400006288,1.7966536709502103,17.606426855758194,-1.885941740273345e-08,26.265966814597377,7.114377483939845e-10,2.1799112650579067e-12,2.225462698800797e-11,2.328612129976993e-10,3.599345361093571e-08,8.434732801199888e-13,4.4396309612819376e-08,0.001004127525097052,1405604.3585786985
10,blocks.9.attn.v_proj,attention_qkv,dp_kfc,0.001,0.9958894413369925,0.047204341605116426,0.22932776400006288,1.7966536709502103,17.606426855758194,-1.885941740273345e-08,26.265966814597377,1.2658036555960686e-07,3.3774530249138155e-11,6.970680960484072e-10,1.098677373411673e-08,3.2654196346451553e-06,6.538928709320036e-12,4.4829984735880534e-06,0.001004127525097052,7900.119387229125
10,blocks.9.attn.out_proj,attention_out,dp_kfc,0.001,0.008674613838150392,3.088081401931133e-06,6.358960628421306e-05,0.0013168514710321705,0.00435097715567481,7.316918489878653e-07,1.5968414262135402,0.0003024583240100279,3.8737411809953766e-07,2.007416473325076e-06,2.0752526871418497e-05,0.0076307918005687255,-1.29912860890568e-10,0.011938519098875961,0.11527890677992655,3.3062406309136505
10,blocks.9.mlp.fc1,mlp,dp_kfc,0.001,0.9961987316917261,0.04737792896765875,0.23057609432336099,1.7939766109606197,17.55735341366315,-1.3868801999873357e-08,26.306155413100328,5.531052587379644e-06,1.8632837629477007e-09,1.9103267898036204e-08,4.6694140772994493e-07,0.00022002914128689056,7.944261157693002e-10,0.0008006520506613899,0.0010038157730855757,180.7974131870899
10,blocks.9.mlp.fc2,mlp,dp_kfc,0.001,0.022864241797297766,0.00037811950803371617,0.0011118299879667424,0.027773138413131372,0.3722339832351527,0.000249291833836215,2.385719772240843,0.00024590803442000225,2.7242376804231555e-07,1.298164674058121e-06,1.4478700302414744e-05,0.0064114658730361415,-1.0438730487329042e-10,0.009068641245848377,0.04373641640363452,4.066560909075607
10,blocks.10.attn.q_proj,attention_qkv,dp_kfc,0.001,0.995097797769339,0.04399548141152421,0.22300605011659688,1.832801813183462,17.37416835248672,-5.309928600740775e-08,26.020144388557533,4.781740147070945e-09,4.0973474547703823e-11,1.9738439288574544e-10,1.52840954900157e-09,1.5111469365766217e-07,1.7938640190803967e-11,2.2771064193236968e-07,0.0010049263522054314,209128.8880707058
10,blocks.10.attn.k_proj,attention_qkv,dp_kfc,0.001,0.995097797769339,0.04399548141152421,0.22300605011659688,1.832801813183462,17.37416835248672,-5.309928600740775e-08,26.020144388557533,5.094607575252599e-10,1.8050515892215884e-12,1.688625009925104e-11,2.092494817511748e-10,2.240954997074936e-08,5.31004515427495e-13,3.48071682253584e-08,0.0010049263522054314,1962859.7202610222
10,blocks.10.attn.v_proj,attention_qkv,dp_kfc,0.001,0.995097797769339,0.04399548141152421,0.22300605011659688,1.832801813183462,17.37416835248672,-5.309928600740775e-08,26.020144388557533,1.0453489637796132e-07,2.3772943392152504e-11,4.6511538900382565e-10,7.745590619071184e-09,2.7724219820095666e-06,4.774410706331531e-12,3.8776669197918844e-06,0.0010049263522054314,9566.183491341999
10,blocks.10.attn.out_proj,attention_out,dp_kfc,0.001,0.008955654082578545,2.8884449612820057e-06,6.20917602122088e-05,0.0013268739025082466,0.004802516355732916,7.59223605653601e-07,1.6452617329311277,0.0002458842485377014,2.627294604336838e-07,1.2452596255358448e-06,1.4329098232158687e-05,0.006413486449239164,-1.1540079200968112e-10,0.009068416171751458,0.11166130254464633,4.066954292302584
10,blocks.10.mlp.fc1,mlp,dp_kfc,0.001,0.9964229059960559,0.04434066708561477,0.22323137570594428,1.8348169800640064,17.36558075514495,-4.293667306528742e-08,25.975381309636763,4.750042476417184e-06,1.3844440287833803e-09,1.5985553853143745e-08,3.86117075374332e-07,0.00022985552428725277,4.5310627138166835e-10,0.000685454875303901,0.0010035899355408419,210.5244331950207
10,blocks.10.mlp.fc2,mlp,dp_kfc,0.001,0.023817434834294573,0.00037443067047474444,0.0011384490914955873,0.02800154495413685,0.3654450294988936,0.00024240000193826968,2.516592974984955,0.000198114941743673,1.307111097234614e-07,6.261389053727504e-07,8.722185565206348e-06,0.004941205344709459,-7.187576204562574e-11,0.007210787633535043,0.04198604958751084,5.047574863352961
10,blocks.11.attn.q_proj,attention_qkv,dp_kfc,0.001,0.9972637326606197,0.04346569418438954,0.2172402637163386,1.86031583866361,17.441196847820066,-1.964729638294549e-08,25.898096569514358,4.457793077959163e-09,3.5119348142504416e-11,1.6037756373616799e-10,1.1444210428927188e-09,1.3687336734889075e-07,1.756772207071561e-11,1.9013134647652015e-07,0.0010027437750414127,224326.2490007305
10,blocks.11.attn.k_proj,attention_qkv,dp_kfc,0.001,0.9972637326606197,0.04346569418438954,0.2172402637163386,1.86031583866361,17.441196847820066,-1.964729638294549e-08,25.898096569514358,4.1385171720070716e-10,1.4986443838939044e-12,1.543993326133278e-11,2.135856782343785e-10,1.9825184399989415e-08,6.372739395914978e-13,2.4928270930985794e-08,0.0010027437750414127,2416324.3945536814
10,blocks.11.attn.v_proj,attention_qkv,dp_kfc,0.001,0.9972637326606197,0.04346569418438954,0.2172402637163386,1.86031583866361,17.441196847820066,-1.964729638294549e-08,25.898096569514358,8.317246788513977e-08,1.0006295538254685e-11,2.2458795300083038e-10,4.608306879725901e-09,2.208490004628152e-06,2.224422707098959e-12,3.240204910566882e-06,0.0010027437750414127,12023.209427679705
10,blocks.11.attn.out_proj,attention_out,dp_kfc,0.001,0.009032905862698032,2.684258235698535e-06,6.329967912467557e-05,0.001321144741705661,0.004949609527012364,7.018985613467797e-07,1.663012630256036,0.0001979661976558115,1.2193936509319728e-07,5.906799955832428e-07,8.708854971255648e-06,0.004938764571093767,-1.1957111152570905e-12,0.007203461821172135,0.1107063457983731,5.051367414444271
10,blocks.11.mlp.fc1,mlp,dp_kfc,0.001,0.99648250261119,0.04364835001204956,0.2172180212169018,1.8623724009974696,17.37322998908345,-3.7947580462936773e-08,25.81161271155224,4.0226038523008545e-06,8.975279035126835e-10,1.2308323977700274e-08,3.184350893356379e-07,0.00019724805551614864,3.27333728238855e-10,0.000606311156572222,0.0010035299138515656,248.59519771702566
10,blocks.11.mlp.fc2,mlp,dp_kfc,0.001,0.024035905591382977,0.0003695881048159954,0.0011306933345843937,0.0287487479729346,0.37150380710164166,0.0001816389939230779,2.59922031715749,0.00016851947299301173,3.70486067883425e-09,4.738246875575657e-08,4.954993032796162e-06,0.003943992120465557,-6.683067385568793e-13,0.006377189165919844,0.04160442369013574,5.934032324213764
10,head,patch_head,dp_kfc,0.001,0.9957324766742134,0.0005509025153307772,0.005659396316915483,0.3620394044909241,1.7571577509431258,-1.1430002217645164e-07,168.12394467961934,0.10412486344575883,0.08416077777431266,0.09993542905747362,0.12397758210969355,0.2180420126240676,2.374872257136327e-09,0.2284936160145536,0.001004285813133303,0.009603854131543944
11,patch_embed,patch_head,dp_kfc,0.001,0.25097329408821734,0.025399640649364345,0.04978852617313705,0.2590188394863623,4.18296524894563,0.016639930186909933,26.29302618271918,3.887661309912952e-05,3.083561452198385e-07,9.000573859138348e-07,1.0744876502587694e-05,0.0011357022141457976,-1.739395431982904e-12,0.002028588275756465,0.0039844876867596085,25.722405330169845
11,blocks.0.attn.q_proj,attention_qkv,dp_kfc,0.001,0.9959144598461803,0.1179178542981122,0.3415297556002554,1.6396414370616077,19.22640425366268,-1.346633893926976e-08,24.518647766378393,1.7305436434966737e-06,1.985283963262336e-08,7.836904220522306e-08,5.946532400039677e-07,3.5953423768929154e-05,9.867474454214518e-09,0.00011762399693046614,0.0010041023002662806,577.853094753182
11,blocks.0.attn.k_proj,attention_qkv,dp_kfc,0.001,0.9959144598461803,0.1179178542981122,0.3415297556002554,1.6396414370616077,19.22640425366268,-1.346633893926976e-08,24.518647766378393,1.7161847505751758e-07,2.572205309587587e-12,9.67029876476099e-12,4.9701730511383234e-11,9.252754710724322e-06,1.4242377903832329e-12,1.400805800592304e-05,0.0010041023002662806,5826.878485342863
11,blocks.0.attn.v_proj,attention_qkv,dp_kfc,0.001,0.9959144598461803,0.1179178542981122,0.3415297556002554,1.6396414370616077,19.22640425366268,-1.346633893926976e-08,24.518647766378393,3.028472110599978e-05,1.4219165858077593e-08,2.5748367934645136e-07,6.061525950496999e-06,0.000785507576422545,3.1149563604434433e-09,0.0013972915148172168,0.0010041023002662806,33.019950769891274
11,blocks.0.attn.out_proj,attention_out,dp_kfc,0.001,0.005890290365886749,5.222108183584144e-06,9.004054110443625e-05,0.0007550176708866096,0.001986447975101122,1.2280583666721891e-06,1.088169816210742,0.07036120461998507,0.00012067685282671059,0.0006424028679227946,0.013875698306821189,2.011941837659715,-5.99809857587667e-08,3.154293280232305,0.16977091754108387,0.014212377479904097
11,blocks.0.mlp.fc1,mlp,dp_kfc,0.001,0.9958612949736996,0.1179558091555942,0.34213373821332993,1.6480858248693313,19.22577332144449,-1.7554335588619868e-11,24.513685742858918,0.00011238118498161734,4.5707974355413344e-08,2.986815691788252e-07,8.069437939382328e-06,0.0030725465885387427,2.3282481459045334e-08,0.02016029444125356,0.0010041559050915918,8.898286667501987
11,blocks.0.mlp.fc2,mlp,dp_kfc,0.001,0.02419593531313814,0.0005247336887951377,0.00137171293746168,0.03658166013447139,0.38671856837342133,0.0003579344005698631,2.171207946188326,0.00503047867641726,8.480948291762237e-06,4.887448427846746e-05,0.0009607938893636779,0.14047555796428438,-1.1433780355156932e-09,0.22072047673559733,0.041329255805086014,0.1987882395144564
11,blocks.1.attn.q_proj,attention_qkv,dp_kfc,0.001,0.9959439378945939,0.09963354832956638,0.3246441687359464,1.6051209205634878,19.164223776731436,-3.2219919513052353e-08,25.310427054668217,1.385964826794428e-07,1.3383383499774972e-09,5.4632441871199665e-09,3.5242497413470916e-08,3.34403280143566e-06,6.997482512538802e-10,9.076534647644415e-06,0.0010040725807458405,7215.190318450442
11,blocks.1.attn.k_proj,attention_qkv,dp_kfc,0.001,0.9959439378945939,0.09963354832956638,0.3246441687359464,1.6051209205634878,19.164223776731436,-3.2219919513052353e-08,25.310427054668217,1.4406590729693542e-08,2.6649090207132605e-11,2.1264027580693954e-10,1.6344519816937447e-09,6.566569317175507e-07,1.1433436684553578e-11,1.1410495225340765e-06,0.0010040725807458405,69412.67498762853
11,blocks.1.attn.v_proj,attention_qkv,dp_kfc,0.001,0.9959439378945939,0.09963354832956638,0.3246441687359464,1.6051209205634878,19.164223776731436,-3.2219919513052353e-08,25.310427054668217,2.3423369762317252e-06,8.868021222699215e-10,1.8463519810069026e-08,4.1527650073361545e-07,6.270669950014099e-05,2.1627686713999322e-10,9.903455926806795e-05,0.0010040725807458405,426.92405497041983
11,blocks.1.attn.out_proj,attention_out,dp_kfc,0.001,0.006088033178052141,4.380914927417269e-06,8.333012741984531e-05,0.0007927895426091754,0.002160996642767487,8.667718975559678e-07,1.1237288865286803,0.005027569534831855,8.121100150174045e-06,4.612363384753696e-05,0.000952838252317102,0.14017285502915874,-1.48100899676178e-09,0.22133135686059824,0.16425666069053008,0.19890326589653914
11,blocks.1.mlp.fc1,mlp,dp_kfc,0.001,0.9946859889697535,0.09964277058099763,0.3251727809063135,1.6047614101456489,19.10567203034081,-7.68202826252339e-08,25.281793499761044,5.6475703504699215e-05,2.2594087634332156e-08,1.465287733975819e-07,4.139125335562864e-06,0.001654657266186694,1.1806577833779079e-08,0.008709310240084294,0.0010053424006059948,17.706729406510046
11,blocks.1.mlp.fc2,mlp,dp_kfc,0.001,0.023523196831142096,0.0004887935627405342,0.0012920229119259478,0.035574256349037346,0.4056204910366686,0.0003086852223709991,1.9990498019605722,0.002440167561871931,3.761980964291502e-06,2.393939525565295e-05,0.0004056327716901182,0.07123016182878522,-4.909662308658888e-10,0.09413681143637423,0.042511228689635895,0.40980792287594703
11,blocks.2.attn.q_proj,attention_qkv,dp_kfc,0.001,0.9953177314965836,0.08403818584437953,0.30675634289166126,1.6455829861598452,18.455044617532042,-3.102717208227179e-08,26.2141733987807,5.5016835800077616e-08,6.298455673855745e-10,2.506769637985581e-09,1.7231003782217974e-08,1.5419079884842032e-06,3.0701123033698594e-10,2.8246627972811826e-06,0.0010047042952770228,18176.254331198546
11,blocks.2.attn.k_proj,attention_qkv,dp_kfc,0.001,0.9953177314965836,0.08403818584437953,0.30675634289166126,1.6455829861598452,18.455044617532042,-3.102717208227179e-08,26.2141733987807,6.282560227914222e-09,1.2847633454027305e-11,9.828756540460479e-11,8.754407905134246e-10,2.416054364030342e-07,5.205409809739698e-12,6.247202381080987e-07,0.0010047042952770228,159170.77810999274
11,blocks.2.attn.v_proj,attention_qkv,dp_kfc,0.001,0.9953177314965836,0.08403818584437953,0.30675634289166126,1.6455829861598452,18.455044617532042,-3.102717208227179e-08,26.2141733987807,1.265196044819561e-06,4.578558281475388e-10,9.197563235553732e-09,1.9571141532802616e-07,3.536221602267012e-05,1.3504122262285757e-10,4.980018699320004e-05,0.0010047042952770228,790.391342191255
11,blocks.2.attn.out_proj,attention_out,dp_kfc,0.001,0.006492408709748349,4.195879409202545e-06,7.827492722925954e-05,0.0008751098512399547,0.0025975533902104597,9.285555659067872e-07,1.1982769016043318,0.0024372960624532425,3.5505103119733505e-06,2.296985198063186e-05,0.0004039778898460804,0.07109666559434907,-8.533426709898002e-10,0.09401418534103975,0.1540260394418023,0.4102907379226869
11,blocks.2.mlp.fc1,mlp,dp_kfc,0.001,0.9957162496957137,0.08443777700250266,0.3073493030724652,1.6472389350145389,18.448081671348948,-3.987953470517302e-08,26.180918305456476,3.724500019203214e-05,1.3729194588427099e-08,9.117284251580603e-08,2.890264680795004e-06,0.0012793348375897179,7.45574294182308e-09,0.005783666153924841,0.0010043021797681774,26.849241370494905
11,blocks.2.mlp.fc2,mlp,dp_kfc,0.001,0.024093935497453915,0.0004813295793832329,0.001301860872283594,0.03521297777806229,0.3832086463421629,0.00031392200237883265,2.3049980546592215,0.0015291244825069346,2.2845275728626505e-06,1.5811959987998232e-05,0.00024231908410752458,0.040407069499693554,-3.6507465450998887e-10,0.05962152359678468,0.041504220018588216,0.6539689943100921
11,blocks.3.attn.q_proj,attention_qkv,dp_kfc,0.001,0.9959785910468028,0.07549407720375315,0.29532606493629193,1.7564679016805838,17.720186983792594,-4.67185722934425e-08,26.348773099293567,5.235788363977534e-08,3.9071006220466344e-10,1.6904873613084598e-09,1.1827413250991281e-08,1.4861955677182405e-06,2.2248052609023072e-10,2.8438687449083375e-06,0.0010040376459788866,19099.320493548712
11,blocks.3.attn.k_proj,attention_qkv,dp_kfc,0.001,0.9959785910468028,0.07549407720375315,0.29532606493629193,1.7564679016805838,17.720186983792594,-4.67185722934425e-08,26.348773099293567,3.858879720104735e-09,9.41509268871423e-12,7.498636887984835e-11,6.89197203338217e-10,1.9245831899348704e-07,4.3140221482852944e-12,2.7661583079832e-07,0.0010040376459788866,259142.56792975622
11,blocks.3.attn.v_proj,attention_qkv,dp_kfc,0.001,0.9959785910468028,0.07549407720375315,0.29532606493629193,1.7564679016805838,17.720186983792594,-4.67185722934425e-08,26.348773099293567,7.817641642926532e-07,2.544230079120282e-10,5.8459971300599715e-09,1.0790229839053998e-07,1.9686209228140212e-05,7.172463666326946e-11,2.9994724111207662e-05,0.0010040376459788866,1279.1581472717012
11,blocks.3.attn.out_proj,attention_out,dp_kfc,0.001,0.006821629976949636,4.203411258343269e-06,7.728371618658563e-05,0.0009012163430112888,0.002700685149688485,9.56686374238656e-07,1.2587020365857258,0.0015289197863239679,2.226089310455913e-06,1.529368968087375e-05,0.00024114817569853645,0.04040813806760261,-4.824194278740799e-10,0.05968325976247096,0.14659253043319723,0.6540565495619184
11,blocks.3.mlp.fc1,mlp,dp_kfc,0.001,0.995391330879587,0.07594944110876165,0.29525209874169267,1.7511533412713163,17.7374179415672,-2.9392551053694927e-08,26.283423864510887,2.5840656809679913e-05,9.22171718320294e-09,6.348510831136944e-08,2.0838074440627776e-06,0.000865719031300299,4.9315331286349455e-09,0.0038346570881917694,0.0010046300072920472,38.698706745929144
11,blocks.3.mlp.fc2,mlp,dp_kfc,0.001,0.024023060810416743,0.0004625941956093617,0.0012840184993214467,0.032993796428910684,0.3604645061511719,0.0003103998977610055,2.2204914546135677,0.0010620774332892324,1.8443196353629547e-06,1.1664815450015913e-05,0.0001463357024022067,0.0277406858908605,-2.3977326917837026e-10,0.0390845365753858,0.04162666896994182,0.9415509346649238
11,blocks.4.attn.q_proj,attention_qkv,dp_kfc,0.001,0.9965262147429076,0.06734679834758499,0.2833322340450901,1.7751045386090583,17.914377357636482,-2.3907091565321498e-08,26.415764636132074,3.206994707525649e-08,2.3606870872132077e-10,1.0570487515110239e-09,7.843336327495817e-09,7.354702684994543e-07,1.1822892614881807e-10,2.1921617910589983e-06,0.0010034858945060354,31181.841293762165
11,blocks.4.attn.k_proj,attention_qkv,dp_kfc,0.001,0.9965262147429076,0.06734679834758499,0.2833322340450901,1.7751045386090583,17.914377357636482,-2.3907091565321498e-08,26.415764636132074,2.629894542156147e-09,6.038075644047374e-12,5.205924137420433e-11,4.573808980762837e-10,1.3009772867021246e-07,2.3002599206255576e-12,1.8643801463469004e-07,0.0010034858945060354,380243.38389635173
11,blocks.4.attn.v_proj,attention_qkv,dp_kfc,0.001,0.9965262147429076,0.06734679834758499,0.2833322340450901,1.7751045386090583,17.914377357636482,-2.3907091565321498e-08,26.415764636132074,5.204846497501118e-07,1.7679469282810552e-10,3.907224588385956e-09,7.415910720446498e-08,1.5303065461877976e-05,3.4164040194439816e-11,1.8395398854827444e-05,0.0010034858945060354,1921.2862482690064
11,blocks.4.attn.out_proj,attention_out,dp_kfc,0.001,0.00709513400758525,3.6233095293892187e-06,7.551366859565634e-05,0.0009734153821372399,0.0029464737904128374,1.0313320185199273e-06,1.30674127062358,0.0010608615615031642,1.8418835491963793e-06,1.1237898238784208e-05,0.0001457741263464142,0.02770952809198376,-3.0836005127258994e-10,0.03909799674443085,0.14094166493979146,0.9426300624777773
11,blocks.4.mlp.fc1,mlp,dp_kfc,0.001,0.9957420121820479,0.06746890247862326,0.2817850784920966,1.7679981212856883,17.863664520865257,-4.5631695685087984e-08,26.364024054665613,1.85687588884903e-05,6.898344732096194e-09,4.931859750212731e-08,1.5766479700431208e-06,0.0006899919099424476,3.4736215284098464e-09,0.0027101684265762207,0.001004276195807608,53.85389545985446
11,blocks.4.mlp.fc2,mlp,dp_kfc,0.001,0.02382069337696457,0.0004388466059168056,0.0012344319583720137,0.03277605522881946,0.36733821077911666,0.0002939484382901317,2.322494764261517,0.0007953820990375485,1.5090018755866518e-06,8.928621242213081e-06,9.858689108348537e-05,0.020373238342033362,-1.7358671896783833e-10,0.030573745905267014,0.041980306121862696,1.2572573624803087
11,blocks.5.attn.q_proj,attention_qkv,dp_kfc,0.001,0.9961283231646286,0.06156305667956219,0.27426268804468307,1.8311454606336892,17.688362896122115,-5.997988276343431e-09,25.410312433007633,2.165115020371274e-08,1.7745779697960236e-10,7.820309217716267e-10,5.812788676387339e-09,3.947234699883638e-07,8.483398612307585e-11,1.6822048907099804e-06,0.0010038867249784358,46186.922661897195
11,blocks.5.attn.k_proj,attention_qkv,dp_kfc,0.001,0.9961283231646286,0.06156305667956219,0.27426268804468307,1.8311454606336892,17.688362896122115,-5.997988276343431e-09,25.410312433007633,2.0515231438196615e-09,4.713941515192619e-12,4.0839088467141153e-11,4.224665737993781e-10,9.046527378699174e-08,1.9000271638245338e-12,1.663216130555151e-07,0.0010038867249784358,487442.7095851007
11,blocks.5.attn.v_proj,attention_qkv,dp_kfc,0.001,0.9961283231646286,0.06156305667956219,0.27426268804468307,1.8311454606336892,17.688362896122115,-5.997988276343431e-09,25.410312433007633,3.9309093550580576e-07,1.3352924478309502e-10,3.118409507374233e-09,5.5781730024831766e-08,1.0344094869932109e-05,3.6153690456669604e-11,1.397833271985481e-05,0.0010038867249784358,2543.940624612115
11,blocks.5.attn.out_proj,attention_out,dp_kfc,0.001,0.008020468708399172,3.5546598102328974e-06,7.301002992515202e-05,0.001102487789035307,0.0033984922149582486,9.422680178224786e-07,1.4825532041633265,0.0007946487095675062,1.4671036024793347e-06,8.827399965840489e-06,9.769725386529156e-05,0.020350072439674193,-2.478786778173445e-10,0.030556587760874526,0.12468099263984198,1.2584176982358126
11,blocks.5.mlp.fc1,mlp,dp_kfc,0.001,0.9963514214970287,0.061031473706932585,0.27360590122944106,1.8309599701415684,17.66276640471464,1.5004000332155857e-08,25.42429558291594,1.4895790531284831e-05,5.564865285429704e-09,4.298667562560126e-08,1.317783031771096e-06,0.0005465523028228107,2.4017843102052578e-09,0.0024263213188350607,0.0010036619393762587,67.13306003462881
11,blocks.5.mlp.fc2,mlp,dp_kfc,0.001,0.023739760062174074,0.000429936759672403,0.0012054131706458616,0.03195685046460843,0.3637539248135914,0.00027592458475981396,2.364175218315203,0.0006457546782409432,1.1697059899826211e-06,6.89475270572859e-06,7.861364474062828e-05,0.01714871886922615,-1.7154858351575436e-10,0.02586632957561322,0.04212342489481844,1.5485756955319823
11,blocks.6.attn.q_proj,attention_qkv,dp_kfc,0.001,0.9963490830184265,0.056011486600506685,0.26199434065028904,1.8058100192704845,17.674984933262266,-3.0022864201736156e-08,25.42792622569799,2.0569128717992657e-08,1.4673341212062154e-10,6.783084321757273e-10,4.850102307813888e-09,4.1563568359555505e-07,6.764951367395086e-11,1.9899478020730487e-06,0.001003664295018482,48616.546364711074
11,blocks.6.attn.k_proj,attention_qkv,dp_kfc,0.001,0.9963490830184265,0.056011486600506685,0.26199434065028904,1.8058100192704845,17.674984933262266,-3.0022864201736156e-08,25.42792622569799,1.871174179179982e-09,4.272343382465053e-12,3.988890841320274e-11,4.596715357104354e-10,7.039162562886556e-08,1.822991165208094e-12,1.754879713354882e-07,0.001003664295018482,534423.7918237186
11,blocks.6.attn.v_proj,attention_qkv,dp_kfc,0.001,0.9963490830184265,0.056011486600506685,0.26199434065028904,1.8058100192704845,17.674984933262266,-3.0022864201736156e-08,25.42792622569799,3.184113406273781e-07,1.13633862384722e-10,2.5036578849824154e-09,3.694168076737941e-08,8.527447580113642e-06,2.4825513775828104e-11,1.3837131635357035e-05,0.001003664295018482,3140.591657412898
11,blocks.6.attn.out_proj,attention_out,dp_kfc,0.001,0.008120230506439669,3.1653555152546116e-06,7.264585339037449e-05,0.0010963933796458072,0.0036344650783163572,9.178254244778561e-07,1.4974775004722847,0.0006449856032304524,1.1508819512337967e-06,6.688911352718319e-06,7.817779344686784e-05,0.01715043222232585,-1.545042255164157e-10,0.025746574053757184,0.12314921346222375,1.5504222032111026
11,blocks.6.mlp.fc1,mlp,dp_kfc,0.001,0.9951243017621609,0.05600299772828731,0.2627567559950395,1.8048453657178691,17.609510681146805,-4.940285250417499e-08,25.316128327276225,1.2110446074381498e-05,4.584099724545182e-09,3.7246228820619775e-08,1.0909893155032035e-06,0.0004528725952445202,2.1882759579665866e-09,0.0018871955236889266,0.0010048995871462542,82.57334154812062
11,blocks.6.mlp.fc2,mlp,dp_kfc,0.001,0.024075029743653668,0.0004265293108594207,0.0012233964934536515,0.03187581001403674,0.3703727753219519,0.00028542964780705336,2.330161268694025,0.0005083352686294044,9.381251692653435e-07,5.08507962013726e-06,5.5487478126218345e-05,0.013099177608732178,-1.4389072455508975e-10,0.020125091300659426,0.04153681264977903,1.967205625327244
11,blocks.7.attn.q_proj,attention_qkv,dp_kfc,0.001,0.9965118927967981,0.05183925384511282,0.25106869753956373,1.8738967525122403,17.701533726997358,-2.263473667548124e-08,24.955843182202027,1.179926969902915e-08,9.022149973658216e-11,4.252493777045253e-10,3.26089395817314e-09,3.0916760010394384e-07,4.2941540817537024e-11,6.408037508831899e-07,0.0010035003166830375,84751.00794435444
11,blocks.7.attn.k_proj,attention_qkv,dp_kfc,0.001,0.9965118927967981,0.05183925384511282,0.25106869753956373,1.8738967525122403,17.701533726997358,-2.263473667548124e-08,24.955843182202027,1.0688717521032767e-09,3.4371286900591033e-12,3.178587008162331e-11,3.4606029003502587e-10,5.044942920726765e-08,1.2579936635551859e-12,7.810832430550382e-08,0.0010035003166830375,935565.9348581773
11,blocks.7.attn.v_proj,attention_qkv,dp_kfc,0.001,0.9965118927967981,0.05183925384511282,0.25106869753956373,1.8738967525122403,17.701533726997358,-2.263473667548124e-08,24.955843182202027,2.393637325940704e-07,7.569299230143124e-11,1.8264749230914339e-09,2.6616256114121504e-08,6.635179922545847e-06,1.7046030543534662e-11,1.022877977230251e-05,0.0010035003166830375,4177.742338668612
11,blocks.7.attn.out_proj,attention_out,dp_kfc,0.001,0.008497533980917446,3.0889826982756628e-06,6.832515931532366e-05,0.001129039465924696,0.0038744578595105287,8.557835778427046e-07,1.570016613407696,0.00050830051562419,9.215860676705906e-07,4.9179955698240145e-06,5.5177961238316554e-05,0.013084237462636933,-1.6754851965826543e-10,0.02013438456118711,0.11768120048071098,1.9673401251069085
11,blocks.7.mlp.fc1,mlp,dp_kfc,0.001,0.9957898639026701,0.05231536682704231,0.2505880736448215,1.8558109217208931,17.702229923612766,3.2160000440791343e-09,24.90096248257803,9.400775161483299e-06,3.730815802394673e-09,3.260359674391092e-08,8.780474513232485e-07,0.00034794170254069694,1.7832323958156202e-09,0.0015888086119951164,0.0010042279362844984,106.37420668214506
11,blocks.7.mlp.fc2,mlp,dp_kfc,0.001,0.02386240560321624,0.00041223612875850745,0.0011867114773500122,0.03024361488179151,0.37280926292720457,0.0002727164681156611,2.46976842737615,0.0003956794107959164,6.897881779541674e-07,3.5727642480282712e-06,3.783739347638237e-05,0.009902131770381815,-1.4595401235708093e-10,0.01627376540611115,0.041906923242693406,2.5272985470446434
11,blocks.8.attn.q_proj,attention_qkv,dp_kfc,0.001,0.9952510508848595,0.048966352891514145,0.2417866537525926,1.8237832748788958,17.69634938379305,-8.021023156423982e-08,25.455047945244793,1.1490661954346077e-08,7.781064933996483e-11,3.697127430978123e-10,2.772002768970999e-09,3.0539952318831664e-07,3.4062969317732466e-11,6.757795104598659e-07,0.0010047716092446406,87027.18816140729
11,blocks.8.attn.k_proj,attention_qkv,dp_kfc,0.001,0.9952510508848595,0.048966352891514145,0.2417866537525926,1.8237832748788958,17.69634938379305,-8.021023156423982e-08,25.455047945244793,1.0111114845961302e-09,3.228444697389895e-12,2.9773007548437395e-11,3.385068318074745e-10,4.608907657120488e-08,1.2398791076298803e-12,7.675215152971931e-08,0.0010047716092446406,989010.6236894653
11,blocks.8.attn.v_proj,attention_qkv,dp_kfc,0.001,0.9952510508848595,0.048966352891514145,0.2417866537525926,1.8237832748788958,17.69634938379305,-8.021023156423982e-08,25.455047945244793,1.7724867803122396e-07,6.249408855369926e-11,1.2392116469176182e-09,1.8595517787380677e-08,4.19092137134153e-06,1.6973400248913563e-11,7.47083214607197e-06,0.0010047716092446406,5641.791019867809
11,blocks.8.attn.out_proj,attention_out,dp_kfc,0.001,0.008147727409160546,3.0183922271590826e-06,6.510274269714955e-05,0.001256260906796536,0.004570616143900089,6.680376268628943e-07,1.4977389703639095,0.0003950543116009915,6.710451897401956e-07,3.527930753956133e-06,3.763115250461687e-05,0.009886992063581892,-1.585432815142362e-10,0.016237261288426577,0.12273361021819325,2.5312975219721414
11,blocks.8.mlp.fc1,mlp,dp_kfc,0.001,0.9961055270130771,0.04930461563629579,0.2406541321524247,1.8245651770577183,17.66808243813847,-2.583152088416741e-09,25.416880708671027,7.67576417332975e-06,2.7570737662236102e-09,2.6311192461966642e-08,6.78346774310138e-07,0.000271744529968317,1.3007145148941994e-09,0.0012490867104215221,0.0010039096992048634,130.2801880592691
11,blocks.8.mlp.fc2,mlp,dp_kfc,0.001,0.023967301060042318,0.0004057363748735019,0.0011962465375019618,0.030152117419407567,0.40416427759970475,0.00026222289560070145,2.4475901462991527,0.000324295971798468,4.852901563951996e-07,2.4623947833383043e-06,2.455492366552569e-05,0.00849141397937121,-1.1834291676631274e-10,0.012985259333009706,0.04172351311041755,3.083602902787349
11,blocks.9.attn.q_proj,attention_qkv,dp_kfc,0.001,0.9955913887740417,0.046365806797110304,0.2328432187350202,1.7808376373683832,17.79957156547479,5.53959553908125e-09,26.200270317436786,7.724465506467326e-09,5.985574837135921e-11,2.8363967629554125e-10,2.1880591115572522e-09,2.3212238174550226e-07,3.047969878028206e-11,4.3797095553791263e-07,0.0010044281331434445,129458.79545487616
11,blocks.9.attn.k_proj,attention_qkv,dp_kfc,0.001,0.9955913887740417,0.046365806797110304,0.2328432187350202,1.7808376373683832,17.79957156547479,5.53959553908125e-09,26.200270317436786,7.608293563669705e-10,2.595988800849268e-12,2.5384986474155278e-11,2.92623494761917e-10,3.880876196246874e-08,9.906430959404222e-13,4.845106830964286e-08,0.0010044281331434445,1314355.1725909882
11,blocks.9.attn.v_proj,attention_qkv,dp_kfc,0.001,0.9955913887740417,0.046365806797110304,0.2328432187350202,1.7808376373683832,17.79957156547479,5.53959553908125e-09,26.200270317436786,1.3704987209909683e-07,4.186607945631639e-11,8.390198314768288e-10,1.254268264358226e-08,3.4139136724307638e-06,7.682280886306815e-12,5.186865618971428e-06,0.0010044281331434445,7296.613887220038
11,blocks.9.attn.out_proj,attention_out,dp_kfc,0.001,0.008703523595217819,3.1235247393775076e-06,6.480313463938688e-05,0.0012815976051146752,0.004428674050754592,7.388198499956776e-07,1.6027258689172137,0.0003244452080555978,4.758871530746157e-07,2.3936055894200946e-06,2.4544485488037176e-05,0.008502985633108211,-1.3288399689657914e-10,0.012991118512978394,0.11489599460033101,3.0821845266046815
11,blocks.9.mlp.fc1,mlp,dp_kfc,0.001,0.9953716221251019,0.04638203781504479,0.23370992335558982,1.7735103354782185,17.727301875419176,-3.919634950198358e-08,26.254778105146325,5.827628126987838e-06,2.218221486229015e-09,2.2388274347329e-08,5.524940385600281e-07,0.0002335663742054362,9.626479822671392e-10,0.0008619723942117986,0.0010046498993662454,171.5963987765424
11,blocks.9.mlp.fc2,mlp,dp_kfc,0.001,0.022940558929999102,0.0003809034672839818,0.001117131384393927,0.0277662536690471,0.379542882081148,0.0002481028132820908,2.4101991006558157,0.0002615432802978527,3.2809177429295317e-07,1.5475651425152893e-06,1.6990305012768028e-05,0.006608153389605428,-1.1666847487698635e-10,0.00992532850214353,0.043590916989049974,3.8234589658016542
11,blocks.10.attn.q_proj,attention_qkv,dp_kfc,0.001,0.9947720417086943,0.04423853762321013,0.2245186958492208,1.8092556959665218,17.684083162407568,-4.573039988854067e-08,25.72686642764338,5.088559500559623e-09,4.4053944487283453e-11,2.1345510913861117e-10,1.6733471395885501e-09,1.5766223837020225e-07,2.0409673322269937e-11,2.5162172638767585e-07,0.0010052554334783331,196519.27031412788
11,blocks.10.attn.k_proj,attention_qkv,dp_kfc,0.001,0.9947720417086943,0.04423853762321013,0.2245186958492208,1.8092556959665218,17.684083162407568,-4.573039988854067e-08,25.72686642764338,5.340962888246656e-10,2.1903363197461264e-12,2.0184431515634955e-11,2.522448397971709e-10,2.348292898492595e-08,7.5824699726609e-13,3.571961495443844e-08,0.0010052554334783331,1872321.566211598
11,blocks.10.attn.v_proj,attention_qkv,dp_kfc,0.001,0.9947720417086943,0.04423853762321013,0.2245186958492208,1.8092556959665218,17.684083162407568,-4.573039988854067e-08,25.72686642764338,1.1224656500570991e-07,2.7634898381636374e-11,5.562872022340147e-10,8.53040122919766e-09,2.792103725724338e-06,6.110236972136011e-12,4.254745250793641e-06,0.0010052554334783331,8908.958594404476
11,blocks.10.attn.out_proj,attention_out,dp_kfc,0.001,0.009232014392465208,2.912332095986173e-06,6.1227394765193e-05,0.0013863391004926206,0.0048724674945724,7.447121192708585e-07,1.6977685151271305,0.00026154491935888774,3.084068848671842e-07,1.4845900704710608e-06,1.6872498393423507e-05,0.006609103290330954,-9.496005848265948e-11,0.00992776554375217,0.10831872194828455,3.8234350047833123
11,blocks.10.mlp.fc1,mlp,dp_kfc,0.001,0.9959243872622752,0.044440875465952843,0.22416174841842393,1.8115328399512565,17.668235667990345,-4.053193103053807e-08,25.687896170500405,4.983788281474888e-06,1.6047372033946979e-09,1.8640301247647678e-08,4.443038857431453e-07,0.00024276383971330297,5.38080019401166e-10,0.0007520563190336773,0.0010040922913324057,200.6505781389379
11,blocks.10.mlp.fc2,mlp,dp_kfc,0.001,0.023917757864842876,0.00037707794153827705,0.0011448784117097392,0.02774447451388482,0.37344575801040025,0.00024444747250729285,2.5238632234556597,0.00020760090798906578,1.584574003447186e-07,7.516839163905454e-07,9.900320070718917e-06,0.005229706918765604,-6.417779192990258e-11,0.007720833652659642,0.041809939110969814,4.816934615973209
11,blocks.11.attn.q_proj,attention_qkv,dp_kfc,0.001,0.9968169705237749,0.043600234348207006,0.21784738185520944,1.8261533468510174,17.785711752536365,-2.1360076782703457e-08,25.618807887030872,4.372525045162612e-09,3.60797962927018e-11,1.6922781582669946e-10,1.2429941397278835e-09,1.2732908810305706e-07,1.6383381251598767e-11,1.9069902713174263e-07,0.0010031931935052757,228700.80552341594
11,blocks.11.attn.k_proj,attention_qkv,dp_kfc,0.001,0.9968169705237749,0.043600234348207006,0.21784738185520944,1.8261533468510174,17.785711752536365,-2.1360076782703457e-08,25.618807887030872,4.2513221803969095e-10,1.6719146043303046e-12,1.7486943318341863e-11,2.3120059563674156e-10,2.0844267470543128e-08,7.186850094624131e-13,2.4939851362095563e-08,0.0010031931935052757,2352209.4011389147
11,blocks.11.attn.v_proj,attention_qkv,dp_kfc,0.001,0.9968169705237749,0.043600234348207006,0.21784738185520944,1.8261533468510174,17.785711752536365,-2.1360076782703457e-08,25.618807887030872,8.658837517827589e-08,1.2405468057344419e-11,2.694552834872696e-10,5.521861078343359e-09,2.265446696637745e-06,2.86341658215597e-12,3.198405678722577e-06,0.0010031931935052757,11548.894386124126
11,blocks.11.attn.out_proj,attention_out,dp_kfc,0.001,0.009165562044345373,2.751406464664467e-06,6.129635382069018e-05,0.0013410934247787645,0.0048863735365128865,6.76974187505613e-07,1.6880151103252918,0.0002074598194591696,1.4035822779365473e-07,7.183154132449104e-07,9.854854755159783e-06,0.005229551205954353,-5.108232971274013e-12,0.007715342734482986,0.10910405659377351,4.820210499589349
11,blocks.11.mlp.fc1,mlp,dp_kfc,0.001,0.9961059158330137,0.043948142992639015,0.21813040687723265,1.8275409648179504,17.732158819442713,2.8505600552670898e-08,25.523779848206953,4.216465442847631e-06,1.0533571750242506e-09,1.4347111988281291e-08,3.5175851007159987e-07,0.0002100240947690552,3.8932971910855374e-10,0.0006322942739481448,0.0010039093073387982,237.16546798605808
11,blocks.11.mlp.fc2,mlp,dp_kfc,0.001,0.02416007142024713,0.00037122351505296404,0.0011384531885469396,0.028796296896117134,0.3748113736041922,0.0001861514314071965,2.6232237111158314,0.00017397718969884105,4.015082551342426e-09,4.743977467602647e-08,5.404562008225977e-06,0.004072059808259075,5.647508814061461e-12,0.006526364736026579,0.04139060612055803,5.747879947543845
11,head,patch_head,dp_kfc,0.001,0.9965040220111764,0.0006247317180875276,0.005920858433460718,0.39910871262210496,2.0257553399472217,-1.1090924702965857e-08,165.769196887077,0.10306057184934617,0.08209503610794609,0.10109384151890272,0.1255533135647988,0.211658338579554,1.862644948351104e-09,0.22122556358119344,0.0010035082427281808,0.00970303174197208
12,patch_embed,patch_head,dp_kfc,0.001,0.25097329488268755,0.025375818429491624,0.049663300965508236,0.25940244731308165,4.187155090317617,0.016592023265390336,26.450179491551378,3.915066137949452e-05,3.129187287524108e-07,9.092989993632588e-07,1.0941291332099367e-05,0.001120944241286912,2.797244860708932e-13,0.0018686446494288918,0.003984487674146486,25.54235266441139
12,blocks.0.attn.q_proj,attention_qkv,dp_kfc,0.001,0.9959149453306445,0.1183735928165146,0.34065491253292124,1.647880956140974,19.164561271250992,-7.748180141924133e-09,24.8401339803751,1.6910797229208185e-06,2.033031660025001e-08,8.079222926087205e-08,5.748040065420781e-07,3.86481623000445e-05,1.0247287192642508e-08,0.00011132631840234511,0.0010041018107906788,591.338176696252
12,blocks.0.attn.k_proj,attention_qkv,dp_kfc,0.001,0.9959149453306445,0.1183735928165146,0.34065491253292124,1.647880956140974,19.164561271250992,-7.748180141924133e-09,24.8401339803751,1.7523919001056218e-07,2.6128561252982964e-12,9.77443794449469e-12,5.06376756571377e-11,9.074908795239629e-06,1.3361013458915049e-12,1.4721360504823681e-05,0.0010041018107906788,5706.486088755187
12,blocks.0.attn.v_proj,attention_qkv,dp_kfc,0.001,0.9959149453306445,0.1183735928165146,0.34065491253292124,1.647880956140974,19.164561271250992,-7.748180141924133e-09,24.8401339803751,3.0145122941860336e-05,1.4889031301807042e-08,2.64344236869631e-07,5.982201959638667e-06,0.0007816575958599501,3.2786545442435482e-09,0.0013635316763400303,0.0010041018107906788,33.17286188975441
12,blocks.0.attn.out_proj,attention_out,dp_kfc,0.001,0.005900782796357025,5.441001682145871e-06,9.098076793444562e-05,0.0007548681844839852,0.0020295124785238354,1.2597216424098351e-06,1.0897595338153876,0.07127949454297777,0.00012430686330545517,0.0006566066806870127,0.013724630414379827,2.006368784198503,-5.725027377341119e-08,3.13105710573536,0.16946904072072802,0.014029280179548029
12,blocks.0.mlp.fc1,mlp,dp_kfc,0.001,0.9950935028377592,0.11787466744797367,0.340239987080132,1.6609617239828418,19.13634894901897,-1.1299737679833753e-09,24.81425646975607,0.00010977465517703067,4.7292949345437684e-08,3.0050362741331947e-07,8.102373261113552e-06,0.00302226072483995,2.358705558085896e-08,0.018499138727026472,0.0010049306895766566,9.10957086029855
12,blocks.0.mlp.fc2,mlp,dp_kfc,0.001,0.024323517973783036,0.0005282983122292158,0.0013838014606785277,0.03650337498758245,0.39095701942658273,0.0003603871166450072,2.2231926435186065,0.004821253026724055,8.124229073595405e-06,4.876148051740393e-05,0.0009746900483412747,0.13768920402270426,-1.3288950713344518e-09,0.1978227481067507,0.04111247398825467,0.207414959235085
12,blocks.1.attn.q_proj,attention_qkv,dp_kfc,0.001,0.9956205030179395,0.09875224051885514,0.3233251926052223,1.6153049691482813,19.215763874028283,-1.4614491570808039e-08,25.713201934189623,1.4263869808443333e-07,1.3166866625137313e-09,5.553144217147848e-09,3.3423335714033507e-08,3.274213853912171e-06,6.55690851471303e-10,9.984407986860939e-06,0.0010043987613440918,7010.7201862432985
12,blocks.1.attn.k_proj,attention_qkv,dp_kfc,0.001,0.9956205030179395,0.09875224051885514,0.3233251926052223,1.6153049691482813,19.215763874028283,-1.4614491570808039e-08,25.713201934189623,1.4107524907817914e-08,2.6901259523787445e-11,2.176318358056882e-10,1.700158044415421e-09,6.083325117318786e-07,1.2424827092903996e-11,1.150947835412685e-06,0.0010043987613440918,70884.15625946078
12,blocks.1.attn.v_proj,attention_qkv,dp_kfc,0.001,0.9956205030179395,0.09875224051885514,0.3233251926052223,1.6153049691482813,19.215763874028283,-1.4614491570808039e-08,25.713201934189623,2.2744160596370002e-06,8.667641067788165e-10,1.839713333861828e-08,3.980119415666413e-07,6.129039385830516e-05,2.0505833002266298e-10,9.086927320607707e-05,0.0010043987613440918,439.67329361875915
12,blocks.1.attn.out_proj,attention_out,dp_kfc,0.001,0.006102928632256271,4.564447618242355e-06,8.49720379683258e-05,0.0007980052208691823,0.0021994441355624693,9.294962382339721e-07,1.1263706537933016,0.004817233550663028,7.713352994476826e-06,4.7284250795058654e-05,0.0009714722486104906,0.1373613253212507,-1.5906095779719065e-09,0.19805158583769353,0.16385575848202194,0.20758802526034126
12,blocks.1.mlp.fc1,mlp,dp_kfc,0.001,0.9941496561845967,0.09892106997400717,0.3227104662208717,1.6146909828029297,19.143982783354907,-8.617898788711373e-09,25.67879322593662,5.4821964874773865e-05,2.307038316763311e-08,1.4820546338763243e-07,4.34300691465311e-06,0.001653024733302052,1.208065854079049e-08,0.00777255028283944,0.001005884771753436,18.24086389979332
12,blocks.1.mlp.fc2,mlp,dp_kfc,0.001,0.02360934743679508,0.000492471578855783,0.0013005314489965892,0.035528806724973626,0.41294895223751116,0.00031859050632002784,2.0372136005484847,0.002383957746133092,3.670540418751427e-06,2.499309966085819e-05,0.00044193467775784106,0.06422479979198889,-6.048271887177794e-10,0.08721250994673718,0.04235610504174731,0.4194705219176196
12,blocks.2.attn.q_proj,attention_qkv,dp_kfc,0.001,0.9946550099960881,0.08358999873126144,0.3079246431819426,1.65762467524482,18.454614762046237,-1.80892513116265e-08,26.683483561801282,5.702374337538766e-08,6.086706292986729e-10,2.475199570172438e-09,1.6866979109179498e-08,1.658070430887251e-06,3.108868272537087e-10,3.22586201508901e-06,0.0010053737124432046,17536.55478941454
12,blocks.2.attn.k_proj,attention_qkv,dp_kfc,0.001,0.9946550099960881,0.08358999873126144,0.3079246431819426,1.65762467524482,18.454614762046237,-1.80892513116265e-08,26.683483561801282,5.935522210667385e-09,1.2193485568070513e-11,9.777856147236786e-11,8.606389036408983e-10,2.331754914109548e-07,5.355998955304336e-12,5.606097144447636e-07,0.0010053737124432046,168477.17260711943
12,blocks.2.attn.v_proj,attention_qkv,dp_kfc,0.001,0.9946550099960881,0.08358999873126144,0.3079246431819426,1.65762467524482,18.454614762046237,-1.80892513116265e-08,26.683483561801282,1.22013554075077e-06,4.4714030804502584e-10,9.370030976265292e-09,1.972527235171073e-07,3.4655388662484344e-05,1.3967881150236232e-10,4.6397253936740935e-05,0.0010053737124432046,819.5810765291561
12,blocks.2.attn.out_proj,attention_out,dp_kfc,0.001,0.006484208824043645,4.294792552785782e-06,7.718506280929839e-05,0.0008996937512041833,0.002565610580707466,9.479930267140279e-07,1.196415503284418,0.0023806295985195902,3.448937146481887e-06,2.3741578605869687e-05,0.00044124472199646384,0.0641737344595119,-6.986710150561287e-10,0.08699602091143101,0.1542208197077135,0.42005694654130843
12,blocks.2.mlp.fc1,mlp,dp_kfc,0.001,0.9954163033727538,0.08368454532825764,0.3091678777615262,1.6581872095985186,18.44572334970357,-7.281416122713244e-09,26.670775456968077,3.673044142819363e-05,1.3794298279301951e-08,9.21081086358659e-08,2.950726964541755e-06,0.0012122952430463347,7.575448262641983e-09,0.005717626347530574,0.0010046048036502068,27.225373862030906
12,blocks.2.mlp.fc2,mlp,dp_kfc,0.001,0.024202371959578153,0.0004825900389680274,0.001318022096616007,0.03489284749401381,0.38455956447051276,0.00031983704567848287,2.3494130850483987,0.0014996830165425004,2.473451285131107e-06,1.641547006061385e-05,0.0002522761539836917,0.03737301964747727,-3.2329688215468666e-10,0.05694921975582008,0.04131826424575907,0.666807577981037
12,blocks.3.attn.q_proj,attention_qkv,dp_kfc,0.001,0.9956422432716646,0.07495801463555084,0.29424913751337395,1.7477530958104777,17.7108559801997,-3.892558766208881e-08,26.97182195824799,5.9495342051111656e-08,4.238847130846516e-10,1.8049003742103312e-09,1.2599556878052441e-08,1.984002692621613e-06,2.3107299670876832e-10,3.297179817246331e-06,0.0010043768298882297,16808.038503937223
12,blocks.3.attn.k_proj,attention_qkv,dp_kfc,0.001,0.9956422432716646,0.07495801463555084,0.29424913751337395,1.7477530958104777,17.7108559801997,-3.892558766208881e-08,26.97182195824799,4.199770504455247e-09,9.78762341441369e-12,8.079753298007486e-11,6.896042391193536e-10,2.1751913455365063e-07,3.906991767688879e-12,2.9142558067365575e-07,0.0010043768298882297,238108.24875768067
12,blocks.3.attn.v_proj,attention_qkv,dp_kfc,0.001,0.9956422432716646,0.07495801463555084,0.29424913751337395,1.7477530958104777,17.7108559801997,-3.892558766208881e-08,26.97182195824799,7.825062079784099e-07,2.705734057793287e-10,5.875586685468678e-09,1.1687472734017458e-07,1.882561977914156e-05,7.432816972827213e-11,3.123499667409889e-05,0.0010043768298882297,1277.945132963841
12,blocks.3.attn.out_proj,attention_out,dp_kfc,0.001,0.006813161336144896,4.117763033197938e-06,7.590725884975855e-05,0.0009360734374548709,0.002831830199945546,9.170681294596093e-07,1.2561903294014083,0.0014995113184947209,2.3506847277623987e-06,1.5718206777413416e-05,0.0002504759152116973,0.037443931071921614,-3.990686419052477e-10,0.05697365425936705,0.14677474239379043,0.6668839292282545
12,blocks.3.mlp.fc1,mlp,dp_kfc,0.001,0.9947185050020564,0.07511465539826485,0.29458232986441946,1.7379414756545901,17.716472270129504,-2.7614432884654942e-08,26.879495419065265,2.554510791919854e-05,9.461808111233479e-09,6.445639509809725e-08,2.133029179354421e-06,0.0008920362545712295,4.830910521753563e-09,0.003728042052668025,0.0010053095372925959,39.14643865131004
12,blocks.3.mlp.fc2,mlp,dp_kfc,0.001,0.02404420799000482,0.00046618184277097234,0.0012828625344769703,0.03312167757110151,0.3639655703216194,0.00030916245128864196,2.256870575182918,0.0010422600247845062,1.952975982311777e-06,1.2111952832219375e-05,0.000162950833837734,0.026105630120658755,-2.14528574483073e-10,0.036837955479402766,0.04159005779752447,0.9594534724736817
12,blocks.4.attn.q_proj,attention_qkv,dp_kfc,0.001,0.9961225944788346,0.06602573456892573,0.2851446379835527,1.7655598662096614,17.844349754364767,5.062488546483736e-09,27.01192915741976,3.227584532625172e-08,2.413630430821948e-10,1.0481697919448263e-09,8.075352726267672e-09,7.331035246578073e-07,1.1683373072981835e-10,2.296260669615615e-06,0.0010038924983156257,30982.92205492276
12,blocks.4.attn.k_proj,attention_qkv,dp_kfc,0.001,0.9961225944788346,0.06602573456892573,0.2851446379835527,1.7655598662096614,17.844349754364767,5.062488546483736e-09,27.01192915741976,2.6774403525077597e-09,6.266736468827363e-12,5.107665034647574e-11,4.857279139969548e-10,1.2652339300070182e-07,2.451818667838242e-12,1.8729020245464607e-07,0.0010038924983156257,373491.0467989975
12,blocks.4.attn.v_proj,attention_qkv,dp_kfc,0.001,0.9961225944788346,0.06602573456892573,0.2851446379835527,1.7655598662096614,17.844349754364767,5.062488546483736e-09,27.01192915741976,5.215403025745264e-07,1.8660660887977247e-10,4.1678032495923826e-09,7.752075984484707e-08,1.4082123692792198e-05,3.711462984672424e-11,1.8402696655129185e-05,0.0010038924983156257,1917.3973613613557
12,blocks.4.attn.out_proj,attention_out,dp_kfc,0.001,0.007075192598662812,3.864656813854591e-06,7.635695310146621e-05,0.0009838676873714944,0.003249352331923772,9.773323204438208e-07,1.3019172313050458,0.0010411986836516007,1.9053287145745473e-06,1.166782487602517e-05,0.00016158990839161056,0.026099954825866658,-3.417611921499785e-10,0.036841847909627516,0.14133890859578815,0.9604314869981276
12,blocks.4.mlp.fc1,mlp,dp_kfc,0.001,0.9955026894962232,0.06643589889449254,0.2841630132853915,1.757712379289654,17.80744456776704,1.766005721433736e-09,26.962392732244165,1.836368554134863e-05,7.100069302151745e-09,5.1279315289771715e-08,1.6379093662162245e-06,0.0007043481073245129,3.5320597331506504e-09,0.0025482668047598638,0.001004517627678186,54.455299713575904
12,blocks.4.mlp.fc2,mlp,dp_kfc,0.001,0.023965001883777284,0.00044236416656447645,0.001253161734309751,0.03285205382346105,0.37483093771802023,0.0003006442096693524,2.3440217319465453,0.0007793089402336287,1.6251869674161869e-06,9.392452961020469e-06,0.00010562800267111098,0.018973830828617956,-2.3661409634625456e-10,0.02887502950687056,0.04172751601897155,1.2831881534686493
12,blocks.5.attn.q_proj,attention_qkv,dp_kfc,0.001,0.9955315055624809,0.06180612532144339,0.2700123708899157,1.7947566042230199,17.715906812819032,-3.644627927581085e-08,25.959339270285508,2.0768365067055e-08,1.694335995315492e-10,7.537899334847742e-10,5.7614474373581174e-09,3.8863893870749224e-07,8.577921905018444e-11,1.4724420769794147e-06,0.0010044885515049515,48150.15514082555
12,blocks.5.attn.k_proj,attention_qkv,dp_kfc,0.001,0.9955315055624809,0.06180612532144339,0.2700123708899157,1.7947566042230199,17.715906812819032,-3.644627927581085e-08,25.959339270285508,2.0772553230832013e-09,4.955687509976646e-12,4.1212511447545134e-11,4.449957850170854e-10,9.096032745365095e-08,2.0004222984398604e-12,1.6451724978443324e-07,0.0010044885515049515,481404.4710284979
12,blocks.5.attn.v_proj,attention_qkv,dp_kfc,0.001,0.9955315055624809,0.06180612532144339,0.2700123708899157,1.7947566042230199,17.715906812819032,-3.644627927581085e-08,25.959339270285508,3.8567718781597665e-07,1.4676843324664064e-10,3.1985184719880304e-09,5.4261227756942247e-08,1.0010611022702925e-05,3.287400271088597e-11,1.3545981887422692e-05,0.0010044885515049515,2592.841971449822
12,blocks.5.attn.out_proj,attention_out,dp_kfc,0.001,0.007971017078211209,3.5901781883137372e-06,7.178160906793516e-05,0.0011721032311103458,0.0034073172323661853,9.53200960769251e-07,1.4723556242599039,0.0007787862606013125,1.5596283849280827e-06,9.173681324397106e-06,0.00010554424382403356,0.018973966765789697,-2.317387037548065e-10,0.02888280834588098,0.1254545047624477,1.284049360639574
12,blocks.5.mlp.fc1,mlp,dp_kfc,0.001,0.9959264499535833,0.06111165452211203,0.27036768227331504,1.793674672748302,17.700808731555284,4.448503295428384e-09,25.96376629496933,1.466776293030288e-05,5.936682539548184e-09,4.6141677498407166e-08,1.3746175280355519e-06,0.0005443566425898283,2.7489240890266626e-09,0.0022679959833481005,0.0010040902117285937,68.17672229580756
12,blocks.5.mlp.fc2,mlp,dp_kfc,0.001,0.023826392892486524,0.0004323614070132207,0.0012246731803273888,0.0316851257018597,0.36623933465897496,0.00027653340372707703,2.361384626408602,0.0006354429056045774,1.2229282271570994e-06,7.077693580852868e-06,7.849958800857287e-05,0.016639350541092824,-1.4206638809542543e-10,0.025291231388086886,0.04197026400564991,1.5737055071038573
12,blocks.6.attn.q_proj,attention_qkv,dp_kfc,0.001,0.9964459031974714,0.05637150904319955,0.26023590878543224,1.8248959727428076,17.841234120309785,-3.660306551951628e-08,25.853530189153176,1.9574078230962428e-08,1.3734751087690983e-10,6.681452144902294e-10,4.615810117985583e-09,4.035317463567024e-07,6.850039862835619e-11,1.8021212905254112e-06,0.0010035667734606805,51087.974013417006
12,blocks.6.attn.k_proj,attention_qkv,dp_kfc,0.001,0.9964459031974714,0.05637150904319955,0.26023590878543224,1.8248959727428076,17.841234120309785,-3.660306551951628e-08,25.853530189153176,1.8287551104521904e-09,4.612698313222016e-12,4.2929571641017675e-11,4.910489962851301e-10,7.370003457701672e-08,1.784699888542457e-12,1.6353999572232074e-07,0.0010035667734606805,546820.0713614045
12,blocks.6.attn.v_proj,attention_qkv,dp_kfc,0.001,0.9964459031974714,0.05637150904319955,0.26023590878543224,1.8248959727428076,17.841234120309785,-3.660306551951628e-08,25.853530189153176,3.1541218629508683e-07,1.0959642350539436e-10,2.470463514442778e-09,3.70846490205048e-08,8.138009174969155e-06,2.708963489880188e-11,1.3344079809213264e-05,0.0010035667734606805,3170.4545463073537
12,blocks.6.attn.out_proj,attention_out,dp_kfc,0.001,0.008116949753023907,3.250221152003156e-06,6.987305470151242e-05,0.0011125397668363631,0.003895966133580978,9.245207544650454e-07,1.4958997114041868,0.0006348209957044066,1.2196114302075778e-06,6.771773591720594e-06,7.829049377789436e-05,0.01666289780902209,-1.9362412775248652e-10,0.02517403602415326,0.12319898858896566,1.5752472063252814
12,blocks.6.mlp.fc1,mlp,dp_kfc,0.001,0.9944323440289868,0.05650659415565459,0.2612475052188193,1.8228388902562702,17.771811783974492,-8.269619611612031e-09,25.747434936506277,1.1951597907941536e-05,4.87252383464732e-09,3.982452737441003e-08,1.1258431039163055e-06,0.00043918067107152653,2.3698736356904844e-09,0.0018371895337009985,0.001005598828320945,83.67082022860937
12,blocks.6.mlp.fc2,mlp,dp_kfc,0.001,0.024119441333300736,0.00042898009302796633,0.0012298346541711196,0.0317521234574887,0.3713509166474595,0.00028712663521745233,2.3136962442178426,0.0004919951862423961,9.617850788208816e-07,4.94004368547283e-06,5.52914898510803e-05,0.012985763421365853,-1.664992566316635e-10,0.01907760705318912,0.04146033012047176,2.0325402116989824
12,blocks.7.attn.q_proj,attention_qkv,dp_kfc,0.001,0.9963265700661457,0.05196316001509216,0.24931447174947202,1.8562526407549718,17.93662508013669,-2.569435602708544e-08,25.447960620687915,1.1630321960128438e-08,8.837355276045054e-11,4.0982121854957307e-10,3.0644894010898086e-09,3.200061131755822e-07,4.6087300869429293e-11,6.614443723297251e-07,0.00100368697377368,85982.14249169047
12,blocks.7.attn.k_proj,attention_qkv,dp_kfc,0.001,0.9963265700661457,0.05196316001509216,0.24931447174947202,1.8562526407549718,17.93662508013669,-2.569435602708544e-08,25.447960620687915,1.05323925073351e-09,3.440771375734986e-12,3.1617338779069414e-11,3.834349295971088e-10,4.7455290306928076e-08,1.3317789315436477e-12,8.122301980303934e-08,0.00100368697377368,949451.8926289232
12,blocks.7.attn.v_proj,attention_qkv,dp_kfc,0.001,0.9963265700661457,0.05196316001509216,0.24931447174947202,1.8562526407549718,17.93662508013669,-2.569435602708544e-08,25.447960620687915,2.329953062707446e-07,7.832702750832412e-11,1.81152080282091e-09,2.6629544216465706e-08,6.459134697086569e-06,1.7008449416543872e-11,9.99969362971451e-06,0.00100368697377368,4291.9319535046025
12,blocks.7.attn.out_proj,attention_out,dp_kfc,0.001,0.00849735471067125,3.1679634250741567e-06,7.01530925420544e-05,0.001186789325847936,0.0037839076163826584,8.178820494478261e-07,1.569195031062068,0.0004919955888453842,9.426269447703473e-07,4.843417487450764e-06,5.49035477547445e-05,0.012974952960356998,-1.8061372470202135e-10,0.019084172258893837,0.11768368322251725,2.032538548458943
12,blocks.7.mlp.fc1,mlp,dp_kfc,0.001,0.9954403899803063,0.052265127747396715,0.2486850651638485,1.8356207274271519,17.941434404850817,-3.855237616656824e-08,25.393725969385414,8.977563379759801e-06,3.877050864868557e-09,3.2835861708146645e-08,8.857733058682872e-07,0.0003410767706837989,1.7833218991212924e-09,0.0015015551746227985,0.001004580495291922,111.38879868612585
12,blocks.7.mlp.fc2,mlp,dp_kfc,0.001,0.023954746957083557,0.0004136980101917745,0.001192718164164903,0.030868113644253164,0.3770874316826509,0.00027199439804535185,2.4491152766912423,0.00038038982036899444,6.580899718066962e-07,3.510516191120846e-06,3.741037757363244e-05,0.00953993906883959,-1.4369601481642374e-10,0.015451989508470314,0.04174537939355249,2.6288821268401903
12,blocks.8.attn.q_proj,attention_qkv,dp_kfc,0.001,0.9947738144064197,0.04863856516460314,0.24149002243246362,1.7926502159262288,17.98489398267629,3.358661467918754e-10,25.963512627078295,1.1519820861694933e-08,7.68295345968757e-11,3.51718749007803e-10,2.6183556762345728e-09,3.2832437776499464e-07,3.460020070145966e-11,6.466079392490089e-07,0.001005253642102249,86806.90542030426
12,blocks.8.attn.k_proj,attention_qkv,dp_kfc,0.001,0.9947738144064197,0.04863856516460314,0.24149002243246362,1.7926502159262288,17.98489398267629,3.358661467918754e-10,25.963512627078295,9.494994738735185e-10,3.063246316867142e-12,2.907526444481894e-11,3.218989769294566e-10,4.359323613539087e-08,1.114885738546758e-12,7.103645873736405e-08,0.001005253642102249,1053186.4708891967
12,blocks.8.attn.v_proj,attention_qkv,dp_kfc,0.001,0.9947738144064197,0.04863856516460314,0.24149002243246362,1.7926502159262288,17.98489398267629,3.358661467918754e-10,25.963512627078295,1.724240485575142e-07,6.338233465098968e-11,1.2782162320300515e-09,1.820609448467975e-08,4.20522069254671e-06,1.4669520483485026e-11,7.191906725009033e-06,0.001005253642102249,5799.655027044777
12,blocks.8.attn.out_proj,attention_out,dp_kfc,0.001,0.008104554053961174,3.1698241909996895e-06,6.688988590013567e-05,0.0012684704508448212,0.004694794318229851,7.035972897250779e-07,1.4879334710537528,0.00037972594194949727,6.46420589147519e-07,3.383771972783602e-06,3.7245141624706733e-05,0.009524675007337405,-1.3730544081292803e-10,0.015412363898085242,0.12338741815303718,2.6334782260754728
12,blocks.8.mlp.fc1,mlp,dp_kfc,0.001,0.9960045672451276,0.049066464989580436,0.24156562831722939,1.7938698239968545,17.96860949606503,-2.3065198219230337e-08,25.952316144538262,7.34031889746319e-06,2.8511241860036897e-09,2.6066675697324218e-08,6.785776337285963e-07,0.0002661786502317827,1.2411530619503814e-09,0.0011923740983856852,0.0010040114602746487,136.23386312897108
12,blocks.8.mlp.fc2,mlp,dp_kfc,0.001,0.024053192768919297,0.0004088087864019522,0.0012024990720133943,0.029893923795054008,0.4099680579208855,0.00026603489208990017,2.42632029350585,0.00031590329721590627,4.811230531500451e-07,2.4068413239855157e-06,2.5263628994648953e-05,0.008045290688541961,-1.0271325036102498e-10,0.012887316736695931,0.041574522335020965,3.1655256808432206
12,blocks.9.attn.q_proj,attention_qkv,dp_kfc,0.001,0.995151063321168,0.046768216249475275,0.23048553000334004,1.7640832063797753,18.000231955010147,-1.6777653213786145e-08,26.81372226656356,8.30650351337873e-09,6.263946715969074e-11,2.9423818139536003e-10,2.2955540827426563e-09,2.3183035329410957e-07,3.0501335947383474e-11,4.525908828018887e-07,0.0010048725634303694,120387.59730726253
12,blocks.9.attn.k_proj,attention_qkv,dp_kfc,0.001,0.995151063321168,0.046768216249475275,0.23048553000334004,1.7640832063797753,18.000231955010147,-1.6777653213786145e-08,26.81372226656356,8.002060530583159e-10,2.6791404901396025e-12,2.7529597320751022e-11,2.997170871040252e-10,3.775402056589871e-08,1.1310259797514066e-12,5.359174572035223e-08,0.0010048725634303694,1249678.1250005416
12,blocks.9.attn.v_proj,attention_qkv,dp_kfc,0.001,0.995151063321168,0.046768216249475275,0.23048553000334004,1.7640832063797753,18.000231955010147,-1.6777653213786145e-08,26.81372226656356,1.3829298506351506e-07,4.1644207450795866e-11,8.636820110519806e-10,1.2690357642224023e-08,3.5343001012694154e-06,7.890361087709842e-12,5.528087701793505e-06,0.0010048725634303694,7231.024766301205
12,blocks.9.attn.out_proj,attention_out,dp_kfc,0.001,0.008771138919735752,3.0578688353452147e-06,6.523296620957653e-05,0.0012942953451185659,0.004732507793610846,7.939981119802425e-07,1.6146035952788762,0.0003160701447768588,4.7134278290478817e-07,2.3105436512303123e-06,2.5062526352606782e-05,0.008054013495716317,-1.5521128458344362e-10,0.012895295569484535,0.11401027952594861,3.163854658610627
12,blocks.9.mlp.fc1,mlp,dp_kfc,0.001,0.995286033870025,0.04677480584604208,0.22973673989071725,1.759453693392682,17.94074729287001,-1.4192143616411862e-08,26.88823378208018,5.803882379043501e-06,2.2325071560048106e-09,2.23461150749997e-08,5.514324415145703e-07,0.00022596247610662091,9.470315128364051e-10,0.0008807591911096547,0.0010047362928540706,172.29846070119763
12,blocks.9.mlp.fc2,mlp,dp_kfc,0.001,0.023069240636057833,0.00038207261749636785,0.001126697870952954,0.027946417632347283,0.37886201159118565,0.00024685376254432966,2.414917025238234,0.0002529395162961615,3.154286923939235e-07,1.4867455664805339e-06,1.6194904522674217e-05,0.006474621355808071,-9.495225616740121e-11,0.009773145891203277,0.04334776405413941,3.9535143209063515
12,blocks.10.attn.q_proj,attention_qkv,dp_kfc,0.001,0.9939394114548679,0.04469916371136427,0.22152652819941213,1.7828222904302342,17.788732041798248,1.0874374328510438e-08,26.42751289435712,5.208114736062844e-09,4.398714172938986e-11,2.1193810951237512e-10,1.584819305439614e-09,1.5759198019914118e-07,2.0393338501339918e-11,2.670555595301451e-07,0.0010060975432458815,192008.05870800873
12,blocks.10.attn.k_proj,attention_qkv,dp_kfc,0.001,0.9939394114548679,0.04469916371136427,0.22152652819941213,1.7828222904302342,17.788732041798248,1.0874374328510438e-08,26.42751289435712,5.197257582525809e-10,2.2679891765453635e-12,2.1554206213443356e-11,2.6357524613390197e-10,2.2595754205413395e-08,8.687931365064037e-13,3.431107655911394e-08,0.0010060975432458815,1924091.6658858596
12,blocks.10.attn.v_proj,attention_qkv,dp_kfc,0.001,0.9939394114548679,0.04469916371136427,0.22152652819941213,1.7828222904302342,17.788732041798248,1.0874374328510438e-08,26.42751289435712,1.0959944905334731e-07,2.7292743145058306e-11,5.166074626745642e-10,8.228724367711463e-09,2.7923286973091786e-06,5.501611782018646e-12,4.201835114046698e-06,0.0010060975432458815,9124.13345721521
12,blocks.10.attn.out_proj,attention_out,dp_kfc,0.001,0.009103898765607327,2.9385495467135e-06,6.450665553406848e-05,0.001375830360313976,0.004839040217240388,7.751564742800155e-07,1.6722855664471463,0.00025288909603204957,3.0227628999947645e-07,1.4119459056770258e-06,1.6051792437015068e-05,0.006472643201703557,-1.1537539522408613e-10,0.009772043800604133,0.10984304919753679,3.9543025606500106
12,blocks.10.mlp.fc1,mlp,dp_kfc,0.001,0.9958698017609552,0.044790273772289106,0.22209077198587976,1.7856580140515064,17.801473324608835,9.966814400927342e-09,26.44770655023809,4.857214289354095e-06,1.5883396970052147e-09,1.8159941479965108e-08,4.3642310033138434e-07,0.0002292122133541228,5.603181898534982e-10,0.0007557473007226203,0.0010041473275238808,205.87932514976163
12,blocks.10.mlp.fc2,mlp,dp_kfc,0.001,0.023992966494785793,0.00037951044613182555,0.001152368775834222,0.02807943795298092,0.3835121031323885,0.00024354310790875863,2.5475274690117655,0.00020147782565042385,1.5290678639974632e-07,7.223320085903093e-07,1.0136531709327035e-05,0.004953319450278171,-6.601760097797884e-11,0.007766186327181535,0.04167888119284134,4.963325352414018
12,blocks.11.attn.q_proj,attention_qkv,dp_kfc,0.001,0.9963106726117703,0.044005963278123464,0.21579968394100082,1.7845299504912602,17.964931702353603,-6.632744898809818e-08,26.28703993642497,4.366542900984445e-09,3.565894414618866e-11,1.652218662683238e-10,1.241920714325791e-09,1.1424050000939694e-07,1.4540714930138497e-11,1.857568925485494e-07,0.0010037029889266953,229014.124600619
12,blocks.11.attn.k_proj,attention_qkv,dp_kfc,0.001,0.9963106726117703,0.044005963278123464,0.21579968394100082,1.7845299504912602,17.964931702353603,-6.632744898809818e-08,26.28703993642497,4.097678680022263e-10,1.786576557304898e-12,1.6914969297889832e-11,2.2770200968331327e-10,1.878749548879736e-08,6.17599754426443e-13,2.5846254794260515e-08,0.0010037029889266953,2440406.088635937
12,blocks.11.attn.v_proj,attention_qkv,dp_kfc,0.001,0.9963106726117703,0.044005963278123464,0.21579968394100082,1.7845299504912602,17.964931702353603,-6.632744898809818e-08,26.28703993642497,8.580815803275557e-08,1.2058804665183029e-11,2.5434385454954813e-10,5.078026123357058e-09,2.188760147224725e-06,2.49652197531419e-12,3.36447238629612e-06,0.0010037029889266953,11653.90357893791
12,blocks.11.attn.out_proj,attention_out,dp_kfc,0.001,0.009168156947749981,2.7995032728316555e-06,6.0229238476432824e-05,0.0013030917090355958,0.004972414269522209,7.11671137916841e-07,1.687825342577512,0.00020132546641586183,1.3925767070932507e-07,6.742241557398539e-07,1.0068245156849286e-05,0.004951766553289499,-4.435989259815586e-12,0.007761212848503751,0.10907317639729289,4.967081501425063
12,blocks.11.mlp.fc1,mlp,dp_kfc,0.001,0.9956843676962384,0.044266799006505854,0.21656240279908012,1.7830566140380666,17.905303379863565,-2.7368862537788267e-08,26.219731121717334,4.148330920793197e-06,1.05505907982854e-09,1.4131535850783238e-08,3.5729617701824044e-07,0.0001991263456594997,3.139888605593475e-10,0.0006536492433639504,0.0010043343377116054,241.0608071278921
12,blocks.11.mlp.fc2,mlp,dp_kfc,0.001,0.024275416695429267,0.00037289218752185025,0.0011397846275450606,0.028994647827897985,0.3758981258864126,0.00019289918158899854,2.6401497116174752,0.0001700436288842866,4.289983119980164e-09,4.940102186007912e-08,5.440350991999056e-06,0.00398799590361518,-6.483484245530312e-13,0.006782703297627416,0.04119393757670436,5.880843678539068
12,head,patch_head,dp_kfc,0.001,0.9950753254285131,0.0006363720183014042,0.005716916093675695,0.3967351642286051,1.9462736639688547,-1.2424824291917034e-07,165.6967089009367,0.10547122731804848,0.08462230406374041,0.10227903075010152,0.12220794879561923,0.22677581749484327,-1.4901163989418078e-09,0.2383944695725348,0.0010049490470174871,0.009481258779557956
13,patch_embed,patch_head,dp_kfc,0.001,0.25097329656851464,0.025422364799754682,0.04974756497460929,0.2598111003933663,4.1950892130176785,0.01666338946202881,26.184726173565437,4.006951038585763e-05,3.0915372611354784e-07,9.054189236767529e-07,1.0703071924178531e-05,0.0011262635726636886,-7.153172429246754e-13,0.0019350933211935446,0.003984487647382056,24.956631373088747
13,blocks.0.attn.q_proj,attention_qkv,dp_kfc,0.001,0.9955626219665449,0.11895782816049316,0.3420921859195633,1.651114039160022,19.099262298577088,-3.926037601208795e-08,24.52366831201769,1.7177188374647063e-06,1.9724564124428772e-08,8.192563453043801e-08,5.907107513990485e-07,4.491749435831911e-05,9.452479610567161e-09,0.00010999807348822847,0.0010044571561201143,582.1674526641191
13,blocks.0.attn.k_proj,attention_qkv,dp_kfc,0.001,0.9955626219665449,0.11895782816049316,0.3420921859195633,1.651114039160022,19.099262298577088,-3.926037601208795e-08,24.52366831201769,1.7757938926009757e-07,2.489596079807838e-12,9.440102068738115e-12,5.0451109371350695e-11,8.788760603308489e-06,1.2206354751319231e-12,1.53139511788634e-05,0.0010044571561201143,5631.284149397072
13,blocks.0.attn.v_proj,attention_qkv,dp_kfc,0.001,0.9955626219665449,0.11895782816049316,0.3420921859195633,1.651114039160022,19.099262298577088,-3.926037601208795e-08,24.52366831201769,3.0994681128030756e-05,1.4310285229112124e-08,2.634946219376883e-07,5.744402693675872e-06,0.0008174533802095524,3.1588178684385223e-09,0.0013659892205891348,0.0010044571561201143,32.26360019221578
13,blocks.0.attn.out_proj,attention_out,dp_kfc,0.001,0.005905066889926666,5.379631110621476e-06,9.009567279006541e-05,0.0007779048693201699,0.0020878859286635235,1.3212207199466676e-06,1.0900644657812124,0.07231213441991713,0.0001237252750030733,0.0006798709910209605,0.014501742711431509,1.9904706077143253,-5.839628142456673e-08,3.1442195850708643,0.16934609186322339,0.013828937674457129
13,blocks.0.mlp.fc1,mlp,dp_kfc,0.001,0.9945931131975638,0.1185271720682777,0.34089477696827747,1.6608466410292702,19.060548663036347,-4.754905019521557e-08,24.494610539610782,0.00011163974435089244,4.732518294500149e-08,3.0221920193563633e-07,8.45795565080478e-06,0.0032226905939803283,2.2807133969561424e-08,0.01867977675601019,0.0010054362801538545,8.957383464234045
13,blocks.0.mlp.fc2,mlp,dp_kfc,0.001,0.024425646361636945,0.0005317523306340465,0.0013959914909692282,0.03682919351975125,0.39727553786906045,0.0003658007298796122,2.1846952889761924,0.004824701170946355,8.537139593670961e-06,5.063696966490723e-05,0.0009529331589819909,0.13332321853434398,-8.882289147968593e-10,0.20283997816394034,0.040940574721928566,0.20726672276033464
13,blocks.1.attn.q_proj,attention_qkv,dp_kfc,0.001,0.9954019547126454,0.09908143289460833,0.32215186670102414,1.6258373128037082,19.099922713239337,-1.781898122702699e-08,25.482767622626312,1.4239667786112667e-07,1.3829863847013865e-09,5.586541365556544e-09,3.4488382528018866e-08,3.364330646656633e-06,6.560870504493857e-10,9.55138358759034e-06,0.0010046192849688365,7022.635745584295
13,blocks.1.attn.k_proj,attention_qkv,dp_kfc,0.001,0.9954019547126454,0.09908143289460833,0.32215186670102414,1.6258373128037082,19.099922713239337,-1.781898122702699e-08,25.482767622626312,1.484137586843052e-08,2.8531295867247857e-11,2.296047339531487e-10,1.7657021329021826e-09,6.338261630897238e-07,1.3233760681811333e-11,1.2224651285026527e-06,0.0010046192849688365,67379.19778227073
13,blocks.1.attn.v_proj,attention_qkv,dp_kfc,0.001,0.9954019547126454,0.09908143289460833,0.32215186670102414,1.6258373128037082,19.099922713239337,-1.781898122702699e-08,25.482767622626312,2.316035901432182e-06,8.755041859072037e-10,1.9288393512698372e-08,4.1249456749911724e-07,5.9383612851833704e-05,2.1428993065760992e-10,9.790408192638258e-05,0.0010046192849688365,431.7722360787342
13,blocks.1.attn.out_proj,attention_out,dp_kfc,0.001,0.0061081517438001335,4.830408414306582e-06,8.575554609195698e-05,0.000811983683019039,0.0021782053398374675,9.796834886307513e-07,1.127108581478682,0.0048200182791333646,8.250321509381612e-06,4.9851281444759555e-05,0.0009471860926985709,0.13287592802721132,-1.1818643548042547e-09,0.20293443556950683,0.1637156445916746,0.20746809287615384
13,blocks.1.mlp.fc1,mlp,dp_kfc,0.001,0.9938084816685613,0.0991546746037657,0.322140746906181,1.622159088388862,19.03628036992189,-4.905865810210331e-08,25.439942673159536,5.4268222502244314e-05,2.327670741040101e-08,1.517806118822079e-07,4.348516994353381e-06,0.0016461186584881245,1.1942883906284406e-08,0.00790572453946592,0.0010062300920606387,18.426990122233025
13,blocks.1.mlp.fc2,mlp,dp_kfc,0.001,0.023743476828872692,0.0004969092259961489,0.0013101899667552243,0.03555047265997419,0.4200305213640416,0.0003208609563287122,2.016699556544164,0.0023412097289110534,3.6968717169210035e-06,2.5151193545530944e-05,0.0004205432875322904,0.06330208607147374,-6.066676405561236e-10,0.08850394509036207,0.04211683095981856,0.4271296106671833
13,blocks.2.attn.q_proj,attention_qkv,dp_kfc,0.001,0.9943366745593017,0.08466797525941465,0.3070847232250898,1.6554470230611962,18.322870734240972,-1.3935021678672795e-09,26.28867752431476,5.7211747853114225e-08,6.184458500901964e-10,2.454217814336408e-09,1.6776480562497105e-08,1.78250264503279e-06,3.037233829161299e-10,3.377539803426075e-06,0.0010056955813715796,17478.92762457469
13,blocks.2.attn.k_proj,attention_qkv,dp_kfc,0.001,0.9943366745593017,0.08466797525941465,0.3070847232250898,1.6554470230611962,18.322870734240972,-1.3935021678672795e-09,26.28867752431476,5.92291295523073e-09,1.2728587451355319e-11,1.0318099643460801e-10,8.810391782073039e-10,2.3414607874364795e-07,5.367300993877582e-12,5.469106003589361e-07,0.0010056955813715796,168835.8426940692
13,blocks.2.attn.v_proj,attention_qkv,dp_kfc,0.001,0.9943366745593017,0.08466797525941465,0.3070847232250898,1.6554470230611962,18.322870734240972,-1.3935021678672795e-09,26.28867752431476,1.21137826836204e-06,4.351414509036837e-10,9.346479640065339e-09,1.9123614285875778e-07,3.308465162403425e-05,1.3284755650391576e-10,4.8959052278881185e-05,0.0010056955813715796,825.5059762233855
13,blocks.2.attn.out_proj,attention_out,dp_kfc,0.001,0.006472178895513219,4.322963339402857e-06,7.756340266658485e-05,0.0008927806662608134,0.002672504849772477,9.798260967308701e-07,1.1935186687394663,0.0023378101950584096,3.453066156960201e-06,2.4319762291873964e-05,0.000419409914176323,0.06324244857104798,-6.819202928898893e-10,0.08829446426851667,0.15450747208073023,0.42775072249824597
13,blocks.2.mlp.fc1,mlp,dp_kfc,0.001,0.9948368671644537,0.08456507379468461,0.3070844286995123,1.6558061757134646,18.32092812334381,-4.7260640105505166e-08,26.263113009528244,3.672723569825287e-05,1.3869476842749619e-08,9.161087396588586e-08,2.936811590378153e-06,0.0012251683996669035,7.1784221973370736e-09,0.005954928977659646,0.0010051899291290466,27.22775022372758
13,blocks.2.mlp.fc2,mlp,dp_kfc,0.001,0.024376998762073304,0.0004863365269604557,0.0013280207356086452,0.03535557719571512,0.38771102546834996,0.0003264937560226831,2.3728716144318804,0.0014843074545751733,2.4622864233934922e-06,1.686776360768821e-05,0.0002396903676877172,0.03739464726531536,-3.9513422802183234e-10,0.05863548288220269,0.04102227717859343,0.6737148674404604
13,blocks.3.attn.q_proj,attention_qkv,dp_kfc,0.001,0.995423826220122,0.07543617699105572,0.2932432213684342,1.7496698875010834,17.619867350872358,-7.497837229050321e-08,26.697656072946028,5.889554586617033e-08,4.282658819658161e-10,1.8362213119454258e-09,1.2637815972914128e-08,1.7047909550562664e-06,2.2728900042402743e-10,3.7260116766953073e-06,0.0010045972114182307,16979.21269415386
13,blocks.3.attn.k_proj,attention_qkv,dp_kfc,0.001,0.995423826220122,0.07543617699105572,0.2932432213684342,1.7496698875010834,17.619867350872358,-7.497837229050321e-08,26.697656072946028,4.116088454667391e-09,1.0431384053968198e-11,8.223809346568624e-11,7.382380818251849e-10,2.1010389422694043e-07,4.140139034420653e-12,2.971179833457535e-07,0.0010045972114182307,242949.10350288064
13,blocks.3.attn.v_proj,attention_qkv,dp_kfc,0.001,0.995423826220122,0.07543617699105572,0.2932432213684342,1.7496698875010834,17.619867350872358,-7.497837229050321e-08,26.697656072946028,7.747643061180771e-07,2.649077354600197e-10,6.02409521710346e-09,1.1519040777563852e-07,1.9409183879125773e-05,6.455472921215638e-11,3.1326288748620376e-05,0.0010045972114182307,1290.7151143945396
13,blocks.3.attn.out_proj,attention_out,dp_kfc,0.001,0.006783936340485487,4.271079462616286e-06,7.724183128802084e-05,0.0009258722731184952,0.002934040263940069,9.321124507223207e-07,1.2501412956185576,0.0014837339798153455,2.430665903200829e-06,1.6110204808454877e-05,0.00023648084841813887,0.03741661465491916,-4.151322894958758e-10,0.058601804153164676,0.14740704361156134,0.6739752634932932
13,blocks.3.mlp.fc1,mlp,dp_kfc,0.001,0.9942993543308634,0.07539536328771076,0.29417899536097847,1.7397079858869622,17.618010697256672,-1.2765823397634416e-08,26.595350635033384,2.499258128544716e-05,9.410489743470049e-09,6.525129486281011e-08,2.231445822119451e-06,0.0008689456255511431,4.996070827879368e-09,0.0038227851110201514,0.0010057333293482555,40.01187346671896
13,blocks.3.mlp.fc2,mlp,dp_kfc,0.001,0.024014796293855334,0.0004689149632818891,0.0012922232941450463,0.03361676831409427,0.3710085379527752,0.00030981325276887363,2.2063987318410936,0.0010143260486377887,1.918171565259051e-06,1.2100658288312866e-05,0.00015353728654154427,0.026025796653132094,-2.585911701763384e-10,0.037085294093567256,0.041640994483716276,0.9858762883423646
13,blocks.4.attn.q_proj,attention_qkv,dp_kfc,0.001,0.9955004478365647,0.06577383551532054,0.28215443836286547,1.7668082034719848,17.803619666185295,-2.6461429712616322e-08,26.858092406548366,3.116697087218734e-08,2.2954009035864316e-10,1.037568066207857e-09,8.110198724338206e-09,8.297028838048112e-07,1.1025978750537892e-10,2.015144527497977e-06,0.0010045198896426555,32085.24832589285
13,blocks.4.attn.k_proj,attention_qkv,dp_kfc,0.001,0.9955004478365647,0.06577383551532054,0.28215443836286547,1.7668082034719848,17.803619666185295,-2.6461429712616322e-08,26.858092406548366,2.552233735912563e-09,6.08730830590833e-12,5.2020722976643537e-11,5.180848559381462e-10,1.2140038144934997e-07,2.6931876703116078e-12,1.8178856780146766e-07,0.0010045198896426555,391813.64384028304
13,blocks.4.attn.v_proj,attention_qkv,dp_kfc,0.001,0.9955004478365647,0.06577383551532054,0.28215443836286547,1.7668082034719848,17.803619666185295,-2.6461429712616322e-08,26.858092406548366,5.041056444129073e-07,2.0461480498804389e-10,4.219819703646604e-09,7.560918478094167e-08,1.313877095312281e-05,3.8516108493763917e-11,1.8609181240871175e-05,0.0010045198896426555,1983.7111745983768
13,blocks.4.attn.out_proj,attention_out,dp_kfc,0.001,0.007062698213864297,3.7077349085495144e-06,7.624697906053984e-05,0.0010439934411663983,0.0031655345610557524,9.904379736343534e-07,1.2989461229172878,0.0010134913665448644,1.903813225438142e-06,1.1854676730956051e-05,0.00015251320200078953,0.026018763331471743,-2.4872815546207475e-10,0.03710776330977013,0.1415889465639306,0.9866882274578634
13,blocks.4.mlp.fc1,mlp,dp_kfc,0.001,0.9951371034809963,0.06619359687467001,0.2798484653791998,1.7587836171911655,17.776326616714247,-3.249967548884832e-08,26.826727932547374,1.7758769812882082e-05,7.112531319816484e-09,5.1211125267547094e-08,1.6426077037183088e-06,0.0006756004818489579,3.5625094063205207e-09,0.0025723586810108734,0.0010048866598401298,56.3102067618787
13,blocks.4.mlp.fc2,mlp,dp_kfc,0.001,0.024015666692916146,0.0004431602964614893,0.0012593316531378164,0.03330413865880745,0.3836216044404964,0.0003029223629291805,2.327022440412556,0.0007531298573060969,1.608519230000686e-06,9.233280467162063e-06,0.00010402701603374508,0.01935681728070377,-1.833090874804594e-10,0.02901749822481818,0.041639485290448676,1.3277922662327366
13,blocks.5.attn.q_proj,attention_qkv,dp_kfc,0.001,0.9954351260872085,0.06139126230617602,0.26932738076261636,1.8080756000151041,17.61204129429229,-1.8015602610925223e-08,25.728139948438134,2.0174309558566396e-08,1.7424224410245556e-10,7.656925641310564e-10,5.386191144508072e-09,4.0721564988165935e-07,8.171434437436833e-11,1.3862030448119264e-06,0.0010045858075460273,49567.99126616856
13,blocks.5.attn.k_proj,attention_qkv,dp_kfc,0.001,0.9954351260872085,0.06139126230617602,0.26932738076261636,1.8080756000151041,17.61204129429229,-1.8015602610925223e-08,25.728139948438134,2.006470534570796e-09,4.8459415791579085e-12,4.383815812825161e-11,4.580564859609485e-10,8.645461776922302e-08,1.8952164907531572e-12,1.5194360735052458e-07,0.0010045858075460273,498387.5829574094
13,blocks.5.attn.v_proj,attention_qkv,dp_kfc,0.001,0.9954351260872085,0.06139126230617602,0.26932738076261636,1.8080756000151041,17.61204129429229,-1.8015602610925223e-08,25.728139948438134,3.7554149393918357e-07,1.4705130231603078e-10,3.2275759056477184e-09,5.249920850743101e-08,9.298745276956244e-06,3.056954429011481e-11,1.3819997504798184e-05,0.0010045858075460273,2662.821595320019
13,blocks.5.attn.out_proj,attention_out,dp_kfc,0.001,0.007972418498069922,3.5017838685697593e-06,6.984928757568683e-05,0.0011499064186558314,0.0034514635451599104,9.524548914692336e-07,1.4723110538970234,0.00075272399772075,1.5850053656027471e-06,9.033012004476263e-06,0.0001036723144376576,0.01935209232758972,-2.0862501490178632e-10,0.02902706921592093,0.1254324519268644,1.328508195604235
13,blocks.5.mlp.fc1,mlp,dp_kfc,0.001,0.995292148133016,0.060876976875816925,0.2702678573217014,1.8066599455464503,17.588268186923454,-1.838532633308547e-08,25.70289373832577,1.4227075187972504e-05,5.891519147794129e-09,4.565151814770846e-08,1.330463878219729e-06,0.0005339379356510602,2.8982348376472372e-09,0.002302240018843452,0.0010047301205739591,70.28851586061728
13,blocks.5.mlp.fc2,mlp,dp_kfc,0.001,0.023957458760720158,0.00043380185575447194,0.0012245315272606553,0.03162747377010662,0.36623650886624726,0.0002757214782809327,2.3591107117527197,0.0006095264096757091,1.2393917132791199e-06,6.969462863399394e-06,7.589145698705117e-05,0.015216549356973006,-1.1975019445416623e-10,0.024436795911732964,0.041740654131462655,1.6406180013299791
13,blocks.6.attn.q_proj,attention_qkv,dp_kfc,0.001,0.9960294288674785,0.05653924895564469,0.25728543925427594,1.8338031974727236,17.62860463139217,-1.1734155319850921e-08,25.50465345044675,1.901785685297826e-08,1.360581208077372e-10,6.400005282286812e-10,4.574732427170989e-09,3.9288329970607455e-07,6.379854173141743e-11,1.7283907361925483e-06,0.0010039863994149613,52582.1604258945
13,blocks.6.attn.k_proj,attention_qkv,dp_kfc,0.001,0.9960294288674785,0.05653924895564469,0.25728543925427594,1.8338031974727236,17.62860463139217,-1.1734155319850921e-08,25.50465345044675,1.807641280150013e-09,4.38079166183381e-12,4.2279460600243553e-11,4.877009334401057e-10,7.221748279870321e-08,1.7464813750555562e-12,1.6458339206213593e-07,0.0010039863994149613,553207.1052930434
13,blocks.6.attn.v_proj,attention_qkv,dp_kfc,0.001,0.9960294288674785,0.05653924895564469,0.25728543925427594,1.8338031974727236,17.62860463139217,-1.1734155319850921e-08,25.50465345044675,3.033869485820813e-07,1.1227067013669203e-10,2.4299964837634295e-09,3.442778954905727e-08,7.69934629847429e-06,2.665601242603553e-11,1.3054648703795862e-05,0.0010039863994149613,3296.1206956120927
13,blocks.6.attn.out_proj,attention_out,dp_kfc,0.001,0.008193832140088978,3.2793306265337256e-06,7.479604303336037e-05,0.0011315242521098973,0.004046355775051004,9.100370398792281e-07,1.5100616373589393,0.0006089226521529174,1.1957930761111874e-06,6.823682815083929e-06,7.544714128634541e-05,0.015227653587031948,-2.285596525149828e-10,0.024329043893474678,0.12204301758970874,1.642244702942784
13,blocks.6.mlp.fc1,mlp,dp_kfc,0.001,0.9940951361557363,0.05674630853946405,0.25664043493654565,1.8349718296667203,17.56427930702203,-9.019258763703655e-09,25.39066759929636,1.1387462633581183e-05,4.885603569957495e-09,3.9517784452653806e-08,1.1041987549357595e-06,0.0004303406880348899,2.3190941466810807e-09,0.001686563357292264,0.0010059399383715913,87.81587542171502
13,blocks.6.mlp.fc2,mlp,dp_kfc,0.001,0.024266128578454605,0.0004321235282787061,0.001238660526078301,0.03183263795662529,0.3804734230578066,0.0002885619163699397,2.3209953348706933,0.00046915685584281164,9.387734853666023e-07,4.991214392724714e-06,5.3096825068061874e-05,0.012192357548417966,-1.41662088374669e-10,0.01790954003989994,0.04120970499133839,2.1314832929459406
13,blocks.7.attn.q_proj,attention_qkv,dp_kfc,0.001,0.9960306493729508,0.05173022607629007,0.2504620588337542,1.8728473663533625,17.67138523121398,-2.8453200571895345e-08,25.02691252965052,1.2195359035127584e-08,9.00289085402241e-11,4.286353596123903e-10,3.1068752515319175e-09,3.616642945402523e-07,4.8891575111550976e-11,7.500632367716625e-07,0.0010039851691607564,81998.40587879324
13,blocks.7.attn.k_proj,attention_qkv,dp_kfc,0.001,0.9960306493729508,0.05173022607629007,0.2504620588337542,1.8728473663533625,17.67138523121398,-2.8453200571895345e-08,25.02691252965052,1.100442031660813e-09,3.974929574089563e-12,3.521524866089552e-11,4.1443606677747725e-10,4.772080855581865e-08,1.4870546245158904e-12,8.814837269997863e-08,0.0010039851691607564,908725.7404106753
13,blocks.7.attn.v_proj,attention_qkv,dp_kfc,0.001,0.9960306493729508,0.05173022607629007,0.2504620588337542,1.8728473663533625,17.67138523121398,-2.8453200571895345e-08,25.02691252965052,2.2709858206922579e-07,8.186054890913468e-11,1.7021229148152994e-09,2.424398283415535e-08,6.437628980485522e-06,1.731263955311848e-11,9.372005703576615e-06,0.0010039851691607564,4403.374036457757
13,blocks.7.attn.out_proj,attention_out,dp_kfc,0.001,0.008423008192378853,3.3329141390811305e-06,7.196122669610674e-05,0.001198571210686219,0.003876017282712064,8.506989490701715e-07,1.5543467447011832,0.000469089293384665,9.127098048937431e-07,4.860999672784384e-06,5.287300146556545e-05,0.012183079292828476,-1.7069732758508724e-10,0.017906715968911815,0.11872242993955545,2.131790288336372
13,blocks.7.mlp.fc1,mlp,dp_kfc,0.001,0.9953250577721572,0.052040735067541616,0.2498122037606719,1.855460775277759,17.675833596388145,-1.9582633907495786e-08,24.97776406880576,8.53244887808376e-06,3.901881796314159e-09,3.334837345425631e-08,8.815958184671039e-07,0.00032209642839032366,1.8250962374074698e-09,0.0014780008389419803,0.0010046968999638238,117.19964740352276
13,blocks.7.mlp.fc2,mlp,dp_kfc,0.001,0.024005557542427,0.00041701015959661104,0.001204154082952812,0.030964918629390322,0.37626684000088595,0.0002792604027951968,2.41287639944135,0.0003596270898545602,6.317830339518351e-07,3.374711149061029e-06,3.372078674218167e-05,0.009041320777343237,-1.1326535532291708e-10,0.014676484711109354,0.04165702038924185,2.7806581545467512
13,blocks.8.attn.q_proj,attention_qkv,dp_kfc,0.001,0.9941272053076196,0.049403923120492264,0.24030186328798284,1.7952650481054768,17.84134984020774,-7.38275104209682e-09,25.468324521311256,1.054041871579453e-08,7.468519251307119e-11,3.466874364054857e-10,2.617277646312616e-09,3.1435263093983384e-07,3.4792948818465114e-11,5.596473518906346e-07,0.001005907488157477,94872.89138727736
13,blocks.8.attn.k_proj,attention_qkv,dp_kfc,0.001,0.9941272053076196,0.049403923120492264,0.24030186328798284,1.7952650481054768,17.84134984020774,-7.38275104209682e-09,25.468324521311256,9.081233583405993e-10,3.044463303616349e-12,2.8857536661556045e-11,3.1653771517344926e-10,4.098437065085012e-08,1.2069425141034292e-12,6.804680278581062e-08,0.001005907488157477,1101171.9837570146
13,blocks.8.attn.v_proj,attention_qkv,dp_kfc,0.001,0.9941272053076196,0.049403923120492264,0.24030186328798284,1.7952650481054768,17.84134984020774,-7.38275104209682e-09,25.468324521311256,1.6546997248327125e-07,6.104649731337494e-11,1.1670942774017579e-09,1.7076719011395473e-08,4.145326954178365e-06,1.364170199519477e-11,6.985023259581861e-06,0.001005907488157477,6043.392556320745
13,blocks.8.attn.out_proj,attention_out,dp_kfc,0.001,0.00809643089944989,3.0512722100133184e-06,6.6612482804522e-05,0.0012469908440147872,0.004316427065338717,7.644367006534517e-07,1.4867465087118161,0.0003590018550691335,6.169508701377855e-07,3.2643601411051936e-06,3.362991213562868e-05,0.009029494468180962,-1.240473195136857e-10,0.014642718561297266,0.12351121283181023,2.785500926749887
13,blocks.8.mlp.fc1,mlp,dp_kfc,0.001,0.9955235744387375,0.04967079582085947,0.24004413119962495,1.796533720423278,17.82706278516307,-5.95686357733712e-08,25.466589987228538,6.986029764705082e-06,2.784801389833077e-09,2.554656979758465e-08,6.63641728788435e-07,0.0002514875486389866,1.2221169505626641e-09,0.001108594132152241,0.0010044965540507529,143.14281983913298
13,blocks.8.mlp.fc2,mlp,dp_kfc,0.001,0.024108692285482455,0.00041314612959330124,0.0012121121972628961,0.03002789786328218,0.4117364450831773,0.00026871821208335775,2.4190507066434543,0.000298281150795295,4.570850018834146e-07,2.3095875995525224e-06,2.2369770379798747e-05,0.007612265432293981,-1.0703006781331387e-10,0.012021179093845556,0.04147881553086853,3.3525417121857695
13,blocks.9.attn.q_proj,attention_qkv,dp_kfc,0.001,0.9944147356433573,0.04634915965609712,0.2316879681364047,1.7647363787945423,17.92963869162622,-4.007478825934069e-08,26.143945436127446,7.5905841617994e-09,5.847709774063259e-11,2.7701630616373054e-10,2.093534979100274e-09,2.343396834652613e-07,2.8619797691329092e-11,4.030916237255832e-07,0.0010056166347464967,131742.1661738012
13,blocks.9.attn.k_proj,attention_qkv,dp_kfc,0.001,0.9944147356433573,0.04634915965609712,0.2316879681364047,1.7647363787945423,17.92963869162622,-4.007478825934069e-08,26.143945436127446,7.418381390045189e-10,2.7253341922470797e-12,2.6221024126934042e-11,3.0438361596083466e-10,3.573828798209104e-08,1.132242328381702e-12,4.764632778488643e-08,0.0010056166347464967,1348002.9502687897
13,blocks.9.attn.v_proj,attention_qkv,dp_kfc,0.001,0.9944147356433573,0.04634915965609712,0.2316879681364047,1.7647363787945423,17.92963869162622,-4.007478825934069e-08,26.143945436127446,1.3129817170535554e-07,3.958457430773299e-11,8.136524565448509e-10,1.1643609041633843e-08,3.3024168234489097e-06,8.774650698055591e-12,5.103281672993766e-06,0.0010056166347464967,7616.25228296466
13,blocks.9.attn.out_proj,attention_out,dp_kfc,0.001,0.00882441398791409,3.1472255944070434e-06,6.367617208849858e-05,0.0012594911313393404,0.004239466704951671,7.934271586895374e-07,1.6247904322889104,0.00029838275359376587,4.4970482108531504e-07,2.2827001703958564e-06,2.2358586304260335e-05,0.007625333269779176,-1.282854353088786e-10,0.01202621601082582,0.1133219725830632,3.351400132735061
13,blocks.9.mlp.fc1,mlp,dp_kfc,0.001,0.9949385363203257,0.04659132257471499,0.23203566574365167,1.7636175413195068,17.863592001751968,-1.716335539551283e-08,26.239361402957297,5.538039325297024e-06,2.157707419141755e-09,2.1718223690074683e-08,5.412369246607769e-07,0.00021523187963550498,9.458433977655692e-10,0.0008354103436314798,0.0010050872124205718,180.5693208844028
13,blocks.9.mlp.fc2,mlp,dp_kfc,0.001,0.023172647882403107,0.0003853032127876143,0.001140562839634505,0.028855017388473292,0.3784530719803337,0.0002421043240427775,2.416508270874939,0.00024093389204911847,2.94274877549153e-07,1.3926043027351127e-06,1.5041993272689679e-05,0.005973100168691006,-1.1085254656704447e-10,0.009104099930774847,0.04315432595682697,4.1505161083610975
13,blocks.10.attn.q_proj,attention_qkv,dp_kfc,0.001,0.9935549710698697,0.04510744050552751,0.2238130001258548,1.8048214481002727,17.929489496958436,-2.103940267969974e-08,25.427187022248077,5.206788415643611e-09,4.179602594276082e-11,2.133722511560063e-10,1.4944435294386703e-09,1.6187335393254137e-07,1.9161972655216054e-11,2.5617650651206264e-07,0.001006486836780848,192056.96874402184
13,blocks.10.attn.k_proj,attention_qkv,dp_kfc,0.001,0.9935549710698697,0.04510744050552751,0.2238130001258548,1.8048214481002727,17.929489496958436,-2.103940267969974e-08,25.427187022248077,5.055651271611051e-10,2.119214694461259e-12,2.064934228307369e-11,2.5745703586546484e-10,2.205262288248981e-08,8.744732332927809e-13,3.2889544949452835e-08,0.001006486836780848,1977984.5291452163
13,blocks.10.attn.v_proj,attention_qkv,dp_kfc,0.001,0.9935549710698697,0.04510744050552751,0.2238130001258548,1.8048214481002727,17.929489496958436,-2.103940267969974e-08,25.427187022248077,1.0540258869410715e-07,2.443263876394109e-11,5.010148885619106e-10,7.901895027649625e-09,2.6949122899673047e-06,4.922405349972271e-12,4.007176851352281e-06,0.001006486836780848,9487.433016490117
13,blocks.10.attn.out_proj,attention_out,dp_kfc,0.001,0.009067792837342749,2.949011729272483e-06,6.289310792105612e-05,0.0013530008773647833,0.004966859561653581,7.880323816023575e-07,1.6653812941076032,0.00024088923822773722,2.893746665934077e-07,1.3575357698453408e-06,1.4930159427453372e-05,0.005972521979825272,-1.254066218063909e-10,0.009104536602028068,0.11028041971601138,4.151285492690204
13,blocks.10.mlp.fc1,mlp,dp_kfc,0.001,0.9956332337053329,0.04491542308092133,0.2241363808208625,1.8067016685900237,17.949120946214904,-5.802054515743827e-08,25.464330675382996,4.6708163069948214e-06,1.508847943360677e-09,1.7457533433234995e-08,4.232883402425119e-07,0.00022283768068326074,5.772364823849333e-10,0.0007120253159175886,0.0010043859185760763,214.09533886024192
13,blocks.10.mlp.fc2,mlp,dp_kfc,0.001,0.024039909695317517,0.00038472439611672327,0.0011633894535564165,0.02812503000916547,0.39069415791529954,0.0002457813522049878,2.5526049829404815,0.0001913168706551005,1.4016999101894104e-07,6.795911440783182e-07,8.941229530635839e-06,0.004775311700482692,-6.738854040477112e-11,0.007143533413149841,0.04159749402863937,5.226930571129641
13,blocks.11.attn.q_proj,attention_qkv,dp_kfc,0.001,0.9960266867449865,0.0434783621101533,0.2146690017886425,1.7869597987824761,18.078194851130238,-4.5387851985219694e-08,25.563039165528878,4.285019884637623e-09,3.450007190901744e-11,1.6311616351009275e-10,1.161778654431274e-09,1.06384952177261e-07,1.595829655608567e-11,1.855338444336206e-07,0.0010039891634510299,233371.1457408017
13,blocks.11.attn.k_proj,attention_qkv,dp_kfc,0.001,0.9960266867449865,0.0434783621101533,0.2146690017886425,1.7869597987824761,18.078194851130238,-4.5387851985219694e-08,25.563039165528878,3.86548592902954e-10,1.5960336108001613e-12,1.7274857804745194e-11,2.2565261013621014e-10,1.771712637015042e-08,6.457731502503651e-13,2.4071793683818154e-08,0.0010039891634510299,2586996.8701478564
13,blocks.11.attn.v_proj,attention_qkv,dp_kfc,0.001,0.9960266867449865,0.0434783621101533,0.2146690017886425,1.7869597987824761,18.078194851130238,-4.5387851985219694e-08,25.563039165528878,8.098668142590229e-08,1.0700215467346363e-11,2.489603603410267e-10,4.568780561017428e-09,2.0973827424441437e-06,2.0716059456919646e-12,3.0715978119078895e-06,0.0010039891634510299,12347.709307177094
13,blocks.11.attn.out_proj,attention_out,dp_kfc,0.001,0.0090742371444062,2.683259511419949e-06,6.202498666999034e-05,0.0014042173472990234,0.004954764882127833,7.012199324479712e-07,1.6690076731028334,0.000191210211824,1.2747995241903348e-07,6.401844305616959e-07,8.889368096994336e-06,0.004774283297498774,-4.403604141973259e-12,0.007141061399834082,0.11020210118890805,5.229846201522191
13,blocks.11.mlp.fc1,mlp,dp_kfc,0.001,0.9953819945686222,0.043726219757402755,0.21548213061432028,1.786734894236862,18.01876115475785,-2.678632796404349e-08,25.531995113450023,3.937908747921973e-06,1.0027622073271804e-09,1.3524604032783672e-08,3.411266680159194e-07,0.00019329195003195377,3.2374754584368573e-10,0.000596465100831944,0.0010046394303459137,253.94189251533524
13,blocks.11.mlp.fc2,mlp,dp_kfc,0.001,0.02447093272416989,0.0003776484454858629,0.001151483980371681,0.02893109454537637,0.3757792919325567,0.00019993989736196338,2.6846620198705144,0.00016182362516777477,3.802521671118058e-09,4.3619454960544985e-08,4.66251369577039e-06,0.0038118215852316257,-1.1143307054942384e-11,0.006259728234754533,0.04086480933406768,6.1795674084252195
13,head,patch_head,dp_kfc,0.001,0.9950438103990852,0.0006558681400776696,0.005844288057806017,0.3925129967923988,2.022953562554877,-1.495628929469216e-07,165.84845657652306,0.10376293957233429,0.08652211586024454,0.10017744185883562,0.12352739129731932,0.21550792106305322,1.210719077352099e-09,0.2257279799259125,0.0010049808757655876,0.00963735225815272
14,patch_embed,patch_head,dp_kfc,0.001,0.25097329435949983,0.0253510774209964,0.04969361497922912,0.25907439201059584,4.193156350809123,0.0166442315063934,26.33779997772495,4.812781307350633e-05,3.782128482887937e-07,1.1038596771554798e-06,1.4133947215817699e-05,0.001364249294370095,-2.322453053154451e-12,0.002618527623719689,0.003984487682452689,20.778006232543436
14,blocks.0.attn.q_proj,attention_qkv,dp_kfc,0.001,0.9952696166507938,0.11810122379810101,0.34214872211730984,1.6597884593107162,19.096386932231994,2.7526002911556724e-10,24.692094031974722,2.00974207609228e-06,2.39526770762215e-08,9.823494171404949e-08,7.450112852546363e-07,4.037566061081754e-05,1.1860991389778978e-08,0.00014792654302977825,0.0010047528662284744,497.5762869752863
14,blocks.0.attn.k_proj,attention_qkv,dp_kfc,0.001,0.9952696166507938,0.11810122379810101,0.34214872211730984,1.6597884593107162,19.096386932231994,2.7526002911556724e-10,24.692094031974722,2.069983866916157e-07,3.064323160487794e-12,1.134034529882967e-11,5.862187164410175e-11,1.0383907895454183e-05,1.4896602783306004e-12,1.799399370116572e-05,0.0010047528662284744,4830.9555257055745
14,blocks.0.attn.v_proj,attention_qkv,dp_kfc,0.001,0.9952696166507938,0.11810122379810101,0.34214872211730984,1.6597884593107162,19.096386932231994,2.7526002911556724e-10,24.692094031974722,3.720413985064397e-05,1.8750017793457747e-08,3.3591429954684217e-07,9.593459657347693e-06,0.0009642633556428174,4.2839897957140494e-09,0.0018836990603237516,0.0010047528662284744,26.878729195581467
14,blocks.0.attn.out_proj,attention_out,dp_kfc,0.001,0.005912551291888927,5.359516763135447e-06,9.009529243880178e-05,0.000747439946428752,0.0021123009680868964,1.390641210274859e-06,1.091566855129472,0.08568328126178433,0.0001486604627058236,0.0008269905508898631,0.021676503879475457,2.341482198430208,-5.935244238490523e-08,4.106721951352232,0.1691317251440744,0.011670888244169179
14,blocks.0.mlp.fc1,mlp,dp_kfc,0.001,0.9941350459434826,0.11795973511017072,0.33826436377879926,1.6667396660242275,19.048268288524337,4.4179264279985594e-10,24.65416096075984,0.00013296465864195045,6.038193507540461e-08,3.7089728602676e-07,1.0752889644357636e-05,0.0036098816496177126,3.014157263058695e-08,0.024741755896496142,0.0010058995546736323,7.520795452066834
14,blocks.0.mlp.fc2,mlp,dp_kfc,0.001,0.024531553988678016,0.000535787594627289,0.00139738998835948,0.036928878779250905,0.3933885693020572,0.00036993309142383635,2.197494523960899,0.005852167020445146,1.0645344054263026e-05,6.532648786943034e-05,0.001434811796984441,0.15775863035802848,-1.2389196788532166e-09,0.2669057061090109,0.04076382606913233,0.17087687287570527
14,blocks.1.attn.q_proj,attention_qkv,dp_kfc,0.001,0.9952546713265731,0.0987309747838799,0.322459096362682,1.62034479742215,19.105423661898122,-9.215400407051222e-09,25.55991854930033,1.8676290516883576e-07,1.6978962746734257e-09,7.1342634883709e-09,4.598906188281572e-08,4.381236376579377e-06,8.935065229120301e-10,1.3743652659105388e-05,0.0010047679541831257,5354.3823335580955
14,blocks.1.attn.k_proj,attention_qkv,dp_kfc,0.001,0.9952546713265731,0.0987309747838799,0.322459096362682,1.62034479742215,19.105423661898122,-9.215400407051222e-09,25.55991854930033,1.87943690098738e-08,3.6958123577305166e-11,3.083271817139981e-10,2.342292590934817e-09,8.52838099353293e-07,1.5774721423295076e-11,1.462514754555005e-06,0.0010047679541831257,53207.4260899443
14,blocks.1.attn.v_proj,attention_qkv,dp_kfc,0.001,0.9952546713265731,0.0987309747838799,0.322459096362682,1.62034479742215,19.105423661898122,-9.215400407051222e-09,25.55991854930033,2.8169654638550883e-06,1.2011276706583807e-09,2.5370724486712388e-08,5.907734714863937e-07,8.048645202854521e-05,3.00797381440648e-10,0.00011928220854645752,0.0010047679541831257,354.99192760122617
14,blocks.1.attn.out_proj,attention_out,dp_kfc,0.001,0.006148255596114106,4.689674286164728e-06,8.678570221210157e-05,0.0008205928778590708,0.0021602698473338093,9.946832712874156e-07,1.1344079760903258,0.005844458972205757,1.0188400456902376e-05,6.191059036171127e-05,0.0014295049938447672,0.15760449372820065,-1.9407665196458206e-09,0.26675998801947,0.16264775989990266,0.1711022362815202
14,blocks.1.mlp.fc1,mlp,dp_kfc,0.001,0.9934823670535508,0.09877275064617508,0.3222739463717776,1.6143463089250465,19.050153801519347,-2.5653354359011293e-08,25.510614420329787,6.521093508086531e-05,2.973753898560653e-08,1.887167336150532e-07,5.925083442057359e-06,0.0018515382591915753,1.619692194920746e-08,0.010740473842892053,0.0010065603911680679,15.334851413492883
14,blocks.1.mlp.fc2,mlp,dp_kfc,0.001,0.023863183270282414,0.000500804666914518,0.0013230138181400401,0.03553818394158623,0.420733605690771,0.00032785845102798307,2.0137246133911586,0.0027829244172608014,4.739380630299902e-06,3.184556427595717e-05,0.0006087134805994579,0.07439297157048623,-4.666833011605193e-10,0.11851066367280993,0.041905557555907975,0.3593342290568882
14,blocks.2.attn.q_proj,attention_qkv,dp_kfc,0.001,0.9943697390778695,0.08430406637863883,0.30548724490004336,1.6543927505239748,18.321929007096823,-2.7278000763374495e-08,26.281897734896077,7.022097656128601e-08,7.401894480316859e-10,2.995656972340462e-09,2.0701798551971747e-08,1.8790070937869293e-06,3.873166581893173e-10,4.743316211478315e-06,0.0010056621402491108,14240.75894369314
14,blocks.2.attn.k_proj,attention_qkv,dp_kfc,0.001,0.9943697390778695,0.08430406637863883,0.30548724490004336,1.6543927505239748,18.321929007096823,-2.7278000763374495e-08,26.281897734896077,7.046928254108552e-09,1.5732139754186842e-11,1.255997653096916e-10,1.091953495306043e-09,2.7760815501683344e-07,7.175094035320135e-12,6.23786415818994e-07,0.0010056621402491108,141905.80121444725
14,blocks.2.attn.v_proj,attention_qkv,dp_kfc,0.001,0.9943697390778695,0.08430406637863883,0.30548724490004336,1.6543927505239748,18.321929007096823,-2.7278000763374495e-08,26.281897734896077,1.4555813402002589e-06,5.793324931732909e-10,1.249701395937101e-08,2.95116907191245e-07,3.740083524210329e-05,1.7573477988809473e-10,6.550083697868415e-05,0.0010056621402491108,687.0107306146285
14,blocks.2.attn.out_proj,attention_out,dp_kfc,0.001,0.006521256472339367,4.251853115230909e-06,7.803646660511432e-05,0.0009026198355811933,0.0027389049287075682,9.631797626331101e-07,1.2023117446973486,0.0027794144340684093,4.533641098286961e-06,3.123795011698233e-05,0.000607894594376015,0.07422119022724298,-8.135901411106902e-10,0.11830891849270483,0.15334468200133072,0.3597880142459486
14,blocks.2.mlp.fc1,mlp,dp_kfc,0.001,0.9945128455063222,0.08429599146407388,0.30593568215528244,1.6543812249511898,18.318977630488057,-3.751664520281999e-08,26.244253880782697,4.359525295535849e-05,1.765230313701282e-08,1.1453381973935456e-07,4.0247721589393926e-06,0.0014434592895884468,9.059653839962151e-09,0.007590822343928628,0.0010055174294816517,22.93827727124326
14,blocks.2.mlp.fc2,mlp,dp_kfc,0.001,0.024484094227476456,0.00048945599246487,0.0013362893154032112,0.03503284892827807,0.38897757534497707,0.00032983178578077746,2.390579080692927,0.0017718416816023819,3.292537764123242e-06,2.2118835860038614e-05,0.0003574124912399735,0.042689918751423826,-2.9246043382360153e-10,0.07575160645771091,0.04084284232486671,0.5643845104127139
14,blocks.3.attn.q_proj,attention_qkv,dp_kfc,0.001,0.9951421408455607,0.07671847778978391,0.29519052297897974,1.7435271809987676,17.60851634462142,-4.019067793166891e-08,26.588009451001128,7.447269883183634e-08,5.137499308360034e-10,2.193621963504069e-09,1.6417883860911484e-08,2.019071975175646e-06,2.649314561574453e-10,5.704093309174882e-06,0.0010048815731492505,13427.739503009792
14,blocks.3.attn.k_proj,attention_qkv,dp_kfc,0.001,0.9951421408455607,0.07671847778978391,0.29519052297897974,1.7435271809987676,17.60851634462142,-4.019067793166891e-08,26.588009451001128,5.252573122904608e-09,1.2830367442699966e-11,1.004558103091104e-10,9.513191830429014e-10,2.6807235464012107e-07,4.636546328980596e-12,3.734410645413755e-07,0.0010048815731492505,190382.88027621256
14,blocks.3.attn.v_proj,attention_qkv,dp_kfc,0.001,0.9951421408455607,0.07671847778978391,0.29519052297897974,1.7435271809987676,17.60851634462142,-4.019067793166891e-08,26.588009451001128,9.120458637212892e-07,3.681725037687056e-10,7.895938847397357e-09,1.6850704082105135e-07,2.2137074138592853e-05,8.645519028101201e-11,4.078284979718595e-05,0.0010048815731492505,1096.436089211396
14,blocks.3.attn.out_proj,attention_out,dp_kfc,0.001,0.006824777559229472,4.4052113318006404e-06,7.600431026107933e-05,0.0009582925272728933,0.002835832499611929,8.991927609398359e-07,1.2573084087171713,0.0017709822559481836,3.156094747938979e-06,2.1446172082278844e-05,0.0003551150802487956,0.042778079720204885,-4.528471299115483e-10,0.0756937564297461,0.14652492206836137,0.564658396006684
14,blocks.3.mlp.fc1,mlp,dp_kfc,0.001,0.993923365452129,0.07646739720731813,0.29524665963383684,1.7337330583030035,17.6020581076891,-6.142314251016994e-08,26.499034070321404,2.9799868971891463e-05,1.2237576888460274e-08,8.197944725058909e-08,2.8737295592848905e-06,0.0010057525361427716,6.414251439667729e-09,0.005084785760142035,0.0010061137857898198,33.557194528044526
14,blocks.3.mlp.fc2,mlp,dp_kfc,0.001,0.024030569351008176,0.00047212797886246984,0.0012926946148380085,0.03324434228810104,0.3684160745326746,0.00030944802688857517,2.193174004240369,0.0012124620143367792,2.5792976127043814e-06,1.6776243658280496e-05,0.00023510087866012472,0.03084766359521904,-2.728294168710098e-10,0.04852748859294138,0.04161366238948667,0.8247681066915761
14,blocks.4.attn.q_proj,attention_qkv,dp_kfc,0.001,0.9947555244277796,0.06616409342324707,0.2808665578614374,1.7431589845269782,17.818891386830668,-1.7302208537342252e-08,26.801457690177237,3.715511632159292e-08,2.7641531618248517e-10,1.2348668861403638e-09,9.661165020826308e-09,1.0162153744009634e-06,1.3605213056577144e-10,2.190659580476243e-06,0.0010052721251035397,26914.19376391089
14,blocks.4.attn.k_proj,attention_qkv,dp_kfc,0.001,0.9947555244277796,0.06616409342324707,0.2808665578614374,1.7431589845269782,17.818891386830668,-1.7302208537342252e-08,26.801457690177237,3.100635963946818e-09,7.638080679884594e-12,6.580881961167123e-11,6.67155886612463e-10,1.4877257965965297e-07,3.316247534554989e-12,2.2862361203441446e-07,0.0010052721251035397,322514.4814249958
14,blocks.4.attn.v_proj,attention_qkv,dp_kfc,0.001,0.9947555244277796,0.06616409342324707,0.2808665578614374,1.7431589845269782,17.818891386830668,-1.7302208537342252e-08,26.801457690177237,6.087326657559325e-07,2.6563069873542304e-10,5.723702239296347e-09,1.1958825173348515e-07,1.6017312652215718e-05,4.9676233815538427e-11,2.568086103236602e-05,0.0010052721251035397,1642.7572500289373
14,blocks.4.attn.out_proj,attention_out,dp_kfc,0.001,0.007049727271409908,3.836819086178323e-06,7.506528912620043e-05,0.0010314201592904846,0.0033784739632565786,9.774129411734933e-07,1.2963713641960681,0.0012113141786661192,2.5254990075187006e-06,1.6333874889945224e-05,0.00023390613622333665,0.030806557236677547,-3.5021497982836383e-10,0.048583918421620326,0.1418494590642519,0.8255496531058398
14,blocks.4.mlp.fc1,mlp,dp_kfc,0.001,0.994909753144714,0.0665963936564373,0.2783431450252096,1.7383685790540726,17.80451886732126,-1.0336223734117821e-08,26.787237260047867,2.0844643951939412e-05,9.390539369022619e-09,6.611067577161139e-08,2.198928101450738e-06,0.0007863984478550971,4.620423692257043e-09,0.003226233721387837,0.0010051162900345451,47.973954475099525
14,blocks.4.mlp.fc2,mlp,dp_kfc,0.001,0.02399753799761303,0.0004452782402153248,0.0012585348766545289,0.03326192280224926,0.3789016674532205,0.0003000689919218754,2.3132904863929293,0.000889104404450336,2.147805432120405e-06,1.3048294250713985e-05,0.00016302184829953932,0.020854487490928986,-1.7536914838832564e-10,0.036935509488887054,0.041670941414884616,1.1247273042339974
14,blocks.5.attn.q_proj,attention_qkv,dp_kfc,0.001,0.9956365542708283,0.060808066536561935,0.2696995636823718,1.7900376389882373,17.6767859533601,-2.9034345596717312e-08,25.605943795044844,2.3466284608762246e-08,2.060775680768608e-10,8.938795241481279e-10,7.110731260219114e-09,4.1633085258207214e-07,9.489386706539259e-11,1.843658100178335e-06,0.0010043825688304175,42614.33016228751
14,blocks.5.attn.k_proj,attention_qkv,dp_kfc,0.001,0.9956365542708283,0.060808066536561935,0.2696995636823718,1.7900376389882373,17.6767859533601,-2.9034345596717312e-08,25.605943795044844,2.273923111438536e-09,5.877876369450908e-12,5.5991138389367e-11,5.969955630681352e-10,1.0020424226169372e-07,2.4744494435626938e-12,1.6930645852574632e-07,0.0010043825688304175,439768.60737713205
14,blocks.5.attn.v_proj,attention_qkv,dp_kfc,0.001,0.9956365542708283,0.060808066536561935,0.2696995636823718,1.7900376389882373,17.6767859533601,-2.9034345596717312e-08,25.605943795044844,4.306010427483168e-07,2.1078977249214447e-10,4.595231492376431e-09,7.382511584512201e-08,1.102056465957641e-05,4.3542561356991944e-11,1.641400411336212e-05,0.0010043825688304175,2322.3352958401747
14,blocks.5.attn.out_proj,attention_out,dp_kfc,0.001,0.007901892848110787,3.5349558587963374e-06,7.139037507542396e-05,0.0011682857627295046,0.0032019589062543996,9.839416644434562e-07,1.458744986322719,0.0008886344538344322,2.1049479060572225e-06,1.2797744889297753e-05,0.00016255299929158746,0.020851614858155853,-2.958447928095162e-10,0.03693407768866194,0.1265519565023061,1.1253221115668302
14,blocks.5.mlp.fc1,mlp,dp_kfc,0.001,0.9948566222437923,0.06014993540173018,0.26943242926308186,1.7874401300605163,17.638913824667984,-3.7310976942473934e-08,25.561645154048467,1.6658913030329993e-05,7.955358440757856e-09,5.920338459256819e-08,1.816582467729444e-06,0.0006210244350351592,3.904314437254837e-09,0.0029678139824267937,0.0010051699688590375,60.02792608253332
14,blocks.5.mlp.fc2,mlp,dp_kfc,0.001,0.02399874554392343,0.0004363770699485971,0.0012311349121470754,0.0316724864150796,0.3595253257079134,0.00027708428592138594,2.3751639218812426,0.0007119670613822866,1.7298987893006667e-06,9.796480101044121e-06,0.0001099240335331873,0.016629804509576265,-2.115876727550787e-10,0.03167586001903522,0.04166884465564091,1.4045593598929933
14,blocks.6.attn.q_proj,attention_qkv,dp_kfc,0.001,0.9954870581009228,0.05634193046847666,0.2554675055408093,1.8107205311549963,17.711404499219952,-4.8842006498967624e-08,25.420354973589095,2.1930228199379398e-08,1.5783188409462128e-10,7.346208471577321e-10,5.5240381735218735e-09,4.523949834110967e-07,7.627073585099792e-11,2.0470412954538975e-06,0.001004533400873826,45599.160706786395
14,blocks.6.attn.k_proj,attention_qkv,dp_kfc,0.001,0.9954870581009228,0.05634193046847666,0.2554675055408093,1.8107205311549963,17.711404499219952,-4.8842006498967624e-08,25.420354973589095,2.1452237323405067e-09,5.950163823024135e-12,5.46588336016308e-11,6.397310960165861e-10,8.270174399868369e-08,2.4737802026904123e-12,1.9600434700396377e-07,0.001004533400873826,466151.8446418493
14,blocks.6.attn.v_proj,attention_qkv,dp_kfc,0.001,0.9954870581009228,0.05634193046847666,0.2554675055408093,1.8107205311549963,17.711404499219952,-4.8842006498967624e-08,25.420354973589095,3.5576265774069543e-07,1.646158589058139e-10,3.418994007853618e-09,5.321231370043502e-08,8.483439463552642e-06,4.379463588288578e-11,1.706201336609781e-05,0.001004533400873826,2810.8627430169176
14,blocks.6.attn.out_proj,attention_out,dp_kfc,0.001,0.008173613808596738,3.3545626344560906e-06,7.213199336556827e-05,0.0011371615227758337,0.0037903291780860887,9.269710637595458e-07,1.5063499497998898,0.0007112691479657466,1.695518710132408e-06,9.579139613834936e-06,0.00010959767337495221,0.016651883685067148,-2.2538363503715875e-10,0.03157031268734393,0.12234490439812962,1.4059375453863467
14,blocks.6.mlp.fc1,mlp,dp_kfc,0.001,0.993753632424409,0.05645830973719523,0.2551497386031725,1.807093942740557,17.64155660846227,-6.472576302309138e-08,25.28884992313391,1.3066519130973397e-05,6.644812070073308e-09,5.242059428070755e-08,1.4753016283152958e-06,0.0004915508946896337,3.2259839176161446e-09,0.0021606555758839573,0.0010062856299305816,76.53147636156291
14,blocks.6.mlp.fc2,mlp,dp_kfc,0.001,0.02432507280531607,0.00043276315249247266,0.0012574724672768161,0.03226744030272707,0.3760643670319832,0.00028650463491281295,2.3192174762081703,0.0005348992879135039,1.2984469472996024e-06,6.685989321395204e-06,7.630982305956048e-05,0.012898946595788349,-1.5246603299968753e-10,0.02272345323579657,0.041109846124754754,1.8695108081013287
14,blocks.7.attn.q_proj,attention_qkv,dp_kfc,0.001,0.9954777982259662,0.05149320946705956,0.24812492448989507,1.8450643234474933,17.7647726110317,1.6901878868303006e-09,24.90070721097085,1.4287058189288437e-08,1.0590730672831028e-10,5.028448070726364e-10,3.764218967077881e-09,4.1787682987275354e-07,5.406157690196798e-11,8.757333178514973e-07,0.001004542744983457,69993.41549191273
14,blocks.7.attn.k_proj,attention_qkv,dp_kfc,0.001,0.9954777982259662,0.05149320946705956,0.24812492448989507,1.8450643234474933,17.7647726110317,1.6901878868303006e-09,24.90070721097085,1.239032643990621e-09,4.918790670442262e-12,4.72117595030982e-11,5.736058705906921e-10,5.402631829173742e-08,1.983520852706608e-12,9.562035027083494e-08,0.001004542744983457,807081.2378108496
14,blocks.7.attn.v_proj,attention_qkv,dp_kfc,0.001,0.9954777982259662,0.05149320946705956,0.24812492448989507,1.8450643234474933,17.7647726110317,1.6901878868303006e-09,24.90070721097085,2.6252295974119966e-07,1.0586335723792164e-10,2.366997557632924e-09,3.414155735997936e-08,7.081566574619433e-06,2.1898011717215373e-11,1.1910786542543864e-05,0.001004542744983457,3809.1906360716785
14,blocks.7.attn.out_proj,attention_out,dp_kfc,0.001,0.008365812778522361,3.2618083240052384e-06,6.980974934136597e-05,0.0012281161149382664,0.0038183340559540652,8.593511217247362e-07,1.5428237443452995,0.0005348316386365088,1.2385523562971676e-06,6.529098014501256e-06,7.635293289220315e-05,0.01288560102257813,-2.007361683653795e-10,0.022736028056045587,0.11953411180409278,1.8697472770111057
14,blocks.7.mlp.fc1,mlp,dp_kfc,0.001,0.9952433109283447,0.05179737577630751,0.2476466418530079,1.8329164670740077,17.76875911910081,-4.29746059671385e-08,24.854245620072557,9.48836594927745e-06,5.263507230547026e-09,4.397895273302251e-08,1.1413343252536458e-06,0.00035026745404497656,2.5309733109430778e-09,0.0017279153849338532,0.0010047794233022458,105.39222510448715
14,blocks.7.mlp.fc2,mlp,dp_kfc,0.001,0.024078110018587624,0.00041891326153695895,0.0012127367728092563,0.03132924357998869,0.3729506815424129,0.0002788676303739076,2.4095181545811166,0.00040288923692817963,8.602966964474648e-07,4.549714842396973e-06,4.7356077176189164e-05,0.009670836534261299,-1.136352899423778e-10,0.017933237777647458,0.04153149891033923,2.482071766484701
14,blocks.8.attn.q_proj,attention_qkv,dp_kfc,0.001,0.9942144384038264,0.04929537619798702,0.2406485241485451,1.7971639062130487,17.982799656794192,-1.3322141431129608e-08,25.39484613948995,1.1738056897997451e-08,8.214629345722861e-11,3.8447748376923307e-10,2.9942707574340397e-09,3.3928738610240497e-07,3.732595972519769e-11,6.065855647904755e-07,0.0010058192291046006,85192.97603427047
14,blocks.8.attn.k_proj,attention_qkv,dp_kfc,0.001,0.9942144384038264,0.04929537619798702,0.2406485241485451,1.7971639062130487,17.982799656794192,-1.3322141431129608e-08,25.39484613948995,9.891087883997251e-10,3.869342531565646e-12,3.767025624499335e-11,4.2647327015651184e-10,4.339274159014959e-08,1.4866043847891008e-12,7.302092130493008e-08,0.0010058192291046006,1011011.1362147492
14,blocks.8.attn.v_proj,attention_qkv,dp_kfc,0.001,0.9942144384038264,0.04929537619798702,0.2406485241485451,1.7971639062130487,17.982799656794192,-1.3322141431129608e-08,25.39484613948995,1.861799019028017e-07,8.106129255407843e-11,1.5774925172685102e-09,2.3114281918420538e-08,4.6002069993415416e-06,1.759368043159183e-11,8.539755861412207e-06,0.0010058192291046006,5371.14903262795
14,blocks.8.attn.out_proj,attention_out,dp_kfc,0.001,0.008151730680774892,3.2052995120836885e-06,6.700903454156046e-05,0.0013204459296007375,0.0046583022495432745,7.473993920972987e-07,1.4969031900348506,0.00040224766951268975,8.680778377995846e-07,4.432364337532995e-06,4.727493639389967e-05,0.009658721445676366,-1.7769382340440444e-10,0.017895171210369668,0.12267333639449204,2.4860305622440726
14,blocks.8.mlp.fc1,mlp,dp_kfc,0.001,0.9949429791826041,0.04952869687334179,0.24041270255929964,1.794079947951285,17.944329792043025,-3.853138658030415e-08,25.372244170713874,7.800370768344203e-06,3.740073167030552e-09,3.354061197916519e-08,8.676575591860122e-07,0.0002788168226781323,1.7562353568121461e-09,0.001348662830982986,0.0010050827242597867,128.19903434055246
14,blocks.8.mlp.fc2,mlp,dp_kfc,0.001,0.024203495994471837,0.0004132994609543081,0.00120740344766428,0.029943071118442764,0.4085309706259702,0.00027006103472376514,2.4444017493264734,0.0003295990732112841,6.154419916409867e-07,3.1301572828986206e-06,3.1288668720130535e-05,0.008028539476267114,-1.1422514896253217e-10,0.014410393447539136,0.0413163453836753,3.0339891136737704
14,blocks.9.attn.q_proj,attention_qkv,dp_kfc,0.001,0.9939836263656616,0.04639842855068776,0.22820936437893594,1.765515879181369,18.053224484427,2.572224368770356e-08,26.143092269490634,8.74847987398138e-09,6.66816447090706e-11,3.120121196073554e-10,2.5354194954268953e-09,2.926323041735677e-07,3.1616327197859653e-11,4.916252404406158e-07,0.0010060527894773642,114305.57244282783
14,blocks.9.attn.k_proj,attention_qkv,dp_kfc,0.001,0.9939836263656616,0.04639842855068776,0.22820936437893594,1.765515879181369,18.053224484427,2.572224368770356e-08,26.143092269490634,8.574163801192714e-10,3.4608925781398484e-12,3.545913622499929e-11,4.032636216184911e-10,3.995069385644275e-08,1.564374975552783e-12,5.326539846319582e-08,0.0010060527894773642,1166294.490269587
14,blocks.9.attn.v_proj,attention_qkv,dp_kfc,0.001,0.9939836263656616,0.04639842855068776,0.22820936437893594,1.765515879181369,18.053224484427,2.572224368770356e-08,26.143092269490634,1.4606024755411023e-07,5.467104336504325e-11,1.0708082042612732e-09,1.4705263222903172e-08,3.538507732528709e-06,1.144548244346062e-11,6.235368008290903e-06,0.0010060527894773642,6846.489833789546
14,blocks.9.attn.out_proj,attention_out,dp_kfc,0.001,0.008839301308653187,3.0161725674117594e-06,6.463802433837145e-05,0.001241589801237964,0.004410555516957348,7.924827840562885e-07,1.6280611545855612,0.0003297787111478101,6.071550660049749e-07,2.996932279095401e-06,3.1241461091603024e-05,0.008041735835548288,-1.7690410363559131e-10,0.014422528863504092,0.11313111354412766,3.0323364310553997
14,blocks.9.mlp.fc1,mlp,dp_kfc,0.001,0.99437958990354,0.046551874685532305,0.2273834581733163,1.7632435273393634,17.991483013321815,-2.1600916612351844e-08,26.23195016199032,6.143996396562601e-06,2.921376308748972e-09,2.819447101161051e-08,7.00665602757982e-07,0.0002317902846150853,1.2578608291613567e-09,0.0010029559103862488,0.0010056521776528069,162.76051212521426
14,blocks.9.mlp.fc2,mlp,dp_kfc,0.001,0.023270800939830135,0.0003880139465523315,0.0011370398621710247,0.028796347835256933,0.381907090594699,0.00024414296994118996,2.4299088097041626,0.0002591838455524945,3.719600704950214e-07,1.7616698192970963e-06,2.0772344208605978e-05,0.0064748008963412896,-1.16929765996618e-10,0.010572156904100015,0.0429723069088012,3.8582651548684668
14,blocks.10.attn.q_proj,attention_qkv,dp_kfc,0.001,0.9933053326112619,0.0448308286256626,0.22315070971047596,1.7713485996402734,18.177713885111014,-2.7759696410818253e-08,25.557515650948485,6.1853483301667804e-09,4.854434980124801e-11,2.341144576001337e-10,1.7699459530986356e-09,1.9505181277797755e-07,2.39228300885839e-11,3.269819538540531e-07,0.0010067397880278552,161672.38231723584
14,blocks.10.attn.k_proj,attention_qkv,dp_kfc,0.001,0.9933053326112619,0.0448308286256626,0.22315070971047596,1.7713485996402734,18.177713885111014,-2.7759696410818253e-08,25.557515650948485,5.813624499702875e-10,2.810875919624181e-12,2.7060839700262208e-11,3.617478340906344e-10,2.5209848071838274e-08,1.0258492332631357e-12,3.473054600845006e-08,0.0010067397880278552,1720097.3335156208
14,blocks.10.attn.v_proj,attention_qkv,dp_kfc,0.001,0.9933053326112619,0.0448308286256626,0.22315070971047596,1.7713485996402734,18.177713885111014,-2.7759696410818253e-08,25.557515650948485,1.1297753970314813e-07,3.3850094968664474e-11,6.531848051726925e-10,9.748279641828497e-09,2.837135558213252e-06,6.488951525356972e-12,4.772798031325747e-06,0.0010067397880278552,8851.316842511618
14,blocks.10.attn.out_proj,attention_out,dp_kfc,0.001,0.009184507754452797,3.049461945639482e-06,6.161244192955367e-05,0.0013868585851743783,0.004814161340726797,7.592206176444019e-07,1.68768928676652,0.00025914989009834244,3.585776200689484e-07,1.7245464740598704e-06,2.0724781320831964e-05,0.0064744450559174,-1.3398358914133806e-10,0.010575735720193167,0.10887899784451528,3.8587706891194093
14,blocks.10.mlp.fc1,mlp,dp_kfc,0.001,0.9952417479277893,0.04486601378330813,0.22330625442046972,1.7716088579255347,18.191250008065364,-7.032700093780456e-08,25.601039094509783,4.945339665565762e-06,2.034440596197863e-09,2.2061326331517287e-08,5.251019127370384e-07,0.00023751093894252063,8.613374289057587e-10,0.0007581734482060925,0.0010047810012814655,202.21057958121
14,blocks.10.mlp.fc2,mlp,dp_kfc,0.001,0.02398754220870075,0.0003864720654311079,0.0011692670954983743,0.027777336328854946,0.38861225683621814,0.0002480039903478927,2.531205326180305,0.00020130260350015305,1.7729261226197916e-07,8.646949310006536e-07,1.2374832541042156e-05,0.005002391338128984,-8.32481432583276e-11,0.007879372845326105,0.04168830600899497,4.967645637028434
14,blocks.11.attn.q_proj,attention_qkv,dp_kfc,0.001,0.9958572131364457,0.04303558264715911,0.21417716758755204,1.7537562419851624,18.349810289733483,-4.258584373441813e-08,25.616248281230753,4.739756306477068e-09,3.776059340473116e-11,1.7281472633555315e-10,1.357401205340793e-09,1.1627948385939274e-07,1.778764539065495e-11,2.198974318488089e-07,0.001004160020943672,210981.3111348066
14,blocks.11.attn.k_proj,attention_qkv,dp_kfc,0.001,0.9958572131364457,0.04303558264715911,0.21417716758755204,1.7537562419851624,18.349810289733483,-4.258584373441813e-08,25.616248281230753,4.3178935076598524e-10,1.983295376605042e-12,2.1211926663721675e-11,2.9115004233789153e-10,1.802052946816058e-08,8.401111606264538e-13,2.7117163723008225e-08,0.001004160020943672,2315944.1015069527
14,blocks.11.attn.v_proj,attention_qkv,dp_kfc,0.001,0.9958572131364457,0.04303558264715911,0.21417716758755204,1.7537562419851624,18.349810289733483,-4.258584373441813e-08,25.616248281230753,8.543555219305461e-08,1.3025210118216608e-11,3.0942353946775147e-10,5.741935055584825e-09,2.230912051320197e-06,2.910487480803173e-12,3.3128487699372327e-06,0.001004160020943672,11704.729171063917
14,blocks.11.attn.out_proj,attention_out,dp_kfc,0.001,0.009104617826557367,2.8315174445643214e-06,6.127323322219308e-05,0.0013759249790114263,0.00502227325793706,7.265808977787996e-07,1.6747128787733947,0.0002011851513733139,1.6220865866696253e-07,8.111884841231129e-07,1.2308637027988856e-05,0.0050004726638162664,-2.887706446862223e-12,0.00787334027468546,0.10983437405610681,4.970545754365471
14,blocks.11.mlp.fc1,mlp,dp_kfc,0.001,0.9946161601209887,0.043339678138825964,0.21431106483300563,1.7493340343498514,18.275055374099686,-2.477595722538884e-08,25.54256748180353,4.1925525118211016e-06,1.3120261946761966e-09,1.639224213913325e-08,4.138555587892442e-07,0.00019794833543099275,4.79581636582859e-10,0.0006615434739149954,0.0010054129825101136,238.5181812703484
14,blocks.11.mlp.fc2,mlp,dp_kfc,0.001,0.024649636686739595,0.00037757859464393744,0.0011560194720515978,0.029018529557398365,0.375986650535738,0.00020951063103814876,2.7203758847579835,0.00016938125556483402,6.114496140492667e-09,6.242114914598671e-08,6.9853880539971465e-06,0.004086175424642642,-7.889492607132973e-13,0.006762913605668461,0.04056854925322106,5.903840992707899
14,head,patch_head,dp_kfc,0.001,0.9937333628689687,0.0008319952239464794,0.006799293432202147,0.442630202765752,2.456083358483035,3.845184823930573e-08,161.0768965124551,0.10507029667496681,0.08483180553767043,0.09979672758622463,0.12699566563219822,0.2289905488484856,1.8160783671526255e-09,0.24032331365029527,0.001006306155519363,0.00951743767406961
15,patch_embed,patch_head,dp_kfc,0.001,0.25097329778928595,0.02534925799520539,0.049671147462074065,0.2597926819550437,4.186131076909707,0.016605912523287258,26.350273659263383,6.051069989136219e-05,4.6828015695416657e-07,1.4172267154619042e-06,1.8913848631719306e-05,0.001867143104703519,1.967735624330127e-13,0.0030855103559021967,0.003984487628000918,16.526002868837228
15,blocks.0.attn.q_proj,attention_qkv,dp_kfc,0.001,0.9949605545231716,0.1190519863890966,0.3403602737141312,1.6495953541153963,19.29122521161964,-2.2592963766740898e-08,24.58809775859695,2.7860946028764504e-06,3.08412502553309e-08,1.2445330206309325e-07,8.905838150162484e-07,6.825008076627247e-05,1.538151128459656e-08,0.00020147421093158368,0.0010050649701175778,358.92535700961804
15,blocks.0.attn.k_proj,attention_qkv,dp_kfc,0.001,0.9949605545231716,0.1190519863890966,0.3403602737141312,1.6495953541153963,19.29122521161964,-2.2592963766740898e-08,24.58809775859695,2.6933188545755465e-07,3.852464954139872e-12,1.440191379347108e-11,7.620526848800953e-11,1.3916280744312546e-05,1.9778877425361975e-12,2.3413506925528973e-05,0.0010050649701175778,3712.8912468018757
15,blocks.0.attn.v_proj,attention_qkv,dp_kfc,0.001,0.9949605545231716,0.1190519863890966,0.3403602737141312,1.6495953541153963,19.29122521161964,-2.2592963766740898e-08,24.58809775859695,4.69798766336756e-05,2.488217420268092e-08,4.5734492667158465e-07,1.1725711962623627e-05,0.001289055491796201,5.24264398953969e-09,0.0022698182867569154,0.0010050649701175778,21.285709364404568
15,blocks.0.attn.out_proj,attention_out,dp_kfc,0.001,0.005920852707738752,5.366712804772438e-06,9.130173398212574e-05,0.0007661571202578948,0.002015846503544166,1.3560436892587648e-06,1.0933685510077058,0.10759075457463041,0.0001901749739882371,0.0010996828474671575,0.027589557513392288,2.949768599373177,-6.706134378523813e-08,4.979364939580419,0.16889459160045758,0.0092944789164607
15,blocks.0.mlp.fc1,mlp,dp_kfc,0.001,0.9937393215962642,0.11844529411887222,0.3389587717586068,1.6552193796195653,19.247437284933344,-1.5108088343624975e-08,24.558430350980235,0.00016620039179545315,7.720998353833765e-08,4.7639979632197973e-07,1.406447737785159e-05,0.004787789856099243,3.9039903819171515e-08,0.029666153762956064,0.0010063001214379633,6.016832988160005
15,blocks.0.mlp.fc2,mlp,dp_kfc,0.001,0.02465669476634233,0.0005372386876294909,0.001399210579766337,0.03710957871737081,0.3989048784625591,0.00036895133269100074,2.207540892512369,0.007320503865533586,1.4147518273820335e-05,8.560622903015642e-05,0.001973576590924095,0.19307898002332355,-1.7924747985436917e-09,0.325728405692485,0.04055693634026942,0.13660261894105438
15,blocks.1.attn.q_proj,attention_qkv,dp_kfc,0.001,0.9950024673975811,0.09955848759210036,0.32022282969752436,1.6106549038900126,19.387483820587924,-3.236037860102263e-08,25.362770350217957,2.2783774964822237e-07,2.151904458662272e-09,8.952419998484325e-09,5.737403935076995e-08,5.551668905512814e-06,1.1173100773146248e-09,1.641407073017155e-05,0.0010050226333764678,4389.0882943848555
15,blocks.1.attn.k_proj,attention_qkv,dp_kfc,0.001,0.9950024673975811,0.09955848759210036,0.32022282969752436,1.6106549038900126,19.387483820587924,-3.236037860102263e-08,25.362770350217957,2.2590979066883694e-08,4.780529259737865e-11,3.8823646615613593e-10,2.8987785759804052e-09,1.0702570027879944e-06,2.1796381228720444e-11,1.690793927469365e-06,0.0010050226333764678,44265.45644787518
15,blocks.1.attn.v_proj,attention_qkv,dp_kfc,0.001,0.9950024673975811,0.09955848759210036,0.32022282969752436,1.6106549038900126,19.387483820587924,-3.236037860102263e-08,25.362770350217957,3.58672001758246e-06,1.5320604351697171e-09,3.361404112293324e-08,8.141205111867713e-07,9.681229039264371e-05,3.6810003686401594e-10,0.00016077936980407094,0.0010050226333764678,278.8062617371582
15,blocks.1.attn.out_proj,attention_out,dp_kfc,0.001,0.00614510805364469,4.292678938794533e-06,8.405170405025616e-05,0.0008490941864901655,0.0021767606294688154,9.592095141333413e-07,1.1337271303004461,0.007315549987955213,1.3570440856642908e-05,8.216922637142992e-05,0.001972537799931205,0.19308992254611293,-2.6353764424467158e-09,0.3260630899563959,0.16273106856223557,0.13669512225963376
15,blocks.1.mlp.fc1,mlp,dp_kfc,0.001,0.9931175480234808,0.09939091529124902,0.32044258450828395,1.605218198443717,19.317972507923532,-4.179822199730832e-08,25.322566710814606,8.068125893971137e-05,3.8618731743906746e-08,2.391231794498113e-07,7.584516695545204e-06,0.002420053431061058,1.9844892007340462e-08,0.013203041782508442,0.0010069301483900035,12.394452108726322
15,blocks.1.mlp.fc2,mlp,dp_kfc,0.001,0.02400928109603291,0.0005041802408314222,0.0013314523984733599,0.03587586434830173,0.4262435458000033,0.00034490745013078576,2.003735795423063,0.0033971236868334622,6.0683722024729e-06,4.334837575982282e-05,0.0008587983961218217,0.09111597172077503,-5.386857776823163e-10,0.1444850132009417,0.04165055988141317,0.2943666737469083
15,blocks.2.attn.q_proj,attention_qkv,dp_kfc,0.001,0.9940100213406617,0.08372727635748461,0.30262099892642136,1.641790988415536,18.451830198876554,-4.9223024030007285e-08,26.183085253587972,8.845092291931422e-08,9.237607668020156e-10,3.822721126971692e-09,2.702082864645081e-08,2.2452112624263524e-06,4.779350639376482e-10,6.326464286576538e-06,0.0010060260747183005,11305.704530773632
15,blocks.2.attn.k_proj,attention_qkv,dp_kfc,0.001,0.9940100213406617,0.08372727635748461,0.30262099892642136,1.641790988415536,18.451830198876554,-4.9223024030007285e-08,26.183085253587972,9.050440378469832e-09,1.940399573134693e-11,1.552459599329504e-10,1.430322619625977e-09,3.678999519748087e-07,8.319456859530032e-12,8.05021383000699e-07,0.0010060260747183005,110491.86096832463
15,blocks.2.attn.v_proj,attention_qkv,dp_kfc,0.001,0.9940100213406617,0.08372727635748461,0.30262099892642136,1.641790988415536,18.451830198876554,-4.9223024030007285e-08,26.183085253587972,1.79705901951858e-06,8.019747550638431e-10,1.5395211200688308e-08,3.5901418620817394e-07,4.657089367694665e-05,2.192362655706045e-10,7.758963548321478e-05,0.0010060260747183005,556.4647510953164
15,blocks.2.attn.out_proj,attention_out,dp_kfc,0.001,0.006521843511226992,4.3336210231440405e-06,7.959099433507261e-05,0.0008889458614688891,0.0027236034030537425,9.948693186215753e-07,1.2028925036409965,0.003393564350820573,5.901972152578649e-06,4.118419980560855e-05,0.0008516725453355388,0.09109207711597879,-9.032376951655486e-10,0.14425976427495124,0.15333087926420733,0.2946754198894732
15,blocks.2.mlp.fc1,mlp,dp_kfc,0.001,0.9937730416115084,0.0838098343770248,0.3024130864377451,1.639172379066777,18.437790072037394,-3.412610319571654e-08,26.140915818609788,5.4265200871335864e-05,2.2507630268172342e-08,1.4335708724973538e-07,5.192899958310727e-06,0.0018027740316407669,1.1065452474145344e-08,0.009159104678634688,0.0010062659763625647,18.42801618611944
15,blocks.2.mlp.fc2,mlp,dp_kfc,0.001,0.024591648349264743,0.0004923567873327298,0.0013536226350430616,0.03483783585545304,0.3957518778701181,0.00033162219053046803,2.3898356838023926,0.002183929659622663,4.279800595676342e-06,2.9761059677754534e-05,0.00047606903509397707,0.05339571837030402,-5.352353915123761e-10,0.09244249987101177,0.04066421192257731,0.45789020520595836
15,blocks.3.attn.q_proj,attention_qkv,dp_kfc,0.001,0.9944999012613543,0.07676088589030497,0.2945901560806062,1.7309669212903596,17.83332067721548,-4.4345673247374686e-08,26.49997801059444,9.709422265728276e-08,6.294548981892642e-10,2.7936756043407685e-09,2.181996813700854e-08,2.6626814745055972e-06,3.3921271788244486e-10,7.193395625538968e-06,0.0010055305171289305,10299.27396946921
15,blocks.3.attn.k_proj,attention_qkv,dp_kfc,0.001,0.9944999012613543,0.07676088589030497,0.2945901560806062,1.7309669212903596,17.83332067721548,-4.4345673247374686e-08,26.49997801059444,6.5962637953049606e-09,1.5686658591049088e-11,1.2124735101843398e-10,1.1684948282683656e-09,3.3969654738401115e-07,5.7770473568716616e-12,4.67777134770659e-07,0.0010055305171289305,151600.97155480235
15,blocks.3.attn.v_proj,attention_qkv,dp_kfc,0.001,0.9944999012613543,0.07676088589030497,0.2945901560806062,1.7309669212903596,17.83332067721548,-4.4345673247374686e-08,26.49997801059444,1.1320072159648475e-06,4.953762698458072e-10,1.042713306056918e-08,2.500166186535201e-07,2.8880823168377603e-05,1.1200473972496522e-10,5.087961782492301e-05,0.0010055305171289305,883.3865949764876
15,blocks.3.attn.out_proj,attention_out,dp_kfc,0.001,0.006835438691560961,4.2786223698054065e-06,7.346793394777805e-05,0.000941414256059787,0.002755685562094505,9.330989209698264e-07,1.2594474224745758,0.0021825645682535346,4.072002888222046e-06,2.8593611595221423e-05,0.00047193847110773635,0.05354425420094511,-5.855364938562646e-10,0.09234332777253615,0.14629638932093722,0.45817659396907995
15,blocks.3.mlp.fc1,mlp,dp_kfc,0.001,0.9935535964570515,0.07666580533255128,0.2939522869619084,1.7236394352330071,17.835443863171335,6.99828740202364e-09,26.43241939458408,3.7023860694929134e-05,1.5608446939219827e-08,1.0468578976740634e-07,3.8465477938889056e-06,0.0012783638840835976,8.169309749816449e-09,0.006020306797120514,0.001006488229287213,27.00960897189639
15,blocks.3.mlp.fc2,mlp,dp_kfc,0.001,0.024167587786854787,0.00047268259748784255,0.001303437570537737,0.032992784055359166,0.3754311920782658,0.00031093699469688643,2.207855863561992,0.0015115361400906597,3.4410727038024817e-06,2.2549081857262004e-05,0.0003108783638987457,0.037029403692860736,-3.637034891836495e-10,0.05918711821844162,0.04137773321936247,0.6615786242067765
15,blocks.4.attn.q_proj,attention_qkv,dp_kfc,0.001,0.9946397706634641,0.06719856971127398,0.28074301719178674,1.7373486960730447,17.935036864527845,-3.192060528227141e-08,26.73451220390946,4.8037561622971126e-08,3.497403097822139e-10,1.595822222316963e-09,1.2925041385562105e-08,1.2636999946239893e-06,1.7573280270882774e-10,3.066235603218381e-06,0.0010053891162354793,20817.043293092735
15,blocks.4.attn.k_proj,attention_qkv,dp_kfc,0.001,0.9946397706634641,0.06719856971127398,0.28074301719178674,1.7373486960730447,17.935036864527845,-3.192060528227141e-08,26.73451220390946,3.962151736477265e-09,1.0402287988208489e-11,8.991968966106375e-11,8.554549217905271e-10,1.873102404237602e-07,4.783873202525978e-12,2.9027921372745676e-07,0.0010053891162354793,252388.1129522557
15,blocks.4.attn.v_proj,attention_qkv,dp_kfc,0.001,0.9946397706634641,0.06719856971127398,0.28074301719178674,1.7373486960730447,17.935036864527845,-3.192060528227141e-08,26.73451220390946,7.546731276934319e-07,3.496310591317255e-10,7.740993624345971e-09,1.588551663938975e-07,1.927994375975988e-05,6.694663930193176e-11,3.0902729808062e-05,0.0010053891162354793,1325.076994667056
15,blocks.4.attn.out_proj,attention_out,dp_kfc,0.001,0.007122517114027447,3.7286867071552007e-06,7.39138428247557e-05,0.0010510778961679628,0.0031480656915297486,9.72686393339089e-07,1.3108948458797478,0.0015099757983989548,3.3679488746209624e-06,2.2459181255102307e-05,0.0003080534433030368,0.03699863005092104,-4.842541264832003e-10,0.05925497675872106,0.140399803045829,0.6622622700710249
15,blocks.4.mlp.fc1,mlp,dp_kfc,0.001,0.9944993276052525,0.06728160804680937,0.2792766340340693,1.7314835303003477,17.919927493366835,-3.629359852236195e-08,26.723985170865564,2.597938002800911e-05,1.2226056748719323e-08,8.488272586877646e-08,2.989059654758096e-06,0.000979674554601627,6.2381197666847254e-09,0.004078773942724309,0.0010055310971481429,38.49206558901219
15,blocks.4.mlp.fc2,mlp,dp_kfc,0.001,0.024044508715154136,0.00044724893377726365,0.0012638536114418192,0.03301557332452589,0.38250304506950245,0.0003016325226548298,2.3121724886960187,0.0010921269341300406,2.9558605383079453e-06,1.789341677611397e-05,0.00023040171640866116,0.027151305274457898,-3.38508849517193e-10,0.046223004844774936,0.04158953762984338,0.9156444811944626
15,blocks.5.attn.q_proj,attention_qkv,dp_kfc,0.001,0.9953084723937079,0.061192196960090164,0.26734121679308226,1.75607177919258,17.91661920605263,-2.760523244250763e-08,25.5482861475599,2.834261626782908e-08,2.492017934763125e-10,1.1000963907720188e-09,8.939891328136624e-09,5.882468213587317e-07,1.2214240159006013e-10,1.9667075948042993e-06,0.0010047136417868612,35282.55791738861
15,blocks.5.attn.k_proj,attention_qkv,dp_kfc,0.001,0.9953084723937079,0.061192196960090164,0.26734121679308226,1.75607177919258,17.91661920605263,-2.760523244250763e-08,25.5482861475599,2.7403376226184384e-09,8.114539231734834e-12,7.022307653559199e-11,7.996025666751382e-10,1.14885721996202e-07,3.397048745255687e-12,1.961311865381242e-07,0.0010047136417868612,364918.5384115127
15,blocks.5.attn.v_proj,attention_qkv,dp_kfc,0.001,0.9953084723937079,0.061192196960090164,0.26734121679308226,1.75607177919258,17.91661920605263,-2.760523244250763e-08,25.5482861475599,5.287058724157134e-07,2.740199212592263e-10,6.179014032325702e-09,1.1249374037058557e-07,1.3092634356834542e-05,6.783205025547738e-11,2.1055753363831843e-05,0.0010047136417868612,1891.410805465227
15,blocks.5.attn.out_proj,attention_out,dp_kfc,0.001,0.008060920794302637,3.5368951627104874e-06,7.17984708953508e-05,0.0011553259600462914,0.0031866144719451504,9.606523106126595e-07,1.4896176963604588,0.0010917967965724529,2.871369482930691e-06,1.7261220722105154e-05,0.0002287450205050655,0.027170302493783976,-3.8466949285827285e-10,0.046263942547089126,0.12405530652364034,0.9159213538081112
15,blocks.5.mlp.fc1,mlp,dp_kfc,0.001,0.9944764459071382,0.06026625267415485,0.26663502257706895,1.7526800771407338,17.861709187926028,-5.1963414755693956e-08,25.500546359970894,2.0535733537006364e-05,1.0699587321777368e-08,7.830890297339574e-08,2.477255856617255e-06,0.0007606218023035711,5.105112470706681e-09,0.0037053670327213168,0.0010055542332003886,48.69560652401107
15,blocks.5.mlp.fc2,mlp,dp_kfc,0.001,0.024122380177394737,0.00043706729402149657,0.0012467911326177075,0.03169497129775254,0.3651556284902676,0.0002774026792937529,2.401647745673084,0.00085436987274079,2.3344726169634276e-06,1.3644658813452031e-05,0.00014686724803598212,0.020021344379032732,-2.3551398314424787e-10,0.03834977576360762,0.04145527898350211,1.170453256728299
15,blocks.6.attn.q_proj,attention_qkv,dp_kfc,0.001,0.9950248140436381,0.05643545237752665,0.25318396017111755,1.7661134465522956,17.892804385482894,-6.060777584717747e-08,25.301672771505263,2.419884371935669e-08,1.8950407396034303e-10,8.834092670451469e-10,6.650730781941856e-09,4.945786946973594e-07,8.398782277492089e-11,2.151336455744327e-06,0.0010050000621955784,41324.28853202183
15,blocks.6.attn.k_proj,attention_qkv,dp_kfc,0.001,0.9950248140436381,0.05643545237752665,0.25318396017111755,1.7661134465522956,17.892804385482894,-6.060777584717747e-08,25.301672771505263,2.5767270621166135e-09,7.256511034659209e-12,7.2919827268111e-11,8.091767649668588e-10,9.650318242592971e-08,3.0449243900694565e-12,2.2567034508220814e-07,0.0010050000621955784,388089.2216727701
15,blocks.6.attn.v_proj,attention_qkv,dp_kfc,0.001,0.9950248140436381,0.05643545237752665,0.25318396017111755,1.7661134465522956,17.892804385482894,-6.060777584717747e-08,25.301672771505263,4.29268772935328e-07,2.1532261665443477e-10,4.647936766598165e-09,6.681136576407151e-08,1.0626079213706215e-05,5.98515083452612e-11,2.0663809375038794e-05,0.0010050000621955784,2329.542848323272
15,blocks.6.attn.out_proj,attention_out,dp_kfc,0.001,0.008333771052852351,3.3554601853115533e-06,7.319830837297588e-05,0.0011597176099015067,0.0037206005254589634,8.963101998820765e-07,1.5376607805372406,0.0008535407704736523,2.235352913858342e-06,1.3262045788781784e-05,0.00014691343070963848,0.020046041889388747,-3.054109369470905e-10,0.03821568434345897,0.11999369716999075,1.1715901976716045
15,blocks.6.mlp.fc1,mlp,dp_kfc,0.001,0.9933804577805218,0.05645761606639808,0.25333339777916536,1.7622723858113103,17.809396940497606,-1.0852831790255907e-08,25.17449638997741,1.5360725005450493e-05,8.988639055701242e-09,6.895582850591372e-08,1.9581967971023837e-06,0.000586397074084706,4.248267892623851e-09,0.0023985413013871974,0.0010066636525488614,65.10109383802958
15,blocks.6.mlp.fc2,mlp,dp_kfc,0.001,0.024312807052058346,0.0004333289687728005,0.0012533777289845695,0.03250806257305083,0.37828156921188955,0.00028860693271294584,2.321285029530328,0.0006269798557999213,1.7892755700994788e-06,9.302916119710091e-06,0.00010179772256617992,0.01595323556842522,-1.9450224870692107e-10,0.026066914815377765,0.04113058594422313,1.5949475740718455
15,blocks.7.attn.q_proj,attention_qkv,dp_kfc,0.001,0.9951030059181964,0.05107168572149473,0.24848340271955868,1.8293395638677756,17.847298912497095,-2.1077070593073848e-08,24.81917205807298,1.6661987218766217e-08,1.2278048021912948e-10,5.743929644190636e-10,4.522398911518678e-09,4.59899817453131e-07,6.63275954298738e-11,9.664742773696254e-07,0.0010049210926433541,60016.85074357222
15,blocks.7.attn.k_proj,attention_qkv,dp_kfc,0.001,0.9951030059181964,0.05107168572149473,0.24848340271955868,1.8293395638677756,17.847298912497095,-2.1077070593073848e-08,24.81917205807298,1.4250038493675056e-09,6.593141436634241e-12,6.067403214977502e-11,7.434653065058565e-10,6.517401275995353e-08,2.460428800507028e-12,9.633375950402934e-08,0.0010049210926433541,701752.4903135207
15,blocks.7.attn.v_proj,attention_qkv,dp_kfc,0.001,0.9951030059181964,0.05107168572149473,0.24848340271955868,1.8293395638677756,17.847298912497095,-2.1077070593073848e-08,24.81917205807298,3.06959615540651e-07,1.3574769583705032e-10,3.164459723938266e-09,4.3482357153256526e-08,8.157143061055105e-06,2.788145683332411e-11,1.3795219026350976e-05,0.0010049210926433541,3257.757533474526
15,blocks.7.attn.out_proj,attention_out,dp_kfc,0.001,0.008461396765130346,3.29879827486171e-06,6.92900241345319e-05,0.0011855639472199355,0.00421000903165453,8.335332344232589e-07,1.561041348584432,0.0006269790850789528,1.7304941872043005e-06,8.97552632865024e-06,0.00010130768923078121,0.015962320281705387,-1.9690679673564523e-10,0.02606904408992123,0.11818379728049488,1.5949495346787752
15,blocks.7.mlp.fc1,mlp,dp_kfc,0.001,0.9949489462869773,0.051579805003409265,0.24812988183166457,1.8160984996777612,17.86113479485894,-5.843290211259269e-08,24.75841364408428,1.1084514926910464e-05,7.248045211379094e-09,5.782844619069079e-08,1.546301701069308e-06,0.00041140110559296134,3.174003357852383e-09,0.0020721374149473538,0.0010050766963791184,90.21594599257087
15,blocks.7.mlp.fc2,mlp,dp_kfc,0.001,0.024244463461195694,0.0004191910572676607,0.0012131898069564378,0.03141949239820247,0.38093655987871267,0.00028167352887940487,2.4520143274282327,0.0004665607119325917,1.206360307693891e-06,6.217458973248716e-06,6.23702794382122e-05,0.010937819467049512,-1.3453519422300793e-10,0.020837419645101104,0.0412465304336614,2.1433437801862736
15,blocks.8.attn.q_proj,attention_qkv,dp_kfc,0.001,0.9933714597954034,0.04885618553910063,0.24134372449536567,1.7962205890120357,18.088583046334325,-2.7691628761768362e-08,25.3116314259681,1.4153537663634067e-08,9.641985617890036e-11,4.582459473185473e-10,3.7015103125338018e-09,4.112839447148324e-07,4.686481966488449e-11,6.917418017609612e-07,0.0010066727709350154,70653.71384635435
15,blocks.8.attn.k_proj,attention_qkv,dp_kfc,0.001,0.9933714597954034,0.04885618553910063,0.24134372449536567,1.7962205890120357,18.088583046334325,-2.7691628761768362e-08,25.3116314259681,1.2443186428427963e-09,4.9861968772329e-12,5.097974212473755e-11,5.743930571774664e-10,5.554165278820445e-08,1.8338566188392203e-12,8.832649442227103e-08,0.0010066727709350154,803652.6702801617
15,blocks.8.attn.v_proj,attention_qkv,dp_kfc,0.001,0.9933714597954034,0.04885618553910063,0.24134372449536567,1.7962205890120357,18.088583046334325,-2.7691628761768362e-08,25.3116314259681,2.1979642802113136e-07,1.1089110313439421e-10,2.1058933626547168e-09,2.9775147308636648e-08,5.2912529657960416e-06,1.9888082820218446e-11,1.0066919112083107e-05,0.0010066727709350154,4549.664473636757
15,blocks.8.attn.out_proj,attention_out,dp_kfc,0.001,0.008355386723710558,3.101274006285166e-06,6.567808349694649e-05,0.0012642373828990385,0.0046151524737668235,7.267091779892245e-07,1.5360224382373946,0.00046586106263172644,1.1614676063564203e-06,6.013116417458779e-06,6.22335192131591e-05,0.010925688549255144,-2.167913981673779e-10,0.02080455344220405,0.11968326937665769,2.146562742013325
15,blocks.8.mlp.fc1,mlp,dp_kfc,0.001,0.9943707038701507,0.04913468836518013,0.24049164264334608,1.794422064759278,18.06983556069728,-3.0259250794587096e-08,25.29585062612098,8.953542992550429e-06,5.133182751716356e-09,4.445089769503763e-08,1.138411140546163e-06,0.00031218610898926515,2.4096528564140965e-09,0.001541404698874803,0.0010056611645012667,111.68763034164519
15,blocks.8.mlp.fc2,mlp,dp_kfc,0.001,0.024277334858424798,0.0004156636230598212,0.0012167918448304999,0.03048481889746038,0.4175789422750798,0.0002732420376296653,2.4738325790586204,0.00037621162834966526,8.574756888701412e-07,4.42954350007521e-06,4.116882523053478e-05,0.009175551026865836,-1.5657293985713851e-10,0.016220045613377032,0.04119068282542459,2.65807839164015
15,blocks.9.attn.q_proj,attention_qkv,dp_kfc,0.001,0.9936847859713698,0.046242568861785543,0.22552515766355993,1.7620571590099627,18.244401846254974,-3.177007792205898e-08,25.890869792310532,9.368979916821636e-09,7.678776637259976e-11,3.5036761547628137e-10,2.7079699794105085e-09,3.275519411402346e-07,3.701238603837318e-11,5.046085818476188e-07,0.001006355349420447,106735.20584717438
15,blocks.9.attn.k_proj,attention_qkv,dp_kfc,0.001,0.9936847859713698,0.046242568861785543,0.22552515766355993,1.7620571590099627,18.244401846254974,-3.177007792205898e-08,25.890869792310532,1.0239488643556023e-09,4.491827589220438e-12,4.512027666052427e-11,5.302905094575018e-10,4.608726563256816e-08,1.9844322671293393e-12,6.236039822680485e-08,0.001006355349420447,976611.2691861093
15,blocks.9.attn.v_proj,attention_qkv,dp_kfc,0.001,0.9936847859713698,0.046242568861785543,0.22552515766355993,1.7620571590099627,18.244401846254974,-3.177007792205898e-08,25.890869792310532,1.6826898382079253e-07,7.456070236096252e-11,1.5081868944795618e-09,1.9463996813604792e-08,4.068524147132418e-06,1.51825904426143e-11,7.1507099063164855e-06,0.001006355349420447,5942.86586448401
15,blocks.9.attn.out_proj,attention_out,dp_kfc,0.001,0.008821915521936665,3.1791942825087917e-06,6.449739749021747e-05,0.001294358788792368,0.004459332323208156,8.28803902965198e-07,1.6240761552138947,0.00037638947605955764,8.438654689617944e-07,4.292055624133199e-06,4.09834687879375e-05,0.00919459471824404,-1.7926373844667697e-10,0.016231025098536116,0.11335406664384734,2.6568224235944524
15,blocks.9.mlp.fc1,mlp,dp_kfc,0.001,0.9941715829730652,0.04649932287820666,0.22594879689680766,1.7590167508640373,18.17329412979452,-2.7664736144044893e-08,25.97191873642399,6.818600425513577e-06,4.0821623973587315e-09,3.7282411825801634e-08,9.377713414129372e-07,0.00026067198473100136,1.7799904049206895e-09,0.001081136683123206,0.0010058625866266515,146.65766251065813
15,blocks.9.mlp.fc2,mlp,dp_kfc,0.001,0.02334580396426786,0.0003878176168568518,0.001141725683870846,0.02915463536374539,0.386231158570232,0.00024519302115672627,2.4406755843216152,0.0002892333004259247,5.369958332956525e-07,2.5391481352511662e-06,2.7730530659467957e-05,0.007075896737591958,-1.0588533016596839e-10,0.0116141209710849,0.04283424985194596,3.4574165510243837
15,blocks.10.attn.q_proj,attention_qkv,dp_kfc,0.001,0.9929632482751046,0.04425786511460424,0.2210957934785042,1.7835591767652161,18.394085223713873,1.0036615858127536e-08,25.262180017274105,7.280470874897656e-09,5.4812769231959375e-11,2.6263480922122473e-10,2.0177468638483433e-09,2.291032966265602e-07,2.7622048345410465e-11,4.048960961608293e-07,0.0010070866184998478,137353.7532370195
15,blocks.10.attn.k_proj,attention_qkv,dp_kfc,0.001,0.9929632482751046,0.04425786511460424,0.2210957934785042,1.7835591767652161,18.394085223713873,1.0036615858127536e-08,25.262180017274105,6.223832196867775e-10,3.718030442452645e-12,3.578785838822624e-11,4.678617973164811e-10,2.5847099622779606e-08,1.453934713068223e-12,3.5420140986211095e-08,0.0010070866184998478,1606727.1230468957
15,blocks.10.attn.v_proj,attention_qkv,dp_kfc,0.001,0.9929632482751046,0.04425786511460424,0.2210957934785042,1.7835591767652161,18.394085223713873,1.0036615858127536e-08,25.262180017274105,1.266717874111774e-07,4.16290474694726e-11,9.216577790906779e-10,1.291155105082377e-08,3.1881765831695185e-06,8.414093135458484e-12,5.092126880763988e-06,0.0010070866184998478,7894.417695030968
15,blocks.10.attn.out_proj,attention_out,dp_kfc,0.001,0.009219007934817629,3.0333605248533306e-06,6.080451290071671e-05,0.001391669326350752,0.005044329192038338,7.684813397343087e-07,1.6939079105223576,0.0002891961541990895,5.177629875231357e-07,2.44517192324387e-06,2.7656303945826784e-05,0.007078172980696636,-1.769451084215951e-10,0.011617128113056699,0.10847154130579258,3.457860643995896
15,blocks.10.mlp.fc1,mlp,dp_kfc,0.001,0.9945427309046138,0.04440580612062473,0.22110663588853763,1.7806469989814115,18.39084927195803,-9.574635857154069e-09,25.279833367714428,5.330298107124783e-06,2.8359604639134707e-09,2.9481910518386768e-08,6.915104046303706e-07,0.00025255427205149233,1.234230925925394e-09,0.0007725582640550335,0.0010054872143004077,187.60676793355
15,blocks.10.mlp.fc2,mlp,dp_kfc,0.001,0.024172752434375694,0.0003872989685315797,0.0011700319867129021,0.02798671766593434,0.39206947531233044,0.00025148302217142826,2.5800789281242325,0.00022276746741075232,2.469590338051215e-07,1.2214444915548095e-06,1.609023169714524e-05,0.005612722551487416,-1.2060998033980895e-10,0.008499313512772819,0.04136889262878958,4.488985809387233
15,blocks.11.attn.q_proj,attention_qkv,dp_kfc,0.001,0.9955991364513654,0.04256327678312079,0.21845617075463902,1.7719491714988151,18.633196584527198,-1.1159708454703079e-08,25.316662313130912,5.3686864083408535e-09,4.176055306473337e-11,1.9996056781103143e-10,1.5144908263327253e-09,1.318741328491692e-07,2.0975881653382546e-11,2.422227052692968e-07,0.001004420316759535,186265.3028953951
15,blocks.11.attn.k_proj,attention_qkv,dp_kfc,0.001,0.9955991364513654,0.04256327678312079,0.21845617075463902,1.7719491714988151,18.633196584527198,-1.1159708454703079e-08,25.316662313130912,5.2379958046025e-10,2.8321996356258585e-12,2.7099104879596675e-11,4.0960621793744935e-10,2.1301145478712942e-08,1.231747775391893e-12,2.994113006250764e-08,0.001004420316759535,1909127.149589017
15,blocks.11.attn.v_proj,attention_qkv,dp_kfc,0.001,0.9955991364513654,0.04256327678312079,0.21845617075463902,1.7719491714988151,18.633196584527198,-1.1159708454703079e-08,25.316662313130912,9.531395820291018e-08,1.8642991350868943e-11,4.2383339317550075e-10,7.178503425235405e-09,2.4989654970215542e-06,3.980671145174845e-12,3.7480060422052874e-06,0.001004420316759535,10491.642765177572
15,blocks.11.attn.out_proj,attention_out,dp_kfc,0.001,0.009089451478951046,2.806603166675045e-06,6.143780746134968e-05,0.0013664288026553752,0.004937709465973697,7.263726071770459e-07,1.6707930056545048,0.00022262367408150868,2.3129723632230926e-07,1.1454952283521789e-06,1.6081224379256217e-05,0.005608289322877087,-2.2326889630926697e-12,0.008493168965721571,0.11001763993303186,4.491885259399107
15,blocks.11.mlp.fc1,mlp,dp_kfc,0.001,0.9944019110709275,0.04257069516716599,0.2186876095204041,1.7709852505901538,18.58002943908291,-3.3812133564575866e-08,25.256252080201364,4.61835097347966e-06,1.8486960831815496e-09,2.2138322590055274e-08,5.486795725203638e-07,0.0002127950886406439,6.902622609684368e-10,0.0007096806956074565,0.001005629603952635,216.5275020764734
15,blocks.11.mlp.fc2,mlp,dp_kfc,0.001,0.024766443697529783,0.00038081619222337233,0.0011576516012142182,0.02897000296720871,0.3791383295700369,0.00020501445178547494,2.756186752089368,0.00018382201144125548,8.738094398056366e-09,8.268768082886507e-08,9.053007747524989e-06,0.004405503955608104,-6.67883512506921e-12,0.007278425801399003,0.040377214113293966,5.440044922583022
15,head,patch_head,dp_kfc,0.001,0.9931493354430471,0.0010992481002343778,0.008307670487139783,0.5343609784211499,3.043031617766019,6.761218813821402e-08,155.4875970102514,0.10666575357317926,0.08409663356215955,0.10067301848796989,0.12737270206857434,0.23334325527027355,2.654268814766838e-09,0.24511776118157344,0.0010068979198922757,0.00937508025304428
16,patch_embed,patch_head,dp_kfc,0.001,0.2509732941657266,0.025350122682860545,0.049651537871995846,0.2585230417636303,4.183139343947399,0.016618125207584097,26.36084936406968,6.238471968345038e-05,4.790103371973928e-07,1.472524284496498e-06,2.1599631461143605e-05,0.0016796477723945663,-3.4930933372040732e-12,0.0031838587925352014,0.00398448768552906,16.029566295627408
16,blocks.0.attn.q_proj,attention_qkv,dp_kfc,0.001,0.9947971371171388,0.11838797741527253,0.3425421482171809,1.6407429816982555,19.221831912002962,2.2706168310346985e-08,24.791350686983858,2.909732872572827e-06,3.1508983619986e-08,1.2747887032095236e-07,9.368746428446342e-07,6.856714368288202e-05,1.594860875011457e-08,0.00022045612490303865,0.0010052300742420096,343.67415972304906
16,blocks.0.attn.k_proj,attention_qkv,dp_kfc,0.001,0.9947971371171388,0.11838797741527253,0.3425421482171809,1.6407429816982555,19.221831912002962,2.2706168310346985e-08,24.791350686983858,2.7162001912675447e-07,4.044670303903157e-12,1.521272800907189e-11,7.709550466305778e-11,1.4080905880119731e-05,2.019952373800988e-12,2.326132683851019e-05,0.0010052300742420096,3681.613760336785
16,blocks.0.attn.v_proj,attention_qkv,dp_kfc,0.001,0.9947971371171388,0.11838797741527253,0.3425421482171809,1.6407429816982555,19.221831912002962,2.2706168310346985e-08,24.791350686983858,4.813596747036778e-05,2.3873023728651688e-08,4.4455759190652277e-07,1.3194935452729736e-05,0.001264278802426694,4.989397242651971e-09,0.0022522617593039073,0.0010052300742420096,20.774486367508747
16,blocks.0.attn.out_proj,attention_out,dp_kfc,0.001,0.005930546997703125,5.445016763448775e-06,9.190612670547064e-05,0.0007690542344236345,0.0020770061905116387,1.3179051740612865e-06,1.0946925190244234,0.11082616369822063,0.00020197932428000877,0.0011379774504641075,0.031933176861896055,3.0261064061213703,-6.832648538502647e-08,5.049121076154945,0.16861851029716074,0.009023140083807264
16,blocks.0.mlp.fc1,mlp,dp_kfc,0.001,0.9931666035726281,0.11850006154191883,0.34190171828289107,1.6415697319498992,19.157374479317653,-1.3096886319920956e-08,24.76333549949927,0.0001720909776922186,8.236099957957598e-08,4.954167979136761e-07,1.4749008376405801e-05,0.004699547250077108,4.232986191810252e-08,0.030628404699682293,0.0010068804130171018,5.81087988115496
16,blocks.0.mlp.fc2,mlp,dp_kfc,0.001,0.024709454905944155,0.0005403760649482662,0.0014123659377528492,0.03734906896105859,0.3973398550953373,0.0003761733174566084,2.2132179596380777,0.007554399404398282,1.4928713172787388e-05,8.970939726866324e-05,0.002056745065300259,0.19915647610626516,-2.216314353694416e-09,0.3381592929478529,0.04047033833026555,0.13237319692387264
16,blocks.1.attn.q_proj,attention_qkv,dp_kfc,0.001,0.9945147080742633,0.09934742377256436,0.32025757819984635,1.6102051282478347,19.386507664028066,-1.9417595758038467e-08,25.448046264224025,2.4598971491244604e-07,2.3130645465569563e-09,9.430484283487198e-09,6.292676324921412e-08,6.506270100254219e-06,1.2123033748495862e-09,1.8316866432062102e-05,0.0010055155463073624,4065.210614012563
16,blocks.1.attn.k_proj,attention_qkv,dp_kfc,0.001,0.9945147080742633,0.09934742377256436,0.32025757819984635,1.6102051282478347,19.386507664028066,-1.9417595758038467e-08,25.448046264224025,2.404260754663064e-08,4.8282525122833546e-11,4.184216579495346e-10,3.0616189743313797e-09,1.1310762720793909e-06,1.9800764320275448e-11,1.7824976376423103e-06,0.0010055155463073624,41592.8263213755
16,blocks.1.attn.v_proj,attention_qkv,dp_kfc,0.001,0.9945147080742633,0.09934742377256436,0.32025757819984635,1.6102051282478347,19.386507664028066,-1.9417595758038467e-08,25.448046264224025,3.6740171882598816e-06,1.7963327227349406e-09,3.512334318424551e-08,9.168525756749092e-07,9.753964907414268e-05,4.2563952944447917e-10,0.00015918580490969052,0.0010055155463073624,272.18163355235373
16,blocks.1.attn.out_proj,attention_out,dp_kfc,0.001,0.006147796106648419,4.43405880383834e-06,8.400532080522684e-05,0.0008494083303567278,0.0022513569070757348,9.89565430370214e-07,1.133669241160988,0.007549928588559851,1.4252701759067125e-05,8.721955720175325e-05,0.0020482529031795446,0.19876230732734868,-2.4091353110107314e-09,0.3384070961147074,0.16265991627773224,0.13245158391501421
16,blocks.1.mlp.fc1,mlp,dp_kfc,0.001,0.9928265436325666,0.09938673298764847,0.3207774497372347,1.6052702600709585,19.314675047550566,-1.4832446888171031e-08,25.420639231970085,8.389739004297883e-05,4.157290875714927e-08,2.526301115454267e-07,8.067661577814891e-06,0.0023377168223064726,2.1323768860549927e-08,0.013795527715830105,0.0010072252866459301,11.919321917972914
16,blocks.1.mlp.fc2,mlp,dp_kfc,0.001,0.024097408021476863,0.0005068393657155833,0.0013366427076570704,0.035888246681341586,0.42875764115387677,0.00034576431310700206,2.0063954220277957,0.003488978338888652,6.30596527065346e-06,4.537532292120772e-05,0.0009061559149838421,0.08651499900798,-7.351150477666545e-10,0.15089064660052398,0.04149823910973114,0.286616855385388
16,blocks.2.attn.q_proj,attention_qkv,dp_kfc,0.001,0.9933918374807724,0.08382080278729558,0.3061095546854028,1.640393588051336,18.566758863513392,-2.654693618485063e-08,26.090801538562708,9.701236369785704e-08,9.89131073351523e-10,4.088669503550749e-09,2.863992377957433e-08,2.5670336349389144e-06,5.060327828729632e-10,6.519609279555547e-06,0.0010066521208146684,10307.964489087999
16,blocks.2.attn.k_proj,attention_qkv,dp_kfc,0.001,0.9933918374807724,0.08382080278729558,0.3061095546854028,1.640393588051336,18.566758863513392,-2.654693618485063e-08,26.090801538562708,9.510590681747338e-09,2.1819593068847774e-11,1.724604781853315e-10,1.5001325164928464e-09,3.9222827287082715e-07,9.20069350393165e-12,7.991254832819969e-07,0.0010066521208146684,105145.94029571615
16,blocks.2.attn.v_proj,attention_qkv,dp_kfc,0.001,0.9933918374807724,0.08382080278729558,0.3061095546854028,1.640393588051336,18.566758863513392,-2.654693618485063e-08,26.090801538562708,1.8732826926696569e-06,8.218175311721984e-10,1.7077366365571213e-08,4.09588419632079e-07,4.587563621240276e-05,2.3327943818743664e-10,8.43031129323349e-05,0.0010066521208146684,533.8222596691361
16,blocks.2.attn.out_proj,attention_out,dp_kfc,0.001,0.0064975652900111855,4.369940872097772e-06,8.144638032514764e-05,0.0009010923525953875,0.00270764263558126,1.006631896747712e-06,1.197525726374238,0.0034832668607123196,6.08340308277857e-06,4.341158671189944e-05,0.0009009254559593734,0.0865243836158507,-7.596212575220894e-10,0.15049117245973165,0.15390380171128354,0.28708681820476495
16,blocks.2.mlp.fc1,mlp,dp_kfc,0.001,0.9934858509913628,0.08390838025385296,0.3065538256613454,1.638160387348006,18.572200668402264,-1.8556296875630536e-08,26.05037712908351,5.5632675032724066e-05,2.4090446479620584e-08,1.5128816341061143e-07,5.485227324905431e-06,0.0017238050746900147,1.1754366798937321e-08,0.009790339307336304,0.0010065568613807,17.975047926632744
16,blocks.2.mlp.fc2,mlp,dp_kfc,0.001,0.024630568882811364,0.0004963843232988266,0.0013546776837144402,0.03520692930618319,0.3967849974937107,0.0003359531841215347,2.3487740123000815,0.0022279595236796013,4.634417013439661e-06,3.183196478576122e-05,0.000528337915701169,0.05285100528371238,-5.674469362825722e-10,0.09731634246438767,0.04059995547637789,0.44884118825841296
16,blocks.3.attn.q_proj,attention_qkv,dp_kfc,0.001,0.9940651727772748,0.07612965508277038,0.29422540817916437,1.740232944852079,18.020587579088524,-1.70901760115318e-08,26.49179801745003,9.785041137309417e-08,6.391700593185743e-10,2.8644280603952383e-09,2.196735360583343e-08,2.5412088432652656e-06,3.6687199639935684e-10,7.57610587593962e-06,0.0010059702596824152,10219.681102689457
16,blocks.3.attn.k_proj,attention_qkv,dp_kfc,0.001,0.9940651727772748,0.07612965508277038,0.29422540817916437,1.740232944852079,18.020587579088524,-1.70901760115318e-08,26.49179801745003,6.7493234261744905e-09,1.583167195334095e-11,1.2800372151779014e-10,1.2300496093196893e-09,3.49352334081151e-07,5.475013997099773e-12,4.822884056363355e-07,0.0010059702596824152,148162.99899363378
16,blocks.3.attn.v_proj,attention_qkv,dp_kfc,0.001,0.9940651727772748,0.07612965508277038,0.29422540817916437,1.740232944852079,18.020587579088524,-1.70901760115318e-08,26.49179801745003,1.173975152128174e-06,5.539200648836796e-10,1.1209341096244862e-08,2.5731429142229354e-07,2.9184802584348065e-05,1.225462097204252e-10,5.313693757414056e-05,0.0010059702596824152,851.8067849964344
16,blocks.3.attn.out_proj,attention_out,dp_kfc,0.001,0.006834692527404914,4.165358470924834e-06,7.473060897676859e-05,0.000958598555351526,0.0029333915053425933,1.0528440934782948e-06,1.25889280734447,0.002226426038608527,4.429828343098729e-06,3.129897790961938e-05,0.000526613629518575,0.05283388507250029,-6.653763316329119e-10,0.09724924954693558,0.1463123609424012,0.44915033450874503
16,blocks.3.mlp.fc1,mlp,dp_kfc,0.001,0.9933245952574083,0.07581945089390217,0.2955353107162215,1.7320912059971767,18.016447497043934,-4.407544132884538e-09,26.427691524831328,3.7882094733497164e-05,1.6703340765867468e-08,1.0986103191144397e-07,4.094019539473496e-06,0.0012732573217909926,8.578919078539075e-09,0.006409619427760727,0.0010067202652329994,26.397695455730755
16,blocks.3.mlp.fc2,mlp,dp_kfc,0.001,0.024269498896788713,0.00047567507172990186,0.0013129957646444953,0.03366634152910757,0.3750000118656465,0.00031183872660309425,2.2061001973026153,0.0015314192545095768,3.5736913167789938e-06,2.4120981748023188e-05,0.00036145479522296765,0.036526872882479015,-2.925323972244233e-10,0.06300424630846094,0.04120398217749431,0.6529890472875378
16,blocks.4.attn.q_proj,attention_qkv,dp_kfc,0.001,0.9941236234699506,0.06558306003503815,0.27884980256304637,1.7488092984585082,18.25389711179735,-4.498685274454946e-09,26.625161024778215,4.452305904512066e-08,3.5119014482977557e-10,1.5788776964660883e-09,1.2704370027768334e-08,1.1221834362554152e-06,1.8586204537968648e-10,2.987345138570845e-06,0.0010059111124525318,22460.271631079475
16,blocks.4.attn.k_proj,attention_qkv,dp_kfc,0.001,0.9941236234699506,0.06558306003503815,0.27884980256304637,1.7488092984585082,18.25389711179735,-4.498685274454946e-09,26.625161024778215,3.967327418698032e-09,1.0385010866509046e-11,8.78738657364206e-11,8.878755459902696e-10,1.9148779488673467e-07,4.386045181843689e-12,2.9533382950095657e-07,0.0010059111124525318,252058.85334469637
16,blocks.4.attn.v_proj,attention_qkv,dp_kfc,0.001,0.9941236234699506,0.06558306003503815,0.27884980256304637,1.7488092984585082,18.25389711179735,-4.498685274454946e-09,26.625161024778215,7.709047312361623e-07,3.9229568917683045e-10,8.178322711804057e-09,1.7777477562643732e-07,1.8919811756255493e-05,8.454800149276382e-11,3.3204207913265166e-05,0.0010059111124525318,1297.1771471637987
16,blocks.4.attn.out_proj,attention_out,dp_kfc,0.001,0.007184730852888343,3.7401668270365586e-06,7.462649799799118e-05,0.0010382087253615543,0.003216747704645485,8.845319323816838e-07,1.3221832497624233,0.0015297510196129829,3.532797326902012e-06,2.3506471184842654e-05,0.0003594571607657474,0.036456539191950674,-4.815132252176489e-10,0.06300590863854132,0.1391840585925343,0.6537011495197392
16,blocks.4.mlp.fc1,mlp,dp_kfc,0.001,0.9945008133977189,0.06554661042092325,0.2770227315955319,1.743224801262613,18.230854821217555,2.6801934630059945e-08,26.61818021893677,2.6583201805013834e-05,1.31476183710443e-08,9.132462120653205e-08,3.155795811879442e-06,0.0009284594302983797,6.633001172455595e-09,0.004277804298095944,0.0010055295948763411,37.617740983006456
16,blocks.4.mlp.fc2,mlp,dp_kfc,0.001,0.02420372311364961,0.000453281438779567,0.0012813365458561534,0.033096348039287536,0.38275029344893763,0.00030480941628002127,2.3243110234710054,0.0011119969547053188,3.2309444333394086e-06,1.8478216622628433e-05,0.00025240277382354267,0.02671544822297289,-2.2642552791269128e-10,0.04782438030143737,0.04131595768570222,0.8992830382930337
16,blocks.5.attn.q_proj,attention_qkv,dp_kfc,0.001,0.9945771740508204,0.061143784777876575,0.2691426773522414,1.7539188468013536,18.10882935622292,-3.088670681368292e-08,25.266042978694166,2.8161383225366876e-08,2.5220060880037077e-10,1.1110964181882172e-09,8.971938069269272e-09,6.41040292761879e-07,1.2207776591853193e-10,1.87600941971037e-06,0.0010054523933292103,35509.619396082504
16,blocks.5.attn.k_proj,attention_qkv,dp_kfc,0.001,0.9945771740508204,0.061143784777876575,0.2691426773522414,1.7539188468013536,18.10882935622292,-3.088670681368292e-08,25.266042978694166,2.7638743082397665e-09,8.383512401607148e-12,7.620062431174719e-11,8.306978991360633e-10,1.0990232779019117e-07,3.4252480257934854e-12,2.0410972422258292e-07,0.0010054523933292103,361810.95392752206
16,blocks.5.attn.v_proj,attention_qkv,dp_kfc,0.001,0.9945771740508204,0.061143784777876575,0.2691426773522414,1.7539188468013536,18.10882935622292,-3.088670681368292e-08,25.266042978694166,5.35858278490527e-07,3.214120670064518e-10,6.326413329418107e-09,1.2306875534027387e-07,1.3356125001232817e-05,7.258040036955277e-11,2.103455651216965e-05,0.0010054523933292103,1866.1650666607704
16,blocks.5.attn.out_proj,attention_out,dp_kfc,0.001,0.008117332502097552,3.5296416571418868e-06,7.194055141616694e-05,0.0011395760912860317,0.0032708858938488325,9.721081538169256e-07,1.499379859300173,0.0011115586595072575,3.0859262826630606e-06,1.8137236560713522e-05,0.00025274662060965913,0.02673445206545406,-3.3122412193286215e-10,0.04785266788814383,0.12319317950097472,0.8996376317587141
16,blocks.5.mlp.fc1,mlp,dp_kfc,0.001,0.9942440829128799,0.06024721117984912,0.2691315109819904,1.7513252454411365,18.070285846553034,-6.760377468813572e-10,25.221419971038525,2.0777219665891557e-05,1.129250901547485e-08,8.219636893257961e-08,2.6099563969837748e-06,0.0007601499699685355,5.395911995041088e-09,0.0037744528605099174,0.0010057892394695041,48.12963505611037
16,blocks.5.mlp.fc2,mlp,dp_kfc,0.001,0.024297007095548284,0.00044225537242526615,0.001249578065752831,0.03182030471017071,0.36487176147574596,0.00027681096998819177,2.4264719629275056,0.0008534459245765902,2.3741514351989907e-06,1.4014973443469734e-05,0.00016083856173486856,0.019408233153368898,-2.809556626393946e-10,0.038299821320749904,0.04115733250879368,1.171720399855583
16,blocks.6.attn.q_proj,attention_qkv,dp_kfc,0.001,0.9944690751597054,0.0563417178789311,0.25588358016058815,1.7780817854927526,18.008911919375347,-2.0592385609303e-08,25.10273361665563,2.539090541176884e-08,1.9429031330341073e-10,8.911319990941835e-10,7.0791795685746875e-09,5.087300228823759e-07,8.940781993554964e-11,2.2520624248778646e-06,0.0010055616861081441,39384.18042928449
16,blocks.6.attn.k_proj,attention_qkv,dp_kfc,0.001,0.9944690751597054,0.0563417178789311,0.25588358016058815,1.7780817854927526,18.008911919375347,-2.0592385609303e-08,25.10273361665563,2.6435100543749828e-09,7.62122277473108e-12,7.441718406246288e-11,9.081518815818448e-10,1.1341600549716873e-07,3.640259874348235e-12,2.1089839622172005e-07,0.0010055616861081441,378284.92399528046
16,blocks.6.attn.v_proj,attention_qkv,dp_kfc,0.001,0.9944690751597054,0.0563417178789311,0.25588358016058815,1.7780817854927526,18.008911919375347,-2.0592385609303e-08,25.10273361665563,4.314662338152549e-07,2.4067815536350487e-10,4.918329934500786e-09,7.77129100051129e-08,1.0313386566766342e-05,6.627043929348595e-11,2.0535283805765756e-05,0.0010055616861081441,2317.678468503702
16,blocks.6.attn.out_proj,attention_out,dp_kfc,0.001,0.008452468291118046,3.260701801314116e-06,7.344988061711574e-05,0.0011744443327891222,0.003710489922091663,8.469148419766318e-07,1.559481887108436,0.000852460852911463,2.369515621178256e-06,1.3339582572937943e-05,0.0001607009781704837,0.019434872144673255,-2.941895399712844e-10,0.0381424103757826,0.11830863666780175,1.1730743958325327
16,blocks.6.mlp.fc1,mlp,dp_kfc,0.001,0.9928108978765616,0.05659413035274232,0.2567707933326985,1.7752312932694876,17.9308497635834,-3.0824187963443314e-08,24.980877030927356,1.565239574343365e-05,9.350926005346265e-09,7.14722733935287e-08,2.093647486065868e-06,0.0006008401197829401,4.581225807712642e-09,0.002508457433958457,0.0010072411595590002,63.88798343662572
16,blocks.6.mlp.fc2,mlp,dp_kfc,0.001,0.024449050091013256,0.0004337936921903318,0.0012618856784065336,0.032479233492558636,0.37210408836066355,0.0002873202083438763,2.3586226786432904,0.000624410359629716,1.8507638508396664e-06,9.689023741995947e-06,0.00011084061305713044,0.01596463900397624,-1.7253431450027586e-10,0.026144881332119646,0.04090138456412138,1.6015109047726463
16,blocks.7.attn.q_proj,attention_qkv,dp_kfc,0.001,0.994712633018049,0.051094308348733145,0.2464888275647776,1.852424964774681,18.01254374750896,-6.569317945697591e-08,24.64645810977711,1.8515808047671795e-08,1.2691772844731195e-10,5.987762259930332e-10,5.1240692036645985e-09,4.4879358190688737e-07,6.343319484854835e-11,1.2417627206054587e-06,0.0010053154718322101,54007.90488999164
16,blocks.7.attn.k_proj,attention_qkv,dp_kfc,0.001,0.994712633018049,0.051094308348733145,0.2464888275647776,1.852424964774681,18.01254374750896,-6.569317945697591e-08,24.64645810977711,1.5444310259935673e-09,7.20192063958995e-12,7.316968750378822e-11,8.242645462801537e-10,7.439960646661856e-08,2.7887524623980617e-12,1.0071666270123634e-07,0.0010053154718322101,647487.6398942306
16,blocks.7.attn.v_proj,attention_qkv,dp_kfc,0.001,0.994712633018049,0.051094308348733145,0.2464888275647776,1.852424964774681,18.01254374750896,-6.569317945697591e-08,24.64645810977711,3.136018556689398e-07,1.4411291823738918e-10,3.5117859096864354e-09,4.8708728394986884e-08,8.352488493560258e-06,2.9362839229039384e-11,1.439040742170815e-05,0.0010053154718322101,3188.7566413371947
16,blocks.7.attn.out_proj,attention_out,dp_kfc,0.001,0.008620268836107173,3.3483345146096162e-06,7.196463322905012e-05,0.0011947015812143415,0.004172246534406581,8.164841544463939e-07,1.5905609782968784,0.0006242715797573812,1.8658302781439657e-06,9.493256806856608e-06,0.00011080461183471496,0.015967971999711148,-2.12975779401162e-10,0.026131440165271195,0.11600566281777239,1.601866931678426
16,blocks.7.mlp.fc1,mlp,dp_kfc,0.001,0.994519177959373,0.051287828578020236,0.24558192531501194,1.844251200357336,18.026828788761346,-5.3428484410566494e-08,24.60318320741809,1.0936314817994175e-05,7.566996763570168e-09,6.088075197414183e-08,1.599318629725307e-06,0.0004127987533664071,3.3285999340004867e-09,0.0020371946440495715,0.001005511026998869,91.43847965629519
16,blocks.7.mlp.fc2,mlp,dp_kfc,0.001,0.024328272830893533,0.0004204476610979434,0.0012171152221149752,0.031497014663354,0.37789490863852687,0.00028255791558215476,2.4817796752228656,0.0004659468477257178,1.2622327689057825e-06,6.565193659566063e-06,6.71637564307606e-05,0.011171566461841075,-1.5731856426178737e-10,0.021139645043492163,0.04110443873064999,2.146167540098169
16,blocks.8.attn.q_proj,attention_qkv,dp_kfc,0.001,0.9931983575610918,0.048545248608222825,0.24135792116162683,1.7881312286536553,18.165252337678048,-2.691568504998278e-08,25.093116656421316,1.3424244599038088e-08,9.761302575312258e-11,4.568305957503727e-10,3.5105190424082746e-09,3.617571573078459e-07,4.586419198163364e-11,6.96219757027503e-07,0.0010068482215935298,74492.08725470146
16,blocks.8.attn.k_proj,attention_qkv,dp_kfc,0.001,0.9931983575610918,0.048545248608222825,0.24135792116162683,1.7881312286536553,18.165252337678048,-2.691568504998278e-08,25.093116656421316,1.235234027404409e-09,5.796305499611237e-12,5.463531220610258e-11,6.154190991375788e-10,5.64131059757202e-08,2.134987116025551e-12,8.494234903335158e-08,0.0010068482215935298,809563.1903059657
16,blocks.8.attn.v_proj,attention_qkv,dp_kfc,0.001,0.9931983575610918,0.048545248608222825,0.24135792116162683,1.7881312286536553,18.165252337678048,-2.691568504998278e-08,25.093116656421316,2.1837035230065638e-07,1.147683141898466e-10,2.257201409568796e-09,3.286793898125866e-08,5.255138417904178e-06,2.3605087083526515e-11,1.0060359647887042e-05,0.0010068482215935298,4579.376226966843
16,blocks.8.attn.out_proj,attention_out,dp_kfc,0.001,0.008430139609664399,3.152141314733358e-06,6.739883675300969e-05,0.0012511533883046793,0.00462935494747272,7.408969456169245e-07,1.5495916721127763,0.0004652806318290459,1.226941963562209e-06,6.310176796615877e-06,6.709206406965186e-05,0.011167611473307996,-1.8787242448386607e-10,0.021116510941035626,0.11862199753531837,2.1492405477290992
16,blocks.8.mlp.fc1,mlp,dp_kfc,0.001,0.9939772891257094,0.04866836552707802,0.2406504729434438,1.7878321102357067,18.141292499630694,-1.7032576444275178e-08,25.05400912567273,8.929599668680566e-06,5.534279633310006e-09,4.77090647443648e-08,1.1987809305889017e-06,0.0003148508084486252,2.5305298289808637e-09,0.0015899579139048048,0.0010060592037063423,111.98710324129902
16,blocks.8.mlp.fc2,mlp,dp_kfc,0.001,0.024322550164920766,0.0004156129142925945,0.0012149418298536645,0.030543351946742646,0.4104869236320837,0.0002751608974936361,2.5200639902525537,0.0003669227954787857,9.059007934377942e-07,4.50555944897354e-06,4.266079838539739e-05,0.009004961908832737,-1.3530882582889725e-10,0.016011858386941365,0.04111410987825822,2.72536896677442
16,blocks.9.attn.q_proj,attention_qkv,dp_kfc,0.001,0.9931204596949366,0.04588184284719414,0.2276383987358817,1.7482620623639216,18.35161500976556,-2.8790190057139264e-08,25.642347167409067,8.8227530637211e-09,7.44206179831614e-11,3.4469001147657325e-10,2.6699588884146657e-09,3.020876805859946e-07,3.518986263095177e-11,4.613845113442867e-07,0.0010069271962307338,113343.3059701025
16,blocks.9.attn.k_proj,attention_qkv,dp_kfc,0.001,0.9931204596949366,0.04588184284719414,0.2276383987358817,1.7482620623639216,18.35161500976556,-2.8790190057139264e-08,25.642347167409067,1.0099888427042105e-09,4.811717435086942e-12,4.754840390723821e-11,5.605864207712216e-10,4.643806704185298e-08,1.903722561272671e-12,5.959789121130567e-08,0.0010069271962307338,990109.9474748
16,blocks.9.attn.v_proj,attention_qkv,dp_kfc,0.001,0.9931204596949366,0.04588184284719414,0.2276383987358817,1.7482620623639216,18.35161500976556,-2.8790190057139264e-08,25.642347167409067,1.6411052724170833e-07,7.733677540592637e-11,1.5801334180432587e-09,2.0831966606477182e-08,3.9639158448712045e-06,1.5695171289528875e-11,7.210628273793796e-06,0.0010069271962307338,6093.454312819075
16,blocks.9.attn.out_proj,attention_out,dp_kfc,0.001,0.009081851379913302,3.183597957668862e-06,6.580417493523757e-05,0.0013104882692350649,0.004497911092291688,7.663123568402889e-07,1.6734258544429026,0.00036704268832939607,8.904463294166459e-07,4.323346708032966e-06,4.229403788892772e-05,0.009003088980020914,-1.5264610863379446e-10,0.016018176565884234,0.11010970761002987,2.724478737204996
16,blocks.9.mlp.fc1,mlp,dp_kfc,0.001,0.9936318397521973,0.0459906583345538,0.22753038444306267,1.7449444239842293,18.28400490252103,-4.9388349679729885e-08,25.72121719467843,6.66189928050694e-06,4.316652798303846e-09,3.975685850339787e-08,9.721949039729497e-07,0.0002566925196034869,1.8825610454326413e-09,0.0010566245406229777,0.0010064089736188315,150.10734295038824
16,blocks.9.mlp.fc2,mlp,dp_kfc,0.001,0.023444204654190955,0.000389323665976581,0.0011517542824318096,0.028971985874155948,0.38176842549229395,0.0002471407329735353,2.4698113116285096,0.0002804197877518769,5.408035944057131e-07,2.586496647429214e-06,2.803493249794846e-05,0.006993931611638157,-1.2586875532564057e-10,0.011434039048612439,0.04265446470674948,3.566082151395205
16,blocks.10.attn.q_proj,attention_qkv,dp_kfc,0.001,0.9925113419177002,0.043314266837113174,0.22040406623702427,1.7559442716893283,18.391925064784935,-3.208972247540279e-08,24.92873781341641,7.104388499076334e-09,5.2632681417644286e-11,2.540499892990868e-10,2.0293413011783245e-09,2.1263276016486601e-07,2.7749994541496996e-11,3.928218617057036e-07,0.0010075451612148133,140758.06807721924
16,blocks.10.attn.k_proj,attention_qkv,dp_kfc,0.001,0.9925113419177002,0.043314266837113174,0.22040406623702427,1.7559442716893283,18.391925064784935,-3.208972247540279e-08,24.92873781341641,6.218204756802912e-10,3.5680401129363187e-12,3.471936976263923e-11,4.718719914138398e-10,2.4817668887366053e-08,1.5635976568943997e-12,3.711897647462153e-08,0.0010075451612148133,1608181.2019875487
16,blocks.10.attn.v_proj,attention_qkv,dp_kfc,0.001,0.9925113419177002,0.043314266837113174,0.22040406623702427,1.7559442716893283,18.391925064784935,-3.208972247540279e-08,24.92873781341641,1.2285128797584477e-07,4.4358751180502544e-11,9.215259048220439e-10,1.284310805663196e-08,3.0151058572074203e-06,9.248983863023604e-12,5.1779812326319585e-06,0.0010075451612148133,8139.922799967891
16,blocks.10.attn.out_proj,attention_out,dp_kfc,0.001,0.009532184340512149,3.1605841218539792e-06,6.230461399875725e-05,0.0014061140693050695,0.005258895872310108,7.258874271013405e-07,1.7532532156004368,0.0002803720664890837,5.319284206639488e-07,2.5227436473044127e-06,2.7881290933632315e-05,0.00699265616770596,-1.9450799219664106e-10,0.011438652496836493,0.10490774876750565,3.566689123215258
16,blocks.10.mlp.fc1,mlp,dp_kfc,0.001,0.9940457098533453,0.04341238648804291,0.22100181824505338,1.75299698603987,18.375395336332282,-9.000150018843328e-09,24.955874661347437,5.204354897592189e-06,2.950257873658168e-09,2.9873026029899264e-08,7.290236836029993e-07,0.00024919640797142523,1.24711155703693e-09,0.0007793146048548438,0.0010059899560831394,192.14677316926503
16,blocks.10.mlp.fc2,mlp,dp_kfc,0.001,0.024302409370811306,0.00038747079540907525,0.0011707050581100163,0.028393007443298434,0.3842049310093561,0.0002529096032666336,2.647403510770557,0.00021587508382481246,2.489089717227493e-07,1.1717124859376881e-06,1.563114425193129e-05,0.005298085744778344,-1.0851378152986681e-10,0.008429275616012461,0.041148183488385386,4.632308566057223
16,blocks.11.attn.q_proj,attention_qkv,dp_kfc,0.001,0.9949663686011122,0.042703172622706675,0.2180456304268388,1.76318325229467,18.65427015259159,-2.8541159927993013e-08,24.986506347566102,5.119229258091865e-09,3.952843981794257e-11,1.9057059514271736e-10,1.441475974725661e-09,1.408836627326018e-07,2.0405981298812143e-11,2.2577053234661227e-07,0.0010050590970285408,195341.90589712694
16,blocks.11.attn.k_proj,attention_qkv,dp_kfc,0.001,0.9949663686011122,0.042703172622706675,0.2180456304268388,1.76318325229467,18.65427015259159,-2.8541159927993013e-08,24.986506347566102,5.175432357521804e-10,2.9036845349614936e-12,2.7214702601606297e-11,4.040813592763666e-10,2.1112721285990208e-08,1.0405838249526223e-12,3.072423555954915e-08,0.0010050590970285408,1932205.7190963624
16,blocks.11.attn.v_proj,attention_qkv,dp_kfc,0.001,0.9949663686011122,0.042703172622706675,0.2180456304268388,1.76318325229467,18.65427015259159,-2.8541159927993013e-08,24.986506347566102,9.285538813778396e-08,1.906669263222529e-11,4.2611998066812576e-10,6.906099040250036e-09,2.4464924057742145e-06,3.781860045842617e-12,3.66747263628741e-06,0.0010050590970285408,10769.434278990302
16,blocks.11.attn.out_proj,attention_out,dp_kfc,0.001,0.009330105830141985,2.769752980710961e-06,6.000713480091926e-05,0.00141036675153753,0.005151237140395749,7.422015670899172e-07,1.716503913770236,0.00021573465797549335,2.2996771123664096e-07,1.1189124921596223e-06,1.5614616924411303e-05,0.005297893716312601,-2.415629011958116e-12,0.008422195455994019,0.1071799203787576,4.635323825036941
16,blocks.11.mlp.fc1,mlp,dp_kfc,0.001,0.9939062984496201,0.042825379789554745,0.21803656176985584,1.7618882795664994,18.601726677417876,-9.861660010491535e-09,24.928863779936332,4.528390041225183e-06,1.8763350104188872e-09,2.2261906061388303e-08,5.761251328919225e-07,0.0002124917472070004,7.255847574988243e-10,0.0007036408388234941,0.0010061310624149232,220.82903435796885
16,blocks.11.mlp.fc2,mlp,dp_kfc,0.001,0.024931665352498446,0.0003804123001969473,0.001167215163310001,0.028744758952279955,0.37475915036059704,0.00021198621905218581,2.8155133836309387,0.0001785149958285122,9.086894542741772e-09,8.260180944347303e-08,8.884778976665556e-06,0.0041514263384611364,5.78214591884244e-12,0.00715216904612584,0.040109635111069235,5.601770290270937
16,head,patch_head,dp_kfc,0.001,0.992324271388931,0.0011642868127058209,0.0085209140739434,0.5577196231245588,3.1269602095140097,-1.6574753509015773e-08,154.16856075187337,0.10701136738061906,0.08488090458226676,0.10117522201378087,0.13135791339321773,0.23782396326396232,2.188607826587444e-09,0.2496535243607117,0.0010077351011482623,0.009344801626944831
17,patch_embed,patch_head,dp_kfc,0.001,0.2509732939331987,0.025347064481045067,0.04979075224235277,0.25956150513250426,4.180807524753591,0.016595576125185016,26.408299069496994,6.717722330525551e-05,5.134056450040317e-07,1.5946543490938932e-06,2.153407443693335e-05,0.0017389900231983544,1.2232165237769397e-12,0.0037104886293084062,0.003984487689220706,14.885997824827728
17,blocks.0.attn.q_proj,attention_qkv,dp_kfc,0.001,0.994689919787985,0.1181191208442954,0.3408686170459487,1.6326343849459635,19.36391747632379,1.6747424993667864e-08,24.41084964858537,3.0731930262817286e-06,3.449888326606954e-08,1.4056488178735768e-07,1.0441914467584816e-06,7.775648959127601e-05,1.8046953132700818e-08,0.00021736075833688953,0.0010053384276912617,325.39446479543295
17,blocks.0.attn.k_proj,attention_qkv,dp_kfc,0.001,0.994689919787985,0.1181191208442954,0.3408686170459487,1.6326343849459635,19.36391747632379,1.6747424993667864e-08,24.41084964858537,2.903889172771572e-07,4.216514683476844e-12,1.537416860384499e-11,8.202073168792617e-11,1.546662473743736e-05,2.0620228965767152e-12,2.3567194072167712e-05,0.0010053384276912617,3443.6575933287613
17,blocks.0.attn.v_proj,attention_qkv,dp_kfc,0.001,0.994689919787985,0.1181191208442954,0.3408686170459487,1.6326343849459635,19.36391747632379,1.6747424993667864e-08,24.41084964858537,5.156034646821202e-05,2.616631386549358e-08,4.770374634641751e-07,1.4197498140866106e-05,0.0013586310270640818,5.4783264830974345e-09,0.0025004680663273967,0.0010053384276912617,19.394749424667268
17,blocks.0.attn.out_proj,attention_out,dp_kfc,0.001,0.005936679182320211,5.810911081330854e-06,9.277166328519806e-05,0.0007609179377419253,0.002072767598758677,1.3736143055399716e-06,1.0956595149124575,0.11775592881410071,0.00021170200692738778,0.0012043783639511705,0.035229939464999326,3.1904655812249696,-7.739113331923547e-08,5.519395708399166,0.1684443388785536,0.00849214141547542
17,blocks.0.mlp.fc1,mlp,dp_kfc,0.001,0.9928227968784195,0.1182290010742293,0.34021054765738823,1.6293049136915525,19.293532622940702,2.85485586006205e-09,24.38085613512484,0.0001804375601434464,8.714979415285225e-08,5.277148955763564e-07,1.5669569131297098e-05,0.0045151635341223635,4.49910377554075e-08,0.033104659808726296,0.0010072290877527659,5.54208336227229
17,blocks.0.mlp.fc2,mlp,dp_kfc,0.001,0.024865536905718563,0.0005459195349013955,0.0014279360158146815,0.037401982726402716,0.4009381178154773,0.00038088288269596843,2.201889938610856,0.007867564693394039,1.5833970137774397e-05,9.862893794306162e-05,0.0021540553239419954,0.21281782049774678,-2.359624093424114e-09,0.34705833294946675,0.04021630434893286,0.1271041343758692
17,blocks.1.attn.q_proj,attention_qkv,dp_kfc,0.001,0.9939812878870594,0.09846141303022686,0.3170559161693852,1.6022559104992211,19.582773570048023,-2.5843835070676667e-08,25.19479085653121,2.616046612298935e-07,2.450742256440075e-09,1.0003118668170077e-08,6.601818051641314e-08,6.522139952588897e-06,1.2787248332102662e-09,1.978994875543283e-05,0.0010060551563558452,3822.561858411299
17,blocks.1.attn.k_proj,attention_qkv,dp_kfc,0.001,0.9939812878870594,0.09846141303022686,0.3170559161693852,1.6022559104992211,19.582773570048023,-2.5843835070676667e-08,25.19479085653121,2.4782498109221507e-08,5.143145806539362e-11,4.282127004918347e-10,3.2782301955984953e-09,1.1842621380307902e-06,2.026495546164697e-11,1.8321500433309846e-06,0.0010060551563558452,40351.05724987032
17,blocks.1.attn.v_proj,attention_qkv,dp_kfc,0.001,0.9939812878870594,0.09846141303022686,0.3170559161693852,1.6022559104992211,19.582773570048023,-2.5843835070676667e-08,25.19479085653121,3.834302619853958e-06,1.9586689127436337e-09,3.687888937846097e-08,1.0577519077868847e-06,0.00010803138379670093,4.695474972649325e-10,0.0001591373064512879,0.0010060551563558452,260.8036191045579
17,blocks.1.attn.out_proj,attention_out,dp_kfc,0.001,0.006122401010406739,4.686850901059604e-06,8.792780363788452e-05,0.0008318474367459414,0.0021705328964943334,1.0075556225702474e-06,1.1286980330098764,0.007860212897260983,1.5150002097529023e-05,9.121004716851728e-05,0.0021545986894679035,0.2124060785946505,-2.5082390936883023e-09,0.34626304060976193,0.16333461305462013,0.1272230171206261
17,blocks.1.mlp.fc1,mlp,dp_kfc,0.001,0.9926539610086945,0.09851352296036685,0.317669816225274,1.5994738613902308,19.525054228661197,-1.3898292938373276e-08,25.186224443269463,8.697947646846282e-05,4.407724506897594e-08,2.677510831373624e-07,8.565384909111977e-06,0.0023240674913979588,2.1828322797144846e-08,0.014370782107244608,0.001007400402637633,11.496965038213144
17,blocks.1.mlp.fc2,mlp,dp_kfc,0.001,0.0242435446684824,0.0005131052204757282,0.0013499966726260412,0.036252729622989255,0.4348452356486489,0.00034376187933975557,2.007060860060244,0.0035962231468147365,6.822376164461363e-06,4.9105370969116616e-05,0.0009808885289860905,0.09001864565656387,-9.035633136967572e-10,0.15412682950580983,0.041248093613143993,0.278069507696074
17,blocks.2.attn.q_proj,attention_qkv,dp_kfc,0.001,0.9932280022245615,0.08328516268794432,0.3033931599485904,1.6556956453207141,18.695827971200117,-3.423449750526505e-08,25.75746934941445,1.0364258228497587e-07,1.0242242689290197e-09,4.219954241236533e-09,2.982057021527632e-08,2.4595453046301387e-06,5.621791604709811e-10,6.758116309569956e-06,0.0010068181704102894,9648.543850927968
17,blocks.2.attn.k_proj,attention_qkv,dp_kfc,0.001,0.9932280022245615,0.08328516268794432,0.3033931599485904,1.6556956453207141,18.695827971200117,-3.423449750526505e-08,25.75746934941445,9.916560128753424e-09,2.2557881369168202e-11,1.8585170110627911e-10,1.5338521735653041e-09,3.991036089313056e-07,9.288914251944819e-12,8.306261656576081e-07,0.0010068181704102894,100841.41950599018
17,blocks.2.attn.v_proj,attention_qkv,dp_kfc,0.001,0.9932280022245615,0.08328516268794432,0.3033931599485904,1.6556956453207141,18.695827971200117,-3.423449750526505e-08,25.75746934941445,1.9332855858422704e-06,8.97722347927869e-10,1.8500490349467865e-08,4.6652825238729877e-07,4.733690011614628e-05,2.5288211197276667e-10,8.32354060257106e-05,0.0010068181704102894,517.254153924875
17,blocks.2.attn.out_proj,attention_out,dp_kfc,0.001,0.006493375028925104,4.114081439329125e-06,8.046705317220947e-05,0.0009488093068139947,0.0026165778119387937,1.0617842676250135e-06,1.1962378177671364,0.003590835822857722,6.598027849836835e-06,4.664935442328847e-05,0.0009775000864041406,0.08991372113977206,-1.088777303338811e-09,0.15381400751802277,0.15400311787713536,0.2784866948342301
17,blocks.2.mlp.fc1,mlp,dp_kfc,0.001,0.9931494673916713,0.08309440441068987,0.3039850609320416,1.6542075036536918,18.694739114616137,-1.9587827974379243e-08,25.71926807243913,5.776585280831137e-05,2.533164090954533e-08,1.601565031681892e-07,5.962649483209266e-06,0.0016951582376415503,1.0203047565269403e-08,0.010120239642641476,0.001006897786117049,17.311265243817534
17,blocks.2.mlp.fc2,mlp,dp_kfc,0.001,0.024723662883382392,0.0004994344633178222,0.0013628056587382954,0.03483034519447351,0.4014270783975522,0.000336734302316726,2.3314815118797125,0.0023130721077298704,5.022389187421489e-06,3.5035035838277054e-05,0.0006015024500885512,0.057200805490624895,-4.4529681044590837e-10,0.10224872377619873,0.04044708119168433,0.4323254760014528
17,blocks.3.attn.q_proj,attention_qkv,dp_kfc,0.001,0.9935048012535808,0.07646609847346648,0.29316743263389816,1.7428772683960656,18.137620882635574,-4.8479037649556337e-08,26.154013032292017,9.950323890302777e-08,6.730439493806989e-10,2.975086844908554e-09,2.244908935405568e-08,2.3105434975999745e-06,3.691705016757492e-10,7.751945646684159e-06,0.0010065376621614952,10049.924113269957
17,blocks.3.attn.k_proj,attention_qkv,dp_kfc,0.001,0.9935048012535808,0.07646609847346648,0.29316743263389816,1.7428772683960656,18.137620882635574,-4.8479037649556337e-08,26.154013032292017,7.348236527651245e-09,1.7458070893599724e-11,1.3555855884669448e-10,1.3414252954577942e-09,3.72392954350443e-07,5.985284574353147e-12,5.317955071582551e-07,0.0010065376621614952,136087.072896609
17,blocks.3.attn.v_proj,attention_qkv,dp_kfc,0.001,0.9935048012535808,0.07646609847346648,0.29316743263389816,1.7428772683960656,18.137620882635574,-4.8479037649556337e-08,26.154013032292017,1.2210457664973973e-06,5.838413934244651e-10,1.2028849445941814e-08,3.130905106943451e-07,3.043173387890231e-05,1.4965001588143816e-10,5.426687513499995e-05,0.0010065376621614952,818.9701217084819
17,blocks.3.attn.out_proj,attention_out,dp_kfc,0.001,0.00683582155395859,4.170572708755862e-06,7.776277936692539e-05,0.0009537064661501873,0.0028936323433715228,9.950985705003401e-07,1.2587120667992253,0.0023112336587776854,4.70359754794535e-06,3.3704563913851813e-05,0.0005956115858461738,0.0573377469101408,-5.418967334359572e-10,0.10205210612204967,0.14628819551629535,0.43266936521202193
17,blocks.3.mlp.fc1,mlp,dp_kfc,0.001,0.9930800170169594,0.07613112448619265,0.2919727748849796,1.7328320103332209,18.131596679503645,-2.5862322054805173e-08,26.098853902900423,3.910040953023867e-05,1.7823465586320977e-08,1.157648738134754e-07,4.327441933210673e-06,0.0012457636229152528,9.272383729244923e-09,0.0065305111004689735,0.001006968202828033,25.575179697968142
17,blocks.3.mlp.fc2,mlp,dp_kfc,0.001,0.024402131508159,0.00047807824340622454,0.0013274216392665753,0.03369397168243926,0.3797543959411874,0.0003133991816232216,2.19310613713596,0.001567982571941684,3.969623552746151e-06,2.6301500005129495e-05,0.00041414126132440453,0.03714542258304292,-4.0105619752653645e-10,0.06422743549594544,0.04098002666962285,0.6377621906611292
17,blocks.4.attn.q_proj,attention_qkv,dp_kfc,0.001,0.99358549328048,0.06711985325830014,0.27746005344008706,1.7369883836119397,18.327171635258825,-2.5785512105560694e-08,26.224230261783962,4.581061829068515e-08,3.653062691968964e-10,1.6364336310382657e-09,1.268001270937791e-08,1.3035210422721218e-06,1.9376613653543635e-10,2.918695088583362e-06,0.0010064559182505187,21829.00029103807
17,blocks.4.attn.k_proj,attention_qkv,dp_kfc,0.001,0.99358549328048,0.06711985325830014,0.27746005344008706,1.7369883836119397,18.327171635258825,-2.5785512105560694e-08,26.224230261783962,3.926369772641486e-09,1.1032479529553735e-11,9.804573179812341e-11,9.425945141799167e-10,1.852314758351688e-07,5.084549396761161e-12,2.8241840707330906e-07,0.0010064559182505187,254688.18728380866
17,blocks.4.attn.v_proj,attention_qkv,dp_kfc,0.001,0.99358549328048,0.06711985325830014,0.27746005344008706,1.7369883836119397,18.327171635258825,-2.5785512105560694e-08,26.224230261783962,7.865415868243038e-07,4.149164815997764e-10,8.624836049780181e-09,1.9037549509628023e-07,2.0835226432259803e-05,9.39303626248471e-11,3.405137355514212e-05,0.0010064559182505187,1271.3885912091998
17,blocks.4.attn.out_proj,attention_out,dp_kfc,0.001,0.007178378283812839,3.8791638222002745e-06,7.483365664382782e-05,0.0010502390880624793,0.0031126116944195743,8.396455470173441e-07,1.320907499439106,0.0015660110373877008,3.7327944741501427e-06,2.554858506459287e-05,0.00040978622047232246,0.03702697881642851,-4.125336750226613e-10,0.06416665286388322,0.1393072307508492,0.6385651033904098
17,blocks.4.mlp.fc1,mlp,dp_kfc,0.001,0.9942346749528085,0.06704418013298284,0.2758665108481699,1.7342529824813162,18.321411682876168,-1.9075381318202792e-08,26.219260764548515,2.7598871466481358e-05,1.4088644105857375e-08,9.762268808451441e-08,3.407309132122233e-06,0.0009013257661949531,7.207767309819052e-09,0.004528084051144153,0.0010057987567648103,36.23336560027439
17,blocks.4.mlp.fc2,mlp,dp_kfc,0.001,0.024294778602912306,0.00045513492085359677,0.00128428868843214,0.03345935658784833,0.3820092853267744,0.0003046200529369357,2.318512681424166,0.0011514378240917722,3.3550224355335975e-06,2.0221440579485074e-05,0.00026351210229702977,0.025868685227570704,-3.176926148995739e-10,0.051652936892630744,0.0411611077567147,0.8684793734205989
17,blocks.5.attn.q_proj,attention_qkv,dp_kfc,0.001,0.9940698086597759,0.061432236091376734,0.2708856283219049,1.7629622793818136,18.18127149473107,1.636136510106846e-08,24.899529234552908,3.151672212098333e-08,2.724208323437753e-10,1.193405535322688e-09,9.38633598771321e-09,6.133858015088153e-07,1.2198566363410644e-10,2.435656945463879e-06,0.0010059655683017064,31729.187958103546
17,blocks.5.attn.k_proj,attention_qkv,dp_kfc,0.001,0.9940698086597759,0.061432236091376734,0.2708856283219049,1.7629622793818136,18.18127149473107,1.636136510106846e-08,24.899529234552908,2.9141139704583438e-09,9.149327092648065e-12,8.321709609373011e-11,9.087140822436052e-10,1.1260037607591063e-07,3.595196494069136e-12,2.1626133998741494e-07,0.0010059655683017064,343157.4777573699
17,blocks.5.attn.v_proj,attention_qkv,dp_kfc,0.001,0.9940698086597759,0.061432236091376734,0.2708856283219049,1.7629622793818136,18.18127149473107,1.636136510106846e-08,24.899529234552908,5.550855285048801e-07,3.306474456804098e-10,7.136556913410257e-09,1.2828115166490024e-07,1.4051872870623894e-05,7.296248452250686e-11,2.282817044860795e-05,0.0010059655683017064,1801.5241771722901
17,blocks.5.attn.out_proj,attention_out,dp_kfc,0.001,0.00811865136109973,3.6070221081053e-06,7.315363694009229e-05,0.0011603152171569188,0.0033990942620218496,9.708764279457938e-07,1.4988961957470492,0.0011509058349474799,3.291397747425949e-06,1.983403602761992e-05,0.0002636412509684028,0.025879116146803115,-3.8016257678331977e-10,0.05165905711454446,0.12317316701040638,0.8688808151238835
17,blocks.5.mlp.fc1,mlp,dp_kfc,0.001,0.9940113178188937,0.06122389980412553,0.27048842390804384,1.7595360362290284,18.158811421654743,9.164070212687822e-09,24.87987320246611,2.1640864444653442e-05,1.21255297310797e-08,8.788608009562012e-08,2.839628760031587e-06,0.0007314238859047471,5.7022322989529994e-09,0.003961680155088359,0.0010060247625693507,46.208874999309856
17,blocks.5.mlp.fc2,mlp,dp_kfc,0.001,0.024426172377834742,0.00044762718834382293,0.0012623160312720781,0.032168484086200065,0.3724221663584192,0.00028200593284342435,2.4047233809880666,0.0008716321006734991,2.717429166737504e-06,1.5381884357355054e-05,0.00018572720057047327,0.019444862308570843,-2.9634328964527503e-10,0.03963614900892281,0.040939693069039294,1.1472730286405386
17,blocks.6.attn.q_proj,attention_qkv,dp_kfc,0.001,0.9938765231500636,0.056644739516051194,0.255874096453849,1.820232834045979,18.126576042990845,-1.58551970013047e-08,24.779288473415225,2.473185315108687e-08,1.926424354900068e-10,9.028737894727702e-10,7.144924494489174e-09,4.976421943441605e-07,8.899972800789222e-11,2.1472230056452962e-06,0.0010061612048451736,40433.68662635189
17,blocks.6.attn.k_proj,attention_qkv,dp_kfc,0.001,0.9938765231500636,0.056644739516051194,0.255874096453849,1.820232834045979,18.126576042990845,-1.58551970013047e-08,24.779288473415225,2.781681513675087e-09,8.03304651540506e-12,7.765084589662872e-11,9.189695312880114e-10,1.2910781867382643e-07,3.5598305175007928e-12,2.046090309745153e-07,0.0010061612048451736,359494.78582788055
17,blocks.6.attn.v_proj,attention_qkv,dp_kfc,0.001,0.9938765231500636,0.056644739516051194,0.255874096453849,1.820232834045979,18.126576042990845,-1.58551970013047e-08,24.779288473415225,4.3438487840052886e-07,2.7564049928823233e-10,5.449841055962228e-09,8.61902908469894e-08,9.831150961162014e-06,7.504353200318995e-11,2.006726170438386e-05,0.0010061612048451736,2302.1059197137615
17,blocks.6.attn.out_proj,attention_out,dp_kfc,0.001,0.008387896301975194,3.3144315267310858e-06,7.393246875081983e-05,0.0011793735800799735,0.0036831621276302885,8.36632056177958e-07,1.5468559181480706,0.0008706519424019158,2.6836735435912333e-06,1.5026269102925168e-05,0.00018567284111136752,0.01946957796846059,-3.1996725706824136e-10,0.0394888684915351,0.1192194042461539,1.148564600041257
17,blocks.6.mlp.fc1,mlp,dp_kfc,0.001,0.9921644553928178,0.056806599361369545,0.25617099033457047,1.8165938674503535,18.04709193590149,-1.3229003062738423e-08,24.658508957484077,1.585510942791098e-05,1.0267765554684748e-08,7.68063114493343e-08,2.2716905451014145e-06,0.0005801478252675459,4.888605940303257e-09,0.0025242069644056367,0.001007897425234892,63.07115094643386
17,blocks.6.mlp.fc2,mlp,dp_kfc,0.001,0.024581963019578757,0.0004408887707264233,0.0012820718782003626,0.031969787465145665,0.3797679730234948,0.00029218707213912054,2.3809845754895687,0.0006289892537552078,2.0104916298295757e-06,1.0609143040474091e-05,0.00012592044917240583,0.015363792350567597,-1.9232910322032344e-10,0.02644361208898178,0.04068023368205101,1.589852281306516
17,blocks.7.attn.q_proj,attention_qkv,dp_kfc,0.001,0.994301513686699,0.05158579096024363,0.245269896478114,1.8666997626561768,18.145990605356914,-1.5494668572365538e-08,24.152936434406065,1.817553834694563e-08,1.2617972866181063e-10,5.955828783812238e-10,4.664938176377408e-09,4.295415075272834e-07,6.278903238685204e-11,1.2702627456615456e-06,0.0010057311451655867,55019.00306397518
17,blocks.7.attn.k_proj,attention_qkv,dp_kfc,0.001,0.994301513686699,0.05158579096024363,0.245269896478114,1.8666997626561768,18.145990605356914,-1.5494668572365538e-08,24.152936434406065,1.560248922465382e-09,6.9499703342684246e-12,7.024841468251855e-11,8.648972142401901e-10,6.88039760729244e-08,2.81983741015301e-12,1.0080856339672575e-07,0.0010057311451655867,640923.3716501333
17,blocks.7.attn.v_proj,attention_qkv,dp_kfc,0.001,0.994301513686699,0.05158579096024363,0.245269896478114,1.8666997626561768,18.145990605356914,-1.5494668572365538e-08,24.152936434406065,3.0933311155149446e-07,1.618992229857687e-10,3.64670038962281e-09,5.7213985249860125e-08,8.413781148548466e-06,3.2695019158874016e-11,1.3638470502048803e-05,0.0010057311451655867,3232.7609384730567
17,blocks.7.attn.out_proj,attention_out,dp_kfc,0.001,0.008702450533068156,3.4281954868298822e-06,7.237210514598243e-05,0.0012343565811022506,0.004233941270341597,8.000036800613902e-07,1.605774947834525,0.000628786403998068,1.9586143727859994e-06,1.0432695183714015e-05,0.00012590415061979607,0.01537571368282609,-2.804544707412413e-10,0.02644479552374567,0.11491016193658704,1.5903651759033146
17,blocks.7.mlp.fc1,mlp,dp_kfc,0.001,0.9941364838669338,0.05197520208142809,0.24379883280251194,1.8591250366835363,18.17678353367192,-7.041827684699063e-08,24.113290359941843,1.0940413135549868e-05,8.274477698644157e-09,6.598561667457155e-08,1.7220956628786378e-06,0.0003950616425723173,3.674741814752598e-09,0.002021949861828892,0.001005898099736023,91.40422647757165
17,blocks.7.mlp.fc2,mlp,dp_kfc,0.001,0.024410371684380875,0.000424312818578099,0.0012344011384755823,0.03130593958096987,0.38296592654803246,0.0002807929916433901,2.4759545470021664,0.0004670963487948635,1.3301332224205588e-06,6.824957998080874e-06,7.737781591528652e-05,0.010784070079586709,-1.8371565287754703e-10,0.02113895315700915,0.040966193097332314,2.140885927667942
17,blocks.8.attn.q_proj,attention_qkv,dp_kfc,0.001,0.9927212670059402,0.04848722629054335,0.2387303896469584,1.7978409379110882,18.314963863774356,-4.585740252009986e-08,24.794502739306946,1.3108595538329399e-08,9.601907341833283e-11,4.622798185015864e-10,3.608546568901741e-09,4.0691901347391616e-07,4.7073511976826177e-11,6.169012853635445e-07,0.0010073321014024536,76285.8230750968
17,blocks.8.attn.k_proj,attention_qkv,dp_kfc,0.001,0.9927212670059402,0.04848722629054335,0.2387303896469584,1.7978409379110882,18.314963863774356,-4.585740252009986e-08,24.794502739306946,1.260872767161238e-09,6.114717217390311e-12,5.602127020826184e-11,6.479303512549203e-10,5.9049541636568506e-08,2.4694729128378787e-12,7.972358532079684e-08,0.0010073321014024536,793101.4342164168
17,blocks.8.attn.v_proj,attention_qkv,dp_kfc,0.001,0.9927212670059402,0.04848722629054335,0.2387303896469584,1.7978409379110882,18.314963863774356,-4.585740252009986e-08,24.794502739306946,2.1684212131445335e-07,1.2176137326506006e-10,2.299636503488907e-09,3.487380508589204e-08,5.202050586007748e-06,2.5786506808672083e-11,9.647541914585156e-06,0.0010073321014024536,4611.650144068878
17,blocks.8.attn.out_proj,attention_out,dp_kfc,0.001,0.008468266642879252,3.2675866540229456e-06,6.680271411412602e-05,0.0012256903492963692,0.0046486085695406085,8.091710508359292e-07,1.556728694074972,0.0004663865317600842,1.3230488617528702e-06,6.5094825309367685e-06,7.707548896773333e-05,0.010774863973862089,-1.9358176801978565e-10,0.02110386594317224,0.11808792072470632,2.1441442492477765
17,blocks.8.mlp.fc1,mlp,dp_kfc,0.001,0.993976002684529,0.04871594449258679,0.2385286763772143,1.7982718617492734,18.29671394814368,-2.3047959349089908e-08,24.780529320015706,8.771134795202787e-06,5.988308422669378e-09,4.984047973557866e-08,1.289434742747778e-06,0.0002986661178614797,2.71808359285534e-09,0.0015343306671515193,0.0010060605057860565,114.01033313807147
17,blocks.8.mlp.fc2,mlp,dp_kfc,0.001,0.024385232360905184,0.00041958757563836593,0.0012263985128344724,0.030469219605232856,0.41272062264380033,0.0002773489681327249,2.515996703376749,0.000362394118648505,9.467531607740066e-07,4.514703223384127e-06,4.6895430809685036e-05,0.008910604202705128,-1.3840901824498945e-10,0.015576857943123591,0.041008426132662854,2.7594266809002073
17,blocks.9.attn.q_proj,attention_qkv,dp_kfc,0.001,0.9928946383876505,0.04621675592116937,0.22787720611183435,1.7768517682461586,18.529107458315746,-4.7141586235424655e-08,25.460000346381534,8.900386227796615e-09,7.356048280029184e-11,3.5028342797658654e-10,2.888208496538131e-09,2.612288771201693e-07,3.404260666379105e-11,4.951104935662907e-07,0.0010071562090655337,112354.67477545193
17,blocks.9.attn.k_proj,attention_qkv,dp_kfc,0.001,0.9928946383876505,0.04621675592116937,0.22787720611183435,1.7768517682461586,18.529107458315746,-4.7141586235424655e-08,25.460000346381534,1.0268131820072995e-09,5.192232331576498e-12,4.977993878321981e-11,5.981078365666486e-10,4.637322821061583e-08,2.0346858013337828e-12,6.213512561489995e-08,0.0010071562090655337,973886.9908595418
17,blocks.9.attn.v_proj,attention_qkv,dp_kfc,0.001,0.9928946383876505,0.04621675592116937,0.22787720611183435,1.7768517682461586,18.529107458315746,-4.7141586235424655e-08,25.460000346381534,1.6155181222406628e-07,7.917079786193997e-11,1.6372306541423414e-09,2.0333149988753992e-08,4.0436723873367174e-06,1.701830203591212e-11,7.06870048089012e-06,0.0010071562090655337,6189.9646078438145
17,blocks.9.attn.out_proj,attention_out,dp_kfc,0.001,0.008974363502456416,3.2679634169001984e-06,6.607050242805333e-05,0.001281939108940462,0.004694023168265215,8.036260384377692e-07,1.6515914639238412,0.0003625543688106821,9.21629708026035e-07,4.408544172564925e-06,4.671023339355974e-05,0.00892059724785745,-1.686765790722129e-10,0.015590074312950671,0.1114285152062634,2.7582070056978902
17,blocks.9.mlp.fc1,mlp,dp_kfc,0.001,0.9934202228803092,0.046320246992577356,0.22848299254306007,1.7708396416582401,18.45173331328268,-4.804694188539168e-09,25.529749712286655,6.6577476215088725e-06,4.616009490218818e-09,4.2022606165666375e-08,1.0216659456405718e-06,0.00024825325351261036,2.0279158664611995e-09,0.0011072192656446406,0.0010066233573347374,150.2009473548302
17,blocks.9.mlp.fc2,mlp,dp_kfc,0.001,0.023496043460228044,0.0003938019905134334,0.0011641166550750179,0.029004933461135956,0.3845112834612022,0.0002516824358953439,2.4706786800180356,0.00027670417076327186,5.512621194789971e-07,2.6020813277142095e-06,2.7354343023980723e-05,0.006585647515182191,-1.3403274977786982e-10,0.011549452966378937,0.042560357095555626,3.6139679327621264
17,blocks.10.attn.q_proj,attention_qkv,dp_kfc,0.001,0.9920458382893104,0.04341082264438395,0.22105035284694866,1.7690480872752743,18.65341694409063,-6.344100335620972e-08,24.698800004562372,7.441816200018843e-09,5.43177101864914e-11,2.686405399183013e-10,2.013987898898127e-09,2.3107929738507372e-07,2.670473131597718e-11,4.5206996433516837e-07,0.0010080179376836113,134375.79928371086
17,blocks.10.attn.k_proj,attention_qkv,dp_kfc,0.001,0.9920458382893104,0.04341082264438395,0.22105035284694866,1.7690480872752743,18.65341694409063,-6.344100335620972e-08,24.698800004562372,6.3186945187139e-10,3.948837838866318e-12,3.8221473253048484e-11,5.299361334839735e-10,2.479221776755681e-08,1.6677236350751814e-12,3.686539543552678e-08,0.0010080179376836113,1582605.389512546
17,blocks.10.attn.v_proj,attention_qkv,dp_kfc,0.001,0.9920458382893104,0.04341082264438395,0.22105035284694866,1.7690480872752743,18.65341694409063,-6.344100335620972e-08,24.698800004562372,1.214204134088644e-07,4.769515024423653e-11,9.533873623095031e-10,1.2911152131259358e-08,3.0608832919577646e-06,9.664337796498065e-12,5.209022102391196e-06,0.0010080179376836113,8235.847432281878
17,blocks.10.attn.out_proj,attention_out,dp_kfc,0.001,0.009551636854016556,3.0891275761925694e-06,6.178977289673269e-05,0.0013975647863569644,0.00534324613978489,7.796536954911614e-07,1.7565556255391959,0.0002766903187800077,5.378462559213787e-07,2.5053769750518645e-06,2.7326044661175097e-05,0.006587003225527303,-1.9161742085185765e-10,0.011555228638534006,0.1046940974917289,3.614148859306801
17,blocks.10.mlp.fc1,mlp,dp_kfc,0.001,0.9934773369465467,0.04337641772774441,0.22121267021589985,1.7671351608013983,18.63738596065506,1.1553817907371903e-08,24.738423063898807,5.164162789024947e-06,3.12471066541936e-09,3.104163809206943e-08,7.476799874850908e-07,0.00023897581303734401,1.3467020705602426e-09,0.000786687665776294,0.0010065654875163039,193.64223028081798
17,blocks.10.mlp.fc2,mlp,dp_kfc,0.001,0.024339257221140928,0.00038829863253692705,0.0011724282493629692,0.02842053745464363,0.3874626042826935,0.0002547359552786996,2.6489166913733078,0.00021245399648250896,2.477054993660951e-07,1.2111351314483076e-06,1.64083035008411e-05,0.005224144333957807,-1.3992562148322666e-10,0.008492358768859589,0.041085888156496664,4.706901336555129
17,blocks.11.attn.q_proj,attention_qkv,dp_kfc,0.001,0.994269751514178,0.04209835286360569,0.21294860387732029,1.77541407500643,18.857845218985346,-2.4966344843913157e-08,24.438186453047177,5.362328629165043e-09,4.1515588672123256e-11,1.94996359731724e-10,1.4732801530208331e-09,1.4916570481717648e-07,1.8937093737794978e-11,2.358751926206566e-07,0.0010057632734749252,186486.14606742366
17,blocks.11.attn.k_proj,attention_qkv,dp_kfc,0.001,0.994269751514178,0.04209835286360569,0.21294860387732029,1.77541407500643,18.857845218985346,-2.4966344843913157e-08,24.438186453047177,5.132018202691375e-10,3.093156153402329e-12,2.810151616114493e-11,4.5063619797426713e-10,2.0464511711673692e-08,1.0760079091568546e-12,2.9775621283454728e-08,0.0010057632734749252,1948551.155714085
17,blocks.11.attn.v_proj,attention_qkv,dp_kfc,0.001,0.994269751514178,0.04209835286360569,0.21294860387732029,1.77541407500643,18.857845218985346,-2.4966344843913157e-08,24.438186453047177,9.261218312609879e-08,1.9900045729269632e-11,4.324651502246676e-10,7.356741218582001e-09,2.414383675251747e-06,3.907672984791696e-12,3.743345271140251e-06,0.0010057632734749252,10797.715443533181
17,blocks.11.attn.out_proj,attention_out,dp_kfc,0.001,0.009212414142187115,2.7128285968443907e-06,6.191292143566509e-05,0.0013496866710780008,0.005462744085936089,7.509660073075525e-07,1.6926616985213572,0.0002123382836316523,2.277128622506973e-07,1.1327715145945477e-06,1.6363825508406633e-05,0.005223935258224366,-2.0108062426062298e-13,0.00848528651678379,0.10854917989635565,4.7094663425589385
17,blocks.11.mlp.fc1,mlp,dp_kfc,0.001,0.9932688622894683,0.042396198288592535,0.212324950117825,1.7728799786232232,18.824534372707543,-6.069940072994484e-08,24.379457725532436,4.500278679116694e-06,1.9853035323143897e-09,2.3063976925332236e-08,5.790901644265046e-07,0.0001987743903794635,7.533373601613057e-10,0.0007119023159228218,0.0010067767529679894,222.20846114273928
17,blocks.11.mlp.fc2,mlp,dp_kfc,0.001,0.024958825521219537,0.0003860749987457133,0.0011700865364519721,0.028585867475489978,0.3782842233683736,0.00022266825138837065,2.825020150795064,0.0001762032081652857,1.0390166433052677e-08,9.321022642592613e-08,9.295105856145282e-06,0.004030496719167509,5.928963721789349e-12,0.007184219870048898,0.040065987846656416,5.675265566458698
17,head,patch_head,dp_kfc,0.001,0.9922987194104517,0.0012226505670021339,0.008841177559610593,0.5266694992336549,3.310115620803267,-6.906943037432389e-08,152.8283722776341,0.10867248699069024,0.08383260010357264,0.0997497204598275,0.14424890061576584,0.2512945810620163,-1.6763807569087063e-09,0.2631885455560441,0.0010077610506180274,0.009201961119061056
18,patch_embed,patch_head,dp_kfc,0.001,0.25097329375880284,0.025397791304542523,0.04974987396032989,0.25933302850834755,4.185870944323349,0.016601760774548533,26.282995196759845,6.059232168809103e-05,4.675700648596794e-07,1.4419247830637267e-06,1.8321334259749795e-05,0.00166667324842675,5.817596647228305e-13,0.003592119387788422,0.00398448769198944,16.50374126853341
18,blocks.0.attn.q_proj,attention_qkv,dp_kfc,0.001,0.9946014278910938,0.11802392451295203,0.34208563519265056,1.621757727747402,19.49884704773539,-3.3558413386503854e-09,24.623082449302217,2.928506685447492e-06,3.2309500933722384e-08,1.2878305903470678e-07,9.59021625700441e-07,6.762727147377598e-05,1.554974983908556e-08,0.00023082171353189164,0.0010054278748828594,341.47096367211964
18,blocks.0.attn.k_proj,attention_qkv,dp_kfc,0.001,0.9946014278910938,0.11802392451295203,0.34208563519265056,1.621757727747402,19.49884704773539,-3.3558413386503854e-09,24.623082449302217,2.69521600832267e-07,4.000748344040818e-12,1.495187426994852e-11,7.574809798072688e-11,1.3930662557443927e-05,1.8039877705354498e-12,2.3675579376635538e-05,0.0010054278748828594,3710.2777547775695
18,blocks.0.attn.v_proj,attention_qkv,dp_kfc,0.001,0.9946014278910938,0.11802392451295203,0.34208563519265056,1.621757727747402,19.49884704773539,-3.3558413386503854e-09,24.623082449302217,4.663613531855996e-05,2.4502496347985374e-08,4.227729071616771e-07,1.2977768741290334e-05,0.0011196771681439097,5.250222135296785e-09,0.002691353059678889,0.0010054278748828594,21.442600103315726
18,blocks.0.attn.out_proj,attention_out,dp_kfc,0.001,0.005929933684314674,5.720647307257075e-06,9.323747312931648e-05,0.0007651908917625223,0.00213529440210801,1.3464432857228483e-06,1.0941316777334384,0.1061648897981892,0.00018733219025620005,0.001066392947547201,0.028789214216348565,2.611521674631293,-6.94117039102167e-08,6.011040278920876,0.16863594995085862,0.009419309923468282
18,blocks.0.mlp.fc1,mlp,dp_kfc,0.001,0.9924890423685776,0.11818323169149858,0.34048594699591356,1.6166849666101348,19.40439603946418,-3.4186164711187476e-08,24.582420752362705,0.00016577130992205072,7.709734409133774e-08,4.6617042688772585e-07,1.4059979713073941e-05,0.004390284643056552,3.86683792929189e-08,0.035224602206906507,0.001007567799049446,6.032406937426155
18,blocks.0.mlp.fc2,mlp,dp_kfc,0.001,0.024948466607939902,0.0005470696975503567,0.0014363979534880594,0.03759755284649534,0.4003294022910666,0.0003784594187128357,2.237848653967886,0.007096286302233541,1.3972675033726566e-05,8.52229069068009e-05,0.00198365283110223,0.17500314208221956,-1.6524516672778396e-09,0.36411656448115187,0.04008262374256492,0.14091877883862325
18,blocks.1.attn.q_proj,attention_qkv,dp_kfc,0.001,0.9936096961634147,0.0978713179724032,0.317322230964388,1.5954497017838456,19.635812946509176,-4.7939220533630704e-08,25.429883457747234,2.540616202140189e-07,2.305124049518006e-09,9.296032821624023e-09,5.7702039876421125e-08,5.612378538625426e-06,1.1317392190061178e-09,2.1426057711296687e-05,0.0010064314024523513,3936.0529904422806
18,blocks.1.attn.k_proj,attention_qkv,dp_kfc,0.001,0.9936096961634147,0.0978713179724032,0.317322230964388,1.5954497017838456,19.635812946509176,-4.7939220533630704e-08,25.429883457747234,2.2578402627861555e-08,4.622400948439525e-11,3.8746973870250955e-10,2.9383179834263355e-09,1.1365792357303885e-06,2.034774732637343e-11,1.5945652376105794e-06,0.0010064314024523513,44290.11283402346
18,blocks.1.attn.v_proj,attention_qkv,dp_kfc,0.001,0.9936096961634147,0.0978713179724032,0.317322230964388,1.5954497017838456,19.635812946509176,-4.7939220533630704e-08,25.429883457747234,3.475432267308065e-06,1.7473571638582593e-09,3.385324290342178e-08,9.276778337926536e-07,9.025580439554131e-05,4.260940722424916e-10,0.00016468735671554328,0.0010064314024523513,287.73399194298247
18,blocks.1.attn.out_proj,attention_out,dp_kfc,0.001,0.00612952118788344,4.662743431425801e-06,8.669634352344976e-05,0.0008285195289508609,0.0022108485454103324,1.0222950093602422e-06,1.1301770059472387,0.007092161026472846,1.3370010877403905e-05,8.217687656894711e-05,0.0019864655597074516,0.17499718359076594,-2.3667131103278394e-09,0.3628783036169193,0.1631448802194786,0.141000746636647
18,blocks.1.mlp.fc1,mlp,dp_kfc,0.001,0.9923721616749936,0.09790783155278328,0.31826441155330726,1.5919987702221643,19.59126001300672,1.426094012315019e-08,25.409489206018854,7.998232307896794e-05,3.8944165483178706e-08,2.3844248243376495e-07,7.6271987154969e-06,0.002273744873008054,1.963419006277481e-08,0.015359668318702658,0.0010076864694714245,12.50276262934602
18,blocks.1.mlp.fc2,mlp,dp_kfc,0.001,0.024320442809617954,0.0005132633454513481,0.001356524341818996,0.036100775694077214,0.43546098374798725,0.0003462547267386437,2.0236095711374573,0.003312705983868606,6.141776287704459e-06,4.4013880907857794e-05,0.0009137281678341986,0.0769008068523852,-7.594293899780925e-10,0.16533589432445137,0.04111767239717083,0.30186802114934197
18,blocks.2.attn.q_proj,attention_qkv,dp_kfc,0.001,0.9929108789547738,0.08334318445515361,0.3001452596536554,1.6762908376494943,18.600808844617873,-3.331328683061573e-08,26.030064001678213,1.0258024025118957e-07,9.271941999974053e-10,3.862390882202159e-09,2.78987806220552e-08,2.349077310126543e-06,5.027477998484916e-10,7.970886767463523e-06,0.0010071397354943768,9748.46615246062
18,blocks.2.attn.k_proj,attention_qkv,dp_kfc,0.001,0.9929108789547738,0.08334318445515361,0.3001452596536554,1.6762908376494943,18.600808844617873,-3.331328683061573e-08,26.030064001678213,9.601464042088604e-09,2.066762284427323e-11,1.655559994866406e-10,1.4000932470425653e-09,3.7584143158797376e-07,8.24977740787075e-12,8.275003814021879e-07,0.0010071397354943768,104150.78321560535
18,blocks.2.attn.v_proj,attention_qkv,dp_kfc,0.001,0.9929108789547738,0.08334318445515361,0.3001452596536554,1.6762908376494943,18.600808844617873,-3.331328683061573e-08,26.030064001678213,1.8131569401447223e-06,8.168165414389411e-10,1.6492869462939844e-08,3.9551607301706764e-07,4.3177096459487645e-05,2.2428609501546774e-10,9.3529398550128e-05,0.0010071397354943768,551.5242381170723
18,blocks.2.attn.out_proj,attention_out,dp_kfc,0.001,0.006466146048829152,4.198925594557225e-06,8.008587636053616e-05,0.0009390100292054872,0.0025672232101072888,1.1449762365785617e-06,1.1909010015631674,0.0033066463511204347,5.919169184315117e-06,4.215874163353114e-05,0.0009123590676640167,0.07696636003570484,-7.043959191353887e-10,0.1648414625463015,0.15465162593738097,0.3024212128585075
18,blocks.2.mlp.fc1,mlp,dp_kfc,0.001,0.9927823389132406,0.08333835640091339,0.30001003182345504,1.6725820410589445,18.60473856737268,-1.883932350052639e-08,25.995128961931016,5.38358382658477e-05,2.3117401540580933e-08,1.463163134988029e-07,5.28482834357725e-06,0.0015977961000995587,8.794575188932701e-09,0.011023092340139203,0.0010072701344532985,18.574987075744644
18,blocks.2.mlp.fc2,mlp,dp_kfc,0.001,0.024880429900581955,0.0005001694293820209,0.0013724864249934916,0.034969772383552124,0.39988872705784817,0.0003407500654952947,2.3666359215597037,0.002168337428884115,4.490441233838721e-06,3.082054618284409e-05,0.0004999095380345804,0.04805415054434144,-5.548365767906602e-10,0.11105763765280986,0.040192231564962225,0.46118283375970087
18,blocks.3.attn.q_proj,attention_qkv,dp_kfc,0.001,0.9931175741198149,0.07598239666851894,0.2944769446759228,1.727344136595414,18.07901635019604,-2.4402358334750366e-08,26.497255130194855,9.571706927752333e-08,6.453239000277178e-10,2.8457223498943594e-09,2.092285443588634e-08,2.119540691306288e-06,3.382610938435752e-10,8.464635464103812e-06,0.0010069301219307139,10447.457361033348
18,blocks.3.attn.k_proj,attention_qkv,dp_kfc,0.001,0.9931175741198149,0.07598239666851894,0.2944769446759228,1.727344136595414,18.07901635019604,-2.4402358334750366e-08,26.497255130194855,7.157667484032857e-09,1.7030340653241976e-11,1.2879708368694554e-10,1.3127667386079534e-09,3.3753372121785124e-07,6.3415665921056415e-12,5.606540056164114e-07,0.0010069301219307139,139710.31795354767
18,blocks.3.attn.v_proj,attention_qkv,dp_kfc,0.001,0.9931175741198149,0.07598239666851894,0.2944769446759228,1.727344136595414,18.07901635019604,-2.4402358334750366e-08,26.497255130194855,1.1601286178386516e-06,5.441675754664345e-10,1.0947492809275031e-08,2.7072794796566103e-07,2.6611050526832677e-05,1.3223879850918312e-10,6.26862492937736e-05,0.0010069301219307139,861.9733921080448
18,blocks.3.attn.out_proj,attention_out,dp_kfc,0.001,0.006850381194444378,4.104948562671508e-06,7.625731996629325e-05,0.0009375877173783141,0.0029988198463901366,9.70620351145792e-07,1.2612943430573231,0.0021665778367605526,4.328391737497983e-06,3.0374930617167214e-05,0.0004965452073095453,0.04798608309112193,-7.153754317992196e-10,0.11091711996191861,0.1459772779960033,0.46155738466114415
18,blocks.3.mlp.fc1,mlp,dp_kfc,0.001,0.9927622987816371,0.07540459912359129,0.2936564840281397,1.7204950398728869,18.05727028826443,-1.2429934228347458e-08,26.445899886307245,3.6642656200301195e-05,1.6344592476343802e-08,1.0848637132848703e-07,4.058446466106e-06,0.001146692589125912,8.723388768179028e-09,0.007163858923180543,0.0010072904674434608,27.29059799960081
18,blocks.3.mlp.fc2,mlp,dp_kfc,0.001,0.024529922031767192,0.00047886505298911383,0.0013270553908399086,0.034125332871051274,0.37586096115283335,0.00031659200174625704,2.2514517879278246,0.001458672430696121,3.550236741901587e-06,2.2974746825416532e-05,0.0003406867860502892,0.03389148381508954,-2.9816741279060325e-10,0.06918843579035291,0.04076653805523563,0.6855548778163791
18,blocks.4.attn.q_proj,attention_qkv,dp_kfc,0.001,0.9928192774248865,0.06654051465467764,0.27720127295303715,1.7236190570713719,18.175173531457915,5.379927239028012e-09,26.61290567133972,4.372377269967753e-08,3.37948503888115e-10,1.539958281664791e-09,1.2614822617124166e-08,1.0507659408044173e-06,1.7085611499474405e-10,2.8730617008719396e-06,0.0010072326582877586,22870.853502707352
18,blocks.4.attn.k_proj,attention_qkv,dp_kfc,0.001,0.9928192774248865,0.06654051465467764,0.27720127295303715,1.7236190570713719,18.175173531457915,5.379927239028012e-09,26.61290567133972,3.798010644699701e-09,1.0356272494772587e-11,8.918667508927223e-11,8.632353956583481e-10,1.8180576287088136e-07,4.425996546807683e-12,2.9262740956604667e-07,0.0010072326582877586,263295.73388519755
18,blocks.4.attn.v_proj,attention_qkv,dp_kfc,0.001,0.9928192774248865,0.06654051465467764,0.27720127295303715,1.7236190570713719,18.175173531457915,5.379927239028012e-09,26.61290567133972,7.546814565865626e-07,3.674993113063483e-10,7.689852506185308e-09,1.8079859089308576e-07,1.7334509545737656e-05,8.096760869571438e-11,3.949889314612531e-05,0.0010072326582877586,1325.062370716007
18,blocks.4.attn.out_proj,attention_out,dp_kfc,0.001,0.007131962214356501,4.002118064879651e-06,7.45840875104301e-05,0.001054848845508305,0.0032090870126662333,8.949619768508603e-07,1.3116937217870677,0.0014567865985857982,3.501676618060141e-06,2.2404485029327063e-05,0.0003367348807449375,0.03381258562698948,-5.609248444781432e-10,0.06910048557201355,0.1402138668075133,0.6864423388921672
18,blocks.4.mlp.fc1,mlp,dp_kfc,0.001,0.9936603665969532,0.06641558542266296,0.276387447554026,1.7220211279263697,18.19231579360607,-2.6624486188222523e-08,26.60007407673586,2.5823272420205656e-05,1.2720466108841157e-08,8.856530904575755e-08,3.0186816032665946e-06,0.0009019746911768607,6.018945476617014e-09,0.004677982563471174,0.0010063800807762501,38.72475895880419
18,blocks.4.mlp.fc2,mlp,dp_kfc,0.001,0.024463513704992938,0.0004548797447564053,0.001295477173646237,0.033781539809297004,0.38217314209774556,0.0003077700096794143,2.3482394603535064,0.0010758532361402708,2.9764988857664673e-06,1.8033718425107238e-05,0.0002306145101743404,0.02409231789360711,-3.3404549618392147e-10,0.053491133803288946,0.040877202353638294,0.9294948106375533
18,blocks.5.attn.q_proj,attention_qkv,dp_kfc,0.001,0.9935528620537081,0.06116473881589132,0.2690490631748369,1.7688520008936683,18.19721062871897,-5.512768448578852e-09,25.231554603379283,2.968417103556738e-08,2.453736023527508e-10,1.079192311454496e-09,8.23703523160298e-09,5.577926400854029e-07,1.1878523495307335e-10,2.414121289488802e-06,0.0010064889732519773,33687.98807963364
18,blocks.5.attn.k_proj,attention_qkv,dp_kfc,0.001,0.9935528620537081,0.06116473881589132,0.2690490631748369,1.7688520008936683,18.19721062871897,-5.512768448578852e-09,25.231554603379283,2.7824783218240628e-09,8.213901768449984e-12,7.720781988009511e-11,8.126762040856238e-10,1.1455904544924987e-07,3.3019156025087592e-12,2.0962984318690554e-07,0.0010064889732519773,359391.83861976926
18,blocks.5.attn.v_proj,attention_qkv,dp_kfc,0.001,0.9935528620537081,0.06116473881589132,0.2690490631748369,1.7688520008936683,18.19721062871897,-5.512768448578852e-09,25.231554603379283,5.315861615340367e-07,2.906639680605116e-10,6.273442057463757e-09,1.1671739622595111e-07,1.1617604207427186e-05,7.346407520509027e-11,2.4922023020168308e-05,0.0010064889732519773,1881.1625891731785
18,blocks.5.attn.out_proj,attention_out,dp_kfc,0.001,0.008055185563615017,3.6505011629199127e-06,7.382686218944944e-05,0.0011326819059325492,0.003440617700957863,1.0377383117606813e-06,1.4864372637920107,0.0010753603834624905,2.9336934374700243e-06,1.764012564569994e-05,0.0002309301128108966,0.024104688504207154,-3.40779607759917e-10,0.053506862183164895,0.12414363295576504,0.9299208110867522
18,blocks.5.mlp.fc1,mlp,dp_kfc,0.001,0.9937131318403649,0.06094867639316451,0.2692392158218873,1.7675744019143187,18.187144118885296,-1.9970913150926907e-08,25.22183611882808,2.032030627420004e-05,1.099623143425266e-08,7.914127273698684e-08,2.537602069510209e-06,0.0006958065652275178,5.367330309654519e-09,0.004475889012930526,0.0010063266429296267,49.21185667706514
18,blocks.5.mlp.fc2,mlp,dp_kfc,0.001,0.024537492940088515,0.0004457805343362972,0.001265132624448433,0.03232131667778712,0.37125050762001094,0.00027896681385505064,2.4243850918230656,0.0008303637197665618,2.356224186457748e-06,1.3347104346029704e-05,0.00015684640821609402,0.018339891259986647,-1.9114754332061489e-10,0.045338751832994906,0.040753959764415634,1.2042915365824602
18,blocks.6.attn.q_proj,attention_qkv,dp_kfc,0.001,0.9932699774831071,0.055889643035569106,0.2541812183643127,1.8449545144347923,18.30931720137292,-1.600598572870141e-08,25.175921370272874,2.449589523815613e-08,1.845875700416721e-10,8.62022751907318e-10,6.846919125676334e-09,4.5290469954516733e-07,8.408256568422879e-11,2.2742264354492464e-06,0.0010067756226096217,40823.166096920024
18,blocks.6.attn.k_proj,attention_qkv,dp_kfc,0.001,0.9932699774831071,0.055889643035569106,0.2541812183643127,1.8449545144347923,18.30931720137292,-1.600598572870141e-08,25.175921370272874,2.694066857332015e-09,7.761916983424153e-12,7.413642815815452e-11,8.296109519617082e-10,1.1467012868302935e-07,3.208420496361277e-12,2.2443706555252386e-07,0.0010067756226096217,371186.0369309167
18,blocks.6.attn.v_proj,attention_qkv,dp_kfc,0.001,0.9932699774831071,0.055889643035569106,0.2541812183643127,1.8449545144347923,18.30931720137292,-1.600598572870141e-08,25.175921370272874,4.19571573521497e-07,2.503140998470784e-10,4.8684219454464376e-09,7.737846887099762e-08,9.393071448070597e-06,6.570416732282379e-11,2.3682641862092995e-05,0.0010067756226096217,2383.3835824646603
18,blocks.6.attn.out_proj,attention_out,dp_kfc,0.001,0.008241091183823452,3.189904059480397e-06,7.191065183321399e-05,0.001224940129039179,0.0036701767164469944,8.772112545634216e-07,1.5185730587594095,0.0008293219411825703,2.257474111468636e-06,1.303883041199151e-05,0.0001560075680258061,0.01836966802075101,-3.3628683744659066e-10,0.04518323992509539,0.12134315440689619,1.2058043449013922
18,blocks.6.mlp.fc1,mlp,dp_kfc,0.001,0.9920079851706411,0.056192259961912204,0.2541407711039885,1.847291720112164,18.244687184870436,1.4639361854022659e-09,25.065943091122435,1.4928762033211695e-05,9.154813631491052e-09,6.962132692573406e-08,1.9619680961561072e-06,0.0005716589757348654,4.520566234231631e-09,0.002854392797401946,0.0010080564017113068,66.98479068628207
18,blocks.6.mlp.fc2,mlp,dp_kfc,0.001,0.024651331484308092,0.00044034176250376154,0.0012846347687074898,0.031994292319425424,0.37376490714028715,0.000290571990370887,2.3809182529676898,0.0006006013118925087,1.771171814941752e-06,9.292028994312975e-06,0.00010462782978344101,0.01480737164889624,-2.0595816627422321e-10,0.03021743336812163,0.04056576013496692,1.6649980281411254
18,blocks.7.attn.q_proj,attention_qkv,dp_kfc,0.001,0.9939271966719258,0.05173119461032667,0.24342017992554638,1.8524486850165276,18.384683610712425,-2.3912907564115933e-08,24.633615072275358,1.7759673968710994e-08,1.2420577258564301e-10,5.840131611118581e-10,4.388594143711574e-09,4.19148483413985e-07,6.338662957868815e-11,1.2831738091308567e-06,0.001006109907595253,56307.33997492301
18,blocks.7.attn.k_proj,attention_qkv,dp_kfc,0.001,0.9939271966719258,0.05173119461032667,0.24342017992554638,1.8524486850165276,18.384683610712425,-2.3912907564115933e-08,24.633615072275358,1.4592631355306769e-09,6.445723829521676e-12,6.739927898484752e-11,7.622673921475183e-10,6.181027549708708e-08,2.7758906553116193e-12,9.942065701877222e-08,0.001006109907595253,685277.3674957115
18,blocks.7.attn.v_proj,attention_qkv,dp_kfc,0.001,0.9939271966719258,0.05173119461032667,0.24342017992554638,1.8524486850165276,18.384683610712425,-2.3912907564115933e-08,24.633615072275358,2.990993519339883e-07,1.4229436477364894e-10,3.176826209554589e-09,4.8140215198953996e-08,7.3898111364533385e-06,2.8527429643259384e-11,1.56952602588158e-05,0.001006109907595253,3343.3706677529067
18,blocks.7.attn.out_proj,attention_out,dp_kfc,0.001,0.008621163781608064,3.389457136416547e-06,7.06079230428705e-05,0.0012263489543290187,0.004356896476332111,8.105494295374143e-07,1.5896845069541,0.0006002667673783435,1.7680772006781824e-06,9.087490093308609e-06,0.00010364338424360727,0.014814036372259509,-2.562178588042553e-10,0.030205566709018142,0.11599362050554558,1.6659259754916729
18,blocks.7.mlp.fc1,mlp,dp_kfc,0.001,0.9936444266781288,0.05204949156384411,0.24248329857901635,1.8461055079645619,18.40869505696663,-3.5847784862305257e-09,24.59070849335178,1.075100415304231e-05,7.473703676546283e-09,5.993328752867812e-08,1.4951583141010331e-06,0.0003854419777528141,3.4295601325208257e-09,0.0023847597165133527,0.0010063962249988346,93.01456736178648
18,blocks.7.mlp.fc2,mlp,dp_kfc,0.001,0.024482060251672728,0.00042397478920289203,0.0012288185286406204,0.031006917437788058,0.38432595547385323,0.000284599499906267,2.4653202263387337,0.00045296302846509207,1.193659637267699e-06,5.957592409721863e-06,6.62372295123266e-05,0.010322822036141576,-1.477627529922338e-10,0.024395851600948634,0.040846235558613796,2.207685698739242
18,blocks.8.attn.q_proj,attention_qkv,dp_kfc,0.001,0.9919698794271045,0.048602724551723826,0.23467685401164023,1.7828019694717894,18.52955821467067,-1.511731491022535e-08,25.349810309053005,1.3492094224261859e-08,9.49054647234932e-11,4.483133906536325e-10,3.4617403884475313e-09,3.6057395878117017e-07,4.2004233464626805e-11,7.94152423497297e-07,0.001008095125405958,74117.47823416266
18,blocks.8.attn.k_proj,attention_qkv,dp_kfc,0.001,0.9919698794271045,0.048602724551723826,0.23467685401164023,1.7828019694717894,18.52955821467067,-1.511731491022535e-08,25.349810309053005,1.2373863272994307e-09,5.811216984774681e-12,5.3838755786043774e-11,5.900795635751998e-10,6.116516199930534e-08,2.261800735847841e-12,7.348518603650324e-08,0.001008095125405958,808155.0425585182
18,blocks.8.attn.v_proj,attention_qkv,dp_kfc,0.001,0.9919698794271045,0.048602724551723826,0.23467685401164023,1.7828019694717894,18.52955821467067,-1.511731491022535e-08,25.349810309053005,2.1066859375492203e-07,1.1095360007964318e-10,2.0331892204332048e-09,2.9929670723172846e-08,4.910048768581185e-06,2.064351873708668e-11,1.0741452763727342e-05,0.001008095125405958,4746.792021421732
18,blocks.8.attn.out_proj,attention_out,dp_kfc,0.001,0.008298672529249911,3.2694451916858363e-06,6.8518690441799e-05,0.0013069926937267593,0.004791076706215252,7.552750642865071e-07,1.523988067411197,0.0004522546424065391,1.190046503613365e-06,5.893671220379516e-06,6.597521169769767e-05,0.010318655456437975,-1.8103458421550002e-10,0.024349417449526085,0.12050120021911344,2.2111436925860977
18,blocks.8.mlp.fc1,mlp,dp_kfc,0.001,0.9937064829885651,0.0488634418634929,0.23411965949027272,1.787614180658965,18.521711175568257,-4.250307420990831e-08,25.371541327246373,8.549935958890309e-06,5.380496291424524e-09,4.573952787035432e-08,1.1410303051495912e-06,0.0002899810382092394,2.368396690878349e-09,0.001774697667534231,0.0010063333762224305,116.95994037945863
18,blocks.8.mlp.fc2,mlp,dp_kfc,0.001,0.024496012817830894,0.0004189680166551996,0.0012351587076172494,0.029887237513990885,0.4094471013508983,0.0002820669407456079,2.510637003645335,0.00035375268699529744,8.193391319705917e-07,3.951661799873232e-06,4.1649296294040295e-05,0.008112336308632135,-1.465660846458134e-10,0.018001444228304513,0.040822970147700526,2.8268336517633106
18,blocks.9.attn.q_proj,attention_qkv,dp_kfc,0.001,0.9923064492527067,0.04597609644875077,0.22452078300096445,1.7582139568533177,18.762685451981472,-1.4782665123859523e-08,26.113132030977027,8.866766065586857e-09,7.148625564766871e-11,3.3815815066072347e-10,2.6652190149339284e-09,2.599465863887917e-07,3.5801667231498903e-11,4.7680272714984376e-07,0.0010077532003879318,112780.69057005328
18,blocks.9.attn.k_proj,attention_qkv,dp_kfc,0.001,0.9923064492527067,0.04597609644875077,0.22452078300096445,1.7582139568533177,18.762685451981472,-1.4782665123859523e-08,26.113132030977027,9.539539027782437e-10,4.70755398907817e-12,4.7055080376724954e-11,5.415568585970528e-10,4.1534241419464977e-08,1.8364575653775386e-12,6.240601851801119e-08,0.0010077532003879318,1048268.6816288022
18,blocks.9.attn.v_proj,attention_qkv,dp_kfc,0.001,0.9923064492527067,0.04597609644875077,0.22452078300096445,1.7582139568533177,18.762685451981472,-1.4782665123859523e-08,26.113132030977027,1.58460389772704e-07,7.536046515752657e-11,1.4500195690406966e-09,2.112885758605678e-08,3.64448421671077e-06,1.504070204302687e-11,8.080273720275004e-06,0.0010077532003879318,6310.725358144094
18,blocks.9.attn.out_proj,attention_out,dp_kfc,0.001,0.008909118409573771,3.0712745871268923e-06,6.628582230376347e-05,0.0012936911368651295,0.004811311512891342,8.71751683018981e-07,1.6388890075936418,0.00035392248446441954,7.962563519720501e-07,3.8561030119955655e-06,4.159588558224364e-05,0.008115698727611849,-1.6521601927582796e-10,0.018018402420197685,0.11224455148394889,2.8254774531018296
18,blocks.9.mlp.fc1,mlp,dp_kfc,0.001,0.9929146383710477,0.04616233101218443,0.2244260278674046,1.753289295370098,18.685489956942412,-2.5273955166423026e-08,26.181495402003655,6.575734180340927e-06,4.102355473894515e-09,3.7141094710870606e-08,8.824946388645819e-07,0.0002440531965150239,1.8153932269878919e-09,0.0012835334890101701,0.001007135922218426,152.07427377305478
18,blocks.9.mlp.fc2,mlp,dp_kfc,0.001,0.02357956445539765,0.00039381207719163454,0.0011610200519431937,0.029099173080437128,0.380327649719404,0.000251340563087016,2.490570805177641,0.0002702670885810221,4.837151070580923e-07,2.1796909446231522e-06,2.7781925559806905e-05,0.0061583714302294945,-1.3099644670877293e-10,0.013597843339359292,0.042409604379740264,3.700043557838581
18,blocks.10.attn.q_proj,attention_qkv,dp_kfc,0.001,0.9916070495862418,0.043309730836647235,0.2200104081935015,1.7691090893101593,19.036362772911964,9.849861087944515e-09,25.33910913438714,7.2474436122599295e-09,5.313632277296135e-11,2.623337909664199e-10,1.926018072910284e-09,2.2237777253929926e-07,2.5838386282276787e-11,4.4151909962564115e-07,0.0010084639882474214,137979.6868385949
18,blocks.10.attn.k_proj,attention_qkv,dp_kfc,0.001,0.9916070495862418,0.043309730836647235,0.2200104081935015,1.7691090893101593,19.036362772911964,9.849861087944515e-09,25.33910913438714,6.163905626868059e-10,3.6138386392004752e-12,3.512246393421778e-11,4.713706345911556e-10,2.54489597430937e-08,1.5809670346138931e-12,3.700892562219973e-08,0.0010084639882474214,1622348.0055260188
18,blocks.10.attn.v_proj,attention_qkv,dp_kfc,0.001,0.9916070495862418,0.043309730836647235,0.2200104081935015,1.7691090893101593,19.036362772911964,9.849861087944515e-09,25.33910913438714,1.1814707713090714e-07,4.201648556203144e-11,8.313765848780809e-10,1.265184569026447e-08,2.682961890609646e-06,8.511387056247218e-12,6.115037178927255e-06,0.0010084639882474214,8464.02656996752
18,blocks.10.attn.out_proj,attention_out,dp_kfc,0.001,0.009498659726576108,3.072587860548504e-06,6.340220314007701e-05,0.0013495962589198224,0.005148693611603744,7.635657430844616e-07,1.7472052496085697,0.0002702458502123287,4.495761524734664e-07,2.1353001803136486e-06,2.7702804772882988e-05,0.006158294087438229,-1.5737373694265542e-10,0.01360351699481567,0.10527801066524367,3.7003343408023204
18,blocks.10.mlp.fc1,mlp,dp_kfc,0.001,0.9932456697515873,0.04336744273038887,0.2201814081590814,1.7702007732392293,19.03568431477663,-3.705513076587249e-09,25.391299125130548,5.100567569494655e-06,2.7384833889890338e-09,2.7447816934898318e-08,6.565297695389829e-07,0.00023060060500739682,1.1286422425664929e-09,0.000914816553078057,0.0010068002614600897,196.05661259754203
18,blocks.10.mlp.fc2,mlp,dp_kfc,0.001,0.024452879201373758,0.0003880373500761279,0.0011601155699284813,0.028438808806309186,0.3839243783693458,0.00025318473641028664,2.685834618962857,0.00020766730405815298,2.169432407303889e-07,1.057350101641757e-06,1.5619665889481627e-05,0.004793588614699554,-1.346204806140165e-10,0.009974133979455548,0.04089497975943136,4.815394529896581
18,blocks.11.attn.q_proj,attention_qkv,dp_kfc,0.001,0.9936217647142361,0.04246165174638513,0.21157571504247927,1.759945452869667,19.167709642741638,-8.408823946063997e-08,25.106995329122658,5.386640557503615e-09,4.012280014527648e-11,1.841801015217371e-10,1.326972265541943e-09,1.6529616733155818e-07,1.9082341471318758e-11,2.448054669254468e-07,0.0010064191783154008,185644.46417479916
18,blocks.11.attn.k_proj,attention_qkv,dp_kfc,0.001,0.9936217647142361,0.04246165174638513,0.21157571504247927,1.759945452869667,19.167709642741638,-8.408823946063997e-08,25.106995329122658,4.934290961210406e-10,2.681904864948666e-12,2.575174907218542e-11,3.9878569686181515e-10,1.9901888624918756e-08,1.0235915343197337e-12,2.992872406439349e-08,0.0010064191783154008,2026633.6295553497
18,blocks.11.attn.v_proj,attention_qkv,dp_kfc,0.001,0.9936217647142361,0.04246165174638513,0.21157571504247927,1.759945452869667,19.167709642741638,-8.408823946063997e-08,25.106995329122658,8.889837722671674e-08,1.6477767325506455e-11,3.7156757087796425e-10,7.022191824786072e-09,2.2365161947669856e-06,3.4478887820738837e-12,3.9687052305813775e-06,0.0010064191783154008,11248.79926041517
18,blocks.11.attn.out_proj,attention_out,dp_kfc,0.001,0.009069487024695792,2.7154080298330396e-06,6.26226196819064e-05,0.0012993965481608513,0.005201966500996257,6.696383369941031e-07,1.6647285240328304,0.0002075709251509276,2.003008047238143e-07,1.0008328542909624e-06,1.549511479711097e-05,0.004792684214010227,2.1790080009741733e-12,0.009964608093227792,0.11025981924634178,4.817630404031233
18,blocks.11.mlp.fc1,mlp,dp_kfc,0.001,0.993149766959057,0.042597820539768204,0.21110556319304027,1.7577996696109603,19.13245287183962,-2.5835550018296814e-08,25.061836457689118,4.463946436480959e-06,1.7679498784385266e-09,2.061498323948625e-08,5.048427334286093e-07,0.0001920809503315103,6.732927592612287e-10,0.0008447631992983501,0.001006897482402798,224.0170248969934
18,blocks.11.mlp.fc2,mlp,dp_kfc,0.001,0.02504319695922969,0.0003811315931820115,0.0011649506768285883,0.028713603948188494,0.3729580630728551,0.00022029033619295333,2.8705134203772538,0.0001728370365962443,1.0340335825895996e-08,9.838713427216183e-08,9.525944612005357e-06,0.0038624840971326195,8.24075539570466e-13,0.008207589581737472,0.03993100408178714,5.785796954712018
18,head,patch_head,dp_kfc,0.001,0.9918942195918277,0.0010592456028011654,0.007800034007299814,0.49994165166238663,2.8489595104843244,-1.5619693445796634e-09,157.04728682299978,0.1126625120639801,0.07941424278339457,0.10270697234525163,0.13091309792431935,0.296476974605491,-2.980232335294447e-09,0.3148729609033989,0.001008172021016019,0.008876066951463929
19,patch_embed,patch_head,dp_kfc,0.001,0.25097329610345886,0.025336356650220167,0.049680705557721555,0.259269694000944,4.191545951192149,0.016604130584009884,26.310125212428705,5.887638418281919e-05,4.642018502305021e-07,1.4120462853034066e-06,1.755987588050857e-05,0.0016399676341100184,2.7896480779142684e-12,0.0033469118193333314,0.003984487654765348,16.98473868393249
19,blocks.0.attn.q_proj,attention_qkv,dp_kfc,0.001,0.9945021645392779,0.11803993265025679,0.34143374243834096,1.6262230171936163,19.64084213349066,-3.585884512903251e-08,24.491831841060673,2.8107586711456634e-06,3.1538696530496647e-08,1.248847211603845e-07,9.082789760566218e-07,7.159437622693792e-05,1.5633671010341558e-08,0.000203093568351678,0.0010055282287527942,355.77583030008077
19,blocks.0.attn.k_proj,attention_qkv,dp_kfc,0.001,0.9945021645392779,0.11803993265025679,0.34143374243834096,1.6262230171936163,19.64084213349066,-3.585884512903251e-08,24.491831841060673,2.5763644314514617e-07,4.0825447666202355e-12,1.5266729112419126e-11,7.781208421982519e-11,1.3343503193516132e-05,1.885815896938192e-12,2.2163995383620256e-05,0.0010055282287527942,3881.43846341111
19,blocks.0.attn.v_proj,attention_qkv,dp_kfc,0.001,0.9945021645392779,0.11803993265025679,0.34143374243834096,1.6262230171936163,19.64084213349066,-3.585884512903251e-08,24.491831841060673,4.47799307276379e-05,2.2854025410487167e-08,3.9760030513444664e-07,1.2425648481126359e-05,0.001142618913325845,4.8032021487855045e-09,0.0024255789775571705,0.0010055282287527942,22.331432491091512
19,blocks.0.attn.out_proj,attention_out,dp_kfc,0.001,0.005937704248709721,5.744248140171307e-06,9.303580362839505e-05,0.0007949155349984767,0.0021522341908845476,1.2725099557608415e-06,1.0955154361550121,0.10160429454602611,0.00017825182972983547,0.001002593996133141,0.027578430616457168,2.5377537833949844,-7.978851631199707e-08,5.291086270959116,0.1684152591832614,0.009842103667645725
19,blocks.0.mlp.fc1,mlp,dp_kfc,0.001,0.9923783562343973,0.1177243696652451,0.3401855927456508,1.61423624316273,19.551953579714947,8.747539921380052e-09,24.44387415504718,0.0001629581223892007,7.628858465513472e-08,4.569216559914019e-07,1.4271143166507804e-05,0.004229167421601914,3.952811763079978e-08,0.030805389742936302,0.0010076801793567156,6.1365459133829
19,blocks.0.mlp.fc2,mlp,dp_kfc,0.001,0.025011402803081995,0.0005512149549050378,0.0014405157768451696,0.03748574383382475,0.40344074993253787,0.00036878759971877467,2.2402640281354724,0.007058056583142994,1.3652894536109871e-05,8.328953097892124e-05,0.0018957889748868772,0.1754810553085082,-1.8626209902699618e-09,0.3271117021564109,0.039981763832805745,0.14168206052475343
19,blocks.1.attn.q_proj,attention_qkv,dp_kfc,0.001,0.9931389016190959,0.09777418877546486,0.31541624917166283,1.6113686350892449,19.80296267918573,-5.495850194296033e-08,25.28323229108716,2.666065607818494e-07,2.2445723961097387e-09,9.433032161319696e-09,6.161679033099576e-08,5.086318737865132e-06,1.1887343494760649e-09,2.3176721558927286e-05,0.0010069084982671796,3750.8454295625875
19,blocks.1.attn.k_proj,attention_qkv,dp_kfc,0.001,0.9931389016190959,0.09777418877546486,0.31541624917166283,1.6113686350892449,19.80296267918573,-5.495850194296033e-08,25.28323229108716,2.2378073237343254e-08,4.302396623678987e-11,3.6669918225016334e-10,2.8494512375742065e-09,1.1026028079481737e-06,1.8772230893619063e-11,1.598183266637955e-06,0.0010069084982671796,44686.5996636054
19,blocks.1.attn.v_proj,attention_qkv,dp_kfc,0.001,0.9931389016190959,0.09777418877546486,0.31541624917166283,1.6113686350892449,19.80296267918573,-5.495850194296033e-08,25.28323229108716,3.511115001408882e-06,1.7849393537627998e-09,3.240176525860189e-08,9.539743539694357e-07,9.308261301877089e-05,4.483125164937529e-10,0.0001560702813206142,0.0010069084982671796,284.80981101409
19,blocks.1.attn.out_proj,attention_out,dp_kfc,0.001,0.0061421318636716155,4.492208136504443e-06,8.396394114070613e-05,0.0008311963472593492,0.002215137037014608,9.948030713026409e-07,1.132523442423878,0.007057491043572857,1.2639641244627107e-05,7.97680942405753e-05,0.0018880202528357955,0.1755556001307497,-1.8783925648857084e-09,0.32637409209369317,0.1628099204308233,0.14169341396624
19,blocks.1.mlp.fc1,mlp,dp_kfc,0.001,0.9918498501876476,0.09750190721786091,0.3158562039365666,1.6076165978218568,19.761141417346813,-4.3164594576499835e-09,25.238496538040057,8.171965508694626e-05,3.872785252510578e-08,2.3507717130630156e-07,7.800575701623348e-06,0.002221604230495679,1.8809703554661995e-08,0.014197262756124195,0.0010082171205760735,12.23695815818168
19,blocks.1.mlp.fc2,mlp,dp_kfc,0.001,0.02439796273876345,0.0005157188340037262,0.001371490259349768,0.03674338401777676,0.43604910839171196,0.00034508533326964785,2.0246728028032845,0.0033513708785903873,5.8817046508669785e-06,4.312155381368818e-05,0.0008738491083972372,0.08575237437285396,-8.405964160030158e-10,0.1532221012961782,0.04098702874118262,0.29838535817933937
19,blocks.2.attn.q_proj,attention_qkv,dp_kfc,0.001,0.9925584465728523,0.0840032173297429,0.3005330275318675,1.6592650085820582,18.64716489227764,-2.4869962131676675e-09,25.895288640901008,9.814123227980254e-08,9.110897806916936e-10,3.82970897344007e-09,2.7597223433122135e-08,2.0409163679567453e-06,4.872742938055772e-10,7.174590801517604e-06,0.0010074973453229302,10189.397226529425
19,blocks.2.attn.k_proj,attention_qkv,dp_kfc,0.001,0.9925584465728523,0.0840032173297429,0.3005330275318675,1.6592650085820582,18.64716489227764,-2.4869962131676675e-09,25.895288640901008,9.524947789408636e-09,1.8636608095679865e-11,1.591221933157459e-10,1.3150073389881076e-09,4.0539737239663664e-07,7.32217246025325e-12,7.939165640638835e-07,0.0010074973453229302,104987.45212146573
19,blocks.2.attn.v_proj,attention_qkv,dp_kfc,0.001,0.9925584465728523,0.0840032173297429,0.3005330275318675,1.6592650085820582,18.64716489227764,-2.4869962131676675e-09,25.895288640901008,1.8200005248066493e-06,7.91504564165371e-10,1.648198925110318e-08,4.219936805123095e-07,4.6787652945905526e-05,2.4601625757064854e-10,8.394406118218576e-05,0.0010074973453229302,549.4503910136161
19,blocks.2.attn.out_proj,attention_out,dp_kfc,0.001,0.006521862712969227,4.348407500443587e-06,8.06944183417237e-05,0.0009379719648094742,0.0026499617710040117,1.1378896955136219e-06,1.2016756337647827,0.003346294986840803,5.6858583517622164e-06,4.186292599281266e-05,0.0008702048027847309,0.08569555145475811,-9.262809206475354e-10,0.15293615450277773,0.15333042782569203,0.298837969734428
19,blocks.2.mlp.fc1,mlp,dp_kfc,0.001,0.9925958088024911,0.08401322840979926,0.299056599422147,1.6559484360246632,18.654673212573318,-1.4722463408063408e-08,25.87654733752076,5.478959256864183e-05,2.2788993667817677e-08,1.4050303120611293e-07,5.159679253229845e-06,0.0016139716447195836,9.725818877667555e-09,0.010427160844907779,0.001007459422185594,18.251641472733603
19,blocks.2.mlp.fc2,mlp,dp_kfc,0.001,0.024958514256017725,0.0005024141965567405,0.0013724264537335134,0.03548692711522097,0.3997270500015609,0.00033788940028730506,2.3784236427709353,0.002210500357098984,4.438909079889603e-06,3.062837554993241e-05,0.0005254210252854185,0.053653391140789736,-5.908478184054027e-10,0.1072881789000275,0.04006648752174384,0.4523862648510855
19,blocks.3.attn.q_proj,attention_qkv,dp_kfc,0.001,0.9928407769437899,0.0753000665267271,0.2938255355281321,1.7359443784169304,18.288693961192347,-5.4640545980259246e-09,26.305559943504623,9.192265306573466e-08,6.356791969626088e-10,2.8144297878577357e-09,1.983469336304885e-08,2.066368377637426e-06,3.3230929878691063e-10,7.671337450856044e-06,0.0010072108471191603,10878.711249607772
19,blocks.3.attn.k_proj,attention_qkv,dp_kfc,0.001,0.9928407769437899,0.0753000665267271,0.2938255355281321,1.7359443784169304,18.288693961192347,-5.4640545980259246e-09,26.305559943504623,6.89128849810638e-09,1.5495675220000923e-11,1.2332748564741534e-10,1.2064361958795626e-09,3.4171014367396124e-07,6.808557370514898e-12,5.108067046869213e-07,0.0010072108471191603,145110.74384344593
19,blocks.3.attn.v_proj,attention_qkv,dp_kfc,0.001,0.9928407769437899,0.0753000665267271,0.2938255355281321,1.7359443784169304,18.288693961192347,-5.4640545980259246e-09,26.305559943504623,1.1803486771692442e-06,5.269701914506978e-10,1.1002092746024756e-08,2.661082685829742e-07,2.9215946692731762e-05,1.2477442757251355e-10,6.031806677600462e-05,0.0010072108471191603,847.2072865775874
19,blocks.3.attn.out_proj,attention_out,dp_kfc,0.001,0.006971784484547978,4.113369435858979e-06,7.537267690810328e-05,0.0009606382857043256,0.0029737273944106697,9.891107989103942e-07,1.2846874454437163,0.0022086415153050134,4.330089243590356e-06,2.960093916556792e-05,0.00052204635308433,0.05357372614914299,-5.570727445084897e-10,0.10722216353474676,0.14343530013246472,0.4527670031874322
19,blocks.3.mlp.fc1,mlp,dp_kfc,0.001,0.9920432255675756,0.07475997690952492,0.29249034069762336,1.7291528552831947,18.251920038212816,-2.102652271529447e-08,26.249655044084378,3.748260274733887e-05,1.6200084930091797e-08,1.0674612667431398e-07,3.91682424174511e-06,0.0011339403115541687,8.486967821670881e-09,0.007081531715601634,0.001008020592477583,26.679043788414518
19,blocks.3.mlp.fc2,mlp,dp_kfc,0.001,0.024593732736384682,0.000480578726523228,0.0013387214698415287,0.03418321171972217,0.37578455103634606,0.00031241820375653326,2.235998455744892,0.0014879473166426274,3.589310475707563e-06,2.2853588726544253e-05,0.0003453909194965609,0.03509739517308526,-3.252236808726488e-10,0.0676421938923285,0.040660765517735786,0.6720668056019474
19,blocks.4.attn.q_proj,attention_qkv,dp_kfc,0.001,0.9923988262606409,0.06621720632762187,0.2770664518452867,1.746484856939994,18.4100175169495,-9.237499435671464e-10,26.48277496196072,4.6598431406354626e-08,3.506322266605073e-10,1.5539745372358586e-09,1.2741915214944323e-08,1.2391276327207873e-06,1.8607119196924005e-10,3.052186816607199e-06,0.0010076593941248403,21459.949827058557
19,blocks.4.attn.k_proj,attention_qkv,dp_kfc,0.001,0.9923988262606409,0.06621720632762187,0.2770664518452867,1.746484856939994,18.4100175169495,-9.237499435671464e-10,26.48277496196072,3.897957941015676e-09,1.0254159922297476e-11,8.468859714430668e-11,8.481882499880962e-10,1.9428064486263275e-07,4.177790068781587e-12,2.943973150592706e-07,0.0010076593941248403,256544.5844034515
19,blocks.4.attn.v_proj,attention_qkv,dp_kfc,0.001,0.9923988262606409,0.06621720632762187,0.2770664518452867,1.746484856939994,18.4100175169495,-9.237499435671464e-10,26.48277496196072,7.652449460771038e-07,3.739112625235494e-10,7.749038505717525e-09,1.7440458307653388e-07,1.8177409074837066e-05,9.045651256315294e-11,3.65106880231856e-05,0.0010076593941248403,1306.771126194727
19,blocks.4.attn.out_proj,attention_out,dp_kfc,0.001,0.007241358371919571,3.835042618142083e-06,7.623378655443907e-05,0.001042032338924074,0.003069947006070437,8.446554597868747e-07,1.3331382362575568,0.0014859897323731275,3.497918372571403e-06,2.2908360049453825e-05,0.0003442745051990854,0.034991559635200446,-4.3089311737939865e-10,0.06754818336179652,0.13809563739833464,0.6729521599069186
19,blocks.4.mlp.fc1,mlp,dp_kfc,0.001,0.9932807501733613,0.06602712859826079,0.2761603528013649,1.7449542621275635,18.436863122121053,-1.9917234817574747e-08,26.46676275971065,2.69642353547909e-05,1.261417869994881e-08,8.757718761723919e-08,2.984705082241886e-06,0.000846326506304245,6.273988785195007e-09,0.004716745831924845,0.0010067647035598606,37.08616197871615
19,blocks.4.mlp.fc2,mlp,dp_kfc,0.001,0.02462693101572665,0.00045912906773706174,0.0013032231900203485,0.03379819530180042,0.38597129362656557,0.0003086987984463296,2.3593585779523067,0.001095909760200205,2.9595125687340833e-06,1.8152201442137736e-05,0.0002358497966049332,0.0254984372480993,-3.266516551043415e-10,0.050138980572734956,0.040605952863611156,0.9124838890177565
19,blocks.5.attn.q_proj,attention_qkv,dp_kfc,0.001,0.9935901450678475,0.06158346822907279,0.2716359141353528,1.7756058827155712,18.44819967100647,-4.307491360207393e-08,25.277223420901887,3.08655510571539e-08,2.5569755136879883e-10,1.114924349410005e-09,8.814768543784232e-09,5.421112743096007e-07,1.1349750266776934e-10,2.7039752481450454e-06,0.0010064512062282127,32398.579184550923
19,blocks.5.attn.k_proj,attention_qkv,dp_kfc,0.001,0.9935901450678475,0.06158346822907279,0.2716359141353528,1.7756058827155712,18.44819967100647,-4.307491360207393e-08,25.277223420901887,2.808987573215312e-09,8.40320589268291e-12,7.391890169900944e-11,7.65510139952996e-10,1.1450282638285343e-07,2.94001847434088e-12,2.120829376379263e-07,0.0010064512062282127,356000.15092104825
19,blocks.5.attn.v_proj,attention_qkv,dp_kfc,0.001,0.9935901450678475,0.06158346822907279,0.2716359141353528,1.7756058827155712,18.44819967100647,-4.307491360207393e-08,25.277223420901887,5.442689244479955e-07,2.9537284113794696e-10,6.413751673825181e-09,1.1522315406661851e-07,1.3281564352012802e-05,7.146182332861907e-11,2.3318910017837947e-05,0.0010064512062282127,1837.3270180990269
19,blocks.5.attn.out_proj,attention_out,dp_kfc,0.001,0.008200115172950662,3.6020104552626072e-06,7.283090403588296e-05,0.00116184385144559,0.0033319210001897144,9.940014396086274e-07,1.514957751483738,0.0010953512526915195,2.8858432980711733e-06,1.7352735336277043e-05,0.00023521516237141163,0.02550324379994425,-3.34253838358102e-10,0.050158815112142256,0.1219495066726201,0.9129491544769586
19,blocks.5.mlp.fc1,mlp,dp_kfc,0.001,0.9933916506371968,0.06095919033932676,0.27097772840081175,1.771054224845846,18.432688355991015,-4.4168247954391486e-08,25.27003804107472,2.081961569626774e-05,1.0626596296389079e-08,7.700753017231983e-08,2.4709405471521857e-06,0.000702718118311877,5.081634987563177e-09,0.004343667542854761,0.0010066523101523598,48.031626260001836
19,blocks.5.mlp.fc2,mlp,dp_kfc,0.001,0.024650640765105716,0.00044703493662499676,0.001270396960847991,0.032612149656229744,0.3675996315244991,0.00028212223038277313,2.464932688113282,0.0008474193274044712,2.364286675618856e-06,1.368415861775343e-05,0.00015010963224238268,0.019384633585468533,-2.7929085902838226e-10,0.04289323979747124,0.04056689680113926,1.1800533309322345
19,blocks.6.attn.q_proj,attention_qkv,dp_kfc,0.001,0.9929451435958784,0.05522064906801234,0.25604341804735187,1.8266204842125116,18.692447045834708,-7.192060881387242e-09,25.252343796458153,2.4913282784556436e-08,1.835450743138535e-10,8.70353350371505e-10,7.281570123861378e-09,4.6098013808821347e-07,8.791237513723592e-11,2.2419957590111608e-06,0.001007104981025007,40139.230491932314
19,blocks.6.attn.k_proj,attention_qkv,dp_kfc,0.001,0.9929451435958784,0.05522064906801234,0.25604341804735187,1.8266204842125116,18.692447045834708,-7.192060881387242e-09,25.252343796458153,2.7535043724630803e-09,7.658521545780801e-12,7.134384223634048e-11,7.919834653615159e-10,1.2065706414292425e-07,3.1229213250055796e-12,2.2348602064760848e-07,0.001007104981025007,363173.5652939873
19,blocks.6.attn.v_proj,attention_qkv,dp_kfc,0.001,0.9929451435958784,0.05522064906801234,0.25604341804735187,1.8266204842125116,18.692447045834708,-7.192060881387242e-09,25.252343796458153,4.294870891522843e-07,2.397903859836608e-10,5.0193333216671595e-09,7.297057889283799e-08,9.739990450801955e-06,6.270636884944475e-11,2.2031094910143404e-05,0.001007104981025007,2328.3586986835535
19,blocks.6.attn.out_proj,attention_out,dp_kfc,0.001,0.008358086375043115,3.346462633728778e-06,7.377053356109303e-05,0.0012042692446572545,0.0037337294898737096,9.173689902932939e-07,1.5410003282849116,0.0008464892724380964,2.295084170689107e-06,1.2934411450767871e-05,0.00014870318338106497,0.019405521865263203,-2.591423618204476e-10,0.042760048326803524,0.11964461183195675,1.1813498795085202
19,blocks.6.mlp.fc1,mlp,dp_kfc,0.001,0.9917497809377978,0.055506646237684275,0.25530776022102863,1.8236407226401312,18.621666079442264,-5.36509368165059e-11,25.137891409384604,1.5241509512357402e-05,8.910794538869479e-09,6.926232387614569e-08,1.9368543713846624e-06,0.0005583048236224397,4.050988604963859e-09,0.0028005435200301027,0.0010083188514086697,65.6102992416353
19,blocks.6.mlp.fc2,mlp,dp_kfc,0.001,0.02473166016123036,0.0004431147159719028,0.0012799167120984415,0.0318030567437828,0.375113578044991,0.0002925108332819213,2.413302965304815,0.0006118854670755051,1.8451241357292057e-06,9.34078804586194e-06,9.997438849032185e-05,0.015140416821114075,-1.9764276305134894e-10,0.02905280293834682,0.04043400214465229,1.6342927783192513
19,blocks.7.attn.q_proj,attention_qkv,dp_kfc,0.001,0.9935952563977613,0.051306095563015984,0.24266993529815167,1.8667610972310813,18.74637149214254,2.7373665517086446e-08,24.624135661747225,1.7935896595479745e-08,1.267485248708555e-10,5.943295556304118e-10,4.685516440696547e-09,4.0847973539532315e-07,5.960222698163512e-11,1.3513330767423537e-06,0.001006446028763723,55754.11269108358
19,blocks.7.attn.k_proj,attention_qkv,dp_kfc,0.001,0.9935952563977613,0.051306095563015984,0.24266993529815167,1.8667610972310813,18.74637149214254,2.7373665517086446e-08,24.624135661747225,1.5095318140733356e-09,6.223042460270583e-12,6.450486908299669e-11,7.547582994713143e-10,6.55454736399485e-08,2.7606390348102155e-12,9.925898474556888e-08,0.001006446028763723,662457.0550133621
19,blocks.7.attn.v_proj,attention_qkv,dp_kfc,0.001,0.9935952563977613,0.051306095563015984,0.24266993529815167,1.8667610972310813,18.74637149214254,2.7373665517086446e-08,24.624135661747225,3.095146040577035e-07,1.5441613462346684e-10,3.2906152500258363e-09,5.112317330878705e-08,7.870584502252662e-06,3.411391849850189e-11,1.5394989782379648e-05,0.001006446028763723,3230.865319083838
19,blocks.7.attn.out_proj,attention_out,dp_kfc,0.001,0.008593794882660636,3.404039936853145e-06,7.191403113623986e-05,0.0012270765664517437,0.004124850892600257,7.746216452430744e-07,1.5852208878754546,0.000611644004190263,1.7796343157987886e-06,9.30331992812406e-06,9.99153126569833e-05,0.015158391219389798,-2.1213723759278904e-10,0.029050181687373434,0.1163630286333295,1.6349379592527353
19,blocks.7.mlp.fc1,mlp,dp_kfc,0.001,0.9935486636322397,0.05157924613387925,0.24132037613922971,1.8611640748465224,18.75586458340804,-4.875044329703409e-08,24.581095182910076,1.100458219315444e-05,7.254283342843505e-09,5.981613204350048e-08,1.5603295173073196e-06,0.00038508107657516386,3.4632435068842892e-09,0.002310534712120656,0.001006493226355089,90.87123731258644
19,blocks.7.mlp.fc2,mlp,dp_kfc,0.001,0.02464236324999399,0.0004258961318062624,0.0012349705158904176,0.03126484873352061,0.39432099282676786,0.0002868059956852385,2.5047911631137048,0.00045833115992384893,1.2462636980834334e-06,6.153647661753217e-06,6.224873477464135e-05,0.010916602005668373,-1.6090642357711148e-10,0.022947444077307977,0.040580523460964885,2.1818285280148717
19,blocks.8.attn.q_proj,attention_qkv,dp_kfc,0.001,0.9914275864863026,0.048126945843570475,0.23366334441937198,1.7808737626645892,18.813695194746185,-2.7369624598395047e-08,25.44449252259251,1.3030433699638225e-08,9.449912975661648e-11,4.4013125011114164e-10,3.533504677360617e-09,3.938582833720443e-07,4.248896161939877e-11,6.813599856641914e-07,0.0010086465351887965,76743.41645495375
19,blocks.8.attn.k_proj,attention_qkv,dp_kfc,0.001,0.9914275864863026,0.048126945843570475,0.23366334441937198,1.7808737626645892,18.813695194746185,-2.7369624598395047e-08,25.44449252259251,1.1901848865905733e-09,5.5337602692446584e-12,4.957992664195662e-11,5.907010175301836e-10,5.810030565916582e-08,2.1389353265671396e-12,7.18577795302056e-08,0.0010086465351887965,840205.5943296503
19,blocks.8.attn.v_proj,attention_qkv,dp_kfc,0.001,0.9914275864863026,0.048126945843570475,0.23366334441937198,1.7808737626645892,18.813695194746185,-2.7369624598395047e-08,25.44449252259251,2.137217515278215e-07,1.1585566175737745e-10,2.167858363627837e-09,2.843974488398383e-08,5.1465813902898975e-06,2.202591128971878e-11,1.0178694507696398e-05,0.0010086465351887965,4678.980931287304
19,blocks.8.attn.out_proj,attention_out,dp_kfc,0.001,0.008359675299270088,3.2554523342390523e-06,6.911103182004944e-05,0.0013171434157176196,0.004833616587827835,7.618147345817296e-07,1.5359383608757637,0.0004575493539581051,1.2025383389518934e-06,6.085799412179141e-06,6.207709094119503e-05,0.010914946976771128,-1.7719695646158373e-10,0.02289258759652102,0.11962187096995423,2.185556577338242
19,blocks.8.mlp.fc1,mlp,dp_kfc,0.001,0.9931445757959791,0.048334590145162656,0.23416367812743508,1.7828406926923634,18.8143151902002,-1.9164516943859664e-08,25.46313496576013,8.615392876396935e-06,5.323504203836307e-09,4.615562952116947e-08,1.1497726224190913e-06,0.00029744889418586355,2.364128408374094e-09,0.0016488849298891797,0.0010069027454522685,116.0713172744146
19,blocks.8.mlp.fc2,mlp,dp_kfc,0.001,0.024511488334981842,0.00041901871443158594,0.0012351527309424478,0.029829748467436284,0.40716381855329165,0.00027789150156345456,2.5416364600794252,0.00035387777878289245,8.577893118089e-07,4.03907820818342e-06,3.7223121059832405e-05,0.008526683591642917,-1.2513134137650343e-10,0.016681016704648725,0.04079719625074088,2.8258343980776197
19,blocks.9.attn.q_proj,attention_qkv,dp_kfc,0.001,0.991559637642895,0.045463590317580516,0.22434535973071146,1.7646453383549299,19.06773398785456,-5.535584715980835e-09,26.165260540430978,8.770211375995946e-09,7.270271178842583e-11,3.4104056249626814e-10,2.7017282000568006e-09,2.2919328063857313e-07,3.5972395222059245e-11,4.86143250923244e-07,0.0010085122084811451,114022.33733351038
19,blocks.9.attn.k_proj,attention_qkv,dp_kfc,0.001,0.991559637642895,0.045463590317580516,0.22434535973071146,1.7646453383549299,19.06773398785456,-5.535584715980835e-09,26.165260540430978,9.972497025939376e-10,4.5872576288597045e-12,4.632161971668297e-11,5.508565347108082e-10,4.504458562069173e-08,1.778141302590649e-12,6.489615273684399e-08,0.0010085122084811451,1002757.8824028813
19,blocks.9.attn.v_proj,attention_qkv,dp_kfc,0.001,0.991559637642895,0.045463590317580516,0.22434535973071146,1.7646453383549299,19.06773398785456,-5.535584715980835e-09,26.165260540430978,1.6133882870435673e-07,7.811030094830236e-11,1.4562782970264777e-09,2.0216813789378182e-08,3.95468630110996e-06,1.712991094586785e-11,7.79450472672632e-06,0.0010085122084811451,6198.135985184554
19,blocks.9.attn.out_proj,attention_out,dp_kfc,0.001,0.00912091866439604,3.0636659469885827e-06,6.55790263276889e-05,0.001311984127329366,0.004374714430374291,8.523488451092237e-07,1.6798921057455631,0.00035395618628323666,8.117172415532709e-07,3.951615055434808e-06,3.717298926322545e-05,0.00853083423621626,-1.7018168379591352e-10,0.016681314808120084,0.10963807888163171,2.8252084262197283
19,blocks.9.mlp.fc1,mlp,dp_kfc,0.001,0.9923150690726048,0.04569665974810887,0.22453689734634996,1.7587545142078183,19.007963493955977,-1.993290073704473e-08,26.23203564369392,6.6228299232066554e-06,3.973334405542063e-09,3.7394770244339046e-08,9.009711456064418e-07,0.0002433369045217329,1.7822086957629025e-09,0.0012147008428382402,0.0010077444464635383,150.99285525904278
19,blocks.9.mlp.fc2,mlp,dp_kfc,0.001,0.02379466113919012,0.0003954963525429885,0.0011628177779855245,0.02938606342798758,0.3804403841582196,0.0002547533758315841,2.5157206897532,0.0002682449540619321,4.8700878064165e-07,2.2778811803474967e-06,2.3444697408578646e-05,0.00651717526371034,-1.2579918866752942e-10,0.012333847302010433,0.04202623412665402,3.727935921467962
19,blocks.10.attn.q_proj,attention_qkv,dp_kfc,0.001,0.991025152292894,0.04324819415043573,0.21800071612445682,1.7708548454630193,19.305082818828023,-2.0167299154372986e-08,25.33835311983453,7.769335249804832e-09,5.328277232774017e-11,2.654372662288449e-10,1.9302151954172065e-09,2.2770007419736255e-07,2.6504609600649337e-11,4.395303937314217e-07,0.0010090561250502485,128711.14038039745
19,blocks.10.attn.k_proj,attention_qkv,dp_kfc,0.001,0.991025152292894,0.04324819415043573,0.21800071612445682,1.7708548454630193,19.305082818828023,-2.0167299154372986e-08,25.33835311983453,6.254226185336761e-10,3.711654273511318e-12,3.615661615593544e-11,4.800733922120269e-10,2.51597616566688e-08,1.5104748901788062e-12,3.849188807414977e-08,0.0010090561250502485,1598918.8276313588
19,blocks.10.attn.v_proj,attention_qkv,dp_kfc,0.001,0.991025152292894,0.04324819415043573,0.21800071612445682,1.7708548454630193,19.305082818828023,-2.0167299154372986e-08,25.33835311983453,1.1689403207430318e-07,4.228715365091893e-11,8.577126142455572e-10,1.1984716455131745e-08,2.7593401638658977e-06,9.433295452374085e-12,5.550618942551164e-06,0.0010090561250502485,8554.75666511661
19,blocks.10.attn.out_proj,attention_out,dp_kfc,0.001,0.009447477154893358,3.057961021808504e-06,6.197550100186151e-05,0.0013743710153166853,0.004872416671094281,7.232345270174991e-07,1.7375454421521495,0.00026819232747736044,4.771483384751194e-07,2.206818704307126e-06,2.3430814084063247e-05,0.006512436180361564,-1.3851739625937378e-10,0.01233783312463739,0.10584836391819652,3.728667443271342
19,blocks.10.mlp.fc1,mlp,dp_kfc,0.001,0.9930427667390498,0.04341256558275389,0.2175920232647011,1.769875719152945,19.303537189144052,4.77246363410583e-10,25.37096199915757,5.076194630184346e-06,2.6805006075955403e-09,2.7861218138971508e-08,6.564944686772356e-07,0.00023646118511068797,1.115604137270388e-09,0.0008546112607273274,0.001007005975466491,196.99796261824662
19,blocks.10.mlp.fc2,mlp,dp_kfc,0.001,0.0246709437256071,0.00038887642649059807,0.0011815142270854737,0.029174721574706654,0.38388910219058553,0.0002534838544592123,2.7320005015196855,0.0002050751201826036,2.1674376856363926e-07,1.0766715793800664e-06,1.2928885483129429e-05,0.004771470027296901,-1.3795832349786603e-10,0.009040928947690161,0.040533512261310634,4.8762619234823665
19,blocks.11.attn.q_proj,attention_qkv,dp_kfc,0.001,0.993323561132263,0.04194796778894527,0.21372829316600037,1.7699839157654271,19.41448581667093,-5.743574830991014e-08,24.924701438092313,5.211141742659612e-09,3.8937299454892315e-11,1.889725439183703e-10,1.3472583499901516e-09,1.6549736514198966e-07,1.765641810442404e-11,2.3316371683278835e-07,0.0010067213133051296,191896.5265929669
19,blocks.11.attn.k_proj,attention_qkv,dp_kfc,0.001,0.993323561132263,0.04194796778894527,0.21372829316600037,1.7699839157654271,19.41448581667093,-5.743574830991014e-08,24.924701438092313,4.701614026488693e-10,2.8584584599511732e-12,2.5756671564057407e-11,4.1537317332447237e-10,1.8165953065269146e-08,1.0388625987722757e-12,2.8786203734491947e-08,0.0010067213133051296,2126929.165954591
19,blocks.11.attn.v_proj,attention_qkv,dp_kfc,0.001,0.993323561132263,0.04194796778894527,0.21372829316600037,1.7699839157654271,19.41448581667093,-5.743574830991014e-08,24.924701438092313,8.832407257658437e-08,1.7253778011630255e-11,3.888519339160369e-10,6.3929930872969245e-09,2.2487999418499383e-06,3.3723221318593216e-12,3.7975829050144614e-06,0.0010067213133051296,11321.94169525999
19,blocks.11.attn.out_proj,attention_out,dp_kfc,0.001,0.009187561297430922,2.7289580865988055e-06,6.221031549074224e-05,0.0013291443026602445,0.004974208783773796,6.191893224732364e-07,1.6878463405668929,0.00020499624067345695,2.031757343714574e-07,1.0048116533356418e-06,1.2903789851011685e-05,0.004771148348584924,-2.4348805530613136e-12,0.009033055821379265,0.10884281123431803,4.878138236656359
19,blocks.11.mlp.fc1,mlp,dp_kfc,0.001,0.9927415900279821,0.04197284306962352,0.21345080569143252,1.7687193049879997,19.374010311498097,-1.2094151744647278e-08,24.889868831229304,4.374034469553645e-06,1.7373356660260737e-09,2.053935142541014e-08,5.112534591758838e-07,0.00019161925377599235,6.51031795447563e-10,0.0007645941800318843,0.0010073114796891034,228.6218837461623
19,blocks.11.mlp.fc2,mlp,dp_kfc,0.001,0.02512014732648884,0.00038295082505362976,0.0011697609614441436,0.029257218942513104,0.37435688962599617,0.0002120649687928235,2.88941983329891,0.00016953725753410254,8.596150611825513e-09,8.404453780027301e-08,7.498529917667168e-06,0.0037127279236083507,1.087756754292402e-11,0.007480721761027799,0.03980868372318479,5.898408494656989
19,head,patch_head,dp_kfc,0.001,0.9905393581856718,0.0010303492769353493,0.007974831642507068,0.5127899436892455,2.8966839465674687,-5.0109032583525874e-08,156.77237676123963,0.10902542620897293,0.0843741117536353,0.09969515438730511,0.13116563870980089,0.2642835291666196,-4.443081794901521e-16,0.2790744058840439,0.0010095510004081583,0.00917217235255989
20,patch_embed,patch_head,dp_kfc,0.001,0.2509732972079663,0.02539544278078872,0.04978578727181049,0.25951705048091817,4.186720679679617,0.016657471211444556,26.24110709288777,6.37755514200459e-05,5.073080535177565e-07,1.5550547379618544e-06,2.2518991050535362e-05,0.00186051697253123,-4.525449789201466e-12,0.0031990596965534215,0.003984487637230031,15.679989866550656
20,blocks.0.attn.q_proj,attention_qkv,dp_kfc,0.001,0.9942684272410339,0.11710378646665984,0.3420057669536254,1.6182423991344594,19.643292297118695,-1.0876265782484804e-08,24.401426475541257,3.2252425662034527e-06,3.4926326025998726e-08,1.414740183724625e-07,1.0099970666167812e-06,8.315753485281825e-05,1.7686575758472008e-08,0.000238324443718765,0.001005764613058136,310.0541988620519
20,blocks.0.attn.k_proj,attention_qkv,dp_kfc,0.001,0.9942684272410339,0.11710378646665984,0.3420057669536254,1.6182423991344594,19.643292297118695,-1.0876265782484804e-08,24.401426475541257,2.8769595733449724e-07,4.61350571784862e-12,1.7527442392733687e-11,8.70730634853577e-11,1.4826865342123456e-05,2.1897855332573724e-12,2.4644476497822705e-05,0.001005764613058136,3475.8917339854165
20,blocks.0.attn.v_proj,attention_qkv,dp_kfc,0.001,0.9942684272410339,0.11710378646665984,0.3420057669536254,1.6182423991344594,19.643292297118695,-1.0876265782484804e-08,24.401426475541257,4.830774893586446e-05,2.5951519853058444e-08,4.5045896801306716e-07,1.6009548229871377e-05,0.001350952529611282,6.3145961218946355e-09,0.0023218393074158406,0.001005764613058136,20.700612676604845
20,blocks.0.attn.out_proj,attention_out,dp_kfc,0.001,0.005933326438619452,5.909024818490459e-06,9.603192986651497e-05,0.0007645064687397307,0.0021741655786776063,1.3456688373589897e-06,1.0940172937702581,0.10881144564094332,0.00019790218739404518,0.0010963288354564225,0.03347105917811167,2.800872877855327,-8.533482940147585e-08,5.038615889750993,0.1685395216907494,0.009190209670587469
20,blocks.0.mlp.fc1,mlp,dp_kfc,0.001,0.9922887488350349,0.11728659058593713,0.3404393310537862,1.599513592331949,19.556399797937807,-4.9607032511047177e-08,24.360396773309354,0.00018003738156639285,8.774254367063846e-08,5.152055065588627e-07,1.547967377129973e-05,0.004630227973523837,4.332752843331664e-08,0.02995585679307313,0.001007771176660038,5.5544020430625265
20,blocks.0.mlp.fc2,mlp,dp_kfc,0.001,0.025027542996313545,0.0005555745423940983,0.001449097750014544,0.0378769761756655,0.4058874829415738,0.00037742335882083805,2.2202955987654436,0.007634766780635497,1.4725422732438427e-05,9.084891176615511e-05,0.002383146872147144,0.20203556715869309,-2.3239775140854177e-09,0.30817083353380825,0.03995597970393242,0.13097977040194053
20,blocks.1.attn.q_proj,attention_qkv,dp_kfc,0.001,0.9930976487194318,0.09819331253435816,0.319343437737993,1.609990865753052,19.856075487479828,-1.2736657577746026e-08,25.19712504846379,3.065105946461107e-07,2.4448981544848318e-09,1.0230139410365428e-08,6.691978288535097e-08,6.704711173867811e-06,1.3294051435642186e-09,2.567382438531945e-05,0.0010069503248642956,3262.5299662302846
20,blocks.1.attn.k_proj,attention_qkv,dp_kfc,0.001,0.9930976487194318,0.09819331253435816,0.319343437737993,1.609990865753052,19.856075487479828,-1.2736657577746026e-08,25.19712504846379,2.4983914825281912e-08,4.749777820651197e-11,4.088731764056202e-10,3.0987345796334397e-09,1.2849793900273087e-06,2.1772245185617953e-11,1.8151652706109522e-06,0.0010069503248642956,40025.75284911204
20,blocks.1.attn.v_proj,attention_qkv,dp_kfc,0.001,0.9930976487194318,0.09819331253435816,0.319343437737993,1.609990865753052,19.856075487479828,-1.2736657577746026e-08,25.19712504846379,3.832291413097266e-06,2.0604552160650645e-09,3.588561326027999e-08,1.1381745102462721e-06,0.00010783931947627862,5.417950376992827e-10,0.00014473988680706226,0.0010069503248642956,260.9404902201312
20,blocks.1.attn.out_proj,attention_out,dp_kfc,0.001,0.006159679025623929,4.7131090630286324e-06,8.716474089020846e-05,0.0008545114953986554,0.0022685920153442565,9.63309586093092e-07,1.1351482393401122,0.007633888217242202,1.382027355800491e-05,8.558558510840272e-05,0.0023789249565922825,0.20261398783658688,-2.684601901491337e-09,0.30770120637167225,0.1623461215819939,0.13099484450680854
20,blocks.1.mlp.fc1,mlp,dp_kfc,0.001,0.9915048192819783,0.09813133579999161,0.32046235924268784,1.6045347624736315,19.792679632518677,8.032582289301134e-09,25.14906367247755,8.946772193685337e-05,4.439400222884139e-08,2.6359615645359444e-07,8.684306117630337e-06,0.0024480200049669543,2.3014703040222467e-08,0.014561681346143825,0.0010085679671473244,11.177215406309367
20,blocks.1.mlp.fc2,mlp,dp_kfc,0.001,0.024495251975730742,0.0005204193141008623,0.0013862692769778893,0.036385940198862356,0.4408226403629125,0.0003580877770274203,2.0427932688554216,0.0036928188122449983,6.966211960957661e-06,4.877788390302339e-05,0.0010479434654467666,0.09620453319722806,-7.476144212225944e-10,0.15513002231130454,0.040824238141774334,0.27079584752008556
20,blocks.2.attn.q_proj,attention_qkv,dp_kfc,0.001,0.992409370106119,0.08386318374388053,0.30325860021673173,1.6672518081920789,18.795449890355464,-3.7946392226582935e-08,25.67176715049853,1.0967541005935111e-07,1.0297855395322827e-09,4.373174990995353e-09,3.169051385767254e-08,2.5803792000801783e-06,5.256213239079374e-10,7.941136135830052e-06,0.001007648688255603,9117.81409760718
20,blocks.2.attn.k_proj,attention_qkv,dp_kfc,0.001,0.992409370106119,0.08386318374388053,0.30325860021673173,1.6672518081920789,18.795449890355464,-3.7946392226582935e-08,25.67176715049853,1.0448520348984672e-08,1.962673987330338e-11,1.7893394229588306e-10,1.523592186328541e-09,4.387739354568066e-07,8.236526920091755e-12,8.749571811401361e-07,0.001007648688255603,95707.33143063403
20,blocks.2.attn.v_proj,attention_qkv,dp_kfc,0.001,0.992409370106119,0.08386318374388053,0.30325860021673173,1.6672518081920789,18.795449890355464,-3.7946392226582935e-08,25.67176715049853,2.005905180328208e-06,9.919150086680725e-10,1.8694330041101666e-08,5.016743586784584e-07,5.024233248650407e-05,2.951368832685213e-10,8.923061287696601e-05,0.001007648688255603,498.528050980146
20,blocks.2.attn.out_proj,attention_out,dp_kfc,0.001,0.006576893332042162,4.480420522522218e-06,8.285845254403191e-05,0.0009578870174531747,0.002752318863742298,1.166195775517327e-06,1.2116095807045237,0.003688443761348026,6.665225816527544e-06,4.594330289718614e-05,0.001042372918630022,0.09621757696936213,-9.753931418147003e-10,0.1548746434403257,0.15204747127767304,0.27111705225906096
20,blocks.2.mlp.fc1,mlp,dp_kfc,0.001,0.9922589489833061,0.0841635279228282,0.3033782819779802,1.665087657212102,18.795603872861328,-3.488141763045786e-08,25.637052936515293,5.962369148518332e-05,2.5790649672182923e-08,1.590459948083542e-07,5.8354609078160875e-06,0.0017752851264922962,1.2702810951667167e-08,0.010825035922419474,0.0010078014423801625,16.771856540424093
20,blocks.2.mlp.fc2,mlp,dp_kfc,0.001,0.02503266592324749,0.0005073743115874956,0.0013894274693435008,0.0356069681327538,0.40211917941456526,0.0003474610183078303,2.3282585835033616,0.0023854932722618587,4.964322141896335e-06,3.4844774408731017e-05,0.0006567463967185362,0.05881651432484473,-4.842924424908359e-10,0.10778022774134609,0.03994780272569027,0.4192005115368981
20,blocks.3.attn.q_proj,attention_qkv,dp_kfc,0.001,0.9926568155461643,0.07550157347347351,0.29430322888702976,1.7493575228123044,18.336441481047594,2.323664900685389e-08,26.07534203324007,9.644753388530583e-08,6.950069545217524e-10,3.052641950069715e-09,2.388142792379566e-08,2.1628093620480303e-06,3.584259300358375e-10,7.064171123805455e-06,0.001007397505702709,10368.331461841079
20,blocks.3.attn.k_proj,attention_qkv,dp_kfc,0.001,0.9926568155461643,0.07550157347347351,0.29430322888702976,1.7493575228123044,18.336441481047594,2.323664900685389e-08,26.07534203324007,7.36264199217504e-09,1.6903575756409666e-11,1.3823032302021806e-10,1.3518010719752496e-09,3.7497753777616863e-07,7.98653031399573e-12,5.061937195663023e-07,0.001007397505702709,135820.81011989887
20,blocks.3.attn.v_proj,attention_qkv,dp_kfc,0.001,0.9926568155461643,0.07550157347347351,0.29430322888702976,1.7493575228123044,18.336441481047594,2.323664900685389e-08,26.07534203324007,1.282844629635349e-06,6.059432101550245e-10,1.2491426621208047e-08,3.473489461863261e-07,3.138103763872442e-05,1.3077186329386372e-10,6.330345511937569e-05,0.001007397505702709,779.517625828353
20,blocks.3.attn.out_proj,attention_out,dp_kfc,0.001,0.006990713499386317,4.2446086110069186e-06,7.805098350372409e-05,0.0009786288011586009,0.002872487264208886,9.55859637021835e-07,1.2879215567768854,0.002383124955789147,4.822663342434126e-06,3.314840468343417e-05,0.0006560423805484455,0.05871838405859366,-6.651389196764151e-10,0.1077611604206341,0.1430469150377548,0.41961710718138173
20,blocks.3.mlp.fc1,mlp,dp_kfc,0.001,0.9916457682075897,0.07505793411758956,0.2944382920667293,1.7417382667479053,18.299676099453073,-2.6024627238441396e-08,26.010414013169626,4.089781251846262e-05,1.8779261311637605e-08,1.2009223636510876e-07,4.663740655363892e-06,0.0012526470690499812,9.751034701773666e-09,0.007862084027618493,0.001008424612961855,24.451185489408928
20,blocks.3.mlp.fc2,mlp,dp_kfc,0.001,0.024688728582428862,0.0004872817800986539,0.0013483549747031352,0.03440580946054863,0.3801466962897054,0.0003204785084535195,2.221772616763209,0.0015962123102326586,3.864484128528159e-06,2.568615933539311e-05,0.0004031055129284436,0.03773561084885935,-4.851598947628167e-10,0.07263356542690212,0.04050431340201564,0.6264830772131079
20,blocks.4.attn.q_proj,attention_qkv,dp_kfc,0.001,0.9922805870135214,0.0667473833112228,0.27725249731917656,1.7523292999185913,18.435083091025998,-3.0616056414994216e-08,26.126785501912856,5.422351587065314e-08,3.947530007301968e-10,1.7934921696855553e-09,1.4802656711371963e-08,1.4948559379550297e-06,2.1208279027560205e-10,3.721738620595396e-06,0.0010077794658965482,18442.18295223494
20,blocks.4.attn.k_proj,attention_qkv,dp_kfc,0.001,0.9922805870135214,0.0667473833112228,0.27725249731917656,1.7523292999185913,18.435083091025998,-3.0616056414994216e-08,26.126785501912856,4.253906075192085e-09,1.2054442837293219e-11,1.0217350252299825e-10,9.683269815223667e-10,2.024880794645083e-07,5.230056453516927e-12,3.1840432482419393e-07,0.0010077794658965482,235078.06292005285
20,blocks.4.attn.v_proj,attention_qkv,dp_kfc,0.001,0.9922805870135214,0.0667473833112228,0.27725249731917656,1.7523292999185913,18.435083091025998,-3.0616056414994216e-08,26.126785501912856,8.307935861484594e-07,4.165962331293672e-10,8.766562166820804e-09,2.0820412684104203e-07,1.852841777836129e-05,9.429134756908782e-11,4.1282321599433426e-05,0.0010077794658965482,1203.6684161657745
20,blocks.4.attn.out_proj,attention_out,dp_kfc,0.001,0.007255543883494222,3.963653398188066e-06,7.934832154046812e-05,0.0010567050205754051,0.0031796305184374407,8.78190653434224e-07,1.3351256692650924,0.0015937270233431868,3.7865693250134618e-06,2.5320974983282438e-05,0.0004015600386372025,0.03760255894379833,-3.8824072655810565e-10,0.07250423710978517,0.13782564285427581,0.627460026311334
20,blocks.4.mlp.fc1,mlp,dp_kfc,0.001,0.9929575852161863,0.06682180506875059,0.27692768630146636,1.751594199759973,18.47279837444039,-3.062033496239672e-08,26.097541742229854,2.8384479680306402e-05,1.4538900640176649e-08,9.825292785923852e-08,3.4798570211114075e-06,0.0009139534364771056,7.485886155845802e-09,0.004778473303342856,0.0010070923621397993,35.230520737493585
20,blocks.4.mlp.fc2,mlp,dp_kfc,0.001,0.024628430432960955,0.0004652929609080562,0.0013082407264780125,0.033896750778135934,0.38922372320212373,0.0003086890944021095,2.327748828886828,0.0011587001038909268,3.1732969566456777e-06,1.9916544030570075e-05,0.00027508707021554326,0.027317930215626507,-2.9584040230888356e-10,0.050594866221171306,0.040603480709906326,0.8630360838339358
20,blocks.5.attn.q_proj,attention_qkv,dp_kfc,0.001,0.9932387861871966,0.060802694178805516,0.270109070232638,1.7887550300334578,18.3424332255239,1.3657421587039726e-08,25.077734767207307,3.453453617287734e-08,2.8296151246399716e-10,1.2388379122009215e-09,1.0060105527149617e-08,6.736664927604942e-07,1.2672493388148006e-10,3.1135257968009386e-06,0.001006807239011233,28956.520365412576
20,blocks.5.attn.k_proj,attention_qkv,dp_kfc,0.001,0.9932387861871966,0.060802694178805516,0.270109070232638,1.7887550300334578,18.3424332255239,1.3657421587039726e-08,25.077734767207307,3.104345927092249e-09,9.548854062842583e-12,8.165465514736665e-11,9.357794316749448e-10,1.2204975606461315e-07,2.9174657348559475e-12,2.4574870345918365e-07,0.001006807239011233,322129.0485937149
20,blocks.5.attn.v_proj,attention_qkv,dp_kfc,0.001,0.9932387861871966,0.060802694178805516,0.270109070232638,1.7887550300334578,18.3424332255239,1.3657421587039726e-08,25.077734767207307,5.888769494995689e-07,3.3313574094053423e-10,6.7312395192945745e-09,1.3882338500661294e-07,1.5686185306067872e-05,8.928364489994818e-11,2.473047038552207e-05,0.001006807239011233,1698.147636530528
20,blocks.5.attn.out_proj,attention_out,dp_kfc,0.001,0.008179928706759838,3.666246787431477e-06,7.434555956465467e-05,0.001140800411480738,0.0034643310811724457,1.0774887596342374e-06,1.510332862015329,0.0011578575140447356,3.130157523511668e-06,1.9270209384080722e-05,0.0002733996678707939,0.027310178459055413,-3.1930329210520914e-10,0.05061478729034475,0.1222504542336178,0.8636641278137126
20,blocks.5.mlp.fc1,mlp,dp_kfc,0.001,0.9934532765897445,0.06090134140318192,0.27034994079607394,1.7858460488178716,18.33685929507805,-4.619864279522888e-08,25.08422081323158,2.142544177610728e-05,1.2126419127025696e-08,8.590921267995727e-08,2.7386284527873885e-06,0.0007621919430187744,6.089813989031584e-09,0.004240372209303247,0.0010065898654365796,46.673483349834896
20,blocks.5.mlp.fc2,mlp,dp_kfc,0.001,0.024768308962856374,0.00045760547729448484,0.0012864985021727323,0.03300045165284079,0.3748535924218982,0.0002901820215118132,2.4496575728960357,0.0008771142818962592,2.647477655148355e-06,1.4727440854272057e-05,0.00017943880142330066,0.02002281460796692,-3.2097170357011665e-10,0.04257141044257596,0.04037417336402106,1.1401022884247998
20,blocks.6.attn.q_proj,attention_qkv,dp_kfc,0.001,0.9923620244073127,0.0554457689639826,0.2523070038589556,1.8293945964515244,18.643958571572014,-4.320236081885777e-08,24.977172288174494,2.592030898945774e-08,2.0247131981038845e-10,9.337392731915184e-10,7.632722411995345e-09,4.574756177841643e-07,9.224939775219281e-11,2.404915396858716e-06,0.001007696763282784,38579.78700819956
20,blocks.6.attn.k_proj,attention_qkv,dp_kfc,0.001,0.9923620244073127,0.0554457689639826,0.2523070038589556,1.8293945964515244,18.643958571572014,-4.320236081885777e-08,24.977172288174494,2.864551469725779e-09,8.659576502863089e-12,8.135020375414181e-11,9.577445439577712e-10,1.2192560971352747e-07,3.4825150288615747e-12,2.451438467651975e-07,0.001007696763282784,349094.7921755196
20,blocks.6.attn.v_proj,attention_qkv,dp_kfc,0.001,0.9923620244073127,0.0554457689639826,0.2523070038589556,1.8293945964515244,18.643958571572014,-4.320236081885777e-08,24.977172288174494,4.4525971239680234e-07,2.5795436768035623e-10,5.414195519114029e-09,8.624982193399077e-08,1.012893486053226e-05,6.295155825719478e-11,2.1158044316561586e-05,0.001007696763282784,2245.8802630425935
20,blocks.6.attn.out_proj,attention_out,dp_kfc,0.001,0.008360599850604812,3.3639072897762656e-06,7.57898149657426e-05,0.0011653913999745099,0.003923319419130425,9.931822215421302e-07,1.5405276729366715,0.0008758292387938127,2.59393096660391e-06,1.4364702528986082e-05,0.00017878033944714657,0.020017790690861858,-2.5553848886730883e-10,0.04240231661408447,0.11960864266547325,1.1417750809246727
20,blocks.6.mlp.fc1,mlp,dp_kfc,0.001,0.9916012898627958,0.05560039174498925,0.2531410552973327,1.8288405967473464,18.57962289801589,-6.216747501744731e-08,24.89418519265977,1.5872130794699253e-05,1.0250547282847038e-08,7.677194642644092e-08,2.1465685734621943e-06,0.0005892366939596764,4.23203326891827e-09,0.0029150239762933835,0.001008469845917976,63.00351307172731
20,blocks.6.mlp.fc2,mlp,dp_kfc,0.001,0.024863977217744013,0.000450886067604392,0.0012971476097766894,0.03223381337617087,0.3800312360006461,0.00029417229309527796,2.4153776718419886,0.00063003716362194,1.9292799477844847e-06,1.0174983747598095e-05,0.00011238123801764012,0.014547467078225868,-2.0942964520480663e-10,0.029230068563678983,0.040218827070286914,1.5872079581008016
20,blocks.7.attn.q_proj,attention_qkv,dp_kfc,0.001,0.993410637496049,0.051657596051322335,0.24715615389966192,1.8652053505867812,18.733492635090464,-1.5254192750536797e-08,24.364902553203475,1.957437500803294e-08,1.3543040006558856e-10,6.328713178164473e-10,5.095172397137077e-09,3.810501595285918e-07,6.768478767068296e-11,1.6096695853623447e-06,0.0010066330702080662,51087.19944261922
20,blocks.7.attn.k_proj,attention_qkv,dp_kfc,0.001,0.993410637496049,0.051657596051322335,0.24715615389966192,1.8652053505867812,18.733492635090464,-1.5254192750536797e-08,24.364902553203475,1.5628207303217585e-09,7.405524828519658e-12,7.239069033440166e-11,8.44031122655795e-10,7.498712167471325e-08,3.198319690658453e-12,9.38274164622262e-08,0.0010066330702080662,639868.6558208866
20,blocks.7.attn.v_proj,attention_qkv,dp_kfc,0.001,0.993410637496049,0.051657596051322335,0.24715615389966192,1.8652053505867812,18.733492635090464,-1.5254192750536797e-08,24.364902553203475,3.1933148247897947e-07,1.6425752769623778e-10,3.5446555251148303e-09,5.6681068678115716e-08,8.198802936020252e-06,3.437439336341279e-11,1.492608906209835e-05,0.0010066330702080662,3131.54215875294
20,blocks.7.attn.out_proj,attention_out,dp_kfc,0.001,0.008653669823003316,3.3903779121067097e-06,7.436524652255818e-05,0.0011857061319150396,0.004339055054716029,8.266937236235037e-07,1.595618803054068,0.0006296390512640452,1.9352241492923377e-06,1.0009757807716073e-05,0.00011170989015819772,0.0145711451491953,-2.2436593676829174e-10,0.029188404402454328,0.11555791016451597,1.5882115284819593
20,blocks.7.mlp.fc1,mlp,dp_kfc,0.001,0.9931833523233938,0.05179550689710315,0.24668258727093517,1.858670494954955,18.74197526814454,-2.1951238245843722e-08,24.33096876848463,1.108339630657984e-05,8.076460346848107e-09,6.498174415660611e-08,1.622953142091347e-06,0.00040273290074747085,3.70391918445224e-09,0.002252062829205154,0.0010068634332831494,90.22505126937793
20,blocks.7.mlp.fc2,mlp,dp_kfc,0.001,0.024781203276498343,0.00043264571409006627,0.001250110523184399,0.031770519180794064,0.39695894776283885,0.0002879587282455663,2.520250226717824,0.00046763448593386175,1.3066686992310456e-06,6.46398275148005e-06,7.041054196293904e-05,0.010798494281438434,-1.6573813705189224e-10,0.02279787925534645,0.04035316561679498,2.1384222722646498
20,blocks.8.attn.q_proj,attention_qkv,dp_kfc,0.001,0.9913551149590646,0.04819984993173335,0.2320826877197783,1.7855307635964948,18.771736247367148,-4.696902618887771e-08,25.275493759533155,1.355832686863086e-08,1.003128396438307e-10,4.670221138489688e-10,3.741580715442724e-09,4.51298941011468e-07,4.858292482692233e-11,6.786850418602521e-07,0.0010087202707793487,73755.41316337814
20,blocks.8.attn.k_proj,attention_qkv,dp_kfc,0.001,0.9913551149590646,0.04819984993173335,0.2320826877197783,1.7855307635964948,18.771736247367148,-4.696902618887771e-08,25.275493759533155,1.174631994680745e-09,6.069469895129309e-12,5.404318674925231e-11,6.60879330131426e-10,4.9942752612063896e-08,2.4627728074664444e-12,7.163838544676286e-08,0.0010087202707793487,851330.463096905
20,blocks.8.attn.v_proj,attention_qkv,dp_kfc,0.001,0.9913551149590646,0.04819984993173335,0.2320826877197783,1.7855307635964948,18.771736247367148,-4.696902618887771e-08,25.275493759533155,2.2061134043645697e-07,1.2031977567393833e-10,2.258282200877866e-09,3.3645336661814545e-08,5.179203688416589e-06,2.5140628344189828e-11,1.0577381343844144e-05,0.0010087202707793487,4532.858546716602
20,blocks.8.attn.out_proj,attention_out,dp_kfc,0.001,0.008310906208117873,3.2920364211954527e-06,7.0551488156314e-05,0.0012790552905558336,0.004862174990053327,7.717569961171358e-07,1.5257225723759176,0.000466924876112292,1.2765813513812686e-06,6.360559614830992e-06,7.030758786646775e-05,0.010791619189883793,-2.079047054695396e-10,0.02276136750450544,0.12032382209093233,2.1416721429070047
20,blocks.8.mlp.fc1,mlp,dp_kfc,0.001,0.9930127639844628,0.048347722409381566,0.23196393890034248,1.7865966491672116,18.78168832897232,-2.135555247985042e-08,25.288039127706607,8.746764246845654e-06,5.778909601874748e-09,4.9003762565795e-08,1.2226973324949896e-06,0.0003154607945717518,2.606880086845841e-09,0.0016028437286357425,0.0010070364010100947,114.3279928186735
20,blocks.8.mlp.fc2,mlp,dp_kfc,0.001,0.02460667341511566,0.0004220880813291969,0.0012472411554867446,0.029730457984364165,0.4107462505023319,0.00027834080698314786,2.552487721482217,0.0003610517668827621,9.247032477096056e-07,4.418691221158012e-06,4.561630100157744e-05,0.008451797864200755,-1.1686894857598072e-10,0.016769000822402732,0.04063938197292889,2.769685933498595
20,blocks.9.attn.q_proj,attention_qkv,dp_kfc,0.001,0.9913868295714028,0.045240147116467254,0.2230836039339405,1.7737399021369737,18.99641495961101,-2.609545515771506e-08,26.04043932570219,9.255548080270662e-09,7.564807112667384e-11,3.58132887494134e-10,2.983831780375584e-09,2.674572767343729e-07,3.594016767968003e-11,4.708204399148865e-07,0.0010086880016676445,108043.3045485035
20,blocks.9.attn.k_proj,attention_qkv,dp_kfc,0.001,0.9913868295714028,0.045240147116467254,0.2230836039339405,1.7737399021369737,18.99641495961101,-2.609545515771506e-08,26.04043932570219,1.0472248448547988e-09,4.935296860282168e-12,4.848127850478256e-11,6.031043072274192e-10,4.7286275948683766e-08,1.884422292184181e-12,6.70627722470995e-08,0.0010086880016676445,954904.7703682521
20,blocks.9.attn.v_proj,attention_qkv,dp_kfc,0.001,0.9913868295714028,0.045240147116467254,0.2230836039339405,1.7737399021369737,18.99641495961101,-2.609545515771506e-08,26.04043932570219,1.6389556437938305e-07,8.604909533142402e-11,1.6291066427917473e-09,2.1992773117875223e-08,3.952864172312703e-06,2.0092960415975577e-11,7.686243109776434e-06,0.0010086880016676445,6101.446392320995
20,blocks.9.attn.out_proj,attention_out,dp_kfc,0.001,0.00927452061903166,3.111394049201609e-06,6.685921519397693e-05,0.001304568395858873,0.004626906162926777,8.666238014781057e-07,1.7088584940221732,0.0003610969081743557,8.883468016436661e-07,4.2373829301905155e-06,4.5378302334100665e-05,0.008460045181299163,-1.787299128778335e-10,0.016769305341877355,0.10782228441521419,2.7693396907102565
20,blocks.9.mlp.fc1,mlp,dp_kfc,0.001,0.9921548768028694,0.045398029712110155,0.2227239367302445,1.769678820007917,18.92341630015473,-2.6078283367979463e-08,26.07778596826256,6.792405735876287e-06,4.5035661590947474e-09,3.990889025279492e-08,9.712780618094944e-07,0.0002535844595936892,1.9177379353410094e-09,0.001234041020232141,0.001007907155808588,147.22324296944996
20,blocks.9.mlp.fc2,mlp,dp_kfc,0.001,0.023877699663244933,0.0003993048028528038,0.0011709792600976298,0.02969653930214718,0.38632148462546384,0.0002560758000631669,2.5103573766122795,0.00027499236925147363,5.468179202096282e-07,2.6069596347429187e-06,2.767675878279169e-05,0.006538901869630291,-1.1330531675993553e-10,0.012430176921916971,0.041880081167923605,3.6364645416234262
20,blocks.10.attn.q_proj,attention_qkv,dp_kfc,0.001,0.9905034793164447,0.04324529139455992,0.21478072965963266,1.7919684244440675,19.10247869155328,1.4058584731307696e-08,25.10532608364221,7.9788339060749e-09,5.4528413337952374e-11,2.6465928968105356e-10,2.0065751570873877e-09,2.2958795074821068e-07,2.7732898229692705e-11,4.38774040458729e-07,0.0010095875692330823,125331.59754567934
20,blocks.10.attn.k_proj,attention_qkv,dp_kfc,0.001,0.9905034793164447,0.04324529139455992,0.21478072965963266,1.7919684244440675,19.10247869155328,1.4058584731307696e-08,25.10532608364221,6.277549837735661e-10,3.939675974848272e-12,4.130223450312595e-11,5.317404101462624e-10,2.5569799229875688e-08,1.6199114660127236e-12,3.420726014977795e-08,0.0010095875692330823,1592978.1934805065
20,blocks.10.attn.v_proj,attention_qkv,dp_kfc,0.001,0.9905034793164447,0.04324529139455992,0.21478072965963266,1.7919684244440675,19.10247869155328,1.4058584731307696e-08,25.10532608364221,1.196426142232217e-07,4.8206779256184236e-11,9.58928700541884e-10,1.379984581542652e-08,2.9170576159337336e-06,1.1177044875846357e-11,5.3055533273920825e-06,0.0010095875692330823,8358.225925540733
20,blocks.10.attn.out_proj,attention_out,dp_kfc,0.001,0.00957262304649505,3.108163114890233e-06,6.405758361784604e-05,0.001373661789174789,0.005003455344015992,7.506630843639655e-07,1.7609688958168688,0.00027494414382545074,5.397277851594857e-07,2.521174233494484e-06,2.7607474285398544e-05,0.006531622154393114,-1.3377386486400874e-10,0.012432676609392679,0.10446457518936184,3.637102380456059
20,blocks.10.mlp.fc1,mlp,dp_kfc,0.001,0.9924309289208348,0.043620245710611016,0.21438546477650847,1.7895334980457542,19.095889387818186,-2.7000662523517418e-08,25.12548281913285,5.214233902058514e-06,3.0933299651657937e-09,3.037741654629196e-08,7.320891319894244e-07,0.00025177781073421805,1.2975380053571867e-09,0.00086344473402085,0.001007626798861857,191.7827275844324
20,blocks.10.mlp.fc2,mlp,dp_kfc,0.001,0.024846900232688506,0.00039198043555931686,0.0011897854685340634,0.028725387830922783,0.38906296570283905,0.00025659919554917276,2.761312696238504,0.00020917852329678982,2.448286264834777e-07,1.195849031968701e-06,1.5927666279432114e-05,0.0048437082326772555,-1.1259785588967998e-10,0.009016537491012225,0.04024646900156999,4.780605504998068
20,blocks.11.attn.q_proj,attention_qkv,dp_kfc,0.001,0.9925052986861511,0.04274351209398446,0.2148141218407525,1.785547553596359,19.238908606970362,-1.505227213357335e-08,24.444306029374598,5.181597225653126e-09,4.14174625617341e-11,1.9573075376599698e-10,1.4682335938192828e-09,1.6112152356194074e-07,1.989807664477913e-11,2.2878207676480288e-07,0.0010075512960220666,192990.68539121212
20,blocks.11.attn.k_proj,attention_qkv,dp_kfc,0.001,0.9925052986861511,0.04274351209398446,0.2148141218407525,1.785547553596359,19.238908606970362,-1.505227213357335e-08,24.444306029374598,4.741796468642432e-10,2.993012901153823e-12,2.689539873914807e-11,4.099155660739553e-10,1.873906961272899e-08,1.0107129707814402e-12,2.7273715718983954e-08,0.0010075512960220666,2108905.362372709
20,blocks.11.attn.v_proj,attention_qkv,dp_kfc,0.001,0.9925052986861511,0.04274351209398446,0.2148141218407525,1.785547553596359,19.238908606970362,-1.505227213357335e-08,24.444306029374598,9.071503403318415e-08,2.0130871968205867e-11,4.3380362133899633e-10,7.351316283871838e-09,2.2150872287758924e-06,4.108284097908537e-12,3.939526870857064e-06,0.0010075512960220666,11023.531112099827
20,blocks.11.attn.out_proj,attention_out,dp_kfc,0.001,0.009284068738626692,2.9524021119058823e-06,6.131135590847927e-05,0.001342205508303668,0.0050074914411862405,6.721539667590084e-07,1.706390328551724,0.0002090773354742244,2.2525007485757934e-07,1.1268569482724577e-06,1.5888021512965892e-05,0.004841468549218698,8.92960651275423e-12,0.009009073566258408,0.1077113955263456,4.782919189838645
20,blocks.11.mlp.fc1,mlp,dp_kfc,0.001,0.9921669793252501,0.04232800005551569,0.21467205068293976,1.7850786847940772,19.201880490711353,-3.890947399697213e-08,24.40467310553073,4.439290002368941e-06,1.912000513945849e-09,2.2186588520841803e-08,5.630110254397118e-07,0.00019884485474126667,7.463901241527127e-10,0.000773470140720018,0.001007894861286431,225.26124661068985
20,blocks.11.mlp.fc2,mlp,dp_kfc,0.001,0.02512254230302646,0.0003832586475555165,0.0011734577242267375,0.02905705828991521,0.3818969835443208,0.0002041165150300702,2.880125952009302,0.00017282813265258784,1.0529793249458367e-08,9.560723360182148e-08,9.261753563074874e-06,0.003840668093582744,2.3678453390560338e-12,0.0075285144111303815,0.03980488869072507,5.7860950335566015
20,head,patch_head,dp_kfc,0.001,0.9900769832606761,0.001120921771306849,0.008373857728553803,0.5080581782736843,3.3128939901385377,1.2704931196956768e-07,154.7869163474667,0.11020324900746346,0.08568547354659953,0.10043953153699363,0.1355210764574395,0.2685504145203955,2.374871941662414e-09,0.28333145208294613,0.0010100224698756696,0.009074142631967914
