task,method,source,beta,seed,epoch,layer,research_only,cosA,relative_error_A,group,trace_S,trace_R,trace_R_block,layer_dimension,trace_S_per_dim,d_total,tau_layer,operator_state_bytes,geometry_power,lambda,condition_S,log_eigenvalue_spread_S,effective_rank_S,A_condition_raw,A_eigenvalue_min,A_eigenvalue_max,q_min,q_max,damping
vit,inverse_dp_kfm_a,pink,0.4,42,1,patch_embed,True,0.621153982490905,0.8487813064691657,patch_head,147648.0,2409.7658008674844,462675.033766557,147648,1.0,5526346,0.31911814821306284,79679648,inverse,0.001,18.60011495733937,0.41917113913987997,139641.4853974792,1492.0695620062106,0.01665302459148114,26.33854067029613,0.08623989604263028,1.6040719803019199,0.001
vit,inverse_dp_kfm_a,pink,0.4,42,1,blocks.0.attn.q_proj,True,0.3396325371922061,1.7188422276091564,attention_qkv,37056.0,896.4934210247017,172126.73683674273,37056,1.0,5526346,0.21528323072287459,79679648,inverse,0.001,41.520395163546695,1.0776001066117529,21321.49719279767,11108.455905783541,0.0,11.107455905783542,0.0821767050818631,3.4120092682371923,0.001
vit,inverse_dp_kfm_a,pink,0.4,42,1,blocks.0.attn.k_proj,True,0.3396325371922061,1.7188422276091564,attention_qkv,37056.0,896.4934210247017,172126.73683674273,37056,1.0,5526346,0.21528323072287459,79679648,inverse,0.001,41.520395163546695,1.0776001066117529,21321.49719279767,11108.455905783541,0.0,11.107455905783542,0.0821767050818631,3.4120092682371923,0.001
vit,inverse_dp_kfm_a,pink,0.4,42,1,blocks.0.attn.v_proj,True,0.3396325371922061,1.7188422276091564,attention_qkv,37056.0,896.4934210247017,172126.73683674273,37056,1.0,5526346,0.21528323072287459,79679648,inverse,0.001,41.520395163546695,1.0776001066117529,21321.49719279767,11108.455905783541,0.0,11.107455905783542,0.0821767050818631,3.4120092682371923,0.001
vit,inverse_dp_kfm_a,pink,0.4,42,1,blocks.0.attn.out_proj,True,0.10836942728802505,4.822867426418404,attention_out,37056.0,1301.4176667028273,249872.19200694285,37056,1.0,5526346,0.148299815607214,79679648,inverse,0.001,36.98846021949853,0.9348574426409373,27210.42105457156,8320.81050132666,1.9765805638229422e-06,8.336257253638838,0.0634938015305153,2.3485379520962004,0.001
vit,inverse_dp_kfm_a,pink,0.4,42,1,blocks.0.mlp.fc1,True,0.3641099132362489,1.9164945556238355,mlp_fc1,148224.0,684.9188615306548,526017.6856555429,148224,1.0,5526346,0.2817852023649694,79679648,inverse,0.001,70.27458933269197,1.1837928031986005,72499.35217052288,41399.56624741298,3.12211558544974e-11,41.398567539955295,0.06355063012505113,4.465994433871771,0.001
vit,inverse_dp_kfm_a,pink,0.4,42,1,blocks.0.mlp.fc2,True,0.1190921571486446,7.593671423422714,mlp_fc2,147648.0,2752.5615651208877,528491.8205032104,147648,1.0,5526346,0.2793761308536715,79679648,inverse,0.001,106.11110213118084,0.807564901407387,109042.18342636822,115985.06320138722,5.9067615111467074e-05,122.83502427324595,0.04078110580650129,4.32732808325615,0.001
vit,inverse_dp_kfm_a,pink,0.4,42,1,blocks.1.attn.q_proj,True,0.36522506393233223,2.1311724236103684,attention_qkv,37056.0,650.8887354925259,124970.63721456498,37056,1.0,5526346,0.2965176526737052,79679648,inverse,0.001,65.52127802215834,0.7800900186803563,27747.863852348964,34750.087291249554,0.0,34.74908729124956,0.07172460967690138,4.699488091671044,0.001
vit,inverse_dp_kfm_a,pink,0.4,42,1,blocks.1.attn.k_proj,True,0.36522506393233223,2.1311724236103684,attention_qkv,37056.0,650.8887354925259,124970.63721456498,37056,1.0,5526346,0.2965176526737052,79679648,inverse,0.001,65.52127802215834,0.7800900186803563,27747.863852348964,34750.087291249554,0.0,34.74908729124956,0.07172460967690138,4.699488091671044,0.001
vit,inverse_dp_kfm_a,pink,0.4,42,1,blocks.1.attn.v_proj,True,0.36522506393233223,2.1311724236103684,attention_qkv,37056.0,650.8887354925259,124970.63721456498,37056,1.0,5526346,0.2965176526737052,79679648,inverse,0.001,65.52127802215834,0.7800900186803563,27747.863852348964,34750.087291249554,0.0,34.74908729124956,0.07172460967690138,4.699488091671044,0.001
vit,inverse_dp_kfm_a,pink,0.4,42,1,blocks.1.attn.out_proj,True,0.144290203191076,3.923907957708787,attention_out,37056.0,1127.693924456602,216517.23349566758,37056,1.0,5526346,0.17114573007298967,79679648,inverse,0.001,65.86903100334976,0.5899123520523925,32760.538184563768,35213.01295543993,0.0001720687868649474,41.271073376542155,0.038645911373084735,2.5455687343864253,0.001
vit,inverse_dp_kfm_a,pink,0.4,42,1,blocks.1.mlp.fc1,True,0.23393590191609723,2.4326963686227363,mlp_fc1,148224.0,449.25253707556703,345025.9484740355,148224,1.0,5526346,0.42960247093170273,79679648,inverse,0.001,81.38232532856792,0.6672236810734911,117024.99690203986,59748.25651422537,1.871796404897139e-08,59.7483748799428,0.08366299821635308,6.808689338806643,0.001
vit,inverse_dp_kfm_a,pink,0.4,42,1,blocks.1.mlp.fc2,True,0.040200446112319925,3.058799579063516,mlp_fc2,147648.0,5609.223429297247,1076970.8984250715,147648,1.0,5526346,0.13709562646113818,79679648,inverse,0.001,61.877057812335806,0.6900270769394357,125500.33938266206,30117.86194318659,5.157681228265379e-07,30.13239577630458,0.03510786099341516,2.172371144356999,0.001
vit,inverse_dp_kfm_a,pink,0.4,42,1,blocks.2.attn.q_proj,True,0.3826682523551794,1.5533921232480628,attention_qkv,37056.0,503.9682273108269,96761.89964367876,37056,1.0,5526346,0.3829606501779834,79679648,inverse,0.001,59.55916386463332,0.6727739521151284,30256.459411710082,27376.09381263095,0.0,27.375093812630947,0.10190736203534591,6.06951727447568,0.001
vit,inverse_dp_kfm_a,pink,0.4,42,1,blocks.2.attn.k_proj,True,0.3826682523551794,1.5533921232480628,attention_qkv,37056.0,503.9682273108269,96761.89964367876,37056,1.0,5526346,0.3829606501779834,79679648,inverse,0.001,59.55916386463332,0.6727739521151284,30256.459411710082,27376.09381263095,0.0,27.375093812630947,0.10190736203534591,6.06951727447568,0.001
vit,inverse_dp_kfm_a,pink,0.4,42,1,blocks.2.attn.v_proj,True,0.3826682523551794,1.5533921232480628,attention_qkv,37056.0,503.9682273108269,96761.89964367876,37056,1.0,5526346,0.3829606501779834,79679648,inverse,0.001,59.55916386463332,0.6727739521151284,30256.459411710082,27376.09381263095,0.0,27.375093812630947,0.10190736203534591,6.06951727447568,0.001
vit,inverse_dp_kfm_a,pink,0.4,42,1,blocks.2.attn.out_proj,True,0.11636580509920338,1.8886769977209008,attention_out,37056.0,1153.460749855816,221464.46397231665,37056,1.0,5526346,0.16732255520972453,79679648,inverse,0.001,37.04510424332504,0.6843110258050025,31416.190348751807,8352.703263422924,0.0004491520330998839,12.103336916069365,0.06171320289622066,2.286172034479963,0.001
vit,inverse_dp_kfm_a,pink,0.4,42,1,blocks.2.mlp.fc1,True,0.2224458376863884,1.7094821731045011,mlp_fc1,148224.0,368.0031168388934,282626.3937322701,148224,1.0,5526346,0.5244520798026086,79679648,inverse,0.001,68.95940849536521,0.5912220372597603,120131.69375770449,39489.69860389064,0.0,39.48869860389064,0.12053475358726322,8.312005310512271,0.001
vit,inverse_dp_kfm_a,pink,0.4,42,1,blocks.2.mlp.fc2,True,0.17132748893572655,1.8734494675448976,mlp_fc2,147648.0,4979.8430730472855,956129.8700250788,147648,1.0,5526346,0.15442253675865944,79679648,inverse,0.001,38.47608204094171,0.5933058426940292,129209.23090663998,9182.841858747848,5.470411829847487e-05,9.684181126104978,0.06226838238079424,2.3958433890401687,0.001
vit,inverse_dp_kfm_a,pink,0.4,42,1,blocks.3.attn.q_proj,True,0.270330807126886,1.9068547056821001,attention_qkv,37056.0,365.8945060000544,70251.74515201044,37056,1.0,5526346,0.5274744409525824,79679648,inverse,0.001,69.84476993919904,0.5656478763228469,30794.239519035556,40769.43829237271,0.0,40.768438292372714,0.1196926629425113,8.359906506629796,0.001
vit,inverse_dp_kfm_a,pink,0.4,42,1,blocks.3.attn.k_proj,True,0.270330807126886,1.9068547056821001,attention_qkv,37056.0,365.8945060000544,70251.74515201044,37056,1.0,5526346,0.5274744409525824,79679648,inverse,0.001,69.84476993919904,0.5656478763228469,30794.239519035556,40769.43829237271,0.0,40.768438292372714,0.1196926629425113,8.359906506629796,0.001
vit,inverse_dp_kfm_a,pink,0.4,42,1,blocks.3.attn.v_proj,True,0.270330807126886,1.9068547056821001,attention_qkv,37056.0,365.8945060000544,70251.74515201044,37056,1.0,5526346,0.5274744409525824,79679648,inverse,0.001,69.84476993919904,0.5656478763228469,30794.239519035556,40769.43829237271,0.0,40.768438292372714,0.1196926629425113,8.359906506629796,0.001
vit,inverse_dp_kfm_a,pink,0.4,42,1,blocks.3.attn.out_proj,True,0.03096319252827678,2.2956173677552303,attention_out,37056.0,1255.987048384176,241149.5132897618,37056,1.0,5526346,0.1536640049340429,79679648,inverse,0.001,42.93183758641891,0.5650385821727861,32850.027357070794,12076.711576286898,0.00016967394175442026,14.124814832866734,0.053280310165917805,2.2874216225972077,0.001
vit,inverse_dp_kfm_a,pink,0.4,42,1,blocks.3.mlp.fc1,True,0.18025118275917792,2.483678467698164,mlp_fc1,148224.0,365.8885810508162,281002.43024702684,148224,1.0,5526346,0.5274829825126336,79679648,inverse,0.001,81.89715132805969,0.5339710263574474,125703.49968064914,60697.66569222287,0.0,60.69666569222287,0.10207976401700862,8.360041881233577,0.001
vit,inverse_dp_kfm_a,pink,0.4,42,1,blocks.3.mlp.fc2,True,0.15470164973298836,2.2165783745061423,mlp_fc2,147648.0,5622.83656995192,1079584.6214307686,147648,1.0,5526346,0.13676371177307323,79679648,inverse,0.001,42.347853176004676,0.5718855868269611,130787.17081757986,11670.205314471123,1.8357964796938175e-06,11.690629436304732,0.051147082057528506,2.1659691213532803,0.001
vit,inverse_dp_kfm_a,pink,0.4,42,1,blocks.4.attn.q_proj,True,0.2960674035963436,2.3393084714450256,attention_qkv,37056.0,378.7835684418034,72726.44514082625,37056,1.0,5526346,0.5095257980538632,79679648,inverse,0.001,72.39004563774184,0.5561203345890635,31301.07293010375,44585.85774784369,3.516147046757266e-08,44.58642545216417,0.11155299103776789,8.075326112250623,0.001
vit,inverse_dp_kfm_a,pink,0.4,42,1,blocks.4.attn.k_proj,True,0.2960674035963436,2.3393084714450256,attention_qkv,37056.0,378.7835684418034,72726.44514082625,37056,1.0,5526346,0.5095257980538632,79679648,inverse,0.001,72.39004563774184,0.5561203345890635,31301.07293010375,44585.85774784369,3.516147046757266e-08,44.58642545216417,0.11155299103776789,8.075326112250623,0.001
vit,inverse_dp_kfm_a,pink,0.4,42,1,blocks.4.attn.v_proj,True,0.2960674035963436,2.3393084714450256,attention_qkv,37056.0,378.7835684418034,72726.44514082625,37056,1.0,5526346,0.5095257980538632,79679648,inverse,0.001,72.39004563774184,0.5561203345890635,31301.07293010375,44585.85774784369,3.516147046757266e-08,44.58642545216417,0.11155299103776789,8.075326112250623,0.001
vit,inverse_dp_kfm_a,pink,0.4,42,1,blocks.4.attn.out_proj,True,0.11981143461313551,4.686292724752977,attention_out,37056.0,1442.537842615303,276967.26578213816,37056,1.0,5526346,0.1337919840287125,79679648,inverse,0.001,43.293382039543175,0.5737406931075343,33613.61981941861,12332.57554760612,0.00036914543479104125,16.884089510220544,0.04319452943591893,1.8700372648875319,0.001
vit,inverse_dp_kfm_a,pink,0.4,42,1,blocks.4.mlp.fc1,True,0.17858730292916236,3.2551235253766895,mlp_fc1,148224.0,370.88318011074034,284838.2823250486,148224,1.0,5526346,0.5203794896882975,79679648,inverse,0.001,88.31894890337573,0.5160736124439519,126806.07639836092,73305.19097912195,0.0,73.30419097912196,0.09338266826586379,8.24745910703371,0.001
vit,inverse_dp_kfm_a,pink,0.4,42,1,blocks.4.mlp.fc2,True,0.18460710087757812,3.471254232152399,mlp_fc2,147648.0,5691.461003640737,1092760.5126990215,147648,1.0,5526346,0.13511469190566058,79679648,inverse,0.001,46.397999972197034,0.5577773869877422,131899.33771410244,14663.85477021952,5.542775788898984e-05,15.475639362142557,0.045168109138177336,2.095709926537344,0.001
vit,inverse_dp_kfm_a,pink,0.4,42,1,blocks.5.attn.q_proj,True,0.28522367273552746,2.4959241243811983,attention_qkv,37056.0,361.1745972249693,69345.5226671941,37056,1.0,5526346,0.5343675925241876,79679648,inverse,0.001,78.82338034410715,0.527572896096354,31580.336931041602,55161.69963916279,1.728088311846855e-08,55.16165288204688,0.10744397180855364,8.46909705554715,0.001
vit,inverse_dp_kfm_a,pink,0.4,42,1,blocks.5.attn.k_proj,True,0.28522367273552746,2.4959241243811983,attention_qkv,37056.0,361.1745972249693,69345.5226671941,37056,1.0,5526346,0.5343675925241876,79679648,inverse,0.001,78.82338034410715,0.527572896096354,31580.336931041602,55161.69963916279,1.728088311846855e-08,55.16165288204688,0.10744397180855364,8.46909705554715,0.001
vit,inverse_dp_kfm_a,pink,0.4,42,1,blocks.5.attn.v_proj,True,0.28522367273552746,2.4959241243811983,attention_qkv,37056.0,361.1745972249693,69345.5226671941,37056,1.0,5526346,0.5343675925241876,79679648,inverse,0.001,78.82338034410715,0.527572896096354,31580.336931041602,55161.69963916279,1.728088311846855e-08,55.16165288204688,0.10744397180855364,8.46909705554715,0.001
vit,inverse_dp_kfm_a,pink,0.4,42,1,blocks.5.attn.out_proj,True,0.114549298883827,4.858133705609881,attention_out,37056.0,1211.822191405889,232669.8607499307,37056,1.0,5526346,0.15926428924039762,79679648,inverse,0.001,42.984783586550236,0.5155961320038214,34127.72078893041,12113.980253293186,0.000684507471470665,20.40509024592047,0.047666634162033324,2.0489399537542643,0.001
vit,inverse_dp_kfm_a,pink,0.4,42,1,blocks.5.mlp.fc1,True,0.1660334225184072,4.195165251919726,mlp_fc1,148224.0,383.8729874803542,294814.45438491204,148224,1.0,5526346,0.5027704639151702,79679648,inverse,0.001,102.76022418644874,0.4881673912833473,129104.17730754717,107044.06859959167,0.0,107.04306859959166,0.07754337750216297,7.968374856296694,0.001
vit,inverse_dp_kfm_a,pink,0.4,42,1,blocks.5.mlp.fc2,True,0.13436147271293303,3.893999695710711,mlp_fc2,147648.0,6563.334447598417,1260160.213938896,147648,1.0,5526346,0.11716605425789083,79679648,inverse,0.001,52.58334912373161,0.5863533017731027,131526.34617328207,20050.28771716422,1.2076929646683022e-06,20.073502308579815,0.03529749536475981,1.8560605219584636,0.001
vit,inverse_dp_kfm_a,pink,0.4,42,1,blocks.6.attn.q_proj,True,0.1664079526767589,3.630027224261625,attention_qkv,37056.0,429.5630407736065,82476.10382853245,37056,1.0,5526346,0.44929377455849884,79679648,inverse,0.001,86.54281210606906,0.5296256030398961,32050.258332679332,69675.08503820731,0.0,69.67408503820731,0.08228096908154274,7.1208264471292315,0.001
vit,inverse_dp_kfm_a,pink,0.4,42,1,blocks.6.attn.k_proj,True,0.1664079526767589,3.630027224261625,attention_qkv,37056.0,429.5630407736065,82476.10382853245,37056,1.0,5526346,0.44929377455849884,79679648,inverse,0.001,86.54281210606906,0.5296256030398961,32050.258332679332,69675.08503820731,0.0,69.67408503820731,0.08228096908154274,7.1208264471292315,0.001
vit,inverse_dp_kfm_a,pink,0.4,42,1,blocks.6.attn.v_proj,True,0.1664079526767589,3.630027224261625,attention_qkv,37056.0,429.5630407736065,82476.10382853245,37056,1.0,5526346,0.44929377455849884,79679648,inverse,0.001,86.54281210606906,0.5296256030398961,32050.258332679332,69675.08503820731,0.0,69.67408503820731,0.08228096908154274,7.1208264471292315,0.001
vit,inverse_dp_kfm_a,pink,0.4,42,1,blocks.6.attn.out_proj,True,0.07248219260873141,4.5861542909055775,attention_out,37056.0,1870.7527407037508,359184.52621512016,37056,1.0,5526346,0.10316702779619936,79679648,inverse,0.001,51.72832572978117,0.5305896427165089,34333.075873482085,19245.139124935296,0.00014389856861959035,22.01348709789836,0.029954183795081687,1.5494797763217176,0.001
vit,inverse_dp_kfm_a,pink,0.4,42,1,blocks.6.mlp.fc1,True,0.13727009054607686,4.071613246199397,mlp_fc1,148224.0,390.8785948891332,300194.7608748543,148224,1.0,5526346,0.49375944992521664,79679648,inverse,0.001,111.89683099393565,0.5239818582103063,127765.06128367485,132447.71428175262,0.0,132.4467142817526,0.06993549182301967,7.8255599089982,0.001
vit,inverse_dp_kfm_a,pink,0.4,42,1,blocks.6.mlp.fc2,True,0.10025464659780577,3.651300849771205,mlp_fc2,147648.0,6845.34213966634,1314305.6908159372,147648,1.0,5526346,0.11233916206231923,79679648,inverse,0.001,50.91883010229858,0.5783632533967336,132569.53441444074,18501.03574171259,3.3278511213901527e-06,18.561604434252526,0.03492011104954598,1.778091201685231,0.001
vit,inverse_dp_kfm_a,pink,0.4,42,1,blocks.7.attn.q_proj,True,0.16329605700408437,3.9595461603797273,attention_qkv,37056.0,431.0811568007278,82767.58210573974,37056,1.0,5526346,0.4477115201052883,79679648,inverse,0.001,93.71929315515906,0.5385813018021701,31987.028546433492,85030.06499853947,4.67892526675254e-09,85.02946284785902,0.07571265088519614,7.095736123863912,0.001
vit,inverse_dp_kfm_a,pink,0.4,42,1,blocks.7.attn.k_proj,True,0.16329605700408437,3.9595461603797273,attention_qkv,37056.0,431.0811568007278,82767.58210573974,37056,1.0,5526346,0.4477115201052883,79679648,inverse,0.001,93.71929315515906,0.5385813018021701,31987.028546433492,85030.06499853947,4.67892526675254e-09,85.02946284785902,0.07571265088519614,7.095736123863912,0.001
vit,inverse_dp_kfm_a,pink,0.4,42,1,blocks.7.attn.v_proj,True,0.16329605700408437,3.9595461603797273,attention_qkv,37056.0,431.0811568007278,82767.58210573974,37056,1.0,5526346,0.4477115201052883,79679648,inverse,0.001,93.71929315515906,0.5385813018021701,31987.028546433492,85030.06499853947,4.67892526675254e-09,85.02946284785902,0.07571265088519614,7.095736123863912,0.001
vit,inverse_dp_kfm_a,pink,0.4,42,1,blocks.7.attn.out_proj,True,0.09858226395399361,4.509750689347321,attention_out,37056.0,1851.0068215406266,355393.3097358003,37056,1.0,5526346,0.1042675790029572,79679648,inverse,0.001,48.3307495030297,0.5182862216759362,34503.284213693885,16238.982931986242,0.0001864435349113614,19.26563631319102,0.031932059507954184,1.5433003691947713,0.001
vit,inverse_dp_kfm_a,pink,0.4,42,1,blocks.7.mlp.fc1,True,0.15540215586619216,4.020683547920182,mlp_fc1,148224.0,360.39132939854227,276780.5409780805,148224,1.0,5526346,0.5355289771318806,79679648,inverse,0.001,134.80601478298132,0.5538002131348051,123889.65980775423,210995.49126896792,0.0,210.99449126896792,0.06296130269768443,8.48756230221981,0.001
vit,inverse_dp_kfm_a,pink,0.4,42,1,blocks.7.mlp.fc2,True,0.998581504800731,0.15563722430145224,mlp_fc2,147648.0,6467.720660600073,1241802.366835214,147648,1.0,5526346,0.1188981467125781,79679648,inverse,0.001,208.9895498273157,0.6551448760795229,129649.56937717908,631409.9570135395,7.743165046583651e-06,636.2980685227516,0.008988983231083913,1.878603558869517,0.001
vit,inverse_dp_kfm_a,pink,0.4,42,1,blocks.8.attn.q_proj,True,0.29995861146002356,3.4067457186357095,attention_qkv,37056.0,418.9264290875089,80433.8743848017,37056,1.0,5526346,0.4607014181950419,79679648,inverse,0.001,113.96191192763841,0.5526153170307991,32049.12650534176,138643.43724534087,5.932463958456477e-08,138.6506622172862,0.06406923183122515,7.301452155221526,0.001
vit,inverse_dp_kfm_a,pink,0.4,42,1,blocks.8.attn.k_proj,True,0.29995861146002356,3.4067457186357095,attention_qkv,37056.0,418.9264290875089,80433.8743848017,37056,1.0,5526346,0.4607014181950419,79679648,inverse,0.001,113.96191192763841,0.5526153170307991,32049.12650534176,138643.43724534087,5.932463958456477e-08,138.6506622172862,0.06406923183122515,7.301452155221526,0.001
vit,inverse_dp_kfm_a,pink,0.4,42,1,blocks.8.attn.v_proj,True,0.29995861146002356,3.4067457186357095,attention_qkv,37056.0,418.9264290875089,80433.8743848017,37056,1.0,5526346,0.4607014181950419,79679648,inverse,0.001,113.96191192763841,0.5526153170307991,32049.12650534176,138643.43724534087,5.932463958456477e-08,138.6506622172862,0.06406923183122515,7.301452155221526,0.001
vit,inverse_dp_kfm_a,pink,0.4,42,1,blocks.8.attn.out_proj,True,0.24995600739235924,1.4483544418616243,attention_out,37056.0,2587.735183988966,496845.1553258815,37056,1.0,5526346,0.07458259299256911,79679648,inverse,0.001,30.400201570451344,0.4027940295255669,35914.566241160705,5095.55106340334,2.463224590691488e-05,5.2200659302283325,0.038506478858866273,1.1706047190778581,0.001
vit,inverse_dp_kfm_a,pink,0.4,42,1,blocks.8.mlp.fc1,True,0.2404947275668351,3.3779677045983925,mlp_fc1,148224.0,322.6532888857897,247797.7258642865,148224,1.0,5526346,0.5981652958396362,79679648,inverse,0.001,151.10457836094673,0.5702621253982734,123396.43472415891,280668.7486610691,0.0,280.66774866106914,0.06273986636448252,9.480281053427277,0.001
vit,inverse_dp_kfm_a,pink,0.4,42,1,blocks.8.mlp.fc2,True,0.11895514113759215,3.2658339932484397,mlp_fc2,147648.0,6094.965627015389,1170233.4003869547,147648,1.0,5526346,0.12616970251505216,79679648,inverse,0.001,52.617811729751246,0.6569026424457082,127651.96167980395,20083.1557668139,9.674646328452905e-07,20.101585509734214,0.03798868949220325,1.99888171156073,0.001
vit,inverse_dp_kfm_a,pink,0.4,42,1,blocks.9.attn.q_proj,True,0.2604439110064746,3.619839984250382,attention_qkv,37056.0,367.5881564794124,70576.92604404718,37056,1.0,5526346,0.5250441196159958,79679648,inverse,0.001,114.26401847198306,0.529997357419255,32060.9405465273,139564.10455505605,0.0,139.56310455505604,0.07282597461992522,8.321388509211305,0.001
vit,inverse_dp_kfm_a,pink,0.4,42,1,blocks.9.attn.k_proj,True,0.2604439110064746,3.619839984250382,attention_qkv,37056.0,367.5881564794124,70576.92604404718,37056,1.0,5526346,0.5250441196159958,79679648,inverse,0.001,114.26401847198306,0.529997357419255,32060.9405465273,139564.10455505605,0.0,139.56310455505604,0.07282597461992522,8.321388509211305,0.001
vit,inverse_dp_kfm_a,pink,0.4,42,1,blocks.9.attn.v_proj,True,0.2604439110064746,3.619839984250382,attention_qkv,37056.0,367.5881564794124,70576.92604404718,37056,1.0,5526346,0.5250441196159958,79679648,inverse,0.001,114.26401847198306,0.529997357419255,32060.9405465273,139564.10455505605,0.0,139.56310455505604,0.07282597461992522,8.321388509211305,0.001
vit,inverse_dp_kfm_a,pink,0.4,42,1,blocks.9.attn.out_proj,True,0.3917987070551383,1.2324320075525947,attention_out,37056.0,2662.701706697976,511238.7276860114,37056,1.0,5526346,0.0724827717331281,79679648,inverse,0.001,25.26214526187528,0.3692164889137268,36124.57492704767,3207.565770077828,2.0918654918177373e-05,3.273663731549444,0.045099124224032595,1.1393006273308697,0.001
vit,inverse_dp_kfm_a,pink,0.4,42,1,blocks.9.mlp.fc1,True,0.24250496336023913,3.349540734600931,mlp_fc1,148224.0,287.0204666758657,220431.71840706485,148224,1.0,5526346,0.6724259152499962,79679648,inverse,0.001,151.8255268903919,0.5417258457695262,124303.816997544,284028.54719761916,0.0,284.0275471976192,0.07019394415034931,10.657232555141528,0.001
vit,inverse_dp_kfm_a,pink,0.4,42,1,blocks.9.mlp.fc2,True,0.12760597757906111,4.12959558397756,mlp_fc2,147648.0,5721.547151717925,1098537.0531298416,147648,1.0,5526346,0.13440420564726163,79679648,inverse,0.001,53.74215453003682,0.6655736762562229,126079.57547771739,21173.257703444593,6.468652857493499e-06,21.309220157390424,0.03953463047603105,2.1246762203307634,0.001
vit,inverse_dp_kfm_a,pink,0.4,42,1,blocks.10.attn.q_proj,True,0.2531010967175296,3.0870658864225646,attention_qkv,37056.0,325.2404473415022,62446.16588956842,37056,1.0,5526346,0.593407128718373,79679648,inverse,0.001,109.45114596359264,0.5102368414287691,31880.389930779882,125328.77148178311,0.0,125.32777148178312,0.08592755337404004,9.404869186636452,0.001
vit,inverse_dp_kfm_a,pink,0.4,42,1,blocks.10.attn.k_proj,True,0.2531010967175296,3.0870658864225646,attention_qkv,37056.0,325.2404473415022,62446.16588956842,37056,1.0,5526346,0.593407128718373,79679648,inverse,0.001,109.45114596359264,0.5102368414287691,31880.389930779882,125328.77148178311,0.0,125.32777148178312,0.08592755337404004,9.404869186636452,0.001
vit,inverse_dp_kfm_a,pink,0.4,42,1,blocks.10.attn.v_proj,True,0.2531010967175296,3.0870658864225646,attention_qkv,37056.0,325.2404473415022,62446.16588956842,37056,1.0,5526346,0.593407128718373,79679648,inverse,0.001,109.45114596359264,0.5102368414287691,31880.389930779882,125328.77148178311,0.0,125.32777148178312,0.08592755337404004,9.404869186636452,0.001
vit,inverse_dp_kfm_a,pink,0.4,42,1,blocks.10.attn.out_proj,True,0.37076967401987454,2.050561253646849,attention_out,37056.0,2449.9222631496477,470385.07452473236,37056,1.0,5526346,0.07877800977728862,79679648,inverse,0.001,31.867996521257115,0.4433037403126163,35418.725617857606,5733.0654883435445,1.4257570903825214e-05,5.813805076039876,0.03895748753485308,1.2414970772376153,0.001
vit,inverse_dp_kfm_a,pink,0.4,42,1,blocks.10.mlp.fc1,True,0.2990270676149086,2.695934457813629,mlp_fc1,148224.0,274.2710819735446,210640.19095568225,148224,1.0,5526346,0.7036833727101286,79679648,inverse,0.001,138.8727801449064,0.519801102070621,124346.60397446313,227270.3730013338,5.3500449874408175e-08,227.28153206853247,0.0803065309096451,11.15239121121527,0.001
vit,inverse_dp_kfm_a,pink,0.4,42,1,blocks.10.mlp.fc2,True,0.300434291083462,3.977497475627046,mlp_fc2,147648.0,5633.841267355759,1081697.5233323057,147648,1.0,5526346,0.13649656841697455,79679648,inverse,0.001,46.374994001074455,0.634955699132371,127280.0939951094,14645.684225476169,6.363205766586637e-06,14.737877727795325,0.04653031222912265,2.1578429504936842,0.001
vit,inverse_dp_kfm_a,pink,0.4,42,1,blocks.11.attn.q_proj,True,0.3644568428462474,2.784838827888831,attention_qkv,37056.0,311.0906606068069,59729.406836506925,37056,1.0,5526346,0.6203979239477594,79679648,inverse,0.001,114.05752394903162,0.5006268843860031,31780.845743312726,138934.4187096366,7.711658209220242e-08,138.94413285714248,0.08620510804364047,9.832341175216381,0.001
vit,inverse_dp_kfm_a,pink,0.4,42,1,blocks.11.attn.k_proj,True,0.3644568428462474,2.784838827888831,attention_qkv,37056.0,311.0906606068069,59729.406836506925,37056,1.0,5526346,0.6203979239477594,79679648,inverse,0.001,114.05752394903162,0.5006268843860031,31780.845743312726,138934.4187096366,7.711658209220242e-08,138.94413285714248,0.08620510804364047,9.832341175216381,0.001
vit,inverse_dp_kfm_a,pink,0.4,42,1,blocks.11.attn.v_proj,True,0.3644568428462474,2.784838827888831,attention_qkv,37056.0,311.0906606068069,59729.406836506925,37056,1.0,5526346,0.6203979239477594,79679648,inverse,0.001,114.05752394903162,0.5006268843860031,31780.845743312726,138934.4187096366,7.711658209220242e-08,138.94413285714248,0.08620510804364047,9.832341175216381,0.001
vit,inverse_dp_kfm_a,pink,0.4,42,1,blocks.11.attn.out_proj,True,0.6801204466225397,1.2942010208110768,attention_out,37056.0,2562.8933479319703,492075.5228029383,37056,1.0,5526346,0.07530551365148848,79679648,inverse,0.001,32.1437793925582,0.3723447989234473,36054.354033483294,5857.905306127168,1.6042309495672722e-05,5.950879636044403,0.03689479649228655,1.185938199181389,0.001
vit,inverse_dp_kfm_a,pink,0.4,42,1,blocks.11.mlp.fc1,True,0.5142852613469918,1.7317356690908488,mlp_fc1,148224.0,312.85378119015866,240271.70395404185,148224,1.0,5526346,0.6169016058101942,79679648,inverse,0.001,129.7415532484715,0.5087546269885334,126839.28844561588,191733.3817623433,0.0,191.73238176234332,0.07535929168309266,9.777231554669061,0.001
vit,inverse_dp_kfm_a,pink,0.4,42,1,blocks.11.mlp.fc2,True,0.8415028137170562,0.6481983922810607,mlp_fc2,147648.0,7144.980331023952,1371836.2235565989,147648,1.0,5526346,0.10762800796818905,79679648,inverse,0.001,64.52229043931226,0.6127182317256167,130872.42473660095,33440.62913159968,3.6880751126334945e-08,33.44086244712019,0.02643681425742236,1.705763807807557,0.001
vit,inverse_dp_kfm_a,pink,0.4,42,1,head,True,0.012687905704597671,2.473683721071092,patch_head,1929.9999999999998,577.2484112449138,5772.484112449138,1930,0.9999999999999999,5526346,0.3343447920173042,79679648,inverse,0.001,369.20599064782687,0.7214872669330986,1593.7730207755121,2619219.21374128,2.885198136127076e-07,2619.9739103806396,0.01435078671045678,5.298396424009864,0.001
vit,inverse_dp_kfm_a,pink,0.4,42,1,identity,True,,,identity,47616.0,47616.0,,47616,1.0,5526346,1.0,79679648,inverse,0.001,1.0,0.0,47616.0,,,,1.0,1.0,0.001
vit,inverse_dp_kfm_a,pink,0.4,42,2,patch_embed,True,0.622141685281719,0.8482525697112409,patch_head,147648.0,2410.7383246296113,462861.75832888536,147648,1.0,5526346,0.31898941172644696,79679648,inverse,0.001,18.619568932321958,0.41915512753378126,139642.95212089006,1495.9740348223213,0.016635886213732465,26.381827856824707,0.08614850201639543,1.604047971710552,0.001
vit,inverse_dp_kfm_a,pink,0.4,42,2,blocks.0.attn.q_proj,True,0.3407254706982969,1.7130641728818754,attention_qkv,37056.0,892.8280229968794,171422.98041540085,37056,1.0,5526346,0.21616705012480839,79679648,inverse,0.001,41.44799657234795,1.0755063105362093,21364.38534115169,11060.095027494317,5.843153159295389e-09,11.059159653323519,0.08265800853192522,3.426008854308344,0.001
vit,inverse_dp_kfm_a,pink,0.4,42,2,blocks.0.attn.k_proj,True,0.3407254706982969,1.7130641728818754,attention_qkv,37056.0,892.8280229968794,171422.98041540085,37056,1.0,5526346,0.21616705012480839,79679648,inverse,0.001,41.44799657234795,1.0755063105362093,21364.38534115169,11060.095027494317,5.843153159295389e-09,11.059159653323519,0.08265800853192522,3.426008854308344,0.001
vit,inverse_dp_kfm_a,pink,0.4,42,2,blocks.0.attn.v_proj,True,0.3407254706982969,1.7130641728818754,attention_qkv,37056.0,892.8280229968794,171422.98041540085,37056,1.0,5526346,0.21616705012480839,79679648,inverse,0.001,41.44799657234795,1.0755063105362093,21364.38534115169,11060.095027494317,5.843153159295389e-09,11.059159653323519,0.08265800853192522,3.426008854308344,0.001
vit,inverse_dp_kfm_a,pink,0.4,42,2,blocks.0.attn.out_proj,True,0.10121214776288054,4.655459316413417,attention_out,37056.0,1291.3446778065202,247938.1781388519,37056,1.0,5526346,0.14945661163666238,79679648,inverse,0.001,36.942397070413456,0.9325694550578176,27209.692623089642,8294.929130545845,2.1642928085561164e-06,8.311881786010568,0.0640640647187923,2.3666801167862905,0.001
vit,inverse_dp_kfm_a,pink,0.4,42,2,blocks.0.mlp.fc1,True,0.36395406055318325,1.8724995720829116,mlp_fc1,148224.0,681.9849274953294,523764.424316413,148224,1.0,5526346,0.28299745671625826,79679648,inverse,0.001,70.17042985974176,1.1809203114240083,72614.55752579152,41246.33288501475,2.1432251026454362e-12,41.24533297341493,0.06391876794048539,4.485207422488941,0.001
vit,inverse_dp_kfm_a,pink,0.4,42,2,blocks.0.mlp.fc2,True,0.11851159900239355,7.360261287877551,mlp_fc2,147648.0,2754.5663665561256,528876.7423787761,147648,1.0,5526346,0.2791727980623811,79679648,inverse,0.001,105.92572644515602,0.8072307689033136,109099.70579340591,115479.16308684424,5.861427180449845e-05,122.24689013977253,0.04082973398576894,4.32491923300505,0.001
vit,inverse_dp_kfm_a,pink,0.4,42,2,blocks.1.attn.q_proj,True,0.3662141745878594,2.140206747521303,attention_qkv,37056.0,649.3104877509243,124667.61364817746,37056,1.0,5526346,0.29723838385625284,79679648,inverse,0.001,65.43129394170926,0.7789925320114048,27762.289362125237,34630.899499734114,1.410274514643948e-13,34.629899504618024,0.07199782591874532,4.710910910853438,0.001
vit,inverse_dp_kfm_a,pink,0.4,42,2,blocks.1.attn.k_proj,True,0.3662141745878594,2.140206747521303,attention_qkv,37056.0,649.3104877509243,124667.61364817746,37056,1.0,5526346,0.29723838385625284,79679648,inverse,0.001,65.43129394170926,0.7789925320114048,27762.289362125237,34630.899499734114,1.410274514643948e-13,34.629899504618024,0.07199782591874532,4.710910910853438,0.001
vit,inverse_dp_kfm_a,pink,0.4,42,2,blocks.1.attn.v_proj,True,0.3662141745878594,2.140206747521303,attention_qkv,37056.0,649.3104877509243,124667.61364817746,37056,1.0,5526346,0.29723838385625284,79679648,inverse,0.001,65.43129394170926,0.7789925320114048,27762.289362125237,34630.899499734114,1.410274514643948e-13,34.629899504618024,0.07199782591874532,4.710910910853438,0.001
vit,inverse_dp_kfm_a,pink,0.4,42,2,blocks.1.attn.out_proj,True,0.1420526064180672,3.971852454548236,attention_out,37056.0,1125.1824789442567,216035.03595729728,37056,1.0,5526346,0.17152773315586042,79679648,inverse,0.001,65.80621847792257,0.5896552968578507,32766.21943935494,35129.12540610234,0.0001741110041773737,41.244492706431714,0.03874215281380489,2.5494745723703067,0.001
vit,inverse_dp_kfm_a,pink,0.4,42,2,blocks.1.mlp.fc1,True,0.22899198124165845,2.473350072483517,mlp_fc1,148224.0,447.23776334175517,343478.60224646796,148224,1.0,5526346,0.43153779895039796,79679648,inverse,0.001,80.98083139139729,0.6654734544911127,117149.82148859417,59014.07141105196,0.0,59.01307141105197,0.08445718673108049,6.8394131984613855,0.001
vit,inverse_dp_kfm_a,pink,0.4,42,2,blocks.1.mlp.fc2,True,0.043331934627407,3.212941078233422,mlp_fc2,147648.0,5592.496692070071,1073759.3648774535,147648,1.0,5526346,0.13750566917463006,79679648,inverse,0.001,61.57914862308156,0.688884262177442,125513.3796543093,29756.66121048312,6.837281755863124e-07,29.776006678164098,0.035380843993058866,2.178722250658634,0.001
vit,inverse_dp_kfm_a,pink,0.4,42,2,blocks.2.attn.q_proj,True,0.39882361964279184,1.5535039198030751,attention_qkv,37056.0,502.1957073171725,96421.57580489712,37056,1.0,5526346,0.3843123252308222,79679648,inverse,0.001,59.3121149586002,0.671354564886288,30270.552062859202,27093.089152393724,0.0,27.092089152393722,0.10269301448150664,6.090939880372317,0.001
vit,inverse_dp_kfm_a,pink,0.4,42,2,blocks.2.attn.k_proj,True,0.39882361964279184,1.5535039198030751,attention_qkv,37056.0,502.1957073171725,96421.57580489712,37056,1.0,5526346,0.3843123252308222,79679648,inverse,0.001,59.3121149586002,0.671354564886288,30270.552062859202,27093.089152393724,0.0,27.092089152393722,0.10269301448150664,6.090939880372317,0.001
vit,inverse_dp_kfm_a,pink,0.4,42,2,blocks.2.attn.v_proj,True,0.39882361964279184,1.5535039198030751,attention_qkv,37056.0,502.1957073171725,96421.57580489712,37056,1.0,5526346,0.3843123252308222,79679648,inverse,0.001,59.3121149586002,0.671354564886288,30270.552062859202,27093.089152393724,0.0,27.092089152393722,0.10269301448150664,6.090939880372317,0.001
vit,inverse_dp_kfm_a,pink,0.4,42,2,blocks.2.attn.out_proj,True,0.13253180931067665,1.9816478878084165,attention_out,37056.0,1150.2199117041755,220842.2230472017,37056,1.0,5526346,0.1677940001178119,79679648,inverse,0.001,36.896374805294485,0.684232317020126,31408.372356240157,8269.119028407093,0.0004538134312588142,12.020756308176068,0.06205678318176745,2.2896703314853872,0.001
vit,inverse_dp_kfm_a,pink,0.4,42,2,blocks.2.mlp.fc1,True,0.23493982512411385,1.7609718083091392,mlp_fc1,148224.0,367.01007133617003,281863.73478617857,148224,1.0,5526346,0.5258711274525704,79679648,inverse,0.001,68.70571596441101,0.58976476219311,120192.99151173129,39127.506666572735,3.975513822024038e-08,39.128062186008485,0.12130523714370672,8.334363168191036,0.001
vit,inverse_dp_kfm_a,pink,0.4,42,2,blocks.2.mlp.fc2,True,0.19557246883400078,2.0167514667725004,mlp_fc2,147648.0,4975.740229328113,955342.1240309977,147648,1.0,5526346,0.1545498688752568,79679648,inverse,0.001,38.3046320693719,0.5930596297078001,129208.52585318594,9080.886296531491,5.6339088216244284e-05,9.591495150673463,0.06255989420294393,2.3963337297425995,0.001
vit,inverse_dp_kfm_a,pink,0.4,42,2,blocks.3.attn.q_proj,True,0.2767491062306112,1.9077939741679453,attention_qkv,37056.0,365.01251454942957,70082.40279349047,37056,1.0,5526346,0.5287489943686963,79679648,inverse,0.001,69.547842424063,0.5645382996447675,30807.218433067937,40337.51627659101,5.2582613457619966e-08,40.33863732861723,0.12049159646363267,8.379930564276513,0.001
vit,inverse_dp_kfm_a,pink,0.4,42,2,blocks.3.attn.k_proj,True,0.2767491062306112,1.9077939741679453,attention_qkv,37056.0,365.01251454942957,70082.40279349047,37056,1.0,5526346,0.5287489943686963,79679648,inverse,0.001,69.547842424063,0.5645382996447675,30807.218433067937,40337.51627659101,5.2582613457619966e-08,40.33863732861723,0.12049159646363267,8.379930564276513,0.001
vit,inverse_dp_kfm_a,pink,0.4,42,2,blocks.3.attn.v_proj,True,0.2767491062306112,1.9077939741679453,attention_qkv,37056.0,365.01251454942957,70082.40279349047,37056,1.0,5526346,0.5287489943686963,79679648,inverse,0.001,69.547842424063,0.5645382996447675,30807.218433067937,40337.51627659101,5.2582613457619966e-08,40.33863732861723,0.12049159646363267,8.379930564276513,0.001
vit,inverse_dp_kfm_a,pink,0.4,42,2,blocks.3.attn.out_proj,True,0.02772111836276138,2.127855891523445,attention_out,37056.0,1253.6739127598282,240705.391249887,37056,1.0,5526346,0.15394752816953117,79679648,inverse,0.001,42.601008684184436,0.5648538829615747,32846.24749656952,11845.399313239777,0.00017909246439641187,13.965821068007454,0.05362084978178055,2.2843022872069825,0.001
vit,inverse_dp_kfm_a,pink,0.4,42,2,blocks.3.mlp.fc1,True,0.16952019534111012,2.299871641671232,mlp_fc1,148224.0,365.09748139262615,280394.8657095369,148224,1.0,5526346,0.5286259419369909,79679648,inverse,0.001,81.5634714626625,0.533113136179911,125717.66526847956,60081.29076120122,0.0,60.080290761201226,0.10271947008996662,8.378156567342808,0.001
vit,inverse_dp_kfm_a,pink,0.4,42,2,blocks.3.mlp.fc2,True,0.16844119876145008,2.0156518604723166,mlp_fc2,147648.0,5617.982476013647,1078652.6353946202,147648,1.0,5526346,0.13688187944396357,79679648,inverse,0.001,42.21357104606215,0.57114711288111,130816.61782028161,11577.911667637167,1.5230878030292836e-06,11.594545843682695,0.05136052811456483,2.1681113025274548,0.001
vit,inverse_dp_kfm_a,pink,0.4,42,2,blocks.4.attn.q_proj,True,0.3001305825101679,2.2608009471025645,attention_qkv,37055.99999999999,377.3086743535671,72443.26547588488,37056,0.9999999999999998,5526346,0.5115175269443825,79679648,inverse,0.001,71.96382258326709,0.555330199902588,31297.863663890064,43932.46386440959,0.0,43.931463864409594,0.11265391653433357,8.107006462786961,0.001
vit,inverse_dp_kfm_a,pink,0.4,42,2,blocks.4.attn.k_proj,True,0.3001305825101679,2.2608009471025645,attention_qkv,37055.99999999999,377.3086743535671,72443.26547588488,37056,0.9999999999999998,5526346,0.5115175269443825,79679648,inverse,0.001,71.96382258326709,0.555330199902588,31297.863663890064,43932.46386440959,0.0,43.931463864409594,0.11265391653433357,8.107006462786961,0.001
vit,inverse_dp_kfm_a,pink,0.4,42,2,blocks.4.attn.v_proj,True,0.3001305825101679,2.2608009471025645,attention_qkv,37055.99999999999,377.3086743535671,72443.26547588488,37056,0.9999999999999998,5526346,0.5115175269443825,79679648,inverse,0.001,71.96382258326709,0.555330199902588,31297.863663890064,43932.46386440959,0.0,43.931463864409594,0.11265391653433357,8.107006462786961,0.001
vit,inverse_dp_kfm_a,pink,0.4,42,2,blocks.4.attn.out_proj,True,0.12440967201522783,4.3628228619274685,attention_out,37055.99999999999,1434.0319964003174,275334.14330886095,37056,0.9999999999999998,5526346,0.1345855604926984,79679648,inverse,0.001,42.9605989883148,0.5734099807662983,33610.06308999055,12096.948172040127,0.00036527672887600826,16.51468182970555,0.04383690299999394,1.8832596106723938,0.001
vit,inverse_dp_kfm_a,pink,0.4,42,2,blocks.4.mlp.fc1,True,0.17434308642388113,3.0446769227278243,mlp_fc1,148224.0,369.3928272186616,283693.6913039321,148224,1.0,5526346,0.5224790136104995,79679648,inverse,0.001,87.81365875992289,0.5147489419918586,126820.57931208191,72261.20194722763,0.0,72.26020194722763,0.09429893294151197,8.280734318750783,0.001
vit,inverse_dp_kfm_a,pink,0.4,42,2,blocks.4.mlp.fc2,True,0.1890874189002016,3.1605248729051896,mlp_fc2,147648.0,5674.214595302038,1089449.2022979914,147648,1.0,5526346,0.13552536427450118,79679648,inverse,0.001,45.82574097293947,0.5557492834227348,131956.70387195877,14215.87970768431,6.381370432085249e-05,15.122047652011284,0.04572617299170502,2.095435759201695,0.001
vit,inverse_dp_kfm_a,pink,0.4,42,2,blocks.5.attn.q_proj,True,0.283056463324901,2.375282951635739,attention_qkv,37056.0,358.899502634205,68908.70450576737,37056,1.0,5526346,0.5377549943185852,79679648,inverse,0.001,78.23620486034272,0.5253353019039334,31587.54871271456,54140.147923751385,0.0,54.13914792375139,0.1089373176049221,8.522842297074906,0.001
vit,inverse_dp_kfm_a,pink,0.4,42,2,blocks.5.attn.k_proj,True,0.283056463324901,2.375282951635739,attention_qkv,37056.0,358.899502634205,68908.70450576737,37056,1.0,5526346,0.5377549943185852,79679648,inverse,0.001,78.23620486034272,0.5253353019039334,31587.54871271456,54140.147923751385,0.0,54.13914792375139,0.1089373176049221,8.522842297074906,0.001
vit,inverse_dp_kfm_a,pink,0.4,42,2,blocks.5.attn.v_proj,True,0.283056463324901,2.375282951635739,attention_qkv,37056.0,358.899502634205,68908.70450576737,37056,1.0,5526346,0.5377549943185852,79679648,inverse,0.001,78.23620486034272,0.5253353019039334,31587.54871271456,54140.147923751385,0.0,54.13914792375139,0.1089373176049221,8.522842297074906,0.001
vit,inverse_dp_kfm_a,pink,0.4,42,2,blocks.5.attn.out_proj,True,0.11562362453011335,4.120479166090135,attention_out,37056.0,1206.5889910208684,231665.08627600674,37056,1.0,5526346,0.15995504802070748,79679648,inverse,0.001,42.91588325137149,0.5144111751047645,34129.01768289359,12065.494830438629,0.0006810022663156363,20.281124154186926,0.04799020175958872,2.0595418959242724,0.001
vit,inverse_dp_kfm_a,pink,0.4,42,2,blocks.5.mlp.fc1,True,0.16495417070322732,3.8617375476776443,mlp_fc1,148224.0,382.7649631220679,293963.49167774816,148224,1.0,5526346,0.5042258790506126,79679648,inverse,0.001,102.71664108739603,0.48637929831547555,129132.59050538045,106930.60474763188,0.0,106.92960474763187,0.07780084655319756,7.991441631700368,0.001
vit,inverse_dp_kfm_a,pink,0.4,42,2,blocks.5.mlp.fc2,True,0.13448050227214206,3.7347539559547713,mlp_fc2,147648.0,6547.410452200147,1257102.8068224282,147648,1.0,5526346,0.11745101450629088,79679648,inverse,0.001,52.72297495657354,0.5867830605953455,131485.20023495523,20183.65293140211,1.6174929119465047e-06,20.21529984695584,0.03528386114320657,1.860270127424498,0.001
vit,inverse_dp_kfm_a,pink,0.4,42,2,blocks.6.attn.q_proj,True,0.16820021760647322,3.417703388944212,attention_qkv,37056.0,428.4791120855088,82267.98952041769,37056,1.0,5526346,0.450430358344946,79679648,inverse,0.001,86.39422071174714,0.5288703908665892,32044.59572976018,69376.3950139749,0.0,69.37539501397491,0.08263099114008873,7.138840086187249,0.001
vit,inverse_dp_kfm_a,pink,0.4,42,2,blocks.6.attn.k_proj,True,0.16820021760647322,3.417703388944212,attention_qkv,37056.0,428.4791120855088,82267.98952041769,37056,1.0,5526346,0.450430358344946,79679648,inverse,0.001,86.39422071174714,0.5288703908665892,32044.59572976018,69376.3950139749,0.0,69.37539501397491,0.08263099114008873,7.138840086187249,0.001
vit,inverse_dp_kfm_a,pink,0.4,42,2,blocks.6.attn.v_proj,True,0.16820021760647322,3.417703388944212,attention_qkv,37056.0,428.4791120855088,82267.98952041769,37056,1.0,5526346,0.450430358344946,79679648,inverse,0.001,86.39422071174714,0.5288703908665892,32044.59572976018,69376.3950139749,0.0,69.37539501397491,0.08263099114008873,7.138840086187249,0.001
vit,inverse_dp_kfm_a,pink,0.4,42,2,blocks.6.attn.out_proj,True,0.06336900396703042,4.21383112411171,attention_out,37056.0,1871.9635504200512,359417.0016806498,37056,1.0,5526346,0.10310029805692135,79679648,inverse,0.001,52.05845686329196,0.5300194761300585,34340.385276142704,19553.66750644789,0.00014156370950991058,22.32075721318406,0.029769296302063323,1.5497436273915204,0.001
vit,inverse_dp_kfm_a,pink,0.4,42,2,blocks.6.mlp.fc1,True,0.13176135611107037,3.71366498530169,mlp_fc1,148224.0,391.6169382730562,300761.80859370716,148224,1.0,5526346,0.492828529968819,79679648,inverse,0.001,112.13454552592192,0.5235887811167108,127757.54946708863,133152.26794800384,9.113987658511352e-08,133.16340342927165,0.06965312119618074,7.810521089795687,0.001
vit,inverse_dp_kfm_a,pink,0.4,42,2,blocks.6.mlp.fc2,True,0.08520413094711317,3.4377546285436082,mlp_fc2,147648.0,6867.892550189544,1318635.3696363925,147648,1.0,5526346,0.11197030157071644,79679648,inverse,0.001,51.5388699228352,0.5796388592724234,132562.1251707322,19069.408807231408,2.5904489728319515e-06,19.117807137688615,0.03439683879261756,1.7727742002894484,0.001
vit,inverse_dp_kfm_a,pink,0.4,42,2,blocks.7.attn.q_proj,True,0.1687123237622668,3.7629524548157436,attention_qkv,37056.0,432.7955185072508,83096.73955339215,37056,1.0,5526346,0.44593807409483743,79679648,inverse,0.001,94.13687939038371,0.5391919917994413,31981.05214965533,85980.4064282229,9.717480952728722e-08,85.98776155784063,0.07507543828371019,7.067367478893822,0.001
vit,inverse_dp_kfm_a,pink,0.4,42,2,blocks.7.attn.k_proj,True,0.1687123237622668,3.7629524548157436,attention_qkv,37056.0,432.7955185072508,83096.73955339215,37056,1.0,5526346,0.44593807409483743,79679648,inverse,0.001,94.13687939038371,0.5391919917994413,31981.05214965533,85980.4064282229,9.717480952728722e-08,85.98776155784063,0.07507543828371019,7.067367478893822,0.001
vit,inverse_dp_kfm_a,pink,0.4,42,2,blocks.7.attn.v_proj,True,0.1687123237622668,3.7629524548157436,attention_qkv,37056.0,432.7955185072508,83096.73955339215,37056,1.0,5526346,0.44593807409483743,79679648,inverse,0.001,94.13687939038371,0.5391919917994413,31981.05214965533,85980.4064282229,9.717480952728722e-08,85.98776155784063,0.07507543828371019,7.067367478893822,0.001
vit,inverse_dp_kfm_a,pink,0.4,42,2,blocks.7.attn.out_proj,True,0.09386627576101479,3.8681165329124045,attention_out,37056.0,1859.256511516859,356977.25021123694,37056,1.0,5526346,0.10380493428663189,79679648,inverse,0.001,48.34832990501228,0.5170414184313803,34521.08215769031,16253.754363241236,0.00017697297547605427,19.129229635560936,0.031880852394225036,1.5413859692089924,0.001
vit,inverse_dp_kfm_a,pink,0.4,42,2,blocks.7.mlp.fc1,True,0.158169202751967,3.697012670693565,mlp_fc1,148224.0,361.8621730970606,277910.1489385425,148224,1.0,5526346,0.5333522383624014,79679648,inverse,0.001,135.08921696358817,0.5543352615207678,123901.39499407145,212105.39289040773,0.0,212.10439289040772,0.0625739308261969,8.453063317644673,0.001
vit,inverse_dp_kfm_a,pink,0.4,42,2,blocks.7.mlp.fc2,True,0.998525833610973,0.12605738051411514,mlp_fc2,147648.0,6493.621927363441,1246775.4100537805,147648,1.0,5526346,0.11842389480045255,79679648,inverse,0.001,208.18675784280737,0.6528046168708537,129829.30884382417,625363.8239941931,1.0674583203276474e-05,632.0383221657384,0.008977216538403197,1.8689376055829916,0.001
vit,inverse_dp_kfm_a,pink,0.4,42,2,blocks.8.attn.q_proj,True,0.28761149727121393,3.1637732893638737,attention_qkv,37056.0,421.6097785226282,80949.07747634461,37056,1.0,5526346,0.45776926872117485,79679648,inverse,0.001,113.87051005995599,0.5537377523206971,32044.683855804054,138365.61092659627,0.0,138.36461092659627,0.06371407288261802,7.255153977140923,0.001
vit,inverse_dp_kfm_a,pink,0.4,42,2,blocks.8.attn.k_proj,True,0.28761149727121393,3.1637732893638737,attention_qkv,37056.0,421.6097785226282,80949.07747634461,37056,1.0,5526346,0.45776926872117485,79679648,inverse,0.001,113.87051005995599,0.5537377523206971,32044.683855804054,138365.61092659627,0.0,138.36461092659627,0.06371407288261802,7.255153977140923,0.001
vit,inverse_dp_kfm_a,pink,0.4,42,2,blocks.8.attn.v_proj,True,0.28761149727121393,3.1637732893638737,attention_qkv,37056.0,421.6097785226282,80949.07747634461,37056,1.0,5526346,0.45776926872117485,79679648,inverse,0.001,113.87051005995599,0.5537377523206971,32044.683855804054,138365.61092659627,0.0,138.36461092659627,0.06371407288261802,7.255153977140923,0.001
vit,inverse_dp_kfm_a,pink,0.4,42,2,blocks.8.attn.out_proj,True,0.2514212349518528,1.4048832560470572,attention_out,37056.0,2561.0582030144283,491723.1749787702,37056,1.0,5526346,0.07535947436603911,79679648,inverse,0.001,30.847272821562214,0.4101567672222388,35853.99379039573,5284.962818518547,2.598882139112694e-05,5.421312773267772,0.03832340020855733,1.182172381683282,0.001
vit,inverse_dp_kfm_a,pink,0.4,42,2,blocks.8.mlp.fc1,True,0.23086951937820016,3.1086653588913724,mlp_fc1,148224.0,325.9393600697101,250321.42853353737,148224,1.0,5526346,0.5921346840673745,79679648,inverse,0.001,150.765861605706,0.5712637088296677,123437.9510310585,279098.5209210101,0.0,279.09752092101013,0.06224686542453826,9.38470229798494,0.001
vit,inverse_dp_kfm_a,pink,0.4,42,2,blocks.8.mlp.fc2,True,0.11376797274323171,2.8920596767983215,mlp_fc2,147648.0,6155.753810688864,1181904.731652262,147648,1.0,5526346,0.12492377434989468,79679648,inverse,0.001,52.39977474174142,0.6514477980468892,128059.97042224073,19875.75112457909,6.910116206798033e-07,19.88848549957591,0.03777423498239651,1.9793614041191854,0.001
vit,inverse_dp_kfm_a,pink,0.4,42,2,blocks.9.attn.q_proj,True,0.2361074537337644,3.3661248567006186,attention_qkv,37056.0,370.57541373388284,71150.4794369055,37056,1.0,5526346,0.520811669763383,79679648,inverse,0.001,113.65650533367382,0.530503006255138,32077.585026065488,137716.42681382567,0.0,137.71542681382567,0.07262504399013359,8.254308699622914,0.001
vit,inverse_dp_kfm_a,pink,0.4,42,2,blocks.9.attn.k_proj,True,0.2361074537337644,3.3661248567006186,attention_qkv,37056.0,370.57541373388284,71150.4794369055,37056,1.0,5526346,0.520811669763383,79679648,inverse,0.001,113.65650533367382,0.530503006255138,32077.585026065488,137716.42681382567,0.0,137.71542681382567,0.07262504399013359,8.254308699622914,0.001
vit,inverse_dp_kfm_a,pink,0.4,42,2,blocks.9.attn.v_proj,True,0.2361074537337644,3.3661248567006186,attention_qkv,37056.0,370.57541373388284,71150.4794369055,37056,1.0,5526346,0.520811669763383,79679648,inverse,0.001,113.65650533367382,0.530503006255138,32077.585026065488,137716.42681382567,0.0,137.71542681382567,0.07262504399013359,8.254308699622914,0.001
vit,inverse_dp_kfm_a,pink,0.4,42,2,blocks.9.attn.out_proj,True,0.3802525261232729,1.308283310073695,attention_out,37056.0,2630.627688762286,505080.51624235895,37056,1.0,5526346,0.07336652040289546,79679648,inverse,0.001,26.85169027685318,0.3798384864574738,36048.25185155727,3736.191024853645,2.3038304115618093e-05,3.821266529918266,0.042911088881532646,1.1522352680894326,0.001
vit,inverse_dp_kfm_a,pink,0.4,42,2,blocks.9.mlp.fc1,True,0.22476597348915317,3.101690687928298,mlp_fc1,148224.0,290.03609786186985,222747.72315791604,148224,1.0,5526346,0.6654344111742827,79679648,inverse,0.001,150.89261134930246,0.5421677435131453,124406.59151867745,279685.49024732586,1.8937660618705912e-07,279.7374561362687,0.06988828542456618,10.545625890438185,0.001
vit,inverse_dp_kfm_a,pink,0.4,42,2,blocks.9.mlp.fc2,True,0.11364739233542343,3.613103542224009,mlp_fc2,147648.0,5822.67933797398,1117954.4328910043,147648,1.0,5526346,0.1320697835762283,79679648,inverse,0.001,52.687154594323715,0.6568481948922907,126759.61423272605,20149.388106597966,8.785950698909687e-06,20.325419637115733,0.03958941744913923,2.085853757442015,0.001
vit,inverse_dp_kfm_a,pink,0.4,42,2,blocks.10.attn.q_proj,True,0.2292561027660169,2.9407066496371312,attention_qkv,37056.0,329.18644972247057,63203.79834671435,37056,1.0,5526346,0.5862938774141944,79679648,inverse,0.001,109.51988217070341,0.5103013554618986,31916.31323213396,125525.63288242836,0.0,125.52463288242835,0.08484424532589135,9.292131750953875,0.001
vit,inverse_dp_kfm_a,pink,0.4,42,2,blocks.10.attn.k_proj,True,0.2292561027660169,2.9407066496371312,attention_qkv,37056.0,329.18644972247057,63203.79834671435,37056,1.0,5526346,0.5862938774141944,79679648,inverse,0.001,109.51988217070341,0.5103013554618986,31916.31323213396,125525.63288242836,0.0,125.52463288242835,0.08484424532589135,9.292131750953875,0.001
vit,inverse_dp_kfm_a,pink,0.4,42,2,blocks.10.attn.v_proj,True,0.2292561027660169,2.9407066496371312,attention_qkv,37056.0,329.18644972247057,63203.79834671435,37056,1.0,5526346,0.5862938774141944,79679648,inverse,0.001,109.51988217070341,0.5103013554618986,31916.31323213396,125525.63288242836,0.0,125.52463288242835,0.08484424532589135,9.292131750953875,0.001
vit,inverse_dp_kfm_a,pink,0.4,42,2,blocks.10.attn.out_proj,True,0.3937128950945444,2.118273155203418,attention_out,37056.0,2429.6512613842397,466493.042185774,37056,1.0,5526346,0.07943526837264808,79679648,inverse,0.001,33.735183696256485,0.4504056328231938,35363.84006354516,6610.094956611191,1.624045471677259e-05,6.7164459044276015,0.037079314455367135,1.2508774844830688,0.001
vit,inverse_dp_kfm_a,pink,0.4,42,2,blocks.10.mlp.fc1,True,0.28863866850350833,2.5540873872606946,mlp_fc1,148224.0,277.3696108519247,213019.86113427815,148224,1.0,5526346,0.6958224421457408,79679648,inverse,0.001,139.24011068848213,0.5198358306917572,124527.53275240483,228776.2303420664,1.054790931312545e-07,228.79936145137287,0.07919827990541282,11.027577260367073,0.001
vit,inverse_dp_kfm_a,pink,0.4,42,2,blocks.10.mlp.fc2,True,0.2510210233490193,3.3643511993234143,mlp_fc2,147648.0,5786.645557748893,1111035.9470877876,147648,1.0,5526346,0.13289218984049103,79679648,inverse,0.001,45.49913391235964,0.6253743477810758,128122.567770582,13963.93519296712,6.727390315294263e-06,14.056876035347683,0.046166991477631675,2.10055812757153,0.001
vit,inverse_dp_kfm_a,pink,0.4,42,2,blocks.11.attn.q_proj,True,0.3351739169644687,2.6996960191324546,attention_qkv,37056.0,315.5297069635051,60581.703736992975,37056,1.0,5526346,0.6116698229695464,79679648,inverse,0.001,114.66368646399236,0.5010076828744026,31817.03777564186,140787.71191546024,0.0,140.78671191546024,0.08454562803218066,9.694313384583287,0.001
vit,inverse_dp_kfm_a,pink,0.4,42,2,blocks.11.attn.k_proj,True,0.3351739169644687,2.6996960191324546,attention_qkv,37056.0,315.5297069635051,60581.703736992975,37056,1.0,5526346,0.6116698229695464,79679648,inverse,0.001,114.66368646399236,0.5010076828744026,31817.03777564186,140787.71191546024,0.0,140.78671191546024,0.08454562803218066,9.694313384583287,0.001
vit,inverse_dp_kfm_a,pink,0.4,42,2,blocks.11.attn.v_proj,True,0.3351739169644687,2.6996960191324546,attention_qkv,37056.0,315.5297069635051,60581.703736992975,37056,1.0,5526346,0.6116698229695464,79679648,inverse,0.001,114.66368646399236,0.5010076828744026,31817.03777564186,140787.71191546024,0.0,140.78671191546024,0.08454562803218066,9.694313384583287,0.001
vit,inverse_dp_kfm_a,pink,0.4,42,2,blocks.11.attn.out_proj,True,0.5832131595059341,1.4393489137829238,attention_out,37056.0,2494.851831386816,479011.55162626866,37056,1.0,5526346,0.07735930349527687,79679648,inverse,0.001,33.81294765974113,0.38948481199741347,35925.70210007004,6648.253648969858,2.2549840740502096e-05,6.79717070995659,0.03593815061928936,1.2151748058779241,0.001
vit,inverse_dp_kfm_a,pink,0.4,42,2,blocks.11.mlp.fc1,True,0.5030868706061863,1.7237309323969086,mlp_fc1,148224.0,316.7158934352319,243237.8061582581,148224,1.0,5526346,0.6093789544523388,79679648,inverse,0.001,130.7003608818922,0.5091786847546106,126989.06976276077,195295.37878175286,0.0,195.29437878175287,0.07389425323877503,9.65800556540583,0.001
vit,inverse_dp_kfm_a,pink,0.4,42,2,blocks.11.mlp.fc2,True,0.8608478356853554,0.5872497347274567,mlp_fc2,147648.0,7257.565956799586,1393452.6637055206,147648,1.0,5526346,0.10595838943489405,79679648,inverse,0.001,63.91350000325038,0.5997247721955383,131561.865584323,32657.392212615938,4.1613225876567443e-08,32.657751192054626,0.026274564040983057,1.6792993489187726,0.001
vit,inverse_dp_kfm_a,pink,0.4,42,2,head,True,0.02556299954679625,3.4220238685187394,patch_head,1930.0,568.71399135824,5687.1399135824,1930,1.0,5526346,0.339362145002033,79679648,inverse,0.001,371.2577033889212,0.7203147744498816,1591.7292939261154,2655759.1378796715,1.2964223267576658e-07,2656.1024364237555,0.01448656444409067,5.378248645508706,0.001
vit,inverse_dp_kfm_a,pink,0.4,42,2,identity,True,,,identity,47616.0,47616.0,,47616,1.0,5526346,1.0,79679648,inverse,0.001,1.0,0.0,47616.0,,,,1.0,1.0,0.001
vit,inverse_dp_kfm_a,pink,0.4,42,3,patch_embed,True,0.6221872413942543,0.8483407050135697,patch_head,147648.0,2410.478963365996,462811.96096627123,147648,1.0,5526346,0.3190237341570355,79679648,inverse,0.001,18.57828492902326,0.41917570736901805,139641.91673498193,1487.695495576867,0.0166361473773437,26.236217012603994,0.08634871662217376,1.6042110606622306,0.001
vit,inverse_dp_kfm_a,pink,0.4,42,3,blocks.0.attn.q_proj,True,0.34096026070130353,1.7115615388909324,attention_qkv,37056.0,889.7282070536963,170827.8157543097,37056,1.0,5526346,0.2169201768246875,79679648,inverse,0.001,41.488219172003355,1.0735762023939315,21405.68704573056,11086.947327286469,3.2328629899596214e-09,11.085983169868156,0.08286566014206145,3.437948669806588,0.001
vit,inverse_dp_kfm_a,pink,0.4,42,3,blocks.0.attn.k_proj,True,0.34096026070130353,1.7115615388909324,attention_qkv,37056.0,889.7282070536963,170827.8157543097,37056,1.0,5526346,0.2169201768246875,79679648,inverse,0.001,41.488219172003355,1.0735762023939315,21405.68704573056,11086.947327286469,3.2328629899596214e-09,11.085983169868156,0.08286566014206145,3.437948669806588,0.001
vit,inverse_dp_kfm_a,pink,0.4,42,3,blocks.0.attn.v_proj,True,0.34096026070130353,1.7115615388909324,attention_qkv,37056.0,889.7282070536963,170827.8157543097,37056,1.0,5526346,0.2169201768246875,79679648,inverse,0.001,41.488219172003355,1.0735762023939315,21405.68704573056,11086.947327286469,3.2328629899596214e-09,11.085983169868156,0.08286566014206145,3.437948669806588,0.001
vit,inverse_dp_kfm_a,pink,0.4,42,3,blocks.0.attn.out_proj,True,0.09824255109901024,4.510311472831944,attention_out,37056.0,1286.5090685427017,247009.74116019873,37056,1.0,5526346,0.15001837508896965,79679648,inverse,0.001,36.898617043527516,0.9311962446937221,27216.464133594833,8270.375397090349,2.410244278280385e-06,8.289309022070418,0.06437484100858837,2.3753426056138736,0.001
vit,inverse_dp_kfm_a,pink,0.4,42,3,blocks.0.mlp.fc1,True,0.36443075570162436,1.862876430914413,mlp_fc1,148224.0,679.3198281370285,521717.6280092379,148224,1.0,5526346,0.2841077089259776,79679648,inverse,0.001,70.28464103159818,1.1788537849596785,72716.45509927109,41414.37176321784,1.3672691640394347e-11,41.413372329463776,0.06406525874372085,4.502803713398876,0.001
vit,inverse_dp_kfm_a,pink,0.4,42,3,blocks.0.mlp.fc2,True,0.11840850100579586,7.239294614510666,mlp_fc2,147648.0,2754.1347787036466,528793.8775111001,147648,1.0,5526346,0.2792165459534857,79679648,inverse,0.001,106.08708603620697,0.8074931313574547,109065.11582641266,115919.44717670101,5.901180508236842e-05,122.7590629987484,0.0407678970209192,4.324947398773481,0.001
vit,inverse_dp_kfm_a,pink,0.4,42,3,blocks.1.attn.q_proj,True,0.3634879684481657,2.143442390575766,attention_qkv,37056.0,647.335679656304,124288.45049401038,37056,1.0,5526346,0.29814516033238164,79679648,inverse,0.001,65.48239016116798,0.7776242011858381,27775.361226010362,34698.548496277945,0.0,34.697548496277946,0.07216111596003334,4.72528234976019,0.001
vit,inverse_dp_kfm_a,pink,0.4,42,3,blocks.1.attn.k_proj,True,0.3634879684481657,2.143442390575766,attention_qkv,37056.0,647.335679656304,124288.45049401038,37056,1.0,5526346,0.29814516033238164,79679648,inverse,0.001,65.48239016116798,0.7776242011858381,27775.361226010362,34698.548496277945,0.0,34.697548496277946,0.07216111596003334,4.72528234976019,0.001
vit,inverse_dp_kfm_a,pink,0.4,42,3,blocks.1.attn.v_proj,True,0.3634879684481657,2.143442390575766,attention_qkv,37056.0,647.335679656304,124288.45049401038,37056,1.0,5526346,0.29814516033238164,79679648,inverse,0.001,65.48239016116798,0.7776242011858381,27775.361226010362,34698.548496277945,0.0,34.697548496277946,0.07216111596003334,4.72528234976019,0.001
vit,inverse_dp_kfm_a,pink,0.4,42,3,blocks.1.attn.out_proj,True,0.13381355717848978,3.9885722965829142,attention_out,37056.0,1123.1142468855783,215637.93540203103,37056,1.0,5526346,0.17184360409922095,79679648,inverse,0.001,66.01123492791606,0.5892847801718617,32771.63845085104,35403.373256026396,0.0001772220428019998,41.67663138654109,0.038652016914971776,2.5514673690119873,0.001
vit,inverse_dp_kfm_a,pink,0.4,42,3,blocks.1.mlp.fc1,True,0.21808381603145077,2.497169350948884,mlp_fc1,148224.0,446.16036786801374,342651.16252263455,148224,1.0,5526346,0.432579883601617,79679648,inverse,0.001,80.95596176247479,0.6643052158994825,117209.87275311322,58968.77303595196,0.0,58.967773035951964,0.08468714320600093,6.855929127158237,0.001
vit,inverse_dp_kfm_a,pink,0.4,42,3,blocks.1.mlp.fc2,True,0.04677930908186124,3.328640414729901,mlp_fc2,147648.0,5584.969486134586,1072314.1413378406,147648,1.0,5526346,0.13769099399900797,79679648,inverse,0.001,61.569969026868776,0.6886078968111506,125512.06533970142,29745.57289560185,6.97147633161298e-07,29.765309951343045,0.035433620971267094,2.181646945710723,0.001
vit,inverse_dp_kfm_a,pink,0.4,42,3,blocks.2.attn.q_proj,True,0.40507712425172904,1.5328558916970974,attention_qkv,37056.0,500.38746419993475,96074.39312638747,37056,1.0,5526346,0.3857011092565759,79679648,inverse,0.001,59.01555756340404,0.6700118078847299,30287.190530390028,26755.69807136603,0.0,26.75469807136603,0.10358201932239573,6.112950623854474,0.001
vit,inverse_dp_kfm_a,pink,0.4,42,3,blocks.2.attn.k_proj,True,0.40507712425172904,1.5328558916970974,attention_qkv,37056.0,500.38746419993475,96074.39312638747,37056,1.0,5526346,0.3857011092565759,79679648,inverse,0.001,59.01555756340404,0.6700118078847299,30287.190530390028,26755.69807136603,0.0,26.75469807136603,0.10358201932239573,6.112950623854474,0.001
vit,inverse_dp_kfm_a,pink,0.4,42,3,blocks.2.attn.v_proj,True,0.40507712425172904,1.5328558916970974,attention_qkv,37056.0,500.38746419993475,96074.39312638747,37056,1.0,5526346,0.3857011092565759,79679648,inverse,0.001,59.01555756340404,0.6700118078847299,30287.190530390028,26755.69807136603,0.0,26.75469807136603,0.10358201932239573,6.112950623854474,0.001
vit,inverse_dp_kfm_a,pink,0.4,42,3,blocks.2.attn.out_proj,True,0.14350671820794503,1.9293142889442687,attention_out,37056.0,1147.4092126617643,220302.56883105874,37056,1.0,5526346,0.16820502909531104,79679648,inverse,0.001,36.551008344520426,0.6839455369522757,31404.478244090453,8076.9688172609785,0.0004509873858027082,11.7185798693675,0.06284549614679741,2.2970662540771185,0.001
vit,inverse_dp_kfm_a,pink,0.4,42,3,blocks.2.mlp.fc1,True,0.23887943869913164,1.7510531432425958,mlp_fc1,148224.0,365.9298810197553,281034.1486231721,148224,1.0,5526346,0.5274234491650617,79679648,inverse,0.001,68.31507057236496,0.5885513442404886,120225.2965128842,38573.700424437026,0.0,38.57270042443703,0.1223609705914893,8.359098341260665,0.001
vit,inverse_dp_kfm_a,pink,0.4,42,3,blocks.2.mlp.fc2,True,0.19517143469015474,2.057584271146708,mlp_fc2,147648.0,4964.710330615487,953224.3834781735,147648,1.0,5526346,0.15489322614813364,79679648,inverse,0.001,38.2145986817013,0.5928673370654066,129193.5806129009,9027.619745799266,5.795707939476305e-05,9.549834220152285,0.06280813570676011,2.400187699979671,0.001
vit,inverse_dp_kfm_a,pink,0.4,42,3,blocks.3.attn.q_proj,True,0.2774147533239283,1.877480799125994,attention_qkv,37056.0,363.799712504143,69849.54480079545,37056,1.0,5526346,0.5305116891696336,79679648,inverse,0.001,69.0805403575674,0.5634890556891149,30810.96529380617,39663.34294527967,0.0,39.662342945279676,0.12171363459722753,8.408043646859987,0.001
vit,inverse_dp_kfm_a,pink,0.4,42,3,blocks.3.attn.k_proj,True,0.2774147533239283,1.877480799125994,attention_qkv,37056.0,363.799712504143,69849.54480079545,37056,1.0,5526346,0.5305116891696336,79679648,inverse,0.001,69.0805403575674,0.5634890556891149,30810.96529380617,39663.34294527967,0.0,39.662342945279676,0.12171363459722753,8.408043646859987,0.001
vit,inverse_dp_kfm_a,pink,0.4,42,3,blocks.3.attn.v_proj,True,0.2774147533239283,1.877480799125994,attention_qkv,37056.0,363.799712504143,69849.54480079545,37056,1.0,5526346,0.5305116891696336,79679648,inverse,0.001,69.0805403575674,0.5634890556891149,30810.96529380617,39663.34294527967,0.0,39.662342945279676,0.12171363459722753,8.408043646859987,0.001
vit,inverse_dp_kfm_a,pink,0.4,42,3,blocks.3.attn.out_proj,True,0.023331555160411462,1.993908244236053,attention_out,37056.0,1251.4418187183967,240276.82919393218,37056,1.0,5526346,0.15422211173800437,79679648,inverse,0.001,42.369066607257885,0.5638299915870997,32849.129025923765,11684.825779114546,0.00017362116173153067,13.712558805514952,0.05411112662424849,2.292637928136549,0.001
vit,inverse_dp_kfm_a,pink,0.4,42,3,blocks.3.mlp.fc1,True,0.16421845670514518,2.208761468480034,mlp_fc1,148224.0,364.07948948994294,279613.0479282762,148224,1.0,5526346,0.5301040173133161,79679648,inverse,0.001,81.24729557676437,0.5321269473700739,125723.39329236341,59500.7287059215,4.539504989018014e-09,59.49999880977631,0.10340734627729078,8.40156722779987,0.001
vit,inverse_dp_kfm_a,pink,0.4,42,3,blocks.3.mlp.fc2,True,0.16521132772312014,1.8893939868796024,mlp_fc2,147648.0,5605.945340353105,1076341.5053477963,147648,1.0,5526346,0.13717579343211406,79679648,inverse,0.001,42.00633883435206,0.5702946437886807,130820.36413743811,11436.34051614193,1.5624728501340818e-06,11.453209487703292,0.05172392010033418,2.1727325135755904,0.001
vit,inverse_dp_kfm_a,pink,0.4,42,3,blocks.4.attn.q_proj,True,0.301044875599914,2.1785778402304605,attention_qkv,37056.0,375.92863264097633,72178.29746706746,37056,1.0,5526346,0.5133953182659567,79679648,inverse,0.001,71.55953684316098,0.553940000663693,31306.74476512504,43318.04045186799,0.0,43.317040451867996,0.11370626206601639,8.136767449611218,0.001
vit,inverse_dp_kfm_a,pink,0.4,42,3,blocks.4.attn.k_proj,True,0.301044875599914,2.1785778402304605,attention_qkv,37056.0,375.92863264097633,72178.29746706746,37056,1.0,5526346,0.5133953182659567,79679648,inverse,0.001,71.55953684316098,0.553940000663693,31306.74476512504,43318.04045186799,0.0,43.317040451867996,0.11370626206601639,8.136767449611218,0.001
vit,inverse_dp_kfm_a,pink,0.4,42,3,blocks.4.attn.v_proj,True,0.301044875599914,2.1785778402304605,attention_qkv,37056.0,375.92863264097633,72178.29746706746,37056,1.0,5526346,0.5133953182659567,79679648,inverse,0.001,71.55953684316098,0.553940000663693,31306.74476512504,43318.04045186799,0.0,43.317040451867996,0.11370626206601639,8.136767449611218,0.001
vit,inverse_dp_kfm_a,pink,0.4,42,3,blocks.4.attn.out_proj,True,0.14662063569944664,3.7939355461229263,attention_out,37056.0,1427.195436081207,274021.52372759173,37056,1.0,5526346,0.1352302530688715,79679648,inverse,0.001,43.22382734724679,0.5722745496762057,33622.28102286138,12283.101751127118,0.00036716205320737967,16.79199060982611,0.04375449167466044,1.89123659381207,0.001
vit,inverse_dp_kfm_a,pink,0.4,42,3,blocks.4.mlp.fc1,True,0.17922920809490672,2.8777176280559833,mlp_fc1,148224.0,368.5146995769335,283019.2892750849,148224,1.0,5526346,0.5237240202943603,79679648,inverse,0.001,87.57092281487718,0.5134129812641962,126841.15637203066,71762.87275576832,0.0,71.76187275576831,0.09478564434539491,8.300466344928978,0.001
vit,inverse_dp_kfm_a,pink,0.4,42,3,blocks.4.mlp.fc2,True,0.21924428894245548,2.85734969602128,mlp_fc2,147648.0,5673.204311063106,1089255.2277241163,147648,1.0,5526346,0.13554949863173474,79679648,inverse,0.001,45.740428202295796,0.5543419317776314,132026.0760902597,14149.80858651696,7.026887070012738e-05,15.143099656514472,0.04570887495510198,2.090743513091559,0.001
vit,inverse_dp_kfm_a,pink,0.4,42,3,blocks.5.attn.q_proj,True,0.28973638802479923,2.280575411845371,attention_qkv,37056.0,358.0578627197222,68747.10964218667,37056,1.0,5526346,0.5390190248414544,79679648,inverse,0.001,77.82736289475065,0.5243836149490894,31585.73184782069,53435.611984497555,0.0,53.43461198449756,0.10976699599002723,8.54287583078249,0.001
vit,inverse_dp_kfm_a,pink,0.4,42,3,blocks.5.attn.k_proj,True,0.28973638802479923,2.280575411845371,attention_qkv,37056.0,358.0578627197222,68747.10964218667,37056,1.0,5526346,0.5390190248414544,79679648,inverse,0.001,77.82736289475065,0.5243836149490894,31585.73184782069,53435.611984497555,0.0,53.43461198449756,0.10976699599002723,8.54287583078249,0.001
vit,inverse_dp_kfm_a,pink,0.4,42,3,blocks.5.attn.v_proj,True,0.28973638802479923,2.280575411845371,attention_qkv,37056.0,358.0578627197222,68747.10964218667,37056,1.0,5526346,0.5390190248414544,79679648,inverse,0.001,77.82736289475065,0.5243836149490894,31585.73184782069,53435.611984497555,0.0,53.43461198449756,0.10976699599002723,8.54287583078249,0.001
vit,inverse_dp_kfm_a,pink,0.4,42,3,blocks.5.attn.out_proj,True,0.1353212461872134,3.6093411514606895,attention_out,37056.0,1202.3545158246798,230852.06703833851,37056,1.0,5526346,0.16051838077692396,79679648,inverse,0.001,42.72939072058714,0.5121681114637171,34137.9147340869,11934.84410677323,0.0006772265964932374,20.016437960880634,0.04841293070180379,2.068655031886083,0.001
vit,inverse_dp_kfm_a,pink,0.4,42,3,blocks.5.mlp.fc1,True,0.1711800745819645,3.6814880070210605,mlp_fc1,148224.0,381.90452482560175,293302.67506606213,148224,1.0,5526346,0.5053619097289676,79679648,inverse,0.001,102.44547143759947,0.48519095486426544,129133.3580918257,106226.26542768782,2.65800820380527e-08,106.2280889305375,0.0781817022956529,8.009361349472213,0.001
vit,inverse_dp_kfm_a,pink,0.4,42,3,blocks.5.mlp.fc2,True,0.15047068990638726,3.4494357532135855,mlp_fc2,147648.0,6539.500260777912,1255584.0500693591,147648,1.0,5526346,0.11759308346728667,79679648,inverse,0.001,52.36783534443145,0.5850046469195552,131544.69680078025,19845.477648357908,2.7724029223344977e-06,19.89949730858534,0.03554972181210828,1.8616619783968296,0.001
vit,inverse_dp_kfm_a,pink,0.4,42,3,blocks.6.attn.q_proj,True,0.17033733432618392,3.261711679429034,attention_qkv,37056.0,425.9674733852183,81785.75488996191,37056,1.0,5526346,0.45308623793785047,79679648,inverse,0.001,85.79517016277434,0.5271645734782151,32044.83985651419,68180.01616267746,0.0,68.17901616267746,0.083698568665709,7.180932941055157,0.001
vit,inverse_dp_kfm_a,pink,0.4,42,3,blocks.6.attn.k_proj,True,0.17033733432618392,3.261711679429034,attention_qkv,37056.0,425.9674733852183,81785.75488996191,37056,1.0,5526346,0.45308623793785047,79679648,inverse,0.001,85.79517016277434,0.5271645734782151,32044.83985651419,68180.01616267746,0.0,68.17901616267746,0.083698568665709,7.180932941055157,0.001
vit,inverse_dp_kfm_a,pink,0.4,42,3,blocks.6.attn.v_proj,True,0.17033733432618392,3.261711679429034,attention_qkv,37056.0,425.9674733852183,81785.75488996191,37056,1.0,5526346,0.45308623793785047,79679648,inverse,0.001,85.79517016277434,0.5271645734782151,32044.83985651419,68180.01616267746,0.0,68.17901616267746,0.083698568665709,7.180932941055157,0.001
vit,inverse_dp_kfm_a,pink,0.4,42,3,blocks.6.attn.out_proj,True,0.05745768228777235,3.448353450454546,attention_out,37056.0,1862.234998884038,357549.1197857353,37056,1.0,5526346,0.10363890707437948,79679648,inverse,0.001,52.08973831481117,0.5299651100186019,34327.19943631239,19583.05479650055,0.00014404354705965374,22.402867471652055,0.029880896724005773,1.5564880909653591,0.001
vit,inverse_dp_kfm_a,pink,0.4,42,3,blocks.6.mlp.fc1,True,0.11830932624042621,3.427155527198229,mlp_fc1,148224.0,390.74380260853127,300091.240403352,148224,1.0,5526346,0.4939297788258412,79679648,inverse,0.001,112.03538894151545,0.5221191162279796,127775.7358130281,132858.10861539585,0.0,132.85710861539584,0.0698730955826421,7.828259440148994,0.001
vit,inverse_dp_kfm_a,pink,0.4,42,3,blocks.6.mlp.fc2,True,0.07200511399810715,2.9690552336667135,mlp_fc2,147648.0,6864.162085979224,1317919.120508011,147648,1.0,5526346,0.11203115403856266,79679648,inverse,0.001,51.51467631888499,0.5788461538427504,132577.7839192532,19047.03757032756,2.2366121706308814e-06,19.088638406371818,0.03443655740156137,1.7739881080781368,0.001
vit,inverse_dp_kfm_a,pink,0.4,42,3,blocks.7.attn.q_proj,True,0.15760712116151138,3.574847386843203,attention_qkv,37056.0,431.39169440421983,82827.20532561021,37056,1.0,5526346,0.44738923466420843,79679648,inverse,0.001,93.76126767978711,0.5376551621236575,31987.180562355752,85125.30407387885,6.842308426236455e-08,85.13012860973235,0.0756223507139607,7.090447467866408,0.001
vit,inverse_dp_kfm_a,pink,0.4,42,3,blocks.7.attn.k_proj,True,0.15760712116151138,3.574847386843203,attention_qkv,37056.0,431.39169440421983,82827.20532561021,37056,1.0,5526346,0.44738923466420843,79679648,inverse,0.001,93.76126767978711,0.5376551621236575,31987.180562355752,85125.30407387885,6.842308426236455e-08,85.13012860973235,0.0756223507139607,7.090447467866408,0.001
vit,inverse_dp_kfm_a,pink,0.4,42,3,blocks.7.attn.v_proj,True,0.15760712116151138,3.574847386843203,attention_qkv,37056.0,431.39169440421983,82827.20532561021,37056,1.0,5526346,0.44738923466420843,79679648,inverse,0.001,93.76126767978711,0.5376551621236575,31987.180562355752,85125.30407387885,6.842308426236455e-08,85.13012860973235,0.0756223507139607,7.090447467866408,0.001
vit,inverse_dp_kfm_a,pink,0.4,42,3,blocks.7.attn.out_proj,True,0.09533336201434264,3.507152892360457,attention_out,37056.0,1854.3648077230057,356038.0430828171,37056,1.0,5526346,0.10407876551377544,79679648,inverse,0.001,48.49171867267752,0.5154409576528887,34523.52158460675,16374.533734483108,0.00017778717750593744,19.284715870112617,0.031861618022545966,1.5450246176056108,0.001
vit,inverse_dp_kfm_a,pink,0.4,42,3,blocks.7.mlp.fc1,True,0.1532511823653014,3.6109974345148856,mlp_fc1,148224.0,361.6651943897268,277758.8692913102,148224,1.0,5526346,0.5336427253545032,79679648,inverse,0.001,135.20959912883757,0.5528156640745661,123908.95130340102,212578.24288855126,0.0,212.57724288855127,0.06255226907483392,8.45766722620748,0.001
vit,inverse_dp_kfm_a,pink,0.4,42,3,blocks.7.mlp.fc2,True,0.9984930281569251,0.06226992766412553,mlp_fc2,147648.0,6505.5642102869715,1249068.3283750985,147648,1.0,5526346,0.11820650371631304,79679648,inverse,0.001,208.98210524989707,0.6524690595628897,129855.77183412982,631353.7286670711,1.047901790367739e-05,637.9686956933268,0.008927325135476847,1.8656512010622741,0.001
vit,inverse_dp_kfm_a,pink,0.4,42,3,blocks.8.attn.q_proj,True,0.27149485782303295,3.1326749453602716,attention_qkv,37056.0,422.76134317412334,81170.17788943168,37056,1.0,5526346,0.45652234556485644,79679648,inverse,0.001,113.75510392175171,0.5540390605117985,32044.411454801513,138015.2984275321,2.4361188597943033e-08,138.0176606442465,0.06360436431937963,7.235321073027985,0.001
vit,inverse_dp_kfm_a,pink,0.4,42,3,blocks.8.attn.k_proj,True,0.27149485782303295,3.1326749453602716,attention_qkv,37056.0,422.76134317412334,81170.17788943168,37056,1.0,5526346,0.45652234556485644,79679648,inverse,0.001,113.75510392175171,0.5540390605117985,32044.411454801513,138015.2984275321,2.4361188597943033e-08,138.0176606442465,0.06360436431937963,7.235321073027985,0.001
vit,inverse_dp_kfm_a,pink,0.4,42,3,blocks.8.attn.v_proj,True,0.27149485782303295,3.1326749453602716,attention_qkv,37056.0,422.76134317412334,81170.17788943168,37056,1.0,5526346,0.45652234556485644,79679648,inverse,0.001,113.75510392175171,0.5540390605117985,32044.411454801513,138015.2984275321,2.4361188597943033e-08,138.0176606442465,0.06360436431937963,7.235321073027985,0.001
vit,inverse_dp_kfm_a,pink,0.4,42,3,blocks.8.attn.out_proj,True,0.22503528053102484,1.3709129368485629,attention_out,37056.0,2554.6278685505117,490488.5507616983,37056,1.0,5526346,0.07554916407825286,79679648,inverse,0.001,31.427846850988697,0.41191268226702116,35840.62694692906,5537.153592430992,2.8764107177434107e-05,5.695424871821591,0.037669400955115534,1.1838681641858584,0.001
vit,inverse_dp_kfm_a,pink,0.4,42,3,blocks.8.mlp.fc1,True,0.22502439456765705,3.038937119693846,mlp_fc1,148224.0,327.6050448391401,251600.67443645958,148224,1.0,5526346,0.5891240169844345,79679648,inverse,0.001,150.96531468880545,0.5717780776894212,123442.67426257915,280022.5083691375,1.4509122645727142e-10,280.02154899794664,0.06184855056077498,9.336985898453888,0.001
vit,inverse_dp_kfm_a,pink,0.4,42,3,blocks.8.mlp.fc2,True,0.0999478433014311,2.644394118009772,mlp_fc2,147648.0,6212.315160937503,1192764.5109000006,147648,1.0,5526346,0.1237863791643098,79679648,inverse,0.001,52.067242717413194,0.6494182917951261,128230.59187138506,19561.918683420365,5.918017292527186e-07,19.572495460724713,0.03767085730800618,1.9614176708289963,0.001
vit,inverse_dp_kfm_a,pink,0.4,42,3,blocks.9.attn.q_proj,True,0.2237007406971624,3.2965155535674056,attention_qkv,37056.0,372.83781950480676,71584.8613449229,37056,1.0,5526346,0.5176513483968377,79679648,inverse,0.001,113.66729290514002,0.531008929945832,32093.21347023039,137749.1071155038,3.873515134834164e-09,137.74864068875502,0.07217738770849588,8.204208269789454,0.001
vit,inverse_dp_kfm_a,pink,0.4,42,3,blocks.9.attn.k_proj,True,0.2237007406971624,3.2965155535674056,attention_qkv,37056.0,372.83781950480676,71584.8613449229,37056,1.0,5526346,0.5176513483968377,79679648,inverse,0.001,113.66729290514002,0.531008929945832,32093.21347023039,137749.1071155038,3.873515134834164e-09,137.74864068875502,0.07217738770849588,8.204208269789454,0.001
vit,inverse_dp_kfm_a,pink,0.4,42,3,blocks.9.attn.v_proj,True,0.2237007406971624,3.2965155535674056,attention_qkv,37056.0,372.83781950480676,71584.8613449229,37056,1.0,5526346,0.5176513483968377,79679648,inverse,0.001,113.66729290514002,0.531008929945832,32093.21347023039,137749.1071155038,3.873515134834164e-09,137.74864068875502,0.07217738770849588,8.204208269789454,0.001
vit,inverse_dp_kfm_a,pink,0.4,42,3,blocks.9.attn.out_proj,True,0.30577884601061134,1.3129465151850968,attention_out,37056.0,2618.48312498793,502748.75999768253,37056,1.0,5526346,0.0737067954183931,79679648,inverse,0.001,28.142004497421578,0.3838524623002302,36018.990043240046,4201.337497845664,2.3086655092270156e-05,4.297332327584648,0.04113272988079532,1.1575574692965687,0.001
vit,inverse_dp_kfm_a,pink,0.4,42,3,blocks.9.mlp.fc1,True,0.22048694053839635,3.0269129604361313,mlp_fc1,148224.0,292.6685593451093,224769.45357704395,148224,1.0,5526346,0.6594490382973389,79679648,inverse,0.001,151.33400853161015,0.542768521902999,124510.40834699778,281735.3481589613,1.9637319364122582e-07,281.7896734290409,0.06905745884382222,10.45074206584231,0.001
vit,inverse_dp_kfm_a,pink,0.4,42,3,blocks.9.mlp.fc2,True,0.10586902688652941,3.148486478347335,mlp_fc2,147648.0,5921.510210363326,1136929.9603897587,147648,1.0,5526346,0.1298655195517794,79679648,inverse,0.001,51.74553961399322,0.6510510217470118,127251.02181104565,19261.15386534016,1.0055629147975731e-05,19.45383688557212,0.039617112595116154,2.0500088691826126,0.001
vit,inverse_dp_kfm_a,pink,0.4,42,3,blocks.10.attn.q_proj,True,0.2177342360012341,2.9104852577466853,attention_qkv,37056.0,333.54843048189434,64041.298652523714,37056,1.0,5526346,0.5786266171936804,79679648,inverse,0.001,110.42836217793787,0.5113605650067168,31949.336601860206,128144.97402917763,0.0,128.14397402917763,0.08304581979486096,9.170613865670669,0.001
vit,inverse_dp_kfm_a,pink,0.4,42,3,blocks.10.attn.k_proj,True,0.2177342360012341,2.9104852577466853,attention_qkv,37056.0,333.54843048189434,64041.298652523714,37056,1.0,5526346,0.5786266171936804,79679648,inverse,0.001,110.42836217793787,0.5113605650067168,31949.336601860206,128144.97402917763,0.0,128.14397402917763,0.08304581979486096,9.170613865670669,0.001
vit,inverse_dp_kfm_a,pink,0.4,42,3,blocks.10.attn.v_proj,True,0.2177342360012341,2.9104852577466853,attention_qkv,37056.0,333.54843048189434,64041.298652523714,37056,1.0,5526346,0.5786266171936804,79679648,inverse,0.001,110.42836217793787,0.5113605650067168,31949.336601860206,128144.97402917763,0.0,128.14397402917763,0.08304581979486096,9.170613865670669,0.001
vit,inverse_dp_kfm_a,pink,0.4,42,3,blocks.10.attn.out_proj,True,0.373656446054288,2.1957018628804645,attention_out,37056.0,2406.9581532419134,462135.96542244736,37056,1.0,5526346,0.08018419420381272,79679648,inverse,0.001,36.64344818853416,0.46273506723135815,35273.22056959754,8128.133653859491,1.775570037961401e-05,8.271454359662878,0.03443776969180809,1.2619186294304416,0.001
vit,inverse_dp_kfm_a,pink,0.4,42,3,blocks.10.mlp.fc1,True,0.27803022291238855,2.533858555084678,mlp_fc1,148224.0,280.80823516128055,215660.72460386346,148224,1.0,5526346,0.6873017804807312,79679648,inverse,0.001,140.58237794657583,0.5208945023983422,124709.46108460882,234329.63324508202,0.0,234.32863324508202,0.07748481203414198,10.892999130503137,0.001
vit,inverse_dp_kfm_a,pink,0.4,42,3,blocks.10.mlp.fc2,True,0.22979686726653337,2.9474378129985963,mlp_fc2,147648.0,5925.479473447248,1137692.0589018716,147648,1.0,5526346,0.12977852736575615,79679648,inverse,0.001,44.94946362371826,0.6210651957860547,128656.74140447823,13546.00664448313,6.727947410435245e-06,13.63614346480862,0.04563662067221637,2.0513416208152186,0.001
vit,inverse_dp_kfm_a,pink,0.4,42,3,blocks.11.attn.q_proj,True,0.3214921751566717,2.7205079483776173,attention_qkv,37056.0,319.9107499285846,61422.86398628824,37056,1.0,5526346,0.603293262396104,79679648,inverse,0.001,115.50188326717668,0.50261234983319,31846.758834254964,143374.7467282036,5.457837578891061e-08,143.38157188900917,0.08278085899706346,9.561345112635435,0.001
vit,inverse_dp_kfm_a,pink,0.4,42,3,blocks.11.attn.k_proj,True,0.3214921751566717,2.7205079483776173,attention_qkv,37056.0,319.9107499285846,61422.86398628824,37056,1.0,5526346,0.603293262396104,79679648,inverse,0.001,115.50188326717668,0.50261234983319,31846.758834254964,143374.7467282036,5.457837578891061e-08,143.38157188900917,0.08278085899706346,9.561345112635435,0.001
vit,inverse_dp_kfm_a,pink,0.4,42,3,blocks.11.attn.v_proj,True,0.3214921751566717,2.7205079483776173,attention_qkv,37056.0,319.9107499285846,61422.86398628824,37056,1.0,5526346,0.603293262396104,79679648,inverse,0.001,115.50188326717668,0.50261234983319,31846.758834254964,143374.7467282036,5.457837578891061e-08,143.38157188900917,0.08278085899706346,9.561345112635435,0.001
vit,inverse_dp_kfm_a,pink,0.4,42,3,blocks.11.attn.out_proj,True,0.5304699334835176,1.5191805188130918,attention_out,37056.0,2481.1017917213467,476371.54401049856,37056,1.0,5526346,0.07778802169422475,79679648,inverse,0.001,35.37199913150288,0.39583539002789114,35901.75890276405,7441.303435309742,2.3467915850363275e-05,7.61493531814661,0.03453213482470345,1.2214706430283508,0.001
vit,inverse_dp_kfm_a,pink,0.4,42,3,blocks.11.mlp.fc1,True,0.4986556714283454,1.7232668489416763,mlp_fc1,148224.0,321.0128321739513,246537.85510959462,148224,1.0,5526346,0.6012220716940581,79679648,inverse,0.001,132.116998773623,0.5108403033419714,127125.34618199168,200630.404511741,0.0,200.629404511741,0.07212340406081946,9.528727685852804,0.001
vit,inverse_dp_kfm_a,pink,0.4,42,3,blocks.11.mlp.fc2,True,0.8719469340971847,0.5597879065790778,mlp_fc2,147648.0,7381.9048313292105,1417325.7276152084,147648,1.0,5526346,0.10417365403253666,79679648,inverse,0.001,65.3616787848631,0.5922059802888097,132051.3583066896,34538.85974501318,8.430921700942908e-08,34.54077168923468,0.025259226903044284,1.6509854751907531,0.001
vit,inverse_dp_kfm_a,pink,0.4,42,3,head,True,0.05254335419187116,3.391526166980584,patch_head,1930.0,558.93670892483,5589.3670892483,1930,1.0,5526346,0.34529848714222866,79679648,inverse,0.001,376.89051422631366,0.7200254496151028,1588.605028594075,2757642.8424285557,2.736276682972225e-07,2758.3964098095257,0.014518840727729864,5.4720133478440545,0.001
vit,inverse_dp_kfm_a,pink,0.4,42,3,identity,True,,,identity,47616.0,47616.0,,47616,1.0,5526346,1.0,79679648,inverse,0.001,1.0,0.0,47616.0,,,,1.0,1.0,0.001
vit,inverse_dp_kfm_a,pink,0.4,42,4,patch_embed,True,0.6222148527171212,0.8482354594294865,patch_head,147648.0,2411.270088426416,462963.85697787185,147648,1.0,5526346,0.31891906414426013,79679648,inverse,0.001,18.59053289793329,0.4192200314569961,139641.2429321219,1490.14866316982,0.016652418979770607,26.30372854441873,0.08623170064295196,1.6030932676475336,0.001
vit,inverse_dp_kfm_a,pink,0.4,42,4,blocks.0.attn.q_proj,True,0.34154303999078933,1.712580702255872,attention_qkv,37056.0,886.4873113039066,170205.56377035007,37056,1.0,5526346,0.21771321206630956,79679648,inverse,0.001,41.4085276992317,1.0714261177995945,21449.64009539449,11033.783878053748,0.0,11.032783878053749,0.08332877474393734,3.4505218771273682,0.001
vit,inverse_dp_kfm_a,pink,0.4,42,4,blocks.0.attn.k_proj,True,0.34154303999078933,1.712580702255872,attention_qkv,37056.0,886.4873113039066,170205.56377035007,37056,1.0,5526346,0.21771321206630956,79679648,inverse,0.001,41.4085276992317,1.0714261177995945,21449.64009539449,11033.783878053748,0.0,11.032783878053749,0.08332877474393734,3.4505218771273682,0.001
vit,inverse_dp_kfm_a,pink,0.4,42,4,blocks.0.attn.v_proj,True,0.34154303999078933,1.712580702255872,attention_qkv,37056.0,886.4873113039066,170205.56377035007,37056,1.0,5526346,0.21771321206630956,79679648,inverse,0.001,41.4085276992317,1.0714261177995945,21449.64009539449,11033.783878053748,0.0,11.032783878053749,0.08332877474393734,3.4505218771273682,0.001
vit,inverse_dp_kfm_a,pink,0.4,42,4,blocks.0.attn.out_proj,True,0.0966929996711938,4.4492536206597215,attention_out,37056.0,1286.0770072127289,246926.78538484394,37056,1.0,5526346,0.15006877420060744,79679648,inverse,0.001,36.869142774886484,0.930315913025845,27229.788138872973,8253.869544816976,2.482028032853221e-06,8.273355880406726,0.0644461023560124,2.3760725490487697,0.001
vit,inverse_dp_kfm_a,pink,0.4,42,4,blocks.0.mlp.fc1,True,0.36573092132946816,1.8601134670451085,mlp_fc1,148224.0,676.678996632894,519689.4694140626,148224,1.0,5526346,0.2852164777691551,79679648,inverse,0.001,70.21374780633498,1.1769063768920531,72818.08672313354,41310.0183208674,2.3438390629910402e-11,41.309019289107745,0.06438021952664828,4.520376497560566,0.001
vit,inverse_dp_kfm_a,pink,0.4,42,4,blocks.0.mlp.fc2,True,0.11870729578142543,7.1974936304438994,mlp_fc2,147648.0,2752.888498396084,528554.5916920481,147648,1.0,5526346,0.2793429521203066,79679648,inverse,0.001,106.12490718893173,0.8073710033410028,109112.35450551024,116022.79103339979,5.9527673972895364e-05,122.92835791146136,0.04076387612933664,4.32606257088696,0.001
vit,inverse_dp_kfm_a,pink,0.4,42,4,blocks.1.attn.q_proj,True,0.3608551647859166,2.1477267101664603,attention_qkv,37056.0,645.3671913565352,123910.50074045475,37056,1.0,5526346,0.299054557753892,79679648,inverse,0.001,65.53045299698344,0.7760569426062339,27792.011988312814,34762.25374583619,6.879666642061132e-13,34.76125376975146,0.07232813309714196,4.739695326281823,0.001
vit,inverse_dp_kfm_a,pink,0.4,42,4,blocks.1.attn.k_proj,True,0.3608551647859166,2.1477267101664603,attention_qkv,37056.0,645.3671913565352,123910.50074045475,37056,1.0,5526346,0.299054557753892,79679648,inverse,0.001,65.53045299698344,0.7760569426062339,27792.011988312814,34762.25374583619,6.879666642061132e-13,34.76125376975146,0.07232813309714196,4.739695326281823,0.001
vit,inverse_dp_kfm_a,pink,0.4,42,4,blocks.1.attn.v_proj,True,0.3608551647859166,2.1477267101664603,attention_qkv,37056.0,645.3671913565352,123910.50074045475,37056,1.0,5526346,0.299054557753892,79679648,inverse,0.001,65.53045299698344,0.7760569426062339,27792.011988312814,34762.25374583619,6.879666642061132e-13,34.76125376975146,0.07232813309714196,4.739695326281823,0.001
vit,inverse_dp_kfm_a,pink,0.4,42,4,blocks.1.attn.out_proj,True,0.12902573427257674,3.9966447840291215,attention_out,37056.0,1122.70769064448,215559.87660374015,37056,1.0,5526346,0.1719058323090404,79679648,inverse,0.001,66.04941529535961,0.589022215265335,32778.76744354311,35454.58803116835,0.00017781019719671299,41.75777532051862,0.03863594240861055,2.5518814054739143,0.001
vit,inverse_dp_kfm_a,pink,0.4,42,4,blocks.1.mlp.fc1,True,0.21491150150821095,2.510561324159262,mlp_fc1,148224.0,444.9034504190643,341685.8499218414,148224,1.0,5526346,0.43380198516826307,79679648,inverse,0.001,80.89617380875256,0.6630378799821441,117287.0397656807,58859.958638024065,1.44033865659458e-08,58.859806420761586,0.08498867372040991,6.8752585210616415,0.001
vit,inverse_dp_kfm_a,pink,0.4,42,4,blocks.1.mlp.fc2,True,0.04894538235969561,3.3932317562476872,mlp_fc2,147648.0,5573.516684425533,1070115.2034097023,147648,1.0,5526346,0.1379739298437682,79679648,inverse,0.001,61.47966031244626,0.6881465784030408,125512.03948016407,29636.618396328915,5.748819713008579e-07,29.652655953935287,0.035560326224767916,2.1862367768985065,0.001
vit,inverse_dp_kfm_a,pink,0.4,42,4,blocks.2.attn.q_proj,True,0.41067674538352433,1.5212430516748074,attention_qkv,37056.0,498.71341203718225,95752.97511113899,37056,1.0,5526346,0.3869958082972323,79679648,inverse,0.001,58.81392708781691,0.6686496577178135,30303.352521367313,26527.75189272012,1.569426039524386e-08,26.527168226166022,0.1042853626823145,6.133431717124188,0.001
vit,inverse_dp_kfm_a,pink,0.4,42,4,blocks.2.attn.k_proj,True,0.41067674538352433,1.5212430516748074,attention_qkv,37056.0,498.71341203718225,95752.97511113899,37056,1.0,5526346,0.3869958082972323,79679648,inverse,0.001,58.81392708781691,0.6686496577178135,30303.352521367313,26527.75189272012,1.569426039524386e-08,26.527168226166022,0.1042853626823145,6.133431717124188,0.001
vit,inverse_dp_kfm_a,pink,0.4,42,4,blocks.2.attn.v_proj,True,0.41067674538352433,1.5212430516748074,attention_qkv,37056.0,498.71341203718225,95752.97511113899,37056,1.0,5526346,0.3869958082972323,79679648,inverse,0.001,58.81392708781691,0.6686496577178135,30303.352521367313,26527.75189272012,1.569426039524386e-08,26.527168226166022,0.1042853626823145,6.133431717124188,0.001
vit,inverse_dp_kfm_a,pink,0.4,42,4,blocks.2.attn.out_proj,True,0.14671140875642458,1.901202769959527,attention_out,37056.0,1145.554045780095,219946.37678977824,37056,1.0,5526346,0.16847742863897058,79679648,inverse,0.001,36.221071481570625,0.6834487556401015,31406.86671248618,7895.928979092508,0.0004637512173513967,11.55667565526683,0.06329851543916293,2.292740052399222,0.001
vit,inverse_dp_kfm_a,pink,0.4,42,4,blocks.2.mlp.fc1,True,0.238948482389039,1.7481005751392866,mlp_fc1,148224.0,365.0032212752172,280322.4739393668,148224,1.0,5526346,0.5287624567413762,79679648,inverse,0.001,68.25248103369486,0.5877291727149258,120248.24599776483,38485.40909378228,0.0,38.48440909378228,0.1227841106178546,8.380320181184214,0.001
vit,inverse_dp_kfm_a,pink,0.4,42,4,blocks.2.mlp.fc2,True,0.19383566356844706,2.0693888098876045,mlp_fc2,147648.0,4948.325142253247,950078.4273126234,147648,1.0,5526346,0.1554061178061213,79679648,inverse,0.001,38.309947256166424,0.5927066759883249,129169.50789149705,9084.036805201988,5.674624798083588e-05,9.59852181041702,0.06288807071518332,2.4092386721407375,0.001
vit,inverse_dp_kfm_a,pink,0.4,42,4,blocks.3.attn.q_proj,True,0.2758984734188241,1.8595300371443768,attention_qkv,37056.0,362.64095010258416,69627.06241969616,37056,1.0,5526346,0.532206856245562,79679648,inverse,0.001,69.00893397743594,0.5626788745247228,30811.570290942174,39560.63888480946,0.0,39.55963888480946,0.12222924987082404,8.434910234447218,0.001
vit,inverse_dp_kfm_a,pink,0.4,42,4,blocks.3.attn.k_proj,True,0.2758984734188241,1.8595300371443768,attention_qkv,37056.0,362.64095010258416,69627.06241969616,37056,1.0,5526346,0.532206856245562,79679648,inverse,0.001,69.00893397743594,0.5626788745247228,30811.570290942174,39560.63888480946,0.0,39.55963888480946,0.12222924987082404,8.434910234447218,0.001
vit,inverse_dp_kfm_a,pink,0.4,42,4,blocks.3.attn.v_proj,True,0.2758984734188241,1.8595300371443768,attention_qkv,37056.0,362.64095010258416,69627.06241969616,37056,1.0,5526346,0.532206856245562,79679648,inverse,0.001,69.00893397743594,0.5626788745247228,30811.570290942174,39560.63888480946,0.0,39.55963888480946,0.12222924987082404,8.434910234447218,0.001
vit,inverse_dp_kfm_a,pink,0.4,42,4,blocks.3.attn.out_proj,True,0.022206187986016705,1.924738641709909,attention_out,37056.0,1247.5536425470914,239530.29936904155,37056,1.0,5526346,0.1547027666128712,79679648,inverse,0.001,42.239252136469474,0.5635513316087586,32842.903036152755,11595.528577743327,0.00017050727352378747,13.571650540601503,0.05450448161835405,2.3022285416452215,0.001
vit,inverse_dp_kfm_a,pink,0.4,42,4,blocks.3.mlp.fc1,True,0.16356513139084441,2.1635359228384603,mlp_fc1,148224.0,363.0387839519712,278813.78607511387,148224,1.0,5526346,0.5316236405902386,79679648,inverse,0.001,81.16536865057313,0.5312555633065614,125721.44529944676,59350.84599974506,0.0,59.349845999745064,0.10380864436779877,8.42566688922863,0.001
vit,inverse_dp_kfm_a,pink,0.4,42,4,blocks.3.mlp.fc2,True,0.1624081588788658,1.8277515982102803,mlp_fc2,147648.0,5592.301598929177,1073721.906994402,147648,1.0,5526346,0.13751046620004354,79679648,inverse,0.001,41.92322427822093,0.5696463986719039,130815.03284877332,11379.854024462627,1.5697135159891312e-06,11.396717135134812,0.0519527576241593,2.178027109749683,0.001
vit,inverse_dp_kfm_a,pink,0.4,42,4,blocks.4.attn.q_proj,True,0.3009838787147344,2.134806708468288,attention_qkv,37056.0,374.71106784179074,71944.52502562382,37056,1.0,5526346,0.5150635157686023,79679648,inverse,0.001,71.48376766294675,0.5528831498439434,31306.45869856984,43203.4657013076,0.0,43.2024657013076,0.11419664722707126,8.163206598267454,0.001
vit,inverse_dp_kfm_a,pink,0.4,42,4,blocks.4.attn.k_proj,True,0.3009838787147344,2.134806708468288,attention_qkv,37056.0,374.71106784179074,71944.52502562382,37056,1.0,5526346,0.5150635157686023,79679648,inverse,0.001,71.48376766294675,0.5528831498439434,31306.45869856984,43203.4657013076,0.0,43.2024657013076,0.11419664722707126,8.163206598267454,0.001
vit,inverse_dp_kfm_a,pink,0.4,42,4,blocks.4.attn.v_proj,True,0.3009838787147344,2.134806708468288,attention_qkv,37056.0,374.71106784179074,71944.52502562382,37056,1.0,5526346,0.5150635157686023,79679648,inverse,0.001,71.48376766294675,0.5528831498439434,31306.45869856984,43203.4657013076,0.0,43.2024657013076,0.11419664722707126,8.163206598267454,0.001
vit,inverse_dp_kfm_a,pink,0.4,42,4,blocks.4.attn.out_proj,True,0.1558041032438448,3.4542282923470604,attention_out,37056.0,1422.3319020670326,273087.7251968703,37056,1.0,5526346,0.13569266056643942,79679648,inverse,0.001,42.98527550040018,0.5713959040881648,33628.48180523409,12114.326834415237,0.0003924573495923665,16.867683435945523,0.04382519756922078,1.8838381913724234,0.001
vit,inverse_dp_kfm_a,pink,0.4,42,4,blocks.4.mlp.fc1,True,0.18488548629331533,2.7811613534210577,mlp_fc1,148224.0,367.77860038615177,282453.96509656456,148224,1.0,5526346,0.5247722401394705,79679648,inverse,0.001,87.54054971255859,0.5122492428940711,126850.70272219932,71700.66334754467,1.053570981097974e-08,71.70041876492697,0.09500790761457842,8.317044459620176,0.001
vit,inverse_dp_kfm_a,pink,0.4,42,4,blocks.4.mlp.fc2,True,0.23776615584180344,2.681324198013551,mlp_fc2,147648.0,5666.136253956306,1087898.1607596108,147648,1.0,5526346,0.13571858591700045,79679648,inverse,0.001,45.7743870683663,0.5539477755153922,132038.83837048442,14176.086163308753,7.341964368502624e-05,15.215889358267113,0.04567819906499893,2.090891564587149,0.001
vit,inverse_dp_kfm_a,pink,0.4,42,4,blocks.5.attn.q_proj,True,0.29431761477178287,2.231133521029308,attention_qkv,37056.0,357.2984859317141,68601.3092988891,37056,1.0,5526346,0.54016461753741,79679648,inverse,0.001,77.76544365254307,0.5236255240843993,31586.05454288618,53329.392319281156,0.0,53.32839231928116,0.1100878725733864,8.561032251434023,0.001
vit,inverse_dp_kfm_a,pink,0.4,42,4,blocks.5.attn.k_proj,True,0.29431761477178287,2.231133521029308,attention_qkv,37056.0,357.2984859317141,68601.3092988891,37056,1.0,5526346,0.54016461753741,79679648,inverse,0.001,77.76544365254307,0.5236255240843993,31586.05454288618,53329.392319281156,0.0,53.32839231928116,0.1100878725733864,8.561032251434023,0.001
vit,inverse_dp_kfm_a,pink,0.4,42,4,blocks.5.attn.v_proj,True,0.29431761477178287,2.231133521029308,attention_qkv,37056.0,357.2984859317141,68601.3092988891,37056,1.0,5526346,0.54016461753741,79679648,inverse,0.001,77.76544365254307,0.5236255240843993,31586.05454288618,53329.392319281156,0.0,53.32839231928116,0.1100878725733864,8.561032251434023,0.001
vit,inverse_dp_kfm_a,pink,0.4,42,4,blocks.5.attn.out_proj,True,0.14077119127477628,3.3711388275158782,attention_out,37056.0,1197.2578906891122,229873.51501230954,37056,1.0,5526346,0.16120169388811792,79679648,inverse,0.001,42.818896288588235,0.5116087851532126,34139.08311115686,11997.44234409014,0.000669278941520426,20.026077857095125,0.04860965811063603,2.0814119092630556,0.001
vit,inverse_dp_kfm_a,pink,0.4,42,4,blocks.5.mlp.fc1,True,0.17634430415997346,3.571350644329094,mlp_fc1,148224.0,381.2994251650968,292837.95852679433,148224,1.0,5526346,0.5061638892228436,79679648,inverse,0.001,102.36397101222796,0.48427793707723166,129143.05851921233,106015.12088442945,0.0,106.01412088442945,0.07836895094692027,8.022157022989262,0.001
vit,inverse_dp_kfm_a,pink,0.4,42,4,blocks.5.mlp.fc2,True,0.15440219661455717,3.2724548584886537,mlp_fc2,147648.0,6530.657948889387,1253886.3261867622,147648,1.0,5526346,0.11775230091950802,79679648,inverse,0.001,52.388630916875044,0.5845921415221593,131549.4064260063,19865.1854034684,2.386374826298372e-06,19.911591181834986,0.03558920536107263,1.864469744286105,0.001
vit,inverse_dp_kfm_a,pink,0.4,42,4,blocks.6.attn.q_proj,True,0.17443843252174918,3.1738596201996434,attention_qkv,37056.0,424.8060995695411,81562.77111735189,37056,1.0,5526346,0.45432492658548973,79679648,inverse,0.001,85.70723669152133,0.526123599680395,32046.954497481776,68005.45220642847,1.3723362004116583e-08,68.00538546986735,0.08401303769739041,7.200525307103945,0.001
vit,inverse_dp_kfm_a,pink,0.4,42,4,blocks.6.attn.k_proj,True,0.17443843252174918,3.1738596201996434,attention_qkv,37056.0,424.8060995695411,81562.77111735189,37056,1.0,5526346,0.45432492658548973,79679648,inverse,0.001,85.70723669152133,0.526123599680395,32046.954497481776,68005.45220642847,1.3723362004116583e-08,68.00538546986735,0.08401303769739041,7.200525307103945,0.001
vit,inverse_dp_kfm_a,pink,0.4,42,4,blocks.6.attn.v_proj,True,0.17443843252174918,3.1738596201996434,attention_qkv,37056.0,424.8060995695411,81562.77111735189,37056,1.0,5526346,0.45432492658548973,79679648,inverse,0.001,85.70723669152133,0.526123599680395,32046.954497481776,68005.45220642847,1.3723362004116583e-08,68.00538546986735,0.08401303769739041,7.200525307103945,0.001
vit,inverse_dp_kfm_a,pink,0.4,42,4,blocks.6.attn.out_proj,True,0.05683855844288974,3.103988043680762,attention_out,37056.0,1856.6163947119137,356470.3477846874,37056,1.0,5526346,0.10395254536678122,79679648,inverse,0.001,52.03776168964433,0.5302612192494339,34314.86567960226,19534.240024134877,0.0001536039379242655,22.533776216199794,0.0299015587223319,1.5560101869416132,0.001
vit,inverse_dp_kfm_a,pink,0.4,42,4,blocks.6.mlp.fc1,True,0.11877840617107913,3.3037604309723494,mlp_fc1,148224.0,390.1062934935197,299601.6334030231,148224,1.0,5526346,0.4947369555913254,79679648,inverse,0.001,112.08206580415151,0.5209524428263621,127798.73789626683,132996.5322337636,1.8017817347205447e-08,132.99792854098922,0.06995763115849987,7.840995819009543,0.001
vit,inverse_dp_kfm_a,pink,0.4,42,4,blocks.6.mlp.fc2,True,0.07003639033126607,2.7665472056606277,mlp_fc2,147648.0,6867.7079930736145,1318599.934670134,147648,1.0,5526346,0.11197331056817941,79679648,inverse,0.001,51.351556401458154,0.5784833211196382,132577.4882782224,18896.61555707575,2.446544188777981e-06,18.941846962054484,0.03452521711475172,1.772923633940761,0.001
vit,inverse_dp_kfm_a,pink,0.4,42,4,blocks.7.attn.q_proj,True,0.15981376086742724,3.4886127673044367,attention_qkv,37056.0,431.01550735850856,82754.97741283364,37056,1.0,5526346,0.447779712574163,79679648,inverse,0.001,93.76591882941321,0.5367703032879694,31991.459082176683,85135.86134519732,2.8431913930646866e-08,85.1372819206795,0.0756858095289524,7.09674947283018,0.001
vit,inverse_dp_kfm_a,pink,0.4,42,4,blocks.7.attn.k_proj,True,0.15981376086742724,3.4886127673044367,attention_qkv,37056.0,431.01550735850856,82754.97741283364,37056,1.0,5526346,0.447779712574163,79679648,inverse,0.001,93.76591882941321,0.5367703032879694,31991.459082176683,85135.86134519732,2.8431913930646866e-08,85.1372819206795,0.0756858095289524,7.09674947283018,0.001
vit,inverse_dp_kfm_a,pink,0.4,42,4,blocks.7.attn.v_proj,True,0.15981376086742724,3.4886127673044367,attention_qkv,37056.0,431.01550735850856,82754.97741283364,37056,1.0,5526346,0.447779712574163,79679648,inverse,0.001,93.76591882941321,0.5367703032879694,31991.459082176683,85135.86134519732,2.8431913930646866e-08,85.1372819206795,0.0756858095289524,7.09674947283018,0.001
vit,inverse_dp_kfm_a,pink,0.4,42,4,blocks.7.attn.out_proj,True,0.10156658771150008,3.3113785751054268,attention_out,37056.0,1854.8565914160108,356132.4655518741,37056,1.0,5526346,0.10405117079841866,79679648,inverse,0.001,48.356436086154496,0.5144707312870057,34526.58263485691,16260.568065269767,0.0001831745668111959,19.238090576729522,0.031884026073424235,1.5417978689888225,0.001
vit,inverse_dp_kfm_a,pink,0.4,42,4,blocks.7.mlp.fc1,True,0.16030579322644326,3.5738202337014053,mlp_fc1,148224.0,361.435481710714,277582.44995382836,148224,1.0,5526346,0.5339818854709828,79679648,inverse,0.001,135.44426792185763,0.5519813089844599,123926.79117493346,213501.8169993783,2.408685750711245e-09,213.50133125816262,0.062483518333736096,8.463034397894855,0.001
vit,inverse_dp_kfm_a,pink,0.4,42,4,blocks.7.mlp.fc2,True,0.9984902918289915,0.05506798319772916,mlp_fc2,147648.0,6513.564764798444,1250604.4348413013,147648,1.0,5526346,0.11806131170383717,79679648,inverse,0.001,209.70579884945474,0.6528356173717271,129834.86206015723,636833.7914051106,1.0672000653750785e-05,643.6290820433165,0.008884910767568572,1.8632173102190894,0.001
vit,inverse_dp_kfm_a,pink,0.4,42,4,blocks.8.attn.q_proj,True,0.2732432290053465,3.0797221286273757,attention_qkv,37056.0,423.44732444414404,81301.88629327566,37056,1.0,5526346,0.45578278302584524,79679648,inverse,0.001,113.77429631077028,0.5540844123269815,32043.719636206264,138073.51951815048,0.0,138.07251951815047,0.0634912325087491,7.22367030058643,0.001
vit,inverse_dp_kfm_a,pink,0.4,42,4,blocks.8.attn.k_proj,True,0.2732432290053465,3.0797221286273757,attention_qkv,37056.0,423.44732444414404,81301.88629327566,37056,1.0,5526346,0.45578278302584524,79679648,inverse,0.001,113.77429631077028,0.5540844123269815,32043.719636206264,138073.51951815048,0.0,138.07251951815047,0.0634912325087491,7.22367030058643,0.001
vit,inverse_dp_kfm_a,pink,0.4,42,4,blocks.8.attn.v_proj,True,0.2732432290053465,3.0797221286273757,attention_qkv,37056.0,423.44732444414404,81301.88629327566,37056,1.0,5526346,0.45578278302584524,79679648,inverse,0.001,113.77429631077028,0.5540844123269815,32043.719636206264,138073.51951815048,0.0,138.07251951815047,0.0634912325087491,7.22367030058643,0.001
vit,inverse_dp_kfm_a,pink,0.4,42,4,blocks.8.attn.out_proj,True,0.22677656792723386,1.3446744696872561,attention_out,37056.0,2549.051278734787,489417.8455170791,37056,1.0,5526346,0.07571444388352787,79679648,inverse,0.001,31.911259674296115,0.41309083936661095,35835.667974472366,5752.54295112635,2.950806445264834e-05,5.921289359294815,0.037169172088810626,1.1861151024046352,0.001
vit,inverse_dp_kfm_a,pink,0.4,42,4,blocks.8.mlp.fc1,True,0.2344227892189657,2.976329341522114,mlp_fc1,148224.0,328.65184889162714,252404.61994876963,148224,1.0,5526346,0.5872475711026404,79679648,inverse,0.001,151.23283475061146,0.5720609049576888,123440.19391268963,281264.7014750722,0.0,281.2637014750722,0.06154250029530281,9.307246777298985,0.001
vit,inverse_dp_kfm_a,pink,0.4,42,4,blocks.8.mlp.fc2,True,0.09829226710161408,2.6233183076712994,mlp_fc2,147648.0,6248.531496475935,1199718.0473233794,147648,1.0,5526346,0.12306891634197618,79679648,inverse,0.001,52.53066220431701,0.6485525826934732,128330.09973262771,20000.101004453725,1.0988667103429384e-06,20.021078449651014,0.03711459390823984,1.9496541954441493,0.001
vit,inverse_dp_kfm_a,pink,0.4,42,4,blocks.9.attn.q_proj,True,0.22867659524708805,3.245739181021984,attention_qkv,37056.0,374.4098248075281,71886.68636304539,37056,1.0,5526346,0.5154779260913226,79679648,inverse,0.001,113.95195991174272,0.5316004016968586,32095.667364281013,138613.17074446465,8.91216661649143e-08,138.6245241811938,0.07169234598674712,8.169483335860596,0.001
vit,inverse_dp_kfm_a,pink,0.4,42,4,blocks.9.attn.k_proj,True,0.22867659524708805,3.245739181021984,attention_qkv,37056.0,374.4098248075281,71886.68636304539,37056,1.0,5526346,0.5154779260913226,79679648,inverse,0.001,113.95195991174272,0.5316004016968586,32095.667364281013,138613.17074446465,8.91216661649143e-08,138.6245241811938,0.07169234598674712,8.169483335860596,0.001
vit,inverse_dp_kfm_a,pink,0.4,42,4,blocks.9.attn.v_proj,True,0.22867659524708805,3.245739181021984,attention_qkv,37056.0,374.4098248075281,71886.68636304539,37056,1.0,5526346,0.5154779260913226,79679648,inverse,0.001,113.95195991174272,0.5316004016968586,32095.667364281013,138613.17074446465,8.91216661649143e-08,138.6245241811938,0.07169234598674712,8.169483335860596,0.001
vit,inverse_dp_kfm_a,pink,0.4,42,4,blocks.9.attn.out_proj,True,0.274420874007194,1.2940689706816755,attention_out,37056.0,2606.7624443192553,500498.389309297,37056,1.0,5526346,0.07403820030497682,79679648,inverse,0.001,28.857492786248923,0.38572370000276546,36002.00538369316,4473.490191117829,2.5328190178725922e-05,4.585795601441126,0.04025799101354791,1.1617446852623328,0.001
vit,inverse_dp_kfm_a,pink,0.4,42,4,blocks.9.mlp.fc1,True,0.2278128528953501,2.9784842351356966,mlp_fc1,148224.0,294.08930553741686,225860.58665273615,148224,1.0,5526346,0.6562632382952963,79679648,inverse,0.001,151.87272810757028,0.5432683051933028,124552.91341497474,284249.3535986919,2.2477350246323612e-08,284.25474277097004,0.06848482939650376,10.400977874428554,0.001
vit,inverse_dp_kfm_a,pink,0.4,42,4,blocks.9.mlp.fc2,True,0.10424482350595543,2.9736583886558114,mlp_fc2,147648.0,5973.380281348301,1146889.0140188737,147648,1.0,5526346,0.1287378274577929,79679648,inverse,0.001,51.46349366682113,0.6478265610427483,127504.82720627266,18999.762131520853,1.1114613722376854e-05,19.209937148429752,0.03947178398106023,2.0313559049274255,0.001
vit,inverse_dp_kfm_a,pink,0.4,42,4,blocks.10.attn.q_proj,True,0.2177589597787675,2.8745912467787784,attention_qkv,37056.0,335.5248043511052,64420.7624354122,37056,1.0,5526346,0.5752182774482385,79679648,inverse,0.001,110.90894839880137,0.5117994180700614,31959.582541328167,129543.75117793484,2.615576889002334e-08,129.5461394943518,0.08219805591709962,9.116499942191393,0.001
vit,inverse_dp_kfm_a,pink,0.4,42,4,blocks.10.attn.k_proj,True,0.2177589597787675,2.8745912467787784,attention_qkv,37056.0,335.5248043511052,64420.7624354122,37056,1.0,5526346,0.5752182774482385,79679648,inverse,0.001,110.90894839880137,0.5117994180700614,31959.582541328167,129543.75117793484,2.615576889002334e-08,129.5461394943518,0.08219805591709962,9.116499942191393,0.001
vit,inverse_dp_kfm_a,pink,0.4,42,4,blocks.10.attn.v_proj,True,0.2177589597787675,2.8745912467787784,attention_qkv,37056.0,335.5248043511052,64420.7624354122,37056,1.0,5526346,0.5752182774482385,79679648,inverse,0.001,110.90894839880137,0.5117994180700614,31959.582541328167,129543.75117793484,2.615576889002334e-08,129.5461394943518,0.08219805591709962,9.116499942191393,0.001
vit,inverse_dp_kfm_a,pink,0.4,42,4,blocks.10.attn.out_proj,True,0.3787742939934015,2.1893905295414835,attention_out,37056.0,2389.010202027471,458689.95878927445,37056,1.0,5526346,0.08078659514982713,79679648,inverse,0.001,38.34804045221626,0.47139425891510006,35199.82251903652,9106.635250522851,1.9588102856190405e-05,9.284016958483903,0.03313036527167011,1.2704845876347062,0.001
vit,inverse_dp_kfm_a,pink,0.4,42,4,blocks.10.mlp.fc1,True,0.28059261214981374,2.5165158359729785,mlp_fc1,148224.0,282.5320692162776,216984.6291581012,148224,1.0,5526346,0.6831082946986063,79679648,inverse,0.001,141.45319211670684,0.521157370871171,124806.8091126908,237975.29898486938,0.0,237.9742989848694,0.0765379465659772,10.826536859815416,0.001
vit,inverse_dp_kfm_a,pink,0.4,42,4,blocks.10.mlp.fc2,True,0.23070135819737325,2.8839925496233327,mlp_fc2,147648.0,5999.2312845661245,1151852.4066366958,147648,1.0,5526346,0.1281830893865289,79679648,inverse,0.001,45.11355560789279,0.6202429069645086,128851.14702496937,13669.972566472865,7.601972854162052e-06,13.772891326840334,0.04489604385714941,2.025420171123903,0.001
vit,inverse_dp_kfm_a,pink,0.4,42,4,blocks.11.attn.q_proj,True,0.3232006215250954,2.7122766115256165,attention_qkv,37056.0,322.3587632886289,61892.88255141675,37056,1.0,5526346,0.5987118142254271,79679648,inverse,0.001,116.00541482146188,0.5036702898373425,31857.854468411013,144942.46851117763,0.0,144.94146851117765,0.08179741265287642,9.488942786119225,0.001
vit,inverse_dp_kfm_a,pink,0.4,42,4,blocks.11.attn.k_proj,True,0.3232006215250954,2.7122766115256165,attention_qkv,37056.0,322.3587632886289,61892.88255141675,37056,1.0,5526346,0.5987118142254271,79679648,inverse,0.001,116.00541482146188,0.5036702898373425,31857.854468411013,144942.46851117763,0.0,144.94146851117765,0.08179741265287642,9.488942786119225,0.001
vit,inverse_dp_kfm_a,pink,0.4,42,4,blocks.11.attn.v_proj,True,0.3232006215250954,2.7122766115256165,attention_qkv,37056.0,322.3587632886289,61892.88255141675,37056,1.0,5526346,0.5987118142254271,79679648,inverse,0.001,116.00541482146188,0.5036702898373425,31857.854468411013,144942.46851117763,0.0,144.94146851117765,0.08179741265287642,9.488942786119225,0.001
vit,inverse_dp_kfm_a,pink,0.4,42,4,blocks.11.attn.out_proj,True,0.5322723451002725,1.4882324113095904,attention_out,37056.0,2477.0393735880807,475591.5597289115,37056,1.0,5526346,0.07791559635987237,79679648,inverse,0.001,36.35610644944672,0.3977935648713565,35898.0352200843,7969.72646459442,2.4635380288815728e-05,8.165063706847542,0.033637157876699,1.222916092422114,0.001
vit,inverse_dp_kfm_a,pink,0.4,42,4,blocks.11.mlp.fc1,True,0.5058803592547215,1.717282097024521,mlp_fc1,148224.0,323.2381963828253,248246.93482200985,148224,1.0,5526346,0.5970829009682431,79679648,inverse,0.001,132.99222529980295,0.5118994141059448,127181.65071515698,203969.68835713025,0.0,203.96868835713025,0.07115548468688597,9.46312625079502,0.001
vit,inverse_dp_kfm_a,pink,0.4,42,4,blocks.11.mlp.fc2,True,0.8755673701753222,0.564413153157185,mlp_fc2,147648.0,7450.895380277302,1430571.913013242,147648,1.0,5526346,0.10320907229962742,79679648,inverse,0.001,66.41425598664914,0.5882738270585315,132323.88963090995,35946.224259459894,3.969059455575171e-08,35.94665098647279,0.024629163839715904,1.6357275919880143,0.001
vit,inverse_dp_kfm_a,pink,0.4,42,4,head,True,0.0665910436551878,3.3392958738712326,patch_head,1930.0000000000002,553.6105034656308,5536.105034656308,1930,1.0000000000000002,5526346,0.34862055324422114,79679648,inverse,0.001,378.0030956721251,0.7199659489456933,1587.5713266447199,2778039.3386772866,0.0,2778.0383386772864,0.014616979276488449,5.525263415887934,0.001
vit,inverse_dp_kfm_a,pink,0.4,42,4,identity,True,,,identity,47616.0,47616.0,,47616,1.0,5526346,1.0,79679648,inverse,0.001,1.0,0.0,47616.0,,,,1.0,1.0,0.001
vit,inverse_dp_kfm_a,pink,0.4,42,5,patch_embed,True,0.620146898053799,0.8490321621520888,patch_head,147648.0,2410.3985449623806,462796.5206327771,147648,1.0,5526346,0.3190343777825347,79679648,inverse,0.001,18.608248105587077,0.41917400556159756,139642.34055123976,1493.7011652217768,0.01664156372048245,26.35022428561886,0.0862019647020943,1.6040675463656304,0.001
vit,inverse_dp_kfm_a,pink,0.4,42,5,blocks.0.attn.q_proj,True,0.3424061963176665,1.7136908483764228,attention_qkv,37056.0,883.0115747032241,169538.22234301904,37056,1.0,5526346,0.2185701813307106,79679648,inverse,0.001,41.45758915594494,1.069382869398009,21489.90562785882,11066.495415408552,0.0,11.065495415408552,0.08355777543238059,3.4641039246603444,0.001
vit,inverse_dp_kfm_a,pink,0.4,42,5,blocks.0.attn.k_proj,True,0.3424061963176665,1.7136908483764228,attention_qkv,37056.0,883.0115747032241,169538.22234301904,37056,1.0,5526346,0.2185701813307106,79679648,inverse,0.001,41.45758915594494,1.069382869398009,21489.90562785882,11066.495415408552,0.0,11.065495415408552,0.08355777543238059,3.4641039246603444,0.001
vit,inverse_dp_kfm_a,pink,0.4,42,5,blocks.0.attn.v_proj,True,0.3424061963176665,1.7136908483764228,attention_qkv,37056.0,883.0115747032241,169538.22234301904,37056,1.0,5526346,0.2185701813307106,79679648,inverse,0.001,41.45758915594494,1.069382869398009,21489.90562785882,11066.495415408552,0.0,11.065495415408552,0.08355777543238059,3.4641039246603444,0.001
vit,inverse_dp_kfm_a,pink,0.4,42,5,blocks.0.attn.out_proj,True,0.09648937483093589,4.4288949566056965,attention_out,37056.0,1280.9760239028308,245947.3965893435,37056,1.0,5526346,0.15066636408382936,79679648,inverse,0.001,36.86602752599695,0.9292692215050901,27221.019900088504,8252.126133757574,2.6288595351636254e-06,8.272819814229678,0.0647044104374703,2.385394576241184,0.001
vit,inverse_dp_kfm_a,pink,0.4,42,5,blocks.0.mlp.fc1,True,0.36505526574729047,1.8595936460818951,mlp_fc1,148224.0,674.1457818850565,517743.9604877234,148224,1.0,5526346,0.2862882260574716,79679648,inverse,0.001,70.20425943004513,1.1747707338188893,72904.56821974277,41296.06360098731,0.0,41.29506360098731,0.06463087343188623,4.537362605602552,0.001
vit,inverse_dp_kfm_a,pink,0.4,42,5,blocks.0.mlp.fc2,True,0.11870268597759973,7.206903137369021,mlp_fc2,147648.0,2753.482846682504,528668.7065630407,147648,1.0,5526346,0.2792826550296179,79679648,inverse,0.001,106.20054021770329,0.8075563139954602,109103.33254822882,116229.61915428645,5.987172535478677e-05,123.18748699038336,0.04072076384970137,4.324567118915808,0.001
vit,inverse_dp_kfm_a,pink,0.4,42,5,blocks.1.attn.q_proj,True,0.3589805658484313,2.1557679113939967,attention_qkv,37056.0,643.6997730494418,123590.35642549282,37056,1.0,5526346,0.29982921865218043,79679648,inverse,0.001,65.62646283899129,0.7747679639740896,27808.025217784038,34889.72069540625,3.5052675959513796e-15,34.88872069552855,0.07240940117524904,4.751972875421093,0.001
vit,inverse_dp_kfm_a,pink,0.4,42,5,blocks.1.attn.k_proj,True,0.3589805658484313,2.1557679113939967,attention_qkv,37056.0,643.6997730494418,123590.35642549282,37056,1.0,5526346,0.29982921865218043,79679648,inverse,0.001,65.62646283899129,0.7747679639740896,27808.025217784038,34889.72069540625,3.5052675959513796e-15,34.88872069552855,0.07240940117524904,4.751972875421093,0.001
vit,inverse_dp_kfm_a,pink,0.4,42,5,blocks.1.attn.v_proj,True,0.3589805658484313,2.1557679113939967,attention_qkv,37056.0,643.6997730494418,123590.35642549282,37056,1.0,5526346,0.29982921865218043,79679648,inverse,0.001,65.62646283899129,0.7747679639740896,27808.025217784038,34889.72069540625,3.5052675959513796e-15,34.88872069552855,0.07240940117524904,4.751972875421093,0.001
vit,inverse_dp_kfm_a,pink,0.4,42,5,blocks.1.attn.out_proj,True,0.12470819469007442,4.025472748902251,attention_out,37056.0,1122.0910994874598,215441.49110159228,37056,1.0,5526346,0.1720002948852879,79679648,inverse,0.001,66.14235210113493,0.5891365876200715,32778.75808392871,35579.438275742,0.0001805868136098982,42.0036156639883,0.03856651402500371,2.5508799499551538,0.001
vit,inverse_dp_kfm_a,pink,0.4,42,5,blocks.1.mlp.fc1,True,0.21285687328594136,2.514253805047922,mlp_fc1,148224.0,443.551542241448,340647.58444143203,148224,1.0,5526346,0.43512417750751536,79679648,inverse,0.001,80.95512959413797,0.6617248626509511,117378.81174636763,58967.25765751672,1.7055273991412116e-08,58.967263360252595,0.08518553989360904,6.89620642163373,0.001
vit,inverse_dp_kfm_a,pink,0.4,42,5,blocks.1.mlp.fc2,True,0.04993289669002029,3.413771346332561,mlp_fc2,147648.0,5563.277066979051,1068149.1968599777,147648,1.0,5526346,0.13822788093090238,79679648,inverse,0.001,61.369371118515836,0.6879118361166404,125501.91431322851,29503.883343602512,7.209200125957707e-07,29.524153283554202,0.03568771860196073,2.1901328472568897,0.001
vit,inverse_dp_kfm_a,pink,0.4,42,5,blocks.2.attn.q_proj,True,0.4137390721945956,1.522061625683736,attention_qkv,37056.0,496.86596198718826,95398.26470154015,37056,1.0,5526346,0.388434738471734,79679648,inverse,0.001,58.84683439351211,0.6675265309740218,30312.15377375738,26564.874188536123,2.6311248116938695e-08,26.56457314353209,0.1046141394029755,6.15621093666669,0.001
vit,inverse_dp_kfm_a,pink,0.4,42,5,blocks.2.attn.k_proj,True,0.4137390721945956,1.522061625683736,attention_qkv,37056.0,496.86596198718826,95398.26470154015,37056,1.0,5526346,0.388434738471734,79679648,inverse,0.001,58.84683439351211,0.6675265309740218,30312.15377375738,26564.874188536123,2.6311248116938695e-08,26.56457314353209,0.1046141394029755,6.15621093666669,0.001
vit,inverse_dp_kfm_a,pink,0.4,42,5,blocks.2.attn.v_proj,True,0.4137390721945956,1.522061625683736,attention_qkv,37056.0,496.86596198718826,95398.26470154015,37056,1.0,5526346,0.388434738471734,79679648,inverse,0.001,58.84683439351211,0.6675265309740218,30312.15377375738,26564.874188536123,2.6311248116938695e-08,26.56457314353209,0.1046141394029755,6.15621093666669,0.001
vit,inverse_dp_kfm_a,pink,0.4,42,5,blocks.2.attn.out_proj,True,0.14890158439492304,1.9067971824233056,attention_out,37056.0,1139.5726528035934,218797.94933828994,37056,1.0,5526346,0.1693617335631726,79679648,inverse,0.001,36.211024536999965,0.6830436502259233,31399.74302492306,7890.454716806111,0.0004609996673193707,11.526951716252288,0.06369633302663473,2.3065094781443913,0.001
vit,inverse_dp_kfm_a,pink,0.4,42,5,blocks.2.mlp.fc1,True,0.23914650274067253,1.7410218903310926,mlp_fc1,148224.0,363.814653715579,279409.6540535647,148224,1.0,5526346,0.5304899020117052,79679648,inverse,0.001,68.09427585534448,0.5864351506325266,120273.7457450289,38262.77944483583,0.0,38.26177944483584,0.12347144070579404,8.407698343677149,0.001
vit,inverse_dp_kfm_a,pink,0.4,42,5,blocks.2.mlp.fc2,True,0.19089108222534562,2.0618129075107983,mlp_fc2,147648.0,4934.736635922367,947469.4340970945,147648,1.0,5526346,0.1558340508796502,79679648,inverse,0.001,38.21949118307587,0.5923293678187755,129145.82970079637,9030.509471494322,6.0032223480549486e-05,9.571631034230288,0.06313204134730327,2.4128744976428385,0.001
vit,inverse_dp_kfm_a,pink,0.4,42,5,blocks.3.attn.q_proj,True,0.2776459001102048,1.8406031274145878,attention_qkv,37056.0,361.36865510057777,69382.78177931093,37056,1.0,5526346,0.5340806328271149,79679648,inverse,0.001,68.76728403158606,0.5615175743202975,30820.018342186024,39215.22223076577,3.446317465382452e-08,39.21557371181861,0.12308892269116317,8.464490907845157,0.001
vit,inverse_dp_kfm_a,pink,0.4,42,5,blocks.3.attn.k_proj,True,0.2776459001102048,1.8406031274145878,attention_qkv,37056.0,361.36865510057777,69382.78177931093,37056,1.0,5526346,0.5340806328271149,79679648,inverse,0.001,68.76728403158606,0.5615175743202975,30820.018342186024,39215.22223076577,3.446317465382452e-08,39.21557371181861,0.12308892269116317,8.464490907845157,0.001
vit,inverse_dp_kfm_a,pink,0.4,42,5,blocks.3.attn.v_proj,True,0.2776459001102048,1.8406031274145878,attention_qkv,37056.0,361.36865510057777,69382.78177931093,37056,1.0,5526346,0.5340806328271149,79679648,inverse,0.001,68.76728403158606,0.5615175743202975,30820.018342186024,39215.22223076577,3.446317465382452e-08,39.21557371181861,0.12308892269116317,8.464490907845157,0.001
vit,inverse_dp_kfm_a,pink,0.4,42,5,blocks.3.attn.out_proj,True,0.021763822784039877,1.8661056847290718,attention_out,37056.0,1242.1200859035164,238487.05649347516,37056,1.0,5526346,0.15537950170060413,79679648,inverse,0.001,41.88456622154938,0.5635859869167187,32822.869340176396,11353.638314005091,0.00017951123799993924,13.390743983555689,0.05503752162336571,2.3052227191038166,0.001
vit,inverse_dp_kfm_a,pink,0.4,42,5,blocks.3.mlp.fc1,True,0.16347318920061854,2.1092879240650086,mlp_fc1,148224.0,361.997941872509,278014.4193580869,148224,1.0,5526346,0.5331522024729415,79679648,inverse,0.001,80.71264127629777,0.5302258802324841,125730.12331099866,58526.68135550917,0.0,58.52568135550918,0.10469107228846884,8.449892962450143,0.001
vit,inverse_dp_kfm_a,pink,0.4,42,5,blocks.3.mlp.fc2,True,0.16711243795456873,1.7844435770428297,mlp_fc2,147648.0,5572.9083162637735,1069998.3967226446,147648,1.0,5526346,0.13798899180806157,79679648,inverse,0.001,41.67178815429159,0.5690373605554959,130797.91321727383,11209.993003762464,1.381909179743647e-06,11.224484195999224,0.05245204298547273,2.185770423550416,0.001
vit,inverse_dp_kfm_a,pink,0.4,42,5,blocks.4.attn.q_proj,True,0.30341132579304114,2.087463606789671,attention_qkv,37056.0,373.2939208108657,71672.43279568621,37056,1.0,5526346,0.5170188670117294,79679648,inverse,0.001,71.03222977441656,0.5515838998294121,31314.652813288652,42524.44161008306,9.097524768045827e-09,42.52382847724385,0.11535843707086046,8.194167008434937,0.001
vit,inverse_dp_kfm_a,pink,0.4,42,5,blocks.4.attn.k_proj,True,0.30341132579304114,2.087463606789671,attention_qkv,37056.0,373.2939208108657,71672.43279568621,37056,1.0,5526346,0.5170188670117294,79679648,inverse,0.001,71.03222977441656,0.5515838998294121,31314.652813288652,42524.44161008306,9.097524768045827e-09,42.52382847724385,0.11535843707086046,8.194167008434937,0.001
vit,inverse_dp_kfm_a,pink,0.4,42,5,blocks.4.attn.v_proj,True,0.30341132579304114,2.087463606789671,attention_qkv,37056.0,373.2939208108657,71672.43279568621,37056,1.0,5526346,0.5170188670117294,79679648,inverse,0.001,71.03222977441656,0.5515838998294121,31314.652813288652,42524.44161008306,9.097524768045827e-09,42.52382847724385,0.11535843707086046,8.194167008434937,0.001
vit,inverse_dp_kfm_a,pink,0.4,42,5,blocks.4.attn.out_proj,True,0.15501830358198193,3.2892741981039757,attention_out,37056.0,1415.9669507449842,271865.65454303694,37056,1.0,5526346,0.13630261631350699,79679648,inverse,0.001,42.97238365665662,0.570077825444205,33633.64823426312,12105.245766588383,0.00039311873401513706,16.863044657291706,0.044027040659620514,1.8919468824924333,0.001
vit,inverse_dp_kfm_a,pink,0.4,42,5,blocks.4.mlp.fc1,True,0.19016373294267055,2.7238662952733494,mlp_fc1,148224.0,366.81363750944024,281712.8736072501,148224,1.0,5526346,0.5261527387869623,79679648,inverse,0.001,87.31076351976867,0.5109631315935617,126880.98677808311,71231.06951307412,0.0,71.23006951307411,0.09550894532143438,8.338958938982273,0.001
vit,inverse_dp_kfm_a,pink,0.4,42,5,blocks.4.mlp.fc2,True,0.24908211527748583,2.590419233276624,mlp_fc2,147648.0,5658.1183431887575,1086358.7218922414,147648,1.0,5526346,0.13591090771823855,79679648,inverse,0.001,45.622103347237605,0.552894176376136,132075.73903438172,14058.476522019904,7.683305568807027e-05,15.137632231525691,0.04583736644559395,2.0911970691460886,0.001
vit,inverse_dp_kfm_a,pink,0.4,42,5,blocks.5.attn.q_proj,True,0.3017011841770859,2.1899844208405903,attention_qkv,37056.0,356.2494661840513,68399.89750733785,37056,1.0,5526346,0.5417551977475504,79679648,inverse,0.001,77.6585636213052,0.5228274957620794,31587.599937212384,53146.34272691465,0.0,53.14534272691465,0.11056399769090737,8.586241248905171,0.001
vit,inverse_dp_kfm_a,pink,0.4,42,5,blocks.5.attn.k_proj,True,0.3017011841770859,2.1899844208405903,attention_qkv,37056.0,356.2494661840513,68399.89750733785,37056,1.0,5526346,0.5417551977475504,79679648,inverse,0.001,77.6585636213052,0.5228274957620794,31587.599937212384,53146.34272691465,0.0,53.14534272691465,0.11056399769090737,8.586241248905171,0.001
vit,inverse_dp_kfm_a,pink,0.4,42,5,blocks.5.attn.v_proj,True,0.3017011841770859,2.1899844208405903,attention_qkv,37056.0,356.2494661840513,68399.89750733785,37056,1.0,5526346,0.5417551977475504,79679648,inverse,0.001,77.6585636213052,0.5228274957620794,31587.599937212384,53146.34272691465,0.0,53.14534272691465,0.11056399769090737,8.586241248905171,0.001
vit,inverse_dp_kfm_a,pink,0.4,42,5,blocks.5.attn.out_proj,True,0.15577850117841643,3.165183370056268,attention_out,37056.0,1190.3532784051754,228547.82945379367,37056,1.0,5526346,0.16213673999250008,79679648,inverse,0.001,42.83937428078602,0.5104692289835319,34140.6522442158,12011.791830066522,0.0006674257799610127,20.02777136097799,0.048889963503500965,2.0944154451004464,0.001
vit,inverse_dp_kfm_a,pink,0.4,42,5,blocks.5.mlp.fc1,True,0.1835654683170766,3.4906637680483974,mlp_fc1,148224.0,380.14237858213846,291949.34675108234,148224,1.0,5526346,0.5077045098729973,79679648,inverse,0.001,102.15095310116384,0.4834425420210927,129141.120566278,105464.44164535905,0.0,105.46344164535905,0.07877140614465321,8.046574214795198,0.001
vit,inverse_dp_kfm_a,pink,0.4,42,5,blocks.5.mlp.fc2,True,0.16420052556454925,3.0989697534546883,mlp_fc2,147648.0,6514.258988208367,1250737.7257360064,147648,1.0,5526346,0.1180487299310616,79679648,inverse,0.001,52.01165876140955,0.5836414158171984,131546.37112889517,19509.75256375657,2.183941664905613e-06,19.551360725252557,0.03594029508444207,1.8693143637163658,0.001
vit,inverse_dp_kfm_a,pink,0.4,42,5,blocks.6.attn.q_proj,True,0.18151071442909425,3.0840164740603715,attention_qkv,37056.0,422.48965879068584,81118.01448781168,37056,1.0,5526346,0.45681591486152334,79679648,inverse,0.001,85.36319001011879,0.5247260803836161,32050.542367869504,67325.03542572632,0.0,67.32403542572632,0.0848145943920444,7.240044336719241,0.001
vit,inverse_dp_kfm_a,pink,0.4,42,5,blocks.6.attn.k_proj,True,0.18151071442909425,3.0840164740603715,attention_qkv,37056.0,422.48965879068584,81118.01448781168,37056,1.0,5526346,0.45681591486152334,79679648,inverse,0.001,85.36319001011879,0.5247260803836161,32050.542367869504,67325.03542572632,0.0,67.32403542572632,0.0848145943920444,7.240044336719241,0.001
vit,inverse_dp_kfm_a,pink,0.4,42,5,blocks.6.attn.v_proj,True,0.18151071442909425,3.0840164740603715,attention_qkv,37056.0,422.48965879068584,81118.01448781168,37056,1.0,5526346,0.45681591486152334,79679648,inverse,0.001,85.36319001011879,0.5247260803836161,32050.542367869504,67325.03542572632,0.0,67.32403542572632,0.0848145943920444,7.240044336719241,0.001
vit,inverse_dp_kfm_a,pink,0.4,42,5,blocks.6.attn.out_proj,True,0.06121746384967283,2.9879938603509375,attention_out,37056.0,1847.661776875196,354751.06116003764,37056,1.0,5526346,0.10445634716025008,79679648,inverse,0.001,51.87563058860786,0.5303541631540699,34301.40455422927,19382.441075579292,0.00015850555394142558,22.453665635001027,0.030089307834835453,1.5609018179068286,0.001
vit,inverse_dp_kfm_a,pink,0.4,42,5,blocks.6.mlp.fc1,True,0.12227150470260628,3.257030850952131,mlp_fc1,148224.0,387.8732483799343,297886.65475578955,148224,1.0,5526346,0.4975852312736719,79679648,inverse,0.001,111.7163730641763,0.519464134773936,127803.2301335544,131914.3582781269,8.831570818515717e-08,131.925008388098,0.07058872095588295,7.8859158844304575,0.001
vit,inverse_dp_kfm_a,pink,0.4,42,5,blocks.6.mlp.fc2,True,0.07341884976029714,2.673153745341619,mlp_fc2,147648.0,6839.006005334098,1313089.1530241468,147648,1.0,5526346,0.11244324093299768,79679648,inverse,0.001,51.021832519187406,0.5780307538342965,132538.22112962665,18594.740935724814,2.6248486980959825e-06,18.642549317261384,0.034891682856156306,1.7802375989994093,0.001
vit,inverse_dp_kfm_a,pink,0.4,42,5,blocks.7.attn.q_proj,True,0.16098946822815619,3.4328264956310512,attention_qkv,37056.0,427.7089238429014,82120.11337783707,37056,1.0,5526346,0.4512414617537636,79679648,inverse,0.001,93.44650333963091,0.5348830023286548,31992.60050615247,84412.67013395566,7.59290477343094e-08,84.41807950761564,0.07653018311329052,7.151478011878667,0.001
vit,inverse_dp_kfm_a,pink,0.4,42,5,blocks.7.attn.k_proj,True,0.16098946822815619,3.4328264956310512,attention_qkv,37056.0,427.7089238429014,82120.11337783707,37056,1.0,5526346,0.4512414617537636,79679648,inverse,0.001,93.44650333963091,0.5348830023286548,31992.60050615247,84412.67013395566,7.59290477343094e-08,84.41807950761564,0.07653018311329052,7.151478011878667,0.001
vit,inverse_dp_kfm_a,pink,0.4,42,5,blocks.7.attn.v_proj,True,0.16098946822815619,3.4328264956310512,attention_qkv,37056.0,427.7089238429014,82120.11337783707,37056,1.0,5526346,0.4512414617537636,79679648,inverse,0.001,93.44650333963091,0.5348830023286548,31992.60050615247,84412.67013395566,7.59290477343094e-08,84.41807950761564,0.07653018311329052,7.151478011878667,0.001
vit,inverse_dp_kfm_a,pink,0.4,42,5,blocks.7.attn.out_proj,True,0.10625339351028026,3.2036214610730434,attention_out,37056.0,1844.9292317835998,354226.41250245116,37056,1.0,5526346,0.10461105861140037,79679648,inverse,0.001,47.94185260937615,0.5135070035107143,34523.76778654904,15914.281322963947,0.000194254109882468,19.004695875775493,0.03221247442508842,1.544325701070888,0.001
vit,inverse_dp_kfm_a,pink,0.4,42,5,blocks.7.mlp.fc1,True,0.1653818569016657,3.559204264702484,mlp_fc1,148224.0,359.0561458156844,275755.1199864456,148224,1.0,5526346,0.5375203913069168,79679648,inverse,0.001,135.17122637382488,0.5502137713661367,123894.12569464158,212427.44966279186,0.0,212.42644966279187,0.06302468593688325,8.519124089913664,0.001
vit,inverse_dp_kfm_a,pink,0.4,42,5,blocks.7.mlp.fc2,True,0.998557043228582,0.06304071286714341,mlp_fc2,147648.0,6479.6295586928345,1244088.8752690242,147648,1.0,5526346,0.11867962404862138,79679648,inverse,0.001,211.00614960970145,0.65194936038416,129805.55372385732,646752.0018588196,1.0593785381062844e-05,653.6025537612848,0.008876676645725917,1.873033360344986,0.001
vit,inverse_dp_kfm_a,pink,0.4,42,5,blocks.8.attn.q_proj,True,0.273307140818244,3.030250878148468,attention_qkv,37056.0,419.94529547910093,80629.49673198738,37056,1.0,5526346,0.45958366977254267,79679648,inverse,0.001,113.35588765526751,0.5521617441158109,32046.27702461212,136807.5940462157,4.653980617397301e-10,136.8066577162048,0.0642569970610862,7.283908939921342,0.001
vit,inverse_dp_kfm_a,pink,0.4,42,5,blocks.8.attn.k_proj,True,0.273307140818244,3.030250878148468,attention_qkv,37056.0,419.94529547910093,80629.49673198738,37056,1.0,5526346,0.45958366977254267,79679648,inverse,0.001,113.35588765526751,0.5521617441158109,32046.27702461212,136807.5940462157,4.653980617397301e-10,136.8066577162048,0.0642569970610862,7.283908939921342,0.001
vit,inverse_dp_kfm_a,pink,0.4,42,5,blocks.8.attn.v_proj,True,0.273307140818244,3.030250878148468,attention_qkv,37056.0,419.94529547910093,80629.49673198738,37056,1.0,5526346,0.45958366977254267,79679648,inverse,0.001,113.35588765526751,0.5521617441158109,32046.27702461212,136807.5940462157,4.653980617397301e-10,136.8066577162048,0.0642569970610862,7.283908939921342,0.001
vit,inverse_dp_kfm_a,pink,0.4,42,5,blocks.8.attn.out_proj,True,0.23105395222891564,1.3445830392579006,attention_out,37056.0,2540.5575808502044,487787.05552323925,37056,1.0,5526346,0.07596757556481441,79679648,inverse,0.001,32.16156439530622,0.4132727071152158,35830.3267694854,5866.0115478978005,3.065346748220904e-05,6.044825142131549,0.036986738225986034,1.1895513632273842,0.001
vit,inverse_dp_kfm_a,pink,0.4,42,5,blocks.8.mlp.fc1,True,0.23873856801354834,2.927552684509656,mlp_fc1,148224.0,326.2776195891618,250581.2118444763,148224,1.0,5526346,0.5915208044088937,79679648,inverse,0.001,151.00160374165083,0.570325856048511,123404.34000127186,280190.81828374224,1.1662424998939047e-10,280.1898509607863,0.062085251357779,9.374972523728134,0.001
vit,inverse_dp_kfm_a,pink,0.4,42,5,blocks.8.mlp.fc2,True,0.0978435272606785,2.6086803962295275,mlp_fc2,147648.0,6216.245785041468,1193519.1907279617,147648,1.0,5526346,0.12370810720684368,79679648,inverse,0.001,52.45361339639981,0.6482925137698483,128275.10478537975,19926.844304283346,1.3141088735477122e-06,19.952030347205405,0.037358946148733474,1.9596117181825854,0.001
vit,inverse_dp_kfm_a,pink,0.4,42,5,blocks.9.attn.q_proj,True,0.23170222678867156,3.1747711422902363,attention_qkv,37056.00000000001,372.48765892357756,71517.63051332689,37056,1.0000000000000002,5526346,0.5181379714907478,79679648,inverse,0.001,113.73329094438047,0.5301889555706463,32099.60553831271,137949.14553566565,0.0,137.94814553566565,0.07220342759385102,8.211933437712968,0.001
vit,inverse_dp_kfm_a,pink,0.4,42,5,blocks.9.attn.k_proj,True,0.23170222678867156,3.1747711422902363,attention_qkv,37056.00000000001,372.48765892357756,71517.63051332689,37056,1.0000000000000002,5526346,0.5181379714907478,79679648,inverse,0.001,113.73329094438047,0.5301889555706463,32099.60553831271,137949.14553566565,0.0,137.94814553566565,0.07220342759385102,8.211933437712968,0.001
vit,inverse_dp_kfm_a,pink,0.4,42,5,blocks.9.attn.v_proj,True,0.23170222678867156,3.1747711422902363,attention_qkv,37056.00000000001,372.48765892357756,71517.63051332689,37056,1.0000000000000002,5526346,0.5181379714907478,79679648,inverse,0.001,113.73329094438047,0.5301889555706463,32099.60553831271,137949.14553566565,0.0,137.94814553566565,0.07220342759385102,8.211933437712968,0.001
vit,inverse_dp_kfm_a,pink,0.4,42,5,blocks.9.attn.out_proj,True,0.2765788629521238,1.2906763565148822,attention_out,37056.0,2601.85183984763,499555.55325074494,37056,1.0,5526346,0.0741779362852969,79679648,inverse,0.001,29.27742910972798,0.38682259423293647,35994.81042528448,4638.01709665548,2.4752060362941885e-05,4.751817575796252,0.03976438668861018,1.1641990123675956,0.001
vit,inverse_dp_kfm_a,pink,0.4,42,5,blocks.9.mlp.fc1,True,0.23213863986191538,2.9343910443884202,mlp_fc1,148224.0,292.79162340669006,224863.96677633797,148224,1.0,5526346,0.6591718634379146,79679648,inverse,0.001,151.87018876900362,0.5420211240648772,124529.83209682247,284237.4720004676,9.194851600079583e-08,284.2626072142099,0.06878759985052034,10.446785774265209,0.001
vit,inverse_dp_kfm_a,pink,0.4,42,5,blocks.9.mlp.fc2,True,0.10439600485076574,2.7521311635063395,mlp_fc2,147648.0,5970.453571471629,1146327.0857225528,147648,1.0,5526346,0.1288009346014314,79679648,inverse,0.001,50.183248820506314,0.6445646799038841,127654.17613833741,17840.08561985305,1.556149360161809e-05,18.11670399807871,0.04042758048035162,2.028787330456529,0.001
vit,inverse_dp_kfm_a,pink,0.4,42,5,blocks.10.attn.q_proj,True,0.2174402353457722,2.827320751068008,attention_qkv,37056.0,334.6720425975584,64257.03217873121,37056,1.0,5526346,0.5766839635065711,79679648,inverse,0.001,110.97278771127709,0.5100471671667438,31969.10033686982,129730.24547419205,0.0,129.72924547419206,0.08236095594363255,9.13982487963058,0.001
vit,inverse_dp_kfm_a,pink,0.4,42,5,blocks.10.attn.k_proj,True,0.2174402353457722,2.827320751068008,attention_qkv,37056.0,334.6720425975584,64257.03217873121,37056,1.0,5526346,0.5766839635065711,79679648,inverse,0.001,110.97278771127709,0.5100471671667438,31969.10033686982,129730.24547419205,0.0,129.72924547419206,0.08236095594363255,9.13982487963058,0.001
vit,inverse_dp_kfm_a,pink,0.4,42,5,blocks.10.attn.v_proj,True,0.2174402353457722,2.827320751068008,attention_qkv,37056.0,334.6720425975584,64257.03217873121,37056,1.0,5526346,0.5766839635065711,79679648,inverse,0.001,110.97278771127709,0.5100471671667438,31969.10033686982,129730.24547419205,0.0,129.72924547419206,0.08236095594363255,9.13982487963058,0.001
vit,inverse_dp_kfm_a,pink,0.4,42,5,blocks.10.attn.out_proj,True,0.3966125627234003,2.0573629787988685,attention_out,37056.0,2392.7729133284765,459412.3993590675,37056,1.0,5526346,0.08065955566653693,79679648,inverse,0.001,38.536918896980616,0.4698516962933352,35225.962921019745,9219.183779864787,2.021320483183656e-05,9.40453302998954,0.03290807361115015,1.268175763808761,0.001
vit,inverse_dp_kfm_a,pink,0.4,42,5,blocks.10.mlp.fc1,True,0.28118370020291517,2.488321408028928,mlp_fc1,148224.0,281.8155513806015,216434.34346030196,148224,1.0,5526346,0.6848451018920064,79679648,inverse,0.001,141.56979718616145,0.5195435518020719,124829.68795978988,238466.03171732055,6.442662253747442e-08,238.48039527833404,0.07666736769335915,10.853783695145722,0.001
vit,inverse_dp_kfm_a,pink,0.4,42,5,blocks.10.mlp.fc2,True,0.23133345267764077,2.8626428670897544,mlp_fc2,147648.0,6001.073322228487,1152206.0778678695,147648,1.0,5526346,0.12814374341195905,79679648,inverse,0.001,45.258482917955845,0.618729419574092,128944.14311720348,13780.024202838164,7.91468885783014e-06,13.888088806856997,0.04473298762589346,2.0245471563356294,0.001
vit,inverse_dp_kfm_a,pink,0.4,42,5,blocks.11.attn.q_proj,True,0.32516486207573236,2.6616649272618136,attention_qkv,37056.0,321.99225928908703,61822.513783504706,37056,1.0,5526346,0.599393291087545,79679648,inverse,0.001,115.87091508389994,0.502715248318669,31865.39679450968,144522.70846679318,0.0,144.52170846679317,0.0819855738572233,9.49974346651513,0.001
vit,inverse_dp_kfm_a,pink,0.4,42,5,blocks.11.attn.k_proj,True,0.32516486207573236,2.6616649272618136,attention_qkv,37056.0,321.99225928908703,61822.513783504706,37056,1.0,5526346,0.599393291087545,79679648,inverse,0.001,115.87091508389994,0.502715248318669,31865.39679450968,144522.70846679318,0.0,144.52170846679317,0.0819855738572233,9.49974346651513,0.001
vit,inverse_dp_kfm_a,pink,0.4,42,5,blocks.11.attn.v_proj,True,0.32516486207573236,2.6616649272618136,attention_qkv,37056.0,321.99225928908703,61822.513783504706,37056,1.0,5526346,0.599393291087545,79679648,inverse,0.001,115.87091508389994,0.502715248318669,31865.39679450968,144522.70846679318,0.0,144.52170846679317,0.0819855738572233,9.49974346651513,0.001
vit,inverse_dp_kfm_a,pink,0.4,42,5,blocks.11.attn.out_proj,True,0.5576318945353904,1.4429437138226515,attention_out,37056.0,2486.720820856949,477450.3976045342,37056,1.0,5526346,0.07761225079278913,79679648,inverse,0.001,36.9104868978998,0.3961714861108659,35925.59899214881,8277.028209943936,2.3141489833134494e-05,8.467570974112922,0.03302221690416577,1.218866104380816,0.001
vit,inverse_dp_kfm_a,pink,0.4,42,5,blocks.11.mlp.fc1,True,0.5107619987587945,1.6988944594167206,mlp_fc1,148224.0,322.6691178438581,247809.882504083,148224,1.0,5526346,0.5981359520541228,79679648,inverse,0.001,133.30066570288238,0.5109605655866672,127206.53931538892,205154.3810476889,0.0,205.1533810476889,0.07111604383805624,9.479815985768264,0.001
vit,inverse_dp_kfm_a,pink,0.4,42,5,blocks.11.mlp.fc2,True,0.8810841634455202,0.5659400009692369,mlp_fc2,147648.0,7458.348708324199,1432002.9519982461,147648,1.0,5526346,0.10310593270353875,79679648,inverse,0.001,67.26841078873188,0.5861971926902129,132396.3054772988,37113.15873056127,4.817992307109159e-08,37.11394683969384,0.024292047302066026,1.6340874168146835,0.001
vit,inverse_dp_kfm_a,pink,0.4,42,5,head,True,0.07355345748387246,3.3513986974579653,patch_head,1930.0,552.8680613248822,5528.680613248822,1930,1.0,5526346,0.34908871302404154,79679648,inverse,0.001,379.15927526726273,0.7190217003309471,1587.8694517147844,2799330.726756985,0.0,2799.3297267569847,0.014591976536689644,5.532683248368148,0.001
vit,inverse_dp_kfm_a,pink,0.4,42,5,identity,True,,,identity,47616.0,47616.0,,47616,1.0,5526346,1.0,79679648,inverse,0.001,1.0,0.0,47616.0,,,,1.0,1.0,0.001
