task,method,source,beta,seed,epoch,layer,research_only,cosA,relative_error_A,cosG,relative_error_G,group,trace_S,trace_R,layer_dimension,trace_S_per_dim,d_total,tau_layer,operator_state_bytes,condition_S,log_eigenvalue_spread_S,effective_rank_S,A_condition_raw,A_eigenvalue_min,A_eigenvalue_max,G_condition_raw,G_eigenvalue_min,G_eigenvalue_max
vit,dp_kfm,pink,0.5,42,1,patch_embed,True,0.621153982490905,0.8487813064691657,0.42626516165673717,0.9797418694677276,patch_head,147648.0,1539.626255539375,147648,1.0,5526346,95.89859842204022,154293184,50.67134551719533,0.5247801528970862,108872.00895861437,1492.0695620062106,0.01765302459148114,26.33954067029613,1.7208214160408588,0.001,0.0017208214160408589
vit,dp_kfm,pink,0.5,42,1,blocks.0.attn.q_proj,True,0.3396325371922061,1.7188422276091564,0.19695907043131017,0.9847559219117982,attention_qkv,37056.0,707.4470317942049,37056,1.0,5526346,52.379893242353056,154293184,110.84710992689921,1.3470051600433328,24039.24598679943,11108.455905783541,0.001,11.108455905783542,1.106101683560619,0.001,0.001106101683560619
vit,dp_kfm,pink,0.5,42,1,blocks.0.attn.k_proj,True,0.3396325371922061,1.7188422276091564,0.23448466739917542,0.977290907293152,attention_qkv,37056.0,708.6567358505672,37056,1.0,5526346,52.29047876829031,154293184,132.71905701849192,1.3471065853978743,24035.4228592084,11108.455905783541,0.001,11.108455905783542,1.5856702538385126,0.001,0.0015856702538385127
vit,dp_kfm,pink,0.5,42,1,blocks.0.attn.v_proj,True,0.3396325371922061,1.7188422276091564,0.31318070845818086,1.3125149015610904,attention_qkv,37056.0,723.4962632983305,37056,1.0,5526346,51.21795630438539,154293184,221.07088942017134,1.3484557333902736,23969.64095461533,11108.455905783541,0.001,11.108455905783542,4.399561790003648,0.0010000375481197638,0.004399726985276647
vit,dp_kfm,pink,0.5,42,1,blocks.0.attn.out_proj,True,0.10836942728802505,4.822867426418404,0.3839608285899357,0.9594593572825071,attention_out,37056.0,366.9146742639212,37056,1.0,5526346,100.9935077531014,154293184,179.5494986781178,1.1703241454657851,18971.65316169148,8320.81050132666,0.001001976580563823,8.337257253638837,3.874384889599809,0.001,0.003874384889599809
vit,dp_kfm,pink,0.5,42,1,blocks.0.mlp.fc1,True,0.3641099132362489,1.9164945556238355,0.2675850739800798,1.0571617404928226,mlp_fc1,148224.0,5189.45481201685,148224,1.0,5526346,28.562537948450434,154293184,301.39048753177985,1.4798299297846593,98013.84866649163,41399.56624741298,0.0010000000312211559,41.39956753995529,2.194134726721206,0.0010000210460805877,0.0021941809046574848
vit,dp_kfm,pink,0.5,42,1,blocks.0.mlp.fc2,True,0.1190921571486446,7.593671423422714,0.25676510917688833,0.9971774028972651,mlp_fc2,147648.0,2419.6209278220445,147648,1.0,5526346,61.02112868270705,154293184,790.6314113588925,1.0122524339314518,90129.49253504534,115985.06320138722,0.001059067615111467,122.83602427324595,5.389470086695421,0.001,0.005389470086695421
vit,dp_kfm,pink,0.5,42,1,blocks.1.attn.q_proj,True,0.36522506393233223,2.1311724236103684,0.5183309850729813,1.0581960098371879,attention_qkv,37056.0,602.7277908210933,37056,1.0,5526346,61.480490138871446,154293184,199.53003281478155,0.9751280630384582,22842.49490258817,34750.087291249554,0.001,34.75008729124956,1.1456729205135825,0.0010000000138471847,0.001145672936377927
vit,dp_kfm,pink,0.5,42,1,blocks.1.attn.k_proj,True,0.36522506393233223,2.1311724236103684,0.5560658952255346,0.8833777809699428,attention_qkv,37056.0,602.8499149045056,37056,1.0,5526346,61.46803554889753,154293184,205.46075733924172,0.9751383283045643,22842.24329720479,34750.087291249554,0.001,34.75008729124956,1.2147918493731307,0.001000000031980409,0.001214791888222671
vit,dp_kfm,pink,0.5,42,1,blocks.1.attn.v_proj,True,0.36522506393233223,2.1311724236103684,0.4623862677496231,0.9244597815393628,attention_qkv,37056.0,603.920462946691,37056,1.0,5526346,61.359073377301655,154293184,201.96468279831862,0.9751350141946847,22842.33405378068,34750.087291249554,0.001,34.75008729124956,1.1738023204360915,0.0010000524436955943,0.0011738638789676723
vit,dp_kfm,pink,0.5,42,1,blocks.1.attn.out_proj,True,0.144290203191076,3.923907957708787,0.24758357624723162,1.024259360101014,attention_out,37056.0,245.4691872833815,37056,1.0,5526346,150.95988384570958,154293184,461.64303476446213,0.7418100564569555,18756.29351201349,35213.01295543993,0.0011720687868649474,41.27207337654215,6.052145887550901,0.001,0.006052145887550901
vit,dp_kfm,pink,0.5,42,1,blocks.1.mlp.fc1,True,0.23393590191609723,2.4326963686227363,0.2082495810420293,1.3899106630864242,mlp_fc1,148224.0,3088.0341325038903,148224,1.0,5526346,47.99946944880904,154293184,413.36333340717204,0.8344045073227393,103927.12018394073,59748.25651422537,0.001000018717964049,59.7493748799428,2.859819773398858,0.0010000054768613178,0.002859835436235151
vit,dp_kfm,pink,0.5,42,1,blocks.1.mlp.fc2,True,0.040200446112319925,3.058799579063516,0.2845688213074646,1.447878689703552,mlp_fc2,147648.0,838.2958377869157,147648,1.0,5526346,176.1287523385393,154293184,499.3592341476895,0.8680015344508141,83981.11340627253,30117.86194318659,0.0010005157681228266,30.13339577630458,8.279460381316289,0.001,0.00827946038131629
vit,dp_kfm,pink,0.5,42,1,blocks.2.attn.q_proj,True,0.3826682523551794,1.5533921232480628,0.5326571498414523,1.5669445815347351,attention_qkv,37056.0,676.1605878212468,37056,1.0,5526346,54.803549138235645,154293184,184.16053144508322,0.8410047981433134,24731.404600050213,27376.09381263095,0.001,27.37609381263095,1.2388583109869213,0.001000001442955594,0.0012388600986044513
vit,dp_kfm,pink,0.5,42,1,blocks.2.attn.k_proj,True,0.3826682523551794,1.5533921232480628,0.3832889626112422,0.9572537415300503,attention_qkv,37056.0,676.5213316322144,37056,1.0,5526346,54.77432605206484,154293184,177.80030171734612,0.8409980683763815,24731.574600697168,27376.09381263095,0.001,27.37609381263095,1.1547647194353763,0.0010000027689999,0.001154767916978769
vit,dp_kfm,pink,0.5,42,1,blocks.2.attn.v_proj,True,0.3826682523551794,1.5533921232480628,0.2625746655793748,1.684982750839398,attention_qkv,37056.0,685.0155483420401,37056,1.0,5526346,54.095122497128045,154293184,279.8033885472521,0.8421843576283324,24699.178668990895,27376.09381263095,0.001,27.37609381263095,2.8597920791169495,0.0010004487663361134,0.002861075457530341
vit,dp_kfm,pink,0.5,42,1,blocks.2.attn.out_proj,True,0.11636580509920338,1.8886769977209008,0.26597765330034057,1.6401927948548338,attention_out,37056.0,269.76433437507575,37056,1.0,5526346,137.36434093796095,154293184,296.03345002892416,0.8629698659553204,21433.796386817823,8352.703263422924,0.001449152033099884,12.104336916069364,10.491909118786838,0.001,0.010491909118786839
vit,dp_kfm,pink,0.5,42,1,blocks.2.mlp.fc1,True,0.2224458376863884,1.7094821731045011,0.2585169729468881,1.4068672447024118,mlp_fc1,148224.0,3477.6132519670955,148224,1.0,5526346,42.622335855247215,154293184,288.8132473103883,0.7392149375839708,113097.02001261353,39489.69860389064,0.001,39.48969860389064,2.112274713936495,0.0010000270503367937,0.002112331851678908
vit,dp_kfm,pink,0.5,42,1,blocks.2.mlp.fc2,True,0.17132748893572655,1.8734494675448976,0.24624650839202022,1.91737159674552,mlp_fc2,147648.0,820.6376424738183,147648,1.0,5526346,179.91862956092777,154293184,338.8446382287556,0.7524221997521849,98362.3107773236,9182.841858747848,0.0010547041182984748,9.685181126104977,12.503284998532282,0.001,0.012503284998532281
vit,dp_kfm,pink,0.5,42,1,blocks.3.attn.q_proj,True,0.270330807126886,1.9068547056821001,0.3603460759880164,1.26161271440546,attention_qkv,37056.0,844.3014167889559,37056,1.0,5526346,43.889539047478145,154293184,213.75164432825838,0.7070761906547962,28002.514231167654,40769.43829237271,0.001,40.76943829237271,1.1206866556604504,0.001000025001155567,0.0011207146741218706
vit,dp_kfm,pink,0.5,42,1,blocks.3.attn.k_proj,True,0.270330807126886,1.9068547056821001,0.5309907280688831,0.8502081616348502,attention_qkv,37056.0,844.5447643194658,37056,1.0,5526346,43.87689269479958,154293184,212.6901423428935,0.7070810620251314,28002.415390241484,40769.43829237271,0.001,40.76943829237271,1.1095835151180733,0.0010000184661960974,0.00110960400490485
vit,dp_kfm,pink,0.5,42,1,blocks.3.attn.v_proj,True,0.270330807126886,1.9068547056821001,0.20422910798406044,2.170275628734251,attention_qkv,37056.0,849.0954134139187,37056,1.0,5526346,43.64173850734943,154293184,282.1268511975425,0.707583369601365,27990.423670497177,40769.43829237271,0.001,40.76943829237271,1.9523339908642137,0.0010001174785570638,0.001952563348244367
vit,dp_kfm,pink,0.5,42,1,blocks.3.attn.out_proj,True,0.03096319252827678,2.2956173677552303,0.200008400577402,2.17941889562546,attention_out,37056.0,202.58687297526842,37056,1.0,5526346,182.9141220049522,154293184,392.32042766361536,0.7174529313874018,22010.863261524784,12076.711576286898,0.0011696739417544203,14.125814832866734,12.74480366529419,0.001,0.01274480366529419
vit,dp_kfm,pink,0.5,42,1,blocks.3.mlp.fc1,True,0.18025118275917792,2.483678467698164,0.17255399977584987,2.687081939288134,mlp_fc1,148224.0,3272.4206755856276,148224,1.0,5526346,45.29491000525904,154293184,456.60351395429325,0.6679870667891492,110277.93983710876,60697.66569222287,0.001,60.69766569222287,3.434839982357372,0.0010000013008465627,0.0034348444505571565
vit,dp_kfm,pink,0.5,42,1,blocks.3.mlp.fc2,True,0.15470164973298836,2.2165783745061423,0.21353588634448595,2.4955239298953806,mlp_fc2,147648.0,686.6577637264164,147648,1.0,5526346,215.02414710747678,154293184,428.6364500602699,0.7292424997928536,97380.90167603309,11670.205314471123,0.0010018357964796938,11.691629436304732,15.743442499031698,0.001,0.015743442499031698
vit,dp_kfm,pink,0.5,42,1,blocks.4.attn.q_proj,True,0.2960674035963436,2.3393084714450256,0.5099758060287274,2.863510215385034,attention_qkv,37056.0,803.5144438064038,37056,1.0,5526346,46.11740372016032,154293184,246.41651224553624,0.6952844732730226,27377.9919953056,44585.85774784369,0.0010000351614704677,44.58742545216417,1.3618914286827009,0.0010000237046134204,0.0013619237117925382
vit,dp_kfm,pink,0.5,42,1,blocks.4.attn.k_proj,True,0.2960674035963436,2.3393084714450256,0.5271881226203039,3.35022814958323,attention_qkv,37056.0,806.3877897159543,37056,1.0,5526346,45.95307676106154,154293184,358.41033603367185,0.6962984648279869,27350.34568164657,44585.85774784369,0.0010000351614704677,44.58742545216417,2.8811371018645975,0.0010000258757056207,0.0028812116533200984
vit,dp_kfm,pink,0.5,42,1,blocks.4.attn.v_proj,True,0.2960674035963436,2.3393084714450256,0.17618834330597832,3.847456327523001,attention_qkv,37056.0,806.4076570716678,37056,1.0,5526346,45.95194462136255,154293184,294.29019792684073,0.6956684073279578,27368.928753748787,44585.85774784369,0.0010000351614704677,44.58742545216417,1.9424706615632548,0.0010002097801291338,0.001942878153309476
vit,dp_kfm,pink,0.5,42,1,blocks.4.attn.out_proj,True,0.11981143461313551,4.686292724752977,0.18085557562146856,2.7515293382213137,attention_out,37056.0,182.23569348434728,37056,1.0,5526346,203.34106503226187,154293184,466.713419638126,0.7319888274740649,18607.255728532404,12332.57554760612,0.0013691454347910413,16.885089510220546,17.662281104987425,0.001,0.017662281104987427
vit,dp_kfm,pink,0.5,42,1,blocks.4.mlp.fc1,True,0.17858730292916236,3.2551235253766895,0.0777583527640909,5.146836411200269,mlp_fc1,148224.0,3159.0288504832924,148224,1.0,5526346,46.92074907050107,154293184,675.1042764474311,0.6463417974909786,109651.76088304666,73305.19097912195,0.001,73.30519097912196,6.217373940235911,0.0010000196176779559,0.006217495910675602
vit,dp_kfm,pink,0.5,42,1,blocks.4.mlp.fc2,True,0.18460710087757812,3.471254232152399,0.17217431912775363,3.3871597114492995,mlp_fc2,147648.0,673.8220290756816,147648,1.0,5526346,219.12017361993463,154293184,605.2386768222796,0.718180041535842,94302.36100998078,14663.85477021952,0.00105542775788899,15.476639362142556,24.980734033558623,0.001,0.024980734033558622
vit,dp_kfm,pink,0.5,42,1,blocks.5.attn.q_proj,True,0.28522367273552746,2.4959241243811983,0.3133114966514331,2.5344133205882775,attention_qkv,37056.0,820.7840918019554,37056,1.0,5526346,45.14707384087694,154293184,258.12681954698485,0.6595070907997692,27684.96327918427,55161.69963916279,0.0010000172808831186,55.16265288204688,1.2078934370277672,0.001000019537360261,0.0012079170360770033
vit,dp_kfm,pink,0.5,42,1,blocks.5.attn.k_proj,True,0.28522367273552746,2.4959241243811983,0.5579884114986827,0.9059533651424998,attention_qkv,37056.0,820.8891424360376,37056,1.0,5526346,45.1412962900619,154293184,255.1947514065117,0.6595080089538863,27684.95378857512,55161.69963916279,0.0010000172808831186,55.16265288204688,1.18060831285908,0.0010000145783292456,0.001180625524155775
vit,dp_kfm,pink,0.5,42,1,blocks.5.attn.v_proj,True,0.28522367273552746,2.4959241243811983,0.180293325929135,2.362759476601362,attention_qkv,37056.0,825.2422323136847,37056,1.0,5526346,44.90317939268353,154293184,337.2324947136658,0.6601333206000305,27670.93043789061,55161.69963916279,0.0010000172808831186,55.16265288204688,2.061679684178214,0.0010001817490560097,0.0020620543925146074
vit,dp_kfm,pink,0.5,42,1,blocks.5.attn.out_proj,True,0.114549298883827,4.858133705609881,0.15735072864747982,3.6038604551932276,attention_out,37056.0,205.54029174127675,37056,1.0,5526346,180.28581980726258,154293184,552.0640581062146,0.6659948965981298,19970.514978908945,12113.980253293186,0.001684507471470665,20.40609024592047,25.15892529788868,0.001,0.02515892529788868
vit,dp_kfm,pink,0.5,42,1,blocks.5.mlp.fc1,True,0.1660334225184072,4.195165251919726,0.08406019708141182,4.957986759421528,mlp_fc1,148224.0,2953.2542988700325,148224,1.0,5526346,50.19005645965304,154293184,966.6383982377479,0.6122532445789772,106484.45775213606,107044.06859959167,0.001,107.04406859959167,8.729019787568156,0.0010000014765697185,0.008729032676574447
vit,dp_kfm,pink,0.5,42,1,blocks.5.mlp.fc2,True,0.13436147271293303,3.893999695710711,0.1570569867132796,4.1493557655685,mlp_fc2,147648.0,601.4407624115964,147648,1.0,5526346,245.49051083264786,154293184,815.3351505136903,0.7578112380362194,85935.3665275163,20050.28771716422,0.0010012076929646683,20.074502308579817,33.15520540356629,0.001,0.03315520540356629
vit,dp_kfm,pink,0.5,42,1,blocks.6.attn.q_proj,True,0.1664079526767589,3.630027224261625,0.4676417053849398,2.666570926676888,attention_qkv,37056.0,669.167846201216,37056,1.0,5526346,55.37624111852113,154293184,298.6667496743088,0.6621230837937065,26378.699593786663,69675.08503820731,0.001,69.67508503820731,1.2802543019804162,0.0010000089454507404,0.00128026575443221
vit,dp_kfm,pink,0.5,42,1,blocks.6.attn.k_proj,True,0.1664079526767589,3.630027224261625,0.6804540146462349,1.5568927436488746,attention_qkv,37056.0,670.0201457954092,37056,1.0,5526346,55.30579973234873,154293184,336.87341545340314,0.662315505503331,26374.711217330227,69675.08503820731,0.001,69.67508503820731,1.628755788055526,0.0010000076800911841,0.0016287682970484948
vit,dp_kfm,pink,0.5,42,1,blocks.6.attn.v_proj,True,0.1664079526767589,3.630027224261625,0.16408285072602205,6.782724142839189,attention_qkv,37056.0,678.6605264422456,37056,1.0,5526346,54.6016727895747,154293184,597.4397846807221,0.6654234681579114,26286.671523772722,69675.08503820731,0.001,69.67508503820731,5.12283976580176,0.0010000872835648643,0.005123286905518747
vit,dp_kfm,pink,0.5,42,1,blocks.6.attn.out_proj,True,0.07248219260873141,4.5861542909055775,0.19605677220923617,3.527698183481238,attention_out,37056.0,134.71387124855718,37056,1.0,5526346,275.07189613480045,154293184,757.4638115934896,0.6893313583781391,14411.493994876088,19245.139124935296,0.0011438985686195904,22.01448709789836,29.81279699507844,0.001,0.02981279699507844
vit,dp_kfm,pink,0.5,42,1,blocks.6.mlp.fc1,True,0.13727009054607686,4.071613246199397,0.1079029182654174,6.4722445573255465,mlp_fc1,148224.0,3052.3293973090003,148224,1.0,5526346,48.56094500504352,154293184,1207.3805313768748,0.6574042997132835,101506.0873789619,132447.71428175262,0.001,132.4477142817526,11.006363948620756,0.0010000024471119306,0.011006390882425287
vit,dp_kfm,pink,0.5,42,1,blocks.6.mlp.fc2,True,0.10025464659780577,3.651300849771205,0.21777421859143029,3.6584412395528787,mlp_fc2,147648.0,572.6262815696103,147648,1.0,5526346,257.8435617647274,154293184,856.8780205612654,0.7533990543121238,83236.9683204249,18501.03574171259,0.0010033278511213902,18.562604434252528,39.68642363441139,0.001,0.03968642363441139
vit,dp_kfm,pink,0.5,42,1,blocks.7.attn.q_proj,True,0.16329605700408437,3.9595461603797273,0.3396505523820911,7.625080075848951,attention_qkv,37056.0,679.5060458883761,37056,1.0,5526346,54.53373111868863,154293184,383.3051012150314,0.6735998728991321,25718.081314787876,85030.06499853947,0.0010000046789252668,85.03046284785903,1.7278923710100549,0.0010000171878619824,0.0017279220697856484
vit,dp_kfm,pink,0.5,42,1,blocks.7.attn.k_proj,True,0.16329605700408437,3.9595461603797273,0.5082804196621704,2.0748470949595395,attention_qkv,37056.0,678.5298775488949,37056,1.0,5526346,54.61218617794725,154293184,336.5423453857101,0.6733274623880439,25723.74468557075,85030.06499853947,0.0010000046789252668,85.03046284785903,1.3320082754218763,0.001000008639105851,0.0013320197827823622
vit,dp_kfm,pink,0.5,42,1,blocks.7.attn.v_proj,True,0.16329605700408437,3.9595461603797273,0.20494499249890782,7.258011966505288,attention_qkv,37056.0,683.5839184187519,37056,1.0,5526346,54.208413921902896,154293184,508.1479664049794,0.6746812582064486,25691.066578765567,85030.06499853947,0.0010000046789252668,85.03046284785903,3.0367418367368217,0.0010000607059234463,0.003036926184954289
vit,dp_kfm,pink,0.5,42,1,blocks.7.attn.out_proj,True,0.09858226395399361,4.509750689347321,0.23554626376243404,3.4645300425827803,attention_out,37056.0,135.25204679702685,37056,1.0,5526346,273.97736949304766,154293184,785.0706150671517,0.6809349988378098,14551.986392079463,16238.982931986242,0.0011864435349113614,19.26663631319102,37.954093136455434,0.001,0.03795409313645543
vit,dp_kfm,pink,0.5,42,1,blocks.7.mlp.fc1,True,0.15540215586619216,4.020683547920182,0.07299645585088672,5.222573964726512,mlp_fc1,148224.0,3568.3492289599376,148224,1.0,5526346,41.53853518513452,154293184,1488.6203095152964,0.6944629835910758,97677.84935715882,210995.49126896792,0.001,210.99549126896792,10.50254871596554,0.0010000013504609748,0.010502562899247718
vit,dp_kfm,pink,0.5,42,1,blocks.7.mlp.fc2,True,0.998581504800731,0.15563722430145224,0.29830745464958547,3.373011858427924,mlp_fc2,147648.0,841.6862991951224,147648,1.0,5526346,175.41927454586232,154293184,5394.316380513811,0.8467439106986544,38085.162375865264,631409.9570135395,0.0010077431650465836,636.2990685227516,46.08519217959632,0.001,0.04608519217959632
vit,dp_kfm,pink,0.5,42,1,blocks.8.attn.q_proj,True,0.29995861146002356,3.4067457186357095,0.2554995434462685,12.923784377346083,attention_qkv,37056.0,729.8837653971941,37056,1.0,5526346,50.76972767004149,154293184,646.6792619589138,0.691934133451915,24174.452842009785,138643.43724534087,0.0010000593246395845,138.6516622172862,3.0163278995146157,0.0010000013888923028,0.003016332088869218
vit,dp_kfm,pink,0.5,42,1,blocks.8.attn.k_proj,True,0.29995861146002356,3.4067457186357095,0.43758821497005623,1.8365713283748708,attention_qkv,37056.0,727.3760555484881,37056,1.0,5526346,50.944761952684026,154293184,424.86870180255835,0.6908400661022449,24201.212031610426,138643.43724534087,0.0010000593246395845,138.6516622172862,1.3019975366880008,0.001000002416494104,0.0013020006829573716
vit,dp_kfm,pink,0.5,42,1,blocks.8.attn.v_proj,True,0.29995861146002356,3.4067457186357095,0.2957914310733135,9.37749176610838,attention_qkv,37056.0,740.1597314639434,37056,1.0,5526346,50.06486900700186,154293184,937.9390232583721,0.6951804351559611,24080.62805841724,138643.43724534087,0.0010000593246395845,138.6516622172862,6.345266886265348,0.0010000433039273843,0.006345541661241825
vit,dp_kfm,pink,0.5,42,1,blocks.8.attn.out_proj,True,0.24995600739235924,1.4483544418616243,0.3072762815802814,3.35220308875866,attention_out,37056.0,75.5982657489808,37056,1.0,5526346,490.16997457378295,154293184,482.38987357061285,0.5467373078683105,16388.54006960368,5095.55106340334,0.001024632245906915,5.221065930228333,45.66728646774674,0.001,0.045667286467746745
vit,dp_kfm,pink,0.5,42,1,blocks.8.mlp.fc1,True,0.2404947275668351,3.3779677045983925,0.059961460058760206,4.797934767887875,mlp_fc1,148224.0,4195.385781395408,148224,1.0,5526346,35.33024320607291,154293184,1509.307546150168,0.7145587106554306,96355.67945972749,280668.7486610691,0.001,280.6687486610691,8.116362365717917,0.001000000793425494,0.008116368805446736
vit,dp_kfm,pink,0.5,42,1,blocks.8.mlp.fc2,True,0.11895514113759215,3.2658339932484397,0.3790445839840902,2.774009718379729,mlp_fc2,147648.0,733.9334328503444,147648,1.0,5526346,201.1735579704907,154293184,924.4201652970688,0.8471980547841474,82126.38021219324,20083.1557668139,0.0010009674646328454,20.102585509734215,42.55071523271021,0.001,0.04255071523271021
vit,dp_kfm,pink,0.5,42,1,blocks.9.attn.q_proj,True,0.2604439110064746,3.619839984250382,0.44559560733233905,2.6951711150142192,attention_qkv,37056.0,824.4296298647536,37056,1.0,5526346,44.947438395777915,154293184,476.0227704631217,0.6627740625702334,25384.060014427592,139564.10455505605,0.001,139.56410455505605,1.6236100157830788,0.0010000014625951774,0.0016236123904672579
vit,dp_kfm,pink,0.5,42,1,blocks.9.attn.k_proj,True,0.2604439110064746,3.619839984250382,0.4403144843281338,0.9530530438029132,attention_qkv,37056.0,822.8101860113389,37056,1.0,5526346,45.03590333468397,154293184,389.56324916039995,0.6625064161569448,25389.279631250174,139564.10455505605,0.001,139.56410455505605,1.087382214647756,0.001000000647982556,0.001087382919252463
vit,dp_kfm,pink,0.5,42,1,blocks.9.attn.v_proj,True,0.2604439110064746,3.619839984250382,0.39980833411286887,5.329417923860572,attention_qkv,37056.0,835.8278992184306,37056,1.0,5526346,44.33448564549051,154293184,876.9724092175344,0.6663627624396952,25285.925527196654,139564.10455505605,0.001,139.56410455505605,5.5105903411246775,0.0010000229579081351,0.005510716852751499
vit,dp_kfm,pink,0.5,42,1,blocks.9.attn.out_proj,True,0.3917987070551383,1.2324320075525947,0.380624715067764,2.767427622762615,attention_out,37056.0,68.20859647387077,37056,1.0,5526346,543.2746298217021,154293184,368.6479922094291,0.5063652032955682,18229.2036723471,3207.565770077828,0.0010209186549181774,3.274663731549444,42.368996273690065,0.001,0.04236899627369006
vit,dp_kfm,pink,0.5,42,1,blocks.9.mlp.fc1,True,0.24250496336023913,3.349540734600931,0.02419540137173009,5.074077309062195,mlp_fc1,148224.00000000003,4625.928849775596,148224,1.0000000000000002,5526346,32.04199736171696,154293184,1425.0374402822972,0.678650023263219,100623.74438374283,284028.54719761916,0.001,284.02854719761916,7.149745074016785,0.0010000010949733997,0.007149752902797456
vit,dp_kfm,pink,0.5,42,1,blocks.9.mlp.fc2,True,0.12760597757906111,4.12959558397756,0.46902081512020427,2.313287431574059,mlp_fc2,147648.0,791.0719151257106,147648,1.0,5526346,186.64295518130865,154293184,901.4206513035383,0.855186963446181,84766.06460171661,21173.257703444593,0.0010064686528574935,21.310220157390425,38.37667315900582,0.001,0.03837667315900582
vit,dp_kfm,pink,0.5,42,1,blocks.10.attn.q_proj,True,0.2531010967175296,3.0870658864225646,0.37402484101353545,2.7815129231743807,attention_qkv,37056.0,925.6208732376126,37056,1.0,5526346,40.0336693687411,154293184,436.52597258851824,0.6379956992411533,26875.758000489128,125328.77148178311,0.001,125.32877148178312,1.5204403784652871,0.0010000124219846482,0.001520459265352327
vit,dp_kfm,pink,0.5,42,1,blocks.10.attn.k_proj,True,0.2531010967175296,3.0870658864225646,0.4631556576141422,1.1666485055729499,attention_qkv,37056.0,924.2566728488815,37056,1.0,5526346,40.092758958158754,154293184,379.88605256822217,0.6378182818459511,26879.24688687909,125328.77148178311,0.001,125.32877148178312,1.1514787165758056,0.0010000005592852397,0.0011514793605808555
vit,dp_kfm,pink,0.5,42,1,blocks.10.attn.v_proj,True,0.2531010967175296,3.0870658864225646,0.45880775670294094,2.680578990177282,attention_qkv,37056.0,934.5769215726434,37056,1.0,5526346,39.650026813892055,154293184,692.0944804806244,0.6402451229844136,26819.273843334115,125328.77148178311,0.001,125.32877148178312,3.821905889992456,0.0010000067991848488,0.0038219318758370767
vit,dp_kfm,pink,0.5,42,1,blocks.10.attn.out_proj,True,0.37076967401987454,2.050561253646849,0.4722017153415921,2.2714011893027273,attention_out,37056.0,82.88042626362949,37056,1.0,5526346,447.1019475953314,154293184,465.4564811553009,0.5879411442613874,16613.547600674618,5733.0654883435445,0.0010142575709038253,5.814805076039876,37.78951004309417,0.001,0.03778951004309417
vit,dp_kfm,pink,0.5,42,1,blocks.10.mlp.fc1,True,0.2990270676149086,2.695934457813629,0.03431332630015106,6.196555728950386,mlp_fc1,148224.0,4698.959188624066,148224,1.0,5526346,31.544006672550495,154293184,1229.4897048489083,0.6509399322876989,105956.89455308134,227270.3730013338,0.0010000535004498743,227.28253206853248,6.651306610565489,0.0010000004546851413,0.006651309634815775
vit,dp_kfm,pink,0.5,42,1,blocks.10.mlp.fc2,True,0.300434291083462,3.977497475627046,0.5344461611700765,2.1948153843162967,mlp_fc2,147648.0,757.0366362600088,147648,1.0,5526346,195.034154132125,154293184,759.5614170388249,0.8181624234474909,89678.99703784705,14645.684225476169,0.0010063632057665866,14.738877727795325,39.39273422613139,0.001,0.03939273422613139
vit,dp_kfm,pink,0.5,42,1,blocks.11.attn.q_proj,True,0.3644568428462474,2.784838827888831,0.4097728068452259,1.7109459118355703,attention_qkv,37056.0,965.4520051456354,37056,1.0,5526346,38.38202189492601,154293184,441.51298548283427,0.6259213987158012,27230.871542380497,138934.4187096366,0.0010000771165820923,138.94513285714248,1.4030628130914307,0.0010000027691076095,0.0014030666983233429
vit,dp_kfm,pink,0.5,42,1,blocks.11.attn.k_proj,True,0.3644568428462474,2.784838827888831,0.4467800574604106,0.95744749394076,attention_qkv,37056.0,964.1871155691202,37056,1.0,5526346,38.432374174723705,154293184,392.77437272313887,0.6257984054873379,27233.208944826027,138934.4187096366,0.0010000771165820923,138.94513285714248,1.110392293722929,0.0010000000581051672,0.0011103923582424587
vit,dp_kfm,pink,0.5,42,1,blocks.11.attn.v_proj,True,0.3644568428462474,2.784838827888831,0.509046040501866,4.951163743522777,attention_qkv,37056.0,976.4306240047742,37056,1.0,5526346,37.95046886999195,154293184,813.1639303742538,0.6290019028473854,27148.404937350697,138934.4187096366,0.0010000771165820923,138.94513285714248,4.759335978823514,0.0010000007175922853,0.004759339394086295
vit,dp_kfm,pink,0.5,42,1,blocks.11.attn.out_proj,True,0.6801204466225397,1.2942010208110768,0.5315369277708512,2.208013326485185,attention_out,37056.0,72.9947309967961,37056,1.0,5526346,507.65307980416384,154293184,478.8788402059117,0.5056561626180325,16405.29638332733,5857.905306127168,0.0010160423094956728,5.951879636044404,39.14794309786692,0.001000000007204613,0.0391479433799127
vit,dp_kfm,pink,0.5,42,1,blocks.11.mlp.fc1,True,0.5142852613469918,1.7317356690908488,0.0588050202811806,3.5542536449061126,mlp_fc1,148224.0,3919.4467204521193,148224,1.0,5526346,37.81758257525234,154293184,928.6823887571082,0.6367640990775667,105013.61548906515,191733.3817623433,0.001,191.73338176234333,4.498178518838368,0.0010000000000023716,0.004498178518849036
vit,dp_kfm,pink,0.5,42,1,blocks.11.mlp.fc2,True,0.8415028137170562,0.6481983922810607,0.6113590994232622,2.016389665723914,mlp_fc2,147648.0,563.6075119802886,147648,1.0,5526346,261.96953883958133,154293184,1086.5207339124017,0.7897148759725575,78286.54640809726,33440.62913159968,0.0010000368807511263,33.44186244712019,35.30218587024149,0.001,0.03530218587024149
vit,dp_kfm,pink,0.5,42,1,head,True,0.012687905704597671,2.473683721071092,0.5813778082388409,1.6556166205271226,patch_head,1930.0,507.4322349333729,1930,1.0,5526346,3.803463530954855,154293184,49848.56806254049,1.2072460218478995,357.1103482678917,2619219.21374128,0.0010002885198136127,2619.97491038064,948.7101059923663,0.001000000042563643,0.9487101463729245
vit,dp_kfm,pink,0.5,42,1,identity,True,,,,,identity,47616.0,47616.0,47616,1.0,5526346,1.0,154293184,,,,,,,,,
vit,dp_kfm,pink,0.5,42,2,patch_embed,True,0.622141685281719,0.8482525697112409,0.3277049155726849,0.9808470048097407,patch_head,147648.0,1547.0565290089216,147648,1.0,5526346,95.43801227133345,154293184,52.57305634719872,0.5249977194950579,108836.86672403151,1495.9740348223213,0.017635886213732466,26.382827856824708,1.8475763545013713,0.001,0.0018475763545013713
vit,dp_kfm,pink,0.5,42,2,blocks.0.attn.q_proj,True,0.3352050979917613,1.633904297832132,0.22200041861359668,0.975049101731518,attention_qkv,37056.0,707.8804041079628,37056,1.0,5526346,52.3478256848997,154293184,111.27685774296188,1.3442661787541548,24045.408165491284,11017.08049535687,0.001,11.01708049535687,1.1239401467898846,0.0010000000041161638,0.0011239401514162063
vit,dp_kfm,pink,0.5,42,2,blocks.0.attn.k_proj,True,0.3352050979917613,1.633904297832132,0.3413175552953641,0.9569613793024668,attention_qkv,37056.0,708.795744209761,37056,1.0,5526346,52.28022360844431,154293184,121.46743889163967,1.344308130486067,24043.921365032398,11017.08049535687,0.001,11.01708049535687,1.3392240092202659,0.0010000000116315302,0.0013392240247974904
vit,dp_kfm,pink,0.5,42,2,blocks.0.attn.v_proj,True,0.3352050979917613,1.633904297832132,0.28831517473079377,1.967830990214609,attention_qkv,37056.0,726.068360804899,37056,1.0,5526346,51.03651667030465,154293184,219.0327388016798,1.3457756631346702,23974.4043552204,11017.08049535687,0.001,11.01708049535687,4.3546328527947145,0.001000053601646154,0.004354866268284021
vit,dp_kfm,pink,0.5,42,2,blocks.0.attn.out_proj,True,0.11259103391608483,4.024807751312419,0.3545236385649262,0.9600103596451645,attention_out,37056.0,373.19290251166007,37056,1.0,5526346,99.29449287648823,154293184,168.3370058115932,1.1664791976335827,19185.931943316446,8285.726286606365,0.001002453560307759,8.306055815744136,3.4200197478667453,0.001,0.0034200197478667454
vit,dp_kfm,pink,0.5,42,2,blocks.0.mlp.fc1,True,0.3625404964552986,1.8441073952009805,0.36531291333802013,1.1295757325330977,mlp_fc1,148224.0,5185.252698583285,148224,1.0,5526346,28.585684944631105,154293184,273.76753475068125,1.4742887310950263,98023.34055715892,41401.47410675904,0.001000000060650282,41.401476617770115,1.8102897227813843,0.0010000261679423278,0.0018103370943384467
vit,dp_kfm,pink,0.5,42,2,blocks.0.mlp.fc2,True,0.12488406678214704,7.5539844670025715,0.33777759400666874,1.066720955889412,mlp_fc2,147648.0,2428.710643732508,147648,1.0,5526346,60.79275041718868,154293184,709.1420407308385,1.011585956535184,90144.06103934508,115869.18174653774,0.0010602775598511755,122.85349328417139,4.340087902164933,0.001,0.0043400879021649325
vit,dp_kfm,pink,0.5,42,2,blocks.1.attn.q_proj,True,0.36075661204126974,2.1301945933643136,0.48733384718321204,2.703843491792671,attention_qkv,37056.0,604.2750288349371,37056,1.0,5526346,61.32307017790431,154293184,204.44742789871898,0.9719005780500004,22873.960172660616,35027.74212998116,0.0010000000009500257,35.02774216325842,1.1933041707140253,0.0010000000206973508,0.0011933041954122602
vit,dp_kfm,pink,0.5,42,2,blocks.1.attn.k_proj,True,0.36075661204126974,2.1301945933643136,0.5596978820718815,1.5298273475331354,attention_qkv,37056.0,604.3869841915099,37056,1.0,5526346,61.31171082310767,154293184,208.67409948757086,0.9719085925783069,22873.759396088113,35027.74212998116,0.0010000000009500257,35.02774216325842,1.2431540587275653,0.0010000000469600977,0.0012431541171062015
vit,dp_kfm,pink,0.5,42,2,blocks.1.attn.v_proj,True,0.36075661204126974,2.1301945933643136,0.618513946130582,0.8278694049829839,attention_qkv,37056.0,605.6208102882671,37056,1.0,5526346,61.186800999063855,154293184,198.7115944373887,0.9718936471537657,22874.134485645427,35027.74212998116,0.0010000000009500257,35.02774216325842,1.1272864125047868,0.001000064638909845,0.001127359279069574
vit,dp_kfm,pink,0.5,42,2,blocks.1.attn.out_proj,True,0.12168333204228496,4.431688130486927,0.33292710888318,1.1229046479561866,attention_out,37056.0,248.13164920001404,37056,1.0,5526346,149.3400786214494,154293184,413.27574545067216,0.7406392250015646,18696.926770894122,35966.237287095326,0.0011786135173409494,42.39029343446263,4.748810402779905,0.001,0.004748810402779905
vit,dp_kfm,pink,0.5,42,2,blocks.1.mlp.fc1,True,0.20434355153581052,2.6479410552474394,0.3033514402646888,2.0359459172449372,mlp_fc1,148224.0,3103.972118301348,148224,1.0,5526346,47.75300626125332,154293184,363.9917251314018,0.8295868452146694,104228.6226356177,59548.78419050719,0.001,59.54878419050719,2.224898085916832,0.0010000098487069,0.0022249199982859623
vit,dp_kfm,pink,0.5,42,2,blocks.1.mlp.fc2,True,0.05162066829753727,3.885284998336507,0.37161750842746594,1.9864719616405146,mlp_fc2,147648.0,847.3120104158594,147648,1.0,5526346,174.25458176561736,154293184,444.5703467240896,0.8666999238395237,84024.5903765856,30936.362631465247,0.0010011251710188185,30.97117133012583,6.3886887912722985,0.001,0.0063886887912722986
vit,dp_kfm,pink,0.5,42,2,blocks.2.attn.q_proj,True,0.4167513593278653,1.6060156116001763,0.5492742176564136,2.5358191977580136,attention_qkv,37056.0,679.7248449510112,37056,1.0,5526346,54.516177060838025,154293184,181.18715929035022,0.8366547969155101,24796.685530265568,27927.564504402348,0.001,27.927564504402348,1.175497658828495,0.0010000017484377848,0.0011754997141130176
vit,dp_kfm,pink,0.5,42,2,blocks.2.attn.k_proj,True,0.4167513593278653,1.6060156116001763,0.39898641857220124,1.4680791399121975,attention_qkv,37056.0,680.3462610890527,37056,1.0,5526346,54.46638295723598,154293184,183.10797248033822,0.8366773040345082,24796.19577105418,27927.564504402348,0.001,27.927564504402348,1.2005532949561373,0.0010000034888024247,0.0012005574834493837
vit,dp_kfm,pink,0.5,42,2,blocks.2.attn.v_proj,True,0.4167513593278653,1.6060156116001763,0.31298295848866897,2.8270142357748265,attention_qkv,37056.0,689.6218934883533,37056,1.0,5526346,53.73379289418662,154293184,266.26095106479266,0.8377722332604329,24767.79803676724,27927.564504402348,0.001,27.927564504402348,2.538527627453959,0.0010005951895912303,0.0025400385326748705
vit,dp_kfm,pink,0.5,42,2,blocks.2.attn.out_proj,True,0.1514485566883973,2.089362765219512,0.32914872349920926,2.4423044227273856,attention_out,37056.0,272.45953102152095,37056,1.0,5526346,136.00551928232247,154293184,265.2006333517243,0.8622358176969649,21500.887036296543,8287.592696599871,0.001451191632464274,12.026885174577762,8.486345613848805,0.001,0.008486345613848804
vit,dp_kfm,pink,0.5,42,2,blocks.2.mlp.fc1,True,0.23896769380706293,1.8299662963139178,0.37599248001152735,1.9477745859003184,mlp_fc1,148224.0,3485.6950630972583,148224,1.0,5526346,42.523513192313985,154293184,263.64736078750974,0.7353267456697894,113310.05472900358,39797.16340352844,0.001,39.79716340352844,1.7466051573931158,0.0010000296404592789,0.0017466569275721598
vit,dp_kfm,pink,0.5,42,2,blocks.2.mlp.fc2,True,0.1985276998679565,2.074309543702905,0.3012425881316564,2.8815529377333355,mlp_fc2,147648.0,827.7654337646679,147648,1.0,5526346,178.36937129459315,154293184,301.3539999453714,0.7540349874079089,98238.34561074345,9302.171729999356,0.0010501506485754407,9.768681675418952,9.762691543330732,0.001,0.009762691543330732
vit,dp_kfm,pink,0.5,42,2,blocks.3.attn.q_proj,True,0.2707631845320205,1.9460867276411882,0.4071964203731315,2.338710897584969,attention_qkv,37056.0,848.6832048404377,37056,1.0,5526346,43.662935461256076,154293184,212.79178541733683,0.704912979942937,28017.330934602738,41479.44422047376,0.0010000558714697322,41.481761737986034,1.0916333328966854,0.001000024276682478,0.0010916598341324903
vit,dp_kfm,pink,0.5,42,2,blocks.3.attn.k_proj,True,0.2707631845320205,1.9460867276411882,0.5345437612805106,1.0880678760482239,attention_qkv,37056.0,849.1187360805498,37056,1.0,5526346,43.64053980371099,154293184,217.26653204237698,0.7049286734727858,28017.0079053671,41479.44422047376,0.0010000558714697322,41.481761737986034,1.1380274454695207,0.0010000207527341744,0.0011380510626505798
vit,dp_kfm,pink,0.5,42,2,blocks.3.attn.v_proj,True,0.2707631845320205,1.9460867276411882,0.2446192797516497,3.2086260799218165,attention_qkv,37056.0,853.4093289422748,37056,1.0,5526346,43.42113302877486,154293184,259.7227041237057,0.7052507655636218,28009.8215367605,41479.44422047376,0.0010000558714697322,41.481761737986034,1.6262484781325623,0.0010001525982886582,0.0016264966408672584
vit,dp_kfm,pink,0.5,42,2,blocks.3.attn.out_proj,True,0.02353348487753713,2.001240409477973,0.22581687263165548,3.3349077426128226,attention_out,37056.0,206.25605999039064,37056,1.0,5526346,179.66017581120485,154293184,352.020878518119,0.7190608485233486,22071.619655477472,12157.988586148564,0.0011741589323524902,14.275410897865958,10.192368419711071,0.001,0.010192368419711072
vit,dp_kfm,pink,0.5,42,2,blocks.3.mlp.fc1,True,0.1540288092870511,2.2183220279042795,0.20537761903265864,4.081315544653536,mlp_fc1,148224.0,3283.372121231072,148224,1.0,5526346,45.143832172280455,154293184,395.4346989060107,0.6656423832778489,110493.01647847651,60506.46486322622,0.001,60.50646486322622,2.5843288225870693,0.0010000018764855813,0.0025843336720428422
vit,dp_kfm,pink,0.5,42,2,blocks.3.mlp.fc2,True,0.13157145019979288,1.6094388682311453,0.26298700343600867,4.461440323302006,mlp_fc2,147648.0,684.4645366391106,147648,1.0,5526346,215.71314815664232,154293184,369.75773430594154,0.7266650635691475,97874.57291535029,10979.30143023331,0.0010025082885342,11.00684068612429,12.452593905708804,0.0010000000070217031,0.012452593993147222
vit,dp_kfm,pink,0.5,42,2,blocks.4.attn.q_proj,True,0.28761549594875163,2.2040118893993643,0.5407593642075922,5.960734694002208,attention_qkv,37056.0,813.7697830756625,37056,1.0,5526346,45.53622015792471,154293184,253.19955107212886,0.6930714302135081,27470.266709513853,44228.72510842507,0.0010000201370074914,44.229615742593914,1.4495107536101095,0.0010000308110287657,0.0014495554145276352
vit,dp_kfm,pink,0.5,42,2,blocks.4.attn.k_proj,True,0.28761549594875163,2.2040118893993643,0.594469590329446,14.14411630713732,attention_qkv,37056.0,819.2671444567914,37056,1.0,5526346,45.230667738506334,154293184,466.1512528719312,0.6954586043501023,27392.837421748576,44228.72510842507,0.0010000201370074914,44.229615742593914,4.913028580891168,0.0010000353552935023,0.0049132022824586305
vit,dp_kfm,pink,0.5,42,2,blocks.4.attn.v_proj,True,0.28761549594875163,2.2040118893993643,0.21255984132415282,7.72615531962168,attention_qkv,37056.0,816.9569841235021,37056,1.0,5526346,45.35856932511164,154293184,288.2271453961507,0.6934258326462754,27462.099907847994,44228.72510842507,0.0010000201370074914,44.229615742593914,1.878301649879322,0.0010002597352946694,0.0018787895111118313
vit,dp_kfm,pink,0.5,42,2,blocks.4.attn.out_proj,True,0.12078891847619375,3.7573933843978993,0.24591859720364467,4.292477867681129,attention_out,37056.0,187.11899128496276,37056,1.0,5526346,198.03441513623576,154293184,382.18657829068854,0.7344402686641703,18971.687514123132,12033.270942651756,0.001352242342407658,16.27189848631742,12.138559941155625,0.001,0.012138559941155626
vit,dp_kfm,pink,0.5,42,2,blocks.4.mlp.fc1,True,0.17080007488222573,2.8754960764805726,0.1406224217031407,8.032927770381937,mlp_fc1,148224.0,3206.362981174708,148224,1.0,5526346,46.22807862686074,154293184,530.4372310824843,0.6422952462216186,110829.00489900354,68896.29276498921,0.0010000137664307532,68.89724122103271,4.083872220501136,0.0010000345806012978,0.004084013443258145
vit,dp_kfm,pink,0.5,42,2,blocks.4.mlp.fc2,True,0.20271255938586388,2.830685905001717,0.2511970795012226,5.6381859274344635,mlp_fc2,147648.0,685.9449344449492,147648,1.0,5526346,215.24759872958802,154293184,459.75879151602595,0.7087519033616515,96444.97083154945,12860.952054673648,0.0011014645896681556,14.165883277642932,16.43565308988631,0.001,0.016435653089886308
vit,dp_kfm,pink,0.5,42,2,blocks.5.attn.q_proj,True,0.30450442221012636,2.1966662490416313,0.38870366893768016,4.453887727819984,attention_qkv,37056.0,841.2527826161788,37056,1.0,5526346,44.048591298278986,154293184,237.24935289298648,0.6509326035840863,28075.587760344755,49655.79609130426,0.001,49.65579609130426,1.133548545765796,0.0010000272354982922,0.0011335794185252782
vit,dp_kfm,pink,0.5,42,2,blocks.5.attn.k_proj,True,0.30450442221012636,2.1966662490416313,0.6015993760628,1.478699850280585,attention_qkv,37056.0,841.5486389910516,37056,1.0,5526346,44.033105495158466,154293184,241.29726480680617,0.6509522159569734,28075.210330560378,49655.79609130426,0.001,49.65579609130426,1.1725593905731826,0.001000022113038352,0.0011725853194239563
vit,dp_kfm,pink,0.5,42,2,blocks.5.attn.v_proj,True,0.30450442221012636,2.1966662490416313,0.23236968031099592,4.340525042827601,attention_qkv,37056.0,845.6701061284726,37056,1.0,5526346,43.818505267549945,154293184,295.8802923197671,0.6513837211241983,28066.049306576093,49655.79609130426,0.001,49.65579609130426,1.7630398518283297,0.001000231139842963,0.0017634473605828188
vit,dp_kfm,pink,0.5,42,2,blocks.5.attn.out_proj,True,0.10934586413326178,3.663191192593607,0.2259182722448053,6.575589683594947,attention_out,37056.0,217.95343037193473,37056,1.0,5526346,170.01797098015118,154293184,418.9985198168653,0.6621336930162635,21021.501961967613,10351.317618955181,0.0018007699879198035,18.64034210363997,16.96013648419421,0.001,0.01696013648419421
vit,dp_kfm,pink,0.5,42,2,blocks.5.mlp.fc1,True,0.15801442489496498,3.5736459126039044,0.13918966158429558,10.499744465914361,mlp_fc1,148224.0,3052.937778341925,148224,1.0,5526346,48.55126791365583,154293184,824.5792905645707,0.60259626760442,109003.51232420238,99197.84382919938,0.0010000006369109845,99.19790700939575,6.854292192063046,0.0010000080663111527,0.006854347480916599
vit,dp_kfm,pink,0.5,42,2,blocks.5.mlp.fc2,True,0.13900747014836937,3.4781731485686387,0.21505423252775985,8.043746206592992,mlp_fc2,147648.0,634.6232945333188,147648,1.0,5526346,232.65455471276942,154293184,667.8332783196926,0.7546713112365131,88520.79686498574,19007.5200965315,0.001009235843679644,19.18307058088076,23.464464873174823,0.001,0.02346446487317482
vit,dp_kfm,pink,0.5,42,2,blocks.6.attn.q_proj,True,0.1800328942086416,3.2564058390545485,0.4397708147194569,9.604407375226538,attention_qkv,37056.0,694.7085882747265,37056,1.0,5526346,53.34035108451256,154293184,299.48659599703706,0.6467207963274492,27039.08138562887,66863.87165195354,0.0010000282161590987,66.86575829359403,1.3414153109285587,0.0010000094473449643,0.0013414279837417413
vit,dp_kfm,pink,0.5,42,2,blocks.6.attn.k_proj,True,0.1800328942086416,3.2564058390545485,0.5248709943617133,5.3639004130522885,attention_qkv,37056.0,696.3482945095113,37056,1.0,5526346,53.21474941803545,154293184,352.63128649881764,0.647147849393109,27029.99901604356,66863.87165195354,0.0010000282161590987,66.86575829359403,1.859731139487167,0.001000009704713517,0.0018597491876450943
vit,dp_kfm,pink,0.5,42,2,blocks.6.attn.v_proj,True,0.1800328942086416,3.2564058390545485,0.18873211262548395,14.543468993586915,attention_qkv,37056.0,704.8563382356765,37056,1.0,5526346,52.57241510057886,154293184,499.8661327756291,0.6496247467685654,26968.299897584107,66863.87165195354,0.0010000282161590987,66.86575829359403,3.736938118042146,0.0010001186856380706,0.003737381638927116
vit,dp_kfm,pink,0.5,42,2,blocks.6.attn.out_proj,True,0.07026124047363069,3.916863882141067,0.268642233578087,6.664511233228954,attention_out,37056.0,139.25279161641558,37056,1.0,5526346,266.10597582900965,154293184,644.7327054357413,0.6888236710756618,14636.991778432435,20008.88331855355,0.0011706100435189784,23.422599772298135,20.774785620996866,0.001,0.020774785620996866
vit,dp_kfm,pink,0.5,42,2,blocks.6.mlp.fc1,True,0.1253478302571669,3.3809482061992826,0.15302109684955645,10.60612996108908,mlp_fc1,148224.0,3151.9984050129838,148224,1.0,5526346,47.02540450663376,154293184,951.8496463035377,0.6430490494746726,104317.60761805206,127110.47283492361,0.0010000525790610335,127.1171561842328,7.127797804236012,0.001000002281905716,0.007127814069198565
vit,dp_kfm,pink,0.5,42,2,blocks.6.mlp.fc2,True,0.08150472406007822,2.980695048593575,0.298051929120813,7.338043646592062,mlp_fc2,147648.0,599.4651509931683,147648,1.0,5526346,246.29955512073235,154293184,700.3438707604513,0.7578923684341831,85190.99218365386,17854.077762495428,0.001008004319158042,17.996987499178942,27.4716814744722,0.001,0.0274716814744722
vit,dp_kfm,pink,0.5,42,2,blocks.7.attn.q_proj,True,0.17232827478364338,3.4899189267917734,0.2532428625000964,23.399449175063506,attention_qkv,37056.0,707.4696756554437,37056,1.0,5526346,52.37821672804425,154293184,410.43128911268457,0.662064975838014,26361.438525837784,81303.29782334459,0.0010000244313983389,81.30528417659998,2.0719189453878704,0.0010000229786878646,0.002071966555366597
vit,dp_kfm,pink,0.5,42,2,blocks.7.attn.k_proj,True,0.17232827478364338,3.4899189267917734,0.39172362456996446,5.326294100001178,attention_qkv,37056.0,706.2825349956096,37056,1.0,5526346,52.46625559023677,154293184,339.39082033858733,0.6616348884659528,26371.206245539972,81303.29782334459,0.0010000244313983389,81.30528417659998,1.4167460855078122,0.0010000095644902827,0.0014167596359619802
vit,dp_kfm,pink,0.5,42,2,blocks.7.attn.v_proj,True,0.17232827478364338,3.4899189267917734,0.24075893710492183,11.676054108015185,attention_qkv,37056.0,710.8586142144928,37056,1.0,5526346,52.12850946590458,154293184,428.09403447979935,0.6624907404616989,26352.632977509875,81303.29782334459,0.0010000244313983389,81.30528417659998,2.2540844868972947,0.0010000893590804633,0.0022542859098143306
vit,dp_kfm,pink,0.5,42,2,blocks.7.attn.out_proj,True,0.10560590730986237,3.68184070555885,0.30934117219538393,7.5204117911503525,attention_out,37056.0,139.20957840800062,37056,1.0,5526346,266.18858000844523,154293184,667.4959928294486,0.6809439792830195,15204.562461456826,15879.813425957234,0.0011989987376232864,19.03987625141604,28.057691138554013,0.001,0.028057691138554015
vit,dp_kfm,pink,0.5,42,2,blocks.7.mlp.fc1,True,0.15768615857195356,3.4709938121946857,0.1289211736722589,10.59698754144418,mlp_fc1,148224.0,3737.869928562744,148224,1.0,5526346,39.654670395926246,154293184,1153.6024152278228,0.6826761690323573,100851.54081207076,200365.0308557335,0.001,200.3650308557335,6.641870224239205,0.0010000008563054307,0.006641875911708748
vit,dp_kfm,pink,0.5,42,2,blocks.7.mlp.fc2,True,0.9987864582729661,0.08020628078717414,0.37366852139736817,6.1955118897213035,mlp_fc2,147648.0,861.6796220760723,147648,1.0,5526346,171.34906781741796,154293184,4234.742585431609,0.8353071478801578,40946.51474845514,620313.428183638,0.0010147260905994887,629.4482199271497,28.909651073294317,0.001,0.028909651073294317
vit,dp_kfm,pink,0.5,42,2,blocks.8.attn.q_proj,True,0.28144684470750714,2.912604588638116,0.2496771089210392,19.598617148302022,attention_qkv,37056.0,769.4551522983812,37056,1.0,5526346,48.158752188886936,154293184,524.8188510583724,0.6719090264329411,25232.990542329902,126431.70169556093,0.001000080315724402,126.44185614926997,2.1785266094848477,0.0010000015767531842,0.002178530044483616
vit,dp_kfm,pink,0.5,42,2,blocks.8.attn.k_proj,True,0.28144684470750714,2.912604588638116,0.484104149034223,2.7281813643552177,attention_qkv,37056.0,767.6832396965143,37056,1.0,5526346,48.26990884241426,154293184,389.65724477494547,0.6713375268538273,25245.590684395032,126431.70169556093,0.001000080315724402,126.44185614926997,1.2009074177551204,0.001000002888563451,0.0012009108866523953
vit,dp_kfm,pink,0.5,42,2,blocks.8.attn.v_proj,True,0.28144684470750714,2.912604588638116,0.3683398189028328,14.695535235871693,attention_qkv,37056.0,779.2144349985005,37056,1.0,5526346,47.555587185793485,154293184,700.8360304094431,0.6744082295107846,25173.38199972637,126431.70169556093,0.001000080315724402,126.44185614926997,3.884873294696081,0.0010000503952691253,0.0038850690739312852
vit,dp_kfm,pink,0.5,42,2,blocks.8.attn.out_proj,True,0.21933558271301376,1.4270354018762856,0.3791149836546182,6.064648888570877,attention_out,37056.0,91.1986078815042,37056,1.0,5526346,406.32199175833307,154293184,388.551082567438,0.6068805058924817,17365.974575566266,5317.571741043375,0.001060863850401631,5.641219631990181,28.391143761927964,0.001,0.028391143761927966
vit,dp_kfm,pink,0.5,42,2,blocks.8.mlp.fc1,True,0.2286128944668159,2.892576243722415,0.08205698352164503,10.0969784643602,mlp_fc1,148224.0,4392.846345640399,148224,1.0,5526346,33.742131715374526,154293184,1189.394781847667,0.6948478843287391,100219.17788183036,260181.11923518148,0.001,260.1811192351815,5.437212166835703,0.0010000008182603224,0.005437216615890684
vit,dp_kfm,pink,0.5,42,2,blocks.8.mlp.fc2,True,0.10395299753914589,2.2878874706748102,0.46085562532351665,4.9757579416409285,mlp_fc2,147648.0,752.8063816729472,147648,1.0,5526346,196.1301120639874,154293184,660.8312858928587,0.8233863731453183,87174.68796465073,15989.19751678715,0.0010013805836846953,16.011271942010197,27.31206415808657,0.001,0.027312064158086572
vit,dp_kfm,pink,0.5,42,2,blocks.9.attn.q_proj,True,0.2333012879042262,3.08633005902964,0.3752481001259942,6.318969496851761,attention_qkv,37056.0,862.0528970306829,37056,1.0,5526346,42.98576123070679,154293184,443.2408284448264,0.6421448183521105,26369.47884536289,125424.898483192,0.001,125.424898483192,1.5663750529308471,0.0010000026770894059,0.001566379246256907
vit,dp_kfm,pink,0.5,42,2,blocks.9.attn.k_proj,True,0.2333012879042262,3.08633005902964,0.4847434000901628,1.5609017305665984,attention_qkv,37056.0,860.3249230072837,37056,1.0,5526346,43.07209870251111,154293184,368.33143211227764,0.6418763471605842,26374.676594984132,125424.898483192,0.001,125.424898483192,1.081667559811197,0.0010000010510860156,0.0010816686967368427
vit,dp_kfm,pink,0.5,42,2,blocks.9.attn.v_proj,True,0.2333012879042262,3.08633005902964,0.47926566309896873,10.466140730262007,attention_qkv,37056.0,874.1380271799304,37056,1.0,5526346,42.39147462735022,154293184,735.2153824433373,0.6455031864415456,26287.095074820016,125424.898483192,0.001,125.424898483192,4.309683843624875,0.00100002649721203,0.004309798038231462
vit,dp_kfm,pink,0.5,42,2,blocks.9.attn.out_proj,True,0.30624127841618154,1.2692374912464135,0.46362042846491985,5.042227953532271,attention_out,37056.0,73.34441205961407,37056,1.0,5526346,505.2327636068719,154293184,307.40192098266294,0.5299515360790461,18470.657064916064,3454.710515021973,0.001028465766268618,3.553051497068325,27.35278125705138,0.001,0.02735278125705138
vit,dp_kfm,pink,0.5,42,2,blocks.9.mlp.fc1,True,0.2251412340884317,2.830032088308659,0.03677319719160696,9.549302533780319,mlp_fc1,148224.0,4806.852761141139,148224,1.0,5526346,30.835976753490545,154293184,1105.7638153306743,0.6589773385976196,104440.19793739307,257172.59302861572,0.0010002260653414795,257.2307308386779,4.754447590605417,0.0010000017601955635,0.004754455959362973
vit,dp_kfm,pink,0.5,42,2,blocks.9.mlp.fc2,True,0.1242620456505018,3.00857112224927,0.5852731777690824,4.265248672911396,mlp_fc2,147648.0,805.9404357650078,147648,1.0,5526346,183.19964286175917,154293184,656.8326050563699,0.8347401804312631,89630.32043474984,17144.913817666744,0.0010181783048577775,17.45657928780461,25.16367685794821,0.001,0.025163676857948212
vit,dp_kfm,pink,0.5,42,2,blocks.10.attn.q_proj,True,0.2305754257603039,2.661345368439988,0.32083241717812294,7.37180254747769,attention_qkv,37056.0,955.8381650346745,37056,1.0,5526346,38.76806906811022,154293184,395.61883829906117,0.6155084391337694,27760.19152288774,113783.91152676252,0.001,113.78391152676252,1.375539503933171,0.0010000191991517305,0.0013755659131248184
vit,dp_kfm,pink,0.5,42,2,blocks.10.attn.k_proj,True,0.2305754257603039,2.661345368439988,0.5361616404994927,2.2991801624482346,attention_qkv,37056.0,954.3099909914971,37056,1.0,5526346,38.830149898671834,154293184,357.95274858105284,0.6153576277662185,27763.02395721287,113783.91152676252,0.001,113.78391152676252,1.1260833671251809,0.0010000008737923185,0.001126084351088177
vit,dp_kfm,pink,0.5,42,2,blocks.10.attn.v_proj,True,0.2305754257603039,2.661345368439988,0.5238280774529224,4.3076633812845,attention_qkv,37056.0,964.1158974131758,37056,1.0,5526346,38.435213130936994,154293184,566.6785803754899,0.6172380833568023,27721.75753877477,113783.91152676252,0.001,113.78391152676252,2.8222321516944033,0.0010000090029774122,0.002822257560186717
vit,dp_kfm,pink,0.5,42,2,blocks.10.attn.out_proj,True,0.38156279242309266,1.8817976245186792,0.5940177885727262,4.161119677793883,attention_out,37056.0,84.63492061297433,37056,1.0,5526346,437.8334584781238,154293184,362.35436472789297,0.593348033820194,17328.192557911112,5349.142160353773,0.001019876531970461,5.455464555518586,24.54612005089637,0.001,0.02454612005089637
vit,dp_kfm,pink,0.5,42,2,blocks.10.mlp.fc1,True,0.284064559405663,2.3793694378329993,0.03772971191854997,9.564879224320043,mlp_fc1,148224.0,4856.882327938984,148224,1.0,5526346,30.51834283638055,154293184,932.38112891783,0.629600214071413,109338.36131465714,212608.31929455567,0.001,212.60831929455568,4.088901941591843,0.0010000008786022769,0.004088905534110399
vit,dp_kfm,pink,0.5,42,2,blocks.10.mlp.fc2,True,0.21358726355746657,3.438741499188373,0.6645963936945176,4.007712239854584,mlp_fc2,147648.0,777.0562594538567,147648,1.0,5526346,190.009408203947,154293184,610.6221780539984,0.8086858532139265,92169.20860789309,14710.587058337547,0.001010496563703829,14.864997672516111,25.346333416386848,0.001,0.025346333416386847
vit,dp_kfm,pink,0.5,42,2,blocks.11.attn.q_proj,True,0.3250272227658089,2.5458434805821732,0.3353174869208507,4.625995056081857,attention_qkv,37056.0,994.5515127186569,37056,1.0,5526346,37.259005216035064,154293184,430.0575638638313,0.6108919294921503,27876.442471402665,130255.66630161928,0.0010001332913637088,130.27302825701142,1.4198960666189009,0.0010000062610407154,0.0014199049566459856
vit,dp_kfm,pink,0.5,42,2,blocks.11.attn.k_proj,True,0.3250272227658089,2.5458434805821732,0.47073081527839067,1.7079145926344943,attention_qkv,37056.0,993.2088180966978,37056,1.0,5526346,37.30937475063,154293184,380.86875955770427,0.6107633759254795,27878.89964368472,130255.66630161928,0.0010001332913637088,130.27302825701142,1.1136637362947566,0.0010000001408107001,0.001113663893110527
vit,dp_kfm,pink,0.5,42,2,blocks.11.attn.v_proj,True,0.3250272227658089,2.5458434805821732,0.6033715904701902,10.066293356295906,attention_qkv,37056.0,1003.6481292820833,37056,1.0,5526346,36.92130630134928,154293184,635.7472622974911,0.6128476282928321,27831.770986895248,130255.66630161928,0.0010001332913637088,130.27302825701142,3.1029328166258097,0.0010000010550777652,0.0031029360904612315
vit,dp_kfm,pink,0.5,42,2,blocks.11.attn.out_proj,True,0.49380421507824684,1.5621134774521956,0.6685847804242383,4.029388803300586,attention_out,37056.0,81.58517750267842,37056,1.0,5526346,454.20015172221036,154293184,398.8018653819118,0.5472894143029121,16868.15215832356,6346.493360518391,0.0010280091130959392,6.5242530108157775,25.05996915107489,0.001,0.02505996915107489
vit,dp_kfm,pink,0.5,42,2,blocks.11.mlp.fc1,True,0.4963538790070996,1.6434425793662293,0.10516243323993532,8.656237780578271,mlp_fc1,148224.0,4023.532110905793,148224,1.0,5526346,36.839273532386756,154293184,759.3711780987952,0.6213676372895662,107502.979343628,185445.7271492002,0.001,185.4457271492002,3.10950591847939,0.0010000000001655486,0.003109505918994164
vit,dp_kfm,pink,0.5,42,2,blocks.11.mlp.fc2,True,0.8622283437733541,0.5641632628107273,0.7538981117157064,3.744323812060021,mlp_fc2,147648.0,574.6798147171824,147648,1.0,5526346,256.9221960104204,154293184,852.2811488265783,0.7882626894250842,80184.392697137,32211.0211743394,0.0010001889300199857,32.217106803213625,22.550764619155203,0.001,0.022550764619155204
vit,dp_kfm,pink,0.5,42,2,head,True,0.04036719252826964,3.804854837187795,0.7501681905456263,3.6744521203979357,patch_head,1930.0,534.5430930755728,1930,1.0,5526346,3.6105601681156507,154293184,38086.946677346976,1.1710293158235499,433.24695154877475,2804776.117047033,0.001000160860345682,2805.2272943027815,517.194758749704,0.001,0.517194758749704
vit,dp_kfm,pink,0.5,42,2,identity,True,,,,,identity,47616.0,47616.0,47616,1.0,5526346,1.0,154293184,,,,,,,,,
vit,dp_kfm,pink,0.5,42,3,patch_embed,True,0.6221872413942543,0.8483407050135697,0.38730467597355656,0.9726719460463364,patch_head,147648.0,1555.836381452338,147648,1.0,5526346,94.89943914422025,154293184,54.42181581950336,0.5253185756046748,108819.61705748508,1487.695495576867,0.0176361473773437,26.237217012603995,1.9908200608912294,0.001,0.0019908200608912295
vit,dp_kfm,pink,0.5,42,3,blocks.0.attn.q_proj,True,0.33176195987724894,1.5881162138970126,0.24530602267663,0.9696450201509159,attention_qkv,37056.0,708.0928229228973,37056,1.0,5526346,52.3321220049069,154293184,112.56981140378225,1.34185400618214,24043.691071105917,11020.643268518348,0.001000001684241465,11.020661829942712,1.1498387281695188,0.0010000000106027951,0.0011498387403610234
vit,dp_kfm,pink,0.5,42,3,blocks.0.attn.k_proj,True,0.33176195987724894,1.5881162138970126,0.42587083164000455,0.9459609056195124,attention_qkv,37056.0,709.0840743788956,37056,1.0,5526346,52.25896524676326,154293184,121.35812477360061,1.341896285496087,24042.19997661275,11020.643268518348,0.001000001684241465,11.020661829942712,1.3363824678579643,0.001000000037440136,0.0013363825178923058
vit,dp_kfm,pink,0.5,42,3,blocks.0.attn.v_proj,True,0.33176195987724894,1.5881162138970126,0.2690749237520993,1.7067283992287983,attention_qkv,37056.0,729.4450908723238,37056,1.0,5526346,50.80025962706216,154293184,220.42467584316032,1.3436740036951362,23959.663853449245,11020.643268518348,0.001000001684241465,11.020661829942712,4.408729738975981,0.0010000669515092193,0.004409024910085746
vit,dp_kfm,pink,0.5,42,3,blocks.0.attn.out_proj,True,0.10839429842325139,3.62943564143864,0.42667390613689116,0.9465728377811246,attention_out,37056.0,377.6681826094699,37056,1.0,5526346,98.11787623718884,154293184,166.1366358290201,1.1639914149400472,19290.545712699575,8217.974220002889,0.0010029293760557305,8.242047756909574,3.358660057292652,0.001000000002123389,0.0033586600644243936
vit,dp_kfm,pink,0.5,42,3,blocks.0.mlp.fc1,True,0.36460635198496383,1.816003037552553,0.39824047610708646,1.0257743319625878,mlp_fc1,148224.0,5190.88135458462,148224,1.0,5526346,28.55468847676274,154293184,266.79124171553156,1.4710364287670292,97969.41686250488,41921.44198623631,0.0010000000115550508,41.9214424706407,1.6978797313194587,0.0010000309383243478,0.0016979322608732896
vit,dp_kfm,pink,0.5,42,3,blocks.0.mlp.fc2,True,0.12582975203239535,7.540852095009085,0.36851454633071984,1.0032173656966383,mlp_fc2,147648.0,2450.6780837237775,147648,1.0,5526346,60.2478150764096,154293184,694.9511231985356,1.0107427982056978,90086.9186951435,117259.53721111201,0.0010614484547475404,124.46495457714656,4.118701771484897,0.001,0.0041187017714848975
vit,dp_kfm,pink,0.5,42,3,blocks.1.attn.q_proj,True,0.3561573825245503,2.108277540891294,0.4598863149606051,2.16551486266183,attention_qkv,37056.0,605.3718129728434,37056,1.0,5526346,61.21196792765492,154293184,201.64242723247332,0.9679455860465256,22929.730414608686,35168.830664803565,0.0010000000104866695,35.16883103360747,1.1561279602308439,0.0010000000436902509,0.0011561280107423644
vit,dp_kfm,pink,0.5,42,3,blocks.1.attn.k_proj,True,0.3561573825245503,2.108277540891294,0.522748786689065,1.2903569829865111,attention_qkv,37056.0,605.5476656503477,37056,1.0,5526346,61.19419180685389,154293184,208.74644405373743,0.9679588774510968,22929.403474449617,35168.830664803565,0.0010000000104866695,35.16883103360747,1.2390254973330521,0.0010000000609328946,0.0012390255728304623
vit,dp_kfm,pink,0.5,42,3,blocks.1.attn.v_proj,True,0.3561573825245503,2.108277540891294,0.6874641597981732,0.8126163036975962,attention_qkv,37056.0,607.0134121939507,37056,1.0,5526346,61.04642707327858,154293184,197.91840017214685,0.9679463283712559,22929.723597607208,35168.830664803565,0.0010000000104866695,35.16883103360747,1.113818468974702,0.001000076953004836,0.0011139041806527313
vit,dp_kfm,pink,0.5,42,3,blocks.1.attn.out_proj,True,0.10932008516995642,4.57146132700104,0.3624089994204237,1.0439051281383107,attention_out,37056.0,248.87603522955777,37056,1.0,5526346,148.8934037615167,154293184,402.827742296329,0.7402351868050693,18608.061851489772,36579.73403983319,0.0011822194923568896,43.24527460712163,4.436068063995625,0.001,0.004436068063995625
vit,dp_kfm,pink,0.5,42,3,blocks.1.mlp.fc1,True,0.19167101482206386,2.6595534905382685,0.32995865547016207,1.8616839653360053,mlp_fc1,148224.0,3106.5574045421095,148224,1.0,5526346,47.71326606850436,154293184,349.16319911338496,0.8274111038222365,104226.3696991142,59416.47505733023,0.001,59.41647505733023,2.0518709583067505,0.001000012784147952,0.00205189718972866
vit,dp_kfm,pink,0.5,42,3,blocks.1.mlp.fc2,True,0.056134129520193574,4.0772442311033865,0.4219318393985234,1.7491555800764822,mlp_fc2,147648.0,852.3237447148492,147648,1.0,5526346,173.22995037454535,154293184,428.17820411680697,0.8653419135061358,83797.72824175627,31805.995854362467,0.0010011229933211832,31.8417137752805,5.764214248161886,0.001,0.005764214248161886
vit,dp_kfm,pink,0.5,42,3,blocks.2.attn.q_proj,True,0.4210958342079568,1.595548139621292,0.5337312893582444,2.4187406952652,attention_qkv,37056.0,684.6578928995932,37056,1.0,5526346,54.12338101159429,154293184,182.74667800084669,0.834233007689828,24829.29454592436,28249.707726162353,0.001,28.249707726162352,1.1821838528055437,0.001000002206935165,0.0011821864618086599
vit,dp_kfm,pink,0.5,42,3,blocks.2.attn.k_proj,True,0.4210958342079568,1.595548139621292,0.38344291576651646,1.733904144266639,attention_qkv,37056.0,685.565006096593,37056,1.0,5526346,54.05176703954895,154293184,192.72040874719275,0.8342933018539263,24827.937807327657,28249.707726162353,0.001,28.249707726162352,1.314744786307585,0.0010000041366355111,0.0013147502249275561
vit,dp_kfm,pink,0.5,42,3,blocks.2.attn.v_proj,True,0.4210958342079568,1.595548139621292,0.33981604588277975,3.2076006500293905,attention_qkv,37056.0,696.4587940673606,37056,1.0,5526346,53.206306411310806,154293184,279.77731760363116,0.8356428640724667,24792.395396859316,28249.707726162353,0.001,28.249707726162352,2.7708374261511914,0.0010007193275036856,0.0027728305657200632
vit,dp_kfm,pink,0.5,42,3,blocks.2.attn.out_proj,True,0.16840980425213237,2.044070851895276,0.3597881972830985,2.4057238790375943,attention_out,37056.0,277.6752190617946,37056,1.0,5526346,133.45087158012993,154293184,265.56661585869506,0.8626885100305226,21490.280403756242,8522.725211476145,0.0014338405859659876,12.220229311250051,8.275008956486653,0.001,0.008275008956486654
vit,dp_kfm,pink,0.5,42,3,blocks.2.mlp.fc1,True,0.23940638160335073,1.843066161437886,0.4233369419337666,1.7273794599865355,mlp_fc1,148224.0,3515.068197958665,148224,1.0,5526346,42.16817189665889,154293184,258.68806408754415,0.7329546735602451,113366.44176356046,40515.01538951341,0.0010000226684934472,40.51593380387428,1.6517213151221526,0.0010000351572710077,0.0016517793851360575
vit,dp_kfm,pink,0.5,42,3,blocks.2.mlp.fc2,True,0.19340793438538478,2.073290176024904,0.3290912375309316,2.9241265285700706,mlp_fc2,147648.0,842.636963113032,147648,1.0,5526346,175.22136633376522,154293184,294.3841274224741,0.7559040520198074,98067.23184018422,9291.856423601006,0.0010548543989196864,9.801555622565665,9.326663104497916,0.001,0.009326663104497916
vit,dp_kfm,pink,0.5,42,3,blocks.3.attn.q_proj,True,0.27016946696045474,1.927520406958423,0.42037712162050106,3.1460607131125693,attention_qkv,37056.0,853.7062731660037,37056,1.0,5526346,43.406029877906775,154293184,215.63960817716043,0.7014916645452657,28116.88389241749,41429.894775195244,0.0010000214791001413,41.430784652053966,1.122388576343666,0.001000026508094641,0.0011224183287262717
vit,dp_kfm,pink,0.5,42,3,blocks.3.attn.k_proj,True,0.27016946696045474,1.927520406958423,0.5048728171164656,1.268624494521294,attention_qkv,37056.0,854.3366596717135,37056,1.0,5526346,43.374002017236506,154293184,221.84050683507354,0.7015242438151307,28116.204946276517,41429.894775195244,0.0010000214791001413,41.430784652053966,1.1878671365177367,0.0010000237244159875,0.0011878953179718214
vit,dp_kfm,pink,0.5,42,3,blocks.3.attn.v_proj,True,0.27016946696045474,1.927520406958423,0.2564649711877488,3.6999732105552043,attention_qkv,37056.0,859.2340845410092,37056,1.0,5526346,43.126780776852904,154293184,261.49119954886055,0.7019076895459267,28107.665293113823,41429.894775195244,0.0010000214791001413,41.430784652053966,1.650442218415694,0.0010001691186745122,0.0016507213390160314
vit,dp_kfm,pink,0.5,42,3,blocks.3.attn.out_proj,True,0.01931946743007837,2.0900929975951876,0.2632220698500323,3.683426366464417,attention_out,37056.0,206.87050985923184,37056,1.0,5526346,179.12654648173543,154293184,361.70482737095875,0.714295020299659,21711.73304742701,13482.807087755122,0.001166400009592852,15.726346316496148,9.703497297849289,0.001,0.009703497297849289
vit,dp_kfm,pink,0.5,42,3,blocks.3.mlp.fc1,True,0.14853631197745612,2.2186706111175183,0.23992554028079913,3.797353547782216,mlp_fc1,148224.0,3294.5405496559606,148224,1.0,5526346,44.99079545871081,154293184,377.79413210968517,0.6639515396632524,110402.28108839883,62465.91493294835,0.001,62.46591493294835,2.2849005959444697,0.0010000024167900036,0.002284906118069389
vit,dp_kfm,pink,0.5,42,3,blocks.3.mlp.fc2,True,0.14129139899473947,1.6131413774283225,0.28591619215774194,4.600090917761011,mlp_fc2,147648.0,698.3240583255205,147648,1.0,5526346,211.43192510657363,154293184,360.5279209757456,0.730249945557092,97328.04264848462,11359.269553066315,0.0010025982982380095,11.388784323131123,11.442670780535058,0.001,0.011442670780535059
vit,dp_kfm,pink,0.5,42,3,blocks.4.attn.q_proj,True,0.28632743217112344,2.1707257237424438,0.527026442347006,9.062635789908098,attention_qkv,37056.0,816.2621328024146,37056,1.0,5526346,45.39718126183102,154293184,283.52274848566134,0.6914675634456722,27499.94526592157,45158.19318266419,0.0010000125904476645,45.15876174453208,1.7800789456678858,0.0010000342747060013,0.0017801399573504077
vit,dp_kfm,pink,0.5,42,3,blocks.4.attn.k_proj,True,0.28632743217112344,2.1707257237424438,0.6518045449660788,13.702928615681904,attention_qkv,37056.0,822.8244124729562,37056,1.0,5526346,45.03512467335541,154293184,510.8088665790063,0.6943040784872849,27402.334807849085,45158.19318266419,0.0010000125904476645,45.15876174453208,5.778036714628698,0.0010000431302855124,0.005778285923001901
vit,dp_kfm,pink,0.5,42,3,blocks.4.attn.v_proj,True,0.28632743217112344,2.1707257237424438,0.18116436612946116,7.044901204344009,attention_qkv,37056.0,819.9235659656723,37056,1.0,5526346,45.19445657883606,154293184,306.76572999670435,0.6918529923150435,27490.95682988,45158.19318266419,0.0010000125904476645,45.15876174453208,2.0839012030387662,0.001000298161733325,0.0020845225426335424
vit,dp_kfm,pink,0.5,42,3,blocks.4.attn.out_proj,True,0.15400388700665293,3.3421386332916794,0.27675105868044886,4.42263812059036,attention_out,37056.0,188.39229816454645,37056,1.0,5526346,196.6959390645279,154293184,369.45856377588615,0.7319203525555479,18710.85099374905,12797.540127178278,0.0013534334937118225,17.320619445244137,10.666083402813856,0.001,0.010666083402813855
vit,dp_kfm,pink,0.5,42,3,blocks.4.mlp.fc1,True,0.1867133969691772,2.6556441307799914,0.15961747746086036,7.666265319784417,mlp_fc1,148224.0,3212.580373303775,148224,1.0,5526346,46.13861219838319,154293184,480.3999020108228,0.6418873301473506,111066.82307130365,67370.24410830239,0.001,67.37024410830239,3.425608277164717,0.001000039117295621,0.0034257422776963766
vit,dp_kfm,pink,0.5,42,3,blocks.4.mlp.fc2,True,0.25793853748840945,2.3039196432243085,0.2649905345073584,5.871635823003335,mlp_fc2,147648.0,686.2938800354297,147648,1.0,5526346,215.1381562551275,154293184,411.29922254457847,0.7054047163289557,97177.9295224207,11545.487187159615,0.0011046000059548445,12.753145215688091,14.652222788304234,0.001,0.014652222788304234
vit,dp_kfm,pink,0.5,42,3,blocks.5.attn.q_proj,True,0.3151817455416701,2.057822152301791,0.330776200183456,4.388607408107103,attention_qkv,37056.0,838.8103564738785,37056,1.0,5526346,44.17685083881528,154293184,232.4637288361999,0.6487153565995071,28189.549123852114,47985.25997766542,0.001000025147153007,47.986466670340164,1.1261663529505253,0.0010000293386297683,0.0011261993931282119
vit,dp_kfm,pink,0.5,42,3,blocks.5.attn.k_proj,True,0.3151817455416701,2.057822152301791,0.5740411530630648,1.3798395994605206,attention_qkv,37056.0,839.3285944289165,37056,1.0,5526346,44.149574130991084,154293184,239.9384430690083,0.6487544250500413,28188.792206213042,47985.25997766542,0.001000025147153007,47.986466670340164,1.1997529343214086,0.0010000252351237292,0.0011997832102351507
vit,dp_kfm,pink,0.5,42,3,blocks.5.attn.v_proj,True,0.3151817455416701,2.057822152301791,0.26759768423212354,4.5862726905612625,attention_qkv,37056.0,843.324516376847,37056,1.0,5526346,43.940380340420695,154293184,282.3938283854208,0.6491327217277052,28180.923694828576,47985.25997766542,0.001000025147153007,47.986466670340164,1.661891054613274,0.0010002333332999244,0.0016622788291371618
vit,dp_kfm,pink,0.5,42,3,blocks.5.attn.out_proj,True,0.13785231635837505,2.949536080652364,0.24660075015202285,8.219870922526127,attention_out,37056.0,211.2984140063073,37056,1.0,5526346,175.37282603026955,154293184,388.16020008351114,0.6572233304758551,21265.518853156547,9915.026094951643,0.001728585262453489,17.138967984575178,15.19596009995234,0.001,0.01519596009995234
vit,dp_kfm,pink,0.5,42,3,blocks.5.mlp.fc1,True,0.16718329346899283,3.3733763538078403,0.14421104804120768,11.438360298741875,mlp_fc1,148224.0,3052.2950441304642,148224,1.0,5526346,48.56149155208092,154293184,767.5779026657917,0.6009264835881992,109396.93925114932,97295.90418709262,0.001,97.29590418709262,6.055505024424002,0.001000009528116057,0.006055562721978658
vit,dp_kfm,pink,0.5,42,3,blocks.5.mlp.fc2,True,0.15450671571331703,3.0852278923112535,0.22078437918823232,9.492167948019967,mlp_fc2,147648.0,633.6352335457888,147648,1.0,5526346,233.01734528518833,154293184,614.4611747999577,0.7504826310900782,89315.28469973644,17956.52793099663,0.001018130686344022,18.282092106741203,21.026477768276912,0.001,0.021026477768276913
vit,dp_kfm,pink,0.5,42,3,blocks.6.attn.q_proj,True,0.1911212439904369,2.950432591191361,0.348926446801237,13.064322070573255,attention_qkv,37056.0,699.8046341941139,37056,1.0,5526346,52.95192142114523,154293184,298.3181063912602,0.6468246026673239,27217.453899255797,62543.217338609626,0.0010000068186197808,62.54364379702852,1.4229151679078875,0.0010000135905652125,0.0014229345061292688
vit,dp_kfm,pink,0.5,42,3,blocks.6.attn.k_proj,True,0.1911212439904369,2.950432591191361,0.3807211930659956,4.091311505330992,attention_qkv,37056.0,701.4073727599801,37056,1.0,5526346,52.83092456554555,154293184,351.4885556926791,0.6472649054927667,27207.761338791603,62543.217338609626,0.0010000068186197808,62.54364379702852,1.975341372575318,0.0010000126192779347,0.0019753662999571144
vit,dp_kfm,pink,0.5,42,3,blocks.6.attn.v_proj,True,0.1911212439904369,2.950432591191361,0.17921305329454068,13.04430475456938,attention_qkv,37056.0,709.5568269645684,37056,1.0,5526346,52.22414694891011,154293184,460.25759060140444,0.6494728457865464,27154.52242945998,62543.217338609626,0.0010000068186197808,62.54364379702852,3.3870507262093996,0.0010001207538515011,0.003387459725629819
vit,dp_kfm,pink,0.5,42,3,blocks.6.attn.out_proj,True,0.05492340587473812,2.9455271624558317,0.26260769944271145,8.463262823094968,attention_out,37056.0,139.31023585512364,37056,1.0,5526346,265.9962476736926,154293184,574.585539270631,0.6915268946833096,15361.160809538553,17319.943437613925,0.001200230506799021,20.78792448985774,19.06175635781433,0.001,0.01906175635781433
vit,dp_kfm,pink,0.5,42,3,blocks.6.mlp.fc1,True,0.12323101632116433,3.1266075718679773,0.14803177016421748,11.545477445925165,mlp_fc1,148224.0,3160.730092184268,148224,1.0,5526346,46.89549429308204,154293184,874.5105314128178,0.6429538212202456,104577.49381065788,125222.3996403126,0.001,125.2223996403126,6.107283295549694,0.001000002121082735,0.0061072962496028504
vit,dp_kfm,pink,0.5,42,3,blocks.6.mlp.fc2,True,0.08483121465282482,2.408556587264172,0.29217471613551627,8.960931573028912,mlp_fc2,147648.0,596.8295328401607,147648,1.0,5526346,247.3872217706462,154293184,619.4081398906608,0.7505961479511725,86958.17500087326,15727.036105545289,0.0010080097759734463,15.853006141477008,24.395343228564798,0.001,0.0243953432285648
vit,dp_kfm,pink,0.5,42,3,blocks.7.attn.q_proj,True,0.17492414022631705,3.1184222232149614,0.23376159222306084,26.851775826850158,attention_qkv,37056.0,713.383433804077,37056,1.0,5526346,51.944015299599776,154293184,388.4098823593515,0.6549545767436651,26680.71234782881,75769.64217995513,0.0010000389407332226,75.77259270537763,1.991064394313794,0.0010000273316466276,0.0019911188133822323
vit,dp_kfm,pink,0.5,42,3,blocks.7.attn.k_proj,True,0.17492414022631705,3.1184222232149614,0.33944666437012183,4.212269091782975,attention_qkv,37056.0,712.2704881888175,37056,1.0,5526346,52.025179499191516,154293184,325.41218327244997,0.6545761136013496,26689.224775905794,75769.64217995513,0.0010000389407332226,75.77259270537763,1.3975661752584678,0.001000009866042706,0.0013975799637060372
vit,dp_kfm,pink,0.5,42,3,blocks.7.attn.v_proj,True,0.17492414022631705,3.1184222232149614,0.22510151772827008,8.601700812578063,attention_qkv,37056.0,716.3492017763803,37056,1.0,5526346,51.728961110181594,154293184,383.27284128696965,0.6552149967279044,26675.993873071977,75769.64217995513,0.0010000389407332226,75.77259270537763,1.9387457382905329,0.0010000927274076484,0.0019389255131569338
vit,dp_kfm,pink,0.5,42,3,blocks.7.attn.out_proj,True,0.10602915527855888,3.0520620097975475,0.2979807293864734,9.54606116671162,attention_out,37056.00000000001,139.13583685918078,37056,1.0000000000000002,5526346,266.32965910503947,154293184,611.4459241800149,0.6801878192141882,15728.809965723158,14733.76617723239,0.0012182991691174344,17.95013509169278,25.374782910161535,0.001,0.025374782910161535
vit,dp_kfm,pink,0.5,42,3,blocks.7.mlp.fc1,True,0.16082551289673533,3.2416822450120613,0.1538382103838508,11.760135399733638,mlp_fc1,148224.0,3787.636647724615,148224,1.0,5526346,39.13363761781218,154293184,1021.3681445961446,0.676368415010875,102191.2409159761,191878.34216603008,0.001,191.87834216603008,5.436741192464068,0.0010000020830377534,0.005436752517401227
vit,dp_kfm,pink,0.5,42,3,blocks.7.mlp.fc2,True,0.9989888204730091,0.04510437295995845,0.37414382776590216,6.341768490847369,mlp_fc2,147648.0,865.0868439979615,147648,1.0,5526346,170.67419418569716,154293184,3485.368905414478,0.818895398847147,42484.36568065753,620088.8958301985,0.0010140488719753544,628.8004453410558,19.590411130594727,0.001,0.019590411130594728
vit,dp_kfm,pink,0.5,42,3,blocks.8.attn.q_proj,True,0.26359668327530017,2.6886704970444795,0.1953476265082567,14.334664390687706,attention_qkv,37056.0,779.290713825738,37056,1.0,5526346,47.55093233189267,154293184,443.71847139828003,0.6557147299518601,25812.614787425497,118328.82115417552,0.001,118.32882115417551,1.6638894898098853,0.0010000013272438875,0.0016638916981970401
vit,dp_kfm,pink,0.5,42,3,blocks.8.attn.k_proj,True,0.26359668327530017,2.6886704970444795,0.487606991685038,1.8172725798088334,attention_qkv,37056.0,778.0622688330333,37056,1.0,5526346,47.626008205715934,154293184,363.4998116969505,0.6554493015924119,25817.911015084286,118328.82115417552,0.001,118.32882115417551,1.1166519856693078,0.0010000024596394034,0.0011166547322305315
vit,dp_kfm,pink,0.5,42,3,blocks.8.attn.v_proj,True,0.26359668327530017,2.6886704970444795,0.359831527277252,13.137611574320292,attention_qkv,37056.0,788.5028735595888,37056,1.0,5526346,46.99538992510672,154293184,583.4471327921876,0.6578631309268065,25765.95966345565,118328.82115417552,0.001,118.32882115417551,2.876818626629345,0.0010000458062093315,0.002876950402785565
vit,dp_kfm,pink,0.5,42,3,blocks.8.attn.out_proj,True,0.18469502763092993,1.407096744237905,0.3763625396333927,6.347783475182361,attention_out,37056.0,94.02425989611982,37056,1.0,5526346,394.11105220014844,154293184,325.9378859020226,0.6083692157435141,17735.43324129795,5432.972651187055,0.0010912131410900255,5.92853115215803,19.55384506547597,0.001,0.01955384506547597
vit,dp_kfm,pink,0.5,42,3,blocks.8.mlp.fc1,True,0.23506585320408865,2.641434414133267,0.0753658938474468,10.644704326367606,mlp_fc1,148224.0,4381.831520189958,148224,1.0,5526346,33.82695097176496,154293184,1005.3890768009445,0.6801613654897283,102038.60821094022,245601.9239709482,0.0010000006008566392,245.60207154249483,4.115632236945432,0.0010000004049899175,0.004115633903734992
vit,dp_kfm,pink,0.5,42,3,blocks.8.mlp.fc2,True,0.1064077763046852,1.8314448680317303,0.47038478246564075,5.266325418893641,mlp_fc2,147648.0,735.1011021048093,147648,1.0,5526346,200.85400440461947,154293184,494.0854287296648,0.8042337195370173,90317.09343844502,12666.667456147055,0.0010047687317938573,12.727071395967402,19.272662815862155,0.001,0.019272662815862155
vit,dp_kfm,pink,0.5,42,3,blocks.9.attn.q_proj,True,0.2396202526773446,2.710761287690152,0.3111116820781096,7.096086500822333,attention_qkv,37056.0,853.182182581699,37056,1.0,5526346,43.43269322370266,154293184,435.0797114149853,0.6288946260371846,26835.669625550105,113510.0497719637,0.001000040359250312,113.51463095247539,1.6676440162367143,0.0010000054716060372,0.0016676531409277814
vit,dp_kfm,pink,0.5,42,3,blocks.9.attn.k_proj,True,0.2396202526773446,2.710761287690152,0.46384619827985496,1.689442856158988,attention_qkv,37056.0,851.2455243144383,37056,1.0,5526346,43.53150641214065,154293184,353.5520880288019,0.6285589379333054,26842.26749325451,113510.0497719637,0.001000040359250312,113.51463095247539,1.1012159645832496,0.001000001322946713,0.0011012174214332902
vit,dp_kfm,pink,0.5,42,3,blocks.9.attn.v_proj,True,0.2396202526773446,2.710761287690152,0.49042984419183966,8.900617789097675,attention_qkv,37056.0,862.4310085313565,37056,1.0,5526346,42.96691518908055,154293184,576.139585097909,0.6310464498209768,26788.779132929565,113510.0497719637,0.001000040359250312,113.51463095247539,2.9242945640816487,0.0010000216166833617,0.002924357777631297
vit,dp_kfm,pink,0.5,42,3,blocks.9.attn.out_proj,True,0.22555571410679945,1.3148635745788628,0.4818728171740587,5.341803919868793,attention_out,37056.0,78.31311888406086,37056,1.0,5526346,473.177425800903,154293184,269.9006080561817,0.5509517533037388,18587.681217496414,3819.016067689099,0.0010395839955798473,3.9701879828318702,19.074635177739953,0.001,0.019074635177739954
vit,dp_kfm,pink,0.5,42,3,blocks.9.mlp.fc1,True,0.24153602145156433,2.4578364463947633,0.03987779891495484,8.74891921519575,mlp_fc1,148224.0,4708.8085529542495,148224,1.0,5526346,31.47802641222397,154293184,911.4779500612026,0.6459877094671296,106248.67763876707,231080.44924438198,0.001000007370889799,231.08215251290804,3.595250295576316,0.0010000034960219145,0.003595262864650137
vit,dp_kfm,pink,0.5,42,3,blocks.9.mlp.fc2,True,0.13157575782154043,2.2633671152217687,0.6042447202588695,4.803974422422908,mlp_fc2,147648.0,760.2055862106148,147648,1.0,5526346,194.22114580343816,154293184,494.0881969333531,0.7986624501713978,93209.80848819157,13603.473475479524,0.0010339737904491815,14.065635032716465,17.945647983868806,0.001,0.017945647983868808
vit,dp_kfm,pink,0.5,42,3,blocks.10.attn.q_proj,True,0.2331714313819891,2.322754343841606,0.27994422087503695,7.241656756431354,attention_qkv,37056.0,927.7672496481565,37056,1.0,5526346,39.94105204085723,154293184,377.84240631956413,0.6022388815374307,28095.679541784462,103120.50747220109,0.001,103.1205074722011,1.384447065990678,0.001000016366151234,0.0013844697240607353
vit,dp_kfm,pink,0.5,42,3,blocks.10.attn.k_proj,True,0.2331714313819891,2.322754343841606,0.5261511322537002,2.5885842211917898,attention_qkv,37056.0,926.5401900727808,37056,1.0,5526346,39.9939478039147,154293184,340.4696633897481,0.6021135702214939,28098.024685100383,103120.50747220109,0.001,103.1205074722011,1.1241177388501278,0.001000000654681842,0.0011241184747895997
vit,dp_kfm,pink,0.5,42,3,blocks.10.attn.v_proj,True,0.2331714313819891,2.322754343841606,0.5292253544751109,4.508209255536691,attention_qkv,37056.0,935.0721834070844,37056,1.0,5526346,39.62902614104139,154293184,477.99612221043236,0.6035578480781891,28068.823626113317,103120.50747220109,0.001,103.1205074722011,2.21566299903832,0.0010000061616228014,0.0022156766511179753
vit,dp_kfm,pink,0.5,42,3,blocks.10.attn.out_proj,True,0.3845581052173062,1.7248621196348892,0.6131867201627405,4.708305209788963,attention_out,37056.0,82.28885761221194,37056,1.0,5526346,450.3161311902909,154293184,299.0010886706141,0.5778113707501691,17746.261448065296,5122.148994809378,0.0010237176449290366,5.243634305941888,17.45393410398823,0.001,0.017453934103988232
vit,dp_kfm,pink,0.5,42,3,blocks.10.mlp.fc1,True,0.2941820607789068,2.149289903169206,0.04507358897063778,8.29970117618297,mlp_fc1,148224.0,4749.8320613724545,148224,1.0,5526346,31.206155940842038,154293184,754.8192406442771,0.6169617162689506,110459.35988570651,200516.76010713278,0.001,200.5167601071328,2.8414187708917398,0.00100000099327365,0.0028414215931981336
vit,dp_kfm,pink,0.5,42,3,blocks.10.mlp.fc2,True,0.22590043793136058,3.0166013024303004,0.7042739434315074,4.692790336209223,mlp_fc2,147648.0,726.9752376115991,147648,1.0,5526346,203.09907732907382,154293184,500.1622995116255,0.7842290581946707,93210.78711068438,14067.406889090149,0.0010196409208832178,14.343703714830802,17.783115809834726,0.001,0.017783115809834726
vit,dp_kfm,pink,0.5,42,3,blocks.11.attn.q_proj,True,0.34088782523312466,2.318567050761873,0.24282187824516357,5.156175402614451,attention_qkv,37056.0,962.0910068614352,37056,1.0,5526346,38.51610682952468,154293184,409.00880201908126,0.600808578690934,28052.289007682015,123060.13483362827,0.001,123.06013483362827,1.3594020545747825,0.0010000089630969485,0.0013594142390271895
vit,dp_kfm,pink,0.5,42,3,blocks.11.attn.k_proj,True,0.34088782523312466,2.318567050761873,0.4523994853738531,1.7620125814779142,attention_qkv,37056.0,961.0359333216722,37056,1.0,5526346,38.55839174704078,154293184,368.52898364212473,0.6007084158225171,28054.15742502361,123060.13483362827,0.001,123.06013483362827,1.103636136657182,0.0010000001900533533,0.0011036363464069306
vit,dp_kfm,pink,0.5,42,3,blocks.11.attn.v_proj,True,0.34088782523312466,2.318567050761873,0.6675551046329748,15.340640468028395,attention_qkv,37056.0,971.3050011926117,37056,1.0,5526346,38.15073530405072,154293184,567.2730970824839,0.6026623222087014,28013.176526241343,123060.13483362827,0.001,123.06013483362827,2.614971673065453,0.0010000007438911052,0.002614973618319621
vit,dp_kfm,pink,0.5,42,3,blocks.11.attn.out_proj,True,0.4195184967376746,1.6333670554445925,0.7109405990320894,4.774213209065714,attention_out,37056.0,86.40481408354393,37056,1.0,5526346,428.86499314923515,154293184,340.6149824602763,0.5577894322166045,17413.823255609124,6586.938438677672,0.0010470138590143248,6.896615833769701,17.613428052578712,0.001,0.017613428052578713
vit,dp_kfm,pink,0.5,42,3,blocks.11.mlp.fc1,True,0.503419647949342,1.5750137686924648,0.15277599769325217,10.585812819543733,mlp_fc1,148224.0,3979.0889891492116,148224,1.0,5526346,37.25073764477243,154293184,676.9633530887392,0.6117327431288138,108022.51864520354,184426.9158718419,0.0010000449871012227,184.4352127041744,2.4848833981673635,0.0010000000006967105,0.002484883399898608
vit,dp_kfm,pink,0.5,42,3,blocks.11.mlp.fc2,True,0.8709319720159521,0.49423518019071744,0.7827456070955756,4.53662722048759,mlp_fc2,147648.0,541.2084068385136,147648,1.0,5526346,272.8117267477247,154293184,670.4873379926743,0.7590727753875463,82659.11310637345,28307.33481863355,0.0010011306751236142,28.339341217928794,15.881158480260046,0.0010000000027648671,0.01588115852416934
vit,dp_kfm,pink,0.5,42,3,head,True,0.05707639810415379,3.3798869560170295,0.7807633608931462,4.740707581416179,patch_head,1930.0,520.3623075793718,1930,1.0,5526346,3.7089542649197624,154293184,30076.45354602718,1.152823732756236,457.6045482286959,2684338.496554099,0.0010001370264963688,2684.7063220533496,336.98919084443423,0.0010000043946780323,0.33699067180342834
vit,dp_kfm,pink,0.5,42,3,identity,True,,,,,identity,47616.0,47616.0,47616,1.0,5526346,1.0,154293184,,,,,,,,,
vit,dp_kfm,pink,0.5,42,4,patch_embed,True,0.6222148527171212,0.8482354594294865,0.4501361257199893,0.9734445013189427,patch_head,147648.0,1545.3579810799224,147648,1.0,5526346,95.54291096799531,154293184,52.37000688747959,0.5250286748366203,108824.2867141188,1490.14866316982,0.017652418979770608,26.30472854441873,1.840499333509858,0.001,0.0018404993335098582
vit,dp_kfm,pink,0.5,42,4,blocks.0.attn.q_proj,True,0.3288682784748085,1.5699440516366232,0.24886517206683847,0.9739860439938387,attention_qkv,37056.0,707.7791911022108,37056,1.0,5526346,52.35531146697519,154293184,111.44975905748161,1.3384121595023422,24041.507662841777,11090.595679841164,0.001,11.090595679841165,1.1199622772785631,0.001000000008637352,0.0011199622869520714
vit,dp_kfm,pink,0.5,42,4,blocks.0.attn.k_proj,True,0.3288682784748085,1.5699440516366232,0.3718997678861891,0.958371105521888,attention_qkv,37056.0,708.7941473441992,37056,1.0,5526346,52.2803413922733,154293184,123.95422856199754,1.33846684246902,24039.55936829155,11090.595679841164,0.001,11.090595679841165,1.385376513754577,0.001000000046989245,0.0013853765788523734
vit,dp_kfm,pink,0.5,42,4,blocks.0.attn.v_proj,True,0.3288682784748085,1.5699440516366232,0.2838930734175479,1.1090786365608385,attention_qkv,37056.0,725.0042124761967,37056,1.0,5526346,51.111427164592676,154293184,183.7177823782698,1.3395885737496718,23992.69194208103,11090.595679841164,0.001,11.090595679841165,3.043319271239783,0.001000065405391881,0.003043518320729337
vit,dp_kfm,pink,0.5,42,4,blocks.0.attn.out_proj,True,0.10911607330884623,3.5235472254209954,0.5030235766225707,0.9491511111247459,attention_out,37056.0,372.84360442553725,37056,1.0,5526346,99.38751680371298,154293184,149.66498641987667,1.162348183583135,19300.392361362596,8189.91167314881,0.0010031419076797692,8.215643619531308,2.7350243878087874,0.001,0.0027350243878087876
vit,dp_kfm,pink,0.5,42,4,blocks.0.mlp.fc1,True,0.36814671651795283,1.8170022995569255,0.4200612948056316,0.91803449983671,mlp_fc1,148224.0,5193.765249553708,148224,1.0,5526346,28.538833173628067,154293184,250.38369013489037,1.467643291857337,97920.0605874845,42259.9404335284,0.001,42.2599404335284,1.4834851077032263,0.0010000268338834703,0.0014835249153697363
vit,dp_kfm,pink,0.5,42,4,blocks.0.mlp.fc2,True,0.13163312733332524,7.718115412505148,0.39768293731938,0.9207975030034573,mlp_fc2,147648.0,2438.744999387111,147648,1.0,5526346,60.54261517178135,154293184,592.3877149161663,1.0082589385500829,90170.99604924767,118367.59958289617,0.0010616527136582722,125.66528330639748,2.9646897125580014,0.0010000000037202162,0.002964689723587288
vit,dp_kfm,pink,0.5,42,4,blocks.1.attn.q_proj,True,0.34840351981112355,2.0999015910176513,0.4453334892848537,1.3344779960927207,attention_qkv,37056.0,606.7099125320893,37056,1.0,5526346,61.07696484691946,154293184,198.64718515920146,0.9634015175808567,22980.58613812951,35535.08738426469,0.0010000000010650118,35.53508742210998,1.1104715670165393,0.0010000000367886902,0.0011104716078693337
vit,dp_kfm,pink,0.5,42,4,blocks.1.attn.k_proj,True,0.34840351981112355,2.0999015910176513,0.5109390647706483,0.9151650874171948,attention_qkv,37056.0,606.8380010250663,37056,1.0,5526346,61.06407301026843,154293184,203.862675057855,0.963408279003368,22980.424372568137,35535.08738426469,0.0010000000010650118,35.53508742210998,1.1695479972323855,0.0010000000650503722,0.001169548073311918
vit,dp_kfm,pink,0.5,42,4,blocks.1.attn.v_proj,True,0.34840351981112355,2.0999015910176513,0.7393736694514926,0.8677612592927557,attention_qkv,37056.0,608.051985439043,37056,1.0,5526346,60.9421577223266,154293184,194.7377877622263,0.9634019055907654,22980.582039618726,35535.08738426469,0.0010000000010650118,35.53508742210998,1.0671932665436055,0.001000066209477804,0.0010672639248524992
vit,dp_kfm,pink,0.5,42,4,blocks.1.attn.out_proj,True,0.09286994792202379,4.685665976433833,0.3919462988386347,0.9305129961958211,attention_out,37056.0,247.42187704339167,37056,1.0,5526346,149.76848629073044,154293184,342.59713709795665,0.7383191549669879,18614.878575560546,36717.58623508931,0.0011867948460171315,43.57624210199356,3.1966370990789232,0.001,0.0031966370990789235
vit,dp_kfm,pink,0.5,42,4,blocks.1.mlp.fc1,True,0.18327842801323266,2.720125906504688,0.3317371998956971,1.4076245238456275,mlp_fc1,148224.0,3108.8170099003173,148224,1.0,5526346,47.678586268656815,154293184,350.10906358554683,0.8232306421239995,104294.26731591424,60634.40488697447,0.001,60.63440488697447,2.0215644341399384,0.0010000092838928932,0.0020215832021276215
vit,dp_kfm,pink,0.5,42,4,blocks.1.mlp.fc2,True,0.057094853232725916,4.3344605358140775,0.4498904898538681,1.2062890878062291,mlp_fc2,147648.0,847.6933411737019,147648,1.0,5526346,174.17619418310997,154293184,365.4156714736143,0.8624597405126517,83811.23805576468,32942.424288524766,0.0010008140441643526,32.96924087677647,4.053393635787335,0.001000000003911484,0.004053393651642119
vit,dp_kfm,pink,0.5,42,4,blocks.2.attn.q_proj,True,0.42325664499132903,1.601452907774911,0.4952230540124911,1.873208268595591,attention_qkv,37056.0,688.3361916966298,37056,1.0,5526346,53.83415901561613,154293184,182.02080540261514,0.8300874705012893,24918.09078685433,28376.202008120606,0.0010000195959179304,28.376758065846335,1.1675830891651817,0.0010000020298999515,0.0011675854592420377
vit,dp_kfm,pink,0.5,42,4,blocks.2.attn.k_proj,True,0.42325664499132903,1.601452907774911,0.38437757230977104,1.3495235414098394,attention_qkv,37056.0,689.1438200565196,37056,1.0,5526346,53.771069146293556,154293184,192.3049050130987,0.830138843337722,24916.936500580858,28376.202008120606,0.0010000195959179304,28.376758065846335,1.3032461666826929,0.001000003677817012,0.0013032509597836154
vit,dp_kfm,pink,0.5,42,4,blocks.2.attn.v_proj,True,0.42325664499132903,1.601452907774911,0.3645383237169337,2.2161116466591273,attention_qkv,37056.0,698.9956439102561,37056,1.0,5526346,53.013205908844846,154293184,250.67106963915685,0.8312474115326195,24889.341360475257,28376.202008120606,0.0010000195959179304,28.376758065846335,2.214390253355852,0.00100068763288155,0.0022159129409066434
vit,dp_kfm,pink,0.5,42,4,blocks.2.attn.out_proj,True,0.17524246002170937,1.9732855405643992,0.38861450318731544,1.5714907104550482,attention_out,37056.0,275.63621403335816,37056,1.0,5526346,134.43806768988415,154293184,212.17522548961682,0.8583478450391632,21698.108250257286,8017.634571132899,0.0014574190007660486,11.685052965167836,5.614913714533215,0.001,0.005614913714533216
vit,dp_kfm,pink,0.5,42,4,blocks.2.mlp.fc1,True,0.2372808466179221,1.9008980907993132,0.4310657488495585,1.197084693925045,mlp_fc1,148224.0,3534.961676949411,148224,1.0,5526346,41.93086475775144,154293184,249.2347438448759,0.7295663552053284,113493.7291323953,42102.490444522635,0.0010000313593827104,42.10381075263354,1.4753986494284024,0.0010000341214512277,0.0014754489921714603
vit,dp_kfm,pink,0.5,42,4,blocks.2.mlp.fc2,True,0.1880555694980361,2.06411573001474,0.3576314893973972,1.9079565320816967,mlp_fc2,147648.0,839.489220892959,147648,1.0,5526346,175.8783749992023,154293184,242.122041516947,0.7506768893019564,98797.38943846394,9562.731292809078,0.001037598069498557,9.922271528552137,6.130370204213228,0.001,0.0061303702042132275
vit,dp_kfm,pink,0.5,42,4,blocks.3.attn.q_proj,True,0.2649920554411034,1.9645572329788759,0.3928198158288978,2.8762622657859094,attention_qkv,37056.0,860.058633786949,37056,1.0,5526346,43.08543457884686,154293184,221.66405428612023,0.6989463717097143,28165.42908408475,43025.89388073931,0.001,43.02589388073931,1.1419856400602404,0.0010000228326819587,0.0011420117146551613
vit,dp_kfm,pink,0.5,42,4,blocks.3.attn.k_proj,True,0.2649920554411034,1.9645572329788759,0.5127913691648442,0.9188007067057656,attention_qkv,37056.0,860.3956011596898,37056,1.0,5526346,43.06856049711764,154293184,220.92154652575547,0.6989545642256246,28165.2640164686,43025.89388073931,0.001,43.02589388073931,1.1343478384113215,0.0010000193895482532,0.0011343698329034702
vit,dp_kfm,pink,0.5,42,4,blocks.3.attn.v_proj,True,0.2649920554411034,1.9645572329788759,0.28403612589014143,2.2905849859850673,attention_qkv,37056.0,864.437693632304,37056,1.0,5526346,42.86717281414858,154293184,240.6496385397944,0.6991706851198934,28160.68649442342,43025.89388073931,0.001,43.02589388073931,1.3459859472032567,0.0010001358449674986,0.001346168792620508
vit,dp_kfm,pink,0.5,42,4,blocks.3.attn.out_proj,True,0.020360801050586474,2.0533235546143636,0.29602904738623587,2.563536512280076,attention_out,37056.0,205.38718208848252,37056,1.0,5526346,180.42021718782803,154293184,305.8772160298575,0.7085388745858308,21807.514675491206,13833.442557069431,0.0011599224938464608,16.045721189277735,6.763383076930682,0.001,0.006763383076930683
vit,dp_kfm,pink,0.5,42,4,blocks.3.mlp.fc1,True,0.14796922789856432,2.238310489684383,0.2459503161875322,2.8208941993055268,mlp_fc1,148224.0,3331.280312237019,148224,1.0,5526346,44.49460450851844,154293184,365.24078378012297,0.6614705159653207,110722.23561175715,63651.09485297575,0.001,63.65109485297575,2.095813598249236,0.0010000013881430105,0.002095816507538234
vit,dp_kfm,pink,0.5,42,4,blocks.3.mlp.fc2,True,0.144547677106177,1.6145449424946239,0.3126690246870787,3.2306662346211836,mlp_fc2,147648.0,701.8039538549879,147648,1.0,5526346,210.3835397178571,154293184,311.42997603159046,0.7278429288739277,97919.04205569427,11650.526122690175,0.001001515651204383,11.668184256639726,8.324828333902039,0.001,0.008324828333902039
vit,dp_kfm,pink,0.5,42,4,blocks.4.attn.q_proj,True,0.2816609271472198,2.232105774526393,0.522425231750352,7.864947092703048,attention_qkv,37056.0,820.2531502294116,37056,1.0,5526346,45.17629708540105,154293184,293.4176996301005,0.6862625584038329,27575.1298923538,47708.937020557256,0.001,47.70893702055726,1.8045664362449105,0.0010000300020190458,0.0018046205768815
vit,dp_kfm,pink,0.5,42,4,blocks.4.attn.k_proj,True,0.2816609271472198,2.232105774526393,0.6700365473014329,6.266058451239846,attention_qkv,37056.0,824.4866943056255,37056,1.0,5526346,44.94432748997629,154293184,429.9773018826194,0.6878259403336919,27527.740216254148,47708.937020557256,0.001,47.70893702055726,3.875175002423429,0.0010000374106190295,0.0038753199751191173
vit,dp_kfm,pink,0.5,42,4,blocks.4.attn.v_proj,True,0.2816609271472198,2.232105774526393,0.19086599884863756,3.5846130603175346,attention_qkv,37056.0,822.8818889484401,37056,1.0,5526346,45.03197906974697,154293184,273.1740472446439,0.6863121428314345,27574.66379912693,47708.937020557256,0.001,47.70893702055726,1.564152646198431,0.001000272203622285,0.001564578414214533
vit,dp_kfm,pink,0.5,42,4,blocks.4.attn.out_proj,True,0.1805005597362501,3.31218455263729,0.28916440049743247,3.2735595908752995,attention_out,37056.0,186.6994102146794,37056,1.0,5526346,198.47947006040644,154293184,324.7510402658677,0.7276656622381402,18549.00772117511,13519.062971571417,0.0013518706989192539,18.276025108111657,7.801076034303322,0.001,0.007801076034303322
vit,dp_kfm,pink,0.5,42,4,blocks.4.mlp.fc1,True,0.1888010593517284,2.678260587167562,0.16782527910067216,6.1747314119960865,mlp_fc1,148224.0,3235.608983931208,148224,1.0,5526346,45.81023255162014,154293184,437.07049162773154,0.6382783992197547,111297.40430380988,69181.535415752,0.0010000018441389692,69.18166299611741,2.7612948094270116,0.0010000452521460187,0.002761419763942928
vit,dp_kfm,pink,0.5,42,4,blocks.4.mlp.fc2,True,0.26244465588568033,2.373685872959183,0.2651634895319515,4.240211692379978,mlp_fc2,147648.0,698.6926415877268,147648,1.0,5526346,211.32038783817868,154293184,366.4731124968267,0.7094562330160205,96771.4987276052,12579.770287310972,0.0010867418206772768,13.670962465734235,10.676072703694816,0.001,0.010676072703694816
vit,dp_kfm,pink,0.5,42,4,blocks.5.attn.q_proj,True,0.30861094026356156,2.0961893565409495,0.23599254967079786,4.382825753177346,attention_qkv,37056.0,850.2841466342246,37056,1.0,5526346,43.58072551003442,154293184,241.09937634165408,0.6475558615747575,28221.497581621512,49669.55648697185,0.0010000668944411758,49.6728791041965,1.1703126297812134,0.0010000287774495139,0.0011703463083938324
vit,dp_kfm,pink,0.5,42,4,blocks.5.attn.k_proj,True,0.30861094026356156,2.0961893565409495,0.5580243855423882,0.9508358559929793,attention_qkv,37056.0,850.6196192624369,37056,1.0,5526346,43.563537873874644,154293184,239.4252712254148,0.6475664292002067,28221.302250078057,49669.55648697185,0.0010000668944411758,49.6728791041965,1.1541166170146786,0.0010000247740390349,0.0011541452091447992
vit,dp_kfm,pink,0.5,42,4,blocks.5.attn.v_proj,True,0.30861094026356156,2.0961893565409495,0.24574021556117204,3.7076537735153625,attention_qkv,37056.0,854.6152370764003,37056,1.0,5526346,43.35986347115327,154293184,276.78968838085643,0.6479020979103705,28214.483387352328,49669.55648697185,0.0010000668944411758,49.6728791041965,1.5424444471145375,0.0010002350406407322,0.0015428069842456811
vit,dp_kfm,pink,0.5,42,4,blocks.5.attn.out_proj,True,0.11271034527036214,3.120454114990868,0.2515134061338521,6.591833917874729,attention_out,37056.0,215.04785832358476,37056,1.0,5526346,172.31513156593007,154293184,349.5963618628634,0.6556406227775051,21112.29733337218,11577.12214076267,0.0016487478098714294,19.087754774196487,10.556821871769484,0.001,0.010556821871769484
vit,dp_kfm,pink,0.5,42,4,blocks.5.mlp.fc1,True,0.15426922900120704,3.3546323341627606,0.14765732602667297,8.396967750273463,mlp_fc1,148224.0,3074.632459730188,148224,1.0,5526346,48.20868898684797,154293184,649.8030272951613,0.5988894856902867,109649.30232420952,98777.05770088642,0.0010000030132764242,98.77735534346564,4.274717065986942,0.001000015640686156,0.0042747839254949765
vit,dp_kfm,pink,0.5,42,4,blocks.5.mlp.fc2,True,0.13719868875576605,3.0252017492339016,0.24192492014153344,7.4341210015508175,mlp_fc2,147648.0,643.3365653688434,147648,1.0,5526346,229.50351021218444,154293184,509.32207399811944,0.7514069709599708,89457.98030095152,18322.189553304466,0.0010282358916147202,18.839532911675928,14.158186405999746,0.001,0.014158186405999747
vit,dp_kfm,pink,0.5,42,4,blocks.6.attn.q_proj,True,0.18322706076972028,3.0370436891050545,0.3352326996491786,7.300724709372752,attention_qkv,37056.0,709.1322386064493,37056,1.0,5526346,52.25541582035612,154293184,288.6407012760229,0.6472537512333149,27205.379755037804,66215.50932202883,0.001,66.21550932202882,1.2582166215460533,0.0010000115382913686,0.0012582311392160374
vit,dp_kfm,pink,0.5,42,4,blocks.6.attn.k_proj,True,0.18322706076972028,3.0370436891050545,0.3781275478324263,2.8756626890590677,attention_qkv,37056.0,710.4790907204423,37056,1.0,5526346,52.15635545646298,154293184,347.50503974880286,0.647624671657953,27197.41881107846,66215.50932202883,0.001,66.21550932202882,1.8237381829009394,0.0010000118660500519,0.001823759823469499
vit,dp_kfm,pink,0.5,42,4,blocks.6.attn.v_proj,True,0.18322706076972028,3.0370436891050545,0.1766584353517905,7.872900103567341,attention_qkv,37056.0,717.5478605425533,37056,1.0,5526346,51.64254823640776,154293184,387.1821423707674,0.6490646061271889,27166.45308793701,66215.50932202883,0.001,66.21550932202882,2.2639712796250375,0.001000122300954811,0.0022642481654742003
vit,dp_kfm,pink,0.5,42,4,blocks.6.attn.out_proj,True,0.046732118884446075,2.6442164030412014,0.26220031701204766,6.817358266471901,attention_out,37056.0,141.12069628197585,37056,1.0,5526346,262.58373843307663,154293184,476.4139085111899,0.6937024507532248,15623.099258714376,17055.312716690823,0.0012120892949943906,20.672561966682647,13.307889218635598,0.001,0.013307889218635599
vit,dp_kfm,pink,0.5,42,4,blocks.6.mlp.fc1,True,0.11548390121229782,2.9452329183921173,0.1624368652280561,8.91207361423556,mlp_fc1,148224.0,3217.8613554275958,148224,1.0,5526346,46.06289197326331,154293184,728.8479804716479,0.6407351797469562,105848.80410900824,120070.50274668884,0.0010000485489064983,120.0763320382999,4.4242288196153075,0.0010000041291309137,0.0044242470878352955
vit,dp_kfm,pink,0.5,42,4,blocks.6.mlp.fc2,True,0.09550988775252424,2.048956331530554,0.2964686131805421,7.457049301076258,mlp_fc2,147648.0,607.8776465466802,147648,1.0,5526346,242.8909844584354,154293184,484.1999758127656,0.7491349004572643,89093.0103000681,13408.128449314168,0.0010205263139228783,13.683347902983066,17.485633245784946,0.001,0.017485633245784945
vit,dp_kfm,pink,0.5,42,4,blocks.7.attn.q_proj,True,0.18336980933086866,2.9768228274450403,0.23386941324253777,14.885518699440278,attention_qkv,37056.0,723.256560662063,37056,1.0,5526346,51.23493102652156,154293184,338.37174139549404,0.649866368374724,26921.030932496335,73541.20014689976,0.001,73.54120014689977,1.5568883176547643,0.0010000242746350113,0.0015569261105504288
vit,dp_kfm,pink,0.5,42,4,blocks.7.attn.k_proj,True,0.18336980933086866,2.9768228274450403,0.3441799849946441,2.3118373821758564,attention_qkv,37056.0,722.635602123084,37056,1.0,5526346,51.278957044367125,154293184,304.6200504316065,0.6497177654026393,26924.098346050414,73541.20014689976,0.001,73.54120014689977,1.261787609388998,0.0010000088031043306,0.0012617987170369664
vit,dp_kfm,pink,0.5,42,4,blocks.7.attn.v_proj,True,0.18336980933086866,2.9768228274450403,0.23104979139816223,6.314863711734842,attention_qkv,37056.0,727.1230468220729,37056,1.0,5526346,50.962488621362056,154293184,352.79661641329363,0.650354633690652,26911.402538303522,73541.20014689976,0.001,73.54120014689977,1.6924588163376022,0.0010000952864943902,0.0016926200848051108
vit,dp_kfm,pink,0.5,42,4,blocks.7.attn.out_proj,True,0.09814569331499977,2.8543648004478532,0.30311060292805925,7.997885432629249,attention_out,37056.0,139.85594841018084,37056,1.0,5526346,264.95834050132186,154293184,504.15429003356365,0.6797479617612382,16105.277185545661,13999.959163035734,0.0012447191190902414,17.426016836713192,18.15516354007224,0.001,0.018155163540072242
vit,dp_kfm,pink,0.5,42,4,blocks.7.mlp.fc1,True,0.15938036769338418,3.06569229591467,0.1583210950329079,10.87026387977467,mlp_fc1,148224.0,3850.2006279627317,148224,1.0,5526346,38.497734098191714,154293184,961.9820567844536,0.6716110510106327,103608.69314391832,182206.1828420762,0.001,182.2061828420762,5.078913696234606,0.0010000045296953452,0.005078936702166335
vit,dp_kfm,pink,0.5,42,4,blocks.7.mlp.fc2,True,0.9989670400918043,0.055342799551591874,0.34311035701313525,5.944191309615496,mlp_fc2,147648.0,891.9364679952978,147648,1.0,5526346,165.53645388202514,154293184,3101.048052884402,0.8151620925618571,44203.12107868927,609176.5193776588,0.001030502500232429,627.7579263015662,15.78606318595874,0.001,0.01578606318595874
vit,dp_kfm,pink,0.5,42,4,blocks.8.attn.q_proj,True,0.26920284703309394,2.570221705547801,0.16697680688366578,11.897292290880673,attention_qkv,37056.0,782.3749815988258,37056,1.0,5526346,47.36347770767676,154293184,425.3030962308073,0.6483546332045168,26047.824564102084,114916.00046781673,0.001,114.91600046781673,1.5740429785856422,0.0010000013227919595,0.0015740450607170382
vit,dp_kfm,pink,0.5,42,4,blocks.8.attn.k_proj,True,0.26920284703309394,2.570221705547801,0.45452601632149464,1.5047506450807098,attention_qkv,37056.0,781.1008112270885,37056,1.0,5526346,47.44073936088482,154293184,355.1638661637498,0.6481130069401155,26052.514408239378,114916.00046781673,0.001,114.91600046781673,1.0976832757393868,0.0010000026719725885,0.0010976862087190105
vit,dp_kfm,pink,0.5,42,4,blocks.8.attn.v_proj,True,0.26920284703309394,2.570221705547801,0.30445728313133674,11.714216077485567,attention_qkv,37056.0,791.3718379619677,37056,1.0,5526346,46.825017295827585,154293184,555.9747525790744,0.6504804677108064,26002.21701997088,114916.00046781673,0.001,114.91600046781673,2.689859760581657,0.0010000488328837825,0.002689991114190737
vit,dp_kfm,pink,0.5,42,4,blocks.8.attn.out_proj,True,0.16777933649929147,1.4401035420635744,0.3469525592387628,5.953165528344947,attention_out,37056.0,97.26931427742115,37056,1.0,5526346,380.96289950510845,154293184,300.13823688239904,0.6140764608933615,17559.92028083462,5761.141134674241,0.0011047821250472678,6.364805745462635,15.636305227222792,0.001,0.015636305227222792
vit,dp_kfm,pink,0.5,42,4,blocks.8.mlp.fc1,True,0.23749207864678998,2.5412867730712154,0.06795915126677307,10.022442785929112,mlp_fc1,148224.0,4381.619674611698,148224,1.0,5526346,33.82858646058451,154293184,941.8423004201162,0.6725505821864003,102893.27652401345,239049.87330615206,0.0010000004991701312,239.0499926327087,3.7108027148986875,0.0010000011758174979,0.003710807078125451
vit,dp_kfm,pink,0.5,42,4,blocks.8.mlp.fc2,True,0.10158267014448984,1.9733209267132126,0.4441238326454713,4.9897296395036355,mlp_fc2,147648.0,733.7941683391364,147648,1.0,5526346,201.21173807388692,154293184,477.7905807985912,0.7979170690278108,90330.66357118935,14481.101688636729,0.0010078398056841147,14.594630711967545,15.764259101846418,0.001,0.01576425910184642
vit,dp_kfm,pink,0.5,42,4,blocks.9.attn.q_proj,True,0.24701960692354655,2.598286954754732,0.29658559787801714,7.407756210505121,attention_qkv,37056.0,851.477055935796,37056,1.0,5526346,43.51966942817322,154293184,451.9545778786723,0.6247600401004726,27015.204178958116,110508.32061896077,0.0010000564449254227,110.5145582528767,1.8483942143125995,0.0010000047525185395,0.0018484029988403714
vit,dp_kfm,pink,0.5,42,4,blocks.9.attn.k_proj,True,0.24701960692354655,2.598286954754732,0.3964940680419365,1.527793123389183,attention_qkv,37056.0,849.4173937714859,37056,1.0,5526346,43.62519565966055,154293184,350.31726179589685,0.624338099038872,27023.84722244111,110508.32061896077,0.0010000564449254227,110.5145582528767,1.1105243770315565,0.0010000009508357634,0.0011105254329578504
vit,dp_kfm,pink,0.5,42,4,blocks.9.attn.v_proj,True,0.24701960692354655,2.598286954754732,0.4291227996329823,8.738020501026929,attention_qkv,37056.0,860.4219234428024,37056,1.0,5526346,43.06724293091928,154293184,527.4424575351078,0.6266848560721473,26975.041835559194,110508.32061896077,0.0010000564449254227,110.5145582528767,2.5174171904205176,0.0010000271085564203,0.0025174854339664572
vit,dp_kfm,pink,0.5,42,4,blocks.9.attn.out_proj,True,0.18359989697314436,1.212715753915811,0.4573516566864901,5.138281132718257,attention_out,37056.0,76.65848041892114,37056,1.0,5526346,483.3907455182701,154293184,232.8149938221784,0.5409705771661063,18976.31971066265,3469.622916251902,0.001052248597201898,3.6509058464456223,15.62210725970595,0.001,0.01562210725970595
vit,dp_kfm,pink,0.5,42,4,blocks.9.mlp.fc1,True,0.24935050654790558,2.323954448774797,0.03779143643194608,8.041320204344602,mlp_fc1,148224.0,4705.234900917902,148224,1.0,5526346,31.50193414808776,154293184,894.7841378170667,0.6418064568763987,107081.01328541023,222124.99163211975,0.001,222.12499163211976,3.604451022850404,0.0010000043466158392,0.0036044666900143115
vit,dp_kfm,pink,0.5,42,4,blocks.9.mlp.fc2,True,0.13020042567741197,2.229442492357487,0.5581373598561252,5.009919473771508,mlp_fc2,147648.0,755.7955093008069,147648,1.0,5526346,195.35442878800706,154293184,477.4474123455544,0.7840044235429312,93855.28373424745,14200.05772730434,0.0010256131963203897,14.563766593634654,16.053176397807487,0.001,0.016053176397807487
vit,dp_kfm,pink,0.5,42,4,blocks.10.attn.q_proj,True,0.24289556725381245,2.2140403833950586,0.26604581450411485,5.959313547236349,attention_qkv,37056.0,927.8243925989202,37056,1.0,5526346,39.93859214695012,154293184,365.13339378129,0.5980552156435008,28261.606008617364,100087.93164940625,0.0010000857898072497,100.09651817377048,1.332052656670456,0.0010000163097012287,0.0013320743820513072
vit,dp_kfm,pink,0.5,42,4,blocks.10.attn.k_proj,True,0.24289556725381245,2.2140403833950586,0.5450499457098625,2.150146374754228,attention_qkv,37056.0,926.5363757790923,37056,1.0,5526346,39.99411244792294,154293184,332.94449334426713,0.5979390391912194,28263.744217285337,100087.93164940625,0.0010000857898072497,100.09651817377048,1.1075464726014081,0.0010000005352861247,0.0011075470654556673
vit,dp_kfm,pink,0.5,42,4,blocks.10.attn.v_proj,True,0.24289556725381245,2.2140403833950586,0.5049770627408742,4.789447757165885,attention_qkv,37056.0,934.8430090935129,37056,1.0,5526346,39.638741092937096,154293184,451.78992133715195,0.5992742817531218,28237.317209773548,100087.93164940625,0.0010000857898072497,100.09651817377048,2.0393480977987704,0.0010000059753656615,0.0020393602836493658
vit,dp_kfm,pink,0.5,42,4,blocks.10.attn.out_proj,True,0.40053940574894603,1.6001954817775472,0.5728005674154909,4.9462199241430245,attention_out,37056.0,79.1738222009593,37056,1.0,5526346,468.03348594115266,154293184,276.8503910065999,0.5568501020590277,17697.116197373645,4925.102875970619,0.0010231653088025002,5.03919440497656,15.562342743023853,0.001,0.015562342743023854
vit,dp_kfm,pink,0.5,42,4,blocks.10.mlp.fc1,True,0.29325857682408374,2.0304707933308817,0.04124076215269592,7.289622393255669,mlp_fc1,148224.0,4730.831251181245,148224,1.0,5526346,31.331491682986968,154293184,714.6153751121291,0.6125135623743847,111205.01403422505,191486.52683456958,0.001000084710885825,191.5027478278813,2.666898516509389,0.001000000893662064,0.0026669008998154217
vit,dp_kfm,pink,0.5,42,4,blocks.10.mlp.fc2,True,0.23589730894490837,2.887563164264637,0.6906097209307601,5.1661814260853545,mlp_fc2,147648.0,726.9592721704058,147648,1.0,5526346,203.10353778029807,154293184,462.9602887870826,0.7754189042216425,93971.40447266288,13979.6219413368,0.0010050133775244448,14.049707063777733,15.331761466313546,0.001,0.015331761466313546
vit,dp_kfm,pink,0.5,42,4,blocks.11.attn.q_proj,True,0.3457072928159581,2.2069843763081227,0.20520923526223003,3.662568270371152,attention_qkv,37056.0,956.5537692685019,37056,1.0,5526346,38.73906641791559,154293184,382.38694761331413,0.5980042142731393,28166.471788278886,118430.31466476712,0.001,118.43031466476712,1.2346482243074515,0.0010000046834712552,0.0012346540067469203
vit,dp_kfm,pink,0.5,42,4,blocks.11.attn.k_proj,True,0.3457072928159581,2.2069843763081227,0.4147390327734543,1.4838792184360396,attention_qkv,37056.0,955.7031666368758,37056,1.0,5526346,38.77354527389529,154293184,358.2867573844548,0.5979499685081723,28167.448209090806,118430.31466476712,0.001,118.43031466476712,1.0839234944231462,0.0010000000972231443,0.0010839235998055966
vit,dp_kfm,pink,0.5,42,4,blocks.11.attn.v_proj,True,0.3457072928159581,2.2069843763081227,0.6756306890525121,18.44081865192428,attention_qkv,37056.0,966.642178187182,37056,1.0,5526346,38.334764234573285,154293184,552.6432844031447,0.6000717351058572,28123.301014216886,118430.31466476712,0.001,118.43031466476712,2.578854921228673,0.0010000008701409233,0.002578857165195875
vit,dp_kfm,pink,0.5,42,4,blocks.11.attn.out_proj,True,0.412270833168466,1.5075886147272226,0.6997510714055383,5.3236885461630195,attention_out,37056.0,82.83215230173312,37056,1.0,5526346,447.36251528290506,154293184,312.9210673055085,0.5396733425773701,17474.940232243196,6422.206966889337,0.001038135238023805,6.667119358209801,15.247031879921948,0.001,0.015247031879921949
vit,dp_kfm,pink,0.5,42,4,blocks.11.mlp.fc1,True,0.49760941233157724,1.5289104701348528,0.1521458101185127,10.943933516312237,mlp_fc1,148224.0,3990.07075122854,148224,1.0,5526346,37.14821346322291,154293184,651.9872331395862,0.6089093063337491,108537.54154554867,179466.28446203924,0.0010000020516856192,179.4666526704342,2.368619562450059,0.0010000000003452189,0.0023686195632677508
vit,dp_kfm,pink,0.5,42,4,blocks.11.mlp.fc2,True,0.8739669787530024,0.48610522115203864,0.7691275903285394,5.108687166435615,mlp_fc2,147648.0,534.5748990119366,147648,1.0,5526346,276.19703108563493,154293184,602.554627860049,0.7474502774669707,83970.5023439224,27012.716834251136,0.0010025112745393556,27.080553182275814,13.440783531081184,0.0010000000163711484,0.013440783751122246
vit,dp_kfm,pink,0.5,42,4,head,True,0.05855462013202843,3.2873381609363266,0.7707757374748496,5.317524944289345,patch_head,1930.0,511.8754916751019,1930,1.0,5526346,3.7704481487951593,154293184,27571.377854867133,1.1411148554538462,463.5388646570111,2700833.5632083034,0.001,2700.8335632083035,281.46157807400897,0.001,0.28146157807400896
vit,dp_kfm,pink,0.5,42,4,identity,True,,,,,identity,47616.0,47616.0,47616,1.0,5526346,1.0,154293184,,,,,,,,,
vit,dp_kfm,pink,0.5,42,5,patch_embed,True,0.620146898053799,0.8490321621520888,0.47021897695022336,0.9780384251050851,patch_head,147648.0,1541.7602102803603,147648,1.0,5526346,95.76586489617024,154293184,51.65135077713285,0.5248364937491172,108854.64076760752,1493.7011652217768,0.01764156372048245,26.351224285618862,1.7860748181891604,0.001,0.0017860748181891604
vit,dp_kfm,pink,0.5,42,5,blocks.0.attn.q_proj,True,0.32995456376205945,1.5561227617553997,0.25514236523895534,0.9789527258150887,attention_qkv,37056.0,707.6702864554615,37056,1.0,5526346,52.363368519545986,154293184,110.92807125535379,1.3353439044330797,24048.04454930589,11163.474862797973,0.001,11.163474862797974,1.1022586733669375,0.0010000000157470595,0.0011022586907242704
vit,dp_kfm,pink,0.5,42,5,blocks.0.attn.k_proj,True,0.32995456376205945,1.5561227617553997,0.34854252290643656,0.960863094552146,attention_qkv,37056.0,708.8038179373723,37056,1.0,5526346,52.2796281033494,154293184,128.1593875773717,1.335419505512188,24045.30069291079,11163.474862797973,0.001,11.163474862797974,1.4713007218695267,0.0010000000567262084,0.001471300805330838
vit,dp_kfm,pink,0.5,42,5,blocks.0.attn.v_proj,True,0.32995456376205945,1.5561227617553997,0.2948913451826505,1.0114959024130108,attention_qkv,37056.0,723.9169534851947,37056,1.0,5526346,51.18819199025411,154293184,172.88723610030522,1.336405421622286,24005.331575961685,11163.474862797973,0.001,11.163474862797974,2.6774814091274046,0.0010000704630634236,0.0026776700726697513
vit,dp_kfm,pink,0.5,42,5,blocks.0.attn.out_proj,True,0.11935022540555565,3.4793871442431388,0.5258503444622031,0.9558279365119422,attention_out,37056.0,372.7803331959655,37056,1.0,5526346,99.40438563994783,154293184,146.73396859104426,1.1629553191229471,19421.08068550825,8212.702667538295,0.0010034873464292455,8.241343206860389,2.6216531159201577,0.001,0.002621653115920158
vit,dp_kfm,pink,0.5,42,5,blocks.0.mlp.fc1,True,0.3701851018028742,1.8163682052446746,0.38841005132577355,0.9248068171343478,mlp_fc1,148224.0,5185.349908561844,148224,1.0,5526346,28.585149047561558,154293184,257.79602704580213,1.4637192429154209,97888.98978945291,42430.373595910554,0.001000000019389828,42.430374418628205,1.5663022954623538,0.0010000227923450526,0.0015663379951647285
vit,dp_kfm,pink,0.5,42,5,blocks.0.mlp.fc2,True,0.1351825606352243,7.898067827710523,0.3680882685341212,0.9302317543239377,mlp_fc2,147648.0,2434.364862106334,147648,1.0,5526346,60.65154911587394,154293184,612.6322062269599,1.008524520856682,90020.69549208961,119815.81340767721,0.0010603076590436009,127.0416246306991,3.132459810037593,0.0010000000002563785,0.003132459810840688
vit,dp_kfm,pink,0.5,42,5,blocks.1.attn.q_proj,True,0.3472464618923805,2.0961864707000295,0.39294798447286633,1.406805493238562,attention_qkv,37056.0,608.4461680231375,37056,1.0,5526346,60.90267627191444,154293184,203.38359538613477,0.960833452616261,22990.54578926743,35984.897372677675,0.001,35.98489737267768,1.149506873502943,0.0010000000405233132,0.00114950692008477
vit,dp_kfm,pink,0.5,42,5,blocks.1.attn.k_proj,True,0.3472464618923805,2.0961864707000295,0.5368720989869881,0.8538660202688808,attention_qkv,37056.0,608.4969791503589,37056,1.0,5526346,60.897590735357625,154293184,203.90157529534042,0.9608325020738859,22990.566349825076,35984.897372677675,0.001,35.98489737267768,1.155369486741645,0.0010000000681955892,0.0011553695655327479
vit,dp_kfm,pink,0.5,42,5,blocks.1.attn.v_proj,True,0.3472464618923805,2.0961864707000295,0.7015927943365219,0.9054632757962133,attention_qkv,37056.0,609.6168792641406,37056,1.0,5526346,60.78571847408448,154293184,195.53884137775208,0.9608270303148962,22990.70014358339,35984.897372677675,0.001,35.98489737267768,1.062541268115017,0.0010000569203067718,0.0010626017482899559
vit,dp_kfm,pink,0.5,42,5,blocks.1.attn.out_proj,True,0.089021183599304,4.791772154296869,0.36212026858817686,0.9357360490557012,attention_out,37056.0,248.11152424383147,37056,1.0,5526346,149.3521919746994,154293184,350.34826766041846,0.7395534376403676,18548.731654358606,37093.3917626111,0.0011916035640148713,44.20061782572726,3.3090505564491943,0.001,0.0033090505564491945
vit,dp_kfm,pink,0.5,42,5,blocks.1.mlp.fc1,True,0.18157196550869975,2.731275384020457,0.30098436295938424,1.3247958446964347,mlp_fc1,148224.0,3126.506535547435,148224,1.0,5526346,47.40882461454595,154293184,370.521100556765,0.8203585397650525,104416.32640676417,60667.87123436533,0.001,60.667871234365336,2.262909232919166,0.0010000100637715533,0.0022629320063207317
vit,dp_kfm,pink,0.5,42,5,blocks.1.mlp.fc2,True,0.05898356527518496,4.369932015381314,0.4108063944260806,1.1350909642179834,mlp_fc2,147648.0,850.5508148451355,147648,1.0,5526346,173.59103938649812,154293184,377.4484789424452,0.8635918880476945,83877.82521603913,32481.83159610463,0.0010016134561306738,32.534239606428876,4.386062831292151,0.001,0.004386062831292151
vit,dp_kfm,pink,0.5,42,5,blocks.2.attn.q_proj,True,0.424711980334797,1.6067735540197592,0.477501443207527,1.4136841884905775,attention_qkv,37056.0,691.6402926532458,37056,1.0,5526346,53.57698270852194,154293184,181.41081707786594,0.826520882794174,24955.224399740022,28804.402531343363,0.001000030289038818,28.80527498900976,1.1425296711864867,0.0010000021009471162,0.0011425320715809045
vit,dp_kfm,pink,0.5,42,5,blocks.2.attn.k_proj,True,0.424711980334797,1.6067735540197592,0.37899302032150495,1.1337275225894068,attention_qkv,37056.0,692.3733462176872,37056,1.0,5526346,53.52025782394767,154293184,191.22115116213848,0.8265646818660003,24954.25147873781,28804.402531343363,0.001000030289038818,28.80527498900976,1.2694423573613383,0.0010000034405234014,0.0012694467249074754
vit,dp_kfm,pink,0.5,42,5,blocks.2.attn.v_proj,True,0.424711980334797,1.6067735540197592,0.3425322675949735,1.9955540554312836,attention_qkv,37056.0,702.3132523501739,37056,1.0,5526346,52.762780534182276,154293184,260.2397561676618,0.8277889373224552,24923.52147388487,28804.402531343363,0.001000030289038818,28.80527498900976,2.3511937321563874,0.0010006480312719382,0.00235271737922121
vit,dp_kfm,pink,0.5,42,5,blocks.2.attn.out_proj,True,0.18029653481520888,2.027455539872178,0.3727574482173798,1.3756303490523922,attention_out,37056.0,278.0728366651971,37056,1.0,5526346,133.26004957692382,154293184,211.57178214312353,0.8560313450024147,21640.52273316622,8243.788317433602,0.0014888496481127314,12.273761335526864,5.429860311254632,0.001,0.005429860311254632
vit,dp_kfm,pink,0.5,42,5,blocks.2.mlp.fc1,True,0.23796110013451036,1.897345549169956,0.3872411504129359,1.1175993881420199,mlp_fc1,148224.0,3556.7930752399902,148224,1.0,5526346,41.67349543942721,154293184,251.46546006874345,0.7260980091432088,113705.8136070266,42482.16152878048,0.001,42.48216152878048,1.4885042411211808,0.0010000418962240497,0.0014885666038283658
vit,dp_kfm,pink,0.5,42,5,blocks.2.mlp.fc2,True,0.18084974082512378,2.037756634699639,0.3304327424940376,1.7146122718942454,mlp_fc2,147648.0,839.9129623969249,147648,1.0,5526346,175.78964322522828,154293184,248.46854215734504,0.7494814441590013,99099.51043244211,9595.376499378308,0.0010470141967805129,10.046495418303188,6.433996252861607,0.001,0.006433996252861607
vit,dp_kfm,pink,0.5,42,5,blocks.3.attn.q_proj,True,0.266612048868424,1.970877899752086,0.33292209029521524,3.3630158023433254,attention_qkv,37056.0,863.7823957873233,37056,1.0,5526346,42.89969346530161,154293184,229.1653505319303,0.6969524437684643,28197.757778611143,43713.93302019536,0.001,43.71393302019536,1.2013734353337715,0.0010000219133724775,0.0012013997614773446
vit,dp_kfm,pink,0.5,42,5,blocks.3.attn.k_proj,True,0.266612048868424,1.970877899752086,0.4724981415934433,0.9016419747506466,attention_qkv,37056.0,863.9933794838764,37056,1.0,5526346,42.88921753328265,154293184,221.2138940748025,0.6969442624775226,28197.94106453492,43713.93302019536,0.001,43.71393302019536,1.1194505630305613,0.0010000179854234752,0.001119470696822997
vit,dp_kfm,pink,0.5,42,5,blocks.3.attn.v_proj,True,0.266612048868424,1.970877899752086,0.2696397489100917,2.071497024966651,attention_qkv,37056.0,868.0454517745109,37056,1.0,5526346,42.68900888109936,154293184,249.06138602265457,0.6971788739845268,28192.943796354557,43713.93302019536,0.001,43.71393302019536,1.4190343838168906,0.0010001176096102115,0.001419201275897648
vit,dp_kfm,pink,0.5,42,5,blocks.3.attn.out_proj,True,0.01959657459531727,2.0907871842627452,0.29000139273286263,2.2159554118822067,attention_out,37056.0,206.62256194418657,37056,1.0,5526346,179.34149906634912,154293184,294.921595208855,0.709058485848416,21727.08020198165,14392.471993641386,0.001164263505414759,16.756629894900666,6.043350117961882,0.001,0.006043350117961883
vit,dp_kfm,pink,0.5,42,5,blocks.3.mlp.fc1,True,0.1457701017812131,2.1819558477573886,0.24109185943089836,2.5841287658950463,mlp_fc1,148224.0,3332.7523749849597,148224,1.0,5526346,44.474951428297736,154293184,352.0204608018107,0.6593311690255549,111024.01314542133,62679.095152015965,0.0010000142179166617,62.679986318167266,1.9770292554890774,0.0010000006896614872,0.001977030618970014
vit,dp_kfm,pink,0.5,42,5,blocks.3.mlp.fc2,True,0.1458326714595133,1.6160245956725527,0.31514437284025165,2.878450825564415,mlp_fc2,147648.0,706.2434882814498,147648,1.0,5526346,209.061042614753,154293184,304.5970279671864,0.7290031210357633,97991.88645116918,11883.82284652548,0.0010006886585468625,11.892006742698138,7.807197283622351,0.001,0.007807197283622351
vit,dp_kfm,pink,0.5,42,5,blocks.4.attn.q_proj,True,0.2774823866920956,2.21755233751498,0.5077102689716553,6.523258356174087,attention_qkv,37056.0,818.6576991627298,37056,1.0,5526346,45.26433946434325,154293184,287.5218651796351,0.6841311855799371,27627.41287876911,47681.968768605875,0.0010000516081776869,47.684429548122544,1.7337543958714632,0.0010000290182788749,0.001733804706440023
vit,dp_kfm,pink,0.5,42,5,blocks.4.attn.k_proj,True,0.2774823866920956,2.21755233751498,0.6713472618724076,2.731268187306845,attention_qkv,37056.0,821.1524510140507,37056,1.0,5526346,45.12682140111634,154293184,345.0753254749717,0.6848018034463851,27610.113161154502,47681.968768605875,0.0010000516081776869,47.684429548122544,2.497316770402709,0.0010000321375658026,0.0024973970280847474
vit,dp_kfm,pink,0.5,42,5,blocks.4.attn.v_proj,True,0.2774823866920956,2.21755233751498,0.17817223644650848,2.8551708300810055,attention_qkv,37056.0,821.2908443406069,37056,1.0,5526346,45.11921721196259,154293184,269.1964396302214,0.6842120889094079,27626.187298394096,47681.968768605875,0.0010000516081776869,47.684429548122544,1.5197930157049218,0.0010002360014321997,0.0015201516890332753
vit,dp_kfm,pink,0.5,42,5,blocks.4.attn.out_proj,True,0.13935347391535577,3.5655871406593636,0.2829042823652883,3.216255848877876,attention_out,37056.0,186.3766230335357,37056,1.0,5526346,198.82321826022314,154293184,352.1236289922922,0.7249342711769372,18128.28389041022,15267.576474463456,0.0013296530766161072,20.300580031742033,8.121200525970105,0.001,0.008121200525970105
vit,dp_kfm,pink,0.5,42,5,blocks.4.mlp.fc1,True,0.19385099514680457,2.6285110000162732,0.15632058508033395,6.0348284411356685,mlp_fc1,148224.0,3216.1324750701842,148224,1.0,5526346,46.087653773268585,154293184,450.43109691279193,0.6369049032888958,111369.15471343574,68877.83668704303,0.001,68.87783668704303,2.9456234810032482,0.0010000364598023788,0.002945730877853248
vit,dp_kfm,pink,0.5,42,5,blocks.4.mlp.fc2,True,0.25121967392264993,2.2886176250596457,0.25310294944963907,3.9831511848318724,mlp_fc2,147648.0,692.7176692644208,147648,1.0,5526346,213.1431123401019,154293184,362.53295619509805,0.7083923561020005,96903.9923785111,12420.826845496476,0.0010707658111826952,13.299796732777832,10.581432779188177,0.001,0.010581432779188178
vit,dp_kfm,pink,0.5,42,5,blocks.5.attn.q_proj,True,0.3104215156564868,2.0976801168060217,0.19931138369392576,4.742810530413063,attention_qkv,37056.0,845.5580186390716,37056,1.0,5526346,43.82431386511094,154293184,248.53588461148493,0.6485832778263723,28172.513673895635,50708.31955221966,0.0010000617176983083,50.711449152987505,1.2181450003682774,0.0010000246497935945,0.0012181750273911047
vit,dp_kfm,pink,0.5,42,5,blocks.5.attn.k_proj,True,0.3104215156564868,2.0976801168060217,0.48846348027347747,0.9544356150252497,attention_qkv,37056.0,845.7581665685462,37056,1.0,5526346,43.813942879612405,154293184,244.32589486054445,0.6485821414555726,28172.549704007928,50708.31955221966,0.0010000617176983083,50.711449152987505,1.177225816720893,0.0010000207086767786,0.001177250195509827
vit,dp_kfm,pink,0.5,42,5,blocks.5.attn.v_proj,True,0.3104215156564868,2.0976801168060217,0.22825687454652835,3.6425215584196007,attention_qkv,37056.0,850.2881872994861,37056,1.0,5526346,43.58051840951689,154293184,280.99105926752196,0.6490026648123551,28163.99375631916,50708.31955221966,0.0010000617176983083,50.711449152987505,1.5570615647591084,0.001000221798985045,0.0015574069194338245
vit,dp_kfm,pink,0.5,42,5,blocks.5.attn.out_proj,True,0.14816024137110426,3.1661761873054988,0.25694560766478,6.411325843080384,attention_out,37056.0,214.75414014157244,37056,1.0,5526346,172.5508061244899,154293184,355.46471217011947,0.6575515348411421,20720.220521889656,12713.256048366127,0.0016183511317474733,20.57451231406873,9.938851315310737,0.001,0.009938851315310738
vit,dp_kfm,pink,0.5,42,5,blocks.5.mlp.fc1,True,0.17765215797359998,3.2852235400351733,0.14630739891682723,7.457554717098005,mlp_fc1,148224.0,3070.60238727554,148224,1.0,5526346,48.27196142823136,154293184,629.7799065571849,0.6007698143746374,109432.45380633128,99455.54946507125,0.0010000231099206024,99.45784787492286,3.987939665875259,0.0010000172952151227,0.003988008638149677
vit,dp_kfm,pink,0.5,42,5,blocks.5.mlp.fc2,True,0.17446647926897887,2.670990725409393,0.2785340475498569,7.112848789698052,mlp_fc2,147648.0,635.2854221968154,147648,1.0,5526346,232.41206997861462,154293184,487.3666937165049,0.7470468415391062,90324.10068623514,16508.809396231616,0.0010347605303722756,17.082664366659433,14.38785126433021,0.001,0.01438785126433021
vit,dp_kfm,pink,0.5,42,5,blocks.6.attn.q_proj,True,0.20653373491768384,3.0190270379110813,0.30502865425829184,7.729049358246775,attention_qkv,37056.0,711.0129429989587,37056,1.0,5526346,52.11719472180448,154293184,297.9986949541111,0.6466338163231742,27148.88132885424,67562.74598723074,0.001,67.56274598723074,1.314381481935874,0.0010000148944379716,0.0013144010589093277
vit,dp_kfm,pink,0.5,42,5,blocks.6.attn.k_proj,True,0.20653373491768384,3.0190270379110813,0.38361840120903107,3.7097239297038413,attention_qkv,37056.0,712.7984974492069,37056,1.0,5526346,51.986641572067235,154293184,386.523651500523,0.6472675971483833,27134.379669703052,67562.74598723074,0.001,67.56274598723074,2.2112856869010953,0.0010000113499597924,0.002211310784904731
vit,dp_kfm,pink,0.5,42,5,blocks.6.attn.v_proj,True,0.20653373491768384,3.0190270379110813,0.18887287541711312,7.760668935505467,attention_qkv,37056.0,719.9469732485321,37056,1.0,5526346,51.47045737659896,154293184,414.46593502361577,0.6487388062164274,27102.530701597316,67562.74598723074,0.001,67.56274598723074,2.542555202351702,0.0010001313645727073,0.002542889204029444
vit,dp_kfm,pink,0.5,42,5,blocks.6.attn.out_proj,True,0.0679974671166805,2.672469479747243,0.2607418125186829,6.427892447195824,attention_out,37056.0,142.15736856085866,37056,1.0,5526346,260.6688656039384,154293184,470.09570670128846,0.6945194042861811,15396.918896646315,17696.745295566696,0.0012098567661489685,21.410527034656294,12.487605475925859,0.001,0.01248760547592586
vit,dp_kfm,pink,0.5,42,5,blocks.6.mlp.fc1,True,0.12312234125448852,2.876482333957516,0.17209397248705194,7.778320628202959,mlp_fc1,148224.0,3241.1690365345894,148224,1.0,5526346,45.731647541122676,154293184,683.7691228265722,0.6404392704248073,106189.81819694539,117711.7369828455,0.001,117.7117369828455,3.971908199767337,0.0010000070964455235,0.003971936386197501
vit,dp_kfm,pink,0.5,42,5,blocks.6.mlp.fc2,True,0.1239610325103572,1.8267305365666442,0.2975472484809959,7.0177731543379895,mlp_fc2,147648.0,596.8370519917139,147648,1.0,5526346,247.3841051042016,154293184,437.9374642235672,0.7355033504456995,90836.87490471319,11748.009810875596,0.0010224329822271785,12.011552706167686,16.325252162542576,0.001,0.016325252162542575
vit,dp_kfm,pink,0.5,42,5,blocks.7.attn.q_proj,True,0.18969787810706717,2.872100094387908,0.28017179442496964,8.623869362363886,attention_qkv,37056.0,733.1500058407569,37056,1.0,5526346,50.543544574490134,154293184,306.0052313200071,0.6429864171408615,27158.70006018763,71192.30577959123,0.001,71.19230577959124,1.315299463471721,0.0010000163998300237,0.0013153210341593524
vit,dp_kfm,pink,0.5,42,5,blocks.7.attn.k_proj,True,0.18969787810706717,2.872100094387908,0.36790421501937515,1.5402163455267204,attention_qkv,37056.0,732.7290637589684,37056,1.0,5526346,50.572581098256514,154293184,290.5468828269758,0.6429262577450989,27159.85879346956,71192.30577959123,0.001,71.19230577959124,1.1857670600222703,0.0010000079431161388,0.0011857764787077416
vit,dp_kfm,pink,0.5,42,5,blocks.7.attn.v_proj,True,0.18969787810706717,2.872100094387908,0.21622022440226188,5.549340307867753,attention_qkv,37056.0,737.8740097812539,37056,1.0,5526346,50.21995558697808,154293184,347.8176775458686,0.6436745346460911,27144.983265623363,71192.30577959123,0.001,71.19230577959124,1.69930072482752,0.0010000898021456073,0.0016994533256786417
vit,dp_kfm,pink,0.5,42,5,blocks.7.attn.out_proj,True,0.0958626769723257,2.851687170612517,0.3002968259039432,7.537348484284884,attention_out,37056.0,140.83380527427397,37056,1.0,5526346,263.11864490087027,154293184,486.9361000884824,0.6784864189343018,16206.824772014865,14089.705218819416,0.0012323040273065978,17.362800484713954,16.828369500071616,0.001,0.016828369500071615
vit,dp_kfm,pink,0.5,42,5,blocks.7.mlp.fc1,True,0.17399539667545935,2.9550613690018315,0.17290977769477472,9.564043833200456,mlp_fc1,148224.0,3880.1466341581977,148224,1.0,5526346,38.20061816611149,154293184,931.3721298726612,0.6643341880677892,104570.52589791031,175822.21629648542,0.0010000007222562722,175.82234328518393,4.933699862142376,0.0010000064941478907,0.004933731902318929
vit,dp_kfm,pink,0.5,42,5,blocks.7.mlp.fc2,True,0.9992377631780531,0.04634695672943871,0.3369164932773745,6.195178016813475,mlp_fc2,147648.0,894.9105746448389,147648,1.0,5526346,164.98631727376417,154293184,3381.872686028405,0.8108162832032124,43686.47627366961,630349.5532037056,0.0010569283123627652,666.2342894662156,18.14400090612731,0.001,0.01814400090612731
vit,dp_kfm,pink,0.5,42,5,blocks.8.attn.q_proj,True,0.2606779044322269,2.509979753476972,0.1496415970745231,14.527086781565453,attention_qkv,37056.0,784.7555202857181,37056,1.0,5526346,47.2198016351748,154293184,453.79943906059344,0.6441344807211556,26147.999707102827,113374.15512449727,0.00100002998983018,113.37755519615625,1.816409839311007,0.0010000011532330362,0.001816411934054841
vit,dp_kfm,pink,0.5,42,5,blocks.8.attn.k_proj,True,0.2606779044322269,2.509979753476972,0.39976274494522307,1.5904269122599668,attention_qkv,37056.0,783.0631591696346,37056,1.0,5526346,47.321853372969855,154293184,357.66179096762335,0.6437453006276448,26155.90198485982,113374.15512449727,0.00100002998983018,113.37755519615625,1.128316736541018,0.001000002315540243,0.0011283193492038284
vit,dp_kfm,pink,0.5,42,5,blocks.8.attn.v_proj,True,0.2606779044322269,2.509979753476972,0.2967001366291055,10.80004888837811,attention_qkv,37056.0,793.3520753721659,37056,1.0,5526346,46.70814024481731,154293184,572.7629634179333,0.6461632060524652,26104.043908438038,113374.15512449727,0.00100002998983018,113.37755519615625,2.8935819799763864,0.0010000428288158766,0.0028937059086662307
vit,dp_kfm,pink,0.5,42,5,blocks.8.attn.out_proj,True,0.15587197314124324,1.5526742811289223,0.34555858339167833,6.150300596157717,attention_out,37056.0,102.05258875181022,37056,1.0,5526346,363.1069084403084,154293184,338.2346839915226,0.6243834811446083,17364.87168740099,6425.40611120458,0.0011112119963445897,7.139988352156369,17.804742529090962,0.001,0.017804742529090964
vit,dp_kfm,pink,0.5,42,5,blocks.8.mlp.fc1,True,0.23525784347167408,2.519077851479127,0.06987976715781696,9.245798309348567,mlp_fc1,148224.0,4376.044764489045,148224,1.0,5526346,33.87168275855307,154293184,948.1365997081516,0.668393583978341,102975.60501074028,240218.5596381213,0.001,240.21855963812132,3.7422712593913805,0.0010000019831164992,0.0037422786807512595
vit,dp_kfm,pink,0.5,42,5,blocks.8.mlp.fc2,True,0.11115596639377874,1.922439203342963,0.4497230566500409,5.04988424225573,mlp_fc2,147648.0,747.5699642474638,147648,1.0,5526346,197.50392212269907,154293184,489.69188778952343,0.8071678856042793,89980.96431577156,14082.380115256045,0.0010059513181715875,14.16618883993517,17.0282397580707,0.001,0.0170282397580707
vit,dp_kfm,pink,0.5,42,5,blocks.9.attn.q_proj,True,0.2401404442065348,2.473402193478955,0.32846707273558884,6.726488641110343,attention_qkv,37056.0,854.9353718553343,37056,1.0,5526346,43.343627155796675,154293184,444.6348836270899,0.6257341004117345,27100.396433702434,106625.98620461293,0.00100009409698732,106.63601938868482,1.854146318128242,0.001000004259646909,0.0018541542161368751
vit,dp_kfm,pink,0.5,42,5,blocks.9.attn.k_proj,True,0.2401404442065348,2.473402193478955,0.3295898270363652,1.3144600468456575,attention_qkv,37056.0,852.9603597007828,37056,1.0,5526346,43.44398843223991,154293184,343.61287467650266,0.6253260472677827,27108.84362957186,106625.98620461293,0.00100009409698732,106.63601938868482,1.107326758196417,0.0010000008412424865,0.0011073276897267325
vit,dp_kfm,pink,0.5,42,5,blocks.9.attn.v_proj,True,0.2401404442065348,2.473402193478955,0.4084655225297886,8.747936886223433,attention_qkv,37056.0,864.4174349106192,37056,1.0,5526346,42.868177460848635,154293184,535.3964982461098,0.6278176927817792,27056.099805447215,106625.98620461293,0.00100009409698732,106.63601938868482,2.6883635081613475,0.001000026402539747,0.002688434487785726
vit,dp_kfm,pink,0.5,42,5,blocks.9.attn.out_proj,True,0.1724263809701009,1.2200175135255915,0.46192709202797055,5.223179583930181,attention_out,37056.0,78.75517855431518,37056,1.0,5526346,470.52143973546504,154293184,244.0853959977352,0.5527069955404772,18950.995438237518,3559.3103871460885,0.0010476036180423183,3.728746439309847,16.73854597073832,0.001,0.01673854597073832
vit,dp_kfm,pink,0.5,42,5,blocks.9.mlp.fc1,True,0.2459676289356368,2.232215500401232,0.04309648025092834,7.132540409934367,mlp_fc1,148224.0,4697.06406174362,148224,1.0,5526346,31.55673374933214,154293184,854.812440685815,0.6430330059054872,107219.37654141107,215938.50075597822,0.001000088186655339,215.95754365011882,3.3838537648132236,0.0010000021704665467,0.0033838611093546193
vit,dp_kfm,pink,0.5,42,5,blocks.9.mlp.fc2,True,0.14414839846409505,2.0047279158972637,0.5515138797288286,5.157464334005875,mlp_fc2,147648.0,762.4840665878959,147648,1.0,5526346,193.64076768282183,154293184,442.64541207410826,0.7786431914623153,94541.19422870409,12351.531434640756,0.001055081562871098,13.031873089912265,15.863211931821139,0.001,0.01586321193182114
vit,dp_kfm,pink,0.5,42,5,blocks.10.attn.q_proj,True,0.23941130328322988,2.191983074683614,0.237041024042902,6.377481622661964,attention_qkv,37056.0,927.4731317361152,37056,1.0,5526346,39.953718045325736,154293184,376.78195399271107,0.5981835615222967,28222.772200406704,101168.8088480473,0.001,101.16880884804729,1.4032451550140554,0.0010000172714313964,0.0014032693910664825
vit,dp_kfm,pink,0.5,42,5,blocks.10.attn.k_proj,True,0.23941130328322988,2.191983074683614,0.5322251407123767,2.4870423668939092,attention_qkv,37056.0,926.1001517795308,37056,1.0,5526346,40.01295100621215,154293184,338.2379940618458,0.5980385718174438,28225.488458418553,101168.8088480473,0.001,101.16880884804729,1.1308321401590709,0.0010000004790333287,0.001130832681865355
vit,dp_kfm,pink,0.5,42,5,blocks.10.attn.v_proj,True,0.23941130328322988,2.191983074683614,0.4920279852635738,5.018689903208865,attention_qkv,37056.0,934.7612654789655,37056,1.0,5526346,39.6422074474949,154293184,453.3268004331854,0.5994548398616032,28197.53338943117,101168.8088480473,0.001,101.16880884804729,2.0313097517996095,0.0010000053102440637,0.0020313205385501607
vit,dp_kfm,pink,0.5,42,5,blocks.10.attn.out_proj,True,0.41431936604262937,1.576266554938956,0.5726886365525646,5.089384595671424,attention_out,37056.0,78.52436430392153,37056,1.0,5526346,471.90448886129235,154293184,273.60289539484717,0.5516625753155314,17590.745185285683,4917.0669295665875,0.0010221680942300295,5.026068932596582,15.22422725595115,0.001,0.015224227255951149
vit,dp_kfm,pink,0.5,42,5,blocks.10.mlp.fc1,True,0.2894163349224326,1.9813804240627655,0.042972896528224995,6.552370069366023,mlp_fc1,148224.0,4721.393603462799,148224,1.0,5526346,31.394120560354995,154293184,688.8899313283915,0.6126049216513918,111194.08926920115,188827.02402492962,0.0010000810767175708,188.8423335002262,2.5132490433306924,0.0010000008470494152,0.002513251172176825
vit,dp_kfm,pink,0.5,42,5,blocks.10.mlp.fc2,True,0.2317561414561581,2.724584919252194,0.7249215953485417,5.684389781111577,mlp_fc2,147648.0,727.0558146636622,147648,1.0,5526346,203.0765685689514,154293184,445.77961189300174,0.7708318329539369,94231.64660795701,13273.071639075266,0.0010040999289152395,13.327490289282355,14.971625843896975,0.001,0.014971625843896975
vit,dp_kfm,pink,0.5,42,5,blocks.11.attn.q_proj,True,0.3513553617229228,2.084853132896666,0.18891626175407342,3.9603756191847017,attention_qkv,37056.0,956.4713798079175,37056,1.0,5526346,38.74240336123987,154293184,379.58157541816075,0.5972483457150112,28263.292468679818,113860.96702574883,0.001,113.86096702574883,1.2654219980790231,0.0010000051714456441,0.001265428542140103
vit,dp_kfm,pink,0.5,42,5,blocks.11.attn.k_proj,True,0.3513553617229228,2.084853132896666,0.4077024795616178,1.5098194477432574,attention_qkv,37056.0,955.4634987492938,37056,1.0,5526346,38.78327120659918,154293184,352.2187301018178,0.5971713780900229,28264.690380967477,113860.96702574883,0.001,113.86096702574883,1.089557177276409,0.001000000121382078,0.0010895573095291234
vit,dp_kfm,pink,0.5,42,5,blocks.11.attn.v_proj,True,0.3513553617229228,2.084853132896666,0.720396735979341,19.71141827654535,attention_qkv,37056.0,967.0451276776239,37056,1.0,5526346,38.31879086035069,154293184,535.0080717777894,0.5994596049731388,28217.342630178522,113860.96702574883,0.001,113.86096702574883,2.5138872815181568,0.0010000007290139688,0.002513889114177101
vit,dp_kfm,pink,0.5,42,5,blocks.11.attn.out_proj,True,0.42149716602960985,1.4522786284929243,0.7368090472060588,5.8701762715897345,attention_out,37056.0,80.23193412601074,37056,1.0,5526346,461.8609834557965,154293184,304.94576647999537,0.5323650800244084,17137.33929644825,6315.468816511648,0.001033423932878765,6.5265566223326665,14.724468316737887,0.001,0.014724468316737887
vit,dp_kfm,pink,0.5,42,5,blocks.11.mlp.fc1,True,0.5037293772073993,1.4455915562907564,0.16154619514369056,11.507689005126231,mlp_fc1,148224.0,3986.836020327958,148224,1.0,5526346,37.17835377332802,154293184,644.0894233467353,0.6086407933872806,108948.51431654982,171839.13213398508,0.0010000601150943857,171.84946225963247,2.4141834290903277,0.0010000000016625549,0.00241418343310404
vit,dp_kfm,pink,0.5,42,5,blocks.11.mlp.fc2,True,0.8709900823052705,0.49542103165348705,0.8045669942933402,5.7609941516379255,mlp_fc2,147648.0,521.8028419686657,147648,1.0,5526346,282.9574469984705,154293184,576.255984411615,0.7283446718116745,85968.1362578169,24783.11187955938,0.0010022645296970344,24.83923397239557,13.39908245518131,0.001,0.013399082455181309
vit,dp_kfm,pink,0.5,42,5,head,True,0.05712295313964748,3.183934915415828,0.8073077653106211,5.848402957194323,patch_head,1930.0,505.5695291641747,1930,1.0,5526346,3.817476902120157,154293184,26732.20708658739,1.1362803030306532,466.60031335288994,2636293.9312544363,0.0010002597524633161,2636.978715097105,271.06647223519474,0.001,0.27106647223519476
vit,dp_kfm,pink,0.5,42,5,identity,True,,,,,identity,47616.0,47616.0,47616,1.0,5526346,1.0,154293184,,,,,,,,,
