level,layer,group,noise_rms,noise_energy_share,expected_noise_energy,signal_norm,snr,damping,lambda,task,method,source,beta,seed,epoch,research_only
layer,patch_embed,patch_head,0.7202662154197642,0.026717111089316622,76586.4086151123,4.615428411578287,0.016677700362857498,0.0001,0.0001,vit,dp_kfm_a,public,0.1,42,1,True
layer,blocks.0.attn.q_proj,attention_qkv,0.7200029928478706,0.006705334772741336,19221.296310424805,0.5594275513030406,0.004035083389290153,0.0001,0.0001,vit,dp_kfm_a,public,0.1,42,1,True
layer,blocks.0.attn.k_proj,attention_qkv,0.7202313143442898,0.006705334772741336,19221.296310424805,0.8761169584587174,0.006319325850001206,0.0001,0.0001,vit,dp_kfm_a,public,0.1,42,1,True
layer,blocks.0.attn.v_proj,attention_qkv,0.7200878447679138,0.006705334772741336,19221.296310424805,2.04322700128916,0.01473754968672422,0.0001,0.0001,vit,dp_kfm_a,public,0.1,42,1,True
layer,blocks.0.attn.out_proj,attention_out,0.7202553126980383,0.006705334772741336,19221.296310424805,2.2495895741604763,0.016226018011218955,0.0001,0.0001,vit,dp_kfm_a,public,0.1,42,1,True
layer,blocks.0.mlp.fc1,mlp_fc1,0.7201290205080685,0.026821339090965342,76885.18524169922,2.8659763165000927,0.010335970584459167,0.0001,0.0001,vit,dp_kfm_a,public,0.1,42,1,True
layer,blocks.0.mlp.fc2,mlp_fc2,0.7201883921565744,0.026717111089316622,76586.4086151123,4.810684417446756,0.017383251585741513,0.0001,0.0001,vit,dp_kfm_a,public,0.1,42,1,True
layer,blocks.1.attn.q_proj,attention_qkv,0.720282477424412,0.006705334772741336,19221.296310424805,0.3651395615506517,0.002633707575098682,0.0001,0.0001,vit,dp_kfm_a,public,0.1,42,1,True
layer,blocks.1.attn.k_proj,attention_qkv,0.7203591194443669,0.006705334772741336,19221.296310424805,0.5420661156651894,0.0039098574500360935,0.0001,0.0001,vit,dp_kfm_a,public,0.1,42,1,True
layer,blocks.1.attn.v_proj,attention_qkv,0.7200297502707825,0.006705334772741336,19221.296310424805,2.2382034769064365,0.01614389146633999,0.0001,0.0001,vit,dp_kfm_a,public,0.1,42,1,True
layer,blocks.1.attn.out_proj,attention_out,0.7202115557288379,0.006705334772741336,19221.296310424805,3.1000531308543975,0.02236030897136033,0.0001,0.0001,vit,dp_kfm_a,public,0.1,42,1,True
layer,blocks.1.mlp.fc1,mlp_fc1,0.7201879783201102,0.026821339090965342,76885.18524169922,4.014488343315519,0.01447800988070801,0.0001,0.0001,vit,dp_kfm_a,public,0.1,42,1,True
layer,blocks.1.mlp.fc2,mlp_fc2,0.720164841657752,0.026717111089316622,76586.4086151123,3.4527252356973412,0.01247631027528938,0.0001,0.0001,vit,dp_kfm_a,public,0.1,42,1,True
layer,blocks.2.attn.q_proj,attention_qkv,0.7202325653355535,0.006705334772741336,19221.296310424805,0.5619557222814606,0.004053318781337875,0.0001,0.0001,vit,dp_kfm_a,public,0.1,42,1,True
layer,blocks.2.attn.k_proj,attention_qkv,0.7202331586275152,0.006705334772741336,19221.296310424805,0.7287032192141537,0.005256048345714204,0.0001,0.0001,vit,dp_kfm_a,public,0.1,42,1,True
layer,blocks.2.attn.v_proj,attention_qkv,0.7200360398791238,0.006705334772741336,19221.296310424805,3.1070257343598615,0.022410601518660637,0.0001,0.0001,vit,dp_kfm_a,public,0.1,42,1,True
layer,blocks.2.attn.out_proj,attention_out,0.7203930630994964,0.006705334772741336,19221.296310424805,3.4716356319847366,0.02504048869180768,0.0001,0.0001,vit,dp_kfm_a,public,0.1,42,1,True
layer,blocks.2.mlp.fc1,mlp_fc1,0.7202979625056074,0.026821339090965342,76885.18524169922,4.249512649229137,0.015325610853043537,0.0001,0.0001,vit,dp_kfm_a,public,0.1,42,1,True
layer,blocks.2.mlp.fc2,mlp_fc2,0.7202578600208019,0.026717111089316622,76586.4086151123,3.9839020844755466,0.014395700531974238,0.0001,0.0001,vit,dp_kfm_a,public,0.1,42,1,True
layer,blocks.3.attn.q_proj,attention_qkv,0.7200534211751862,0.006705334772741336,19221.296310424805,0.660349982307402,0.004763024700017425,0.0001,0.0001,vit,dp_kfm_a,public,0.1,42,1,True
layer,blocks.3.attn.k_proj,attention_qkv,0.7202812025317753,0.006705334772741336,19221.296310424805,0.8863360526213497,0.0063930349424711555,0.0001,0.0001,vit,dp_kfm_a,public,0.1,42,1,True
layer,blocks.3.attn.v_proj,attention_qkv,0.7200194443468707,0.006705334772741336,19221.296310424805,3.0214728741514993,0.02179351906655591,0.0001,0.0001,vit,dp_kfm_a,public,0.1,42,1,True
layer,blocks.3.attn.out_proj,attention_out,0.7204621042908987,0.006705334772741336,19221.296310424805,3.117955479639357,0.022489436451841423,0.0001,0.0001,vit,dp_kfm_a,public,0.1,42,1,True
layer,blocks.3.mlp.fc1,mlp_fc1,0.720203909987673,0.026821339090965342,76885.18524169922,4.006797396606896,0.014450272945657535,0.0001,0.0001,vit,dp_kfm_a,public,0.1,42,1,True
layer,blocks.3.mlp.fc2,mlp_fc2,0.7203745222261785,0.026717111089316622,76586.4086151123,3.8666250905156927,0.013971923930908877,0.0001,0.0001,vit,dp_kfm_a,public,0.1,42,1,True
layer,blocks.4.attn.q_proj,attention_qkv,0.7203342392699373,0.006705334772741336,19221.296310424805,0.8447853409865177,0.006093334675760342,0.0001,0.0001,vit,dp_kfm_a,public,0.1,42,1,True
layer,blocks.4.attn.k_proj,attention_qkv,0.7205297011770849,0.006705334772741336,19221.296310424805,1.2655043400296886,0.009127930023529114,0.0001,0.0001,vit,dp_kfm_a,public,0.1,42,1,True
layer,blocks.4.attn.v_proj,attention_qkv,0.7202896640650749,0.006705334772741336,19221.296310424805,2.511128546525901,0.01811246704395898,0.0001,0.0001,vit,dp_kfm_a,public,0.1,42,1,True
layer,blocks.4.attn.out_proj,attention_out,0.7203256373779967,0.006705334772741336,19221.296310424805,2.6179035703739113,0.018882622400298903,0.0001,0.0001,vit,dp_kfm_a,public,0.1,42,1,True
layer,blocks.4.mlp.fc1,mlp_fc1,0.7202506752439872,0.026821339090965342,76885.18524169922,3.7023252796185253,0.013352212634809275,0.0001,0.0001,vit,dp_kfm_a,public,0.1,42,1,True
layer,blocks.4.mlp.fc2,mlp_fc2,0.7200815486243014,0.026717111089316622,76586.4086151123,3.5940960524372945,0.012987149120872335,0.0001,0.0001,vit,dp_kfm_a,public,0.1,42,1,True
layer,blocks.5.attn.q_proj,attention_qkv,0.720204518230144,0.006705334772741336,19221.296310424805,0.5939142728553672,0.004283831948353325,0.0001,0.0001,vit,dp_kfm_a,public,0.1,42,1,True
layer,blocks.5.attn.k_proj,attention_qkv,0.7200820879747368,0.006705334772741336,19221.296310424805,0.8772214638037813,0.006327292513711049,0.0001,0.0001,vit,dp_kfm_a,public,0.1,42,1,True
layer,blocks.5.attn.v_proj,attention_qkv,0.7202472813508017,0.006705334772741336,19221.296310424805,2.654247334374902,0.019144765582348313,0.0001,0.0001,vit,dp_kfm_a,public,0.1,42,1,True
layer,blocks.5.attn.out_proj,attention_out,0.7200315786041387,0.006705334772741336,19221.296310424805,2.6123976442647305,0.018842908819989776,0.0001,0.0001,vit,dp_kfm_a,public,0.1,42,1,True
layer,blocks.5.mlp.fc1,mlp_fc1,0.7200752901094767,0.026821339090965342,76885.18524169922,3.834906013452871,0.013830357048316255,0.0001,0.0001,vit,dp_kfm_a,public,0.1,42,1,True
layer,blocks.5.mlp.fc2,mlp_fc2,0.7202015700406331,0.026717111089316622,76586.4086151123,3.347912420317994,0.012097572577896199,0.0001,0.0001,vit,dp_kfm_a,public,0.1,42,1,True
layer,blocks.6.attn.q_proj,attention_qkv,0.7201216731476016,0.006705334772741336,19221.296310424805,0.6294440677870674,0.004540104069774329,0.0001,0.0001,vit,dp_kfm_a,public,0.1,42,1,True
layer,blocks.6.attn.k_proj,attention_qkv,0.7199318136035142,0.006705334772741336,19221.296310424805,0.9505998685194074,0.006856562088137575,0.0001,0.0001,vit,dp_kfm_a,public,0.1,42,1,True
layer,blocks.6.attn.v_proj,attention_qkv,0.7203420747040042,0.006705334772741336,19221.296310424805,2.7821703890213643,0.020067459131689717,0.0001,0.0001,vit,dp_kfm_a,public,0.1,42,1,True
layer,blocks.6.attn.out_proj,attention_out,0.7199988594378784,0.006705334772741336,19221.296310424805,2.979435175901138,0.021490306224179943,0.0001,0.0001,vit,dp_kfm_a,public,0.1,42,1,True
layer,blocks.6.mlp.fc1,mlp_fc1,0.7202332057397748,0.026821339090965342,76885.18524169922,3.775488941607101,0.013616072965340106,0.0001,0.0001,vit,dp_kfm_a,public,0.1,42,1,True
layer,blocks.6.mlp.fc2,mlp_fc2,0.7202575771425309,0.026717111089316622,76586.4086151123,3.468058427685149,0.012531716265540973,0.0001,0.0001,vit,dp_kfm_a,public,0.1,42,1,True
layer,blocks.7.attn.q_proj,attention_qkv,0.7205761352867127,0.006705334772741336,19221.296310424805,0.6243059749170816,0.004503043626211947,0.0001,0.0001,vit,dp_kfm_a,public,0.1,42,1,True
layer,blocks.7.attn.k_proj,attention_qkv,0.720372154297061,0.006705334772741336,19221.296310424805,0.8203649126097196,0.0059171930740944114,0.0001,0.0001,vit,dp_kfm_a,public,0.1,42,1,True
layer,blocks.7.attn.v_proj,attention_qkv,0.7205435056494455,0.006705334772741336,19221.296310424805,2.9486543371070506,0.0212682877500502,0.0001,0.0001,vit,dp_kfm_a,public,0.1,42,1,True
layer,blocks.7.attn.out_proj,attention_out,0.7205139109883753,0.006705334772741336,19221.296310424805,3.023388601177793,0.02180733697431574,0.0001,0.0001,vit,dp_kfm_a,public,0.1,42,1,True
layer,blocks.7.mlp.fc1,mlp_fc1,0.7202292181531403,0.026821339090965342,76885.18524169922,3.8621165969933697,0.013928490375322941,0.0001,0.0001,vit,dp_kfm_a,public,0.1,42,1,True
layer,blocks.7.mlp.fc2,mlp_fc2,0.7202273918228029,0.026717111089316622,76586.4086151123,4.3571132218843,0.015744286831389048,0.0001,0.0001,vit,dp_kfm_a,public,0.1,42,1,True
layer,blocks.8.attn.q_proj,attention_qkv,0.7205803268353892,0.006705334772741336,19221.296310424805,0.6325273996239443,0.004562343770070948,0.0001,0.0001,vit,dp_kfm_a,public,0.1,42,1,True
layer,blocks.8.attn.k_proj,attention_qkv,0.7203981998886403,0.006705334772741336,19221.296310424805,0.9576150407552417,0.006907161678550831,0.0001,0.0001,vit,dp_kfm_a,public,0.1,42,1,True
layer,blocks.8.attn.v_proj,attention_qkv,0.7201828290620248,0.006705334772741336,19221.296310424805,3.1897778034484587,0.023007482202550843,0.0001,0.0001,vit,dp_kfm_a,public,0.1,42,1,True
layer,blocks.8.attn.out_proj,attention_out,0.7203976895222166,0.006705334772741336,19221.296310424805,3.1660526256448334,0.022836355359333402,0.0001,0.0001,vit,dp_kfm_a,public,0.1,42,1,True
layer,blocks.8.mlp.fc1,mlp_fc1,0.7202027964551169,0.026821339090965342,76885.18524169922,3.8314942259644362,0.013818052642687394,0.0001,0.0001,vit,dp_kfm_a,public,0.1,42,1,True
layer,blocks.8.mlp.fc2,mlp_fc2,0.7201060054796804,0.026717111089316622,76586.4086151123,3.6786924896998263,0.013292835593852921,0.0001,0.0001,vit,dp_kfm_a,public,0.1,42,1,True
layer,blocks.9.attn.q_proj,attention_qkv,0.7199278935196143,0.006705334772741336,19221.296310424805,0.6477320010633807,0.0046720127246409286,0.0001,0.0001,vit,dp_kfm_a,public,0.1,42,1,True
layer,blocks.9.attn.k_proj,attention_qkv,0.7203038458047265,0.006705334772741336,19221.296310424805,1.0283545803586032,0.007417397437506033,0.0001,0.0001,vit,dp_kfm_a,public,0.1,42,1,True
layer,blocks.9.attn.v_proj,attention_qkv,0.719977622303258,0.006705334772741336,19221.296310424805,3.1142557455757625,0.022462750716700196,0.0001,0.0001,vit,dp_kfm_a,public,0.1,42,1,True
layer,blocks.9.attn.out_proj,attention_out,0.720275567669145,0.006705334772741336,19221.296310424805,3.0702764668728904,0.022145533488922266,0.0001,0.0001,vit,dp_kfm_a,public,0.1,42,1,True
layer,blocks.9.mlp.fc1,mlp_fc1,0.7201639106916384,0.026821339090965342,76885.18524169922,3.6021906018579273,0.012991082963967547,0.0001,0.0001,vit,dp_kfm_a,public,0.1,42,1,True
layer,blocks.9.mlp.fc2,mlp_fc2,0.7199824993599088,0.026717111089316622,76586.4086151123,3.2596271669196266,0.011778556687855895,0.0001,0.0001,vit,dp_kfm_a,public,0.1,42,1,True
layer,blocks.10.attn.q_proj,attention_qkv,0.7202267758757253,0.006705334772741336,19221.296310424805,0.6095516597996161,0.004396622532520426,0.0001,0.0001,vit,dp_kfm_a,public,0.1,42,1,True
layer,blocks.10.attn.k_proj,attention_qkv,0.7202165955484351,0.006705334772741336,19221.296310424805,1.028344571203427,0.00741732524267812,0.0001,0.0001,vit,dp_kfm_a,public,0.1,42,1,True
layer,blocks.10.attn.v_proj,attention_qkv,0.7203208389494473,0.006705334772741336,19221.296310424805,3.065239589569391,0.02210920310102145,0.0001,0.0001,vit,dp_kfm_a,public,0.1,42,1,True
layer,blocks.10.attn.out_proj,attention_out,0.7202386418828626,0.006705334772741336,19221.296310424805,3.0281540591179423,0.02184170964711648,0.0001,0.0001,vit,dp_kfm_a,public,0.1,42,1,True
layer,blocks.10.mlp.fc1,mlp_fc1,0.7201823676944472,0.026821339090965342,76885.18524169922,3.1947115960309,0.011521534526401922,0.0001,0.0001,vit,dp_kfm_a,public,0.1,42,1,True
layer,blocks.10.mlp.fc2,mlp_fc2,0.720207391367311,0.026717111089316622,76586.4086151123,2.8122330323711613,0.010161912542454075,0.0001,0.0001,vit,dp_kfm_a,public,0.1,42,1,True
layer,blocks.11.attn.q_proj,attention_qkv,0.7201316798695966,0.006705334772741336,19221.296310424805,0.775805067842837,0.005595788293387082,0.0001,0.0001,vit,dp_kfm_a,public,0.1,42,1,True
layer,blocks.11.attn.k_proj,attention_qkv,0.7198990495406572,0.006705334772741336,19221.296310424805,1.062605062745031,0.007664442031986129,0.0001,0.0001,vit,dp_kfm_a,public,0.1,42,1,True
layer,blocks.11.attn.v_proj,attention_qkv,0.720319308143731,0.006705334772741336,19221.296310424805,2.737299315233426,0.019743809493627428,0.0001,0.0001,vit,dp_kfm_a,public,0.1,42,1,True
layer,blocks.11.attn.out_proj,attention_out,0.7200055357539091,0.006705334772741336,19221.296310424805,2.3321547187555134,0.01682155043130404,0.0001,0.0001,vit,dp_kfm_a,public,0.1,42,1,True
layer,blocks.11.mlp.fc1,mlp_fc1,0.7201420952732038,0.026821339090965342,76885.18524169922,2.8610754550211337,0.010318295923369549,0.0001,0.0001,vit,dp_kfm_a,public,0.1,42,1,True
layer,blocks.11.mlp.fc2,mlp_fc2,0.7201956283560648,0.026717111089316622,76586.4086151123,2.8381128424240307,0.010255428393859478,0.0001,0.0001,vit,dp_kfm_a,public,0.1,42,1,True
layer,head,patch_head,0.71960393420056,0.0003492361860802786,1001.1091828346252,12.001407948416889,0.37930754005201794,0.0001,0.0001,vit,dp_kfm_a,public,0.1,42,1,True
layer,cls_token,identity,0.7141159629350641,3.474266721627629e-05,99.59220886230469,0.19181454065699272,0.019220684224268873,0.0001,0.0001,vit,dp_kfm_a,public,0.1,42,1,True
layer,pos_embed,identity,0.7202692493818748,0.006844305441606457,19619.665145874023,0.6573422137543597,0.00469294784398586,0.0001,0.0001,vit,dp_kfm_a,public,0.1,42,1,True
layer,blocks.0.norm1.weight,identity,0.7198966559318914,3.474266721627629e-05,99.59220886230469,0.8484973563427869,0.08502327141379358,0.0001,0.0001,vit,dp_kfm_a,public,0.1,42,1,True
layer,blocks.0.norm1.bias,identity,0.7214011287070016,3.474266721627629e-05,99.59220886230469,0.5321799590404686,0.05332683803931568,0.0001,0.0001,vit,dp_kfm_a,public,0.1,42,1,True
layer,blocks.0.norm2.weight,identity,0.7198330597675036,3.474266721627629e-05,99.59220886230469,0.31334022121473665,0.031398106869806035,0.0001,0.0001,vit,dp_kfm_a,public,0.1,42,1,True
layer,blocks.0.norm2.bias,identity,0.719295220760294,3.474266721627629e-05,99.59220886230469,0.24997482011994704,0.025048607186333,0.0001,0.0001,vit,dp_kfm_a,public,0.1,42,1,True
layer,blocks.1.norm1.weight,identity,0.7201664361592618,3.474266721627629e-05,99.59220886230469,0.4843399326748798,0.04853305109853323,0.0001,0.0001,vit,dp_kfm_a,public,0.1,42,1,True
layer,blocks.1.norm1.bias,identity,0.721503788450501,3.474266721627629e-05,99.59220886230469,0.5363617880142437,0.05374587620977728,0.0001,0.0001,vit,dp_kfm_a,public,0.1,42,1,True
layer,blocks.1.norm2.weight,identity,0.7218347042004147,3.474266721627629e-05,99.59220886230469,0.6069767311650587,0.06082181278459414,0.0001,0.0001,vit,dp_kfm_a,public,0.1,42,1,True
layer,blocks.1.norm2.bias,identity,0.7180172354511912,3.474266721627629e-05,99.59220886230469,0.45741726365774704,0.04583527793764363,0.0001,0.0001,vit,dp_kfm_a,public,0.1,42,1,True
layer,blocks.2.norm1.weight,identity,0.7203505521739182,3.474266721627629e-05,99.59220886230469,0.4519295652935996,0.04528538575004379,0.0001,0.0001,vit,dp_kfm_a,public,0.1,42,1,True
layer,blocks.2.norm1.bias,identity,0.7163903795672324,3.474266721627629e-05,99.59220886230469,0.5360691767005171,0.05371655523315932,0.0001,0.0001,vit,dp_kfm_a,public,0.1,42,1,True
layer,blocks.2.norm2.weight,identity,0.7214467553030348,3.474266721627629e-05,99.59220886230469,0.35923020874669537,0.0359964911027547,0.0001,0.0001,vit,dp_kfm_a,public,0.1,42,1,True
layer,blocks.2.norm2.bias,identity,0.7182306329092334,3.474266721627629e-05,99.59220886230469,0.504219267599276,0.05052505033832795,0.0001,0.0001,vit,dp_kfm_a,public,0.1,42,1,True
layer,blocks.3.norm1.weight,identity,0.715897813432502,3.474266721627629e-05,99.59220886230469,0.3591616550275984,0.035989621710149494,0.0001,0.0001,vit,dp_kfm_a,public,0.1,42,1,True
layer,blocks.3.norm1.bias,identity,0.7185715588629581,3.474266721627629e-05,99.59220886230469,0.5158658855251046,0.051692094112310474,0.0001,0.0001,vit,dp_kfm_a,public,0.1,42,1,True
layer,blocks.3.norm2.weight,identity,0.7168448718661599,3.474266721627629e-05,99.59220886230469,0.3237507705065255,0.03244129097802478,0.0001,0.0001,vit,dp_kfm_a,public,0.1,42,1,True
layer,blocks.3.norm2.bias,identity,0.7250678974291619,3.474266721627629e-05,99.59220886230469,0.401184107743643,0.04020046146827146,0.0001,0.0001,vit,dp_kfm_a,public,0.1,42,1,True
layer,blocks.4.norm1.weight,identity,0.7180958293248871,3.474266721627629e-05,99.59220886230469,0.2816594326152724,0.02822354861389662,0.0001,0.0001,vit,dp_kfm_a,public,0.1,42,1,True
layer,blocks.4.norm1.bias,identity,0.7217479770181263,3.474266721627629e-05,99.59220886230469,0.5138355058250509,0.051488640886416144,0.0001,0.0001,vit,dp_kfm_a,public,0.1,42,1,True
layer,blocks.4.norm2.weight,identity,0.7172649338843595,3.474266721627629e-05,99.59220886230469,0.2663591819873819,0.02669039432401024,0.0001,0.0001,vit,dp_kfm_a,public,0.1,42,1,True
layer,blocks.4.norm2.bias,identity,0.7225413241951496,3.474266721627629e-05,99.59220886230469,0.3675078612559123,0.03682594930990075,0.0001,0.0001,vit,dp_kfm_a,public,0.1,42,1,True
layer,blocks.5.norm1.weight,identity,0.7156588038331706,3.474266721627629e-05,99.59220886230469,0.27771416965442897,0.02782821542751596,0.0001,0.0001,vit,dp_kfm_a,public,0.1,42,1,True
layer,blocks.5.norm1.bias,identity,0.7180342609535993,3.474266721627629e-05,99.59220886230469,0.41208533995418695,0.041292814223472536,0.0001,0.0001,vit,dp_kfm_a,public,0.1,42,1,True
layer,blocks.5.norm2.weight,identity,0.7226680856316783,3.474266721627629e-05,99.59220886230469,0.2594179852627266,0.025994855028990342,0.0001,0.0001,vit,dp_kfm_a,public,0.1,42,1,True
layer,blocks.5.norm2.bias,identity,0.7219805237184768,3.474266721627629e-05,99.59220886230469,0.33798096398608407,0.03386722070360252,0.0001,0.0001,vit,dp_kfm_a,public,0.1,42,1,True
layer,blocks.6.norm1.weight,identity,0.7238994584660878,3.474266721627629e-05,99.59220886230469,0.25943810665255046,0.025996871283225486,0.0001,0.0001,vit,dp_kfm_a,public,0.1,42,1,True
layer,blocks.6.norm1.bias,identity,0.7182448204604617,3.474266721627629e-05,99.59220886230469,0.4269942995871494,0.042786759386524466,0.0001,0.0001,vit,dp_kfm_a,public,0.1,42,1,True
layer,blocks.6.norm2.weight,identity,0.7218172330493724,3.474266721627629e-05,99.59220886230469,0.22965341315798546,0.023012310329635428,0.0001,0.0001,vit,dp_kfm_a,public,0.1,42,1,True
layer,blocks.6.norm2.bias,identity,0.7207453810932937,3.474266721627629e-05,99.59220886230469,0.30928931360012685,0.030992187611467128,0.0001,0.0001,vit,dp_kfm_a,public,0.1,42,1,True
layer,blocks.7.norm1.weight,identity,0.7214836546319633,3.474266721627629e-05,99.59220886230469,0.2704072446842646,0.02709602850873014,0.0001,0.0001,vit,dp_kfm_a,public,0.1,42,1,True
layer,blocks.7.norm1.bias,identity,0.7190386683256822,3.474266721627629e-05,99.59220886230469,0.378873506072562,0.03796483830798075,0.0001,0.0001,vit,dp_kfm_a,public,0.1,42,1,True
layer,blocks.7.norm2.weight,identity,0.7169024323897683,3.474266721627629e-05,99.59220886230469,0.17352707981003102,0.01738819796436801,0.0001,0.0001,vit,dp_kfm_a,public,0.1,42,1,True
layer,blocks.7.norm2.bias,identity,0.7183353431527848,3.474266721627629e-05,99.59220886230469,0.25299244785488995,0.025350987128964456,0.0001,0.0001,vit,dp_kfm_a,public,0.1,42,1,True
layer,blocks.8.norm1.weight,identity,0.7194275706080325,3.474266721627629e-05,99.59220886230469,0.33282807294985456,0.0333508777240234,0.0001,0.0001,vit,dp_kfm_a,public,0.1,42,1,True
layer,blocks.8.norm1.bias,identity,0.7214316652373783,3.474266721627629e-05,99.59220886230469,0.40571750811810303,0.04065472868264022,0.0001,0.0001,vit,dp_kfm_a,public,0.1,42,1,True
layer,blocks.8.norm2.weight,identity,0.7213060314688632,3.474266721627629e-05,99.59220886230469,0.15746861684650568,0.015779067370348135,0.0001,0.0001,vit,dp_kfm_a,public,0.1,42,1,True
layer,blocks.8.norm2.bias,identity,0.7169370991880998,3.474266721627629e-05,99.59220886230469,0.2500497328423061,0.025056113779815998,0.0001,0.0001,vit,dp_kfm_a,public,0.1,42,1,True
layer,blocks.9.norm1.weight,identity,0.7232845781269153,3.474266721627629e-05,99.59220886230469,0.35544669129340417,0.03561736554753018,0.0001,0.0001,vit,dp_kfm_a,public,0.1,42,1,True
layer,blocks.9.norm1.bias,identity,0.7192420332762735,3.474266721627629e-05,99.59220886230469,0.4377225388498426,0.043861777466198425,0.0001,0.0001,vit,dp_kfm_a,public,0.1,42,1,True
layer,blocks.9.norm2.weight,identity,0.7178842162365565,3.474266721627629e-05,99.59220886230469,0.604258748796916,0.060549458662501686,0.0001,0.0001,vit,dp_kfm_a,public,0.1,42,1,True
layer,blocks.9.norm2.bias,identity,0.7202040711169818,3.474266721627629e-05,99.59220886230469,0.23867375193446613,0.023916189058666208,0.0001,0.0001,vit,dp_kfm_a,public,0.1,42,1,True
layer,blocks.10.norm1.weight,identity,0.7213290639844787,3.474266721627629e-05,99.59220886230469,0.28667769200990295,0.028726400894277946,0.0001,0.0001,vit,dp_kfm_a,public,0.1,42,1,True
layer,blocks.10.norm1.bias,identity,0.7198469624059669,3.474266721627629e-05,99.59220886230469,0.4050916499587361,0.04059201486538126,0.0001,0.0001,vit,dp_kfm_a,public,0.1,42,1,True
layer,blocks.10.norm2.weight,identity,0.7199312728641792,3.474266721627629e-05,99.59220886230469,0.4121602804634003,0.04130032360132403,0.0001,0.0001,vit,dp_kfm_a,public,0.1,42,1,True
layer,blocks.10.norm2.bias,identity,0.7191252260302871,3.474266721627629e-05,99.59220886230469,0.19185902737496055,0.019225141994546897,0.0001,0.0001,vit,dp_kfm_a,public,0.1,42,1,True
layer,blocks.11.norm1.weight,identity,0.720534980469304,3.474266721627629e-05,99.59220886230469,0.2321385385333061,0.023261331128231578,0.0001,0.0001,vit,dp_kfm_a,public,0.1,42,1,True
layer,blocks.11.norm1.bias,identity,0.7171724590845555,3.474266721627629e-05,99.59220886230469,0.3858457689453648,0.038663490571504304,0.0001,0.0001,vit,dp_kfm_a,public,0.1,42,1,True
layer,blocks.11.norm2.weight,identity,0.7189673708469886,3.474266721627629e-05,99.59220886230469,0.19001071990438648,0.019039933229249035,0.0001,0.0001,vit,dp_kfm_a,public,0.1,42,1,True
layer,blocks.11.norm2.bias,identity,0.7201426606340551,3.474266721627629e-05,99.59220886230469,0.17212446130564182,0.0172476492485739,0.0001,0.0001,vit,dp_kfm_a,public,0.1,42,1,True
layer,norm.weight,identity,0.7178287927595061,3.474266721627629e-05,99.59220886230469,0.1343298951884641,0.013460462843187903,0.0001,0.0001,vit,dp_kfm_a,public,0.1,42,1,True
layer,norm.bias,identity,0.7239602659211286,3.474266721627629e-05,99.59220886230469,0.08639928987092521,0.008657599481885707,0.0001,0.0001,vit,dp_kfm_a,public,0.1,42,1,True
group,attention_out,attention_out,0.7202638422301642,0.08046401727289565,230655.55572509766,10.130411215472087,0.02109332842871477,0.0001,0.0001,vit,dp_kfm_a,public,0.1,42,1,True
group,attention_qkv,attention_qkv,0.7202245010490327,0.2413920518186876,691966.667175293,10.503229425625113,0.012626420969830993,0.0001,0.0001,vit,dp_kfm_a,public,0.1,42,1,True
group,identity,identity,0.7203475488319954,0.008616181469636556,24698.867797851562,2.8854834178347994,0.0183603121320104,0.0001,0.0001,vit,dp_kfm_a,public,0.1,42,1,True
group,mlp_fc1,mlp_fc1,0.7201926862974084,0.3218560690915826,922622.2229003906,12.753782790906609,0.013277828678179029,0.0001,0.0001,vit,dp_kfm_a,public,0.1,42,1,True
group,mlp_fc2,mlp_fc2,0.7201882879548775,0.3206053330717978,919036.9033813477,12.719202041436063,0.013267631194195472,0.0001,0.0001,vit,dp_kfm_a,public,0.1,42,1,True
group,patch_head,patch_head,0.7202589222219002,0.027066347275396748,77587.51779794693,12.889838346764643,0.046275544954169606,0.0001,0.0001,vit,dp_kfm_a,public,0.1,42,1,True
layer,patch_embed,patch_head,0.7200568952506871,0.026717111089316622,76586.4086151123,4.086374371167491,0.014765980805124581,0.0001,0.0001,vit,dp_kfm_a,public,0.1,42,2,True
layer,blocks.0.attn.q_proj,attention_qkv,0.7202680541722527,0.006705334772741336,19221.296310424805,0.4575846135399872,0.003300502574442872,0.0001,0.0001,vit,dp_kfm_a,public,0.1,42,2,True
layer,blocks.0.attn.k_proj,attention_qkv,0.720258415450328,0.006705334772741336,19221.296310424805,0.6926243476594834,0.004995815800900333,0.0001,0.0001,vit,dp_kfm_a,public,0.1,42,2,True
layer,blocks.0.attn.v_proj,attention_qkv,0.7200958043131476,0.006705334772741336,19221.296310424805,1.6249898516070986,0.011720855618769803,0.0001,0.0001,vit,dp_kfm_a,public,0.1,42,2,True
layer,blocks.0.attn.out_proj,attention_out,0.7205229224616067,0.006705334772741336,19221.296310424805,1.8545054833325203,0.013376324161569563,0.0001,0.0001,vit,dp_kfm_a,public,0.1,42,2,True
layer,blocks.0.mlp.fc1,mlp_fc1,0.7203092874991918,0.026821339090965342,76885.18524169922,2.172945905980022,0.007836598242813771,0.0001,0.0001,vit,dp_kfm_a,public,0.1,42,2,True
layer,blocks.0.mlp.fc2,mlp_fc2,0.7200638607152959,0.026717111089316622,76586.4086151123,3.5169534062261345,0.012708396679283121,0.0001,0.0001,vit,dp_kfm_a,public,0.1,42,2,True
layer,blocks.1.attn.q_proj,attention_qkv,0.7200840885252238,0.006705334772741336,19221.296310424805,0.2792673081791516,0.002014321378667758,0.0001,0.0001,vit,dp_kfm_a,public,0.1,42,2,True
layer,blocks.1.attn.k_proj,attention_qkv,0.7207006607675345,0.006705334772741336,19221.296310424805,0.383373712370175,0.002765228303597471,0.0001,0.0001,vit,dp_kfm_a,public,0.1,42,2,True
layer,blocks.1.attn.v_proj,attention_qkv,0.7201830280436322,0.006705334772741336,19221.296310424805,1.6046820777425228,0.011574378097590272,0.0001,0.0001,vit,dp_kfm_a,public,0.1,42,2,True
layer,blocks.1.attn.out_proj,attention_out,0.7201913903020415,0.006705334772741336,19221.296310424805,2.078682714687535,0.014993287466989021,0.0001,0.0001,vit,dp_kfm_a,public,0.1,42,2,True
layer,blocks.1.mlp.fc1,mlp_fc1,0.7200751486453241,0.026821339090965342,76885.18524169922,2.781731241717121,0.010032145807600677,0.0001,0.0001,vit,dp_kfm_a,public,0.1,42,2,True
layer,blocks.1.mlp.fc2,mlp_fc2,0.7201459946176242,0.026717111089316622,76586.4086151123,2.3078987641046496,0.008339517076895642,0.0001,0.0001,vit,dp_kfm_a,public,0.1,42,2,True
layer,blocks.2.attn.q_proj,attention_qkv,0.72033988960166,0.006705334772741336,19221.296310424805,0.4312484982342907,0.0031105433542347846,0.0001,0.0001,vit,dp_kfm_a,public,0.1,42,2,True
layer,blocks.2.attn.k_proj,attention_qkv,0.72066968052592,0.006705334772741336,19221.296310424805,0.5668559923808552,0.00408866383796772,0.0001,0.0001,vit,dp_kfm_a,public,0.1,42,2,True
layer,blocks.2.attn.v_proj,attention_qkv,0.7205494235919613,0.006705334772741336,19221.296310424805,2.1787829409619035,0.01571529831426154,0.0001,0.0001,vit,dp_kfm_a,public,0.1,42,2,True
layer,blocks.2.attn.out_proj,attention_out,0.7204436438245373,0.006705334772741336,19221.296310424805,2.4156097342905714,0.01742350138304765,0.0001,0.0001,vit,dp_kfm_a,public,0.1,42,2,True
layer,blocks.2.mlp.fc1,mlp_fc1,0.7202364356712156,0.026821339090965342,76885.18524169922,2.9089808314889507,0.010491063771853893,0.0001,0.0001,vit,dp_kfm_a,public,0.1,42,2,True
layer,blocks.2.mlp.fc2,mlp_fc2,0.7202592637294226,0.026717111089316622,76586.4086151123,2.7022700349353768,0.009764564829805115,0.0001,0.0001,vit,dp_kfm_a,public,0.1,42,2,True
layer,blocks.3.attn.q_proj,attention_qkv,0.7205705842225487,0.006705334772741336,19221.296310424805,0.4622656883856767,0.003334266602170627,0.0001,0.0001,vit,dp_kfm_a,public,0.1,42,2,True
layer,blocks.3.attn.k_proj,attention_qkv,0.7203953104545002,0.006705334772741336,19221.296310424805,0.6488864161855471,0.0046803393815475275,0.0001,0.0001,vit,dp_kfm_a,public,0.1,42,2,True
layer,blocks.3.attn.v_proj,attention_qkv,0.7200449822827011,0.006705334772741336,19221.296310424805,1.991235484207979,0.014362541150820654,0.0001,0.0001,vit,dp_kfm_a,public,0.1,42,2,True
layer,blocks.3.attn.out_proj,attention_out,0.7200409043867723,0.006705334772741336,19221.296310424805,2.1306425318205666,0.015368067354993646,0.0001,0.0001,vit,dp_kfm_a,public,0.1,42,2,True
layer,blocks.3.mlp.fc1,mlp_fc1,0.7201816132590695,0.026821339090965342,76885.18524169922,2.748889404503171,0.009913703704144114,0.0001,0.0001,vit,dp_kfm_a,public,0.1,42,2,True
layer,blocks.3.mlp.fc2,mlp_fc2,0.7202942473820376,0.026717111089316622,76586.4086151123,2.674141176467311,0.009662922115143401,0.0001,0.0001,vit,dp_kfm_a,public,0.1,42,2,True
layer,blocks.4.attn.q_proj,attention_qkv,0.7204307180215962,0.006705334772741336,19221.296310424805,0.6007295909481603,0.004332990014960706,0.0001,0.0001,vit,dp_kfm_a,public,0.1,42,2,True
layer,blocks.4.attn.k_proj,attention_qkv,0.7202490890676423,0.006705334772741336,19221.296310424805,0.8703774347883705,0.0062779273586850235,0.0001,0.0001,vit,dp_kfm_a,public,0.1,42,2,True
layer,blocks.4.attn.v_proj,attention_qkv,0.7201260047747235,0.006705334772741336,19221.296310424805,1.8379452628180148,0.013256877290271562,0.0001,0.0001,vit,dp_kfm_a,public,0.1,42,2,True
layer,blocks.4.attn.out_proj,attention_out,0.7202109745742272,0.006705334772741336,19221.296310424805,1.9425261049665192,0.014011206278910896,0.0001,0.0001,vit,dp_kfm_a,public,0.1,42,2,True
layer,blocks.4.mlp.fc1,mlp_fc1,0.720122675274,0.026821339090965342,76885.18524169922,2.5030076731985704,0.009026946082530614,0.0001,0.0001,vit,dp_kfm_a,public,0.1,42,2,True
layer,blocks.4.mlp.fc2,mlp_fc2,0.7201393741521417,0.026717111089316622,76586.4086151123,2.5041073934482645,0.009048510573705352,0.0001,0.0001,vit,dp_kfm_a,public,0.1,42,2,True
layer,blocks.5.attn.q_proj,attention_qkv,0.7201215274087112,0.006705334772741336,19221.296310424805,0.43726372309994826,0.003153930444988047,0.0001,0.0001,vit,dp_kfm_a,public,0.1,42,2,True
layer,blocks.5.attn.k_proj,attention_qkv,0.7203738550208095,0.006705334772741336,19221.296310424805,0.645457758056885,0.00465560888439862,0.0001,0.0001,vit,dp_kfm_a,public,0.1,42,2,True
layer,blocks.5.attn.v_proj,attention_qkv,0.7204776741197381,0.006705334772741336,19221.296310424805,1.7896826800724415,0.01290876510754602,0.0001,0.0001,vit,dp_kfm_a,public,0.1,42,2,True
layer,blocks.5.attn.out_proj,attention_out,0.7201781966203246,0.006705334772741336,19221.296310424805,1.8040874905343367,0.013012665266351704,0.0001,0.0001,vit,dp_kfm_a,public,0.1,42,2,True
layer,blocks.5.mlp.fc1,mlp_fc1,0.7201544716795876,0.026821339090965342,76885.18524169922,2.3389414954568184,0.008435251316150175,0.0001,0.0001,vit,dp_kfm_a,public,0.1,42,2,True
layer,blocks.5.mlp.fc2,mlp_fc2,0.7201955140278038,0.026717111089316622,76586.4086151123,2.1150252270270244,0.0076425748274533845,0.0001,0.0001,vit,dp_kfm_a,public,0.1,42,2,True
layer,blocks.6.attn.q_proj,attention_qkv,0.720295616030103,0.006705334772741336,19221.296310424805,0.4050752240199517,0.002921758687159269,0.0001,0.0001,vit,dp_kfm_a,public,0.1,42,2,True
layer,blocks.6.attn.k_proj,attention_qkv,0.7201800026600611,0.006705334772741336,19221.296310424805,0.6151916452354584,0.004437303066568127,0.0001,0.0001,vit,dp_kfm_a,public,0.1,42,2,True
layer,blocks.6.attn.v_proj,attention_qkv,0.7204017657428232,0.006705334772741336,19221.296310424805,1.8013497555000086,0.012992918314068846,0.0001,0.0001,vit,dp_kfm_a,public,0.1,42,2,True
layer,blocks.6.attn.out_proj,attention_out,0.7201851119855814,0.006705334772741336,19221.296310424805,2.0203217139829843,0.014572336614681583,0.0001,0.0001,vit,dp_kfm_a,public,0.1,42,2,True
layer,blocks.6.mlp.fc1,mlp_fc1,0.7203349525019416,0.026821339090965342,76885.18524169922,2.3301728676464393,0.008403627789259054,0.0001,0.0001,vit,dp_kfm_a,public,0.1,42,2,True
layer,blocks.6.mlp.fc2,mlp_fc2,0.7202607463745703,0.026717111089316622,76586.4086151123,2.12146905783092,0.007665859400358185,0.0001,0.0001,vit,dp_kfm_a,public,0.1,42,2,True
layer,blocks.7.attn.q_proj,attention_qkv,0.7201893676674819,0.006705334772741336,19221.296310424805,0.37486246053131617,0.002703837671625468,0.0001,0.0001,vit,dp_kfm_a,public,0.1,42,2,True
layer,blocks.7.attn.k_proj,attention_qkv,0.7203596963403648,0.006705334772741336,19221.296310424805,0.5221944062254698,0.0037665252089080932,0.0001,0.0001,vit,dp_kfm_a,public,0.1,42,2,True
layer,blocks.7.attn.v_proj,attention_qkv,0.7201733026228051,0.006705334772741336,19221.296310424805,1.7947694522713755,0.012945455381303922,0.0001,0.0001,vit,dp_kfm_a,public,0.1,42,2,True
layer,blocks.7.attn.out_proj,attention_out,0.7202384761147947,0.006705334772741336,19221.296310424805,1.7685887804184077,0.012756617355954064,0.0001,0.0001,vit,dp_kfm_a,public,0.1,42,2,True
layer,blocks.7.mlp.fc1,mlp_fc1,0.7201478542059718,0.026821339090965342,76885.18524169922,2.195020595520436,0.007916209278130847,0.0001,0.0001,vit,dp_kfm_a,public,0.1,42,2,True
layer,blocks.7.mlp.fc2,mlp_fc2,0.720239070415433,0.026717111089316622,76586.4086151123,2.137016026064451,0.007722037864116667,0.0001,0.0001,vit,dp_kfm_a,public,0.1,42,2,True
layer,blocks.8.attn.q_proj,attention_qkv,0.7199024383090716,0.006705334772741336,19221.296310424805,0.38283836086943296,0.0027613668778542397,0.0001,0.0001,vit,dp_kfm_a,public,0.1,42,2,True
layer,blocks.8.attn.k_proj,attention_qkv,0.7201370087703,0.006705334772741336,19221.296310424805,0.5620991599373574,0.004054353379832997,0.0001,0.0001,vit,dp_kfm_a,public,0.1,42,2,True
layer,blocks.8.attn.v_proj,attention_qkv,0.7201046908790242,0.006705334772741336,19221.296310424805,1.7899293658315598,0.012910544422144787,0.0001,0.0001,vit,dp_kfm_a,public,0.1,42,2,True
layer,blocks.8.attn.out_proj,attention_out,0.720194745247607,0.006705334772741336,19221.296310424805,1.7753406618087524,0.01280531786128524,0.0001,0.0001,vit,dp_kfm_a,public,0.1,42,2,True
layer,blocks.8.mlp.fc1,mlp_fc1,0.7201815688485986,0.026821339090965342,76885.18524169922,2.1122629755957125,0.0076177489174303155,0.0001,0.0001,vit,dp_kfm_a,public,0.1,42,2,True
layer,blocks.8.mlp.fc2,mlp_fc2,0.720298370461549,0.026717111089316622,76586.4086151123,1.9019843415377848,0.006872758520842662,0.0001,0.0001,vit,dp_kfm_a,public,0.1,42,2,True
layer,blocks.9.attn.q_proj,attention_qkv,0.72019699346771,0.006705334772741332,19221.296310424805,0.3947984772932852,0.002847633753705194,0.0001,0.0001,vit,dp_kfm_a,public,0.1,42,2,True
layer,blocks.9.attn.k_proj,attention_qkv,0.7204339649400451,0.006705334772741332,19221.296310424805,0.6030826095416089,0.004349962054001328,0.0001,0.0001,vit,dp_kfm_a,public,0.1,42,2,True
layer,blocks.9.attn.v_proj,attention_qkv,0.7202607577829393,0.006705334772741332,19221.296310424805,1.6159125674450094,0.011655382263985997,0.0001,0.0001,vit,dp_kfm_a,public,0.1,42,2,True
layer,blocks.9.attn.out_proj,attention_out,0.7204462596320891,0.006705334772741336,19221.296310424805,1.5851673915717825,0.0114336210221989,0.0001,0.0001,vit,dp_kfm_a,public,0.1,42,2,True
layer,blocks.9.mlp.fc1,mlp_fc1,0.7202346360764658,0.026821339090965342,76885.18524169922,1.9323100637030706,0.006968759603317097,0.0001,0.0001,vit,dp_kfm_a,public,0.1,42,2,True
layer,blocks.9.mlp.fc2,mlp_fc2,0.7202477687239637,0.026717111089316622,76586.4086151123,1.6180352771936657,0.005846717817543013,0.0001,0.0001,vit,dp_kfm_a,public,0.1,42,2,True
layer,blocks.10.attn.q_proj,attention_qkv,0.7202372859106951,0.006705334772741336,19221.296310424805,0.3405805046293792,0.002456566062477727,0.0001,0.0001,vit,dp_kfm_a,public,0.1,42,2,True
layer,blocks.10.attn.k_proj,attention_qkv,0.7201668038993299,0.006705334772741336,19221.296310424805,0.5510677578735512,0.003974785208539746,0.0001,0.0001,vit,dp_kfm_a,public,0.1,42,2,True
layer,blocks.10.attn.v_proj,attention_qkv,0.7200923939050735,0.006705334772741336,19221.296310424805,1.5189436747519467,0.01095595734779753,0.0001,0.0001,vit,dp_kfm_a,public,0.1,42,2,True
layer,blocks.10.attn.out_proj,attention_out,0.720090387589106,0.006705334772741336,19221.296310424805,1.5042622705852378,0.010850062151991458,0.0001,0.0001,vit,dp_kfm_a,public,0.1,42,2,True
layer,blocks.10.mlp.fc1,mlp_fc1,0.7200705647360275,0.026821339090965342,76885.18524169922,1.724869745275286,0.006220638616777071,0.0001,0.0001,vit,dp_kfm_a,public,0.1,42,2,True
layer,blocks.10.mlp.fc2,mlp_fc2,0.7201898567961168,0.026717111089316622,76586.4086151123,1.3723417068983488,0.0049589120970195,0.0001,0.0001,vit,dp_kfm_a,public,0.1,42,2,True
layer,blocks.11.attn.q_proj,attention_qkv,0.7199880639850721,0.006705334772741336,19221.296310424805,0.4953725145626692,0.0035730621424827492,0.0001,0.0001,vit,dp_kfm_a,public,0.1,42,2,True
layer,blocks.11.attn.k_proj,attention_qkv,0.7199307479507523,0.006705334772741336,19221.296310424805,0.6567666916593157,0.0047371788571742976,0.0001,0.0001,vit,dp_kfm_a,public,0.1,42,2,True
layer,blocks.11.attn.v_proj,attention_qkv,0.7201174759303303,0.006705334772741336,19221.296310424805,1.5145541327543353,0.010924296111306943,0.0001,0.0001,vit,dp_kfm_a,public,0.1,42,2,True
layer,blocks.11.attn.out_proj,attention_out,0.7198647103814759,0.006705334772741336,19221.296310424805,1.346770990215537,0.009714096560204626,0.0001,0.0001,vit,dp_kfm_a,public,0.1,42,2,True
layer,blocks.11.mlp.fc1,mlp_fc1,0.7201453270564858,0.026821339090965342,76885.18524169922,1.3941631855511778,0.005027965371810989,0.0001,0.0001,vit,dp_kfm_a,public,0.1,42,2,True
layer,blocks.11.mlp.fc2,mlp_fc2,0.7201604022517186,0.026717111089316622,76586.4086151123,1.35633906506525,0.00490108707153822,0.0001,0.0001,vit,dp_kfm_a,public,0.1,42,2,True
layer,head,patch_head,0.7197963860211741,0.0003492361860802786,1001.1091828346252,5.269678804899043,0.16654953426645078,0.0001,0.0001,vit,dp_kfm_a,public,0.1,42,2,True
layer,cls_token,identity,0.7152104047730433,3.474266721627629e-05,99.59220886230469,0.13431170944052134,0.013458640549020864,0.0001,0.0001,vit,dp_kfm_a,public,0.1,42,2,True
layer,pos_embed,identity,0.7199688138306861,0.006844305441606457,19619.665145874023,0.541045961523518,0.0038626767389959224,0.0001,0.0001,vit,dp_kfm_a,public,0.1,42,2,True
layer,blocks.0.norm1.weight,identity,0.7169253236502254,3.474266721627629e-05,99.59220886230469,0.6522923945037238,0.06536264713668474,0.0001,0.0001,vit,dp_kfm_a,public,0.1,42,2,True
layer,blocks.0.norm1.bias,identity,0.7197689869258335,3.474266721627629e-05,99.59220886230469,0.40731980158148257,0.04081528573211489,0.0001,0.0001,vit,dp_kfm_a,public,0.1,42,2,True
layer,blocks.0.norm2.weight,identity,0.7266318369770224,3.474266721627629e-05,99.59220886230469,0.21218797655163685,0.02126219461525947,0.0001,0.0001,vit,dp_kfm_a,public,0.1,42,2,True
layer,blocks.0.norm2.bias,identity,0.7162264204315456,3.474266721627629e-05,99.59220886230469,0.17482045597547613,0.01751780010388293,0.0001,0.0001,vit,dp_kfm_a,public,0.1,42,2,True
layer,blocks.1.norm1.weight,identity,0.7157387600120085,3.474266721627629e-05,99.59220886230469,0.2799716964362941,0.028054429818007084,0.0001,0.0001,vit,dp_kfm_a,public,0.1,42,2,True
layer,blocks.1.norm1.bias,identity,0.7196196702061021,3.474266721627629e-05,99.59220886230469,0.32654820858740635,0.032721606921776454,0.0001,0.0001,vit,dp_kfm_a,public,0.1,42,2,True
layer,blocks.1.norm2.weight,identity,0.7213795952389972,3.474266721627629e-05,99.59220886230469,0.3262675474783429,0.03269348340969616,0.0001,0.0001,vit,dp_kfm_a,public,0.1,42,2,True
layer,blocks.1.norm2.bias,identity,0.715185956048747,3.474266721627629e-05,99.59220886230469,0.28639456890575676,0.028698030679158968,0.0001,0.0001,vit,dp_kfm_a,public,0.1,42,2,True
layer,blocks.2.norm1.weight,identity,0.7212839069188606,3.474266721627629e-05,99.59220886230469,0.2745629721537062,0.02751245119044487,0.0001,0.0001,vit,dp_kfm_a,public,0.1,42,2,True
layer,blocks.2.norm1.bias,identity,0.7232180945300334,3.474266721627629e-05,99.59220886230469,0.35055725981494473,0.035127422406818466,0.0001,0.0001,vit,dp_kfm_a,public,0.1,42,2,True
layer,blocks.2.norm2.weight,identity,0.7199446144968231,3.474266721627629e-05,99.59220886230469,0.2357914461651554,0.023627368988821885,0.0001,0.0001,vit,dp_kfm_a,public,0.1,42,2,True
layer,blocks.2.norm2.bias,identity,0.7188078892538922,3.474266721627629e-05,99.59220886230469,0.3165082511287926,0.03171555779079743,0.0001,0.0001,vit,dp_kfm_a,public,0.1,42,2,True
layer,blocks.3.norm1.weight,identity,0.717583679563228,3.474266721627629e-05,99.59220886230469,0.22795727342358907,0.02284234945949806,0.0001,0.0001,vit,dp_kfm_a,public,0.1,42,2,True
layer,blocks.3.norm1.bias,identity,0.7135626694587358,3.474266721627629e-05,99.59220886230469,0.31980622694976885,0.032046029879186255,0.0001,0.0001,vit,dp_kfm_a,public,0.1,42,2,True
layer,blocks.3.norm2.weight,identity,0.7170663444881128,3.474266721627629e-05,99.59220886230469,0.22661017441388673,0.022707364048091642,0.0001,0.0001,vit,dp_kfm_a,public,0.1,42,2,True
layer,blocks.3.norm2.bias,identity,0.7156169136988616,3.474266721627629e-05,99.59220886230469,0.2569130069230752,0.025743844873607143,0.0001,0.0001,vit,dp_kfm_a,public,0.1,42,2,True
layer,blocks.4.norm1.weight,identity,0.7199075476279626,3.474266721627629e-05,99.59220886230469,0.20992785705126554,0.021035720422651585,0.0001,0.0001,vit,dp_kfm_a,public,0.1,42,2,True
layer,blocks.4.norm1.bias,identity,0.7193581622105943,3.474266721627629e-05,99.59220886230469,0.32136271768051994,0.032201997287763844,0.0001,0.0001,vit,dp_kfm_a,public,0.1,42,2,True
layer,blocks.4.norm2.weight,identity,0.7192126097931189,3.474266721627629e-05,99.59220886230469,0.18481097531596863,0.018518895311901824,0.0001,0.0001,vit,dp_kfm_a,public,0.1,42,2,True
layer,blocks.4.norm2.bias,identity,0.7169164833604049,3.474266721627629e-05,99.59220886230469,0.23326297237896854,0.023374004483465924,0.0001,0.0001,vit,dp_kfm_a,public,0.1,42,2,True
layer,blocks.5.norm1.weight,identity,0.7191136536134366,3.474266721627629e-05,99.59220886230469,0.17846969996833106,0.01788347085128161,0.0001,0.0001,vit,dp_kfm_a,public,0.1,42,2,True
layer,blocks.5.norm1.bias,identity,0.7195532465872327,3.474266721627629e-05,99.59220886230469,0.24642040522792646,0.024692438743588452,0.0001,0.0001,vit,dp_kfm_a,public,0.1,42,2,True
layer,blocks.5.norm2.weight,identity,0.7195198695094748,3.474266721627629e-05,99.59220886230469,0.1635488458366533,0.016388333805679854,0.0001,0.0001,vit,dp_kfm_a,public,0.1,42,2,True
layer,blocks.5.norm2.bias,identity,0.720620680956005,3.474266721627629e-05,99.59220886230469,0.19898721994025834,0.019939419118262844,0.0001,0.0001,vit,dp_kfm_a,public,0.1,42,2,True
layer,blocks.6.norm1.weight,identity,0.7169758538019747,3.474266721627629e-05,99.59220886230469,0.16329718934739554,0.01636311668764257,0.0001,0.0001,vit,dp_kfm_a,public,0.1,42,2,True
layer,blocks.6.norm1.bias,identity,0.7141502684928493,3.474266721627629e-05,99.59220886230469,0.25346375578534297,0.025398214314518792,0.0001,0.0001,vit,dp_kfm_a,public,0.1,42,2,True
layer,blocks.6.norm2.weight,identity,0.721506524723181,3.474266721627629e-05,99.59220886230469,0.13877295831726555,0.013905677857100195,0.0001,0.0001,vit,dp_kfm_a,public,0.1,42,2,True
layer,blocks.6.norm2.bias,identity,0.7186826863680121,3.474266721627629e-05,99.59220886230469,0.16811497383754392,0.016845880476188263,0.0001,0.0001,vit,dp_kfm_a,public,0.1,42,2,True
layer,blocks.7.norm1.weight,identity,0.7210168400435194,3.474266721627629e-05,99.59220886230469,0.14392475979375668,0.014421911657867329,0.0001,0.0001,vit,dp_kfm_a,public,0.1,42,2,True
layer,blocks.7.norm1.bias,identity,0.7209307252678557,3.474266721627629e-05,99.59220886230469,0.20387665018192214,0.020429362135042064,0.0001,0.0001,vit,dp_kfm_a,public,0.1,42,2,True
layer,blocks.7.norm2.weight,identity,0.7240715920773113,3.474266721627629e-05,99.59220886230469,0.09889146688479009,0.009909372099512944,0.0001,0.0001,vit,dp_kfm_a,public,0.1,42,2,True
layer,blocks.7.norm2.bias,identity,0.7223389042964989,3.474266721627629e-05,99.59220886230469,0.13264311782737068,0.013291440125185511,0.0001,0.0001,vit,dp_kfm_a,public,0.1,42,2,True
layer,blocks.8.norm1.weight,identity,0.7159235814948345,3.474266721627629e-05,99.59220886230469,0.18644409003761853,0.018682540790807244,0.0001,0.0001,vit,dp_kfm_a,public,0.1,42,2,True
layer,blocks.8.norm1.bias,identity,0.7186624148092075,3.474266721627629e-05,99.59220886230469,0.19800362855822212,0.019840858814674386,0.0001,0.0001,vit,dp_kfm_a,public,0.1,42,2,True
layer,blocks.8.norm2.weight,identity,0.7173235839005981,3.474266721627629e-05,99.59220886230469,0.07607128845904376,0.007622687044457104,0.0001,0.0001,vit,dp_kfm_a,public,0.1,42,2,True
layer,blocks.8.norm2.bias,identity,0.7205906442342012,3.474266721627629e-05,99.59220886230469,0.11557093176633636,0.011580729893452383,0.0001,0.0001,vit,dp_kfm_a,public,0.1,42,2,True
layer,blocks.9.norm1.weight,identity,0.7196421115932766,3.474266721627629e-05,99.59220886230469,0.17718186268400823,0.017754423732698088,0.0001,0.0001,vit,dp_kfm_a,public,0.1,42,2,True
layer,blocks.9.norm1.bias,identity,0.7178677275958909,3.474266721627629e-05,99.59220886230469,0.204728655504895,0.02051473692057274,0.0001,0.0001,vit,dp_kfm_a,public,0.1,42,2,True
layer,blocks.9.norm2.weight,identity,0.7247642421242889,3.474266721627629e-05,99.59220886230469,0.2944932908792571,0.02950955923762815,0.0001,0.0001,vit,dp_kfm_a,public,0.1,42,2,True
layer,blocks.9.norm2.bias,identity,0.7188324011138731,3.474266721627629e-05,99.59220886230469,0.11179941964415295,0.011202807326684515,0.0001,0.0001,vit,dp_kfm_a,public,0.1,42,2,True
layer,blocks.10.norm1.weight,identity,0.722374955377241,3.474266721627629e-05,99.59220886230469,0.12482362452573317,0.012507891542112638,0.0001,0.0001,vit,dp_kfm_a,public,0.1,42,2,True
layer,blocks.10.norm1.bias,identity,0.7211095277604967,3.474266721627629e-05,99.59220886230469,0.18548479818838717,0.018586415410271243,0.0001,0.0001,vit,dp_kfm_a,public,0.1,42,2,True
layer,blocks.10.norm2.weight,identity,0.7185766567413228,3.474266721627629e-05,99.59220886230469,0.14658575262333368,0.014688555170528863,0.0001,0.0001,vit,dp_kfm_a,public,0.1,42,2,True
layer,blocks.10.norm2.bias,identity,0.7237273146539503,3.474266721627629e-05,99.59220886230469,0.08912491701711582,0.008930719645302867,0.0001,0.0001,vit,dp_kfm_a,public,0.1,42,2,True
layer,blocks.11.norm1.weight,identity,0.7204283767559857,3.474266721627629e-05,99.59220886230469,0.13462908037243462,0.013490442551326707,0.0001,0.0001,vit,dp_kfm_a,public,0.1,42,2,True
layer,blocks.11.norm1.bias,identity,0.716302599278222,3.474266721627629e-05,99.59220886230469,0.16728475615758193,0.016762688910995662,0.0001,0.0001,vit,dp_kfm_a,public,0.1,42,2,True
layer,blocks.11.norm2.weight,identity,0.7197767103831738,3.474266721627629e-05,99.59220886230469,0.09636798193648989,0.009656507498269233,0.0001,0.0001,vit,dp_kfm_a,public,0.1,42,2,True
layer,blocks.11.norm2.bias,identity,0.7177793851107442,3.474266721627629e-05,99.59220886230469,0.07378804036387064,0.0073938952620788275,0.0001,0.0001,vit,dp_kfm_a,public,0.1,42,2,True
layer,norm.weight,identity,0.7256929912148831,3.474266721627629e-05,99.59220886230469,0.06469636375708462,0.006482868159911965,0.0001,0.0001,vit,dp_kfm_a,public,0.1,42,2,True
layer,norm.bias,identity,0.7215944608358688,3.474266721627629e-05,99.59220886230469,0.033290157394948845,0.0033358242856506544,0.0001,0.0001,vit,dp_kfm_a,public,0.1,42,2,True
group,attention_out,attention_out,0.7202216404334784,0.08046401727289565,230655.55572509766,6.501465319728511,0.013537213874149917,0.0001,0.0001,vit,dp_kfm_a,public,0.1,42,2,True
group,attention_qkv,attention_qkv,0.7202578633442215,0.2413920518186876,691966.667175293,6.664913461456111,0.008012202693252103,0.0001,0.0001,vit,dp_kfm_a,public,0.1,42,2,True
group,identity,identity,0.7200398570804417,0.008616181469636556,24698.867797851562,1.780256095641106,0.011327757903184119,0.0001,0.0001,vit,dp_kfm_a,public,0.1,42,2,True
group,mlp_fc1,mlp_fc1,0.720184039231251,0.3218560690915826,922622.2229003906,7.985657338632225,0.008313783585886554,0.0001,0.0001,vit,dp_kfm_a,public,0.1,42,2,True
group,mlp_fc2,mlp_fc2,0.7202089966948327,0.3206053330717978,919036.9033813477,7.883158562658291,0.008223066204466513,0.0001,0.0001,vit,dp_kfm_a,public,0.1,42,2,True
group,patch_head,patch_head,0.7200548616447657,0.027066347275396748,77587.51779794693,6.699803655447798,0.02405282804183528,0.0001,0.0001,vit,dp_kfm_a,public,0.1,42,2,True
layer,patch_embed,patch_head,0.7203079808798978,0.026717111089316622,76586.4086151123,3.6010483861860147,0.01301227115261977,0.0001,0.0001,vit,dp_kfm_a,public,0.1,42,3,True
layer,blocks.0.attn.q_proj,attention_qkv,0.7203566189363424,0.006705334772741336,19221.296310424805,0.3929430396604411,0.0028342507060617286,0.0001,0.0001,vit,dp_kfm_a,public,0.1,42,3,True
layer,blocks.0.attn.k_proj,attention_qkv,0.7201082744606592,0.006705334772741336,19221.296310424805,0.5758537800168556,0.004153563793906287,0.0001,0.0001,vit,dp_kfm_a,public,0.1,42,3,True
layer,blocks.0.attn.v_proj,attention_qkv,0.7200070595856173,0.006705334772741336,19221.296310424805,1.3930449382223986,0.010047864960642635,0.0001,0.0001,vit,dp_kfm_a,public,0.1,42,3,True
layer,blocks.0.attn.out_proj,attention_out,0.7203693522743656,0.006705334772741336,19221.296310424805,1.604914519840067,0.011576054674377714,0.0001,0.0001,vit,dp_kfm_a,public,0.1,42,3,True
layer,blocks.0.mlp.fc1,mlp_fc1,0.7202442676193892,0.026821339090965342,76885.18524169922,1.8552632868540557,0.006690895053441369,0.0001,0.0001,vit,dp_kfm_a,public,0.1,42,3,True
layer,blocks.0.mlp.fc2,mlp_fc2,0.7202753622779425,0.026717111089316622,76586.4086151123,2.999004578737018,0.010836805447039759,0.0001,0.0001,vit,dp_kfm_a,public,0.1,42,3,True
layer,blocks.1.attn.q_proj,attention_qkv,0.7197830552248853,0.006705334772741336,19221.296310424805,0.23716476097030204,0.0017106407885832608,0.0001,0.0001,vit,dp_kfm_a,public,0.1,42,3,True
layer,blocks.1.attn.k_proj,attention_qkv,0.7202083557098046,0.006705334772741336,19221.296310424805,0.3181390896128046,0.00229469884525786,0.0001,0.0001,vit,dp_kfm_a,public,0.1,42,3,True
layer,blocks.1.attn.v_proj,attention_qkv,0.7201878508233386,0.006705334772741336,19221.296310424805,1.3708475364753827,0.009887757781676998,0.0001,0.0001,vit,dp_kfm_a,public,0.1,42,3,True
layer,blocks.1.attn.out_proj,attention_out,0.7203341928041861,0.006705334772741336,19221.296310424805,1.7405885350951507,0.012554654966835471,0.0001,0.0001,vit,dp_kfm_a,public,0.1,42,3,True
layer,blocks.1.mlp.fc1,mlp_fc1,0.720291246698385,0.026821339090965342,76885.18524169922,2.3538635820945237,0.008489066920856365,0.0001,0.0001,vit,dp_kfm_a,public,0.1,42,3,True
layer,blocks.1.mlp.fc2,mlp_fc2,0.7201129882800357,0.026717111089316622,76586.4086151123,1.9247840120109312,0.0069551443881153766,0.0001,0.0001,vit,dp_kfm_a,public,0.1,42,3,True
layer,blocks.2.attn.q_proj,attention_qkv,0.7202330669921717,0.006705334772741336,19221.296310424805,0.37043351909348426,0.002671892251729168,0.0001,0.0001,vit,dp_kfm_a,public,0.1,42,3,True
layer,blocks.2.attn.k_proj,attention_qkv,0.7201310135057485,0.006705334772741336,19221.296310424805,0.49157753344067134,0.003545689401808154,0.0001,0.0001,vit,dp_kfm_a,public,0.1,42,3,True
layer,blocks.2.attn.v_proj,attention_qkv,0.7203407642165387,0.006705334772741336,19221.296310424805,1.8500279710053245,0.01334402840571213,0.0001,0.0001,vit,dp_kfm_a,public,0.1,42,3,True
layer,blocks.2.attn.out_proj,attention_out,0.7203090961725699,0.006705334772741336,19221.296310424805,2.033079848327978,0.014664359497455067,0.0001,0.0001,vit,dp_kfm_a,public,0.1,42,3,True
layer,blocks.2.mlp.fc1,mlp_fc1,0.7198999391792696,0.026821339090965342,76885.18524169922,2.4763705662800204,0.008930880964343784,0.0001,0.0001,vit,dp_kfm_a,public,0.1,42,3,True
layer,blocks.2.mlp.fc2,mlp_fc2,0.7201683419985541,0.026717111089316622,76586.4086151123,2.2865966281196246,0.008262542501760678,0.0001,0.0001,vit,dp_kfm_a,public,0.1,42,3,True
layer,blocks.3.attn.q_proj,attention_qkv,0.7201158370431266,0.006705334772741336,19221.296310424805,0.38828340562399744,0.0028006413283025743,0.0001,0.0001,vit,dp_kfm_a,public,0.1,42,3,True
layer,blocks.3.attn.k_proj,attention_qkv,0.7202897736122713,0.006705334772741336,19221.296310424805,0.5465566346230347,0.003942247021150153,0.0001,0.0001,vit,dp_kfm_a,public,0.1,42,3,True
layer,blocks.3.attn.v_proj,attention_qkv,0.7201674227299222,0.006705334772741336,19221.296310424805,1.6639053473012746,0.01200154839104355,0.0001,0.0001,vit,dp_kfm_a,public,0.1,42,3,True
layer,blocks.3.attn.out_proj,attention_out,0.7199470780224616,0.006705334772741336,19221.296310424805,1.7842313824174827,0.012869445555682028,0.0001,0.0001,vit,dp_kfm_a,public,0.1,42,3,True
layer,blocks.3.mlp.fc1,mlp_fc1,0.7203227589901652,0.026821339090965342,76885.18524169922,2.273239856954166,0.008198302322885825,0.0001,0.0001,vit,dp_kfm_a,public,0.1,42,3,True
layer,blocks.3.mlp.fc2,mlp_fc2,0.7201399937385553,0.026717111089316622,76586.4086151123,2.227777825157107,0.008050002671427707,0.0001,0.0001,vit,dp_kfm_a,public,0.1,42,3,True
layer,blocks.4.attn.q_proj,attention_qkv,0.7204670382570485,0.006705334772741336,19221.296310424805,0.4992756286117506,0.003601214832905791,0.0001,0.0001,vit,dp_kfm_a,public,0.1,42,3,True
layer,blocks.4.attn.k_proj,attention_qkv,0.7201564991497252,0.006705334772741336,19221.296310424805,0.7185923149185789,0.005183119613693863,0.0001,0.0001,vit,dp_kfm_a,public,0.1,42,3,True
layer,blocks.4.attn.v_proj,attention_qkv,0.7199868534536601,0.006705334772741336,19221.296310424805,1.5709825726363078,0.011331307635714273,0.0001,0.0001,vit,dp_kfm_a,public,0.1,42,3,True
layer,blocks.4.attn.out_proj,attention_out,0.7201247802262856,0.006705334772741336,19221.296310424805,1.6460608184916623,0.011872837959064185,0.0001,0.0001,vit,dp_kfm_a,public,0.1,42,3,True
layer,blocks.4.mlp.fc1,mlp_fc1,0.7201594087211932,0.026821339090965342,76885.18524169922,2.078568066522477,0.00749623026180782,0.0001,0.0001,vit,dp_kfm_a,public,0.1,42,3,True
layer,blocks.4.mlp.fc2,mlp_fc2,0.7201759345870717,0.026717111089316622,76586.4086151123,2.098821260183202,0.007584022320597675,0.0001,0.0001,vit,dp_kfm_a,public,0.1,42,3,True
layer,blocks.5.attn.q_proj,attention_qkv,0.7204077661087618,0.006705334772741336,19221.296310424805,0.36621667480141606,0.0026414766629393157,0.0001,0.0001,vit,dp_kfm_a,public,0.1,42,3,True
layer,blocks.5.attn.k_proj,attention_qkv,0.7203031554659509,0.006705334772741336,19221.296310424805,0.5429583727405516,0.003916293192600766,0.0001,0.0001,vit,dp_kfm_a,public,0.1,42,3,True
layer,blocks.5.attn.v_proj,attention_qkv,0.7206664536694648,0.006705334772741336,19221.296310424805,1.4731844112049908,0.010625901304232285,0.0001,0.0001,vit,dp_kfm_a,public,0.1,42,3,True
layer,blocks.5.attn.out_proj,attention_out,0.7202254219094616,0.006705334772741336,19221.296310424805,1.4778395837447114,0.010659478501754216,0.0001,0.0001,vit,dp_kfm_a,public,0.1,42,3,True
layer,blocks.5.mlp.fc1,mlp_fc1,0.7202159334360075,0.026821339090965342,76885.18524169922,1.872742300548458,0.0067539320612318935,0.0001,0.0001,vit,dp_kfm_a,public,0.1,42,3,True
layer,blocks.5.mlp.fc2,mlp_fc2,0.720052802711819,0.026717111089316622,76586.4086151123,1.699883333083522,0.0061424731038755035,0.0001,0.0001,vit,dp_kfm_a,public,0.1,42,3,True
layer,blocks.6.attn.q_proj,attention_qkv,0.7199866315020267,0.006705334772741336,19221.296310424805,0.3316351144389015,0.002392044042987908,0.0001,0.0001,vit,dp_kfm_a,public,0.1,42,3,True
layer,blocks.6.attn.k_proj,attention_qkv,0.720565619745539,0.006705334772741336,19221.296310424805,0.5054621521278533,0.003645837480144265,0.0001,0.0001,vit,dp_kfm_a,public,0.1,42,3,True
layer,blocks.6.attn.v_proj,attention_qkv,0.7201849091206961,0.006705334772741336,19221.296310424805,1.4420125205388634,0.010401062220160212,0.0001,0.0001,vit,dp_kfm_a,public,0.1,42,3,True
layer,blocks.6.attn.out_proj,attention_out,0.7203751342907891,0.006705334772741336,19221.296310424805,1.6310614365797356,0.011764649228170498,0.0001,0.0001,vit,dp_kfm_a,public,0.1,42,3,True
layer,blocks.6.mlp.fc1,mlp_fc1,0.7203353480308061,0.026821339090965342,76885.18524169922,1.8341894478296714,0.00661489352509528,0.0001,0.0001,vit,dp_kfm_a,public,0.1,42,3,True
layer,blocks.6.mlp.fc2,mlp_fc2,0.7201331439366726,0.026717111089316622,76586.4086151123,1.6468324492762116,0.0059507754617013605,0.0001,0.0001,vit,dp_kfm_a,public,0.1,42,3,True
layer,blocks.7.attn.q_proj,attention_qkv,0.720104320978317,0.006705334772741336,19221.296310424805,0.29125967917850937,0.0021008209028778213,0.0001,0.0001,vit,dp_kfm_a,public,0.1,42,3,True
layer,blocks.7.attn.k_proj,attention_qkv,0.7200531509718444,0.006705334772741336,19221.296310424805,0.4179694729135666,0.003014763347739193,0.0001,0.0001,vit,dp_kfm_a,public,0.1,42,3,True
layer,blocks.7.attn.v_proj,attention_qkv,0.72037824494757,0.006705334772741336,19221.296310424805,1.3892345586793422,0.010020381153015949,0.0001,0.0001,vit,dp_kfm_a,public,0.1,42,3,True
layer,blocks.7.attn.out_proj,attention_out,0.7204879284180501,0.006705334772741336,19221.296310424805,1.338815692490121,0.009656715958133978,0.0001,0.0001,vit,dp_kfm_a,public,0.1,42,3,True
layer,blocks.7.mlp.fc1,mlp_fc1,0.7202679570663119,0.026821339090965342,76885.18524169922,1.6344326648583147,0.0058944827453720604,0.0001,0.0001,vit,dp_kfm_a,public,0.1,42,3,True
layer,blocks.7.mlp.fc2,mlp_fc2,0.720216889810722,0.026717111089316622,76586.4086151123,1.5261320245752015,0.0055146284050634,0.0001,0.0001,vit,dp_kfm_a,public,0.1,42,3,True
layer,blocks.8.attn.q_proj,attention_qkv,0.7200710238118929,0.006705334772741332,19221.296310424805,0.2851198823085913,0.0020565352892970897,0.0001,0.0001,vit,dp_kfm_a,public,0.1,42,3,True
layer,blocks.8.attn.k_proj,attention_qkv,0.7200818885977461,0.006705334772741332,19221.296310424805,0.41082685854106404,0.0029632445325799136,0.0001,0.0001,vit,dp_kfm_a,public,0.1,42,3,True
layer,blocks.8.attn.v_proj,attention_qkv,0.7204390701014947,0.006705334772741332,19221.296310424805,1.254153830487832,0.009046060168521716,0.0001,0.0001,vit,dp_kfm_a,public,0.1,42,3,True
layer,blocks.8.attn.out_proj,attention_out,0.7201842871747214,0.006705334772741336,19221.296310424805,1.2323086029002526,0.008888493179250997,0.0001,0.0001,vit,dp_kfm_a,public,0.1,42,3,True
layer,blocks.8.mlp.fc1,mlp_fc1,0.7202525888486891,0.026821339090965342,76885.18524169922,1.4947746731577736,0.005390814628580281,0.0001,0.0001,vit,dp_kfm_a,public,0.1,42,3,True
layer,blocks.8.mlp.fc2,mlp_fc2,0.7202055328461635,0.026717111089316622,76586.4086151123,1.3022884779480364,0.004705777033987627,0.0001,0.0001,vit,dp_kfm_a,public,0.1,42,3,True
layer,blocks.9.attn.q_proj,attention_qkv,0.7203734834673962,0.006705334772741332,19221.296310424805,0.2913715535035277,0.00210162783887788,0.0001,0.0001,vit,dp_kfm_a,public,0.1,42,3,True
layer,blocks.9.attn.k_proj,attention_qkv,0.7202328917335513,0.006705334772741332,19221.296310424805,0.4456930484390322,0.0032147301510079516,0.0001,0.0001,vit,dp_kfm_a,public,0.1,42,3,True
layer,blocks.9.attn.v_proj,attention_qkv,0.7199488742018533,0.006705334772741332,19221.296310424805,1.107548037230657,0.007988610281100489,0.0001,0.0001,vit,dp_kfm_a,public,0.1,42,3,True
layer,blocks.9.attn.out_proj,attention_out,0.7202910594609934,0.006705334772741336,19221.296310424805,1.0498320783682298,0.007572312037726015,0.0001,0.0001,vit,dp_kfm_a,public,0.1,42,3,True
layer,blocks.9.mlp.fc1,mlp_fc1,0.7202048453784881,0.026821339090965342,76885.18524169922,1.2899003041009764,0.004651947583556458,0.0001,0.0001,vit,dp_kfm_a,public,0.1,42,3,True
layer,blocks.9.mlp.fc2,mlp_fc2,0.7202534034994383,0.026717111089316622,76586.4086151123,1.0434263962661188,0.0037703873261186105,0.0001,0.0001,vit,dp_kfm_a,public,0.1,42,3,True
layer,blocks.10.attn.q_proj,attention_qkv,0.7201496690010644,0.006705334772741336,19221.296310424805,0.2441189323000525,0.001760800386825418,0.0001,0.0001,vit,dp_kfm_a,public,0.1,42,3,True
layer,blocks.10.attn.k_proj,attention_qkv,0.7199923916160871,0.006705334772741336,19221.296310424805,0.39556022148901293,0.0028531281226255494,0.0001,0.0001,vit,dp_kfm_a,public,0.1,42,3,True
layer,blocks.10.attn.v_proj,attention_qkv,0.7199770932387644,0.006705334772741336,19221.296310424805,0.9791742033182251,0.007062665315335031,0.0001,0.0001,vit,dp_kfm_a,public,0.1,42,3,True
layer,blocks.10.attn.out_proj,attention_out,0.7201060521474721,0.006705334772741336,19221.296310424805,0.9355199002314392,0.006747792097442494,0.0001,0.0001,vit,dp_kfm_a,public,0.1,42,3,True
layer,blocks.10.mlp.fc1,mlp_fc1,0.7200357517985051,0.026821339090965342,76885.18524169922,1.0893087176326763,0.00392852613541335,0.0001,0.0001,vit,dp_kfm_a,public,0.1,42,3,True
layer,blocks.10.mlp.fc2,mlp_fc2,0.7203272963180289,0.026717111089316622,76586.4086151123,0.8566400518119295,0.003095440949122335,0.0001,0.0001,vit,dp_kfm_a,public,0.1,42,3,True
layer,blocks.11.attn.q_proj,attention_qkv,0.7200981186421976,0.006705334772741336,19221.296310424805,0.33329448304621445,0.0024040128684211263,0.0001,0.0001,vit,dp_kfm_a,public,0.1,42,3,True
layer,blocks.11.attn.k_proj,attention_qkv,0.7200582320473331,0.006705334772741336,19221.296310424805,0.4498020630866471,0.0032443679775903582,0.0001,0.0001,vit,dp_kfm_a,public,0.1,42,3,True
layer,blocks.11.attn.v_proj,attention_qkv,0.7202449200821294,0.006705334772741336,19221.296310424805,0.9598321805392169,0.006923153640143028,0.0001,0.0001,vit,dp_kfm_a,public,0.1,42,3,True
layer,blocks.11.attn.out_proj,attention_out,0.720187443993014,0.006705334772741336,19221.296310424805,0.8578637350939744,0.006187667553536339,0.0001,0.0001,vit,dp_kfm_a,public,0.1,42,3,True
layer,blocks.11.mlp.fc1,mlp_fc1,0.7201867792867025,0.026821339090965342,76885.18524169922,0.8487123747944368,0.003060829948258054,0.0001,0.0001,vit,dp_kfm_a,public,0.1,42,3,True
layer,blocks.11.mlp.fc2,mlp_fc2,0.7202842589479316,0.026717111089316622,76586.4086151123,0.8477122020919265,0.0030631804547029393,0.0001,0.0001,vit,dp_kfm_a,public,0.1,42,3,True
layer,head,patch_head,0.7201582076486086,0.0003492361860802786,1001.1091828346252,3.1058385441058887,0.09816081438336113,0.0001,0.0001,vit,dp_kfm_a,public,0.1,42,3,True
layer,cls_token,identity,0.7170487583105086,3.474266721627629e-05,99.59220886230469,0.10991229857921368,0.011013709263743478,0.0001,0.0001,vit,dp_kfm_a,public,0.1,42,3,True
layer,pos_embed,identity,0.7202348663195954,0.006844305441606457,19619.665145874023,0.4672081390740747,0.003335528105577693,0.0001,0.0001,vit,dp_kfm_a,public,0.1,42,3,True
layer,blocks.0.norm1.weight,identity,0.7188956605967206,3.474266721627629e-05,99.59220886230469,0.5143532114848256,0.05154051733422644,0.0001,0.0001,vit,dp_kfm_a,public,0.1,42,3,True
layer,blocks.0.norm1.bias,identity,0.7204967458064494,3.474266721627629e-05,99.59220886230469,0.3457040206670167,0.03464110590126219,0.0001,0.0001,vit,dp_kfm_a,public,0.1,42,3,True
layer,blocks.0.norm2.weight,identity,0.7176196475046446,3.474266721627629e-05,99.59220886230469,0.1766680193894152,0.017702934311341893,0.0001,0.0001,vit,dp_kfm_a,public,0.1,42,3,True
layer,blocks.0.norm2.bias,identity,0.7205544499361359,3.474266721627629e-05,99.59220886230469,0.1459440281919286,0.014624251481075545,0.0001,0.0001,vit,dp_kfm_a,public,0.1,42,3,True
layer,blocks.1.norm1.weight,identity,0.7193914572754311,3.474266721627629e-05,99.59220886230469,0.21586247075053283,0.021630395547467127,0.0001,0.0001,vit,dp_kfm_a,public,0.1,42,3,True
layer,blocks.1.norm1.bias,identity,0.7189759074838535,3.474266721627629e-05,99.59220886230469,0.2651585583394019,0.026570086406107016,0.0001,0.0001,vit,dp_kfm_a,public,0.1,42,3,True
layer,blocks.1.norm2.weight,identity,0.7224622605439603,3.474266721627629e-05,99.59220886230469,0.27490347053093395,0.027546570667337247,0.0001,0.0001,vit,dp_kfm_a,public,0.1,42,3,True
layer,blocks.1.norm2.bias,identity,0.7141215683943706,3.474266721627629e-05,99.59220886230469,0.23756908182474137,0.02380549611913055,0.0001,0.0001,vit,dp_kfm_a,public,0.1,42,3,True
layer,blocks.2.norm1.weight,identity,0.7185305291031603,3.474266721627629e-05,99.59220886230469,0.224401460355557,0.02248604091319556,0.0001,0.0001,vit,dp_kfm_a,public,0.1,42,3,True
layer,blocks.2.norm1.bias,identity,0.7203444953986233,3.474266721627629e-05,99.59220886230469,0.291728989889623,0.02923256378024206,0.0001,0.0001,vit,dp_kfm_a,public,0.1,42,3,True
layer,blocks.2.norm2.weight,identity,0.7226812528621283,3.474266721627629e-05,99.59220886230469,0.2053495713592686,0.020576955496525752,0.0001,0.0001,vit,dp_kfm_a,public,0.1,42,3,True
layer,blocks.2.norm2.bias,identity,0.7182613102007984,3.474266721627629e-05,99.59220886230469,0.27150710017377144,0.02720623900155169,0.0001,0.0001,vit,dp_kfm_a,public,0.1,42,3,True
layer,blocks.3.norm1.weight,identity,0.7188469885769783,3.474266721627629e-05,99.59220886230469,0.18333481620487346,0.01837097749481685,0.0001,0.0001,vit,dp_kfm_a,public,0.1,42,3,True
layer,blocks.3.norm1.bias,identity,0.7147986804414109,3.474266721627629e-05,99.59220886230469,0.2636872694470264,0.02642265660695742,0.0001,0.0001,vit,dp_kfm_a,public,0.1,42,3,True
layer,blocks.3.norm2.weight,identity,0.7192107265710592,3.474266721627629e-05,99.59220886230469,0.1930217800385805,0.019341655068591326,0.0001,0.0001,vit,dp_kfm_a,public,0.1,42,3,True
layer,blocks.3.norm2.bias,identity,0.7243844031311027,3.474266721627629e-05,99.59220886230469,0.20959186212380213,0.02100205221178701,0.0001,0.0001,vit,dp_kfm_a,public,0.1,42,3,True
layer,blocks.4.norm1.weight,identity,0.7125426018991577,3.474266721627629e-05,99.59220886230469,0.1693062215744636,0.016965248885412003,0.0001,0.0001,vit,dp_kfm_a,public,0.1,42,3,True
layer,blocks.4.norm1.bias,identity,0.7208822967393165,3.474266721627629e-05,99.59220886230469,0.2643443755112545,0.026488501605564534,0.0001,0.0001,vit,dp_kfm_a,public,0.1,42,3,True
layer,blocks.4.norm2.weight,identity,0.7131738286075306,3.474266721627629e-05,99.59220886230469,0.15055570191216422,0.01508636203858806,0.0001,0.0001,vit,dp_kfm_a,public,0.1,42,3,True
layer,blocks.4.norm2.bias,identity,0.7170029075858136,3.474266721627629e-05,99.59220886230469,0.1904908298951054,0.019088042421038745,0.0001,0.0001,vit,dp_kfm_a,public,0.1,42,3,True
layer,blocks.5.norm1.weight,identity,0.7218551736756922,3.474266721627629e-05,99.59220886230469,0.1378724947574249,0.013815447337141275,0.0001,0.0001,vit,dp_kfm_a,public,0.1,42,3,True
layer,blocks.5.norm1.bias,identity,0.7208390151719061,3.474266721627629e-05,99.59220886230469,0.19893877497713627,0.019934564713923936,0.0001,0.0001,vit,dp_kfm_a,public,0.1,42,3,True
layer,blocks.5.norm2.weight,identity,0.7171832963174583,3.474266721627629e-05,99.59220886230469,0.13587259583617278,0.01361504842309556,0.0001,0.0001,vit,dp_kfm_a,public,0.1,42,3,True
layer,blocks.5.norm2.bias,identity,0.7180369801658056,3.474266721627629e-05,99.59220886230469,0.15840383856949158,0.015872780815406155,0.0001,0.0001,vit,dp_kfm_a,public,0.1,42,3,True
layer,blocks.6.norm1.weight,identity,0.7147536759819375,3.474266721627629e-05,99.59220886230469,0.13718155095748216,0.013746211644425152,0.0001,0.0001,vit,dp_kfm_a,public,0.1,42,3,True
layer,blocks.6.norm1.bias,identity,0.719019824748425,3.474266721627629e-05,99.59220886230469,0.20024762563835025,0.020065717467879687,0.0001,0.0001,vit,dp_kfm_a,public,0.1,42,3,True
layer,blocks.6.norm2.weight,identity,0.7171472179685923,3.474266721627629e-05,99.59220886230469,0.11337463876635673,0.011360651404762268,0.0001,0.0001,vit,dp_kfm_a,public,0.1,42,3,True
layer,blocks.6.norm2.bias,identity,0.7180579141275972,3.474266721627629e-05,99.59220886230469,0.13216464953936571,0.013243495439430346,0.0001,0.0001,vit,dp_kfm_a,public,0.1,42,3,True
layer,blocks.7.norm1.weight,identity,0.7175317884381802,3.474266721627629e-05,99.59220886230469,0.1122146741665896,0.011244417707321564,0.0001,0.0001,vit,dp_kfm_a,public,0.1,42,3,True
layer,blocks.7.norm1.bias,identity,0.7160031215107986,3.474266721627629e-05,99.59220886230469,0.15839320267904247,0.015871715051095147,0.0001,0.0001,vit,dp_kfm_a,public,0.1,42,3,True
layer,blocks.7.norm2.weight,identity,0.7184665881340571,3.474266721627629e-05,99.59220886230469,0.07243443423365559,0.007258257807776423,0.0001,0.0001,vit,dp_kfm_a,public,0.1,42,3,True
layer,blocks.7.norm2.bias,identity,0.7187222937380855,3.474266721627629e-05,99.59220886230469,0.09714967707235037,0.009734836885158037,0.0001,0.0001,vit,dp_kfm_a,public,0.1,42,3,True
layer,blocks.8.norm1.weight,identity,0.711912583429075,3.474266721627629e-05,99.59220886230469,0.1303960016951599,0.013066268928859362,0.0001,0.0001,vit,dp_kfm_a,public,0.1,42,3,True
layer,blocks.8.norm1.bias,identity,0.7201644329306602,3.474266721627629e-05,99.59220886230469,0.1461636888217007,0.014646262469329594,0.0001,0.0001,vit,dp_kfm_a,public,0.1,42,3,True
layer,blocks.8.norm2.weight,identity,0.7256273316981081,3.474266721627629e-05,99.59220886230469,0.05334971683521199,0.005345882836783723,0.0001,0.0001,vit,dp_kfm_a,public,0.1,42,3,True
layer,blocks.8.norm2.bias,identity,0.7215629775107629,3.474266721627629e-05,99.59220886230469,0.08024492123911096,0.008040903919251698,0.0001,0.0001,vit,dp_kfm_a,public,0.1,42,3,True
layer,blocks.9.norm1.weight,identity,0.7179730969686418,3.474266721627629e-05,99.59220886230469,0.11732166753916404,0.011756161533485505,0.0001,0.0001,vit,dp_kfm_a,public,0.1,42,3,True
layer,blocks.9.norm1.bias,identity,0.7209356227659446,3.474266721627629e-05,99.59220886230469,0.14986334409788588,0.015016984655242321,0.0001,0.0001,vit,dp_kfm_a,public,0.1,42,3,True
layer,blocks.9.norm2.weight,identity,0.7217737562666496,3.474266721627629e-05,99.59220886230469,0.15065199306195054,0.015096010847157507,0.0001,0.0001,vit,dp_kfm_a,public,0.1,42,3,True
layer,blocks.9.norm2.bias,identity,0.7151028477383192,3.474266721627629e-05,99.59220886230469,0.07211668164884634,0.007226417562124843,0.0001,0.0001,vit,dp_kfm_a,public,0.1,42,3,True
layer,blocks.10.norm1.weight,identity,0.7122572511784651,3.474266721627629e-05,99.59220886230469,0.09570196465409503,0.009589769555311569,0.0001,0.0001,vit,dp_kfm_a,public,0.1,42,3,True
layer,blocks.10.norm1.bias,identity,0.7193202360401401,3.474266721627629e-05,99.59220886230469,0.1322522883425204,0.01325227724374747,0.0001,0.0001,vit,dp_kfm_a,public,0.1,42,3,True
layer,blocks.10.norm2.weight,identity,0.7215850753882994,3.474266721627629e-05,99.59220886230469,0.12395217023262693,0.012420567881840027,0.0001,0.0001,vit,dp_kfm_a,public,0.1,42,3,True
layer,blocks.10.norm2.bias,identity,0.7204858128638836,3.474266721627629e-05,99.59220886230469,0.060964063360383965,0.006108874785325312,0.0001,0.0001,vit,dp_kfm_a,public,0.1,42,3,True
layer,blocks.11.norm1.weight,identity,0.7220381026502785,3.474266721627629e-05,99.59220886230469,0.09204594264939923,0.009223419620481035,0.0001,0.0001,vit,dp_kfm_a,public,0.1,42,3,True
layer,blocks.11.norm1.bias,identity,0.7188285487712726,3.474266721627629e-05,99.59220886230469,0.11499946332768562,0.011523466172121268,0.0001,0.0001,vit,dp_kfm_a,public,0.1,42,3,True
layer,blocks.11.norm2.weight,identity,0.7208963646960967,3.474266721627629e-05,99.59220886230469,0.04882570848975373,0.00489255674618507,0.0001,0.0001,vit,dp_kfm_a,public,0.1,42,3,True
layer,blocks.11.norm2.bias,identity,0.7210786989000476,3.474266721627629e-05,99.59220886230469,0.04145690779116955,0.0041541695996531,0.0001,0.0001,vit,dp_kfm_a,public,0.1,42,3,True
layer,norm.weight,identity,0.72103111439115,3.474266721627629e-05,99.59220886230469,0.03889297329685716,0.003897251771014581,0.0001,0.0001,vit,dp_kfm_a,public,0.1,42,3,True
layer,norm.bias,identity,0.7169129941168543,3.474266721627629e-05,99.59220886230469,0.022691924053378346,0.0022738333870684926,0.0001,0.0001,vit,dp_kfm_a,public,0.1,42,3,True
group,attention_out,attention_out,0.7202497490162076,0.08046401727289565,230655.55572509766,5.153849683230532,0.01073123703750293,0.0001,0.0001,vit,dp_kfm_a,public,0.1,42,3,True
group,attention_qkv,attention_qkv,0.7201953856807608,0.2413920518186876,691966.667175293,5.2711920515955155,0.006336745315102064,0.0001,0.0001,vit,dp_kfm_a,public,0.1,42,3,True
group,identity,identity,0.7201250387717587,0.008616181469636556,24698.867797851562,1.4197308150918135,0.009033737898961516,0.0001,0.0001,vit,dp_kfm_a,public,0.1,42,3,True
group,mlp_fc1,mlp_fc1,0.7202025071268505,0.3218560690915826,922622.2229003906,6.326402125799689,0.006586350493245669,0.0001,0.0001,vit,dp_kfm_a,public,0.1,42,3,True
group,mlp_fc2,mlp_fc2,0.7201966748376428,0.3206053330717978,919036.9033813477,6.289746942679482,0.006560949536647814,0.0001,0.0001,vit,dp_kfm_a,public,0.1,42,3,True
group,patch_head,patch_head,0.720307153650048,0.027066347275396748,77587.51779794693,4.7653715479491545,0.017108062906451633,0.0001,0.0001,vit,dp_kfm_a,public,0.1,42,3,True
layer,patch_embed,patch_head,0.7202232891927185,0.026717111089316622,76586.4086151123,3.351928867801671,0.012112085880169045,0.0001,0.0001,vit,dp_kfm_a,public,0.1,42,4,True
layer,blocks.0.attn.q_proj,attention_qkv,0.7200834651693051,0.006705334772741336,19221.296310424805,0.3683592611090943,0.002656930879307632,0.0001,0.0001,vit,dp_kfm_a,public,0.1,42,4,True
layer,blocks.0.attn.k_proj,attention_qkv,0.7206649693322746,0.006705334772741336,19221.296310424805,0.5560981761440258,0.004011069008215135,0.0001,0.0001,vit,dp_kfm_a,public,0.1,42,4,True
layer,blocks.0.attn.v_proj,attention_qkv,0.7200705666741372,0.006705334772741336,19221.296310424805,1.2964281625483296,0.009350979822002,0.0001,0.0001,vit,dp_kfm_a,public,0.1,42,4,True
layer,blocks.0.attn.out_proj,attention_out,0.7203289959678953,0.006705334772741336,19221.296310424805,1.4857714775129538,0.010716690293907278,0.0001,0.0001,vit,dp_kfm_a,public,0.1,42,4,True
layer,blocks.0.mlp.fc1,mlp_fc1,0.7202739012134093,0.026821339090965342,76885.18524169922,1.7081610780549268,0.006160379817044181,0.0001,0.0001,vit,dp_kfm_a,public,0.1,42,4,True
layer,blocks.0.mlp.fc2,mlp_fc2,0.7201409497683646,0.026717111089316622,76586.4086151123,2.7672605637484473,0.009999405990649253,0.0001,0.0001,vit,dp_kfm_a,public,0.1,42,4,True
layer,blocks.1.attn.q_proj,attention_qkv,0.7200977220442794,0.006705334772741336,19221.296310424805,0.2152636033365656,0.0015526703826419153,0.0001,0.0001,vit,dp_kfm_a,public,0.1,42,4,True
layer,blocks.1.attn.k_proj,attention_qkv,0.7201376252089332,0.006705334772741336,19221.296310424805,0.2895640465113791,0.002088590509159211,0.0001,0.0001,vit,dp_kfm_a,public,0.1,42,4,True
layer,blocks.1.attn.v_proj,attention_qkv,0.7204049672141212,0.006705334772741336,19221.296310424805,1.2677059184930877,0.009143809743194672,0.0001,0.0001,vit,dp_kfm_a,public,0.1,42,4,True
layer,blocks.1.attn.out_proj,attention_out,0.7201233226843641,0.006705334772741336,19221.296310424805,1.6168924813709387,0.011662450264831212,0.0001,0.0001,vit,dp_kfm_a,public,0.1,42,4,True
layer,blocks.1.mlp.fc1,mlp_fc1,0.720133165827079,0.026821339090965342,76885.18524169922,2.1579712034943825,0.007782592882228088,0.0001,0.0001,vit,dp_kfm_a,public,0.1,42,4,True
layer,blocks.1.mlp.fc2,mlp_fc2,0.7200930559438585,0.026717111089316622,76586.4086151123,1.7595916307258368,0.00635822709428661,0.0001,0.0001,vit,dp_kfm_a,public,0.1,42,4,True
layer,blocks.2.attn.q_proj,attention_qkv,0.7202602635082231,0.006705334772741336,19221.296310424805,0.3377119942297337,0.0024358758432730153,0.0001,0.0001,vit,dp_kfm_a,public,0.1,42,4,True
layer,blocks.2.attn.k_proj,attention_qkv,0.7203624829887146,0.006705334772741336,19221.296310424805,0.4505727428295874,0.0032499267975339926,0.0001,0.0001,vit,dp_kfm_a,public,0.1,42,4,True
layer,blocks.2.attn.v_proj,attention_qkv,0.7198407371741423,0.006705334772741336,19221.296310424805,1.6895628186118552,0.012186612634045824,0.0001,0.0001,vit,dp_kfm_a,public,0.1,42,4,True
layer,blocks.2.attn.out_proj,attention_out,0.7204156538751372,0.006705334772741336,19221.296310424805,1.849747399145056,0.01334200467475673,0.0001,0.0001,vit,dp_kfm_a,public,0.1,42,4,True
layer,blocks.2.mlp.fc1,mlp_fc1,0.7202540680866005,0.026821339090965342,76885.18524169922,2.2604444290825363,0.008152156384646442,0.0001,0.0001,vit,dp_kfm_a,public,0.1,42,4,True
layer,blocks.2.mlp.fc2,mlp_fc2,0.7202196151573573,0.026717111089316622,76586.4086151123,2.0972313383394896,0.007578277189757093,0.0001,0.0001,vit,dp_kfm_a,public,0.1,42,4,True
layer,blocks.3.attn.q_proj,attention_qkv,0.7203624756743794,0.006705334772741336,19221.296310424805,0.35382193152475094,0.0025520748760704125,0.0001,0.0001,vit,dp_kfm_a,public,0.1,42,4,True
layer,blocks.3.attn.k_proj,attention_qkv,0.7203045184603999,0.006705334772741336,19221.296310424805,0.49979006816057425,0.0036049254232644852,0.0001,0.0001,vit,dp_kfm_a,public,0.1,42,4,True
layer,blocks.3.attn.v_proj,attention_qkv,0.7199944783281689,0.006705334772741336,19221.296310424805,1.5049743794608021,0.010855198507339825,0.0001,0.0001,vit,dp_kfm_a,public,0.1,42,4,True
layer,blocks.3.attn.out_proj,attention_out,0.7202710248394254,0.006705334772741336,19221.296310424805,1.6251722013050682,0.01172217088512664,0.0001,0.0001,vit,dp_kfm_a,public,0.1,42,4,True
layer,blocks.3.mlp.fc1,mlp_fc1,0.7201190982794705,0.026821339090965342,76885.18524169922,2.060218699672207,0.0074300543778984,0.0001,0.0001,vit,dp_kfm_a,public,0.1,42,4,True
layer,blocks.3.mlp.fc2,mlp_fc2,0.7202295748053386,0.026717111089316622,76586.4086151123,2.0268858007443664,0.007324085878949962,0.0001,0.0001,vit,dp_kfm_a,public,0.1,42,4,True
layer,blocks.4.attn.q_proj,attention_qkv,0.7203081011732605,0.006705334772741336,19221.296310424805,0.4482636501786597,0.003233271591013703,0.0001,0.0001,vit,dp_kfm_a,public,0.1,42,4,True
layer,blocks.4.attn.k_proj,attention_qkv,0.7202803791681127,0.006705334772741336,19221.296310424805,0.6575636612117864,0.004742927302340171,0.0001,0.0001,vit,dp_kfm_a,public,0.1,42,4,True
layer,blocks.4.attn.v_proj,attention_qkv,0.7201781848898096,0.006705334772741336,19221.296310424805,1.4501532637836745,0.01045978041837392,0.0001,0.0001,vit,dp_kfm_a,public,0.1,42,4,True
layer,blocks.4.attn.out_proj,attention_out,0.7203206044986575,0.006705334772741336,19221.296310424805,1.523022008063658,0.010985373873608158,0.0001,0.0001,vit,dp_kfm_a,public,0.1,42,4,True
layer,blocks.4.mlp.fc1,mlp_fc1,0.7203000933221498,0.026821339090965342,76885.18524169922,1.8904376002757706,0.006817749091544298,0.0001,0.0001,vit,dp_kfm_a,public,0.1,42,4,True
layer,blocks.4.mlp.fc2,mlp_fc2,0.7202370889987001,0.026717111089316622,76586.4086151123,1.922877550150805,0.006948255450226828,0.0001,0.0001,vit,dp_kfm_a,public,0.1,42,4,True
layer,blocks.5.attn.q_proj,attention_qkv,0.7202205867956932,0.006705334772741336,19221.296310424805,0.33297214664136243,0.0024016878948477788,0.0001,0.0001,vit,dp_kfm_a,public,0.1,42,4,True
layer,blocks.5.attn.k_proj,attention_qkv,0.7202309621416375,0.006705334772741336,19221.296310424805,0.4965662010628235,0.0035816720590976453,0.0001,0.0001,vit,dp_kfm_a,public,0.1,42,4,True
layer,blocks.5.attn.v_proj,attention_qkv,0.7203346332781061,0.006705334772741336,19221.296310424805,1.363377996597045,0.009833880892313,0.0001,0.0001,vit,dp_kfm_a,public,0.1,42,4,True
layer,blocks.5.attn.out_proj,attention_out,0.7201019674606887,0.006705334772741336,19221.296310424805,1.3613521308432022,0.009819268567208142,0.0001,0.0001,vit,dp_kfm_a,public,0.1,42,4,True
layer,blocks.5.mlp.fc1,mlp_fc1,0.7203170111512373,0.026821339090965342,76885.18524169922,1.6999353403988582,0.0061307141907237135,0.0001,0.0001,vit,dp_kfm_a,public,0.1,42,4,True
layer,blocks.5.mlp.fc2,mlp_fc2,0.7203151480510265,0.026717111089316622,76586.4086151123,1.5481019380133731,0.005594015972293465,0.0001,0.0001,vit,dp_kfm_a,public,0.1,42,4,True
layer,blocks.6.attn.q_proj,attention_qkv,0.7201901203392679,0.006705334772741336,19221.296310424805,0.3002501124572518,0.0021656678127253523,0.0001,0.0001,vit,dp_kfm_a,public,0.1,42,4,True
layer,blocks.6.attn.k_proj,attention_qkv,0.7202755486993867,0.006705334772741336,19221.296310424805,0.4578523317413824,0.0033024335935086043,0.0001,0.0001,vit,dp_kfm_a,public,0.1,42,4,True
layer,blocks.6.attn.v_proj,attention_qkv,0.7203617175003113,0.006705334772741336,19221.296310424805,1.3173079263957057,0.00950158303787259,0.0001,0.0001,vit,dp_kfm_a,public,0.1,42,4,True
layer,blocks.6.attn.out_proj,attention_out,0.7202369427454337,0.006705334772741336,19221.296310424805,1.5025206106423898,0.010837499769089872,0.0001,0.0001,vit,dp_kfm_a,public,0.1,42,4,True
layer,blocks.6.mlp.fc1,mlp_fc1,0.7201850050795303,0.026821339090965342,76885.18524169922,1.6611643743866253,0.005990889042160423,0.0001,0.0001,vit,dp_kfm_a,public,0.1,42,4,True
layer,blocks.6.mlp.fc2,mlp_fc2,0.7202432641412799,0.026717111089316622,76586.4086151123,1.4939006611813677,0.005398161422362459,0.0001,0.0001,vit,dp_kfm_a,public,0.1,42,4,True
layer,blocks.7.attn.q_proj,attention_qkv,0.7203739580886848,0.006705334772741336,19221.296310424805,0.2621699781798152,0.0018910004014995054,0.0001,0.0001,vit,dp_kfm_a,public,0.1,42,4,True
layer,blocks.7.attn.k_proj,attention_qkv,0.7206354677683102,0.006705334772741336,19221.296310424805,0.37923632799095564,0.0027353858495660073,0.0001,0.0001,vit,dp_kfm_a,public,0.1,42,4,True
layer,blocks.7.attn.v_proj,attention_qkv,0.7201899985701714,0.006705334772741336,19221.296310424805,1.2668558228889604,0.009137678106231967,0.0001,0.0001,vit,dp_kfm_a,public,0.1,42,4,True
layer,blocks.7.attn.out_proj,attention_out,0.7201609056223826,0.006705334772741336,19221.296310424805,1.1975784783245749,0.008637988983565829,0.0001,0.0001,vit,dp_kfm_a,public,0.1,42,4,True
layer,blocks.7.mlp.fc1,mlp_fc1,0.720312322251311,0.026821339090965342,76885.18524169922,1.4484939789045697,0.005223906098431073,0.0001,0.0001,vit,dp_kfm_a,public,0.1,42,4,True
layer,blocks.7.mlp.fc2,mlp_fc2,0.7202074449261718,0.026717111089316622,76586.4086151123,1.3271018218672892,0.004795439244725783,0.0001,0.0001,vit,dp_kfm_a,public,0.1,42,4,True
layer,blocks.8.attn.q_proj,attention_qkv,0.7204605458381426,0.006705334772741336,19221.296310424805,0.25081041092546574,0.0018090652143054092,0.0001,0.0001,vit,dp_kfm_a,public,0.1,42,4,True
layer,blocks.8.attn.k_proj,attention_qkv,0.7203994358727492,0.006705334772741336,19221.296310424805,0.3595930393545065,0.002593701180115338,0.0001,0.0001,vit,dp_kfm_a,public,0.1,42,4,True
layer,blocks.8.attn.v_proj,attention_qkv,0.7201510919928145,0.006705334772741336,19221.296310424805,1.0873387190046993,0.007842842908556,0.0001,0.0001,vit,dp_kfm_a,public,0.1,42,4,True
layer,blocks.8.attn.out_proj,attention_out,0.7204018861563976,0.006705334772741336,19221.296310424805,1.050880834182526,0.007579876586800934,0.0001,0.0001,vit,dp_kfm_a,public,0.1,42,4,True
layer,blocks.8.mlp.fc1,mlp_fc1,0.7201675303927335,0.026821339090965342,76885.18524169922,1.2980096718767928,0.004681193528928314,0.0001,0.0001,vit,dp_kfm_a,public,0.1,42,4,True
layer,blocks.8.mlp.fc2,mlp_fc2,0.7201589395997937,0.026717111089316622,76586.4086151123,1.108129318391782,0.00400418922955754,0.0001,0.0001,vit,dp_kfm_a,public,0.1,42,4,True
layer,blocks.9.attn.q_proj,attention_qkv,0.7197037350733826,0.006705334772741336,19221.296310424805,0.25467463747359415,0.001836937413878864,0.0001,0.0001,vit,dp_kfm_a,public,0.1,42,4,True
layer,blocks.9.attn.k_proj,attention_qkv,0.7201891191213274,0.006705334772741336,19221.296310424805,0.3951761591895805,0.0028503579276265983,0.0001,0.0001,vit,dp_kfm_a,public,0.1,42,4,True
layer,blocks.9.attn.v_proj,attention_qkv,0.7202090315131994,0.006705334772741336,19221.296310424805,0.9540946901876827,0.006881769814909955,0.0001,0.0001,vit,dp_kfm_a,public,0.1,42,4,True
layer,blocks.9.attn.out_proj,attention_out,0.720422290124663,0.006705334772741336,19221.296310424805,0.8801541355253999,0.006348445520785123,0.0001,0.0001,vit,dp_kfm_a,public,0.1,42,4,True
layer,blocks.9.mlp.fc1,mlp_fc1,0.7201971342611773,0.026821339090965342,76885.18524169922,1.0822019911672878,0.0039028961554043846,0.0001,0.0001,vit,dp_kfm_a,public,0.1,42,4,True
layer,blocks.9.mlp.fc2,mlp_fc2,0.7201755013059822,0.026717111089316622,76586.4086151123,0.8661044276647099,0.003129640163262057,0.0001,0.0001,vit,dp_kfm_a,public,0.1,42,4,True
layer,blocks.10.attn.q_proj,attention_qkv,0.7199700517529741,0.006705334772741336,19221.296310424805,0.2117433238188865,0.0015272790314752446,0.0001,0.0001,vit,dp_kfm_a,public,0.1,42,4,True
layer,blocks.10.attn.k_proj,attention_qkv,0.720305519926046,0.006705334772741336,19221.296310424805,0.33951836284702736,0.0024489049620312854,0.0001,0.0001,vit,dp_kfm_a,public,0.1,42,4,True
layer,blocks.10.attn.v_proj,attention_qkv,0.7202906355399591,0.006705334772741336,19221.296310424805,0.809304376693871,0.005837414763843637,0.0001,0.0001,vit,dp_kfm_a,public,0.1,42,4,True
layer,blocks.10.attn.out_proj,attention_out,0.7200784199223799,0.006705334772741336,19221.296310424805,0.756278662489219,0.005454946688944451,0.0001,0.0001,vit,dp_kfm_a,public,0.1,42,4,True
layer,blocks.10.mlp.fc1,mlp_fc1,0.7202131736117771,0.026821339090965342,76885.18524169922,0.8846457599158345,0.003190421532625497,0.0001,0.0001,vit,dp_kfm_a,public,0.1,42,4,True
layer,blocks.10.mlp.fc2,mlp_fc2,0.7202780755337005,0.026717111089316622,76586.4086151123,0.6793599974903993,0.0024548452421520816,0.0001,0.0001,vit,dp_kfm_a,public,0.1,42,4,True
layer,blocks.11.attn.q_proj,attention_qkv,0.7199843388247597,0.006705334772741336,19221.296310424805,0.27868929878779336,0.0020101522667094894,0.0001,0.0001,vit,dp_kfm_a,public,0.1,42,4,True
layer,blocks.11.attn.k_proj,attention_qkv,0.7198795464531875,0.006705334772741336,19221.296310424805,0.37651528241857674,0.002715759276357314,0.0001,0.0001,vit,dp_kfm_a,public,0.1,42,4,True
layer,blocks.11.attn.v_proj,attention_qkv,0.7199489153083487,0.006705334772741336,19221.296310424805,0.7550671636470242,0.00544620829405686,0.0001,0.0001,vit,dp_kfm_a,public,0.1,42,4,True
layer,blocks.11.attn.out_proj,attention_out,0.7202605056307363,0.006705334772741336,19221.296310424805,0.6726067500958672,0.0048514312863473675,0.0001,0.0001,vit,dp_kfm_a,public,0.1,42,4,True
layer,blocks.11.mlp.fc1,mlp_fc1,0.7200908965681186,0.026821339090965342,76885.18524169922,0.6704308060670884,0.0024178682323819736,0.0001,0.0001,vit,dp_kfm_a,public,0.1,42,4,True
layer,blocks.11.mlp.fc2,mlp_fc2,0.7200975169030236,0.026717111089316622,76586.4086151123,0.6802713930831933,0.0024581385404666024,0.0001,0.0001,vit,dp_kfm_a,public,0.1,42,4,True
layer,head,patch_head,0.7206186273436397,0.0003492361860802786,1001.1091828346252,2.369368498151331,0.0748844919173901,0.0001,0.0001,vit,dp_kfm_a,public,0.1,42,4,True
layer,cls_token,identity,0.7228234777706155,3.474266721627629e-05,99.59220886230469,0.10534131539140745,0.010555676081554376,0.0001,0.0001,vit,dp_kfm_a,public,0.1,42,4,True
layer,pos_embed,identity,0.7201746335969738,0.006844305441606457,19619.665145874023,0.43042704243318686,0.0030729376852935116,0.0001,0.0001,vit,dp_kfm_a,public,0.1,42,4,True
layer,blocks.0.norm1.weight,identity,0.7147692961991168,3.474266721627629e-05,99.59220886230469,0.5116573423264209,0.05127037905573015,0.0001,0.0001,vit,dp_kfm_a,public,0.1,42,4,True
layer,blocks.0.norm1.bias,identity,0.7177438108972682,3.474266721627629e-05,99.59220886230469,0.3310091642324604,0.03316861484671463,0.0001,0.0001,vit,dp_kfm_a,public,0.1,42,4,True
layer,blocks.0.norm2.weight,identity,0.7209054923813855,3.474266721627629e-05,99.59220886230469,0.1632877856152994,0.016362174391169482,0.0001,0.0001,vit,dp_kfm_a,public,0.1,42,4,True
layer,blocks.0.norm2.bias,identity,0.713976861568668,3.474266721627629e-05,99.59220886230469,0.13759748639608685,0.013787890255940832,0.0001,0.0001,vit,dp_kfm_a,public,0.1,42,4,True
layer,blocks.1.norm1.weight,identity,0.7217680303782349,3.474266721627629e-05,99.59220886230469,0.19735900717934673,0.01977626483798661,0.0001,0.0001,vit,dp_kfm_a,public,0.1,42,4,True
layer,blocks.1.norm1.bias,identity,0.7184075345694566,3.474266721627629e-05,99.59220886230469,0.24823243969710898,0.024874012790145877,0.0001,0.0001,vit,dp_kfm_a,public,0.1,42,4,True
layer,blocks.1.norm2.weight,identity,0.71634014610284,3.474266721627629e-05,99.59220886230469,0.2527843668432819,0.025330136470805314,0.0001,0.0001,vit,dp_kfm_a,public,0.1,42,4,True
layer,blocks.1.norm2.bias,identity,0.7177526778204772,3.474266721627629e-05,99.59220886230469,0.2197930942839669,0.022024261797032187,0.0001,0.0001,vit,dp_kfm_a,public,0.1,42,4,True
layer,blocks.2.norm1.weight,identity,0.7207904211153019,3.474266721627629e-05,99.59220886230469,0.20524376065011113,0.02056635278506656,0.0001,0.0001,vit,dp_kfm_a,public,0.1,42,4,True
layer,blocks.2.norm1.bias,identity,0.7165788173709562,3.474266721627629e-05,99.59220886230469,0.26796971029274813,0.026851776541884167,0.0001,0.0001,vit,dp_kfm_a,public,0.1,42,4,True
layer,blocks.2.norm2.weight,identity,0.721345673364481,3.474266721627629e-05,99.59220886230469,0.1834642900874448,0.018383951363240326,0.0001,0.0001,vit,dp_kfm_a,public,0.1,42,4,True
layer,blocks.2.norm2.bias,identity,0.7146299605285329,3.474266721627629e-05,99.59220886230469,0.25007434489221547,0.025058580018495303,0.0001,0.0001,vit,dp_kfm_a,public,0.1,42,4,True
layer,blocks.3.norm1.weight,identity,0.7179256021757493,3.474266721627629e-05,99.59220886230469,0.16738333257649818,0.016772566713864307,0.0001,0.0001,vit,dp_kfm_a,public,0.1,42,4,True
layer,blocks.3.norm1.bias,identity,0.7228140904797462,3.474266721627629e-05,99.59220886230469,0.24082617557979524,0.024131871639673997,0.0001,0.0001,vit,dp_kfm_a,public,0.1,42,4,True
layer,blocks.3.norm2.weight,identity,0.7187955695977898,3.474266721627629e-05,99.59220886230469,0.17711194026543145,0.01774741719021671,0.0001,0.0001,vit,dp_kfm_a,public,0.1,42,4,True
layer,blocks.3.norm2.bias,identity,0.7227343624774015,3.474266721627629e-05,99.59220886230469,0.18743633989597897,0.01878196871287089,0.0001,0.0001,vit,dp_kfm_a,public,0.1,42,4,True
layer,blocks.4.norm1.weight,identity,0.723321156368762,3.474266721627629e-05,99.59220886230469,0.15166011242899322,0.015197028965741875,0.0001,0.0001,vit,dp_kfm_a,public,0.1,42,4,True
layer,blocks.4.norm1.bias,identity,0.7211191661998216,3.474266721627629e-05,99.59220886230469,0.2401044706208734,0.02405955353974781,0.0001,0.0001,vit,dp_kfm_a,public,0.1,42,4,True
layer,blocks.4.norm2.weight,identity,0.7155144264400678,3.474266721627629e-05,99.59220886230469,0.1379488282098666,0.013823096294202138,0.0001,0.0001,vit,dp_kfm_a,public,0.1,42,4,True
layer,blocks.4.norm2.bias,identity,0.7105361602840206,3.474266721627629e-05,99.59220886230469,0.17406471990828803,0.01744207193304375,0.0001,0.0001,vit,dp_kfm_a,public,0.1,42,4,True
layer,blocks.5.norm1.weight,identity,0.7175520213472371,3.474266721627629e-05,99.59220886230469,0.1251762280595443,0.012543224010425685,0.0001,0.0001,vit,dp_kfm_a,public,0.1,42,4,True
layer,blocks.5.norm1.bias,identity,0.7224320260311429,3.474266721627629e-05,99.59220886230469,0.18193535495666824,0.01823074515036726,0.0001,0.0001,vit,dp_kfm_a,public,0.1,42,4,True
layer,blocks.5.norm2.weight,identity,0.7195890118007295,3.474266721627629e-05,99.59220886230469,0.12293769521119337,0.012318912897949874,0.0001,0.0001,vit,dp_kfm_a,public,0.1,42,4,True
layer,blocks.5.norm2.bias,identity,0.7156002394170525,3.474266721627629e-05,99.59220886230469,0.14125234469279987,0.014154123581970011,0.0001,0.0001,vit,dp_kfm_a,public,0.1,42,4,True
layer,blocks.6.norm1.weight,identity,0.7214029663086481,3.474266721627629e-05,99.59220886230469,0.12250653818940788,0.012275709014978172,0.0001,0.0001,vit,dp_kfm_a,public,0.1,42,4,True
layer,blocks.6.norm1.bias,identity,0.7174646537781068,3.474266721627629e-05,99.59220886230469,0.17811813460730766,0.017848242412575776,0.0001,0.0001,vit,dp_kfm_a,public,0.1,42,4,True
layer,blocks.6.norm2.weight,identity,0.7202530417467635,3.474266721627629e-05,99.59220886230469,0.10073875337903418,0.010094478558366406,0.0001,0.0001,vit,dp_kfm_a,public,0.1,42,4,True
layer,blocks.6.norm2.bias,identity,0.7175243603048599,3.474266721627629e-05,99.59220886230469,0.1182850836188518,0.011852700180560088,0.0001,0.0001,vit,dp_kfm_a,public,0.1,42,4,True
layer,blocks.7.norm1.weight,identity,0.7202680223285816,3.474266721627629e-05,99.59220886230469,0.10015850052825839,0.010036334599223406,0.0001,0.0001,vit,dp_kfm_a,public,0.1,42,4,True
layer,blocks.7.norm1.bias,identity,0.7182707382821932,3.474266721627629e-05,99.59220886230469,0.14597165191533987,0.01462701950305641,0.0001,0.0001,vit,dp_kfm_a,public,0.1,42,4,True
layer,blocks.7.norm2.weight,identity,0.7239550230985322,3.474266721627629e-05,99.59220886230469,0.06369902889447915,0.0063829306974321305,0.0001,0.0001,vit,dp_kfm_a,public,0.1,42,4,True
layer,blocks.7.norm2.bias,identity,0.7194683338557825,3.474266721627629e-05,99.59220886230469,0.0857279583900406,0.008590329032212301,0.0001,0.0001,vit,dp_kfm_a,public,0.1,42,4,True
layer,blocks.8.norm1.weight,identity,0.7227894022030253,3.474266721627629e-05,99.59220886230469,0.11291950104850362,0.011315044547620752,0.0001,0.0001,vit,dp_kfm_a,public,0.1,42,4,True
layer,blocks.8.norm1.bias,identity,0.7139701420952558,3.474266721627629e-05,99.59220886230469,0.1285578079212713,0.012882073601696405,0.0001,0.0001,vit,dp_kfm_a,public,0.1,42,4,True
layer,blocks.8.norm2.weight,identity,0.7167200000669894,3.474266721627629e-05,99.59220886230469,0.047760485405515286,0.004785816576954827,0.0001,0.0001,vit,dp_kfm_a,public,0.1,42,4,True
layer,blocks.8.norm2.bias,identity,0.7200384726757901,3.474266721627629e-05,99.59220886230469,0.07072290175897825,0.007086754515467728,0.0001,0.0001,vit,dp_kfm_a,public,0.1,42,4,True
layer,blocks.9.norm1.weight,identity,0.7191444579580176,3.474266721627629e-05,99.59220886230469,0.09879993099124387,0.009900199789118679,0.0001,0.0001,vit,dp_kfm_a,public,0.1,42,4,True
layer,blocks.9.norm1.bias,identity,0.7196153249121182,3.474266721627629e-05,99.59220886230469,0.13230766496922403,0.01325782623211734,0.0001,0.0001,vit,dp_kfm_a,public,0.1,42,4,True
layer,blocks.9.norm2.weight,identity,0.7158513893531853,3.474266721627629e-05,99.59220886230469,0.11178822959110697,0.011201686032775776,0.0001,0.0001,vit,dp_kfm_a,public,0.1,42,4,True
layer,blocks.9.norm2.bias,identity,0.7202024983149212,3.474266721627629e-05,99.59220886230469,0.06142960885414664,0.006155524548669609,0.0001,0.0001,vit,dp_kfm_a,public,0.1,42,4,True
layer,blocks.10.norm1.weight,identity,0.7170528341705131,3.474266721627629e-05,99.59220886230469,0.09011301800784025,0.009029731832071139,0.0001,0.0001,vit,dp_kfm_a,public,0.1,42,4,True
layer,blocks.10.norm1.bias,identity,0.7180456441123483,3.474266721627629e-05,99.59220886230469,0.11367544221139297,0.011390793269976517,0.0001,0.0001,vit,dp_kfm_a,public,0.1,42,4,True
layer,blocks.10.norm2.weight,identity,0.7149465003565171,3.474266721627629e-05,99.59220886230469,0.11638955171058063,0.011662759313089273,0.0001,0.0001,vit,dp_kfm_a,public,0.1,42,4,True
layer,blocks.10.norm2.bias,identity,0.7163568163977728,3.474266721627629e-05,99.59220886230469,0.052455317241915315,0.005256259953689512,0.0001,0.0001,vit,dp_kfm_a,public,0.1,42,4,True
layer,blocks.11.norm1.weight,identity,0.7234839424204134,3.474266721627629e-05,99.59220886230469,0.07463313270235528,0.007478577335308134,0.0001,0.0001,vit,dp_kfm_a,public,0.1,42,4,True
layer,blocks.11.norm1.bias,identity,0.7200672173508642,3.474266721627629e-05,99.59220886230469,0.0960638637269942,0.009626033478669124,0.0001,0.0001,vit,dp_kfm_a,public,0.1,42,4,True
layer,blocks.11.norm2.weight,identity,0.7183092661681169,3.474266721627629e-05,99.59220886230469,0.03783228582830946,0.0037909660909834146,0.0001,0.0001,vit,dp_kfm_a,public,0.1,42,4,True
layer,blocks.11.norm2.bias,identity,0.7148963748194893,3.474266721627629e-05,99.59220886230469,0.031939046195347744,0.0032004368346760918,0.0001,0.0001,vit,dp_kfm_a,public,0.1,42,4,True
layer,norm.weight,identity,0.7221380700062177,3.474266721627629e-05,99.59220886230469,0.029125975079674377,0.0029185543901566417,0.0001,0.0001,vit,dp_kfm_a,public,0.1,42,4,True
layer,norm.bias,identity,0.7244339099628196,3.474266721627629e-05,99.59220886230469,0.019238952894903103,0.0019278300650823765,0.0001,0.0001,vit,dp_kfm_a,public,0.1,42,4,True
group,attention_out,attention_out,0.7202647310955432,0.08046401727289565,230655.55572509766,4.659675669914693,0.009702278336607657,0.0001,0.0001,vit,dp_kfm_a,public,0.1,42,4,True
group,attention_qkv,attention_qkv,0.7202175261978413,0.2413920518186876,691966.667175293,4.7634799814958875,0.0057264010039607535,0.0001,0.0001,vit,dp_kfm_a,public,0.1,42,4,True
group,identity,identity,0.7200974701865308,0.008616181469636556,24698.867797851562,1.317508035366737,0.008383295019562647,0.0001,0.0001,vit,dp_kfm_a,public,0.1,42,4,True
group,mlp_fc1,mlp_fc1,0.7202147191067405,0.3218560690915826,922622.2229003906,5.69223575469939,0.005926126576390516,0.0001,0.0001,vit,dp_kfm_a,public,0.1,42,4,True
group,mlp_fc2,mlp_fc2,0.7202008727060609,0.3206053330717978,919036.9033813477,5.6868181887609035,0.005932023577510809,0.0001,0.0001,vit,dp_kfm_a,public,0.1,42,4,True
group,patch_head,patch_head,0.7202298493106115,0.027066347275396748,77587.51779794693,4.11344081968844,0.014767579735830224,0.0001,0.0001,vit,dp_kfm_a,public,0.1,42,4,True
layer,patch_embed,patch_head,0.720167913760276,0.026717111089316622,76586.4086151123,3.210465900929997,0.011600914053084,0.0001,0.0001,vit,dp_kfm_a,public,0.1,42,5,True
layer,blocks.0.attn.q_proj,attention_qkv,0.7205963166937198,0.006705334772741336,19221.296310424805,0.336785504101275,0.0024291931818292267,0.0001,0.0001,vit,dp_kfm_a,public,0.1,42,5,True
layer,blocks.0.attn.k_proj,attention_qkv,0.7204666055924903,0.006705334772741336,19221.296310424805,0.4943339387902312,0.0035655710208207536,0.0001,0.0001,vit,dp_kfm_a,public,0.1,42,5,True
layer,blocks.0.attn.v_proj,attention_qkv,0.7199116909632893,0.006705334772741336,19221.296310424805,1.2273420451868486,0.008852669998064049,0.0001,0.0001,vit,dp_kfm_a,public,0.1,42,5,True
layer,blocks.0.attn.out_proj,attention_out,0.720345902804626,0.006705334772741336,19221.296310424805,1.4124598639148047,0.010187902475747591,0.0001,0.0001,vit,dp_kfm_a,public,0.1,42,5,True
layer,blocks.0.mlp.fc1,mlp_fc1,0.7202693639483365,0.026821339090965342,76885.18524169922,1.6015081446406128,0.005775742450653509,0.0001,0.0001,vit,dp_kfm_a,public,0.1,42,5,True
layer,blocks.0.mlp.fc2,mlp_fc2,0.7203091995061159,0.026717111089316622,76586.4086151123,2.5628166958219345,0.009260654727224064,0.0001,0.0001,vit,dp_kfm_a,public,0.1,42,5,True
layer,blocks.1.attn.q_proj,attention_qkv,0.7201651546082432,0.006705334772741336,19221.296310424805,0.20088568881800054,0.001448964221028381,0.0001,0.0001,vit,dp_kfm_a,public,0.1,42,5,True
layer,blocks.1.attn.k_proj,attention_qkv,0.7202896388026241,0.006705334772741336,19221.296310424805,0.2687948044779691,0.001938784473789741,0.0001,0.0001,vit,dp_kfm_a,public,0.1,42,5,True
layer,blocks.1.attn.v_proj,attention_qkv,0.7203111813598189,0.006705334772741336,19221.296310424805,1.1868951634419982,0.008560931523087107,0.0001,0.0001,vit,dp_kfm_a,public,0.1,42,5,True
layer,blocks.1.attn.out_proj,attention_out,0.7201982499854965,0.006705334772741336,19221.296310424805,1.491615637466731,0.010758843514103385,0.0001,0.0001,vit,dp_kfm_a,public,0.1,42,5,True
layer,blocks.1.mlp.fc1,mlp_fc1,0.7200555354797266,0.026821339090965342,76885.18524169922,2.0119257915930833,0.007255888920050739,0.0001,0.0001,vit,dp_kfm_a,public,0.1,42,5,True
layer,blocks.1.mlp.fc2,mlp_fc2,0.7202410601285221,0.026717111089316622,76586.4086151123,1.6355070597720551,0.005909851535296364,0.0001,0.0001,vit,dp_kfm_a,public,0.1,42,5,True
layer,blocks.2.attn.q_proj,attention_qkv,0.7200838573140167,0.006705334772741336,19221.296310424805,0.3143308250295839,0.0022672302925811436,0.0001,0.0001,vit,dp_kfm_a,public,0.1,42,5,True
layer,blocks.2.attn.k_proj,attention_qkv,0.7201743909908841,0.006705334772741336,19221.296310424805,0.41806926763425045,0.0030154831550115234,0.0001,0.0001,vit,dp_kfm_a,public,0.1,42,5,True
layer,blocks.2.attn.v_proj,attention_qkv,0.7204093023246891,0.006705334772741336,19221.296310424805,1.577729196756221,0.011379970220988519,0.0001,0.0001,vit,dp_kfm_a,public,0.1,42,5,True
layer,blocks.2.attn.out_proj,attention_out,0.7204292383006934,0.006705334772741336,19221.296310424805,1.7306742890967688,0.012483144707370728,0.0001,0.0001,vit,dp_kfm_a,public,0.1,42,5,True
layer,blocks.2.mlp.fc1,mlp_fc1,0.7203340980949964,0.026821339090965342,76885.18524169922,2.1169680175767938,0.007634717367321235,0.0001,0.0001,vit,dp_kfm_a,public,0.1,42,5,True
layer,blocks.2.mlp.fc2,mlp_fc2,0.7202515227641424,0.026717111089316622,76586.4086151123,1.9664396512331597,0.007105665684822924,0.0001,0.0001,vit,dp_kfm_a,public,0.1,42,5,True
layer,blocks.3.attn.q_proj,attention_qkv,0.7201396149749562,0.006705334772741336,19221.296310424805,0.32772936897592253,0.0023638723724941123,0.0001,0.0001,vit,dp_kfm_a,public,0.1,42,5,True
layer,blocks.3.attn.k_proj,attention_qkv,0.7200606044522038,0.006705334772741336,19221.296310424805,0.4661535096017255,0.0033623089872352675,0.0001,0.0001,vit,dp_kfm_a,public,0.1,42,5,True
layer,blocks.3.attn.v_proj,attention_qkv,0.720028570686158,0.006705334772741336,19221.296310424805,1.4054322695810741,0.010137213286241899,0.0001,0.0001,vit,dp_kfm_a,public,0.1,42,5,True
layer,blocks.3.attn.out_proj,attention_out,0.7203260226392226,0.006705334772741336,19221.296310424805,1.5151186508162582,0.010928367911934762,0.0001,0.0001,vit,dp_kfm_a,public,0.1,42,5,True
layer,blocks.3.mlp.fc1,mlp_fc1,0.7202458385251601,0.026821339090965342,76885.18524169922,1.9018913770393304,0.006859056446049477,0.0001,0.0001,vit,dp_kfm_a,public,0.1,42,5,True
layer,blocks.3.mlp.fc2,mlp_fc2,0.7203092055331493,0.026717111089316622,76586.4086151123,1.8826804069659921,0.006803004381485863,0.0001,0.0001,vit,dp_kfm_a,public,0.1,42,5,True
layer,blocks.4.attn.q_proj,attention_qkv,0.7202132418665931,0.006705334772741336,19221.296310424805,0.41272313712037334,0.0029769221610396026,0.0001,0.0001,vit,dp_kfm_a,public,0.1,42,5,True
layer,blocks.4.attn.k_proj,attention_qkv,0.7202382794953369,0.006705334772741336,19221.296310424805,0.6052276096524914,0.0043654336808407425,0.0001,0.0001,vit,dp_kfm_a,public,0.1,42,5,True
layer,blocks.4.attn.v_proj,attention_qkv,0.7204082931821884,0.006705334772741336,19221.296310424805,1.3561028654062957,0.009781406249342125,0.0001,0.0001,vit,dp_kfm_a,public,0.1,42,5,True
layer,blocks.4.attn.out_proj,attention_out,0.7201678339818547,0.006705334772741336,19221.296310424805,1.4204894488488533,0.010245818902485614,0.0001,0.0001,vit,dp_kfm_a,public,0.1,42,5,True
layer,blocks.4.mlp.fc1,mlp_fc1,0.7201993511295763,0.026821339090965342,76885.18524169922,1.754802900609468,0.006328590734613115,0.0001,0.0001,vit,dp_kfm_a,public,0.1,42,5,True
layer,blocks.4.mlp.fc2,mlp_fc2,0.7202664622402573,0.026717111089316622,76586.4086151123,1.7892215476647555,0.006465293834882992,0.0001,0.0001,vit,dp_kfm_a,public,0.1,42,5,True
layer,blocks.5.attn.q_proj,attention_qkv,0.7202798997780044,0.006705334772741336,19221.296310424805,0.30673829173794137,0.002212466266575666,0.0001,0.0001,vit,dp_kfm_a,public,0.1,42,5,True
layer,blocks.5.attn.k_proj,attention_qkv,0.7201962773114299,0.006705334772741336,19221.296310424805,0.45905178332330276,0.003311085092962268,0.0001,0.0001,vit,dp_kfm_a,public,0.1,42,5,True
layer,blocks.5.attn.v_proj,attention_qkv,0.7200232759407867,0.006705334772741336,19221.296310424805,1.275048319827464,0.009196769597590177,0.0001,0.0001,vit,dp_kfm_a,public,0.1,42,5,True
layer,blocks.5.attn.out_proj,attention_out,0.7203374770767835,0.006705334772741336,19221.296310424805,1.2633398938547413,0.009112318134577274,0.0001,0.0001,vit,dp_kfm_a,public,0.1,42,5,True
layer,blocks.5.mlp.fc1,mlp_fc1,0.7203169017028099,0.026821339090965342,76885.18524169922,1.577198762604515,0.005688072131745116,0.0001,0.0001,vit,dp_kfm_a,public,0.1,42,5,True
layer,blocks.5.mlp.fc2,mlp_fc2,0.7202459305968734,0.026717111089316622,76586.4086151123,1.4410587972015154,0.005207219066532592,0.0001,0.0001,vit,dp_kfm_a,public,0.1,42,5,True
layer,blocks.6.attn.q_proj,attention_qkv,0.7203102110501487,0.006705334772741336,19221.296310424805,0.2784781744433045,0.0020086294523011935,0.0001,0.0001,vit,dp_kfm_a,public,0.1,42,5,True
layer,blocks.6.attn.k_proj,attention_qkv,0.7201797091910882,0.006705334772741336,19221.296310424805,0.42659601374868955,0.003076985545322706,0.0001,0.0001,vit,dp_kfm_a,public,0.1,42,5,True
layer,blocks.6.attn.v_proj,attention_qkv,0.719898966487969,0.006705334772741336,19221.296310424805,1.2222442975712868,0.008815900559951035,0.0001,0.0001,vit,dp_kfm_a,public,0.1,42,5,True
layer,blocks.6.attn.out_proj,attention_out,0.720214122747624,0.006705334772741336,19221.296310424805,1.391141693313645,0.010034137084889686,0.0001,0.0001,vit,dp_kfm_a,public,0.1,42,5,True
layer,blocks.6.mlp.fc1,mlp_fc1,0.7203440610606995,0.026821339090965342,76885.18524169922,1.535443170623339,0.005537483109787954,0.0001,0.0001,vit,dp_kfm_a,public,0.1,42,5,True
layer,blocks.6.mlp.fc2,mlp_fc2,0.7202233715240869,0.026717111089316622,76586.4086151123,1.3757154991381262,0.004971103185482788,0.0001,0.0001,vit,dp_kfm_a,public,0.1,42,5,True
layer,blocks.7.attn.q_proj,attention_qkv,0.7204285326408763,0.006705334772741336,19221.296310424805,0.23963904777738546,0.0017284875206084306,0.0001,0.0001,vit,dp_kfm_a,public,0.1,42,5,True
layer,blocks.7.attn.k_proj,attention_qkv,0.7201194663141447,0.006705334772741336,19221.296310424805,0.34881776357768246,0.002515980416808615,0.0001,0.0001,vit,dp_kfm_a,public,0.1,42,5,True
layer,blocks.7.attn.v_proj,attention_qkv,0.7199097246059113,0.006705334772741336,19221.296310424805,1.159919817700599,0.008366361610918959,0.0001,0.0001,vit,dp_kfm_a,public,0.1,42,5,True
layer,blocks.7.attn.out_proj,attention_out,0.7201048222704721,0.006705334772741336,19221.296310424805,1.0906529770546445,0.00786674825174834,0.0001,0.0001,vit,dp_kfm_a,public,0.1,42,5,True
layer,blocks.7.mlp.fc1,mlp_fc1,0.7201340655687758,0.026821339090965342,76885.18524169922,1.316852596812512,0.0047491494002799,0.0001,0.0001,vit,dp_kfm_a,public,0.1,42,5,True
layer,blocks.7.mlp.fc2,mlp_fc2,0.7201801222078825,0.026717111089316622,76586.4086151123,1.192553214890488,0.004309252232103132,0.0001,0.0001,vit,dp_kfm_a,public,0.1,42,5,True
layer,blocks.8.attn.q_proj,attention_qkv,0.7202442689011282,0.006705334772741336,19221.296310424805,0.22591646546543495,0.001629508191084626,0.0001,0.0001,vit,dp_kfm_a,public,0.1,42,5,True
layer,blocks.8.attn.k_proj,attention_qkv,0.7202419137921318,0.006705334772741336,19221.296310424805,0.3239467412016017,0.002336588735024919,0.0001,0.0001,vit,dp_kfm_a,public,0.1,42,5,True
layer,blocks.8.attn.v_proj,attention_qkv,0.7204218838869686,0.006705334772741336,19221.296310424805,0.972632179163989,0.007015478484912378,0.0001,0.0001,vit,dp_kfm_a,public,0.1,42,5,True
layer,blocks.8.attn.out_proj,attention_out,0.7204217327794928,0.006705334772741336,19221.296310424805,0.935044011952284,0.006744359572737724,0.0001,0.0001,vit,dp_kfm_a,public,0.1,42,5,True
layer,blocks.8.mlp.fc1,mlp_fc1,0.7201406635087343,0.026821339090965342,76885.18524169922,1.1518863342414691,0.0041542085322950895,0.0001,0.0001,vit,dp_kfm_a,public,0.1,42,5,True
layer,blocks.8.mlp.fc2,mlp_fc2,0.7202903475217282,0.026717111089316622,76586.4086151123,0.9706403548462195,0.0035073773341632803,0.0001,0.0001,vit,dp_kfm_a,public,0.1,42,5,True
layer,blocks.9.attn.q_proj,attention_qkv,0.7200870995847688,0.006705334772741336,19221.296310424805,0.22664799180620593,0.0016347846022653006,0.0001,0.0001,vit,dp_kfm_a,public,0.1,42,5,True
layer,blocks.9.attn.k_proj,attention_qkv,0.7200395525932693,0.006705334772741336,19221.296310424805,0.355448263793094,0.00256380541437903,0.0001,0.0001,vit,dp_kfm_a,public,0.1,42,5,True
layer,blocks.9.attn.v_proj,attention_qkv,0.7201529813578762,0.006705334772741336,19221.296310424805,0.8445364808970068,0.006091539677978944,0.0001,0.0001,vit,dp_kfm_a,public,0.1,42,5,True
layer,blocks.9.attn.out_proj,attention_out,0.7203525152266284,0.006705334772741336,19221.296310424805,0.7693757445533412,0.005549414360695716,0.0001,0.0001,vit,dp_kfm_a,public,0.1,42,5,True
layer,blocks.9.mlp.fc1,mlp_fc1,0.7202549698659797,0.026821339090965342,76885.18524169922,0.9359213632743305,0.003375343900951631,0.0001,0.0001,vit,dp_kfm_a,public,0.1,42,5,True
layer,blocks.9.mlp.fc2,mlp_fc2,0.7201232639562912,0.026717111089316622,76586.4086151123,0.7438304104108013,0.002687806981144473,0.0001,0.0001,vit,dp_kfm_a,public,0.1,42,5,True
layer,blocks.10.attn.q_proj,attention_qkv,0.7202725131099268,0.006705334772741336,19221.296310424805,0.18706058595812305,0.0013492454231694222,0.0001,0.0001,vit,dp_kfm_a,public,0.1,42,5,True
layer,blocks.10.attn.k_proj,attention_qkv,0.7205773261153499,0.006705334772741336,19221.296310424805,0.30192223889032155,0.002177728658815537,0.0001,0.0001,vit,dp_kfm_a,public,0.1,42,5,True
layer,blocks.10.attn.v_proj,attention_qkv,0.7203442854537537,0.006705334772741336,19221.296310424805,0.6984780186607299,0.005038037623133576,0.0001,0.0001,vit,dp_kfm_a,public,0.1,42,5,True
layer,blocks.10.attn.out_proj,attention_out,0.7198609598122874,0.006705334772741336,19221.296310424805,0.6409008383322268,0.004622740372569934,0.0001,0.0001,vit,dp_kfm_a,public,0.1,42,5,True
layer,blocks.10.mlp.fc1,mlp_fc1,0.7202611239484961,0.026821339090965342,76885.18524169922,0.7525180648426628,0.0027139109760635936,0.0001,0.0001,vit,dp_kfm_a,public,0.1,42,5,True
layer,blocks.10.mlp.fc2,mlp_fc2,0.7201973868385158,0.026717111089316622,76586.4086151123,0.5695772052178065,0.0020581486949957954,0.0001,0.0001,vit,dp_kfm_a,public,0.1,42,5,True
layer,blocks.11.attn.q_proj,attention_qkv,0.7202173402897885,0.006705334772741336,19221.296310424805,0.24001879026135164,0.0017312265572999384,0.0001,0.0001,vit,dp_kfm_a,public,0.1,42,5,True
layer,blocks.11.attn.k_proj,attention_qkv,0.7204224476421397,0.006705334772741336,19221.296310424805,0.3222718788176972,0.0023245081548516717,0.0001,0.0001,vit,dp_kfm_a,public,0.1,42,5,True
layer,blocks.11.attn.v_proj,attention_qkv,0.7204013145786357,0.006705334772741336,19221.296310424805,0.626184960066815,0.004516596519251899,0.0001,0.0001,vit,dp_kfm_a,public,0.1,42,5,True
layer,blocks.11.attn.out_proj,attention_out,0.7202850062021336,0.006705334772741336,19221.296310424805,0.5568020284198002,0.00401614580970601,0.0001,0.0001,vit,dp_kfm_a,public,0.1,42,5,True
layer,blocks.11.mlp.fc1,mlp_fc1,0.7200988832754586,0.026821339090965342,76885.18524169922,0.5573424891627863,0.002010022043898364,0.0001,0.0001,vit,dp_kfm_a,public,0.1,42,5,True
layer,blocks.11.mlp.fc2,mlp_fc2,0.7202685512299689,0.026717111089316622,76586.4086151123,0.5698218969806194,0.002059032880717584,0.0001,0.0001,vit,dp_kfm_a,public,0.1,42,5,True
layer,head,patch_head,0.718796389101836,0.0003492361860802786,1001.1091828346252,1.939078755479136,0.061285075540236066,0.0001,0.0001,vit,dp_kfm_a,public,0.1,42,5,True
layer,cls_token,identity,0.7207425993548757,3.474266721627629e-05,99.59220886230469,0.09669111367764609,0.00968888675970754,0.0001,0.0001,vit,dp_kfm_a,public,0.1,42,5,True
layer,pos_embed,identity,0.7203343699700097,0.006844305441606457,19619.665145874023,0.4045002507899485,0.0028878391500135694,0.0001,0.0001,vit,dp_kfm_a,public,0.1,42,5,True
layer,blocks.0.norm1.weight,identity,0.721700581434986,3.474266721627629e-05,99.59220886230469,0.4452896329179954,0.044620034504904316,0.0001,0.0001,vit,dp_kfm_a,public,0.1,42,5,True
layer,blocks.0.norm1.bias,identity,0.7217209000792877,3.474266721627629e-05,99.59220886230469,0.30741072534711456,0.030803944574860537,0.0001,0.0001,vit,dp_kfm_a,public,0.1,42,5,True
layer,blocks.0.norm2.weight,identity,0.72145301035746,3.474266721627629e-05,99.59220886230469,0.15323375211270582,0.015354714776941714,0.0001,0.0001,vit,dp_kfm_a,public,0.1,42,5,True
layer,blocks.0.norm2.bias,identity,0.714175097155697,3.474266721627629e-05,99.59220886230469,0.1301873948120308,0.013045365575996231,0.0001,0.0001,vit,dp_kfm_a,public,0.1,42,5,True
layer,blocks.1.norm1.weight,identity,0.7201260556350098,3.474266721627629e-05,99.59220886230469,0.1889058007047278,0.018929215329775744,0.0001,0.0001,vit,dp_kfm_a,public,0.1,42,5,True
layer,blocks.1.norm1.bias,identity,0.7198292697663107,3.474266721627629e-05,99.59220886230469,0.22686641971352642,0.022733040985676557,0.0001,0.0001,vit,dp_kfm_a,public,0.1,42,5,True
layer,blocks.1.norm2.weight,identity,0.7219071410756541,3.474266721627629e-05,99.59220886230469,0.23722840491088773,0.023771358752061045,0.0001,0.0001,vit,dp_kfm_a,public,0.1,42,5,True
layer,blocks.1.norm2.bias,identity,0.7202009784704063,3.474266721627629e-05,99.59220886230469,0.20532966190098143,0.020574960478788807,0.0001,0.0001,vit,dp_kfm_a,public,0.1,42,5,True
layer,blocks.2.norm1.weight,identity,0.7147536825910189,3.474266721627629e-05,99.59220886230469,0.1862036686363862,0.018658449479387287,0.0001,0.0001,vit,dp_kfm_a,public,0.1,42,5,True
layer,blocks.2.norm1.bias,identity,0.7203985732710589,3.474266721627629e-05,99.59220886230469,0.25055153079800746,0.025106396203754742,0.0001,0.0001,vit,dp_kfm_a,public,0.1,42,5,True
layer,blocks.2.norm2.weight,identity,0.721578451930332,3.474266721627629e-05,99.59220886230469,0.17209958043485768,0.01724515607282753,0.0001,0.0001,vit,dp_kfm_a,public,0.1,42,5,True
layer,blocks.2.norm2.bias,identity,0.7190201493579259,3.474266721627629e-05,99.59220886230469,0.23672770623400893,0.023721186480830506,0.0001,0.0001,vit,dp_kfm_a,public,0.1,42,5,True
layer,blocks.3.norm1.weight,identity,0.71851678759155,3.474266721627629e-05,99.59220886230469,0.16482880739644212,0.016516591741056578,0.0001,0.0001,vit,dp_kfm_a,public,0.1,42,5,True
layer,blocks.3.norm1.bias,identity,0.7173638231745778,3.474266721627629e-05,99.59220886230469,0.22788990562150832,0.022835598901139734,0.0001,0.0001,vit,dp_kfm_a,public,0.1,42,5,True
layer,blocks.3.norm2.weight,identity,0.7194469351673098,3.474266721627629e-05,99.59220886230469,0.16598131315792758,0.016632078029177842,0.0001,0.0001,vit,dp_kfm_a,public,0.1,42,5,True
layer,blocks.3.norm2.bias,identity,0.7214167067866659,3.474266721627629e-05,99.59220886230469,0.17524029304731167,0.017559869676688784,0.0001,0.0001,vit,dp_kfm_a,public,0.1,42,5,True
layer,blocks.4.norm1.weight,identity,0.7194166310675911,3.474266721627629e-05,99.59220886230469,0.14244813798161865,0.014273947476045839,0.0001,0.0001,vit,dp_kfm_a,public,0.1,42,5,True
layer,blocks.4.norm1.bias,identity,0.7180620483013157,3.474266721627629e-05,99.59220886230469,0.22554579628470045,0.022600708547177925,0.0001,0.0001,vit,dp_kfm_a,public,0.1,42,5,True
layer,blocks.4.norm2.weight,identity,0.7166136360928212,3.474266721627629e-05,99.59220886230469,0.12859463158066378,0.01288576349885822,0.0001,0.0001,vit,dp_kfm_a,public,0.1,42,5,True
layer,blocks.4.norm2.bias,identity,0.7211923070394939,3.474266721627629e-05,99.59220886230469,0.16332647034355655,0.016366050775845988,0.0001,0.0001,vit,dp_kfm_a,public,0.1,42,5,True
layer,blocks.5.norm1.weight,identity,0.7161909802410248,3.474266721627629e-05,99.59220886230469,0.11856390998903085,0.011880639843508766,0.0001,0.0001,vit,dp_kfm_a,public,0.1,42,5,True
layer,blocks.5.norm1.bias,identity,0.7217660613756091,3.474266721627629e-05,99.59220886230469,0.17200063476704144,0.01723524126954963,0.0001,0.0001,vit,dp_kfm_a,public,0.1,42,5,True
layer,blocks.5.norm2.weight,identity,0.7176578472853912,3.474266721627629e-05,99.59220886230469,0.11342799252104892,0.011365997692210592,0.0001,0.0001,vit,dp_kfm_a,public,0.1,42,5,True
layer,blocks.5.norm2.bias,identity,0.7241689516287614,3.474266721627629e-05,99.59220886230469,0.13230226455976715,0.013257285086672902,0.0001,0.0001,vit,dp_kfm_a,public,0.1,42,5,True
layer,blocks.6.norm1.weight,identity,0.719698586702706,3.474266721627629e-05,99.59220886230469,0.11537367119941486,0.011560963492773333,0.0001,0.0001,vit,dp_kfm_a,public,0.1,42,5,True
layer,blocks.6.norm1.bias,identity,0.7213602509681853,3.474266721627629e-05,99.59220886230469,0.17023112276533947,0.01705792816649042,0.0001,0.0001,vit,dp_kfm_a,public,0.1,42,5,True
layer,blocks.6.norm2.weight,identity,0.7202068836797184,3.474266721627629e-05,99.59220886230469,0.09214827261588389,0.009233673545786943,0.0001,0.0001,vit,dp_kfm_a,public,0.1,42,5,True
layer,blocks.6.norm2.bias,identity,0.7179837764468324,3.474266721627629e-05,99.59220886230469,0.11076204662032799,0.0110988578594261,0.0001,0.0001,vit,dp_kfm_a,public,0.1,42,5,True
layer,blocks.7.norm1.weight,identity,0.717847603023422,3.474266721627629e-05,99.59220886230469,0.09046858278374835,0.009065361030230965,0.0001,0.0001,vit,dp_kfm_a,public,0.1,42,5,True
layer,blocks.7.norm1.bias,identity,0.7203717942138457,3.474266721627629e-05,99.59220886230469,0.1346987818905122,0.013497426958579337,0.0001,0.0001,vit,dp_kfm_a,public,0.1,42,5,True
layer,blocks.7.norm2.weight,identity,0.7201997177724552,3.474266721627629e-05,99.59220886230469,0.0588559077128545,0.005897628057845818,0.0001,0.0001,vit,dp_kfm_a,public,0.1,42,5,True
layer,blocks.7.norm2.bias,identity,0.7107371898169971,3.474266721627629e-05,99.59220886230469,0.0790015165964885,0.007916309152259696,0.0001,0.0001,vit,dp_kfm_a,public,0.1,42,5,True
layer,blocks.8.norm1.weight,identity,0.7219412728081674,3.474266721627629e-05,99.59220886230469,0.09879310742424233,0.009899516036853745,0.0001,0.0001,vit,dp_kfm_a,public,0.1,42,5,True
layer,blocks.8.norm1.bias,identity,0.7189042910473773,3.474266721627629e-05,99.59220886230469,0.11839585247289124,0.011863799720553693,0.0001,0.0001,vit,dp_kfm_a,public,0.1,42,5,True
layer,blocks.8.norm2.weight,identity,0.7211654710195654,3.474266721627629e-05,99.59220886230469,0.04272305117808596,0.004281042891631961,0.0001,0.0001,vit,dp_kfm_a,public,0.1,42,5,True
layer,blocks.8.norm2.bias,identity,0.7236843898814884,3.474266721627629e-05,99.59220886230469,0.06348352109785312,0.006361335841835523,0.0001,0.0001,vit,dp_kfm_a,public,0.1,42,5,True
layer,blocks.9.norm1.weight,identity,0.723704297857399,3.474266721627629e-05,99.59220886230469,0.09202128717170971,0.00922094903014183,0.0001,0.0001,vit,dp_kfm_a,public,0.1,42,5,True
layer,blocks.9.norm1.bias,identity,0.7230408708362622,3.474266721627629e-05,99.59220886230469,0.12008264603878067,0.012032824062349899,0.0001,0.0001,vit,dp_kfm_a,public,0.1,42,5,True
layer,blocks.9.norm2.weight,identity,0.7206778388738863,3.474266721627629e-05,99.59220886230469,0.09709427425346741,0.009729285272213398,0.0001,0.0001,vit,dp_kfm_a,public,0.1,42,5,True
layer,blocks.9.norm2.bias,identity,0.7146484210582352,3.474266721627629e-05,99.59220886230469,0.05364653937678006,0.005375625797471597,0.0001,0.0001,vit,dp_kfm_a,public,0.1,42,5,True
layer,blocks.10.norm1.weight,identity,0.7204263562675522,3.474266721627629e-05,99.59220886230469,0.07956349607734474,0.007972622037117433,0.0001,0.0001,vit,dp_kfm_a,public,0.1,42,5,True
layer,blocks.10.norm1.bias,identity,0.7230556074683262,3.474266721627629e-05,99.59220886230469,0.10020360378412567,0.010040854149386514,0.0001,0.0001,vit,dp_kfm_a,public,0.1,42,5,True
layer,blocks.10.norm2.weight,identity,0.7184055777420345,3.474266721627629e-05,99.59220886230469,0.09443119745783034,0.009462432936730393,0.0001,0.0001,vit,dp_kfm_a,public,0.1,42,5,True
layer,blocks.10.norm2.bias,identity,0.7172074256274389,3.474266721627629e-05,99.59220886230469,0.04459673677391934,0.004468794659822854,0.0001,0.0001,vit,dp_kfm_a,public,0.1,42,5,True
layer,blocks.11.norm1.weight,identity,0.7183710468360317,3.474266721627629e-05,99.59220886230469,0.06732044747030227,0.006745813212237251,0.0001,0.0001,vit,dp_kfm_a,public,0.1,42,5,True
layer,blocks.11.norm1.bias,identity,0.7209825591527209,3.474266721627629e-05,99.59220886230469,0.08319877261523305,0.008336893182377444,0.0001,0.0001,vit,dp_kfm_a,public,0.1,42,5,True
layer,blocks.11.norm2.weight,identity,0.7197931328392503,3.474266721627629e-05,99.59220886230469,0.030497323375139378,0.0030559696896346757,0.0001,0.0001,vit,dp_kfm_a,public,0.1,42,5,True
layer,blocks.11.norm2.bias,identity,0.7209325145245681,3.474266721627629e-05,99.59220886230469,0.026315733845062302,0.0026369555125142566,0.0001,0.0001,vit,dp_kfm_a,public,0.1,42,5,True
layer,norm.weight,identity,0.7166176423566436,3.474266721627629e-05,99.59220886230469,0.023588870066562528,0.002363711432948542,0.0001,0.0001,vit,dp_kfm_a,public,0.1,42,5,True
layer,norm.bias,identity,0.7191769596066663,3.474266721627629e-05,99.59220886230469,0.016644905568330454,0.0016678947945023325,0.0001,0.0001,vit,dp_kfm_a,public,0.1,42,5,True
group,attention_out,attention_out,0.7202582129072078,0.08046401727289565,230655.55572509766,4.299201200218537,0.008951706003684508,0.0001,0.0001,vit,dp_kfm_a,public,0.1,42,5,True
group,attention_qkv,attention_qkv,0.7202343381169879,0.2413920518186876,691966.667175293,4.389594587163314,0.005276935968778649,0.0001,0.0001,vit,dp_kfm_a,public,0.1,42,5,True
group,identity,identity,0.7203857461831266,0.008616181469636556,24698.867797851562,1.2109413520985852,0.007705211910305177,0.0001,0.0001,vit,dp_kfm_a,public,0.1,42,5,True
group,mlp_fc1,mlp_fc1,0.7202223915387991,0.3218560690915826,922622.2229003906,5.24431192918434,0.005459797808403032,0.0001,0.0001,vit,dp_kfm_a,public,0.1,42,5,True
group,mlp_fc2,mlp_fc2,0.7202433611345864,0.3206053330717978,919036.9033813477,5.240503735251133,0.005466464846191375,0.0001,0.0001,vit,dp_kfm_a,public,0.1,42,5,True
group,patch_head,patch_head,0.720151335522409,0.027066347275396748,77587.51779794693,3.7567126147135084,0.013486897104935834,0.0001,0.0001,vit,dp_kfm_a,public,0.1,42,5,True
