level,layer,group,noise_rms,noise_energy_share,expected_noise_energy,signal_norm,snr,damping,lambda,task,method,source,beta,seed,epoch,research_only
layer,patch_embed,patch_head,0.7203020948954071,0.026717111089316622,76586.4086151123,5.2170843982193205,0.01885176469056901,0.001,0.001,vit,dp_kfm_a,public,0.2,42,1,True
layer,blocks.0.attn.q_proj,attention_qkv,0.7199886394258127,0.006705334772741336,19221.296310424805,0.5944627515842263,0.0042877880592081495,0.001,0.001,vit,dp_kfm_a,public,0.2,42,1,True
layer,blocks.0.attn.k_proj,attention_qkv,0.7201679827595956,0.006705334772741336,19221.296310424805,0.933706325448228,0.006734711001479445,0.001,0.001,vit,dp_kfm_a,public,0.2,42,1,True
layer,blocks.0.attn.v_proj,attention_qkv,0.7200288655858448,0.006705334772741336,19221.296310424805,2.2339966953431114,0.016113548458797707,0.001,0.001,vit,dp_kfm_a,public,0.2,42,1,True
layer,blocks.0.attn.out_proj,attention_out,0.7201580165856527,0.006705334772741336,19221.296310424805,2.4807587152189607,0.017893413117214152,0.001,0.001,vit,dp_kfm_a,public,0.2,42,1,True
layer,blocks.0.mlp.fc1,mlp_fc1,0.7201375473014188,0.026821339090965342,76885.18524169922,3.0621037275686573,0.011043292253497388,0.001,0.001,vit,dp_kfm_a,public,0.2,42,1,True
layer,blocks.0.mlp.fc2,mlp_fc2,0.7201951070435891,0.026717111089316622,76586.4086151123,5.090098749786929,0.018392906182521127,0.001,0.001,vit,dp_kfm_a,public,0.2,42,1,True
layer,blocks.1.attn.q_proj,attention_qkv,0.7202832193650655,0.006705334772741336,19221.296310424805,0.38913019394504833,0.002806749110231722,0.001,0.001,vit,dp_kfm_a,public,0.2,42,1,True
layer,blocks.1.attn.k_proj,attention_qkv,0.7203155901910432,0.006705334772741336,19221.296310424805,0.5746306679556826,0.004144741634272237,0.001,0.001,vit,dp_kfm_a,public,0.2,42,1,True
layer,blocks.1.attn.v_proj,attention_qkv,0.719982979314785,0.006705334772741336,19221.296310424805,2.3787714371182567,0.017157791192937234,0.001,0.001,vit,dp_kfm_a,public,0.2,42,1,True
layer,blocks.1.attn.out_proj,attention_out,0.720222591960734,0.006705334772741336,19221.296310424805,3.2744908991872,0.023618507534918825,0.001,0.001,vit,dp_kfm_a,public,0.2,42,1,True
layer,blocks.1.mlp.fc1,mlp_fc1,0.7202029313890865,0.026821339090965342,76885.18524169922,4.237453346673488,0.015282119706320966,0.001,0.001,vit,dp_kfm_a,public,0.2,42,1,True
layer,blocks.1.mlp.fc2,mlp_fc2,0.720174427012973,0.026717111089316622,76586.4086151123,3.638007767540665,0.013145822674355684,0.001,0.001,vit,dp_kfm_a,public,0.2,42,1,True
layer,blocks.2.attn.q_proj,attention_qkv,0.7202148880839313,0.006705334772741336,19221.296310424805,0.5965772216187221,0.004303039476292401,0.001,0.001,vit,dp_kfm_a,public,0.2,42,1,True
layer,blocks.2.attn.k_proj,attention_qkv,0.7202687900256208,0.006705334772741336,19221.296310424805,0.7749084208750266,0.005589320887058163,0.001,0.001,vit,dp_kfm_a,public,0.2,42,1,True
layer,blocks.2.attn.v_proj,attention_qkv,0.7200802573509746,0.006705334772741336,19221.296310424805,3.2916321960939228,0.023742145640082053,0.001,0.001,vit,dp_kfm_a,public,0.2,42,1,True
layer,blocks.2.attn.out_proj,attention_out,0.7203496979165948,0.006705334772741336,19221.296310424805,3.683747187881684,0.02657042373680624,0.001,0.001,vit,dp_kfm_a,public,0.2,42,1,True
layer,blocks.2.mlp.fc1,mlp_fc1,0.7203076061938987,0.026821339090965342,76885.18524169922,4.492153876383124,0.01620068179204675,0.001,0.001,vit,dp_kfm_a,public,0.2,42,1,True
layer,blocks.2.mlp.fc2,mlp_fc2,0.7202645819028248,0.026717111089316622,76586.4086151123,4.232378282699451,0.015293561187961132,0.001,0.001,vit,dp_kfm_a,public,0.2,42,1,True
layer,blocks.3.attn.q_proj,attention_qkv,0.7199949367520091,0.006705334772741336,19221.296310424805,0.7008800931826917,0.005055363496664174,0.001,0.001,vit,dp_kfm_a,public,0.2,42,1,True
layer,blocks.3.attn.k_proj,attention_qkv,0.7202973364568,0.006705334772741336,19221.296310424805,0.9370311016444766,0.006758692210791248,0.001,0.001,vit,dp_kfm_a,public,0.2,42,1,True
layer,blocks.3.attn.v_proj,attention_qkv,0.7200083203026264,0.006705334772741336,19221.296310424805,3.2191669219611856,0.02321946236630998,0.001,0.001,vit,dp_kfm_a,public,0.2,42,1,True
layer,blocks.3.attn.out_proj,attention_out,0.7203857425417945,0.006705334772741336,19221.296310424805,3.328006758652999,0.02400451096841269,0.001,0.001,vit,dp_kfm_a,public,0.2,42,1,True
layer,blocks.3.mlp.fc1,mlp_fc1,0.7201998408575669,0.026821339090965342,76885.18524169922,4.275363126789988,0.015418839039935689,0.001,0.001,vit,dp_kfm_a,public,0.2,42,1,True
layer,blocks.3.mlp.fc2,mlp_fc2,0.7204007287258756,0.026717111089316622,76586.4086151123,4.146263464007107,0.014982388093097414,0.001,0.001,vit,dp_kfm_a,public,0.2,42,1,True
layer,blocks.4.attn.q_proj,attention_qkv,0.7202999310138218,0.006705334772741336,19221.296310424805,0.8983742241837688,0.00647986482061319,0.001,0.001,vit,dp_kfm_a,public,0.2,42,1,True
layer,blocks.4.attn.k_proj,attention_qkv,0.7205073177407616,0.006705334772741336,19221.296310424805,1.3421606849413854,0.009680842984852554,0.001,0.001,vit,dp_kfm_a,public,0.2,42,1,True
layer,blocks.4.attn.v_proj,attention_qkv,0.7202626794347493,0.006705334772741336,19221.296310424805,2.6708127782149567,0.019264250128862907,0.001,0.001,vit,dp_kfm_a,public,0.2,42,1,True
layer,blocks.4.attn.out_proj,attention_out,0.7203507754988063,0.006705334772741336,19221.296310424805,2.778583998412893,0.020041590929206626,0.001,0.001,vit,dp_kfm_a,public,0.2,42,1,True
layer,blocks.4.mlp.fc1,mlp_fc1,0.7202657702754487,0.026821339090965342,76885.18524169922,3.916740314673633,0.014125487515845882,0.001,0.001,vit,dp_kfm_a,public,0.2,42,1,True
layer,blocks.4.mlp.fc2,mlp_fc2,0.720082496955231,0.026717111089316622,76586.4086151123,3.801546689932341,0.013736765248282486,0.001,0.001,vit,dp_kfm_a,public,0.2,42,1,True
layer,blocks.5.attn.q_proj,attention_qkv,0.7201857349847367,0.006705334772741336,19221.296310424805,0.6298423063699478,0.00454297651659432,0.001,0.001,vit,dp_kfm_a,public,0.2,42,1,True
layer,blocks.5.attn.k_proj,attention_qkv,0.720084771303808,0.006705334772741336,19221.296310424805,0.931547670792185,0.006719140886054262,0.001,0.001,vit,dp_kfm_a,public,0.2,42,1,True
layer,blocks.5.attn.v_proj,attention_qkv,0.7202568318105349,0.006705334772741336,19221.296310424805,2.8106103629680628,0.020272593230281907,0.001,0.001,vit,dp_kfm_a,public,0.2,42,1,True
layer,blocks.5.attn.out_proj,attention_out,0.7200255019387336,0.006705334772741336,19221.296310424805,2.7644215237244985,0.0199394387090786,0.001,0.001,vit,dp_kfm_a,public,0.2,42,1,True
layer,blocks.5.mlp.fc1,mlp_fc1,0.7200677526569551,0.026821339090965342,76885.18524169922,4.045243219551162,0.014588925485373048,0.001,0.001,vit,dp_kfm_a,public,0.2,42,1,True
layer,blocks.5.mlp.fc2,mlp_fc2,0.7201976063557993,0.026717111089316622,76586.4086151123,3.5373898535898,0.012782243116757378,0.001,0.001,vit,dp_kfm_a,public,0.2,42,1,True
layer,blocks.6.attn.q_proj,attention_qkv,0.7201156041786847,0.006705334772741336,19221.296310424805,0.6652216669886081,0.004798163573476921,0.001,0.001,vit,dp_kfm_a,public,0.2,42,1,True
layer,blocks.6.attn.k_proj,attention_qkv,0.7199222220421676,0.006705334772741336,19221.296310424805,1.007423302177991,0.007266422654969007,0.001,0.001,vit,dp_kfm_a,public,0.2,42,1,True
layer,blocks.6.attn.v_proj,attention_qkv,0.7203753715498609,0.006705334772741336,19221.296310424805,2.9419589881250903,0.021219995006155682,0.001,0.001,vit,dp_kfm_a,public,0.2,42,1,True
layer,blocks.6.attn.out_proj,attention_out,0.7199891723951323,0.006705334772741336,19221.296310424805,3.1569870674287537,0.02277096658238248,0.001,0.001,vit,dp_kfm_a,public,0.2,42,1,True
layer,blocks.6.mlp.fc1,mlp_fc1,0.720242896405257,0.026821339090965342,76885.18524169922,3.9886381543229996,0.014384782734520114,0.001,0.001,vit,dp_kfm_a,public,0.2,42,1,True
layer,blocks.6.mlp.fc2,mlp_fc2,0.720253806560925,0.026717111089316622,76586.4086151123,3.6678372406335793,0.013253610504620268,0.001,0.001,vit,dp_kfm_a,public,0.2,42,1,True
layer,blocks.7.attn.q_proj,attention_qkv,0.7205746178651928,0.006705334772741336,19221.296310424805,0.6573355848342735,0.004741282214964248,0.001,0.001,vit,dp_kfm_a,public,0.2,42,1,True
layer,blocks.7.attn.k_proj,attention_qkv,0.7203622743916175,0.006705334772741336,19221.296310424805,0.8653218555622166,0.006241462076073936,0.001,0.001,vit,dp_kfm_a,public,0.2,42,1,True
layer,blocks.7.attn.v_proj,attention_qkv,0.7205652438625078,0.006705334772741336,19221.296310424805,3.1099679561386084,0.022431823409143826,0.001,0.001,vit,dp_kfm_a,public,0.2,42,1,True
layer,blocks.7.attn.out_proj,attention_out,0.720486209345104,0.006705334772741336,19221.296310424805,3.1834031316710094,0.022961502464617978,0.001,0.001,vit,dp_kfm_a,public,0.2,42,1,True
layer,blocks.7.mlp.fc1,mlp_fc1,0.7202258259965668,0.026821339090965342,76885.18524169922,4.065060316671482,0.014660394649903732,0.001,0.001,vit,dp_kfm_a,public,0.2,42,1,True
layer,blocks.7.mlp.fc2,mlp_fc2,0.7202222139027076,0.026717111089316622,76586.4086151123,4.581813403744332,0.016556233626000845,0.001,0.001,vit,dp_kfm_a,public,0.2,42,1,True
layer,blocks.8.attn.q_proj,attention_qkv,0.7205790733914319,0.006705334772741336,19221.296310424805,0.6677277635464435,0.004816239745393956,0.001,0.001,vit,dp_kfm_a,public,0.2,42,1,True
layer,blocks.8.attn.k_proj,attention_qkv,0.720428594711656,0.006705334772741336,19221.296310424805,1.0114831567313673,0.007295705895726642,0.001,0.001,vit,dp_kfm_a,public,0.2,42,1,True
layer,blocks.8.attn.v_proj,attention_qkv,0.7201830503973407,0.006705334772741336,19221.296310424805,3.3581254443364905,0.024221753412095755,0.001,0.001,vit,dp_kfm_a,public,0.2,42,1,True
layer,blocks.8.attn.out_proj,attention_out,0.7203652410160586,0.006705334772741336,19221.296310424805,3.3347584444038056,0.024053210062619488,0.001,0.001,vit,dp_kfm_a,public,0.2,42,1,True
layer,blocks.8.mlp.fc1,mlp_fc1,0.7202071162502854,0.026821339090965342,76885.18524169922,4.028181869576005,0.014527394756574209,0.001,0.001,vit,dp_kfm_a,public,0.2,42,1,True
layer,blocks.8.mlp.fc2,mlp_fc2,0.720111427773789,0.026717111089316622,76586.4086151123,3.862548712774713,0.0139571940726016,0.001,0.001,vit,dp_kfm_a,public,0.2,42,1,True
layer,blocks.9.attn.q_proj,attention_qkv,0.7199327611401339,0.006705334772741336,19221.296310424805,0.6816414515102088,0.004916597496912598,0.001,0.001,vit,dp_kfm_a,public,0.2,42,1,True
layer,blocks.9.attn.k_proj,attention_qkv,0.7202871223396248,0.006705334772741336,19221.296310424805,1.0837483359782776,0.007816945909244184,0.001,0.001,vit,dp_kfm_a,public,0.2,42,1,True
layer,blocks.9.attn.v_proj,attention_qkv,0.7199731174336794,0.006705334772741336,19221.296310424805,3.279172061229778,0.023652272191587213,0.001,0.001,vit,dp_kfm_a,public,0.2,42,1,True
layer,blocks.9.attn.out_proj,attention_out,0.7202496380762944,0.006705334772741336,19221.296310424805,3.230512145010576,0.02330129409048546,0.001,0.001,vit,dp_kfm_a,public,0.2,42,1,True
layer,blocks.9.mlp.fc1,mlp_fc1,0.7201483329475421,0.026821339090965342,76885.18524169922,3.780919404705067,0.013635657602699948,0.001,0.001,vit,dp_kfm_a,public,0.2,42,1,True
layer,blocks.9.mlp.fc2,mlp_fc2,0.719971666975776,0.026717111089316622,76586.4086151123,3.4245035836478843,0.012374332254041148,0.001,0.001,vit,dp_kfm_a,public,0.2,42,1,True
layer,blocks.10.attn.q_proj,attention_qkv,0.720223578783821,0.006705334772741336,19221.296310424805,0.6408150743612476,0.004622121767401331,0.001,0.001,vit,dp_kfm_a,public,0.2,42,1,True
layer,blocks.10.attn.k_proj,attention_qkv,0.720229607218133,0.006705334772741336,19221.296310424805,1.0833959949834993,0.007814404516186074,0.001,0.001,vit,dp_kfm_a,public,0.2,42,1,True
layer,blocks.10.attn.v_proj,attention_qkv,0.7203137161311047,0.006705334772741336,19221.296310424805,3.2176888806835056,0.023208801433014185,0.001,0.001,vit,dp_kfm_a,public,0.2,42,1,True
layer,blocks.10.attn.out_proj,attention_out,0.720223236399829,0.006705334772741336,19221.296310424805,3.1773923426195165,0.022918147368856737,0.001,0.001,vit,dp_kfm_a,public,0.2,42,1,True
layer,blocks.10.mlp.fc1,mlp_fc1,0.7201804330282202,0.026821339090965342,76885.18524169922,3.3532092963776026,0.01209314691519114,0.001,0.001,vit,dp_kfm_a,public,0.2,42,1,True
layer,blocks.10.mlp.fc2,mlp_fc2,0.7202006827904535,0.026717111089316622,76586.4086151123,2.9575261173760703,0.010686924376767935,0.001,0.001,vit,dp_kfm_a,public,0.2,42,1,True
layer,blocks.11.attn.q_proj,attention_qkv,0.7201467891469412,0.006705334772741336,19221.296310424805,0.8149079755662793,0.0058778328460021454,0.001,0.001,vit,dp_kfm_a,public,0.2,42,1,True
layer,blocks.11.attn.k_proj,attention_qkv,0.7198823730551367,0.006705334772741336,19221.296310424805,1.1176885777027294,0.008061752775284012,0.001,0.001,vit,dp_kfm_a,public,0.2,42,1,True
layer,blocks.11.attn.v_proj,attention_qkv,0.7203289882286095,0.006705334772741336,19221.296310424805,2.8808092834051937,0.02077892956845867,0.001,0.001,vit,dp_kfm_a,public,0.2,42,1,True
layer,blocks.11.attn.out_proj,attention_out,0.7199960016980851,0.006705334772741336,19221.296310424805,2.4546839155112083,0.017705338734866054,0.001,0.001,vit,dp_kfm_a,public,0.2,42,1,True
layer,blocks.11.mlp.fc1,mlp_fc1,0.7201161429326594,0.026821339090965342,76885.18524169922,2.9864302546132135,0.010770380441216079,0.001,0.001,vit,dp_kfm_a,public,0.2,42,1,True
layer,blocks.11.mlp.fc2,mlp_fc2,0.720189885168834,0.026717111089316622,76586.4086151123,2.9735626342826995,0.010744871808725019,0.001,0.001,vit,dp_kfm_a,public,0.2,42,1,True
layer,head,patch_head,0.7196870436843421,0.0003492361860802786,1001.1091828346252,12.568685942713971,0.3972365048424238,0.001,0.001,vit,dp_kfm_a,public,0.2,42,1,True
layer,cls_token,identity,0.7141159629350641,3.474266721627629e-05,99.59220886230469,0.20804147626069971,0.02084669653854975,0.001,0.001,vit,dp_kfm_a,public,0.2,42,1,True
layer,pos_embed,identity,0.7202692493818748,0.006844305441606457,19619.665145874023,0.7150195283461439,0.005104722142816388,0.001,0.001,vit,dp_kfm_a,public,0.2,42,1,True
layer,blocks.0.norm1.weight,identity,0.7198966559318914,3.474266721627629e-05,99.59220886230469,0.9076478706356571,0.09095042038296078,0.001,0.001,vit,dp_kfm_a,public,0.2,42,1,True
layer,blocks.0.norm1.bias,identity,0.7214011287070016,3.474266721627629e-05,99.59220886230469,0.5794884883878723,0.05806736657582037,0.001,0.001,vit,dp_kfm_a,public,0.2,42,1,True
layer,blocks.0.norm2.weight,identity,0.7198330597675036,3.474266721627629e-05,99.59220886230469,0.33329219989670195,0.03339738534255309,0.001,0.001,vit,dp_kfm_a,public,0.2,42,1,True
layer,blocks.0.norm2.bias,identity,0.719295220760294,3.474266721627629e-05,99.59220886230469,0.2684418621902536,0.026899088296753013,0.001,0.001,vit,dp_kfm_a,public,0.2,42,1,True
layer,blocks.1.norm1.weight,identity,0.7201664361592618,3.474266721627629e-05,99.59220886230469,0.5123702870306298,0.051341819338526405,0.001,0.001,vit,dp_kfm_a,public,0.2,42,1,True
layer,blocks.1.norm1.bias,identity,0.721503788450501,3.474266721627629e-05,99.59220886230469,0.5668983593607172,0.05680577872359126,0.001,0.001,vit,dp_kfm_a,public,0.2,42,1,True
layer,blocks.1.norm2.weight,identity,0.7218347042004147,3.474266721627629e-05,99.59220886230469,0.6380120777524732,0.06393169483266134,0.001,0.001,vit,dp_kfm_a,public,0.2,42,1,True
layer,blocks.1.norm2.bias,identity,0.7180172354511912,3.474266721627629e-05,99.59220886230469,0.485538184311841,0.04865312133020789,0.001,0.001,vit,dp_kfm_a,public,0.2,42,1,True
layer,blocks.2.norm1.weight,identity,0.7203505521739182,3.474266721627629e-05,99.59220886230469,0.47409376282523635,0.0475063385536256,0.001,0.001,vit,dp_kfm_a,public,0.2,42,1,True
layer,blocks.2.norm1.bias,identity,0.7163903795672324,3.474266721627629e-05,99.59220886230469,0.5691383241409,0.05703023332211089,0.001,0.001,vit,dp_kfm_a,public,0.2,42,1,True
layer,blocks.2.norm2.weight,identity,0.7214467553030348,3.474266721627629e-05,99.59220886230469,0.38616137883849755,0.03869511610976215,0.001,0.001,vit,dp_kfm_a,public,0.2,42,1,True
layer,blocks.2.norm2.bias,identity,0.7182306329092334,3.474266721627629e-05,99.59220886230469,0.5326274616871416,0.05337167982780455,0.001,0.001,vit,dp_kfm_a,public,0.2,42,1,True
layer,blocks.3.norm1.weight,identity,0.715897813432502,3.474266721627629e-05,99.59220886230469,0.3840438045950737,0.03848292559638978,0.001,0.001,vit,dp_kfm_a,public,0.2,42,1,True
layer,blocks.3.norm1.bias,identity,0.7185715588629581,3.474266721627629e-05,99.59220886230469,0.5497350082518243,0.05508593334187856,0.001,0.001,vit,dp_kfm_a,public,0.2,42,1,True
layer,blocks.3.norm2.weight,identity,0.7168448718661599,3.474266721627629e-05,99.59220886230469,0.34300287821666264,0.034370439215070436,0.001,0.001,vit,dp_kfm_a,public,0.2,42,1,True
layer,blocks.3.norm2.bias,identity,0.7250678974291619,3.474266721627629e-05,99.59220886230469,0.42670564152820084,0.042757834543909086,0.001,0.001,vit,dp_kfm_a,public,0.2,42,1,True
layer,blocks.4.norm1.weight,identity,0.7180958293248871,3.474266721627629e-05,99.59220886230469,0.30290178464962547,0.03035212833071371,0.001,0.001,vit,dp_kfm_a,public,0.2,42,1,True
layer,blocks.4.norm1.bias,identity,0.7217479770181263,3.474266721627629e-05,99.59220886230469,0.5438844693724202,0.05449968289414046,0.001,0.001,vit,dp_kfm_a,public,0.2,42,1,True
layer,blocks.4.norm2.weight,identity,0.7172649338843595,3.474266721627629e-05,99.59220886230469,0.28316812435310046,0.028374726347269907,0.001,0.001,vit,dp_kfm_a,public,0.2,42,1,True
layer,blocks.4.norm2.bias,identity,0.7225413241951496,3.474266721627629e-05,99.59220886230469,0.38887310925356466,0.03896684375788948,0.001,0.001,vit,dp_kfm_a,public,0.2,42,1,True
layer,blocks.5.norm1.weight,identity,0.7156588038331706,3.474266721627629e-05,99.59220886230469,0.2930156933555863,0.02936149728509964,0.001,0.001,vit,dp_kfm_a,public,0.2,42,1,True
layer,blocks.5.norm1.bias,identity,0.7180342609535993,3.474266721627629e-05,99.59220886230469,0.4364774907386845,0.043737018016228583,0.001,0.001,vit,dp_kfm_a,public,0.2,42,1,True
layer,blocks.5.norm2.weight,identity,0.7226680856316783,3.474266721627629e-05,99.59220886230469,0.27498663408286916,0.027554904031248266,0.001,0.001,vit,dp_kfm_a,public,0.2,42,1,True
layer,blocks.5.norm2.bias,identity,0.7219805237184768,3.474266721627629e-05,99.59220886230469,0.35706650611395097,0.03577967831621226,0.001,0.001,vit,dp_kfm_a,public,0.2,42,1,True
layer,blocks.6.norm1.weight,identity,0.7238994584660878,3.474266721627629e-05,99.59220886230469,0.2736224316130712,0.027418204775810442,0.001,0.001,vit,dp_kfm_a,public,0.2,42,1,True
layer,blocks.6.norm1.bias,identity,0.7182448204604617,3.474266721627629e-05,99.59220886230469,0.45156681773188817,0.045249036804270976,0.001,0.001,vit,dp_kfm_a,public,0.2,42,1,True
layer,blocks.6.norm2.weight,identity,0.7218172330493724,3.474266721627629e-05,99.59220886230469,0.24281489721721256,0.024331150539343687,0.001,0.001,vit,dp_kfm_a,public,0.2,42,1,True
layer,blocks.6.norm2.bias,identity,0.7207453810932937,3.474266721627629e-05,99.59220886230469,0.32586651907797726,0.03265329855081115,0.001,0.001,vit,dp_kfm_a,public,0.2,42,1,True
layer,blocks.7.norm1.weight,identity,0.7214836546319633,3.474266721627629e-05,99.59220886230469,0.2851972282143071,0.028578051728343264,0.001,0.001,vit,dp_kfm_a,public,0.2,42,1,True
layer,blocks.7.norm1.bias,identity,0.7190386683256822,3.474266721627629e-05,99.59220886230469,0.3998140679141264,0.040063177282997416,0.001,0.001,vit,dp_kfm_a,public,0.2,42,1,True
layer,blocks.7.norm2.weight,identity,0.7169024323897683,3.474266721627629e-05,99.59220886230469,0.18275631185989957,0.018313008743860708,0.001,0.001,vit,dp_kfm_a,public,0.2,42,1,True
layer,blocks.7.norm2.bias,identity,0.7183353431527848,3.474266721627629e-05,99.59220886230469,0.26653239020595126,0.02670775057063662,0.001,0.001,vit,dp_kfm_a,public,0.2,42,1,True
layer,blocks.8.norm1.weight,identity,0.7194275706080325,3.474266721627629e-05,99.59220886230469,0.34830781090617907,0.03490201745573432,0.001,0.001,vit,dp_kfm_a,public,0.2,42,1,True
layer,blocks.8.norm1.bias,identity,0.7214316652373783,3.474266721627629e-05,99.59220886230469,0.42749683833524255,0.0428371160412101,0.001,0.001,vit,dp_kfm_a,public,0.2,42,1,True
layer,blocks.8.norm2.weight,identity,0.7213060314688632,3.474266721627629e-05,99.59220886230469,0.16423776173901292,0.01645736629388944,0.001,0.001,vit,dp_kfm_a,public,0.2,42,1,True
layer,blocks.8.norm2.bias,identity,0.7169370991880998,3.474266721627629e-05,99.59220886230469,0.26257527147583515,0.026311229382571365,0.001,0.001,vit,dp_kfm_a,public,0.2,42,1,True
layer,blocks.9.norm1.weight,identity,0.7232845781269153,3.474266721627629e-05,99.59220886230469,0.3764022172590501,0.03771720399543707,0.001,0.001,vit,dp_kfm_a,public,0.2,42,1,True
layer,blocks.9.norm1.bias,identity,0.7192420332762735,3.474266721627629e-05,99.59220886230469,0.4607447062904467,0.04616870273379527,0.001,0.001,vit,dp_kfm_a,public,0.2,42,1,True
layer,blocks.9.norm2.weight,identity,0.7178842162365565,3.474266721627629e-05,99.59220886230469,0.638074160381831,0.063937915792817,0.001,0.001,vit,dp_kfm_a,public,0.2,42,1,True
layer,blocks.9.norm2.bias,identity,0.7202040711169818,3.474266721627629e-05,99.59220886230469,0.2507000871776793,0.025121282224665302,0.001,0.001,vit,dp_kfm_a,public,0.2,42,1,True
layer,blocks.10.norm1.weight,identity,0.7213290639844787,3.474266721627629e-05,99.59220886230469,0.2984989600456238,0.029910945398916658,0.001,0.001,vit,dp_kfm_a,public,0.2,42,1,True
layer,blocks.10.norm1.bias,identity,0.7198469624059669,3.474266721627629e-05,99.59220886230469,0.42678845894223294,0.042766133223237225,0.001,0.001,vit,dp_kfm_a,public,0.2,42,1,True
layer,blocks.10.norm2.weight,identity,0.7199312728641792,3.474266721627629e-05,99.59220886230469,0.43049550801391245,0.04313759630088802,0.001,0.001,vit,dp_kfm_a,public,0.2,42,1,True
layer,blocks.10.norm2.bias,identity,0.7191252260302871,3.474266721627629e-05,99.59220886230469,0.20126148245799158,0.020167310505155186,0.001,0.001,vit,dp_kfm_a,public,0.2,42,1,True
layer,blocks.11.norm1.weight,identity,0.720534980469304,3.474266721627629e-05,99.59220886230469,0.24447184006360867,0.024497183704082676,0.001,0.001,vit,dp_kfm_a,public,0.2,42,1,True
layer,blocks.11.norm1.bias,identity,0.7171724590845555,3.474266721627629e-05,99.59220886230469,0.4064665704042459,0.040729788110444504,0.001,0.001,vit,dp_kfm_a,public,0.2,42,1,True
layer,blocks.11.norm2.weight,identity,0.7189673708469886,3.474266721627629e-05,99.59220886230469,0.19669020495621217,0.01970924783137527,0.001,0.001,vit,dp_kfm_a,public,0.2,42,1,True
layer,blocks.11.norm2.bias,identity,0.7201426606340551,3.474266721627629e-05,99.59220886230469,0.18015938217787383,0.01805278464823231,0.001,0.001,vit,dp_kfm_a,public,0.2,42,1,True
layer,norm.weight,identity,0.7178287927595061,3.474266721627629e-05,99.59220886230469,0.14115762334527027,0.014144632074684237,0.001,0.001,vit,dp_kfm_a,public,0.2,42,1,True
layer,norm.bias,identity,0.7239602659211286,3.474266721627629e-05,99.59220886230469,0.09093429070188715,0.009112027069232129,0.001,0.001,vit,dp_kfm_a,public,0.2,42,1,True
group,attention_out,attention_out,0.7202385340361014,0.08046401727289565,230655.55572509766,10.732311389763877,0.022346592268414265,0.001,0.001,vit,dp_kfm_a,public,0.2,42,1,True
group,attention_qkv,attention_qkv,0.7202177698840956,0.2413920518186876,691966.667175293,11.117308003128183,0.013364633410396358,0.001,0.001,vit,dp_kfm_a,public,0.2,42,1,True
group,identity,identity,0.7203475488319954,0.008616181469636556,24698.867797851562,3.0627326242654047,0.019488147674263864,0.001,0.001,vit,dp_kfm_a,public,0.2,42,1,True
group,mlp_fc1,mlp_fc1,0.7201930721084683,0.3218560690915826,922622.2229003906,13.463989080636022,0.01401721695190092,0.001,0.001,vit,dp_kfm_a,public,0.2,42,1,True
group,mlp_fc2,mlp_fc2,0.7201899552212939,0.3206053330717978,919036.9033813477,13.440209829338304,0.014019727543232595,0.001,0.001,vit,dp_kfm_a,public,0.2,42,1,True
group,patch_head,patch_head,0.7202954549139552,0.027066347275396748,77587.51779794693,13.656709702144818,0.04902867411880868,0.001,0.001,vit,dp_kfm_a,public,0.2,42,1,True
layer,patch_embed,patch_head,0.7200401871792862,0.026717111089316622,76586.4086151123,4.812661660787336,0.017390396290206174,0.001,0.001,vit,dp_kfm_a,public,0.2,42,2,True
layer,blocks.0.attn.q_proj,attention_qkv,0.7203838293649377,0.006705334772741336,19221.296310424805,0.49064580558057125,0.003538968961238376,0.001,0.001,vit,dp_kfm_a,public,0.2,42,2,True
layer,blocks.0.attn.k_proj,attention_qkv,0.7202731705686749,0.006705334772741336,19221.296310424805,0.7372788323450792,0.00531790320791571,0.001,0.001,vit,dp_kfm_a,public,0.2,42,2,True
layer,blocks.0.attn.v_proj,attention_qkv,0.7201098014363173,0.006705334772741336,19221.296310424805,1.8227274109219354,0.013147112761757503,0.001,0.001,vit,dp_kfm_a,public,0.2,42,2,True
layer,blocks.0.attn.out_proj,attention_out,0.7205327163314924,0.006705334772741336,19221.296310424805,2.1002271858566552,0.015148685136522955,0.001,0.001,vit,dp_kfm_a,public,0.2,42,2,True
layer,blocks.0.mlp.fc1,mlp_fc1,0.7203120187063141,0.026821339090965342,76885.18524169922,2.355125260942947,0.008493617089463563,0.001,0.001,vit,dp_kfm_a,public,0.2,42,2,True
layer,blocks.0.mlp.fc2,mlp_fc2,0.7200457522037592,0.026717111089316622,76586.4086151123,3.7517653093995427,0.013556881849789594,0.001,0.001,vit,dp_kfm_a,public,0.2,42,2,True
layer,blocks.1.attn.q_proj,attention_qkv,0.7200801009786217,0.006705334772741336,19221.296310424805,0.3023061486161915,0.0021804977533197967,0.001,0.001,vit,dp_kfm_a,public,0.2,42,2,True
layer,blocks.1.attn.k_proj,attention_qkv,0.7206529019107746,0.006705334772741336,19221.296310424805,0.4140840810004107,0.0029867384849430367,0.001,0.001,vit,dp_kfm_a,public,0.2,42,2,True
layer,blocks.1.attn.v_proj,attention_qkv,0.7202595487637569,0.006705334772741336,19221.296310424805,1.7299956544612525,0.012478249797674562,0.001,0.001,vit,dp_kfm_a,public,0.2,42,2,True
layer,blocks.1.attn.out_proj,attention_out,0.7202736524295944,0.006705334772741336,19221.296310424805,2.216505924778983,0.015987389642334697,0.001,0.001,vit,dp_kfm_a,public,0.2,42,2,True
layer,blocks.1.mlp.fc1,mlp_fc1,0.7200753024464558,0.026821339090965342,76885.18524169922,2.948501970955562,0.01063359437569715,0.001,0.001,vit,dp_kfm_a,public,0.2,42,2,True
layer,blocks.1.mlp.fc2,mlp_fc2,0.7201464229374863,0.026717111089316622,76586.4086151123,2.44663038846743,0.008840819286712346,0.001,0.001,vit,dp_kfm_a,public,0.2,42,2,True
layer,blocks.2.attn.q_proj,attention_qkv,0.72033777887092,0.006705334772741336,19221.296310424805,0.46245732462475775,0.0033356488512273673,0.001,0.001,vit,dp_kfm_a,public,0.2,42,2,True
layer,blocks.2.attn.k_proj,attention_qkv,0.7206592237793646,0.006705334772741336,19221.296310424805,0.609968019038451,0.004399625681444156,0.001,0.001,vit,dp_kfm_a,public,0.2,42,2,True
layer,blocks.2.attn.v_proj,attention_qkv,0.7204950579889992,0.006705334772741336,19221.296310424805,2.3336352247524985,0.016832229142322595,0.001,0.001,vit,dp_kfm_a,public,0.2,42,2,True
layer,blocks.2.attn.out_proj,attention_out,0.7204372415049748,0.006705334772741336,19221.296310424805,2.5855363472826047,0.018649161527753446,0.001,0.001,vit,dp_kfm_a,public,0.2,42,2,True
layer,blocks.2.mlp.fc1,mlp_fc1,0.7202150210735997,0.026821339090965342,76885.18524169922,3.0990764840221794,0.011176632267833808,0.001,0.001,vit,dp_kfm_a,public,0.2,42,2,True
layer,blocks.2.mlp.fc2,mlp_fc2,0.7202475838389331,0.026717111089316622,76586.40861511229,2.9020063909755005,0.010486305652227947,0.001,0.001,vit,dp_kfm_a,public,0.2,42,2,True
layer,blocks.3.attn.q_proj,attention_qkv,0.7205537196711431,0.006705334772741336,19221.296310424805,0.49358671221985295,0.0035601813657793768,0.001,0.001,vit,dp_kfm_a,public,0.2,42,2,True
layer,blocks.3.attn.k_proj,attention_qkv,0.7203881038146911,0.006705334772741336,19221.296310424805,0.6939973607846321,0.00500571917881166,0.001,0.001,vit,dp_kfm_a,public,0.2,42,2,True
layer,blocks.3.attn.v_proj,attention_qkv,0.7200390695213904,0.006705334772741336,19221.296310424805,2.1420914021231883,0.015450646674293604,0.001,0.001,vit,dp_kfm_a,public,0.2,42,2,True
layer,blocks.3.attn.out_proj,attention_out,0.7200379558995873,0.006705334772741336,19221.296310424805,2.289691881682359,0.01651527111392518,0.001,0.001,vit,dp_kfm_a,public,0.2,42,2,True
layer,blocks.3.mlp.fc1,mlp_fc1,0.7201943228455137,0.026821339090965342,76885.18524169922,2.9507426179086718,0.01064167513367973,0.001,0.001,vit,dp_kfm_a,public,0.2,42,2,True
layer,blocks.3.mlp.fc2,mlp_fc2,0.7203064009996454,0.026717111089316622,76586.4086151123,2.8947382308569343,0.01046004239217117,0.001,0.001,vit,dp_kfm_a,public,0.2,42,2,True
layer,blocks.4.attn.q_proj,attention_qkv,0.7204344753579937,0.006705334772741336,19221.296310424805,0.644324086590626,0.004647431848977756,0.001,0.001,vit,dp_kfm_a,public,0.2,42,2,True
layer,blocks.4.attn.k_proj,attention_qkv,0.7202547689523846,0.006705334772741336,19221.296310424805,0.9334675225863519,0.006732988545266795,0.001,0.001,vit,dp_kfm_a,public,0.2,42,2,True
layer,blocks.4.attn.v_proj,attention_qkv,0.7201211261840528,0.006705334772741336,19221.296310424805,1.9775089034917164,0.014263532981289255,0.001,0.001,vit,dp_kfm_a,public,0.2,42,2,True
layer,blocks.4.attn.out_proj,attention_out,0.7202098694205189,0.006705334772741336,19221.296310424805,2.082362126111437,0.015019826617383695,0.001,0.001,vit,dp_kfm_a,public,0.2,42,2,True
layer,blocks.4.mlp.fc1,mlp_fc1,0.7201240699159053,0.026821339090965342,76885.18524169922,2.6664636750695174,0.009616440286465489,0.001,0.001,vit,dp_kfm_a,public,0.2,42,2,True
layer,blocks.4.mlp.fc2,mlp_fc2,0.7201354478957671,0.026717111089316622,76586.4086151123,2.6683980275964845,0.009642169433601062,0.001,0.001,vit,dp_kfm_a,public,0.2,42,2,True
layer,blocks.5.attn.q_proj,attention_qkv,0.7201108443757545,0.006705334772741336,19221.296310424805,0.4665675283860602,0.003365295254743241,0.001,0.001,vit,dp_kfm_a,public,0.2,42,2,True
layer,blocks.5.attn.k_proj,attention_qkv,0.7203714173662389,0.006705334772741336,19221.296310424805,0.6907764427393638,0.004982487085804345,0.001,0.001,vit,dp_kfm_a,public,0.2,42,2,True
layer,blocks.5.attn.v_proj,attention_qkv,0.7204963915688929,0.006705334772741336,19221.296310424805,1.911513434820042,0.013787515633224777,0.001,0.001,vit,dp_kfm_a,public,0.2,42,2,True
layer,blocks.5.attn.out_proj,attention_out,0.7201485841703188,0.006705334772741336,19221.296310424805,1.9194488134792198,0.013844752561475432,0.001,0.001,vit,dp_kfm_a,public,0.2,42,2,True
layer,blocks.5.mlp.fc1,mlp_fc1,0.7201521054381248,0.026821339090965342,76885.18524169922,2.4857743769301357,0.008964795239804419,0.001,0.001,vit,dp_kfm_a,public,0.2,42,2,True
layer,blocks.5.mlp.fc2,mlp_fc2,0.720191876713872,0.026717111089316622,76586.4086151123,2.249274559386236,0.008127680420984829,0.001,0.001,vit,dp_kfm_a,public,0.2,42,2,True
layer,blocks.6.attn.q_proj,attention_qkv,0.7203146770857973,0.006705334772741336,19221.296310424805,0.4301393006748021,0.003102542846148777,0.001,0.001,vit,dp_kfm_a,public,0.2,42,2,True
layer,blocks.6.attn.k_proj,attention_qkv,0.7201845039486825,0.006705334772741336,19221.296310424805,0.6530053504078874,0.0047100487568248655,0.001,0.001,vit,dp_kfm_a,public,0.2,42,2,True
layer,blocks.6.attn.v_proj,attention_qkv,0.7204268511345358,0.006705334772741336,19221.296310424805,1.9134197654402847,0.013801265765842154,0.001,0.001,vit,dp_kfm_a,public,0.2,42,2,True
layer,blocks.6.attn.out_proj,attention_out,0.7201923634573919,0.006705334772741336,19221.296310424805,2.1474173623977095,0.015489062182764163,0.001,0.001,vit,dp_kfm_a,public,0.2,42,2,True
layer,blocks.6.mlp.fc1,mlp_fc1,0.7203278840559558,0.026821339090965342,76885.18524169922,2.4655763255016776,0.008891952186557247,0.001,0.001,vit,dp_kfm_a,public,0.2,42,2,True
layer,blocks.6.mlp.fc2,mlp_fc2,0.7202718935292035,0.026717111089316622,76586.4086151123,2.241440803215693,0.008099373398000731,0.001,0.001,vit,dp_kfm_a,public,0.2,42,2,True
layer,blocks.7.attn.q_proj,attention_qkv,0.7201929960740888,0.006705334772741336,19221.296310424805,0.3963975599535815,0.0028591677438807484,0.001,0.001,vit,dp_kfm_a,public,0.2,42,2,True
layer,blocks.7.attn.k_proj,attention_qkv,0.7203914573112279,0.006705334772741336,19221.296310424805,0.5544368676607985,0.003999086190691147,0.001,0.001,vit,dp_kfm_a,public,0.2,42,2,True
layer,blocks.7.attn.v_proj,attention_qkv,0.7201942577571545,0.006705334772741336,19221.296310424805,1.8949671825461345,0.013668169513159826,0.001,0.001,vit,dp_kfm_a,public,0.2,42,2,True
layer,blocks.7.attn.out_proj,attention_out,0.7202318905821488,0.006705334772741336,19221.296310424805,1.8605022727865543,0.013419578279924455,0.001,0.001,vit,dp_kfm_a,public,0.2,42,2,True
layer,blocks.7.mlp.fc1,mlp_fc1,0.720143836382585,0.026821339090965342,76885.18524169922,2.3047537654710477,0.008311955331655135,0.001,0.001,vit,dp_kfm_a,public,0.2,42,2,True
layer,blocks.7.mlp.fc2,mlp_fc2,0.7202319505758258,0.026717111089316622,76586.4086151123,2.2323741374658175,0.00806661129637496,0.001,0.001,vit,dp_kfm_a,public,0.2,42,2,True
layer,blocks.8.attn.q_proj,attention_qkv,0.7198875254961813,0.006705334772741336,19221.296310424805,0.4018340355372233,0.002898380385933752,0.001,0.001,vit,dp_kfm_a,public,0.2,42,2,True
layer,blocks.8.attn.k_proj,attention_qkv,0.720115146018233,0.006705334772741336,19221.296310424805,0.5889456161208924,0.004247993627180787,0.001,0.001,vit,dp_kfm_a,public,0.2,42,2,True
layer,blocks.8.attn.v_proj,attention_qkv,0.7200877090678508,0.006705334772741336,19221.296310424805,1.8673106132596766,0.013468686017803539,0.001,0.001,vit,dp_kfm_a,public,0.2,42,2,True
layer,blocks.8.attn.out_proj,attention_out,0.7201998859704141,0.006705334772741336,19221.296310424805,1.849906431764289,0.013343151757839664,0.001,0.001,vit,dp_kfm_a,public,0.2,42,2,True
layer,blocks.8.mlp.fc1,mlp_fc1,0.7201949764026044,0.026821339090965342,76885.18524169922,2.2036751825108105,0.00794742152368854,0.001,0.001,vit,dp_kfm_a,public,0.2,42,2,True
layer,blocks.8.mlp.fc2,mlp_fc2,0.7202968899545242,0.026717111089316622,76586.4086151123,1.9764961773058602,0.007142004614511666,0.001,0.001,vit,dp_kfm_a,public,0.2,42,2,True
layer,blocks.9.attn.q_proj,attention_qkv,0.7202228568707627,0.006705334772741336,19221.296310424805,0.4142428892771386,0.0029878839498705596,0.001,0.001,vit,dp_kfm_a,public,0.2,42,2,True
layer,blocks.9.attn.k_proj,attention_qkv,0.720430206575876,0.006705334772741336,19221.296310424805,0.6337981634846126,0.004571509636381876,0.001,0.001,vit,dp_kfm_a,public,0.2,42,2,True
layer,blocks.9.attn.v_proj,attention_qkv,0.7202341142860449,0.006705334772741336,19221.296310424805,1.6818542702471178,0.012131011805324327,0.001,0.001,vit,dp_kfm_a,public,0.2,42,2,True
layer,blocks.9.attn.out_proj,attention_out,0.7204386514453726,0.006705334772741336,19221.296310424805,1.6422072642794745,0.011845042737761428,0.001,0.001,vit,dp_kfm_a,public,0.2,42,2,True
layer,blocks.9.mlp.fc1,mlp_fc1,0.7202345801249321,0.026821339090965342,76885.18524169922,2.0004627203942276,0.007214548045725711,0.001,0.001,vit,dp_kfm_a,public,0.2,42,2,True
layer,blocks.9.mlp.fc2,mlp_fc2,0.7202508453598658,0.026717111089316622,76586.4086151123,1.6711263923421311,0.0060385608343591374,0.001,0.001,vit,dp_kfm_a,public,0.2,42,2,True
layer,blocks.10.attn.q_proj,attention_qkv,0.7202267161702073,0.006705334772741336,19221.296310424805,0.3556264585531502,0.002565090711670317,0.001,0.001,vit,dp_kfm_a,public,0.2,42,2,True
layer,blocks.10.attn.k_proj,attention_qkv,0.720178492415593,0.006705334772741336,19221.296310424805,0.5769598911009571,0.0041615420396179485,0.001,0.001,vit,dp_kfm_a,public,0.2,42,2,True
layer,blocks.10.attn.v_proj,attention_qkv,0.7200715314377962,0.006705334772741336,19221.296310424805,1.5696355142909961,0.011321591466496458,0.001,0.001,vit,dp_kfm_a,public,0.2,42,2,True
layer,blocks.10.attn.out_proj,attention_out,0.7200877190707895,0.006705334772741336,19221.296310424805,1.5490463671099948,0.011173084433555004,0.001,0.001,vit,dp_kfm_a,public,0.2,42,2,True
layer,blocks.10.mlp.fc1,mlp_fc1,0.7200732536805927,0.026821339090965342,76885.18524169922,1.7743230540106925,0.006398988989545509,0.001,0.001,vit,dp_kfm_a,public,0.2,42,2,True
layer,blocks.10.mlp.fc2,mlp_fc2,0.720185118822296,0.026717111089316622,76586.4086151123,1.4103324655217175,0.005096190466951253,0.001,0.001,vit,dp_kfm_a,public,0.2,42,2,True
layer,blocks.11.attn.q_proj,attention_qkv,0.7199952990979284,0.006705334772741336,19221.296310424805,0.5132770103818463,0.0037022051092624494,0.001,0.001,vit,dp_kfm_a,public,0.2,42,2,True
layer,blocks.11.attn.k_proj,attention_qkv,0.7199211129561597,0.006705334772741336,19221.296310424805,0.6833613990745973,0.004929003271049663,0.001,0.001,vit,dp_kfm_a,public,0.2,42,2,True
layer,blocks.11.attn.v_proj,attention_qkv,0.7201119735362751,0.006705334772741336,19221.296310424805,1.5616172277043778,0.011263756533374426,0.001,0.001,vit,dp_kfm_a,public,0.2,42,2,True
layer,blocks.11.attn.out_proj,attention_out,0.7198614570447419,0.006705334772741336,19221.296310424805,1.389528329770311,0.010022500088428884,0.001,0.001,vit,dp_kfm_a,public,0.2,42,2,True
layer,blocks.11.mlp.fc1,mlp_fc1,0.7201338267237558,0.026821339090965342,76885.18524169922,1.4242706997952854,0.005136546304530735,0.001,0.001,vit,dp_kfm_a,public,0.2,42,2,True
layer,blocks.11.mlp.fc2,mlp_fc2,0.7201608066337187,0.026717111089316622,76586.4086151123,1.391303638747497,0.0050274304206680024,0.001,0.001,vit,dp_kfm_a,public,0.2,42,2,True
layer,head,patch_head,0.7197756610275108,0.0003492361860802786,1001.1091828346252,5.386305971437919,0.17023556542489762,0.001,0.001,vit,dp_kfm_a,public,0.2,42,2,True
layer,cls_token,identity,0.7152104047730433,3.474266721627629e-05,99.59220886230469,0.1497859173254399,0.015009226142573813,0.001,0.001,vit,dp_kfm_a,public,0.2,42,2,True
layer,pos_embed,identity,0.7199688138306861,0.006844305441606457,19619.665145874023,0.5917928240704999,0.004224972624146393,0.001,0.001,vit,dp_kfm_a,public,0.2,42,2,True
layer,blocks.0.norm1.weight,identity,0.7169253236502254,3.474266721627629e-05,99.59220886230469,0.6944950470559288,0.06959154373312697,0.001,0.001,vit,dp_kfm_a,public,0.2,42,2,True
layer,blocks.0.norm1.bias,identity,0.7197689869258335,3.474266721627629e-05,99.59220886230469,0.45104516328898386,0.04519676467053749,0.001,0.001,vit,dp_kfm_a,public,0.2,42,2,True
layer,blocks.0.norm2.weight,identity,0.7266318369770224,3.474266721627629e-05,99.59220886230469,0.2268201917045286,0.022728408730164445,0.001,0.001,vit,dp_kfm_a,public,0.2,42,2,True
layer,blocks.0.norm2.bias,identity,0.7162264204315456,3.474266721627629e-05,99.59220886230469,0.19095502223632005,0.01913455659237973,0.001,0.001,vit,dp_kfm_a,public,0.2,42,2,True
layer,blocks.1.norm1.weight,identity,0.7157387600120085,3.474266721627629e-05,99.59220886230469,0.29920750858607514,0.029981945166228017,0.001,0.001,vit,dp_kfm_a,public,0.2,42,2,True
layer,blocks.1.norm1.bias,identity,0.7196196702061021,3.474266721627629e-05,99.59220886230469,0.3490246944480603,0.03497385242787398,0.001,0.001,vit,dp_kfm_a,public,0.2,42,2,True
layer,blocks.1.norm2.weight,identity,0.7213795952389972,3.474266721627629e-05,99.59220886230469,0.34831963490232004,0.03490320227360747,0.001,0.001,vit,dp_kfm_a,public,0.2,42,2,True
layer,blocks.1.norm2.bias,identity,0.715185956048747,3.474266721627629e-05,99.59220886230469,0.3059204979594092,0.03065461705285241,0.001,0.001,vit,dp_kfm_a,public,0.2,42,2,True
layer,blocks.2.norm1.weight,identity,0.7212839069188606,3.474266721627629e-05,99.59220886230469,0.2944074069424458,0.029500953278852944,0.001,0.001,vit,dp_kfm_a,public,0.2,42,2,True
layer,blocks.2.norm1.bias,identity,0.7232180945300334,3.474266721627629e-05,99.59220886230469,0.3766658260598204,0.037743618789127825,0.001,0.001,vit,dp_kfm_a,public,0.2,42,2,True
layer,blocks.2.norm2.weight,identity,0.7199446144968231,3.474266721627629e-05,99.59220886230469,0.25474462039632706,0.025526562739708266,0.001,0.001,vit,dp_kfm_a,public,0.2,42,2,True
layer,blocks.2.norm2.bias,identity,0.7188078892538922,3.474266721627629e-05,99.59220886230469,0.3363376830145533,0.03370255652049441,0.001,0.001,vit,dp_kfm_a,public,0.2,42,2,True
layer,blocks.3.norm1.weight,identity,0.717583679563228,3.474266721627629e-05,99.59220886230469,0.24478255529935303,0.02452831877554,0.001,0.001,vit,dp_kfm_a,public,0.2,42,2,True
layer,blocks.3.norm1.bias,identity,0.7135626694587358,3.474266721627629e-05,99.59220886230469,0.3453613205699306,0.03460676580208538,0.001,0.001,vit,dp_kfm_a,public,0.2,42,2,True
layer,blocks.3.norm2.weight,identity,0.7170663444881128,3.474266721627629e-05,99.59220886230469,0.24096663410277458,0.024145946218731146,0.001,0.001,vit,dp_kfm_a,public,0.2,42,2,True
layer,blocks.3.norm2.bias,identity,0.7156169136988616,3.474266721627629e-05,99.59220886230469,0.275725990234768,0.027628990860516994,0.001,0.001,vit,dp_kfm_a,public,0.2,42,2,True
layer,blocks.4.norm1.weight,identity,0.7199075476279626,3.474266721627629e-05,99.59220886230469,0.2241060378095814,0.022456438238395843,0.001,0.001,vit,dp_kfm_a,public,0.2,42,2,True
layer,blocks.4.norm1.bias,identity,0.7193581622105943,3.474266721627629e-05,99.59220886230469,0.3455213593281778,0.03462280240924446,0.001,0.001,vit,dp_kfm_a,public,0.2,42,2,True
layer,blocks.4.norm2.weight,identity,0.7192126097931189,3.474266721627629e-05,99.59220886230469,0.19719541577572547,0.01975987223969848,0.001,0.001,vit,dp_kfm_a,public,0.2,42,2,True
layer,blocks.4.norm2.bias,identity,0.7169164833604049,3.474266721627629e-05,99.59220886230469,0.2498085824757404,0.0250319494227738,0.001,0.001,vit,dp_kfm_a,public,0.2,42,2,True
layer,blocks.5.norm1.weight,identity,0.7191136536134366,3.474266721627629e-05,99.59220886230469,0.189655245705811,0.019004313107347445,0.001,0.001,vit,dp_kfm_a,public,0.2,42,2,True
layer,blocks.5.norm1.bias,identity,0.7195532465872327,3.474266721627629e-05,99.59220886230469,0.2640426302910152,0.02645826537021689,0.001,0.001,vit,dp_kfm_a,public,0.2,42,2,True
layer,blocks.5.norm2.weight,identity,0.7195198695094748,3.474266721627629e-05,99.59220886230469,0.1749697795498482,0.0175327630011712,0.001,0.001,vit,dp_kfm_a,public,0.2,42,2,True
layer,blocks.5.norm2.bias,identity,0.720620680956005,3.474266721627629e-05,99.59220886230469,0.212415535757636,0.021284997076563263,0.001,0.001,vit,dp_kfm_a,public,0.2,42,2,True
layer,blocks.6.norm1.weight,identity,0.7169758538019747,3.474266721627629e-05,99.59220886230469,0.17428796739969313,0.017464442341050684,0.001,0.001,vit,dp_kfm_a,public,0.2,42,2,True
layer,blocks.6.norm1.bias,identity,0.7141502684928493,3.474266721627629e-05,99.59220886230469,0.27006564785061365,0.027061798961537743,0.001,0.001,vit,dp_kfm_a,public,0.2,42,2,True
layer,blocks.6.norm2.weight,identity,0.721506524723181,3.474266721627629e-05,99.59220886230469,0.1475426908344987,0.014784444705889105,0.001,0.001,vit,dp_kfm_a,public,0.2,42,2,True
layer,blocks.6.norm2.bias,identity,0.7186826863680121,3.474266721627629e-05,99.59220886230469,0.17847089230729865,0.017883590329037084,0.001,0.001,vit,dp_kfm_a,public,0.2,42,2,True
layer,blocks.7.norm1.weight,identity,0.7210168400435194,3.474266721627629e-05,99.59220886230469,0.15200964186899124,0.015232053395955996,0.001,0.001,vit,dp_kfm_a,public,0.2,42,2,True
layer,blocks.7.norm1.bias,identity,0.7209307252678557,3.474266721627629e-05,99.59220886230469,0.21636795043351575,0.021681046897125612,0.001,0.001,vit,dp_kfm_a,public,0.2,42,2,True
layer,blocks.7.norm2.weight,identity,0.7240715920773113,3.474266721627629e-05,99.59220886230469,0.10391356662988284,0.010412609200373919,0.001,0.001,vit,dp_kfm_a,public,0.2,42,2,True
layer,blocks.7.norm2.bias,identity,0.7223389042964989,3.474266721627629e-05,99.59220886230469,0.1396030070701249,0.013988852495033335,0.001,0.001,vit,dp_kfm_a,public,0.2,42,2,True
layer,blocks.8.norm1.weight,identity,0.7159235814948345,3.474266721627629e-05,99.59220886230469,0.19367707117756347,0.019407318203483043,0.001,0.001,vit,dp_kfm_a,public,0.2,42,2,True
layer,blocks.8.norm1.bias,identity,0.7186624148092075,3.474266721627629e-05,99.59220886230469,0.20818068241878945,0.02086064562498267,0.001,0.001,vit,dp_kfm_a,public,0.2,42,2,True
layer,blocks.8.norm2.weight,identity,0.7173235839005981,3.474266721627629e-05,99.59220886230469,0.07911801970526039,0.007927983290503756,0.001,0.001,vit,dp_kfm_a,public,0.2,42,2,True
layer,blocks.8.norm2.bias,identity,0.7205906442342012,3.474266721627629e-05,99.59220886230469,0.12074452218746881,0.012099147044986854,0.001,0.001,vit,dp_kfm_a,public,0.2,42,2,True
layer,blocks.9.norm1.weight,identity,0.7196421115932766,3.474266721627629e-05,99.59220886230469,0.18439568396219816,0.018477281240598574,0.001,0.001,vit,dp_kfm_a,public,0.2,42,2,True
layer,blocks.9.norm1.bias,identity,0.7178677275958909,3.474266721627629e-05,99.59220886230469,0.21526476110483211,0.0215705023385453,0.001,0.001,vit,dp_kfm_a,public,0.2,42,2,True
layer,blocks.9.norm2.weight,identity,0.7247642421242889,3.474266721627629e-05,99.59220886230469,0.2983974558458547,0.029900774219169188,0.001,0.001,vit,dp_kfm_a,public,0.2,42,2,True
layer,blocks.9.norm2.bias,identity,0.7188324011138731,3.474266721627629e-05,99.59220886230469,0.115433044433845,0.011566912959307231,0.001,0.001,vit,dp_kfm_a,public,0.2,42,2,True
layer,blocks.10.norm1.weight,identity,0.722374955377241,3.474266721627629e-05,99.59220886230469,0.1303909379607193,0.013065761519773768,0.001,0.001,vit,dp_kfm_a,public,0.2,42,2,True
layer,blocks.10.norm1.bias,identity,0.7211095277604967,3.474266721627629e-05,99.59220886230469,0.19455624112813685,0.01949541500751866,0.001,0.001,vit,dp_kfm_a,public,0.2,42,2,True
layer,blocks.10.norm2.weight,identity,0.7185766567413228,3.474266721627629e-05,99.59220886230469,0.15959864293668058,0.01599250561506347,0.001,0.001,vit,dp_kfm_a,public,0.2,42,2,True
layer,blocks.10.norm2.bias,identity,0.7237273146539503,3.474266721627629e-05,99.59220886230469,0.09265423306050215,0.009284373069934947,0.001,0.001,vit,dp_kfm_a,public,0.2,42,2,True
layer,blocks.11.norm1.weight,identity,0.7204283767559857,3.474266721627629e-05,99.59220886230469,0.138719803455267,0.013900351499599044,0.001,0.001,vit,dp_kfm_a,public,0.2,42,2,True
layer,blocks.11.norm1.bias,identity,0.716302599278222,3.474266721627629e-05,99.59220886230469,0.17491004857008133,0.017526777686937074,0.001,0.001,vit,dp_kfm_a,public,0.2,42,2,True
layer,blocks.11.norm2.weight,identity,0.7197767103831738,3.474266721627629e-05,99.59220886230469,0.09551529228878992,0.009571064140306864,0.001,0.001,vit,dp_kfm_a,public,0.2,42,2,True
layer,blocks.11.norm2.bias,identity,0.7177793851107442,3.474266721627629e-05,99.59220886230469,0.07510511806145485,0.00752587240227572,0.001,0.001,vit,dp_kfm_a,public,0.2,42,2,True
layer,norm.weight,identity,0.7256929912148831,3.474266721627629e-05,99.59220886230469,0.0659694911488303,0.006610441280751479,0.001,0.001,vit,dp_kfm_a,public,0.2,42,2,True
layer,norm.bias,identity,0.7215944608358688,3.474266721627629e-05,99.59220886230469,0.034690569038132106,0.0034761518639740744,0.001,0.001,vit,dp_kfm_a,public,0.2,42,2,True
group,attention_out,attention_out,0.7202256517780604,0.08046401727289565,230655.55572509766,6.926195799898937,0.01442157871594799,0.001,0.001,vit,dp_kfm_a,public,0.2,42,2,True
group,attention_qkv,attention_qkv,0.7202610224825986,0.2413920518186876,691966.667175293,7.093067497740542,0.00852690658888159,0.001,0.001,vit,dp_kfm_a,public,0.2,42,2,True
group,identity,identity,0.7200398570804417,0.008616181469636556,24698.867797851562,1.9029811237448202,0.012108656455040905,0.001,0.001,vit,dp_kfm_a,public,0.2,42,2,True
group,mlp_fc1,mlp_fc1,0.7201829963075241,0.3218560690915826,922622.2229003906,8.454500694739478,0.008801891456418355,0.001,0.001,vit,dp_kfm_a,public,0.2,42,2,True
group,mlp_fc2,mlp_fc2,0.720207100281071,0.3206053330717978,919036.9033813477,8.362313619978035,0.008722881567461897,0.001,0.001,vit,dp_kfm_a,public,0.2,42,2,True
group,patch_head,patch_head,0.7200381759782778,0.027066347275396748,77587.51779794693,7.2628629431697,0.02607425567187054,0.001,0.001,vit,dp_kfm_a,public,0.2,42,2,True
layer,patch_embed,patch_head,0.7203332172324148,0.026717111089316622,76586.4086151123,4.21214735390415,0.015220457385145358,0.001,0.001,vit,dp_kfm_a,public,0.2,42,3,True
layer,blocks.0.attn.q_proj,attention_qkv,0.7202720080525387,0.006705334772741336,19221.296310424805,0.42429073926156535,0.0030603578787569757,0.001,0.001,vit,dp_kfm_a,public,0.2,42,3,True
layer,blocks.0.attn.k_proj,attention_qkv,0.7201622983033344,0.006705334772741336,19221.296310424805,0.6183540488631205,0.004460113102145548,0.001,0.001,vit,dp_kfm_a,public,0.2,42,3,True
layer,blocks.0.attn.v_proj,attention_qkv,0.7199696078481206,0.006705334772741336,19221.296310424805,1.5826382309526985,0.011415378491992558,0.001,0.001,vit,dp_kfm_a,public,0.2,42,3,True
layer,blocks.0.attn.out_proj,attention_out,0.7203488127971123,0.006705334772741336,19221.296310424805,1.832447892110037,0.013217225419038414,0.001,0.001,vit,dp_kfm_a,public,0.2,42,3,True
layer,blocks.0.mlp.fc1,mlp_fc1,0.7202667927687041,0.026821339090965342,76885.18524169922,2.029129234694569,0.007317932099132385,0.001,0.001,vit,dp_kfm_a,public,0.2,42,3,True
layer,blocks.0.mlp.fc2,mlp_fc2,0.7202939759162845,0.026717111089316622,76586.4086151123,3.2229593358212076,0.011646058673482805,0.001,0.001,vit,dp_kfm_a,public,0.2,42,3,True
layer,blocks.1.attn.q_proj,attention_qkv,0.7196906185923583,0.006705334772741336,19221.296310424805,0.2600522242957698,0.0018757252984048997,0.001,0.001,vit,dp_kfm_a,public,0.2,42,3,True
layer,blocks.1.attn.k_proj,attention_qkv,0.720213350561313,0.006705334772741336,19221.296310424805,0.34749647308457304,0.0025064501079978424,0.001,0.001,vit,dp_kfm_a,public,0.2,42,3,True
layer,blocks.1.attn.v_proj,attention_qkv,0.7200975645207978,0.006705334772741336,19221.296310424805,1.4986566799931424,0.010809629703799313,0.001,0.001,vit,dp_kfm_a,public,0.2,42,3,True
layer,blocks.1.attn.out_proj,attention_out,0.7202830928814082,0.006705334772741336,19221.296310424805,1.8764334460889787,0.013534487909624993,0.001,0.001,vit,dp_kfm_a,public,0.2,42,3,True
layer,blocks.1.mlp.fc1,mlp_fc1,0.7203123136774346,0.026821339090965342,76885.18524169922,2.5148739258996686,0.009069741006605944,0.001,0.001,vit,dp_kfm_a,public,0.2,42,3,True
layer,blocks.1.mlp.fc2,mlp_fc2,0.7201051167325299,0.026717111089316622,76586.4086151123,2.060887473111312,0.007446949815513132,0.001,0.001,vit,dp_kfm_a,public,0.2,42,3,True
layer,blocks.2.attn.q_proj,attention_qkv,0.7202289320446589,0.006705334772741336,19221.296310424805,0.40010481417134636,0.0028859077209861567,0.001,0.001,vit,dp_kfm_a,public,0.2,42,3,True
layer,blocks.2.attn.k_proj,attention_qkv,0.7201351104463743,0.006705334772741336,19221.296310424805,0.5326759466759621,0.0038421272947679,0.001,0.001,vit,dp_kfm_a,public,0.2,42,3,True
layer,blocks.2.attn.v_proj,attention_qkv,0.7203589514673157,0.006705334772741336,19221.296310424805,1.9977046935921792,0.014409202777097785,0.001,0.001,vit,dp_kfm_a,public,0.2,42,3,True
layer,blocks.2.attn.out_proj,attention_out,0.7203449629483162,0.006705334772741336,19221.296310424805,2.1896176083572323,0.015793447462142333,0.001,0.001,vit,dp_kfm_a,public,0.2,42,3,True
layer,blocks.2.mlp.fc1,mlp_fc1,0.7198922419130458,0.026821339090965342,76885.18524169922,2.664804579156861,0.009610456857205697,0.001,0.001,vit,dp_kfm_a,public,0.2,42,3,True
layer,blocks.2.mlp.fc2,mlp_fc2,0.720159308882477,0.026717111089316622,76586.4086151123,2.481576556576758,0.008967096127903364,0.001,0.001,vit,dp_kfm_a,public,0.2,42,3,True
layer,blocks.3.attn.q_proj,attention_qkv,0.7201186073747321,0.006705334772741336,19221.296310424805,0.4189066133399139,0.003021522828495868,0.001,0.001,vit,dp_kfm_a,public,0.2,42,3,True
layer,blocks.3.attn.k_proj,attention_qkv,0.7202809234434959,0.006705334772741336,19221.296310424805,0.5905045058866583,0.004259237710860474,0.001,0.001,vit,dp_kfm_a,public,0.2,42,3,True
layer,blocks.3.attn.v_proj,attention_qkv,0.7201629856754466,0.006705334772741336,19221.296310424805,1.8085694992227028,0.013044993453919436,0.001,0.001,vit,dp_kfm_a,public,0.2,42,3,True
layer,blocks.3.attn.out_proj,attention_out,0.7199352328423241,0.006705334772741336,19221.296310424805,1.938050054952746,0.013978921070543614,0.001,0.001,vit,dp_kfm_a,public,0.2,42,3,True
layer,blocks.3.mlp.fc1,mlp_fc1,0.7203366283246244,0.026821339090965342,76885.18524169922,2.4619180058995283,0.008878758677741884,0.001,0.001,vit,dp_kfm_a,public,0.2,42,3,True
layer,blocks.3.mlp.fc2,mlp_fc2,0.7201396435377521,0.026717111089316622,76586.4086151123,2.4319277529584213,0.008787691791776348,0.001,0.001,vit,dp_kfm_a,public,0.2,42,3,True
layer,blocks.4.attn.q_proj,attention_qkv,0.7205052649949681,0.006705334772741336,19221.296310424805,0.5403658395657344,0.0038975935638007127,0.001,0.001,vit,dp_kfm_a,public,0.2,42,3,True
layer,blocks.4.attn.k_proj,attention_qkv,0.7201639326345748,0.006705334772741336,19221.296310424805,0.7786368727437832,0.0056162137602610305,0.001,0.001,vit,dp_kfm_a,public,0.2,42,3,True
layer,blocks.4.attn.v_proj,attention_qkv,0.7199944432161929,0.006705334772741336,19221.296310424805,1.705064372535931,0.012298423471037207,0.001,0.001,vit,dp_kfm_a,public,0.2,42,3,True
layer,blocks.4.attn.out_proj,attention_out,0.7201366182477508,0.006705334772741336,19221.296310424805,1.7823961087079498,0.012856207947983065,0.001,0.001,vit,dp_kfm_a,public,0.2,42,3,True
layer,blocks.4.mlp.fc1,mlp_fc1,0.7201680752416348,0.026821339090965342,76885.18524169922,2.23786198719331,0.008070714171133196,0.001,0.001,vit,dp_kfm_a,public,0.2,42,3,True
layer,blocks.4.mlp.fc2,mlp_fc2,0.7201807603324968,0.026717111089316622,76586.4086151123,2.2574676682798493,0.008157285953339139,0.001,0.001,vit,dp_kfm_a,public,0.2,42,3,True
layer,blocks.5.attn.q_proj,attention_qkv,0.7203886290210951,0.006705334772741336,19221.296310424805,0.39553177020936375,0.0028529229069802885,0.001,0.001,vit,dp_kfm_a,public,0.2,42,3,True
layer,blocks.5.attn.k_proj,attention_qkv,0.7203024377928232,0.006705334772741336,19221.296310424805,0.5871533359981025,0.004235066127032505,0.001,0.001,vit,dp_kfm_a,public,0.2,42,3,True
layer,blocks.5.attn.v_proj,attention_qkv,0.7206902092023165,0.006705334772741336,19221.296310424805,1.5931213751744009,0.01149099214566048,0.001,0.001,vit,dp_kfm_a,public,0.2,42,3,True
layer,blocks.5.attn.out_proj,attention_out,0.7202062232592156,0.006705334772741336,19221.296310424805,1.5927124477972623,0.011488042601857934,0.001,0.001,vit,dp_kfm_a,public,0.2,42,3,True
layer,blocks.5.mlp.fc1,mlp_fc1,0.720231834606269,0.026821339090965342,76885.18524169922,2.018127036801989,0.007278253336566412,0.001,0.001,vit,dp_kfm_a,public,0.2,42,3,True
layer,blocks.5.mlp.fc2,mlp_fc2,0.720066132014187,0.026717111089316622,76586.4086151123,1.8341232373347842,0.0066275446292457015,0.001,0.001,vit,dp_kfm_a,public,0.2,42,3,True
layer,blocks.6.attn.q_proj,attention_qkv,0.7199612835299597,0.006705334772741336,19221.296310424805,0.3564639046986582,0.002571131109615135,0.001,0.001,vit,dp_kfm_a,public,0.2,42,3,True
layer,blocks.6.attn.k_proj,attention_qkv,0.720550722855615,0.006705334772741336,19221.296310424805,0.5434208595169168,0.003919629053883843,0.001,0.001,vit,dp_kfm_a,public,0.2,42,3,True
layer,blocks.6.attn.v_proj,attention_qkv,0.7201860016875136,0.006705334772741336,19221.296310424805,1.5556591336591699,0.01122078152033181,0.001,0.001,vit,dp_kfm_a,public,0.2,42,3,True
layer,blocks.6.attn.out_proj,attention_out,0.7203224724089439,0.006705334772741336,19221.296310424805,1.7615448326928227,0.012705810211407235,0.001,0.001,vit,dp_kfm_a,public,0.2,42,3,True
layer,blocks.6.mlp.fc1,mlp_fc1,0.7203416259120264,0.026821339090965342,76885.18524169922,1.9712185171643248,0.00710908059206603,0.001,0.001,vit,dp_kfm_a,public,0.2,42,3,True
layer,blocks.6.mlp.fc2,mlp_fc2,0.7201143461104413,0.026717111089316622,76586.4086151123,1.7690075820394549,0.0063922513279299825,0.001,0.001,vit,dp_kfm_a,public,0.2,42,3,True
layer,blocks.7.attn.q_proj,attention_qkv,0.7201135852857999,0.006705334772741336,19221.296310424805,0.3128487718678141,0.002256540422049787,0.001,0.001,vit,dp_kfm_a,public,0.2,42,3,True
layer,blocks.7.attn.k_proj,attention_qkv,0.7200604421164862,0.006705334772741336,19221.296310424805,0.4504081621745385,0.003248739697138524,0.001,0.001,vit,dp_kfm_a,public,0.2,42,3,True
layer,blocks.7.attn.v_proj,attention_qkv,0.7203646018348792,0.006705334772741336,19221.296310424805,1.4916795518535577,0.010759304520859336,0.001,0.001,vit,dp_kfm_a,public,0.2,42,3,True
layer,blocks.7.attn.out_proj,attention_out,0.7204555139621222,0.006705334772741336,19221.296310424805,1.4345104293169106,0.010346950541884567,0.001,0.001,vit,dp_kfm_a,public,0.2,42,3,True
layer,blocks.7.mlp.fc1,mlp_fc1,0.7202502657029287,0.026821339090965342,76885.18524169922,1.747983919964351,0.006303998492535554,0.001,0.001,vit,dp_kfm_a,public,0.2,42,3,True
layer,blocks.7.mlp.fc2,mlp_fc2,0.7202210265106089,0.026717111089316622,76586.4086151123,1.6254654650107796,0.005873566559415528,0.001,0.001,vit,dp_kfm_a,public,0.2,42,3,True
layer,blocks.8.attn.q_proj,attention_qkv,0.7200689284464985,0.006705334772741336,19221.296310424805,0.30334211908814823,0.0021879700832639526,0.001,0.001,vit,dp_kfm_a,public,0.2,42,3,True
layer,blocks.8.attn.k_proj,attention_qkv,0.7200606523927393,0.006705334772741336,19221.296310424805,0.4373111315199683,0.003154272396198154,0.001,0.001,vit,dp_kfm_a,public,0.2,42,3,True
layer,blocks.8.attn.v_proj,attention_qkv,0.7204374820963422,0.006705334772741336,19221.296310424805,1.334687170410258,0.009626937426797835,0.001,0.001,vit,dp_kfm_a,public,0.2,42,3,True
layer,blocks.8.attn.out_proj,attention_out,0.720202207131912,0.006705334772741336,19221.296310424805,1.3084145543546135,0.009437436219014285,0.001,0.001,vit,dp_kfm_a,public,0.2,42,3,True
layer,blocks.8.mlp.fc1,mlp_fc1,0.7202516164554164,0.026821339090965342,76885.18524169922,1.587649809419424,0.005725763201218997,0.001,0.001,vit,dp_kfm_a,public,0.2,42,3,True
layer,blocks.8.mlp.fc2,mlp_fc2,0.7201961821050231,0.026717111089316622,76586.4086151123,1.377771866838872,0.004978533803247949,0.001,0.001,vit,dp_kfm_a,public,0.2,42,3,True
layer,blocks.9.attn.q_proj,attention_qkv,0.7203848940722359,0.006705334772741336,19221.296310424805,0.3101067658367125,0.0022367626635828317,0.001,0.001,vit,dp_kfm_a,public,0.2,42,3,True
layer,blocks.9.attn.k_proj,attention_qkv,0.7202441499189096,0.006705334772741336,19221.296310424805,0.4754546065538241,0.003429396676653089,0.001,0.001,vit,dp_kfm_a,public,0.2,42,3,True
layer,blocks.9.attn.v_proj,attention_qkv,0.7199537956509414,0.006705334772741336,19221.296310424805,1.1741873407054313,0.008469271531871214,0.001,0.001,vit,dp_kfm_a,public,0.2,42,3,True
layer,blocks.9.attn.out_proj,attention_out,0.7202576297664613,0.006705334772741336,19221.296310424805,1.107207390813197,0.007986153239616729,0.001,0.001,vit,dp_kfm_a,public,0.2,42,3,True
layer,blocks.9.mlp.fc1,mlp_fc1,0.7202034501516338,0.026821339090965342,76885.18524169922,1.3585099861741015,0.004899384260417387,0.001,0.001,vit,dp_kfm_a,public,0.2,42,3,True
layer,blocks.9.mlp.fc2,mlp_fc2,0.7202605936820485,0.026717111089316622,76586.4086151123,1.0969155513481603,0.003963668647281093,0.001,0.001,vit,dp_kfm_a,public,0.2,42,3,True
layer,blocks.10.attn.q_proj,attention_qkv,0.7201552124859814,0.006705334772741336,19221.296310424805,0.25806496568553544,0.001861391441965933,0.001,0.001,vit,dp_kfm_a,public,0.2,42,3,True
layer,blocks.10.attn.k_proj,attention_qkv,0.719979051933759,0.006705334772741336,19221.296310424805,0.41918098557313793,0.0030235018422898534,0.001,0.001,vit,dp_kfm_a,public,0.2,42,3,True
layer,blocks.10.attn.v_proj,attention_qkv,0.7199806659169398,0.006705334772741336,19221.296310424805,1.0309866295814194,0.007436382090789622,0.001,0.001,vit,dp_kfm_a,public,0.2,42,3,True
layer,blocks.10.attn.out_proj,attention_out,0.72006916273492,0.006705334772741336,19221.296310424805,0.9797165131476631,0.0070665769306630846,0.001,0.001,vit,dp_kfm_a,public,0.2,42,3,True
layer,blocks.10.mlp.fc1,mlp_fc1,0.7200181448300945,0.026821339090965342,76885.18524169922,1.140075409003497,0.004111613143375754,0.001,0.001,vit,dp_kfm_a,public,0.2,42,3,True
layer,blocks.10.mlp.fc2,mlp_fc2,0.720335177739093,0.026717111089316622,76586.4086151123,0.8919819369846728,0.0032231477010439776,0.001,0.001,vit,dp_kfm_a,public,0.2,42,3,True
layer,blocks.11.attn.q_proj,attention_qkv,0.7200807810169493,0.006705334772741336,19221.296310424805,0.34885585072570774,0.002516255134809157,0.001,0.001,vit,dp_kfm_a,public,0.2,42,3,True
layer,blocks.11.attn.k_proj,attention_qkv,0.7200683973086253,0.006705334772741336,19221.296310424805,0.4719737531074493,0.003404289700978928,0.001,0.001,vit,dp_kfm_a,public,0.2,42,3,True
layer,blocks.11.attn.v_proj,attention_qkv,0.7202306113786663,0.006705334772741336,19221.296310424805,1.0004118733106477,0.007215850065020743,0.001,0.001,vit,dp_kfm_a,public,0.2,42,3,True
layer,blocks.11.attn.out_proj,attention_out,0.7202093297813099,0.006705334772741336,19221.296310424805,0.8933185542353922,0.006443398883633667,0.001,0.001,vit,dp_kfm_a,public,0.2,42,3,True
layer,blocks.11.mlp.fc1,mlp_fc1,0.7201786220066946,0.026821339090965342,76885.18524169922,0.8814725584315952,0.0031789775730188398,0.001,0.001,vit,dp_kfm_a,public,0.2,42,3,True
layer,blocks.11.mlp.fc2,mlp_fc2,0.7202995366445728,0.026717111089316622,76586.4086151123,0.8827441031024601,0.0031897670889424164,0.001,0.001,vit,dp_kfm_a,public,0.2,42,3,True
layer,head,patch_head,0.7201977393899062,0.0003492361860802786,1001.1091828346252,3.214483477733443,0.10159456504749197,0.001,0.001,vit,dp_kfm_a,public,0.2,42,3,True
layer,cls_token,identity,0.7170487583105086,3.474266721627629e-05,99.59220886230469,0.12406391681714735,0.012431765394848424,0.001,0.001,vit,dp_kfm_a,public,0.2,42,3,True
layer,pos_embed,identity,0.7202348663195954,0.006844305441606457,19619.665145874023,0.5126667630598344,0.003660069793241543,0.001,0.001,vit,dp_kfm_a,public,0.2,42,3,True
layer,blocks.0.norm1.weight,identity,0.7188956605967206,3.474266721627629e-05,99.59220886230469,0.548725689842047,0.05498479507379095,0.001,0.001,vit,dp_kfm_a,public,0.2,42,3,True
layer,blocks.0.norm1.bias,identity,0.7204967458064494,3.474266721627629e-05,99.59220886230469,0.3855204292191387,0.038630890059979,0.001,0.001,vit,dp_kfm_a,public,0.2,42,3,True
layer,blocks.0.norm2.weight,identity,0.7176196475046446,3.474266721627629e-05,99.59220886230469,0.19127061287305608,0.01916618020105955,0.001,0.001,vit,dp_kfm_a,public,0.2,42,3,True
layer,blocks.0.norm2.bias,identity,0.7205544499361359,3.474266721627629e-05,99.59220886230469,0.16097922821414395,0.01613084650190088,0.001,0.001,vit,dp_kfm_a,public,0.2,42,3,True
layer,blocks.1.norm1.weight,identity,0.7193914572754311,3.474266721627629e-05,99.59220886230469,0.23396330200865567,0.02344418067875861,0.001,0.001,vit,dp_kfm_a,public,0.2,42,3,True
layer,blocks.1.norm1.bias,identity,0.7189759074838535,3.474266721627629e-05,99.59220886230469,0.286708050500147,0.028729442952260136,0.001,0.001,vit,dp_kfm_a,public,0.2,42,3,True
layer,blocks.1.norm2.weight,identity,0.7224622605439603,3.474266721627629e-05,99.59220886230469,0.2961181767162353,0.02967238014508423,0.001,0.001,vit,dp_kfm_a,public,0.2,42,3,True
layer,blocks.1.norm2.bias,identity,0.7141215683943706,3.474266721627629e-05,99.59220886230469,0.25587570600053483,0.025639902631223396,0.001,0.001,vit,dp_kfm_a,public,0.2,42,3,True
layer,blocks.2.norm1.weight,identity,0.7185305291031603,3.474266721627629e-05,99.59220886230469,0.242246372570208,0.02427418179924524,0.001,0.001,vit,dp_kfm_a,public,0.2,42,3,True
layer,blocks.2.norm1.bias,identity,0.7203444953986233,3.474266721627629e-05,99.59220886230469,0.31614184064138623,0.03167884180330879,0.001,0.001,vit,dp_kfm_a,public,0.2,42,3,True
layer,blocks.2.norm2.weight,identity,0.7226812528621283,3.474266721627629e-05,99.59220886230469,0.2226837994146217,0.022313923520859195,0.001,0.001,vit,dp_kfm_a,public,0.2,42,3,True
layer,blocks.2.norm2.bias,identity,0.7182613102007984,3.474266721627629e-05,99.59220886230469,0.29194923987794763,0.02925463382488771,0.001,0.001,vit,dp_kfm_a,public,0.2,42,3,True
layer,blocks.3.norm1.weight,identity,0.7188469885769783,3.474266721627629e-05,99.59220886230469,0.1996398374278956,0.02000481434120134,0.001,0.001,vit,dp_kfm_a,public,0.2,42,3,True
layer,blocks.3.norm1.bias,identity,0.7147986804414109,3.474266721627629e-05,99.59220886230469,0.28790105826163087,0.02884898772390281,0.001,0.001,vit,dp_kfm_a,public,0.2,42,3,True
layer,blocks.3.norm2.weight,identity,0.7192107265710592,3.474266721627629e-05,99.59220886230469,0.21034099752667218,0.021077118966217962,0.001,0.001,vit,dp_kfm_a,public,0.2,42,3,True
layer,blocks.3.norm2.bias,identity,0.7243844031311027,3.474266721627629e-05,99.59220886230469,0.22742170330417036,0.022788682912060914,0.001,0.001,vit,dp_kfm_a,public,0.2,42,3,True
layer,blocks.4.norm1.weight,identity,0.7125426018991577,3.474266721627629e-05,99.59220886230469,0.18319516842344563,0.01835698415572871,0.001,0.001,vit,dp_kfm_a,public,0.2,42,3,True
layer,blocks.4.norm1.bias,identity,0.7208822967393165,3.474266721627629e-05,99.59220886230469,0.28676343144713945,0.0287349923735425,0.001,0.001,vit,dp_kfm_a,public,0.2,42,3,True
layer,blocks.4.norm2.weight,identity,0.7131738286075306,3.474266721627629e-05,99.59220886230469,0.16287295486527562,0.016320606474444235,0.001,0.001,vit,dp_kfm_a,public,0.2,42,3,True
layer,blocks.4.norm2.bias,identity,0.7170029075858136,3.474266721627629e-05,99.59220886230469,0.2058924506764239,0.02063135445862314,0.001,0.001,vit,dp_kfm_a,public,0.2,42,3,True
layer,blocks.5.norm1.weight,identity,0.7218551736756922,3.474266721627629e-05,99.59220886230469,0.149207522355139,0.014951268351454444,0.001,0.001,vit,dp_kfm_a,public,0.2,42,3,True
layer,blocks.5.norm1.bias,identity,0.7208390151719061,3.474266721627629e-05,99.59220886230469,0.21541982669709836,0.021586040611987916,0.001,0.001,vit,dp_kfm_a,public,0.2,42,3,True
layer,blocks.5.norm2.weight,identity,0.7171832963174583,3.474266721627629e-05,99.59220886230469,0.1469536816204157,0.014725423319552603,0.001,0.001,vit,dp_kfm_a,public,0.2,42,3,True
layer,blocks.5.norm2.bias,identity,0.7180369801658056,3.474266721627629e-05,99.59220886230469,0.1709170085684905,0.01712665702505933,0.001,0.001,vit,dp_kfm_a,public,0.2,42,3,True
layer,blocks.6.norm1.weight,identity,0.7147536759819375,3.474266721627629e-05,99.59220886230469,0.14775380336495875,0.014805599135943584,0.001,0.001,vit,dp_kfm_a,public,0.2,42,3,True
layer,blocks.6.norm1.bias,identity,0.719019824748425,3.474266721627629e-05,99.59220886230469,0.2165855993733967,0.021702856304957094,0.001,0.001,vit,dp_kfm_a,public,0.2,42,3,True
layer,blocks.6.norm2.weight,identity,0.7171472179685923,3.474266721627629e-05,99.59220886230469,0.12204195578879254,0.012229155757921674,0.001,0.001,vit,dp_kfm_a,public,0.2,42,3,True
layer,blocks.6.norm2.bias,identity,0.7180579141275972,3.474266721627629e-05,99.59220886230469,0.14259948056905875,0.014289112687572037,0.001,0.001,vit,dp_kfm_a,public,0.2,42,3,True
layer,blocks.7.norm1.weight,identity,0.7175317884381802,3.474266721627629e-05,99.59220886230469,0.12054486864258852,0.012079140857096953,0.001,0.001,vit,dp_kfm_a,public,0.2,42,3,True
layer,blocks.7.norm1.bias,identity,0.7160031215107986,3.474266721627629e-05,99.59220886230469,0.1706606042911984,0.017100964157194875,0.001,0.001,vit,dp_kfm_a,public,0.2,42,3,True
layer,blocks.7.norm2.weight,identity,0.7184665881340571,3.474266721627629e-05,99.59220886230469,0.07760239482104714,0.007776110824515887,0.001,0.001,vit,dp_kfm_a,public,0.2,42,3,True
layer,blocks.7.norm2.bias,identity,0.7187222937380855,3.474266721627629e-05,99.59220886230469,0.10408319637674139,0.01042960686795557,0.001,0.001,vit,dp_kfm_a,public,0.2,42,3,True
layer,blocks.8.norm1.weight,identity,0.711912583429075,3.474266721627629e-05,99.59220886230469,0.1387103677314798,0.013899405997413858,0.001,0.001,vit,dp_kfm_a,public,0.2,42,3,True
layer,blocks.8.norm1.bias,identity,0.7201644329306602,3.474266721627629e-05,99.59220886230469,0.1565837845450332,0.015690403173151297,0.001,0.001,vit,dp_kfm_a,public,0.2,42,3,True
layer,blocks.8.norm2.weight,identity,0.7256273316981081,3.474266721627629e-05,99.59220886230469,0.05692807110028431,0.005704450112945085,0.001,0.001,vit,dp_kfm_a,public,0.2,42,3,True
layer,blocks.8.norm2.bias,identity,0.7215629775107629,3.474266721627629e-05,99.59220886230469,0.08563238381863604,0.00858075202803658,0.001,0.001,vit,dp_kfm_a,public,0.2,42,3,True
layer,blocks.9.norm1.weight,identity,0.7179730969686418,3.474266721627629e-05,99.59220886230469,0.12575208319474668,0.01260092729858487,0.001,0.001,vit,dp_kfm_a,public,0.2,42,3,True
layer,blocks.9.norm1.bias,identity,0.7209356227659446,3.474266721627629e-05,99.59220886230469,0.1609713710805085,0.016130059181586172,0.001,0.001,vit,dp_kfm_a,public,0.2,42,3,True
layer,blocks.9.norm2.weight,identity,0.7217737562666496,3.474266721627629e-05,99.59220886230469,0.15784159945288948,0.015816441913872794,0.001,0.001,vit,dp_kfm_a,public,0.2,42,3,True
layer,blocks.9.norm2.bias,identity,0.7151028477383192,3.474266721627629e-05,99.59220886230469,0.07630017878173397,0.007645622889671707,0.001,0.001,vit,dp_kfm_a,public,0.2,42,3,True
layer,blocks.10.norm1.weight,identity,0.7122572511784651,3.474266721627629e-05,99.59220886230469,0.10221791728847447,0.010242697469831146,0.001,0.001,vit,dp_kfm_a,public,0.2,42,3,True
layer,blocks.10.norm1.bias,identity,0.7193202360401401,3.474266721627629e-05,99.59220886230469,0.14106412224193937,0.014135262841384267,0.001,0.001,vit,dp_kfm_a,public,0.2,42,3,True
layer,blocks.10.norm2.weight,identity,0.7215850753882994,3.474266721627629e-05,99.59220886230469,0.1342230058439236,0.013449752047586487,0.001,0.001,vit,dp_kfm_a,public,0.2,42,3,True
layer,blocks.10.norm2.bias,identity,0.7204858128638836,3.474266721627629e-05,99.59220886230469,0.06441395545975352,0.006454569571667702,0.001,0.001,vit,dp_kfm_a,public,0.2,42,3,True
layer,blocks.11.norm1.weight,identity,0.7220381026502785,3.474266721627629e-05,99.59220886230469,0.09649245861928994,0.009668980624681807,0.001,0.001,vit,dp_kfm_a,public,0.2,42,3,True
layer,blocks.11.norm1.bias,identity,0.7188285487712726,3.474266721627629e-05,99.59220886230469,0.12190817319702056,0.012215750137355342,0.001,0.001,vit,dp_kfm_a,public,0.2,42,3,True
layer,blocks.11.norm2.weight,identity,0.7208963646960967,3.474266721627629e-05,99.59220886230469,0.05030179301875874,0.0050404670898074,0.001,0.001,vit,dp_kfm_a,public,0.2,42,3,True
layer,blocks.11.norm2.bias,identity,0.7210786989000476,3.474266721627629e-05,99.59220886230469,0.043069659975297395,0.004315774660233739,0.001,0.001,vit,dp_kfm_a,public,0.2,42,3,True
layer,norm.weight,identity,0.72103111439115,3.474266721627629e-05,99.59220886230469,0.03991859485039652,0.004000023687818508,0.001,0.001,vit,dp_kfm_a,public,0.2,42,3,True
layer,norm.bias,identity,0.7169129941168543,3.474266721627629e-05,99.59220886230469,0.02402871160950635,0.002407785544205604,0.001,0.001,vit,dp_kfm_a,public,0.2,42,3,True
group,attention_out,attention_out,0.720235871359303,0.08046401727289565,230655.55572509766,5.574167312188574,0.011606413533640605,0.001,0.001,vit,dp_kfm_a,public,0.2,42,3,True
group,attention_qkv,attention_qkv,0.7201890807308609,0.2413920518186876,691966.667175293,5.698200376878388,0.006850071898208973,0.001,0.001,vit,dp_kfm_a,public,0.2,42,3,True
group,identity,identity,0.7201250387717587,0.008616181469636556,24698.867797851562,1.536094297082685,0.009774157974472867,0.001,0.001,vit,dp_kfm_a,public,0.2,42,3,True
group,mlp_fc1,mlp_fc1,0.7202054700096089,0.3218560690915826,922622.2229003906,6.793386764872575,0.007072523273087271,0.001,0.001,vit,dp_kfm_a,public,0.2,42,3,True
group,mlp_fc2,mlp_fc2,0.7201988998113775,0.3206053330717978,919036.9033813477,6.762209976564015,0.007053784328174004,0.001,0.001,vit,dp_kfm_a,public,0.2,42,3,True
group,patch_head,patch_head,0.7203326237930697,0.027066347275396748,77587.51779794693,5.311169119402625,0.019067519602044034,0.001,0.001,vit,dp_kfm_a,public,0.2,42,3,True
layer,patch_embed,patch_head,0.7201788607588396,0.026717111089316622,76586.4086151123,3.9106362540051918,0.01413095683789911,0.001,0.001,vit,dp_kfm_a,public,0.2,42,4,True
layer,blocks.0.attn.q_proj,attention_qkv,0.7200144084502718,0.006705334772741336,19221.296310424805,0.3971011518849425,0.002864242667538797,0.001,0.001,vit,dp_kfm_a,public,0.2,42,4,True
layer,blocks.0.attn.k_proj,attention_qkv,0.7206906112002243,0.006705334772741336,19221.296310424805,0.5989916904767266,0.004320454748672534,0.001,0.001,vit,dp_kfm_a,public,0.2,42,4,True
layer,blocks.0.attn.v_proj,attention_qkv,0.720075226812157,0.006705334772741336,19221.296310424805,1.4815229655498359,0.0106860462900293,0.001,0.001,vit,dp_kfm_a,public,0.2,42,4,True
layer,blocks.0.attn.out_proj,attention_out,0.7203041757075361,0.006705334772741336,19221.296310424805,1.7002911953759277,0.012263995120435574,0.001,0.001,vit,dp_kfm_a,public,0.2,42,4,True
layer,blocks.0.mlp.fc1,mlp_fc1,0.7202438967815509,0.026821339090965342,76885.18524169922,1.8796955359118055,0.006779008484846636,0.001,0.001,vit,dp_kfm_a,public,0.2,42,4,True
layer,blocks.0.mlp.fc2,mlp_fc2,0.720105732535464,0.026717111089316622,76586.4086151123,2.9770335943707904,0.01075741401004601,0.001,0.001,vit,dp_kfm_a,public,0.2,42,4,True
layer,blocks.1.attn.q_proj,attention_qkv,0.7201210487854077,0.006705334772741336,19221.296310424805,0.237234744899789,0.0017111455742176676,0.001,0.001,vit,dp_kfm_a,public,0.2,42,4,True
layer,blocks.1.attn.k_proj,attention_qkv,0.7202238966137832,0.006705334772741336,19221.296310424805,0.3191107984801075,0.0023017076640057896,0.001,0.001,vit,dp_kfm_a,public,0.2,42,4,True
layer,blocks.1.attn.v_proj,attention_qkv,0.7203916540756374,0.006705334772741336,19221.296310424805,1.3966416783354938,0.01007380781285315,0.001,0.001,vit,dp_kfm_a,public,0.2,42,4,True
layer,blocks.1.attn.out_proj,attention_out,0.7201402744973721,0.006705334772741336,19221.296310424805,1.7465620969831221,0.012597741547560552,0.001,0.001,vit,dp_kfm_a,public,0.2,42,4,True
layer,blocks.1.mlp.fc1,mlp_fc1,0.7201079807997843,0.026821339090965342,76885.18524169922,2.3165977591508256,0.0083546699799137,0.001,0.001,vit,dp_kfm_a,public,0.2,42,4,True
layer,blocks.1.mlp.fc2,mlp_fc2,0.7200921075686291,0.026717111089316622,76586.4086151123,1.8957211717296585,0.006850126760566717,0.001,0.001,vit,dp_kfm_a,public,0.2,42,4,True
layer,blocks.2.attn.q_proj,attention_qkv,0.720266013441682,0.006705334772741336,19221.296310424805,0.36675552520642973,0.002645363325856649,0.001,0.001,vit,dp_kfm_a,public,0.2,42,4,True
layer,blocks.2.attn.k_proj,attention_qkv,0.720351648145865,0.006705334772741336,19221.296310424805,0.4903563009029116,0.003536880798949576,0.001,0.001,vit,dp_kfm_a,public,0.2,42,4,True
layer,blocks.2.attn.v_proj,attention_qkv,0.7198312414451549,0.006705334772741336,19221.296310424805,1.831422941703516,0.013209832575495831,0.001,0.001,vit,dp_kfm_a,public,0.2,42,4,True
layer,blocks.2.attn.out_proj,attention_out,0.7204827985283975,0.006705334772741336,19221.296310424805,2.002168816403502,0.014441401955993707,0.001,0.001,vit,dp_kfm_a,public,0.2,42,4,True
layer,blocks.2.mlp.fc1,mlp_fc1,0.7202473043795095,0.026821339090965342,76885.18524169922,2.4468945123738894,0.00882457735521566,0.001,0.001,vit,dp_kfm_a,public,0.2,42,4,True
layer,blocks.2.mlp.fc2,mlp_fc2,0.7202215202156816,0.026717111089316622,76586.4086151123,2.2910267367107786,0.0082785505549834,0.001,0.001,vit,dp_kfm_a,public,0.2,42,4,True
layer,blocks.3.attn.q_proj,attention_qkv,0.720352349158969,0.006705334772741336,19221.296310424805,0.3846984200597222,0.0027747832602336006,0.001,0.001,vit,dp_kfm_a,public,0.2,42,4,True
layer,blocks.3.attn.k_proj,attention_qkv,0.7202723919037067,0.006705334772741336,19221.296310424805,0.5439829603781808,0.003923683419535133,0.001,0.001,vit,dp_kfm_a,public,0.2,42,4,True
layer,blocks.3.attn.v_proj,attention_qkv,0.7199560256706925,0.006705334772741336,19221.296310424805,1.644395788323625,0.011860828297476958,0.001,0.001,vit,dp_kfm_a,public,0.2,42,4,True
layer,blocks.3.attn.out_proj,attention_out,0.7202865769599526,0.006705334772741336,19221.296310424805,1.7723800792277644,0.012783963536552125,0.001,0.001,vit,dp_kfm_a,public,0.2,42,4,True
layer,blocks.3.mlp.fc1,mlp_fc1,0.7201221005411158,0.026821339090965342,76885.18524169922,2.2416213890479018,0.008084272226990286,0.001,0.001,vit,dp_kfm_a,public,0.2,42,4,True
layer,blocks.3.mlp.fc2,mlp_fc2,0.7202137653600421,0.026717111089316622,76586.4086151123,2.2188924227977225,0.008017895559164514,0.001,0.001,vit,dp_kfm_a,public,0.2,42,4,True
layer,blocks.4.attn.q_proj,attention_qkv,0.7203047566245475,0.006705334772741336,19221.296310424805,0.48749824575772405,0.0035162659922330355,0.001,0.001,vit,dp_kfm_a,public,0.2,42,4,True
layer,blocks.4.attn.k_proj,attention_qkv,0.7203055013042061,0.006705334772741336,19221.296310424805,0.7142233416668966,0.005151606737084455,0.001,0.001,vit,dp_kfm_a,public,0.2,42,4,True
layer,blocks.4.attn.v_proj,attention_qkv,0.7202021147689837,0.006705334772741336,19221.296310424805,1.5814473502963469,0.01140678881359027,0.001,0.001,vit,dp_kfm_a,public,0.2,42,4,True
layer,blocks.4.attn.out_proj,attention_out,0.7202408876954786,0.006705334772741336,19221.296310424805,1.6573871402966274,0.011954533350845516,0.001,0.001,vit,dp_kfm_a,public,0.2,42,4,True
layer,blocks.4.mlp.fc1,mlp_fc1,0.720304686699022,0.026821339090965342,76885.18524169922,2.046860378469895,0.007381878398840261,0.001,0.001,vit,dp_kfm_a,public,0.2,42,4,True
layer,blocks.4.mlp.fc2,mlp_fc2,0.720238043919984,0.026717111089316622,76586.4086151123,2.0791799418507937,0.007513049056001556,0.001,0.001,vit,dp_kfm_a,public,0.2,42,4,True
layer,blocks.5.attn.q_proj,attention_qkv,0.7201887413421992,0.006705334772741336,19221.296310424805,0.3620578679174061,0.00261147969096708,0.001,0.001,vit,dp_kfm_a,public,0.2,42,4,True
layer,blocks.5.attn.k_proj,attention_qkv,0.7202224153516459,0.006705334772741336,19221.296310424805,0.5397128038637068,0.00389288329612132,0.001,0.001,vit,dp_kfm_a,public,0.2,42,4,True
layer,blocks.5.attn.v_proj,attention_qkv,0.7203712942585038,0.006705334772741336,19221.296310424805,1.4845305162911921,0.010707739390432779,0.001,0.001,vit,dp_kfm_a,public,0.2,42,4,True
layer,blocks.5.attn.out_proj,attention_out,0.7201512715939958,0.006705334772741336,19221.296310424805,1.479024672601705,0.010668026404606961,0.001,0.001,vit,dp_kfm_a,public,0.2,42,4,True
layer,blocks.5.mlp.fc1,mlp_fc1,0.7203007008195841,0.026821339090965342,76885.18524169922,1.846202263025522,0.006658217017960881,0.001,0.001,vit,dp_kfm_a,public,0.2,42,4,True
layer,blocks.5.mlp.fc2,mlp_fc2,0.7203165076415653,0.026717111089316622,76586.4086151123,1.6812422880885909,0.006075114294431917,0.001,0.001,vit,dp_kfm_a,public,0.2,42,4,True
layer,blocks.6.attn.q_proj,attention_qkv,0.7201789101652968,0.006705334772741336,19221.296310424805,0.3260873836775916,0.002352028930769938,0.001,0.001,vit,dp_kfm_a,public,0.2,42,4,True
layer,blocks.6.attn.k_proj,attention_qkv,0.7202563863168753,0.006705334772741336,19221.296310424805,0.4973735798871782,0.003587495585084933,0.001,0.001,vit,dp_kfm_a,public,0.2,42,4,True
layer,blocks.6.attn.v_proj,attention_qkv,0.7203514614645817,0.006705334772741336,19221.296310424805,1.4299445123021213,0.010314017133688394,0.001,0.001,vit,dp_kfm_a,public,0.2,42,4,True
layer,blocks.6.attn.out_proj,attention_out,0.7201829420855037,0.006705334772741336,19221.296310424805,1.6340796930909618,0.011786419547999567,0.001,0.001,vit,dp_kfm_a,public,0.2,42,4,True
layer,blocks.6.mlp.fc1,mlp_fc1,0.7202033328371945,0.026821339090965342,76885.18524169922,1.7989497059087465,0.006487803523059468,0.001,0.001,vit,dp_kfm_a,public,0.2,42,4,True
layer,blocks.6.mlp.fc2,mlp_fc2,0.7202734111522665,0.026717111089316622,76586.4086151123,1.6158607875810633,0.005838860370093461,0.001,0.001,vit,dp_kfm_a,public,0.2,42,4,True
layer,blocks.7.attn.q_proj,attention_qkv,0.7203648775047785,0.006705334772741336,19221.296310424805,0.28387657885000367,0.0020475674915511476,0.001,0.001,vit,dp_kfm_a,public,0.2,42,4,True
layer,blocks.7.attn.k_proj,attention_qkv,0.7206081036707864,0.006705334772741336,19221.296310424805,0.4115676601964048,0.0029685878454847924,0.001,0.001,vit,dp_kfm_a,public,0.2,42,4,True
layer,blocks.7.attn.v_proj,attention_qkv,0.7201780027520156,0.006705334772741336,19221.296310424805,1.3711195683817727,0.009889719914976064,0.001,0.001,vit,dp_kfm_a,public,0.2,42,4,True
layer,blocks.7.attn.out_proj,attention_out,0.720099300587219,0.006705334772741336,19221.296310424805,1.2936417302577332,0.009330881622288777,0.001,0.001,vit,dp_kfm_a,public,0.2,42,4,True
layer,blocks.7.mlp.fc1,mlp_fc1,0.7203277919271771,0.026821339090965342,76885.18524169922,1.5620968555580201,0.005633608015589249,0.001,0.001,vit,dp_kfm_a,public,0.2,42,4,True
layer,blocks.7.mlp.fc2,mlp_fc2,0.7202079556018822,0.026717111089316622,76586.4086151123,1.42452034367708,0.005147457902941871,0.001,0.001,vit,dp_kfm_a,public,0.2,42,4,True
layer,blocks.8.attn.q_proj,attention_qkv,0.720493039803007,0.006705334772741336,19221.296310424805,0.26974503000099964,0.001945638335769059,0.001,0.001,vit,dp_kfm_a,public,0.2,42,4,True
layer,blocks.8.attn.k_proj,attention_qkv,0.7203868811113087,0.006705334772741336,19221.296310424805,0.38719536298889834,0.0027927934081322103,0.001,0.001,vit,dp_kfm_a,public,0.2,42,4,True
layer,blocks.8.attn.v_proj,attention_qkv,0.7201653821700331,0.006705334772741336,19221.296310424805,1.1690838326131947,0.008432460544135401,0.001,0.001,vit,dp_kfm_a,public,0.2,42,4,True
layer,blocks.8.attn.out_proj,attention_out,0.7203715548248255,0.006705334772741336,19221.296310424805,1.1271234926659262,0.00812980567786038,0.001,0.001,vit,dp_kfm_a,public,0.2,42,4,True
layer,blocks.8.mlp.fc1,mlp_fc1,0.7201610268005968,0.026821339090965342,76885.18524169922,1.3909548879730447,0.005016394840260233,0.001,0.001,vit,dp_kfm_a,public,0.2,42,4,True
layer,blocks.8.mlp.fc2,mlp_fc2,0.7201500666433591,0.026717111089316622,76586.4086151123,1.182317847155294,0.0042722670638871115,0.001,0.001,vit,dp_kfm_a,public,0.2,42,4,True
layer,blocks.9.attn.q_proj,attention_qkv,0.7196861858220462,0.006705334772741336,19221.296310424805,0.27268249485898577,0.0019668259151570887,0.001,0.001,vit,dp_kfm_a,public,0.2,42,4,True
layer,blocks.9.attn.k_proj,attention_qkv,0.7201704932080419,0.006705334772741336,19221.296310424805,0.424046143359634,0.003058593638045786,0.001,0.001,vit,dp_kfm_a,public,0.2,42,4,True
layer,blocks.9.attn.v_proj,attention_qkv,0.7202021712775252,0.006705334772741336,19221.296310424805,1.0209424246789178,0.0073639344534390735,0.001,0.001,vit,dp_kfm_a,public,0.2,42,4,True
layer,blocks.9.attn.out_proj,attention_out,0.7204085023265965,0.006705334772741336,19221.296310424805,0.938212770670444,0.006767215446815659,0.001,0.001,vit,dp_kfm_a,public,0.2,42,4,True
layer,blocks.9.mlp.fc1,mlp_fc1,0.7201867146375472,0.026821339090965342,76885.18524169922,1.1511845521694288,0.004151677597614456,0.001,0.001,vit,dp_kfm_a,public,0.2,42,4,True
layer,blocks.9.mlp.fc2,mlp_fc2,0.7201884864133663,0.026717111089316622,76586.4086151123,0.918169725149306,0.003317776421333537,0.001,0.001,vit,dp_kfm_a,public,0.2,42,4,True
layer,blocks.10.attn.q_proj,attention_qkv,0.7199406084114641,0.006705334772741336,19221.296310424805,0.22624169935836871,0.0016318540638897005,0.001,0.001,vit,dp_kfm_a,public,0.2,42,4,True
layer,blocks.10.attn.k_proj,attention_qkv,0.7203231230134077,0.006705334772741336,19221.296310424805,0.36348681770466185,0.0026217865332690965,0.001,0.001,vit,dp_kfm_a,public,0.2,42,4,True
layer,blocks.10.attn.v_proj,attention_qkv,0.7202806707664329,0.006705334772741336,19221.296310424805,0.8605664592082617,0.006207161976279711,0.001,0.001,vit,dp_kfm_a,public,0.2,42,4,True
layer,blocks.10.attn.out_proj,attention_out,0.7200560873579503,0.006705334772741336,19221.296310424805,0.8007412931917881,0.005775650276342302,0.001,0.001,vit,dp_kfm_a,public,0.2,42,4,True
layer,blocks.10.mlp.fc1,mlp_fc1,0.7202152354579803,0.026821339090965342,76885.18524169922,0.9360827937605679,0.0033759260902557027,0.001,0.001,vit,dp_kfm_a,public,0.2,42,4,True
layer,blocks.10.mlp.fc2,mlp_fc2,0.7202797851876304,0.026717111089316622,76586.4086151123,0.7128630035889122,0.002575907264382626,0.001,0.001,vit,dp_kfm_a,public,0.2,42,4,True
layer,blocks.11.attn.q_proj,attention_qkv,0.7199749682624402,0.006705334772741336,19221.296310424805,0.2941425455501798,0.0021216146699755928,0.001,0.001,vit,dp_kfm_a,public,0.2,42,4,True
layer,blocks.11.attn.k_proj,attention_qkv,0.719894868869985,0.006705334772741336,19221.296310424805,0.39784866484379294,0.0028696343882656556,0.001,0.001,vit,dp_kfm_a,public,0.2,42,4,True
layer,blocks.11.attn.v_proj,attention_qkv,0.7199471494482881,0.006705334772741336,19221.296310424805,0.7897358484584476,0.005696269332139937,0.001,0.001,vit,dp_kfm_a,public,0.2,42,4,True
layer,blocks.11.attn.out_proj,attention_out,0.7202712981447156,0.006705334772741336,19221.296310424805,0.7037809389434254,0.005076286946924643,0.001,0.001,vit,dp_kfm_a,public,0.2,42,4,True
layer,blocks.11.mlp.fc1,mlp_fc1,0.7200960669957539,0.026821339090965342,76885.18524169922,0.7022709648747427,0.002532697843131275,0.001,0.001,vit,dp_kfm_a,public,0.2,42,4,True
layer,blocks.11.mlp.fc2,mlp_fc2,0.7200931816096,0.026717111089316622,76586.4086151123,0.7148650586704269,0.0025831416252657196,0.001,0.001,vit,dp_kfm_a,public,0.2,42,4,True
layer,head,patch_head,0.7205740460581179,0.0003492361860802786,1001.1091828346251,2.473860590501742,0.07818699098038963,0.001,0.001,vit,dp_kfm_a,public,0.2,42,4,True
layer,cls_token,identity,0.7228234777706155,3.474266721627629e-05,99.59220886230469,0.11871560298429984,0.011895840167483735,0.001,0.001,vit,dp_kfm_a,public,0.2,42,4,True
layer,pos_embed,identity,0.7201746335969738,0.006844305441606457,19619.665145874023,0.4723136439980957,0.0033719777170955595,0.001,0.001,vit,dp_kfm_a,public,0.2,42,4,True
layer,blocks.0.norm1.weight,identity,0.7147692961991168,3.474266721627629e-05,99.59220886230469,0.5472969218530359,0.05484162606140807,0.001,0.001,vit,dp_kfm_a,public,0.2,42,4,True
layer,blocks.0.norm1.bias,identity,0.7177438108972682,3.474266721627629e-05,99.59220886230469,0.3707070779135508,0.0371465252836036,0.001,0.001,vit,dp_kfm_a,public,0.2,42,4,True
layer,blocks.0.norm2.weight,identity,0.7209054923813855,3.474266721627629e-05,99.59220886230469,0.1770867866385855,0.017744896683079707,0.001,0.001,vit,dp_kfm_a,public,0.2,42,4,True
layer,blocks.0.norm2.bias,identity,0.713976861568668,3.474266721627629e-05,99.59220886230469,0.15268423427936437,0.015299650605507763,0.001,0.001,vit,dp_kfm_a,public,0.2,42,4,True
layer,blocks.1.norm1.weight,identity,0.7217680303782349,3.474266721627629e-05,99.59220886230469,0.2148906610745171,0.02153301582409055,0.001,0.001,vit,dp_kfm_a,public,0.2,42,4,True
layer,blocks.1.norm1.bias,identity,0.7184075345694566,3.474266721627629e-05,99.59220886230469,0.27018216038139614,0.027073474043909845,0.001,0.001,vit,dp_kfm_a,public,0.2,42,4,True
layer,blocks.1.norm2.weight,identity,0.71634014610284,3.474266721627629e-05,99.59220886230469,0.2715525319200764,0.027210791467941798,0.001,0.001,vit,dp_kfm_a,public,0.2,42,4,True
layer,blocks.1.norm2.bias,identity,0.7177526778204772,3.474266721627629e-05,99.59220886230469,0.23664051262751257,0.023712449287231416,0.001,0.001,vit,dp_kfm_a,public,0.2,42,4,True
layer,blocks.2.norm1.weight,identity,0.7207904211153019,3.474266721627629e-05,99.59220886230469,0.2205254424984759,0.022097646399289506,0.001,0.001,vit,dp_kfm_a,public,0.2,42,4,True
layer,blocks.2.norm1.bias,identity,0.7165788173709562,3.474266721627629e-05,99.59220886230469,0.29183900672536106,0.029243587964601758,0.001,0.001,vit,dp_kfm_a,public,0.2,42,4,True
layer,blocks.2.norm2.weight,identity,0.721345673364481,3.474266721627629e-05,99.59220886230469,0.19793119934970893,0.01983360108050745,0.001,0.001,vit,dp_kfm_a,public,0.2,42,4,True
layer,blocks.2.norm2.bias,identity,0.7146299605285329,3.474266721627629e-05,99.59220886230469,0.2697804851525789,0.02703322436988947,0.001,0.001,vit,dp_kfm_a,public,0.2,42,4,True
layer,blocks.3.norm1.weight,identity,0.7179256021757493,3.474266721627629e-05,99.59220886230469,0.18132940520395732,0.018170026245467027,0.001,0.001,vit,dp_kfm_a,public,0.2,42,4,True
layer,blocks.3.norm1.bias,identity,0.7228140904797462,3.474266721627629e-05,99.59220886230469,0.26384537566428906,0.02643849956477227,0.001,0.001,vit,dp_kfm_a,public,0.2,42,4,True
layer,blocks.3.norm2.weight,identity,0.7187955695977898,3.474266721627629e-05,99.59220886230469,0.19217962417395923,0.01925726724331979,0.001,0.001,vit,dp_kfm_a,public,0.2,42,4,True
layer,blocks.3.norm2.bias,identity,0.7227343624774015,3.474266721627629e-05,99.59220886230469,0.20391986671550877,0.020433692627102214,0.001,0.001,vit,dp_kfm_a,public,0.2,42,4,True
layer,blocks.4.norm1.weight,identity,0.723321156368762,3.474266721627629e-05,99.59220886230469,0.16477968323750736,0.016511669278226424,0.001,0.001,vit,dp_kfm_a,public,0.2,42,4,True
layer,blocks.4.norm1.bias,identity,0.7211191661998216,3.474266721627629e-05,99.59220886230469,0.2616986426320605,0.026223387208926113,0.001,0.001,vit,dp_kfm_a,public,0.2,42,4,True
layer,blocks.4.norm2.weight,identity,0.7155144264400678,3.474266721627629e-05,99.59220886230469,0.14966881747398267,0.014997492208014643,0.001,0.001,vit,dp_kfm_a,public,0.2,42,4,True
layer,blocks.4.norm2.bias,identity,0.7105361602840206,3.474266721627629e-05,99.59220886230469,0.18955212479986056,0.018993979926331006,0.001,0.001,vit,dp_kfm_a,public,0.2,42,4,True
layer,blocks.5.norm1.weight,identity,0.7175520213472371,3.474266721627629e-05,99.59220886230469,0.13602091938290206,0.013629911113092566,0.001,0.001,vit,dp_kfm_a,public,0.2,42,4,True
layer,blocks.5.norm1.bias,identity,0.7224320260311429,3.474266721627629e-05,99.59220886230469,0.1982836545556637,0.019868918685698636,0.001,0.001,vit,dp_kfm_a,public,0.2,42,4,True
layer,blocks.5.norm2.weight,identity,0.7195890118007295,3.474266721627629e-05,99.59220886230469,0.13348663260639362,0.01337596411982416,0.001,0.001,vit,dp_kfm_a,public,0.2,42,4,True
layer,blocks.5.norm2.bias,identity,0.7156002394170525,3.474266721627629e-05,99.59220886230469,0.15337071174050732,0.015368438750882523,0.001,0.001,vit,dp_kfm_a,public,0.2,42,4,True
layer,blocks.6.norm1.weight,identity,0.7214029663086481,3.474266721627629e-05,99.59220886230469,0.1323655779827188,0.013263629377911425,0.001,0.001,vit,dp_kfm_a,public,0.2,42,4,True
layer,blocks.6.norm1.bias,identity,0.7174646537781068,3.474266721627629e-05,99.59220886230469,0.1935748205776803,0.01939707223106946,0.001,0.001,vit,dp_kfm_a,public,0.2,42,4,True
layer,blocks.6.norm2.weight,identity,0.7202530417467635,3.474266721627629e-05,99.59220886230469,0.1088299371097045,0.010905251750821394,0.001,0.001,vit,dp_kfm_a,public,0.2,42,4,True
layer,blocks.6.norm2.bias,identity,0.7175243603048599,3.474266721627629e-05,99.59220886230469,0.12851537754803843,0.01287782188645817,0.001,0.001,vit,dp_kfm_a,public,0.2,42,4,True
layer,blocks.7.norm1.weight,identity,0.7202680223285816,3.474266721627629e-05,99.59220886230469,0.10824196433930505,0.01084633422082806,0.001,0.001,vit,dp_kfm_a,public,0.2,42,4,True
layer,blocks.7.norm1.bias,identity,0.7182707382821932,3.474266721627629e-05,99.59220886230469,0.15839452516366997,0.015871847570034164,0.001,0.001,vit,dp_kfm_a,public,0.2,42,4,True
layer,blocks.7.norm2.weight,identity,0.7239550230985322,3.474266721627629e-05,99.59220886230469,0.0688521794923079,0.006899299686257056,0.001,0.001,vit,dp_kfm_a,public,0.2,42,4,True
layer,blocks.7.norm2.bias,identity,0.7194683338557825,3.474266721627629e-05,99.59220886230469,0.09267752219300449,0.009286706746308755,0.001,0.001,vit,dp_kfm_a,public,0.2,42,4,True
layer,blocks.8.norm1.weight,identity,0.7227894022030253,3.474266721627629e-05,99.59220886230469,0.12198371188415758,0.01222331945533928,0.001,0.001,vit,dp_kfm_a,public,0.2,42,4,True
layer,blocks.8.norm1.bias,identity,0.7139701420952558,3.474266721627629e-05,99.59220886230469,0.13884697916403946,0.01391309508061715,0.001,0.001,vit,dp_kfm_a,public,0.2,42,4,True
layer,blocks.8.norm2.weight,identity,0.7167200000669894,3.474266721627629e-05,99.59220886230469,0.05135325842255689,0.005145828677254968,0.001,0.001,vit,dp_kfm_a,public,0.2,42,4,True
layer,blocks.8.norm2.bias,identity,0.7200384726757901,3.474266721627629e-05,99.59220886230469,0.07613815049738436,0.007629386923001943,0.001,0.001,vit,dp_kfm_a,public,0.2,42,4,True
layer,blocks.9.norm1.weight,identity,0.7191444579580176,3.474266721627629e-05,99.59220886230469,0.10503708568847352,0.010525190889807658,0.001,0.001,vit,dp_kfm_a,public,0.2,42,4,True
layer,blocks.9.norm1.bias,identity,0.7196153249121182,3.474266721627629e-05,99.59220886230469,0.14242027626985237,0.014271155606555789,0.001,0.001,vit,dp_kfm_a,public,0.2,42,4,True
layer,blocks.9.norm2.weight,identity,0.7158513893531853,3.474266721627629e-05,99.59220886230469,0.11840686870022128,0.0118649035963398,0.001,0.001,vit,dp_kfm_a,public,0.2,42,4,True
layer,blocks.9.norm2.bias,identity,0.7202024983149212,3.474266721627629e-05,99.59220886230469,0.06554810161309269,0.006568216144043473,0.001,0.001,vit,dp_kfm_a,public,0.2,42,4,True
layer,blocks.10.norm1.weight,identity,0.7170528341705131,3.474266721627629e-05,99.59220886230469,0.0984268272472471,0.009862813107057491,0.001,0.001,vit,dp_kfm_a,public,0.2,42,4,True
layer,blocks.10.norm1.bias,identity,0.7180456441123483,3.474266721627629e-05,99.59220886230469,0.12144287591755339,0.012169125246205701,0.001,0.001,vit,dp_kfm_a,public,0.2,42,4,True
layer,blocks.10.norm2.weight,identity,0.7149465003565171,3.474266721627629e-05,99.59220886230469,0.12625370032862138,0.012651191603358966,0.001,0.001,vit,dp_kfm_a,public,0.2,42,4,True
layer,blocks.10.norm2.bias,identity,0.7163568163977728,3.474266721627629e-05,99.59220886230469,0.0559456740140538,0.005606009483196144,0.001,0.001,vit,dp_kfm_a,public,0.2,42,4,True
layer,blocks.11.norm1.weight,identity,0.7234839424204134,3.474266721627629e-05,99.59220886230469,0.07972678967272293,0.007988984793673114,0.001,0.001,vit,dp_kfm_a,public,0.2,42,4,True
layer,blocks.11.norm1.bias,identity,0.7200672173508642,3.474266721627629e-05,99.59220886230469,0.10208622289994261,0.010229501096670856,0.001,0.001,vit,dp_kfm_a,public,0.2,42,4,True
layer,blocks.11.norm2.weight,identity,0.7183092661681169,3.474266721627629e-05,99.59220886230469,0.039302712607051836,0.00393830950244905,0.001,0.001,vit,dp_kfm_a,public,0.2,42,4,True
layer,blocks.11.norm2.bias,identity,0.7148963748194893,3.474266721627629e-05,99.59220886230469,0.03348396785753366,0.0033552449702762446,0.001,0.001,vit,dp_kfm_a,public,0.2,42,4,True
layer,norm.weight,identity,0.7221380700062177,3.474266721627629e-05,99.59220886230469,0.030159885385010608,0.0030221568773665186,0.001,0.001,vit,dp_kfm_a,public,0.2,42,4,True
layer,norm.bias,identity,0.7244339099628196,3.474266721627629e-05,99.59220886230469,0.02043413577630897,0.0020475927935755898,0.001,0.001,vit,dp_kfm_a,public,0.2,42,4,True
group,attention_out,attention_out,0.7202544499192227,0.08046401727289565,230655.55572509766,5.072144511123929,0.010561112252544833,0.001,0.001,vit,dp_kfm_a,public,0.2,42,4,True
group,attention_qkv,attention_qkv,0.7202148048725516,0.2413920518186876,691966.667175293,5.186037151727548,0.006234376646399694,0.001,0.001,vit,dp_kfm_a,public,0.2,42,4,True
group,identity,identity,0.7200974701865308,0.008616181469636556,24698.867797851562,1.4297018926684892,0.009097183800424239,0.001,0.001,vit,dp_kfm_a,public,0.2,42,4,True
group,mlp_fc1,mlp_fc1,0.7202109186119522,0.3218560690915826,922622.2229003906,6.155401421814291,0.006408323464826704,0.001,0.001,vit,dp_kfm_a,public,0.2,42,4,True
group,mlp_fc2,mlp_fc2,0.7201996530773115,0.3206053330717978,919036.9033813477,6.14686569166551,0.006411907502655201,0.001,0.001,vit,dp_kfm_a,public,0.2,42,4,True
group,patch_head,patch_head,0.7201854833962896,0.027066347275396748,77587.51779794693,4.6378205708581,0.0166501447529779,0.001,0.001,vit,dp_kfm_a,public,0.2,42,4,True
layer,patch_embed,patch_head,0.7201568640653497,0.026717111089316622,76586.4086151123,3.7612893882748835,0.013591296798858381,0.001,0.001,vit,dp_kfm_a,public,0.2,42,5,True
layer,blocks.0.attn.q_proj,attention_qkv,0.7206477592658256,0.006705334772741336,19221.296310424805,0.36915976727343525,0.002662704833627957,0.001,0.001,vit,dp_kfm_a,public,0.2,42,5,True
layer,blocks.0.attn.k_proj,attention_qkv,0.7204192587339869,0.006705334772741336,19221.296310424805,0.5415358824870472,0.003906032942135846,0.001,0.001,vit,dp_kfm_a,public,0.2,42,5,True
layer,blocks.0.attn.v_proj,attention_qkv,0.7198698144201506,0.006705334772741336,19221.296310424805,1.4134063780768265,0.010194729568128025,0.001,0.001,vit,dp_kfm_a,public,0.2,42,5,True
layer,blocks.0.attn.out_proj,attention_out,0.7204202666705571,0.006705334772741336,19221.296310424805,1.628864026977508,0.011748799577997276,0.001,0.001,vit,dp_kfm_a,public,0.2,42,5,True
layer,blocks.0.mlp.fc1,mlp_fc1,0.7202696043637783,0.026821339090965342,76885.18524169922,1.7761111241376686,0.006405437556523877,0.001,0.001,vit,dp_kfm_a,public,0.2,42,5,True
layer,blocks.0.mlp.fc2,mlp_fc2,0.7202817396168467,0.026717111089316622,76586.4086151123,2.7723312326862253,0.010017728687838392,0.001,0.001,vit,dp_kfm_a,public,0.2,42,5,True
layer,blocks.1.attn.q_proj,attention_qkv,0.7201982624510852,0.006705334772741336,19221.296310424805,0.22361225061825296,0.001612888167573873,0.001,0.001,vit,dp_kfm_a,public,0.2,42,5,True
layer,blocks.1.attn.k_proj,attention_qkv,0.7202406192830226,0.006705334772741336,19221.296310424805,0.29847028513872037,0.002152830133150791,0.001,0.001,vit,dp_kfm_a,public,0.2,42,5,True
layer,blocks.1.attn.v_proj,attention_qkv,0.7202705389517198,0.006705334772741336,19221.296310424805,1.3162589690826636,0.009494017035411565,0.001,0.001,vit,dp_kfm_a,public,0.2,42,5,True
layer,blocks.1.attn.out_proj,attention_out,0.7201913201038829,0.006705334772741336,19221.296310424805,1.6189600265790682,0.011677363218808004,0.001,0.001,vit,dp_kfm_a,public,0.2,42,5,True
layer,blocks.1.mlp.fc1,mlp_fc1,0.720068913559424,0.026821339090965342,76885.18524169922,2.169417359986254,0.007823872754683414,0.001,0.001,vit,dp_kfm_a,public,0.2,42,5,True
layer,blocks.1.mlp.fc2,mlp_fc2,0.720242702135659,0.026717111089316622,76586.4086151123,1.7687019563523847,0.006391146959455885,0.001,0.001,vit,dp_kfm_a,public,0.2,42,5,True
layer,blocks.2.attn.q_proj,attention_qkv,0.7200621635560275,0.006705334772741336,19221.296310424805,0.3434962274815499,0.0024775968194026663,0.001,0.001,vit,dp_kfm_a,public,0.2,42,5,True
layer,blocks.2.attn.k_proj,attention_qkv,0.7201938218133274,0.006705334772741336,19221.296310424805,0.4579977428387121,0.0033034824261985282,0.001,0.001,vit,dp_kfm_a,public,0.2,42,5,True
layer,blocks.2.attn.v_proj,attention_qkv,0.720402487832203,0.006705334772741336,19221.296310424805,1.7228728753290126,0.012426874051708666,0.001,0.001,vit,dp_kfm_a,public,0.2,42,5,True
layer,blocks.2.attn.out_proj,attention_out,0.7204661764745455,0.006705334772741336,19221.296310424805,1.8869560981500646,0.013610386528568726,0.001,0.001,vit,dp_kfm_a,public,0.2,42,5,True
layer,blocks.2.mlp.fc1,mlp_fc1,0.7203249704718058,0.026821339090965342,76885.18524169922,2.306529451940032,0.008318359237718474,0.001,0.001,vit,dp_kfm_a,public,0.2,42,5,True
layer,blocks.2.mlp.fc2,mlp_fc2,0.720230851683926,0.026717111089316622,76586.4086151123,2.1653696239021007,0.007824492667176556,0.001,0.001,vit,dp_kfm_a,public,0.2,42,5,True
layer,blocks.3.attn.q_proj,attention_qkv,0.7201490791751286,0.006705334772741336,19221.296310424805,0.3587980924465248,0.0025879673240399733,0.001,0.001,vit,dp_kfm_a,public,0.2,42,5,True
layer,blocks.3.attn.k_proj,attention_qkv,0.7200542268642576,0.006705334772741336,19221.296310424805,0.5102655737285503,0.0036804839802452765,0.001,0.001,vit,dp_kfm_a,public,0.2,42,5,True
layer,blocks.3.attn.v_proj,attention_qkv,0.7200531865358651,0.006705334772741336,19221.296310424805,1.5419097492468956,0.011121608870494121,0.001,0.001,vit,dp_kfm_a,public,0.2,42,5,True
layer,blocks.3.attn.out_proj,attention_out,0.7203133319415301,0.006705334772741336,19221.296310424805,1.6580868578445298,0.011959580329043417,0.001,0.001,vit,dp_kfm_a,public,0.2,42,5,True
layer,blocks.3.mlp.fc1,mlp_fc1,0.7202287859900648,0.026821339090965342,76885.18524169922,2.078801339385549,0.007497071546307265,0.001,0.001,vit,dp_kfm_a,public,0.2,42,5,True
layer,blocks.3.mlp.fc2,mlp_fc2,0.7203159050976139,0.026717111089316622,76586.4086151123,2.070985680099979,0.007483439357835277,0.001,0.001,vit,dp_kfm_a,public,0.2,42,5,True
layer,blocks.4.attn.q_proj,attention_qkv,0.7202290891655465,0.006705334772741336,19221.296310424805,0.4509108306155934,0.00325236538391798,0.001,0.001,vit,dp_kfm_a,public,0.2,42,5,True
layer,blocks.4.attn.k_proj,attention_qkv,0.7202571850632518,0.006705334772741336,19221.296310424805,0.6604884343316384,0.004764023337753284,0.001,0.001,vit,dp_kfm_a,public,0.2,42,5,True
layer,blocks.4.attn.v_proj,attention_qkv,0.7204211410973043,0.006705334772741336,19221.296310424805,1.4854253003090412,0.010714193359528543,0.001,0.001,vit,dp_kfm_a,public,0.2,42,5,True
layer,blocks.4.attn.out_proj,attention_out,0.7201553301737523,0.006705334772741336,19221.296310424805,1.552835466544648,0.011200414750328869,0.001,0.001,vit,dp_kfm_a,public,0.2,42,5,True
layer,blocks.4.mlp.fc1,mlp_fc1,0.7202150932738614,0.026821339090965342,76885.18524169922,1.9060164833317166,0.00687393339288619,0.001,0.001,vit,dp_kfm_a,public,0.2,42,5,True
layer,blocks.4.mlp.fc2,mlp_fc2,0.7202657181193511,0.026717111089316622,76586.4086151123,1.9411179358123716,0.00701416649020818,0.001,0.001,vit,dp_kfm_a,public,0.2,42,5,True
layer,blocks.5.attn.q_proj,attention_qkv,0.7202655416563424,0.006705334772741336,19221.296310424805,0.33436229200622736,0.002411714845535852,0.001,0.001,vit,dp_kfm_a,public,0.2,42,5,True
layer,blocks.5.attn.k_proj,attention_qkv,0.7202460456095976,0.006705334772741336,19221.296310424805,0.5009742738096368,0.0036134669556450497,0.001,0.001,vit,dp_kfm_a,public,0.2,42,5,True
layer,blocks.5.attn.v_proj,attention_qkv,0.7200173798936997,0.006705334772741336,19221.296310424805,1.393857610771431,0.010053726669626934,0.001,0.001,vit,dp_kfm_a,public,0.2,42,5,True
layer,blocks.5.attn.out_proj,attention_out,0.7203311629251556,0.006705334772741336,19221.296310424805,1.3781087585129617,0.009940132099605275,0.001,0.001,vit,dp_kfm_a,public,0.2,42,5,True
layer,blocks.5.mlp.fc1,mlp_fc1,0.7203311487113244,0.026821339090965342,76885.18524169922,1.7195566400988032,0.006201477223676882,0.001,0.001,vit,dp_kfm_a,public,0.2,42,5,True
layer,blocks.5.mlp.fc2,mlp_fc2,0.7202497585330891,0.026717111089316622,76586.4086151123,1.574022606607443,0.005687679464707815,0.001,0.001,vit,dp_kfm_a,public,0.2,42,5,True
layer,blocks.6.attn.q_proj,attention_qkv,0.7203273136401651,0.006705334772741336,19221.296310424805,0.30341016659250303,0.0021884609016976633,0.001,0.001,vit,dp_kfm_a,public,0.2,42,5,True
layer,blocks.6.attn.k_proj,attention_qkv,0.7201784746922122,0.006705334772741336,19221.296310424805,0.46554434471825085,0.0033579151544736825,0.001,0.001,vit,dp_kfm_a,public,0.2,42,5,True
layer,blocks.6.attn.v_proj,attention_qkv,0.7199059443425222,0.006705334772741336,19221.296310424805,1.3325609285499116,0.009611601100954905,0.001,0.001,vit,dp_kfm_a,public,0.2,42,5,True
layer,blocks.6.attn.out_proj,attention_out,0.7201930551780249,0.006705334772741336,19221.296310424805,1.5188588735809765,0.010955345687189156,0.001,0.001,vit,dp_kfm_a,public,0.2,42,5,True
layer,blocks.6.mlp.fc1,mlp_fc1,0.7203530044818286,0.026821339090965342,76885.18524169922,1.6701831809057843,0.006023414823463036,0.001,0.001,vit,dp_kfm_a,public,0.2,42,5,True
layer,blocks.6.mlp.fc2,mlp_fc2,0.7201954825702763,0.026717111089316622,76586.4086151123,1.4951177685978931,0.005402559400403084,0.001,0.001,vit,dp_kfm_a,public,0.2,42,5,True
layer,blocks.7.attn.q_proj,attention_qkv,0.7204303544716844,0.006705334772741336,19221.296310424805,0.26047015053832884,0.0018787397499373138,0.001,0.001,vit,dp_kfm_a,public,0.2,42,5,True
layer,blocks.7.attn.k_proj,attention_qkv,0.7201134452000544,0.006705334772741336,19221.296310424805,0.37971326586331045,0.0027388259448598135,0.001,0.001,vit,dp_kfm_a,public,0.2,42,5,True
layer,blocks.7.attn.v_proj,attention_qkv,0.7199256015502735,0.006705334772741336,19221.296310424805,1.2610274297545288,0.009095638610200327,0.001,0.001,vit,dp_kfm_a,public,0.2,42,5,True
layer,blocks.7.attn.out_proj,attention_out,0.7200879020286006,0.006705334772741336,19221.296310424805,1.1832382154989622,0.008534554399067966,0.001,0.001,vit,dp_kfm_a,public,0.2,42,5,True
layer,blocks.7.mlp.fc1,mlp_fc1,0.7201213326601072,0.026821339090965342,76885.18524169922,1.4272132466646381,0.005147158422191977,0.001,0.001,vit,dp_kfm_a,public,0.2,42,5,True
layer,blocks.7.mlp.fc2,mlp_fc2,0.7201561289464993,0.026717111089316622,76586.4086151123,1.2887000778436928,0.004656675792425225,0.001,0.001,vit,dp_kfm_a,public,0.2,42,5,True
layer,blocks.8.attn.q_proj,attention_qkv,0.7202366147210645,0.006705334772741336,19221.296310424805,0.24422151248985846,0.0017615402853502428,0.001,0.001,vit,dp_kfm_a,public,0.2,42,5,True
layer,blocks.8.attn.k_proj,attention_qkv,0.720222373586019,0.006705334772741336,19221.296310424805,0.35054234686799196,0.002528419627877087,0.001,0.001,vit,dp_kfm_a,public,0.2,42,5,True
layer,blocks.8.attn.v_proj,attention_qkv,0.720401519298138,0.006705334772741336,19221.296310424805,1.0519463509887264,0.007587562030886933,0.001,0.001,vit,dp_kfm_a,public,0.2,42,5,True
layer,blocks.8.attn.out_proj,attention_out,0.7204198786308242,0.006705334772741336,19221.296310424805,1.0091968645613174,0.00727921514632228,0.001,0.001,vit,dp_kfm_a,public,0.2,42,5,True
layer,blocks.8.mlp.fc1,mlp_fc1,0.7201430448794384,0.026821339090965342,76885.18524169922,1.2421530735160307,0.004479750078652413,0.001,0.001,vit,dp_kfm_a,public,0.2,42,5,True
layer,blocks.8.mlp.fc2,mlp_fc2,0.7203089369391277,0.026717111089316622,76586.4086151123,1.0435460400211949,0.0037708196549339494,0.001,0.001,vit,dp_kfm_a,public,0.2,42,5,True
layer,blocks.9.attn.q_proj,attention_qkv,0.7201021300773784,0.006705334772741336,19221.296310424805,0.24438314480264942,0.0017627061197089484,0.001,0.001,vit,dp_kfm_a,public,0.2,42,5,True
layer,blocks.9.attn.k_proj,attention_qkv,0.7200257881819068,0.006705334772741336,19221.296310424805,0.38449730510950236,0.002773332642377763,0.001,0.001,vit,dp_kfm_a,public,0.2,42,5,True
layer,blocks.9.attn.v_proj,attention_qkv,0.7201498516982258,0.006705334772741336,19221.296310424805,0.9113351987978479,0.0065733507657592,0.001,0.001,vit,dp_kfm_a,public,0.2,42,5,True
layer,blocks.9.attn.out_proj,attention_out,0.7203863639216147,0.006705334772741336,19221.296310424805,0.8266507186875522,0.005962531834464512,0.001,0.001,vit,dp_kfm_a,public,0.2,42,5,True
layer,blocks.9.mlp.fc1,mlp_fc1,0.7202541772769392,0.026821339090965342,76885.18524169922,1.0021579421183056,0.0036142221242659836,0.001,0.001,vit,dp_kfm_a,public,0.2,42,5,True
layer,blocks.9.mlp.fc2,mlp_fc2,0.7201246180109654,0.026717111089316622,76586.4086151123,0.7947556526530635,0.00287182368669921,0.001,0.001,vit,dp_kfm_a,public,0.2,42,5,True
layer,blocks.10.attn.q_proj,attention_qkv,0.7202931919026402,0.006705334772741336,19221.296310424805,0.2012580136208215,0.0014516497548813059,0.001,0.001,vit,dp_kfm_a,public,0.2,42,5,True
layer,blocks.10.attn.k_proj,attention_qkv,0.720596055523278,0.006705334772741336,19221.296310424805,0.3256249367929387,0.0023486933572209683,0.001,0.001,vit,dp_kfm_a,public,0.2,42,5,True
layer,blocks.10.attn.v_proj,attention_qkv,0.7203429069324251,0.006705334772741336,19221.296310424805,0.7498609060392294,0.005408656186470015,0.001,0.001,vit,dp_kfm_a,public,0.2,42,5,True
layer,blocks.10.attn.out_proj,attention_out,0.7198631616212909,0.006705334772741336,19221.296310424805,0.6845976772138562,0.004937920396015434,0.001,0.001,vit,dp_kfm_a,public,0.2,42,5,True
layer,blocks.10.mlp.fc1,mlp_fc1,0.7202652695944299,0.026821339090965342,76885.18524169922,0.8022751923364035,0.002893357052844342,0.001,0.001,vit,dp_kfm_a,public,0.2,42,5,True
layer,blocks.10.mlp.fc2,mlp_fc2,0.7202154739858799,0.026717111089316622,76586.4086151123,0.6016946375224028,0.002174203991413499,0.001,0.001,vit,dp_kfm_a,public,0.2,42,5,True
layer,blocks.11.attn.q_proj,attention_qkv,0.7202426672977231,0.006705334772741336,19221.296310424805,0.2543109745815203,0.0018343143573424268,0.001,0.001,vit,dp_kfm_a,public,0.2,42,5,True
layer,blocks.11.attn.k_proj,attention_qkv,0.7204151834699164,0.006705334772741336,19221.296310424805,0.3421169326272785,0.00246764813213755,0.001,0.001,vit,dp_kfm_a,public,0.2,42,5,True
layer,blocks.11.attn.v_proj,attention_qkv,0.7204337458607973,0.006705334772741336,19221.296310424805,0.6602694096473385,0.004762443539147712,0.001,0.001,vit,dp_kfm_a,public,0.2,42,5,True
layer,blocks.11.attn.out_proj,attention_out,0.7203013249067027,0.006705334772741336,19221.296310424805,0.5867680867166709,0.004232287370475697,0.001,0.001,vit,dp_kfm_a,public,0.2,42,5,True
layer,blocks.11.mlp.fc1,mlp_fc1,0.7201065503403993,0.026821339090965342,76885.18524169922,0.5874231653439381,0.002118506186764104,0.001,0.001,vit,dp_kfm_a,public,0.2,42,5,True
layer,blocks.11.mlp.fc2,mlp_fc2,0.7202550890769579,0.026717111089316622,76586.4086151123,0.6020399627166659,0.002175451812764864,0.001,0.001,vit,dp_kfm_a,public,0.2,42,5,True
layer,head,patch_head,0.7186077120790894,0.0003492361860802786,1001.1091828346254,2.038600748357041,0.06443049334970008,0.001,0.001,vit,dp_kfm_a,public,0.2,42,5,True
layer,cls_token,identity,0.7207425993548757,3.474266721627629e-05,99.59220886230469,0.10921629194633747,0.010943966252276834,0.001,0.001,vit,dp_kfm_a,public,0.2,42,5,True
layer,pos_embed,identity,0.7203343699700097,0.006844305441606457,19619.665145874023,0.4453089432859108,0.00317918369088977,0.001,0.001,vit,dp_kfm_a,public,0.2,42,5,True
layer,blocks.0.norm1.weight,identity,0.721700581434986,3.474266721627629e-05,99.59220886230469,0.4824069994569873,0.048339362450735945,0.001,0.001,vit,dp_kfm_a,public,0.2,42,5,True
layer,blocks.0.norm1.bias,identity,0.7217209000792877,3.474266721627629e-05,99.59220886230469,0.3451567583626455,0.03458626774402899,0.001,0.001,vit,dp_kfm_a,public,0.2,42,5,True
layer,blocks.0.norm2.weight,identity,0.72145301035746,3.474266721627629e-05,99.59220886230469,0.16829333614952946,0.016863753186278148,0.001,0.001,vit,dp_kfm_a,public,0.2,42,5,True
layer,blocks.0.norm2.bias,identity,0.714175097155697,3.474266721627629e-05,99.59220886230469,0.1452548317428564,0.014555190880816938,0.001,0.001,vit,dp_kfm_a,public,0.2,42,5,True
layer,blocks.1.norm1.weight,identity,0.7201260556350098,3.474266721627629e-05,99.59220886230469,0.20520922916204398,0.020562892573835135,0.001,0.001,vit,dp_kfm_a,public,0.2,42,5,True
layer,blocks.1.norm1.bias,identity,0.7198292697663107,3.474266721627629e-05,99.59220886230469,0.24733945946475283,0.024784532133435264,0.001,0.001,vit,dp_kfm_a,public,0.2,42,5,True
layer,blocks.1.norm2.weight,identity,0.7219071410756541,3.474266721627629e-05,99.59220886230469,0.25556485377772026,0.02560875383304229,0.001,0.001,vit,dp_kfm_a,public,0.2,42,5,True
layer,blocks.1.norm2.bias,identity,0.7202009784704063,3.474266721627629e-05,99.59220886230469,0.22141720529149642,0.022187005063074316,0.001,0.001,vit,dp_kfm_a,public,0.2,42,5,True
layer,blocks.2.norm1.weight,identity,0.7147536825910189,3.474266721627629e-05,99.59220886230469,0.20399799854899306,0.020441521790074527,0.001,0.001,vit,dp_kfm_a,public,0.2,42,5,True
layer,blocks.2.norm1.bias,identity,0.7203985732710589,3.474266721627629e-05,99.59220886230469,0.27329030910479113,0.02738492459885643,0.001,0.001,vit,dp_kfm_a,public,0.2,42,5,True
layer,blocks.2.norm2.weight,identity,0.721578451930332,3.474266721627629e-05,99.59220886230469,0.1870457426658304,0.018742829104404043,0.001,0.001,vit,dp_kfm_a,public,0.2,42,5,True
layer,blocks.2.norm2.bias,identity,0.7190201493579259,3.474266721627629e-05,99.59220886230469,0.256385945089611,0.02569103089489113,0.001,0.001,vit,dp_kfm_a,public,0.2,42,5,True
layer,blocks.3.norm1.weight,identity,0.71851678759155,3.474266721627629e-05,99.59220886230469,0.17899735512576762,0.017936344283742245,0.001,0.001,vit,dp_kfm_a,public,0.2,42,5,True
layer,blocks.3.norm1.bias,identity,0.7173638231745778,3.474266721627629e-05,99.59220886230469,0.25046558971507643,0.02509778451867992,0.001,0.001,vit,dp_kfm_a,public,0.2,42,5,True
layer,blocks.3.norm2.weight,identity,0.7194469351673098,3.474266721627629e-05,99.59220886230469,0.18016626436376,0.01805347427437449,0.001,0.001,vit,dp_kfm_a,public,0.2,42,5,True
layer,blocks.3.norm2.bias,identity,0.7214167067866659,3.474266721627629e-05,99.59220886230469,0.19208093242088653,0.01924737788344721,0.001,0.001,vit,dp_kfm_a,public,0.2,42,5,True
layer,blocks.4.norm1.weight,identity,0.7194166310675911,3.474266721627629e-05,99.59220886230469,0.15617193167240237,0.01564913365320468,0.001,0.001,vit,dp_kfm_a,public,0.2,42,5,True
layer,blocks.4.norm1.bias,identity,0.7180620483013157,3.474266721627629e-05,99.59220886230469,0.24785754050488176,0.024836446196054254,0.001,0.001,vit,dp_kfm_a,public,0.2,42,5,True
layer,blocks.4.norm2.weight,identity,0.7166136360928212,3.474266721627629e-05,99.59220886230469,0.1409778424639241,0.01412661721753066,0.001,0.001,vit,dp_kfm_a,public,0.2,42,5,True
layer,blocks.4.norm2.bias,identity,0.7211923070394939,3.474266721627629e-05,99.59220886230469,0.17828070870407345,0.017864533072117415,0.001,0.001,vit,dp_kfm_a,public,0.2,42,5,True
layer,blocks.5.norm1.weight,identity,0.7161909802410248,3.474266721627629e-05,99.59220886230469,0.12932681794909293,0.012959131883406588,0.001,0.001,vit,dp_kfm_a,public,0.2,42,5,True
layer,blocks.5.norm1.bias,identity,0.7217660613756091,3.474266721627629e-05,99.59220886230469,0.18879896409592378,0.018918509818533602,0.001,0.001,vit,dp_kfm_a,public,0.2,42,5,True
layer,blocks.5.norm2.weight,identity,0.7176578472853912,3.474266721627629e-05,99.59220886230469,0.1241807600490692,0.012443473614969917,0.001,0.001,vit,dp_kfm_a,public,0.2,42,5,True
layer,blocks.5.norm2.bias,identity,0.7241689516287614,3.474266721627629e-05,99.59220886230469,0.14532965063836759,0.01456268807242557,0.001,0.001,vit,dp_kfm_a,public,0.2,42,5,True
layer,blocks.6.norm1.weight,identity,0.719698586702706,3.474266721627629e-05,99.59220886230469,0.1252875284456025,0.012554376812330773,0.001,0.001,vit,dp_kfm_a,public,0.2,42,5,True
layer,blocks.6.norm1.bias,identity,0.7213602509681853,3.474266721627629e-05,99.59220886230469,0.18684086515077558,0.018722299451083547,0.001,0.001,vit,dp_kfm_a,public,0.2,42,5,True
layer,blocks.6.norm2.weight,identity,0.7202068836797184,3.474266721627629e-05,99.59220886230469,0.10031162646277211,0.010051678510189472,0.001,0.001,vit,dp_kfm_a,public,0.2,42,5,True
layer,blocks.6.norm2.bias,identity,0.7179837764468324,3.474266721627629e-05,99.59220886230469,0.12091683362417849,0.012116413430016293,0.001,0.001,vit,dp_kfm_a,public,0.2,42,5,True
layer,blocks.7.norm1.weight,identity,0.717847603023422,3.474266721627629e-05,99.59220886230469,0.09839617626550799,0.009859741740105062,0.001,0.001,vit,dp_kfm_a,public,0.2,42,5,True
layer,blocks.7.norm1.bias,identity,0.7203717942138457,3.474266721627629e-05,99.59220886230469,0.14738342355803935,0.014768485404693306,0.001,0.001,vit,dp_kfm_a,public,0.2,42,5,True
layer,blocks.7.norm2.weight,identity,0.7201997177724552,3.474266721627629e-05,99.59220886230469,0.06386212757641009,0.006399273922779129,0.001,0.001,vit,dp_kfm_a,public,0.2,42,5,True
layer,blocks.7.norm2.bias,identity,0.7107371898169971,3.474266721627629e-05,99.59220886230469,0.08596470698138671,0.008614052311475788,0.001,0.001,vit,dp_kfm_a,public,0.2,42,5,True
layer,blocks.8.norm1.weight,identity,0.7219412728081674,3.474266721627629e-05,99.59220886230469,0.1063115414534216,0.010652897119648019,0.001,0.001,vit,dp_kfm_a,public,0.2,42,5,True
layer,blocks.8.norm1.bias,identity,0.7189042910473773,3.474266721627629e-05,99.59220886230469,0.1287835050573045,0.01290468947517063,0.001,0.001,vit,dp_kfm_a,public,0.2,42,5,True
layer,blocks.8.norm2.weight,identity,0.7211654710195654,3.474266721627629e-05,99.59220886230469,0.046180888228452455,0.004627533797985721,0.001,0.001,vit,dp_kfm_a,public,0.2,42,5,True
layer,blocks.8.norm2.bias,identity,0.7236843898814884,3.474266721627629e-05,99.59220886230469,0.06865568524755682,0.006879610074524228,0.001,0.001,vit,dp_kfm_a,public,0.2,42,5,True
layer,blocks.9.norm1.weight,identity,0.723704297857399,3.474266721627629e-05,99.59220886230469,0.09835920461135972,0.009856037013199571,0.001,0.001,vit,dp_kfm_a,public,0.2,42,5,True
layer,blocks.9.norm1.bias,identity,0.7230408708362622,3.474266721627629e-05,99.59220886230469,0.1304293989179704,0.013069615481583727,0.001,0.001,vit,dp_kfm_a,public,0.2,42,5,True
layer,blocks.9.norm2.weight,identity,0.7206778388738863,3.474266721627629e-05,99.59220886230469,0.10450044358347438,0.010471416924568601,0.001,0.001,vit,dp_kfm_a,public,0.2,42,5,True
layer,blocks.9.norm2.bias,identity,0.7146484210582352,3.474266721627629e-05,99.59220886230469,0.05764633965251263,0.005776423869383552,0.001,0.001,vit,dp_kfm_a,public,0.2,42,5,True
layer,blocks.10.norm1.weight,identity,0.7204263562675522,3.474266721627629e-05,99.59220886230469,0.08659787897064791,0.008677499007558154,0.001,0.001,vit,dp_kfm_a,public,0.2,42,5,True
layer,blocks.10.norm1.bias,identity,0.7230556074683262,3.474266721627629e-05,99.59220886230469,0.10822818108284901,0.010844953076212964,0.001,0.001,vit,dp_kfm_a,public,0.2,42,5,True
layer,blocks.10.norm2.weight,identity,0.7184055777420345,3.474266721627629e-05,99.59220886230469,0.10174372279627392,0.010195181037738685,0.001,0.001,vit,dp_kfm_a,public,0.2,42,5,True
layer,blocks.10.norm2.bias,identity,0.7172074256274389,3.474266721627629e-05,99.59220886230469,0.04786063512757686,0.0047958520319120014,0.001,0.001,vit,dp_kfm_a,public,0.2,42,5,True
layer,blocks.11.norm1.weight,identity,0.7183710468360317,3.474266721627629e-05,99.59220886230469,0.07172680162434455,0.007187349820906516,0.001,0.001,vit,dp_kfm_a,public,0.2,42,5,True
layer,blocks.11.norm1.bias,identity,0.7209825591527209,3.474266721627629e-05,99.59220886230469,0.08921741268368076,0.008939988129293015,0.001,0.001,vit,dp_kfm_a,public,0.2,42,5,True
layer,blocks.11.norm2.weight,identity,0.7197931328392503,3.474266721627629e-05,99.59220886230469,0.03194217347084923,0.0032007502018206856,0.001,0.001,vit,dp_kfm_a,public,0.2,42,5,True
layer,blocks.11.norm2.bias,identity,0.7209325145245681,3.474266721627629e-05,99.59220886230469,0.027868694272589825,0.002792569168747279,0.001,0.001,vit,dp_kfm_a,public,0.2,42,5,True
layer,norm.weight,identity,0.7166176423566436,3.474266721627629e-05,99.59220886230469,0.024549690707239134,0.0024599900052994714,0.001,0.001,vit,dp_kfm_a,public,0.2,42,5,True
layer,norm.bias,identity,0.7191769596066663,3.474266721627629e-05,99.59220886230469,0.01782891304200509,0.0017865376966135433,0.001,0.001,vit,dp_kfm_a,public,0.2,42,5,True
group,attention_out,attention_out,0.7202657306670639,0.08046401727289565,230655.55572509766,4.70879232769246,0.009804548004816678,0.001,0.001,vit,dp_kfm_a,public,0.2,42,5,True
group,attention_qkv,attention_qkv,0.7202367722897929,0.2413920518186876,691966.667175293,4.810852610551733,0.005783349846327978,0.001,0.001,vit,dp_kfm_a,public,0.2,42,5,True
group,identity,identity,0.7203857461831266,0.008616181469636556,24698.867797851562,1.3221275688157967,0.008412689080711909,0.001,0.001,vit,dp_kfm_a,public,0.2,42,5,True
group,mlp_fc1,mlp_fc1,0.7202247045796727,0.3218560690915826,922622.2229003906,5.702321989196135,0.005936627248689185,0.001,0.001,vit,dp_kfm_a,public,0.2,42,5,True
group,mlp_fc2,mlp_fc2,0.720238101276732,0.3206053330717978,919036.9033813477,5.697654717127343,0.005943327357521776,0.001,0.001,vit,dp_kfm_a,public,0.2,42,5,True
group,patch_head,patch_head,0.7201380342451554,0.027066347275396748,77587.51779794693,4.285658172453593,0.015385853730846782,0.001,0.001,vit,dp_kfm_a,public,0.2,42,5,True
