level,layer,group,noise_rms,noise_energy_share,expected_noise_energy,signal_norm,snr,damping,lambda,task,method,source,beta,seed,epoch,research_only
layer,patch_embed,patch_head,0.7202715968010368,0.026717111089316622,76586.4086151123,4.638049602123272,0.016759441298718168,1e-05,1e-05,vit,dp_kfm_a,public,0.1,42,1,True
layer,blocks.0.attn.q_proj,attention_qkv,0.7200068697568612,0.006705334772741336,19221.296310424805,0.558408359732601,0.004027732083536966,1e-05,1e-05,vit,dp_kfm_a,public,0.1,42,1,True
layer,blocks.0.attn.k_proj,attention_qkv,0.7202019554797666,0.006705334772741336,19221.296310424805,0.8749647039966048,0.00631101477767474,1e-05,1e-05,vit,dp_kfm_a,public,0.1,42,1,True
layer,blocks.0.attn.v_proj,attention_qkv,0.7200808228419792,0.006705334772741336,19221.296310424805,2.0467408970290575,0.014762894992472457,1e-05,1e-05,vit,dp_kfm_a,public,0.1,42,1,True
layer,blocks.0.attn.out_proj,attention_out,0.7202425197399808,0.006705334772741336,19221.296310424805,2.256120793174218,0.016273126905467682,1e-05,1e-05,vit,dp_kfm_a,public,0.1,42,1,True
layer,blocks.0.mlp.fc1,mlp_fc1,0.7201279534692194,0.026821339090965342,76885.18524169922,2.8639413765284125,0.010328631696287862,1e-05,1e-05,vit,dp_kfm_a,public,0.1,42,1,True
layer,blocks.0.mlp.fc2,mlp_fc2,0.7201860664844764,0.026717111089316622,76586.4086151123,4.801443264660676,0.01734985898088883,1e-05,1e-05,vit,dp_kfm_a,public,0.1,42,1,True
layer,blocks.1.attn.q_proj,attention_qkv,0.7202841223547736,0.006705334772741336,19221.296310424805,0.3647164606254703,0.002630655799205242,1e-05,1e-05,vit,dp_kfm_a,public,0.1,42,1,True
layer,blocks.1.attn.k_proj,attention_qkv,0.7203625529085758,0.006705334772741336,19221.296310424805,0.5413216656796664,0.003904487822166061,1e-05,1e-05,vit,dp_kfm_a,public,0.1,42,1,True
layer,blocks.1.attn.v_proj,attention_qkv,0.7200220090633501,0.006705334772741336,19221.296310424805,2.2353236781701367,0.016123119825725805,1e-05,1e-05,vit,dp_kfm_a,public,0.1,42,1,True
layer,blocks.1.attn.out_proj,attention_out,0.7202122347459249,0.006705334772741336,19221.296310424805,3.0941205756891996,0.022317518167176004,1e-05,1e-05,vit,dp_kfm_a,public,0.1,42,1,True
layer,blocks.1.mlp.fc1,mlp_fc1,0.7201898694086537,0.026821339090965342,76885.18524169922,4.006365142667033,0.014448714047915867,1e-05,1e-05,vit,dp_kfm_a,public,0.1,42,1,True
layer,blocks.1.mlp.fc2,mlp_fc2,0.7201614590009886,0.026717111089316622,76586.4086151123,3.4446427011710896,0.01244710429981306,1e-05,1e-05,vit,dp_kfm_a,public,0.1,42,1,True
layer,blocks.2.attn.q_proj,attention_qkv,0.7202331199463655,0.006705334772741336,19221.296310424805,0.5609793577857198,0.00404627638210409,1e-05,1e-05,vit,dp_kfm_a,public,0.1,42,1,True
layer,blocks.2.attn.k_proj,attention_qkv,0.7202301833156317,0.006705334772741336,19221.296310424805,0.7275761735274434,0.005247919101241309,1e-05,1e-05,vit,dp_kfm_a,public,0.1,42,1,True
layer,blocks.2.attn.v_proj,attention_qkv,0.7200375544651701,0.006705334772741336,19221.296310424805,3.101788512588209,0.022372826070298103,1e-05,1e-05,vit,dp_kfm_a,public,0.1,42,1,True
layer,blocks.2.attn.out_proj,attention_out,0.7203938352082798,0.006705334772741336,19221.296310424805,3.4663040965684146,0.025002032970512365,1e-05,1e-05,vit,dp_kfm_a,public,0.1,42,1,True
layer,blocks.2.mlp.fc1,mlp_fc1,0.7202978905671397,0.026821339090965342,76885.18524169922,4.241153310194525,0.015295463401416036,1e-05,1e-05,vit,dp_kfm_a,public,0.1,42,1,True
layer,blocks.2.mlp.fc2,mlp_fc2,0.7202578318549588,0.026717111089316622,76586.4086151123,3.9784129120392535,0.014375865586012792,1e-05,1e-05,vit,dp_kfm_a,public,0.1,42,1,True
layer,blocks.3.attn.q_proj,attention_qkv,0.7200497078139498,0.006705334772741336,19221.296310424805,0.6594279597544332,0.004756374262656283,1e-05,1e-05,vit,dp_kfm_a,public,0.1,42,1,True
layer,blocks.3.attn.k_proj,attention_qkv,0.7202818165417914,0.006705334772741336,19221.296310424805,0.8845170175707933,0.0063799144622589425,1e-05,1e-05,vit,dp_kfm_a,public,0.1,42,1,True
layer,blocks.3.attn.v_proj,attention_qkv,0.7200189244373961,0.006705334772741336,19221.296310424805,3.018856503253074,0.021774647499133347,1e-05,1e-05,vit,dp_kfm_a,public,0.1,42,1,True
layer,blocks.3.attn.out_proj,attention_out,0.7204604153976818,0.006705334772741336,19221.296310424805,3.11580274308499,0.022473909022969155,1e-05,1e-05,vit,dp_kfm_a,public,0.1,42,1,True
layer,blocks.3.mlp.fc1,mlp_fc1,0.7202019648980753,0.026821339090965342,76885.18524169922,4.003787869362608,0.014439419267317264,1e-05,1e-05,vit,dp_kfm_a,public,0.1,42,1,True
layer,blocks.3.mlp.fc2,mlp_fc2,0.7203718744273598,0.026717111089316622,76586.4086151123,3.865929182570952,0.013969409290197885,1e-05,1e-05,vit,dp_kfm_a,public,0.1,42,1,True
layer,blocks.4.attn.q_proj,attention_qkv,0.7203302038476522,0.006705334772741336,19221.296310424805,0.8436364432755395,0.0060850478152745455,1e-05,1e-05,vit,dp_kfm_a,public,0.1,42,1,True
layer,blocks.4.attn.k_proj,attention_qkv,0.720523873357126,0.006705334772741336,19221.296310424805,1.2632915994967275,0.009111969793203365,1e-05,1e-05,vit,dp_kfm_a,public,0.1,42,1,True
layer,blocks.4.attn.v_proj,attention_qkv,0.7202856760598579,0.006705334772741336,19221.296310424805,2.5075818986068503,0.018086885500696624,1e-05,1e-05,vit,dp_kfm_a,public,0.1,42,1,True
layer,blocks.4.attn.out_proj,attention_out,0.7203134084778937,0.006705334772741336,19221.296310424805,2.6131982667191243,0.018848683613096225,1e-05,1e-05,vit,dp_kfm_a,public,0.1,42,1,True
layer,blocks.4.mlp.fc1,mlp_fc1,0.7202496934361787,0.026821339090965342,76885.18524169923,3.6964437857111574,0.01333100138206121,1e-05,1e-05,vit,dp_kfm_a,public,0.1,42,1,True
layer,blocks.4.mlp.fc2,mlp_fc2,0.7200824656398527,0.026717111089316622,76586.4086151123,3.588090953609277,0.012965449891684468,1e-05,1e-05,vit,dp_kfm_a,public,0.1,42,1,True
layer,blocks.5.attn.q_proj,attention_qkv,0.7202022816404067,0.006705334772741336,19221.296310424805,0.5929908461272438,0.004277171382846317,1e-05,1e-05,vit,dp_kfm_a,public,0.1,42,1,True
layer,blocks.5.attn.k_proj,attention_qkv,0.7200783209161957,0.006705334772741336,19221.296310424805,0.8760190222497523,0.006318619447949538,1e-05,1e-05,vit,dp_kfm_a,public,0.1,42,1,True
layer,blocks.5.attn.v_proj,attention_qkv,0.7202465786095318,0.006705334772741336,19221.296310424805,2.650319097009863,0.01911643168048032,1e-05,1e-05,vit,dp_kfm_a,public,0.1,42,1,True
layer,blocks.5.attn.out_proj,attention_out,0.7200331376059119,0.006705334772741336,19221.296310424805,2.608181600416619,0.018812499004705566,1e-05,1e-05,vit,dp_kfm_a,public,0.1,42,1,True
layer,blocks.5.mlp.fc1,mlp_fc1,0.7200728601678632,0.026821339090965342,76885.18524169922,3.8291352732800727,0.01380954522222641,1e-05,1e-05,vit,dp_kfm_a,public,0.1,42,1,True
layer,blocks.5.mlp.fc2,mlp_fc2,0.7202031562298836,0.026717111089316622,76586.4086151123,3.343059174574593,0.012080035532344211,1e-05,1e-05,vit,dp_kfm_a,public,0.1,42,1,True
layer,blocks.6.attn.q_proj,attention_qkv,0.7201204043452988,0.006705334772741336,19221.296310424805,0.6284538289150571,0.004532961596339527,1e-05,1e-05,vit,dp_kfm_a,public,0.1,42,1,True
layer,blocks.6.attn.k_proj,attention_qkv,0.7199281728384701,0.006705334772741336,19221.296310424805,0.9493812874066007,0.006847772609687081,1e-05,1e-05,vit,dp_kfm_a,public,0.1,42,1,True
layer,blocks.6.attn.v_proj,attention_qkv,0.7203392550919233,0.006705334772741336,19221.296310424805,2.778229277007641,0.020039032366535165,1e-05,1e-05,vit,dp_kfm_a,public,0.1,42,1,True
layer,blocks.6.attn.out_proj,attention_out,0.7200083511842389,0.006705334772741336,19221.296310424805,2.9751793464701666,0.021459609440289754,1e-05,1e-05,vit,dp_kfm_a,public,0.1,42,1,True
layer,blocks.6.mlp.fc1,mlp_fc1,0.7202369215105318,0.026821339090965342,76885.18524169922,3.7702783720855946,0.01359728136089014,1e-05,1e-05,vit,dp_kfm_a,public,0.1,42,1,True
layer,blocks.6.mlp.fc2,mlp_fc2,0.7202597298327853,0.026717111089316622,76586.4086151123,3.463780892580606,0.012516259531646843,1e-05,1e-05,vit,dp_kfm_a,public,0.1,42,1,True
layer,blocks.7.attn.q_proj,attention_qkv,0.720572727961393,0.006705334772741336,19221.296310424805,0.6234275478174227,0.004496707637592367,1e-05,1e-05,vit,dp_kfm_a,public,0.1,42,1,True
layer,blocks.7.attn.k_proj,attention_qkv,0.7203731577764363,0.006705334772741336,19221.296310424805,0.8191574513611715,0.005908483801882347,1e-05,1e-05,vit,dp_kfm_a,public,0.1,42,1,True
layer,blocks.7.attn.v_proj,attention_qkv,0.7205534237269265,0.006705334772741336,19221.296310424805,2.944501965237874,0.02123833719306307,1e-05,1e-05,vit,dp_kfm_a,public,0.1,42,1,True
layer,blocks.7.attn.out_proj,attention_out,0.7205119076390678,0.006705334772741336,19221.296310424805,3.0188702770711635,0.021774746848020353,1e-05,1e-05,vit,dp_kfm_a,public,0.1,42,1,True
layer,blocks.7.mlp.fc1,mlp_fc1,0.7202302096347688,0.026821339090965342,76885.18524169922,3.856418367845481,0.013907940055867414,1e-05,1e-05,vit,dp_kfm_a,public,0.1,42,1,True
layer,blocks.7.mlp.fc2,mlp_fc2,0.7202229356874029,0.026717111089316622,76586.4086151123,4.351847885084507,0.01572526070821572,1e-05,1e-05,vit,dp_kfm_a,public,0.1,42,1,True
layer,blocks.8.attn.q_proj,attention_qkv,0.7205818988561724,0.006705334772741336,19221.296310424805,0.6315944042504794,0.004555614187080294,1e-05,1e-05,vit,dp_kfm_a,public,0.1,42,1,True
layer,blocks.8.attn.k_proj,attention_qkv,0.7203994951976588,0.006705334772741336,19221.296310424805,0.9563966332977426,0.006898373452655105,1e-05,1e-05,vit,dp_kfm_a,public,0.1,42,1,True
layer,blocks.8.attn.v_proj,attention_qkv,0.7201809974774207,0.006705334772741336,19221.296310424805,3.185497533584337,0.02297660913276698,1e-05,1e-05,vit,dp_kfm_a,public,0.1,42,1,True
layer,blocks.8.attn.out_proj,attention_out,0.7203991979324231,0.006705334772741336,19221.296310424805,3.1617764384903952,0.0228055117376416,1e-05,1e-05,vit,dp_kfm_a,public,0.1,42,1,True
layer,blocks.8.mlp.fc1,mlp_fc1,0.7202037915519817,0.026821339090965342,76885.18524169922,3.825804477836936,0.013797532909519955,1e-05,1e-05,vit,dp_kfm_a,public,0.1,42,1,True
layer,blocks.8.mlp.fc2,mlp_fc2,0.7201072183958517,0.026717111089316622,76586.4086151123,3.673456703217321,0.013273916249789422,1e-05,1e-05,vit,dp_kfm_a,public,0.1,42,1,True
layer,blocks.9.attn.q_proj,attention_qkv,0.7199265410167092,0.006705334772741336,19221.296310424805,0.6466328010850403,0.004664084327900759,1e-05,1e-05,vit,dp_kfm_a,public,0.1,42,1,True
layer,blocks.9.attn.k_proj,attention_qkv,0.7202956499225813,0.006705334772741336,19221.296310424805,1.0268934406652925,0.007406858413297841,1e-05,1e-05,vit,dp_kfm_a,public,0.1,42,1,True
layer,blocks.9.attn.v_proj,attention_qkv,0.7199773529224782,0.006705334772741336,19221.296310424805,3.1109805759607276,0.02243912731366977,1e-05,1e-05,vit,dp_kfm_a,public,0.1,42,1,True
layer,blocks.9.attn.out_proj,attention_out,0.7202718985121129,0.006705334772741336,19221.296310424805,3.066566426772773,0.022118773417583795,1e-05,1e-05,vit,dp_kfm_a,public,0.1,42,1,True
layer,blocks.9.mlp.fc1,mlp_fc1,0.7201626499103547,0.026821339090965342,76885.18524169922,3.5964115951185494,0.012970241325004342,1e-05,1e-05,vit,dp_kfm_a,public,0.1,42,1,True
layer,blocks.9.mlp.fc2,mlp_fc2,0.7199860324173678,0.026717111089316622,76586.4086151123,3.2552485460807494,0.01176273468395045,1e-05,1e-05,vit,dp_kfm_a,public,0.1,42,1,True
layer,blocks.10.attn.q_proj,attention_qkv,0.7202236275330757,0.006705334772741336,19221.296310424805,0.6084682217527632,0.0043888078246891804,1e-05,1e-05,vit,dp_kfm_a,public,0.1,42,1,True
layer,blocks.10.attn.k_proj,attention_qkv,0.7202177905225452,0.006705334772741336,19221.296310424805,1.026826507552137,0.007406375632833313,1e-05,1e-05,vit,dp_kfm_a,public,0.1,42,1,True
layer,blocks.10.attn.v_proj,attention_qkv,0.7203177362891777,0.006705334772741336,19221.296310424805,3.0611253643818555,0.022079527691443654,1e-05,1e-05,vit,dp_kfm_a,public,0.1,42,1,True
layer,blocks.10.attn.out_proj,attention_out,0.7202435230725386,0.006705334772741336,19221.296310424805,3.0236887457884203,0.021809501881156507,1e-05,1e-05,vit,dp_kfm_a,public,0.1,42,1,True
layer,blocks.10.mlp.fc1,mlp_fc1,0.7201847150693317,0.026821339090965342,76885.18524169922,3.189082703237698,0.01150123426432416,1e-05,1e-05,vit,dp_kfm_a,public,0.1,42,1,True
layer,blocks.10.mlp.fc2,mlp_fc2,0.7202065862044489,0.026717111089316622,76586.4086151123,2.808661901398411,0.010149008376901282,1e-05,1e-05,vit,dp_kfm_a,public,0.1,42,1,True
layer,blocks.11.attn.q_proj,attention_qkv,0.7201332683430504,0.006705334772741336,19221.296310424805,0.7739853200521613,0.005582662672266436,1e-05,1e-05,vit,dp_kfm_a,public,0.1,42,1,True
layer,blocks.11.attn.k_proj,attention_qkv,0.7198995883965116,0.006705334772741336,19221.296310424805,1.0605388431504026,0.007649538639499476,1e-05,1e-05,vit,dp_kfm_a,public,0.1,42,1,True
layer,blocks.11.attn.v_proj,attention_qkv,0.7203202790683947,0.006705334772741336,19221.296310424805,2.734003078889406,0.01972003413882418,1e-05,1e-05,vit,dp_kfm_a,public,0.1,42,1,True
layer,blocks.11.attn.out_proj,attention_out,0.72001160457562,0.006705334772741336,19221.296310424805,2.328752260502863,0.016797008910697773,1e-05,1e-05,vit,dp_kfm_a,public,0.1,42,1,True
layer,blocks.11.mlp.fc1,mlp_fc1,0.7201402763355972,0.026821339090965342,76885.18524169922,2.8552355176097435,0.01029723454161574,1e-05,1e-05,vit,dp_kfm_a,public,0.1,42,1,True
layer,blocks.11.mlp.fc2,mlp_fc2,0.7201953526387274,0.026717111089316622,76586.4086151123,2.833754630874617,0.01023968013825731,1e-05,1e-05,vit,dp_kfm_a,public,0.1,42,1,True
layer,head,patch_head,0.7196495536174798,0.0003492361860802786,1001.1091828346252,11.985768959000415,0.378813265827697,1e-05,1e-05,vit,dp_kfm_a,public,0.1,42,1,True
layer,cls_token,identity,0.7141159629350641,3.474266721627629e-05,99.59220886230469,0.1920529260529825,0.019244571518758146,1e-05,1e-05,vit,dp_kfm_a,public,0.1,42,1,True
layer,pos_embed,identity,0.7202692493818748,0.006844305441606457,19619.665145874023,0.6581769587041968,0.004698907319021308,1e-05,1e-05,vit,dp_kfm_a,public,0.1,42,1,True
layer,blocks.0.norm1.weight,identity,0.7198966559318914,3.474266721627629e-05,99.59220886230469,0.8474713651822866,0.0849204624607011,1e-05,1e-05,vit,dp_kfm_a,public,0.1,42,1,True
layer,blocks.0.norm1.bias,identity,0.7214011287070016,3.474266721627629e-05,99.59220886230469,0.5328622128561584,0.05339520295631966,1e-05,1e-05,vit,dp_kfm_a,public,0.1,42,1,True
layer,blocks.0.norm2.weight,identity,0.7198330597675036,3.474266721627629e-05,99.59220886230469,0.3129896347397414,0.03136297651990601,1e-05,1e-05,vit,dp_kfm_a,public,0.1,42,1,True
layer,blocks.0.norm2.bias,identity,0.719295220760294,3.474266721627629e-05,99.59220886230469,0.24997453615880028,0.025048578732142224,1e-05,1e-05,vit,dp_kfm_a,public,0.1,42,1,True
layer,blocks.1.norm1.weight,identity,0.7201664361592618,3.474266721627629e-05,99.59220886230469,0.48355358891386024,0.0484542558983857,1e-05,1e-05,vit,dp_kfm_a,public,0.1,42,1,True
layer,blocks.1.norm1.bias,identity,0.721503788450501,3.474266721627629e-05,99.59220886230469,0.5355392219936621,0.05366345137545002,1e-05,1e-05,vit,dp_kfm_a,public,0.1,42,1,True
layer,blocks.1.norm2.weight,identity,0.7218347042004147,3.474266721627629e-05,99.59220886230469,0.6065548122676844,0.060779534603456725,1e-05,1e-05,vit,dp_kfm_a,public,0.1,42,1,True
layer,blocks.1.norm2.bias,identity,0.7180172354511912,3.474266721627629e-05,99.59220886230469,0.4569749221103118,0.045790953314633176,1e-05,1e-05,vit,dp_kfm_a,public,0.1,42,1,True
layer,blocks.2.norm1.weight,identity,0.7203505521739182,3.474266721627629e-05,99.59220886230469,0.4508150725372664,0.04517370853690682,1e-05,1e-05,vit,dp_kfm_a,public,0.1,42,1,True
layer,blocks.2.norm1.bias,identity,0.7163903795672324,3.474266721627629e-05,99.59220886230469,0.5354788353580059,0.053657400361531334,1e-05,1e-05,vit,dp_kfm_a,public,0.1,42,1,True
layer,blocks.2.norm2.weight,identity,0.7214467553030348,3.474266721627629e-05,99.59220886230469,0.35918337689893803,0.03599179833986875,1e-05,1e-05,vit,dp_kfm_a,public,0.1,42,1,True
layer,blocks.2.norm2.bias,identity,0.7182306329092334,3.474266721627629e-05,99.59220886230469,0.5034100711578592,0.05044396519628085,1e-05,1e-05,vit,dp_kfm_a,public,0.1,42,1,True
layer,blocks.3.norm1.weight,identity,0.715897813432502,3.474266721627629e-05,99.59220886230469,0.3589615166658295,0.035969566941415364,1e-05,1e-05,vit,dp_kfm_a,public,0.1,42,1,True
layer,blocks.3.norm1.bias,identity,0.7185715588629581,3.474266721627629e-05,99.59220886230469,0.5155886409619026,0.051664312953572676,1e-05,1e-05,vit,dp_kfm_a,public,0.1,42,1,True
layer,blocks.3.norm2.weight,identity,0.7168448718661599,3.474266721627629e-05,99.59220886230469,0.3232776584523127,0.03239388301111272,1e-05,1e-05,vit,dp_kfm_a,public,0.1,42,1,True
layer,blocks.3.norm2.bias,identity,0.7250678974291619,3.474266721627629e-05,99.59220886230469,0.4007925527867039,0.040161225891250034,1e-05,1e-05,vit,dp_kfm_a,public,0.1,42,1,True
layer,blocks.4.norm1.weight,identity,0.7180958293248871,3.474266721627629e-05,99.59220886230469,0.28142923121651303,0.02820048139293215,1e-05,1e-05,vit,dp_kfm_a,public,0.1,42,1,True
layer,blocks.4.norm1.bias,identity,0.7217479770181263,3.474266721627629e-05,99.59220886230469,0.5132350086176245,0.05142846835120605,1e-05,1e-05,vit,dp_kfm_a,public,0.1,42,1,True
layer,blocks.4.norm2.weight,identity,0.7172649338843595,3.474266721627629e-05,99.59220886230469,0.2659745600408452,0.02665185346597735,1e-05,1e-05,vit,dp_kfm_a,public,0.1,42,1,True
layer,blocks.4.norm2.bias,identity,0.7225413241951496,3.474266721627629e-05,99.59220886230469,0.36703408922078407,0.03677847520991695,1e-05,1e-05,vit,dp_kfm_a,public,0.1,42,1,True
layer,blocks.5.norm1.weight,identity,0.7156588038331706,3.474266721627629e-05,99.59220886230469,0.2771589747420672,0.027772582387096432,1e-05,1e-05,vit,dp_kfm_a,public,0.1,42,1,True
layer,blocks.5.norm1.bias,identity,0.7180342609535993,3.474266721627629e-05,99.59220886230469,0.41164430812536607,0.04124862084018891,1e-05,1e-05,vit,dp_kfm_a,public,0.1,42,1,True
layer,blocks.5.norm2.weight,identity,0.7226680856316783,3.474266721627629e-05,99.59220886230469,0.259052109113463,0.025958192584599547,1e-05,1e-05,vit,dp_kfm_a,public,0.1,42,1,True
layer,blocks.5.norm2.bias,identity,0.7219805237184768,3.474266721627629e-05,99.59220886230469,0.3375014326466382,0.0338191694952866,1e-05,1e-05,vit,dp_kfm_a,public,0.1,42,1,True
layer,blocks.6.norm1.weight,identity,0.7238994584660878,3.474266721627629e-05,99.59220886230469,0.25897508574843037,0.025950474495177782,1e-05,1e-05,vit,dp_kfm_a,public,0.1,42,1,True
layer,blocks.6.norm1.bias,identity,0.7182448204604617,3.474266721627629e-05,99.59220886230469,0.4264314111800596,0.04273035542314859,1e-05,1e-05,vit,dp_kfm_a,public,0.1,42,1,True
layer,blocks.6.norm2.weight,identity,0.7218172330493724,3.474266721627629e-05,99.59220886230469,0.22931806023249446,0.022978706450271193,1e-05,1e-05,vit,dp_kfm_a,public,0.1,42,1,True
layer,blocks.6.norm2.bias,identity,0.7207453810932937,3.474266721627629e-05,99.59220886230469,0.3089146105919843,0.030954640675907797,1e-05,1e-05,vit,dp_kfm_a,public,0.1,42,1,True
layer,blocks.7.norm1.weight,identity,0.7214836546319633,3.474266721627629e-05,99.59220886230469,0.2701119701269867,0.02706644066306707,1e-05,1e-05,vit,dp_kfm_a,public,0.1,42,1,True
layer,blocks.7.norm1.bias,identity,0.7190386683256822,3.474266721627629e-05,99.59220886230469,0.3784039990456019,0.037917791581098835,1e-05,1e-05,vit,dp_kfm_a,public,0.1,42,1,True
layer,blocks.7.norm2.weight,identity,0.7169024323897683,3.474266721627629e-05,99.59220886230469,0.17329775553369214,0.017365218635035796,1e-05,1e-05,vit,dp_kfm_a,public,0.1,42,1,True
layer,blocks.7.norm2.bias,identity,0.7183353431527848,3.474266721627629e-05,99.59220886230469,0.25273225316066433,0.025324914444185626,1e-05,1e-05,vit,dp_kfm_a,public,0.1,42,1,True
layer,blocks.8.norm1.weight,identity,0.7194275706080325,3.474266721627629e-05,99.59220886230469,0.332537193915176,0.033321730329598155,1e-05,1e-05,vit,dp_kfm_a,public,0.1,42,1,True
layer,blocks.8.norm1.bias,identity,0.7214316652373783,3.474266721627629e-05,99.59220886230469,0.40530974460274716,0.04061386893478171,1e-05,1e-05,vit,dp_kfm_a,public,0.1,42,1,True
layer,blocks.8.norm2.weight,identity,0.7213060314688632,3.474266721627629e-05,99.59220886230469,0.15718934762992856,0.01575108333218815,1e-05,1e-05,vit,dp_kfm_a,public,0.1,42,1,True
layer,blocks.8.norm2.bias,identity,0.7169370991880998,3.474266721627629e-05,99.59220886230469,0.24976709761639715,0.02502779245230226,1e-05,1e-05,vit,dp_kfm_a,public,0.1,42,1,True
layer,blocks.9.norm1.weight,identity,0.7232845781269153,3.474266721627629e-05,99.59220886230469,0.35508610436232524,0.03558123310671562,1e-05,1e-05,vit,dp_kfm_a,public,0.1,42,1,True
layer,blocks.9.norm1.bias,identity,0.7192420332762735,3.474266721627629e-05,99.59220886230469,0.43728649325556285,0.04381808372616015,1e-05,1e-05,vit,dp_kfm_a,public,0.1,42,1,True
layer,blocks.9.norm2.weight,identity,0.7178842162365565,3.474266721627629e-05,99.59220886230469,0.6032875179673727,0.060452136942158764,1e-05,1e-05,vit,dp_kfm_a,public,0.1,42,1,True
layer,blocks.9.norm2.bias,identity,0.7202040711169818,3.474266721627629e-05,99.59220886230469,0.2383879324435437,0.0238875486534011,1e-05,1e-05,vit,dp_kfm_a,public,0.1,42,1,True
layer,blocks.10.norm1.weight,identity,0.7213290639844787,3.474266721627629e-05,99.59220886230469,0.28633062485812627,0.02869162319647641,1e-05,1e-05,vit,dp_kfm_a,public,0.1,42,1,True
layer,blocks.10.norm1.bias,identity,0.7198469624059669,3.474266721627629e-05,99.59220886230469,0.40466807036331587,0.040549570274791155,1e-05,1e-05,vit,dp_kfm_a,public,0.1,42,1,True
layer,blocks.10.norm2.weight,identity,0.7199312728641792,3.474266721627629e-05,99.59220886230469,0.4123933729166734,0.04132368051902211,1e-05,1e-05,vit,dp_kfm_a,public,0.1,42,1,True
layer,blocks.10.norm2.bias,identity,0.7191252260302871,3.474266721627629e-05,99.59220886230469,0.19162396062556109,0.019201587243450575,1e-05,1e-05,vit,dp_kfm_a,public,0.1,42,1,True
layer,blocks.11.norm1.weight,identity,0.720534980469304,3.474266721627629e-05,99.59220886230469,0.23163885273628368,0.02321126035214222,1e-05,1e-05,vit,dp_kfm_a,public,0.1,42,1,True
layer,blocks.11.norm1.bias,identity,0.7171724590845555,3.474266721627629e-05,99.59220886230469,0.3855139211433012,0.03863023792135516,1e-05,1e-05,vit,dp_kfm_a,public,0.1,42,1,True
layer,blocks.11.norm2.weight,identity,0.7189673708469886,3.474266721627629e-05,99.59220886230469,0.18922060456078235,0.01896076009947404,1e-05,1e-05,vit,dp_kfm_a,public,0.1,42,1,True
layer,blocks.11.norm2.bias,identity,0.7201426606340551,3.474266721627629e-05,99.59220886230469,0.17187456125873346,0.017222608134001435,1e-05,1e-05,vit,dp_kfm_a,public,0.1,42,1,True
layer,norm.weight,identity,0.7178287927595061,3.474266721627629e-05,99.59220886230469,0.13418275382115463,0.013445718612913708,1e-05,1e-05,vit,dp_kfm_a,public,0.1,42,1,True
layer,norm.bias,identity,0.7239602659211286,3.474266721627629e-05,99.59220886230469,0.08634520451209092,0.008652179884394555,1e-05,1e-05,vit,dp_kfm_a,public,0.1,42,1,True
group,attention_out,attention_out,0.7202632461528452,0.08046401727289565,230655.55572509766,10.11817364378622,0.021067847615226593,1e-05,1e-05,vit,dp_kfm_a,public,0.1,42,1,True
group,attention_qkv,attention_qkv,0.7202225402733617,0.2413920518186876,691966.667175293,10.490281206990408,0.012610855313529847,1e-05,1e-05,vit,dp_kfm_a,public,0.1,42,1,True
group,identity,identity,0.7203475488319954,0.008616181469636556,24698.867797851562,2.882909468371894,0.018343934108397842,1e-05,1e-05,vit,dp_kfm_a,public,0.1,42,1,True
group,mlp_fc1,mlp_fc1,0.7201927180272248,0.3218560690915826,922622.2229003906,12.734245032322207,0.013257488123890755,1e-05,1e-05,vit,dp_kfm_a,public,0.1,42,1,True
group,mlp_fc2,mlp_fc2,0.7201879120332774,0.3206053330717978,919036.9033813477,12.701154446002732,0.013248805418854278,1e-05,1e-05,vit,dp_kfm_a,public,0.1,42,1,True
group,patch_head,patch_head,0.7202648270080336,0.027066347275396748,77587.51779794693,12.884250789283051,0.046255485178362706,1e-05,1e-05,vit,dp_kfm_a,public,0.1,42,1,True
layer,patch_embed,patch_head,0.7200580000901128,0.026717111089316622,76586.4086151123,4.152618546208711,0.015005351975816048,1e-05,1e-05,vit,dp_kfm_a,public,0.1,42,2,True
layer,blocks.0.attn.q_proj,attention_qkv,0.7202689672136288,0.006705334772741336,19221.296310424805,0.4582798030346864,0.003305516892339689,1e-05,1e-05,vit,dp_kfm_a,public,0.1,42,2,True
layer,blocks.0.attn.k_proj,attention_qkv,0.7202509926059472,0.006705334772741336,19221.296310424805,0.6930150996638498,0.004998634247933338,1e-05,1e-05,vit,dp_kfm_a,public,0.1,42,2,True
layer,blocks.0.attn.v_proj,attention_qkv,0.7201036540025041,0.006705334772741336,19221.296310424805,1.6387990953471576,0.011820460026712144,1e-05,1e-05,vit,dp_kfm_a,public,0.1,42,2,True
layer,blocks.0.attn.out_proj,attention_out,0.7205344176752548,0.006705334772741336,19221.296310424805,1.873385187879328,0.013512501191167215,1e-05,1e-05,vit,dp_kfm_a,public,0.1,42,2,True
layer,blocks.0.mlp.fc1,mlp_fc1,0.7203103926051687,0.026821339090965342,76885.18524169922,2.1815867581074264,0.007867760954417246,1e-05,1e-05,vit,dp_kfm_a,public,0.1,42,2,True
layer,blocks.0.mlp.fc2,mlp_fc2,0.7200612309648474,0.026717111089316622,76586.4086151123,3.522457326570909,0.012728284916331913,1e-05,1e-05,vit,dp_kfm_a,public,0.1,42,2,True
layer,blocks.1.attn.q_proj,attention_qkv,0.7200820383817855,0.006705334772741336,19221.296310424805,0.28016756887586985,0.002020814850387015,1e-05,1e-05,vit,dp_kfm_a,public,0.1,42,2,True
layer,blocks.1.attn.k_proj,attention_qkv,0.7207025122502502,0.006705334772741336,19221.296310424805,0.38480899601499774,0.002775580831249452,1e-05,1e-05,vit,dp_kfm_a,public,0.1,42,2,True
layer,blocks.1.attn.v_proj,attention_qkv,0.7201804507197985,0.006705334772741336,19221.296310424805,1.609595245291989,0.011609816181970404,1e-05,1e-05,vit,dp_kfm_a,public,0.1,42,2,True
layer,blocks.1.attn.out_proj,attention_out,0.7201934039707825,0.006705334772741336,19221.296310424805,2.0818877898422734,0.01501640528713964,1e-05,1e-05,vit,dp_kfm_a,public,0.1,42,2,True
layer,blocks.1.mlp.fc1,mlp_fc1,0.7200737857952848,0.026821339090965342,76885.18524169922,2.7832478905033313,0.010037615509897593,1e-05,1e-05,vit,dp_kfm_a,public,0.1,42,2,True
layer,blocks.1.mlp.fc2,mlp_fc2,0.7201455491952072,0.026717111089316622,76586.4086151123,2.309233805515357,0.008344341205586251,1e-05,1e-05,vit,dp_kfm_a,public,0.1,42,2,True
layer,blocks.2.attn.q_proj,attention_qkv,0.7203398086239264,0.006705334772741336,19221.296310424805,0.43210968186490284,0.0031167549677938904,1e-05,1e-05,vit,dp_kfm_a,public,0.1,42,2,True
layer,blocks.2.attn.k_proj,attention_qkv,0.7206700219655503,0.006705334772741336,19221.296310424805,0.5682474862136981,0.004098700514992526,1e-05,1e-05,vit,dp_kfm_a,public,0.1,42,2,True
layer,blocks.2.attn.v_proj,attention_qkv,0.7205481220258264,0.006705334772741336,19221.296310424805,2.1833146170932576,0.015747984747099313,1e-05,1e-05,vit,dp_kfm_a,public,0.1,42,2,True
layer,blocks.2.attn.out_proj,attention_out,0.7204420343221003,0.006705334772741336,19221.296310424805,2.420474027195491,0.017458586940517187,1e-05,1e-05,vit,dp_kfm_a,public,0.1,42,2,True
layer,blocks.2.mlp.fc1,mlp_fc1,0.7202351850391923,0.026821339090965342,76885.18524169922,2.9121175807433546,0.01050237626869404,1e-05,1e-05,vit,dp_kfm_a,public,0.1,42,2,True
layer,blocks.2.mlp.fc2,mlp_fc2,0.7202583400404541,0.026717111089316622,76586.4086151123,2.7085323321152823,0.009787193436867387,1e-05,1e-05,vit,dp_kfm_a,public,0.1,42,2,True
layer,blocks.3.attn.q_proj,attention_qkv,0.7205700405127554,0.006705334772741336,19221.296310424805,0.46299029232925176,0.00333949308293605,1e-05,1e-05,vit,dp_kfm_a,public,0.1,42,2,True
layer,blocks.3.attn.k_proj,attention_qkv,0.7203954416015397,0.006705334772741336,19221.296310424805,0.6498541661653442,0.004687319645317822,1e-05,1e-05,vit,dp_kfm_a,public,0.1,42,2,True
layer,blocks.3.attn.v_proj,attention_qkv,0.7200485473008171,0.006705334772741336,19221.296310424805,1.9969556331061695,0.01440379989424434,1e-05,1e-05,vit,dp_kfm_a,public,0.1,42,2,True
layer,blocks.3.attn.out_proj,attention_out,0.7200403895129515,0.006705334772741336,19221.296310424805,2.1362412707656633,0.01540845038308318,1e-05,1e-05,vit,dp_kfm_a,public,0.1,42,2,True
layer,blocks.3.mlp.fc1,mlp_fc1,0.7201807455873992,0.026821339090965342,76885.18524169922,2.7564894496286523,0.00994111280812216,1e-05,1e-05,vit,dp_kfm_a,public,0.1,42,2,True
layer,blocks.3.mlp.fc2,mlp_fc2,0.7202938787586659,0.026717111089316622,76586.4086151123,2.6839725677721793,0.009698447527675265,1e-05,1e-05,vit,dp_kfm_a,public,0.1,42,2,True
layer,blocks.4.attn.q_proj,attention_qkv,0.7204289842780546,0.006705334772741336,19221.296310424805,0.6023084438321837,0.004344378090202289,1e-05,1e-05,vit,dp_kfm_a,public,0.1,42,2,True
layer,blocks.4.attn.k_proj,attention_qkv,0.7202490412748999,0.006705334772741336,19221.296310424805,0.87252775802831,0.00629343738061168,1e-05,1e-05,vit,dp_kfm_a,public,0.1,42,2,True
layer,blocks.4.attn.v_proj,attention_qkv,0.7201264960337154,0.006705334772741336,19221.296310424805,1.8418626311043953,0.013285132794787331,1e-05,1e-05,vit,dp_kfm_a,public,0.1,42,2,True
layer,blocks.4.attn.out_proj,attention_out,0.7202116325192411,0.006705334772741336,19221.296310424805,1.9458472357900303,0.014035161194589234,1e-05,1e-05,vit,dp_kfm_a,public,0.1,42,2,True
layer,blocks.4.mlp.fc1,mlp_fc1,0.7201225939094583,0.026821339090965342,76885.18524169922,2.5072348081580538,0.009042190989596386,1e-05,1e-05,vit,dp_kfm_a,public,0.1,42,2,True
layer,blocks.4.mlp.fc2,mlp_fc2,0.7201408649341049,0.026717111089316622,76586.4086151123,2.5082057419654817,0.009063319822697547,1e-05,1e-05,vit,dp_kfm_a,public,0.1,42,2,True
layer,blocks.5.attn.q_proj,attention_qkv,0.7201210892546505,0.006705334772741336,19221.296310424805,0.4381072089766577,0.003160014406784852,1e-05,1e-05,vit,dp_kfm_a,public,0.1,42,2,True
layer,blocks.5.attn.k_proj,attention_qkv,0.7203732589493332,0.006705334772741336,19221.296310424805,0.6468957801692282,0.004665981164286218,1e-05,1e-05,vit,dp_kfm_a,public,0.1,42,2,True
layer,blocks.5.attn.v_proj,attention_qkv,0.7204798736592961,0.006705334772741336,19221.296310424805,1.7928712799634277,0.012931764093608177,1e-05,1e-05,vit,dp_kfm_a,public,0.1,42,2,True
layer,blocks.5.attn.out_proj,attention_out,0.7201791007254855,0.006705334772741336,19221.296310424805,1.8067066552825286,0.013031556985475349,1e-05,1e-05,vit,dp_kfm_a,public,0.1,42,2,True
layer,blocks.5.mlp.fc1,mlp_fc1,0.7201545048264518,0.026821339090965342,76885.18524169922,2.3438079958954985,0.0084528020562222,1e-05,1e-05,vit,dp_kfm_a,public,0.1,42,2,True
layer,blocks.5.mlp.fc2,mlp_fc2,0.7201978253430691,0.026717111089316622,76586.4086151123,2.1194465156234155,0.007658551009912051,1e-05,1e-05,vit,dp_kfm_a,public,0.1,42,2,True
layer,blocks.6.attn.q_proj,attention_qkv,0.7202956842515623,0.006705334772741336,19221.296310424805,0.40574939939849564,0.0029266214327732364,1e-05,1e-05,vit,dp_kfm_a,public,0.1,42,2,True
layer,blocks.6.attn.k_proj,attention_qkv,0.7201772159476326,0.006705334772741336,19221.296310424805,0.6162493411825509,0.004444932099741577,1e-05,1e-05,vit,dp_kfm_a,public,0.1,42,2,True
layer,blocks.6.attn.v_proj,attention_qkv,0.7204000776858956,0.006705334772741336,19221.296310424805,1.8047113463822408,0.013017165063266122,1e-05,1e-05,vit,dp_kfm_a,public,0.1,42,2,True
layer,blocks.6.attn.out_proj,attention_out,0.720185532749754,0.006705334772741336,19221.296310424805,2.0240179880538354,0.014598997393312916,1e-05,1e-05,vit,dp_kfm_a,public,0.1,42,2,True
layer,blocks.6.mlp.fc1,mlp_fc1,0.7203358387972769,0.026821339090965342,76885.18524169922,2.335157573237647,0.008421604829078362,1e-05,1e-05,vit,dp_kfm_a,public,0.1,42,2,True
layer,blocks.6.mlp.fc2,mlp_fc2,0.720260556997507,0.026717111089316622,76586.4086151123,2.1261826399885537,0.007682891776088141,1e-05,1e-05,vit,dp_kfm_a,public,0.1,42,2,True
layer,blocks.7.attn.q_proj,attention_qkv,0.72019049680265,0.006705334772741332,19221.2963104248,0.37560407404497037,0.0027091868403663526,1e-05,1e-05,vit,dp_kfm_a,public,0.1,42,2,True
layer,blocks.7.attn.k_proj,attention_qkv,0.7203607582169084,0.006705334772741332,19221.2963104248,0.5233630370163186,0.003774954401716682,1e-05,1e-05,vit,dp_kfm_a,public,0.1,42,2,True
layer,blocks.7.attn.v_proj,attention_qkv,0.7201735383893039,0.006705334772741332,19221.2963104248,1.7983758280085618,0.012971467734107721,1e-05,1e-05,vit,dp_kfm_a,public,0.1,42,2,True
layer,blocks.7.attn.out_proj,attention_out,0.7202365733109569,0.006705334772741336,19221.296310424805,1.7719206522842414,0.012780649745473936,1e-05,1e-05,vit,dp_kfm_a,public,0.1,42,2,True
layer,blocks.7.mlp.fc1,mlp_fc1,0.7201494767621481,0.026821339090965342,76885.18524169922,2.199569002038616,0.007932612831679918,1e-05,1e-05,vit,dp_kfm_a,public,0.1,42,2,True
layer,blocks.7.mlp.fc2,mlp_fc2,0.7202379572526457,0.026717111089316622,76586.4086151123,2.141706341989615,0.007738986168072762,1e-05,1e-05,vit,dp_kfm_a,public,0.1,42,2,True
layer,blocks.8.attn.q_proj,attention_qkv,0.719900806729155,0.006705334772741336,19221.29631042481,0.3836120761416429,0.0027669475927040218,1e-05,1e-05,vit,dp_kfm_a,public,0.1,42,2,True
layer,blocks.8.attn.k_proj,attention_qkv,0.7201365141882328,0.006705334772741336,19221.29631042481,0.5632880475669845,0.004062928682774134,1e-05,1e-05,vit,dp_kfm_a,public,0.1,42,2,True
layer,blocks.8.attn.v_proj,attention_qkv,0.7201032203678704,0.006705334772741336,19221.29631042481,1.7940612670493268,0.012940347326794657,1e-05,1e-05,vit,dp_kfm_a,public,0.1,42,2,True
layer,blocks.8.attn.out_proj,attention_out,0.7201960151979615,0.006705334772741336,19221.296310424805,1.7795170597944492,0.012835441715750214,1e-05,1e-05,vit,dp_kfm_a,public,0.1,42,2,True
layer,blocks.8.mlp.fc1,mlp_fc1,0.7201821812000232,0.026821339090965342,76885.18524169922,2.1165148442872197,0.007633083025207617,1e-05,1e-05,vit,dp_kfm_a,public,0.1,42,2,True
layer,blocks.8.mlp.fc2,mlp_fc2,0.7202973778092118,0.026717111089316622,76586.4086151123,1.90581463924722,0.00688659917696425,1e-05,1e-05,vit,dp_kfm_a,public,0.1,42,2,True
layer,blocks.9.attn.q_proj,attention_qkv,0.7201957791353563,0.006705334772741336,19221.296310424805,0.3954754720024864,0.0028525168348108197,1e-05,1e-05,vit,dp_kfm_a,public,0.1,42,2,True
layer,blocks.9.attn.k_proj,attention_qkv,0.7204313576790035,0.006705334772741336,19221.296310424805,0.6041813532589551,0.004357887159786025,1e-05,1e-05,vit,dp_kfm_a,public,0.1,42,2,True
layer,blocks.9.attn.v_proj,attention_qkv,0.720261874123955,0.006705334772741336,19221.296310424805,1.6197768693548749,0.011683255007134538,1e-05,1e-05,vit,dp_kfm_a,public,0.1,42,2,True
layer,blocks.9.attn.out_proj,attention_out,0.720447900115208,0.006705334772741336,19221.296310424805,1.5887652399865122,0.011459571868455297,1e-05,1e-05,vit,dp_kfm_a,public,0.1,42,2,True
layer,blocks.9.mlp.fc1,mlp_fc1,0.7202351721558967,0.026821339090965342,76885.18524169922,1.9362442604785517,0.006982948046505103,1e-05,1e-05,vit,dp_kfm_a,public,0.1,42,2,True
layer,blocks.9.mlp.fc2,mlp_fc2,0.72024681481578,0.026717111089316622,76586.4086151123,1.6216843806751182,0.005859903734218491,1e-05,1e-05,vit,dp_kfm_a,public,0.1,42,2,True
layer,blocks.10.attn.q_proj,attention_qkv,0.7202367945546113,0.006705334772741336,19221.296310424805,0.34112339556354576,0.002460481869244034,1e-05,1e-05,vit,dp_kfm_a,public,0.1,42,2,True
layer,blocks.10.attn.k_proj,attention_qkv,0.7201695983384796,0.006705334772741336,19221.296310424805,0.5521422541761787,0.003982535420649404,1e-05,1e-05,vit,dp_kfm_a,public,0.1,42,2,True
layer,blocks.10.attn.v_proj,attention_qkv,0.720093764843893,0.006705334772741336,19221.296310424805,1.5225571722636733,0.010982021069101296,1e-05,1e-05,vit,dp_kfm_a,public,0.1,42,2,True
layer,blocks.10.attn.out_proj,attention_out,0.7200887398802694,0.006705334772741336,19221.296310424805,1.507908064766169,0.010876358825271111,1e-05,1e-05,vit,dp_kfm_a,public,0.1,42,2,True
layer,blocks.10.mlp.fc1,mlp_fc1,0.720069819346272,0.026821339090965342,76885.18524169922,1.7286397412351848,0.006234234879635442,1e-05,1e-05,vit,dp_kfm_a,public,0.1,42,2,True
layer,blocks.10.mlp.fc2,mlp_fc2,0.7201899704223858,0.026717111089316622,76586.4086151123,1.375315351399571,0.00496965726465175,1e-05,1e-05,vit,dp_kfm_a,public,0.1,42,2,True
layer,blocks.11.attn.q_proj,attention_qkv,0.719990143584507,0.006705334772741336,19221.296310424805,0.4962350055453041,0.003579283185814164,1e-05,1e-05,vit,dp_kfm_a,public,0.1,42,2,True
layer,blocks.11.attn.k_proj,attention_qkv,0.7199305681146582,0.006705334772741336,19221.296310424805,0.6579888247699451,0.00474599395575626,1e-05,1e-05,vit,dp_kfm_a,public,0.1,42,2,True
layer,blocks.11.attn.v_proj,attention_qkv,0.7201156569923417,0.006705334772741336,19221.296310424805,1.517513406638126,0.010945640996565151,1e-05,1e-05,vit,dp_kfm_a,public,0.1,42,2,True
layer,blocks.11.attn.out_proj,attention_out,0.7198660136939803,0.006705334772741336,19221.296310424805,1.3494194166593108,0.00973319934040581,1e-05,1e-05,vit,dp_kfm_a,public,0.1,42,2,True
layer,blocks.11.mlp.fc1,mlp_fc1,0.7201455068785155,0.026821339090965342,76885.18524169922,1.3967931663767268,0.0050374502389029,1e-05,1e-05,vit,dp_kfm_a,public,0.1,42,2,True
layer,blocks.11.mlp.fc2,mlp_fc2,0.7201608488732651,0.026717111089316622,76586.4086151123,1.3591407371299007,0.004911210822367506,1e-05,1e-05,vit,dp_kfm_a,public,0.1,42,2,True
layer,head,patch_head,0.7197938910704209,0.0003492361860802786,1001.1091828346252,5.280790229619801,0.16690071366102002,1e-05,1e-05,vit,dp_kfm_a,public,0.1,42,2,True
layer,cls_token,identity,0.7152104047730433,3.474266721627629e-05,99.59220886230469,0.1354876494217549,0.01357647505191396,1e-05,1e-05,vit,dp_kfm_a,public,0.1,42,2,True
layer,pos_embed,identity,0.7199688138306861,0.006844305441606457,19619.665145874023,0.5443146900082755,0.003886013095575704,1e-05,1e-05,vit,dp_kfm_a,public,0.1,42,2,True
layer,blocks.0.norm1.weight,identity,0.7169253236502254,3.474266721627629e-05,99.59220886230469,0.652569018219925,0.06539036608374597,1e-05,1e-05,vit,dp_kfm_a,public,0.1,42,2,True
layer,blocks.0.norm1.bias,identity,0.7197689869258335,3.474266721627629e-05,99.59220886230469,0.410253903140451,0.04110929597426709,1e-05,1e-05,vit,dp_kfm_a,public,0.1,42,2,True
layer,blocks.0.norm2.weight,identity,0.7266318369770224,3.474266721627629e-05,99.59220886230469,0.21270214601589438,0.021313716720290747,1e-05,1e-05,vit,dp_kfm_a,public,0.1,42,2,True
layer,blocks.0.norm2.bias,identity,0.7162264204315456,3.474266721627629e-05,99.59220886230469,0.17566162108459538,0.017602088650973662,1e-05,1e-05,vit,dp_kfm_a,public,0.1,42,2,True
layer,blocks.1.norm1.weight,identity,0.7157387600120085,3.474266721627629e-05,99.59220886230469,0.28081968525024703,0.02813940213117415,1e-05,1e-05,vit,dp_kfm_a,public,0.1,42,2,True
layer,blocks.1.norm1.bias,identity,0.7196196702061021,3.474266721627629e-05,99.59220886230469,0.3273334025285052,0.03280028690476928,1e-05,1e-05,vit,dp_kfm_a,public,0.1,42,2,True
layer,blocks.1.norm2.weight,identity,0.7213795952389972,3.474266721627629e-05,99.59220886230469,0.326858157457158,0.03275266519989634,1e-05,1e-05,vit,dp_kfm_a,public,0.1,42,2,True
layer,blocks.1.norm2.bias,identity,0.715185956048747,3.474266721627629e-05,99.59220886230469,0.28689421404573134,0.028748097381228303,1e-05,1e-05,vit,dp_kfm_a,public,0.1,42,2,True
layer,blocks.2.norm1.weight,identity,0.7212839069188606,3.474266721627629e-05,99.59220886230469,0.27536166846323273,0.027592484171802392,1e-05,1e-05,vit,dp_kfm_a,public,0.1,42,2,True
layer,blocks.2.norm1.bias,identity,0.7232180945300334,3.474266721627629e-05,99.59220886230469,0.3515283149948195,0.035224726526270414,1e-05,1e-05,vit,dp_kfm_a,public,0.1,42,2,True
layer,blocks.2.norm2.weight,identity,0.7199446144968231,3.474266721627629e-05,99.59220886230469,0.23671981740537287,0.023720395984533467,1e-05,1e-05,vit,dp_kfm_a,public,0.1,42,2,True
layer,blocks.2.norm2.bias,identity,0.7188078892538922,3.474266721627629e-05,99.59220886230469,0.31660815562928507,0.03172556867344465,1e-05,1e-05,vit,dp_kfm_a,public,0.1,42,2,True
layer,blocks.3.norm1.weight,identity,0.717583679563228,3.474266721627629e-05,99.59220886230469,0.2285255285636049,0.022899291193777663,1e-05,1e-05,vit,dp_kfm_a,public,0.1,42,2,True
layer,blocks.3.norm1.bias,identity,0.7135626694587358,3.474266721627629e-05,99.59220886230469,0.32085230064197323,0.03215085119275457,1e-05,1e-05,vit,dp_kfm_a,public,0.1,42,2,True
layer,blocks.3.norm2.weight,identity,0.7170663444881128,3.474266721627629e-05,99.59220886230469,0.22681082423632287,0.022727470067497126,1e-05,1e-05,vit,dp_kfm_a,public,0.1,42,2,True
layer,blocks.3.norm2.bias,identity,0.7156169136988616,3.474266721627629e-05,99.59220886230469,0.25766823818873896,0.02581952246105122,1e-05,1e-05,vit,dp_kfm_a,public,0.1,42,2,True
layer,blocks.4.norm1.weight,identity,0.7199075476279626,3.474266721627629e-05,99.59220886230469,0.21049043720171118,0.021092093497317953,1e-05,1e-05,vit,dp_kfm_a,public,0.1,42,2,True
layer,blocks.4.norm1.bias,identity,0.7193581622105943,3.474266721627629e-05,99.59220886230469,0.3222571203437081,0.03229162047847504,1e-05,1e-05,vit,dp_kfm_a,public,0.1,42,2,True
layer,blocks.4.norm2.weight,identity,0.7192126097931189,3.474266721627629e-05,99.59220886230469,0.18512934453540775,0.018550797347131283,1e-05,1e-05,vit,dp_kfm_a,public,0.1,42,2,True
layer,blocks.4.norm2.bias,identity,0.7169164833604049,3.474266721627629e-05,99.59220886230469,0.23385986723121752,0.02343381604639997,1e-05,1e-05,vit,dp_kfm_a,public,0.1,42,2,True
layer,blocks.5.norm1.weight,identity,0.7191136536134366,3.474266721627629e-05,99.59220886230469,0.17890066324245554,0.017926655319861692,1e-05,1e-05,vit,dp_kfm_a,public,0.1,42,2,True
layer,blocks.5.norm1.bias,identity,0.7195532465872327,3.474266721627629e-05,99.59220886230469,0.2471464010531659,0.024765186807719913,1e-05,1e-05,vit,dp_kfm_a,public,0.1,42,2,True
layer,blocks.5.norm2.weight,identity,0.7195198695094748,3.474266721627629e-05,99.59220886230469,0.16399276576252353,0.016432816589345717,1e-05,1e-05,vit,dp_kfm_a,public,0.1,42,2,True
layer,blocks.5.norm2.bias,identity,0.720620680956005,3.474266721627629e-05,99.59220886230469,0.19952554866589328,0.01999336209051533,1e-05,1e-05,vit,dp_kfm_a,public,0.1,42,2,True
layer,blocks.6.norm1.weight,identity,0.7169758538019747,3.474266721627629e-05,99.59220886230469,0.16368138906118618,0.01640161523604527,1e-05,1e-05,vit,dp_kfm_a,public,0.1,42,2,True
layer,blocks.6.norm1.bias,identity,0.7141502684928493,3.474266721627629e-05,99.59220886230469,0.254126622412797,0.02546463654760636,1e-05,1e-05,vit,dp_kfm_a,public,0.1,42,2,True
layer,blocks.6.norm2.weight,identity,0.721506524723181,3.474266721627629e-05,99.59220886230469,0.13904389436042677,0.013932826873607163,1e-05,1e-05,vit,dp_kfm_a,public,0.1,42,2,True
layer,blocks.6.norm2.bias,identity,0.7186826863680121,3.474266721627629e-05,99.59220886230469,0.16848529499299778,0.016882988330296538,1e-05,1e-05,vit,dp_kfm_a,public,0.1,42,2,True
layer,blocks.7.norm1.weight,identity,0.7210168400435194,3.474266721627629e-05,99.59220886230469,0.1441618088375813,0.01444566504382758,1e-05,1e-05,vit,dp_kfm_a,public,0.1,42,2,True
layer,blocks.7.norm1.bias,identity,0.7209307252678557,3.474266721627629e-05,99.59220886230469,0.2043577833589097,0.02047757385472204,1e-05,1e-05,vit,dp_kfm_a,public,0.1,42,2,True
layer,blocks.7.norm2.weight,identity,0.7240715920773113,3.474266721627629e-05,99.59220886230469,0.09910026425092266,0.009930294539634236,1e-05,1e-05,vit,dp_kfm_a,public,0.1,42,2,True
layer,blocks.7.norm2.bias,identity,0.7223389042964989,3.474266721627629e-05,99.59220886230469,0.13294097965513835,0.013321287227049507,1e-05,1e-05,vit,dp_kfm_a,public,0.1,42,2,True
layer,blocks.8.norm1.weight,identity,0.7159235814948345,3.474266721627629e-05,99.59220886230469,0.18679027576366203,0.01871723016576517,1e-05,1e-05,vit,dp_kfm_a,public,0.1,42,2,True
layer,blocks.8.norm1.bias,identity,0.7186624148092075,3.474266721627629e-05,99.59220886230469,0.19847785593368977,0.019888378541818904,1e-05,1e-05,vit,dp_kfm_a,public,0.1,42,2,True
layer,blocks.8.norm2.weight,identity,0.7173235839005981,3.474266721627629e-05,99.59220886230469,0.07620146405222962,0.007635731227456801,1e-05,1e-05,vit,dp_kfm_a,public,0.1,42,2,True
layer,blocks.8.norm2.bias,identity,0.7205906442342012,3.474266721627629e-05,99.59220886230469,0.11579668751841352,0.011603351640519254,1e-05,1e-05,vit,dp_kfm_a,public,0.1,42,2,True
layer,blocks.9.norm1.weight,identity,0.7196421115932766,3.474266721627629e-05,99.59220886230469,0.1776328664881223,0.0177996163529923,1e-05,1e-05,vit,dp_kfm_a,public,0.1,42,2,True
layer,blocks.9.norm1.bias,identity,0.7178677275958909,3.474266721627629e-05,99.59220886230469,0.20525122703142668,0.020567100950232085,1e-05,1e-05,vit,dp_kfm_a,public,0.1,42,2,True
layer,blocks.9.norm2.weight,identity,0.7247642421242889,3.474266721627629e-05,99.59220886230469,0.29545636633672007,0.02960606375281576,1e-05,1e-05,vit,dp_kfm_a,public,0.1,42,2,True
layer,blocks.9.norm2.bias,identity,0.7188324011138731,3.474266721627629e-05,99.59220886230469,0.1120447718235443,0.011227392724369527,1e-05,1e-05,vit,dp_kfm_a,public,0.1,42,2,True
layer,blocks.10.norm1.weight,identity,0.722374955377241,3.474266721627629e-05,99.59220886230469,0.12521843070490263,0.01254745290630127,1e-05,1e-05,vit,dp_kfm_a,public,0.1,42,2,True
layer,blocks.10.norm1.bias,identity,0.7211095277604967,3.474266721627629e-05,99.59220886230469,0.185992198610086,0.01863725922663328,1e-05,1e-05,vit,dp_kfm_a,public,0.1,42,2,True
layer,blocks.10.norm2.weight,identity,0.7185766567413228,3.474266721627629e-05,99.59220886230469,0.14660404142836347,0.014690387791481971,1e-05,1e-05,vit,dp_kfm_a,public,0.1,42,2,True
layer,blocks.10.norm2.bias,identity,0.7237273146539503,3.474266721627629e-05,99.59220886230469,0.08932718148286449,0.008950987459268537,1e-05,1e-05,vit,dp_kfm_a,public,0.1,42,2,True
layer,blocks.11.norm1.weight,identity,0.7204283767559857,3.474266721627629e-05,99.59220886230469,0.13487575809738525,0.013515160774669922,1e-05,1e-05,vit,dp_kfm_a,public,0.1,42,2,True
layer,blocks.11.norm1.bias,identity,0.716302599278222,3.474266721627629e-05,99.59220886230469,0.16774212145632522,0.016808518981813923,1e-05,1e-05,vit,dp_kfm_a,public,0.1,42,2,True
layer,blocks.11.norm2.weight,identity,0.7197767103831738,3.474266721627629e-05,99.59220886230469,0.09639675689723445,0.009659390879435972,1e-05,1e-05,vit,dp_kfm_a,public,0.1,42,2,True
layer,blocks.11.norm2.bias,identity,0.7177793851107442,3.474266721627629e-05,99.59220886230469,0.07396839852835758,0.007411967965613176,1e-05,1e-05,vit,dp_kfm_a,public,0.1,42,2,True
layer,norm.weight,identity,0.7256929912148831,3.474266721627629e-05,99.59220886230469,0.06481731597122503,0.006494988118629665,1e-05,1e-05,vit,dp_kfm_a,public,0.1,42,2,True
layer,norm.bias,identity,0.7215944608358688,3.474266721627629e-05,99.59220886230469,0.03337880535932749,0.0033447072124851355,1e-05,1e-05,vit,dp_kfm_a,public,0.1,42,2,True
group,attention_out,attention_out,0.7202228254273796,0.08046401727289565,230655.55572509766,6.518828247017566,0.01357336659490349,1e-05,1e-05,vit,dp_kfm_a,public,0.1,42,2,True
group,attention_qkv,attention_qkv,0.7202577650174654,0.2413920518186876,691966.667175293,6.6821044781225165,0.008032868814549992,1e-05,1e-05,vit,dp_kfm_a,public,0.1,42,2,True
group,identity,identity,0.7200398570804417,0.008616181469636556,24698.867797851562,1.7851903216547544,0.011359154351065447,1e-05,1e-05,vit,dp_kfm_a,public,0.1,42,2,True
group,mlp_fc1,mlp_fc1,0.7201840961584308,0.3218560690915826,922622.2229003906,8.001144494285045,0.00832990710020711,1e-05,1e-05,vit,dp_kfm_a,public,0.1,42,2,True
group,mlp_fc2,mlp_fc2,0.7202087263653104,0.3206053330717978,919036.9033813477,7.899287450409168,0.008239890540895325,1e-05,1e-05,vit,dp_kfm_a,public,0.1,42,2,True
group,patch_head,patch_head,0.7200559168911035,0.027066347275396748,77587.51779794693,6.750313916699932,0.024234163897440243,1e-05,1e-05,vit,dp_kfm_a,public,0.1,42,2,True
layer,patch_embed,patch_head,0.7203238864115755,0.026717111089316622,76586.4086151123,3.6590588568115283,0.013221890100358997,1e-05,1e-05,vit,dp_kfm_a,public,0.1,42,3,True
layer,blocks.0.attn.q_proj,attention_qkv,0.7203391520971358,0.006705334772741336,19221.296310424805,0.39373389043740287,0.002839955017238563,1e-05,1e-05,vit,dp_kfm_a,public,0.1,42,3,True
layer,blocks.0.attn.k_proj,attention_qkv,0.720111626256815,0.006705334772741336,19221.296310424805,0.5760596000419931,0.0041550483488994785,1e-05,1e-05,vit,dp_kfm_a,public,0.1,42,3,True
layer,blocks.0.attn.v_proj,attention_qkv,0.7200045937560898,0.006705334772741336,19221.296310424805,1.4081253508536455,0.010156638156332148,1e-05,1e-05,vit,dp_kfm_a,public,0.1,42,3,True
layer,blocks.0.attn.out_proj,attention_out,0.7203546528229117,0.006705334772741336,19221.296310424805,1.6244444358518386,0.01171692160077376,1e-05,1e-05,vit,dp_kfm_a,public,0.1,42,3,True
layer,blocks.0.mlp.fc1,mlp_fc1,0.720242151981929,0.026821339090965342,76885.18524169922,1.8648583707197395,0.006725499144207976,1e-05,1e-05,vit,dp_kfm_a,public,0.1,42,3,True
layer,blocks.0.mlp.fc2,mlp_fc2,0.7202773554536505,0.026717111089316622,76586.4086151123,3.0057376531948563,0.010861135192475077,1e-05,1e-05,vit,dp_kfm_a,public,0.1,42,3,True
layer,blocks.1.attn.q_proj,attention_qkv,0.7197824866807601,0.006705334772741336,19221.296310424805,0.23835208855706377,0.0017192048391235489,1e-05,1e-05,vit,dp_kfm_a,public,0.1,42,3,True
layer,blocks.1.attn.k_proj,attention_qkv,0.7202082535500747,0.006705334772741336,19221.296310424805,0.31949974526668673,0.002304513090220834,1e-05,1e-05,vit,dp_kfm_a,public,0.1,42,3,True
layer,blocks.1.attn.v_proj,attention_qkv,0.7201839449668003,0.006705334772741336,19221.296310424805,1.3766733047345354,0.009929778344800149,1e-05,1e-05,vit,dp_kfm_a,public,0.1,42,3,True
layer,blocks.1.attn.out_proj,attention_out,0.7203351670156563,0.006705334772741336,19221.296310424805,1.7447472714500625,0.01258465143008986,1e-05,1e-05,vit,dp_kfm_a,public,0.1,42,3,True
layer,blocks.1.mlp.fc1,mlp_fc1,0.7202924478647184,0.026821339090965342,76885.18524169922,2.3567290394585716,0.008499401019870127,1e-05,1e-05,vit,dp_kfm_a,public,0.1,42,3,True
layer,blocks.1.mlp.fc2,mlp_fc2,0.7201124078507899,0.026717111089316622,76586.4086151123,1.9275640369896254,0.006965189917904033,1e-05,1e-05,vit,dp_kfm_a,public,0.1,42,3,True
layer,blocks.2.attn.q_proj,attention_qkv,0.7202305394988106,0.006705334772741336,19221.296310424805,0.371466796091344,0.0026793451539698387,1e-05,1e-05,vit,dp_kfm_a,public,0.1,42,3,True
layer,blocks.2.attn.k_proj,attention_qkv,0.7201315895968946,0.006705334772741336,19221.296310424805,0.49311063140852573,0.003556747452363289,1e-05,1e-05,vit,dp_kfm_a,public,0.1,42,3,True
layer,blocks.2.attn.v_proj,attention_qkv,0.7203418688551725,0.006705334772741336,19221.296310424805,1.8549466974147883,0.01337950658547833,1e-05,1e-05,vit,dp_kfm_a,public,0.1,42,3,True
layer,blocks.2.attn.out_proj,attention_out,0.7203111743107007,0.006705334772741336,19221.296310424805,2.037777136075114,0.014698240466883611,1e-05,1e-05,vit,dp_kfm_a,public,0.1,42,3,True
layer,blocks.2.mlp.fc1,mlp_fc1,0.7198987865513835,0.026821339090965342,76885.18524169922,2.48103533095681,0.008947704156568072,1e-05,1e-05,vit,dp_kfm_a,public,0.1,42,3,True
layer,blocks.2.mlp.fc2,mlp_fc2,0.7201680060760369,0.026717111089316622,76586.4086151123,2.2939275803299184,0.00828903265899743,1e-05,1e-05,vit,dp_kfm_a,public,0.1,42,3,True
layer,blocks.3.attn.q_proj,attention_qkv,0.7201172934463028,0.006705334772741336,19221.296310424805,0.3891435931650433,0.002806845757187895,1e-05,1e-05,vit,dp_kfm_a,public,0.1,42,3,True
layer,blocks.3.attn.k_proj,attention_qkv,0.7202862264739446,0.006705334772741336,19221.296310424805,0.5477898995640922,0.003951142412281075,1e-05,1e-05,vit,dp_kfm_a,public,0.1,42,3,True
layer,blocks.3.attn.v_proj,attention_qkv,0.7201695681287548,0.006705334772741336,19221.296310424805,1.6700651887495825,0.012045978583748276,1e-05,1e-05,vit,dp_kfm_a,public,0.1,42,3,True
layer,blocks.3.attn.out_proj,attention_out,0.7199467369582766,0.006705334772741336,19221.296310424805,1.7905446969436263,0.012914982731168778,1e-05,1e-05,vit,dp_kfm_a,public,0.1,42,3,True
layer,blocks.3.mlp.fc1,mlp_fc1,0.7203219996281759,0.026821339090965342,76885.18524169922,2.281226650443379,0.008227106211492086,1e-05,1e-05,vit,dp_kfm_a,public,0.1,42,3,True
layer,blocks.3.mlp.fc2,mlp_fc2,0.7201393666407154,0.026717111089316622,76586.4086151123,2.237796550618344,0.008086205009837087,1e-05,1e-05,vit,dp_kfm_a,public,0.1,42,3,True
layer,blocks.4.attn.q_proj,attention_qkv,0.7204644229116929,0.006705334772741336,19221.296310424805,0.5009200875661362,0.00361307611681245,1e-05,1e-05,vit,dp_kfm_a,public,0.1,42,3,True
layer,blocks.4.attn.k_proj,attention_qkv,0.7201571082802182,0.006705334772741336,19221.296310424805,0.7211074561307816,0.005201261023610909,1e-05,1e-05,vit,dp_kfm_a,public,0.1,42,3,True
layer,blocks.4.attn.v_proj,attention_qkv,0.7199890584953733,0.006705334772741336,19221.296310424805,1.5757560186110933,0.011365737925244453,1e-05,1e-05,vit,dp_kfm_a,public,0.1,42,3,True
layer,blocks.4.attn.out_proj,attention_out,0.7201243820493943,0.006705334772741336,19221.296310424805,1.6504251164675285,0.011904317113473568,1e-05,1e-05,vit,dp_kfm_a,public,0.1,42,3,True
layer,blocks.4.mlp.fc1,mlp_fc1,0.7201586926450521,0.026821339090965342,76885.18524169922,2.083895902129361,0.007515444779316065,1e-05,1e-05,vit,dp_kfm_a,public,0.1,42,3,True
layer,blocks.4.mlp.fc2,mlp_fc2,0.7201761192371791,0.026717111089316622,76586.4086151123,2.1039620055070474,0.007602598236527338,1e-05,1e-05,vit,dp_kfm_a,public,0.1,42,3,True
layer,blocks.5.attn.q_proj,attention_qkv,0.7204071063568435,0.006705334772741336,19221.296310424805,0.367170563982383,0.002648356950441029,1e-05,1e-05,vit,dp_kfm_a,public,0.1,42,3,True
layer,blocks.5.attn.k_proj,attention_qkv,0.720302064734057,0.006705334772741336,19221.296310424805,0.5444649562561018,0.00392715999761245,1e-05,1e-05,vit,dp_kfm_a,public,0.1,42,3,True
layer,blocks.5.attn.v_proj,attention_qkv,0.7206669931945724,0.006705334772741336,19221.296310424805,1.4770214877758412,0.010653577674297383,1e-05,1e-05,vit,dp_kfm_a,public,0.1,42,3,True
layer,blocks.5.attn.out_proj,attention_out,0.7202258556724209,0.006705334772741336,19221.296310424805,1.4810772396016791,0.010682831322576594,1e-05,1e-05,vit,dp_kfm_a,public,0.1,42,3,True
layer,blocks.5.mlp.fc1,mlp_fc1,0.7202150097344044,0.026821339090965342,76885.18524169922,1.8779333513738041,0.006772653272682355,1e-05,1e-05,vit,dp_kfm_a,public,0.1,42,3,True
layer,blocks.5.mlp.fc2,mlp_fc2,0.7200527100898735,0.026717111089316622,76586.4086151123,1.7047523235941535,0.006160067042631477,1e-05,1e-05,vit,dp_kfm_a,public,0.1,42,3,True
layer,blocks.6.attn.q_proj,attention_qkv,0.7199865919781047,0.006705334772741336,19221.296310424805,0.33239852486894167,0.002397550430255198,1e-05,1e-05,vit,dp_kfm_a,public,0.1,42,3,True
layer,blocks.6.attn.k_proj,attention_qkv,0.7205650016633531,0.006705334772741336,19221.296310424805,0.5067393189255168,0.00365504953006673,1e-05,1e-05,vit,dp_kfm_a,public,0.1,42,3,True
layer,blocks.6.attn.v_proj,attention_qkv,0.7201830272704932,0.006705334772741336,19221.296310424805,1.446058566194323,0.010430245859004301,1e-05,1e-05,vit,dp_kfm_a,public,0.1,42,3,True
layer,blocks.6.attn.out_proj,attention_out,0.7203766599459391,0.006705334772741336,19221.296310424805,1.6356610772630613,0.011797825881116471,1e-05,1e-05,vit,dp_kfm_a,public,0.1,42,3,True
layer,blocks.6.mlp.fc1,mlp_fc1,0.7203359959791564,0.026821339090965342,76885.18524169923,1.839429747658145,0.006633792350102676,1e-05,1e-05,vit,dp_kfm_a,public,0.1,42,3,True
layer,blocks.6.mlp.fc2,mlp_fc2,0.7201331140893106,0.026717111089316622,76586.4086151123,1.6517196309428992,0.005968435133607748,1e-05,1e-05,vit,dp_kfm_a,public,0.1,42,3,True
layer,blocks.7.attn.q_proj,attention_qkv,0.7201040352381118,0.006705334772741336,19221.296310424805,0.2920494990275562,0.0021065177780960668,1e-05,1e-05,vit,dp_kfm_a,public,0.1,42,3,True
layer,blocks.7.attn.k_proj,attention_qkv,0.7200540137121353,0.006705334772741336,19221.296310424805,0.4191843987610992,0.003023526461202554,1e-05,1e-05,vit,dp_kfm_a,public,0.1,42,3,True
layer,blocks.7.attn.v_proj,attention_qkv,0.7203787742767983,0.006705334772741336,19221.296310424805,1.3929842770831509,0.0100474274191687,1e-05,1e-05,vit,dp_kfm_a,public,0.1,42,3,True
layer,blocks.7.attn.out_proj,attention_out,0.7204876668060163,0.006705334772741336,19221.296310424805,1.3420163027711842,0.009679801573689773,1e-05,1e-05,vit,dp_kfm_a,public,0.1,42,3,True
layer,blocks.7.mlp.fc1,mlp_fc1,0.7202685335964625,0.026821339090965342,76885.18524169922,1.6387388267167111,0.005910012658178406,1e-05,1e-05,vit,dp_kfm_a,public,0.1,42,3,True
layer,blocks.7.mlp.fc2,mlp_fc2,0.720217171796911,0.026717111089316622,76586.4086151123,1.5300098727927096,0.005528640883398455,1e-05,1e-05,vit,dp_kfm_a,public,0.1,42,3,True
layer,blocks.8.attn.q_proj,attention_qkv,0.7200719476153974,0.006705334772741336,19221.296310424805,0.2857958933055261,0.002061411275004898,1e-05,1e-05,vit,dp_kfm_a,public,0.1,42,3,True
layer,blocks.8.attn.k_proj,attention_qkv,0.7200823128557685,0.006705334772741336,19221.296310424805,0.4118882152277973,0.002970899970226438,1e-05,1e-05,vit,dp_kfm_a,public,0.1,42,3,True
layer,blocks.8.attn.v_proj,attention_qkv,0.7204379941030535,0.006705334772741336,19221.296310424805,1.2575306179350478,0.009070416528707562,1e-05,1e-05,vit,dp_kfm_a,public,0.1,42,3,True
layer,blocks.8.attn.out_proj,attention_out,0.7201821635354126,0.006705334772741336,19221.296310424805,1.2355684947926855,0.008912006385912706,1e-05,1e-05,vit,dp_kfm_a,public,0.1,42,3,True
layer,blocks.8.mlp.fc1,mlp_fc1,0.7202521275222106,0.026821339090965342,76885.18524169922,1.498316008284558,0.0054035862399468585,1e-05,1e-05,vit,dp_kfm_a,public,0.1,42,3,True
layer,blocks.8.mlp.fc2,mlp_fc2,0.7202055740017355,0.026717111089316622,76586.4086151123,1.3052805064172965,0.004716588631490097,1e-05,1e-05,vit,dp_kfm_a,public,0.1,42,3,True
layer,blocks.9.attn.q_proj,attention_qkv,0.720373758632539,0.006705334772741336,19221.296310424805,0.29203198766781985,0.0021063914707723885,1e-05,1e-05,vit,dp_kfm_a,public,0.1,42,3,True
layer,blocks.9.attn.k_proj,attention_qkv,0.7202345066321438,0.006705334772741336,19221.296310424805,0.4467388952856705,0.0032222737180503326,1e-05,1e-05,vit,dp_kfm_a,public,0.1,42,3,True
layer,blocks.9.attn.v_proj,attention_qkv,0.719949970352553,0.006705334772741336,19221.296310424805,1.1105684736902999,0.00801039632463431,1e-05,1e-05,vit,dp_kfm_a,public,0.1,42,3,True
layer,blocks.9.attn.out_proj,attention_out,0.7202913080650523,0.006705334772741336,19221.296310424805,1.0525473032999002,0.007591896627355987,1e-05,1e-05,vit,dp_kfm_a,public,0.1,42,3,True
layer,blocks.9.mlp.fc1,mlp_fc1,0.720204512347506,0.026821339090965342,76885.18524169922,1.2929686774170825,0.004663013486702564,1e-05,1e-05,vit,dp_kfm_a,public,0.1,42,3,True
layer,blocks.9.mlp.fc2,mlp_fc2,0.7202541835260112,0.026717111089316622,76586.4086151123,1.0459512383129488,0.003779510760687533,1e-05,1e-05,vit,dp_kfm_a,public,0.1,42,3,True
layer,blocks.10.attn.q_proj,attention_qkv,0.7201477254198984,0.006705334772741336,19221.296310424805,0.24456172469837864,0.0017639941949373497,1e-05,1e-05,vit,dp_kfm_a,public,0.1,42,3,True
layer,blocks.10.attn.k_proj,attention_qkv,0.7199913917532679,0.006705334772741336,19221.296310424805,0.3963974523111584,0.0028591669674689455,1e-05,1e-05,vit,dp_kfm_a,public,0.1,42,3,True
layer,blocks.10.attn.v_proj,attention_qkv,0.7199762242153124,0.006705334772741336,19221.296310424805,0.981648484148257,0.007080512004248442,1e-05,1e-05,vit,dp_kfm_a,public,0.1,42,3,True
layer,blocks.10.attn.out_proj,attention_out,0.720106508513357,0.006705334772741336,19221.296310424805,0.937634062293346,0.006763041293157648,1e-05,1e-05,vit,dp_kfm_a,public,0.1,42,3,True
layer,blocks.10.mlp.fc1,mlp_fc1,0.7200360369054728,0.026821339090965342,76885.18524169922,1.0917321812315801,0.003937266210593508,1e-05,1e-05,vit,dp_kfm_a,public,0.1,42,3,True
layer,blocks.10.mlp.fc2,mlp_fc2,0.7203276077342595,0.026717111089316622,76586.4086151123,0.8584354859942681,0.003101928692110431,1e-05,1e-05,vit,dp_kfm_a,public,0.1,42,3,True
layer,blocks.11.attn.q_proj,attention_qkv,0.7200958125159963,0.006705334772741336,19221.296310424805,0.3337851861057298,0.0024075522503480824,1e-05,1e-05,vit,dp_kfm_a,public,0.1,42,3,True
layer,blocks.11.attn.k_proj,attention_qkv,0.7200596101742088,0.006705334772741336,19221.296310424805,0.4505647193539236,0.003249868925172686,1e-05,1e-05,vit,dp_kfm_a,public,0.1,42,3,True
layer,blocks.11.attn.v_proj,attention_qkv,0.7202448153583396,0.006705334772741336,19221.296310424805,0.9622404234619908,0.006940524005603991,1e-05,1e-05,vit,dp_kfm_a,public,0.1,42,3,True
layer,blocks.11.attn.out_proj,attention_out,0.7201900721395942,0.006705334772741336,19221.296310424805,0.8599232067695914,0.006202522274097803,1e-05,1e-05,vit,dp_kfm_a,public,0.1,42,3,True
layer,blocks.11.mlp.fc1,mlp_fc1,0.7201863063122468,0.026821339090965342,76885.18524169922,0.8502286269454716,0.0030662982201141386,1e-05,1e-05,vit,dp_kfm_a,public,0.1,42,3,True
layer,blocks.11.mlp.fc2,mlp_fc2,0.7202833126345115,0.026717111089316622,76586.4086151123,0.8493196750646347,0.0030689890059769614,1e-05,1e-05,vit,dp_kfm_a,public,0.1,42,3,True
layer,head,patch_head,0.7201722275458168,0.0003492361860802786,1001.1091828346254,3.112343761813169,0.09836641343779345,1e-05,1e-05,vit,dp_kfm_a,public,0.1,42,3,True
layer,cls_token,identity,0.7170487583105086,3.474266721627629e-05,99.59220886230469,0.1110273298994476,0.01112544044341829,1e-05,1e-05,vit,dp_kfm_a,public,0.1,42,3,True
layer,pos_embed,identity,0.7202348663195954,0.006844305441606457,19619.665145874023,0.47048745207209713,0.003358940027924691,1e-05,1e-05,vit,dp_kfm_a,public,0.1,42,3,True
layer,blocks.0.norm1.weight,identity,0.7188956605967206,3.474266721627629e-05,99.59220886230469,0.5138278382355228,0.051487872559277996,1e-05,1e-05,vit,dp_kfm_a,public,0.1,42,3,True
layer,blocks.0.norm1.bias,identity,0.7204967458064494,3.474266721627629e-05,99.59220886230469,0.34860574207987133,0.03493187150637354,1e-05,1e-05,vit,dp_kfm_a,public,0.1,42,3,True
layer,blocks.0.norm2.weight,identity,0.7176196475046446,3.474266721627629e-05,99.59220886230469,0.1773117910084636,0.01776744313825299,1e-05,1e-05,vit,dp_kfm_a,public,0.1,42,3,True
layer,blocks.0.norm2.bias,identity,0.7205544499361359,3.474266721627629e-05,99.59220886230469,0.1468560834441412,0.014715643541019608,1e-05,1e-05,vit,dp_kfm_a,public,0.1,42,3,True
layer,blocks.1.norm1.weight,identity,0.7193914572754311,3.474266721627629e-05,99.59220886230469,0.2165951183512775,0.021703810149578878,1e-05,1e-05,vit,dp_kfm_a,public,0.1,42,3,True
layer,blocks.1.norm1.bias,identity,0.7189759074838535,3.474266721627629e-05,99.59220886230469,0.26578481826003014,0.026632840481660813,1e-05,1e-05,vit,dp_kfm_a,public,0.1,42,3,True
layer,blocks.1.norm2.weight,identity,0.7224622605439603,3.474266721627629e-05,99.59220886230469,0.27541434563620965,0.027597762662703768,1e-05,1e-05,vit,dp_kfm_a,public,0.1,42,3,True
layer,blocks.1.norm2.bias,identity,0.7141215683943706,3.474266721627629e-05,99.59220886230469,0.2380998239004184,0.02385867887475574,1e-05,1e-05,vit,dp_kfm_a,public,0.1,42,3,True
layer,blocks.2.norm1.weight,identity,0.7185305291031603,3.474266721627629e-05,99.59220886230469,0.22493364829153195,0.022539368550559793,1e-05,1e-05,vit,dp_kfm_a,public,0.1,42,3,True
layer,blocks.2.norm1.bias,identity,0.7203444953986233,3.474266721627629e-05,99.59220886230469,0.29262898649733954,0.02932274750948688,1e-05,1e-05,vit,dp_kfm_a,public,0.1,42,3,True
layer,blocks.2.norm2.weight,identity,0.7226812528621283,3.474266721627629e-05,99.59220886230469,0.205927273415269,0.02063484385449936,1e-05,1e-05,vit,dp_kfm_a,public,0.1,42,3,True
layer,blocks.2.norm2.bias,identity,0.7182613102007984,3.474266721627629e-05,99.59220886230469,0.27186548563383933,0.027242150845017462,1e-05,1e-05,vit,dp_kfm_a,public,0.1,42,3,True
layer,blocks.3.norm1.weight,identity,0.7188469885769783,3.474266721627629e-05,99.59220886230469,0.18410743882099329,0.01844839777420809,1e-05,1e-05,vit,dp_kfm_a,public,0.1,42,3,True
layer,blocks.3.norm1.bias,identity,0.7147986804414109,3.474266721627629e-05,99.59220886230469,0.2649230614963719,0.026546488557684305,1e-05,1e-05,vit,dp_kfm_a,public,0.1,42,3,True
layer,blocks.3.norm2.weight,identity,0.7192107265710592,3.474266721627629e-05,99.59220886230469,0.19389750586274054,0.019429406755588404,1e-05,1e-05,vit,dp_kfm_a,public,0.1,42,3,True
layer,blocks.3.norm2.bias,identity,0.7243844031311027,3.474266721627629e-05,99.59220886230469,0.2104729073747927,0.02109033692940318,1e-05,1e-05,vit,dp_kfm_a,public,0.1,42,3,True
layer,blocks.4.norm1.weight,identity,0.7125426018991577,3.474266721627629e-05,99.59220886230469,0.1699433823438803,0.017029095275300395,1e-05,1e-05,vit,dp_kfm_a,public,0.1,42,3,True
layer,blocks.4.norm1.bias,identity,0.7208822967393165,3.474266721627629e-05,99.59220886230469,0.26537372521459873,0.026591647099834977,1e-05,1e-05,vit,dp_kfm_a,public,0.1,42,3,True
layer,blocks.4.norm2.weight,identity,0.7131738286075306,3.474266721627629e-05,99.59220886230469,0.15096198294878352,0.015127073235374388,1e-05,1e-05,vit,dp_kfm_a,public,0.1,42,3,True
layer,blocks.4.norm2.bias,identity,0.7170029075858136,3.474266721627629e-05,99.59220886230469,0.19111569193956132,0.019150656423079886,1e-05,1e-05,vit,dp_kfm_a,public,0.1,42,3,True
layer,blocks.5.norm1.weight,identity,0.7218551736756922,3.474266721627629e-05,99.59220886230469,0.13834003814725232,0.01386229729870435,1e-05,1e-05,vit,dp_kfm_a,public,0.1,42,3,True
layer,blocks.5.norm1.bias,identity,0.7208390151719061,3.474266721627629e-05,99.59220886230469,0.19962664700034435,0.02000349260072288,1e-05,1e-05,vit,dp_kfm_a,public,0.1,42,3,True
layer,blocks.5.norm2.weight,identity,0.7171832963174583,3.474266721627629e-05,99.59220886230469,0.13629175970824203,0.013657050538241114,1e-05,1e-05,vit,dp_kfm_a,public,0.1,42,3,True
layer,blocks.5.norm2.bias,identity,0.7180369801658056,3.474266721627629e-05,99.59220886230469,0.158931753711887,0.01592568029953514,1e-05,1e-05,vit,dp_kfm_a,public,0.1,42,3,True
layer,blocks.6.norm1.weight,identity,0.7147536759819375,3.474266721627629e-05,99.59220886230469,0.1376293486724476,0.013791083000090994,1e-05,1e-05,vit,dp_kfm_a,public,0.1,42,3,True
layer,blocks.6.norm1.bias,identity,0.719019824748425,3.474266721627629e-05,99.59220886230469,0.20092442849028072,0.020133536173669565,1e-05,1e-05,vit,dp_kfm_a,public,0.1,42,3,True
layer,blocks.6.norm2.weight,identity,0.7171472179685923,3.474266721627629e-05,99.59220886230469,0.11374679452704436,0.01139794309460977,1e-05,1e-05,vit,dp_kfm_a,public,0.1,42,3,True
layer,blocks.6.norm2.bias,identity,0.7180579141275972,3.474266721627629e-05,99.59220886230469,0.13258367146655364,0.013285483331057018,1e-05,1e-05,vit,dp_kfm_a,public,0.1,42,3,True
layer,blocks.7.norm1.weight,identity,0.7175317884381802,3.474266721627629e-05,99.59220886230469,0.11253487530044469,0.011276503308658153,1e-05,1e-05,vit,dp_kfm_a,public,0.1,42,3,True
layer,blocks.7.norm1.bias,identity,0.7160031215107986,3.474266721627629e-05,99.59220886230469,0.15886105534699713,0.015918596003724902,1e-05,1e-05,vit,dp_kfm_a,public,0.1,42,3,True
layer,blocks.7.norm2.weight,identity,0.7184665881340571,3.474266721627629e-05,99.59220886230469,0.07263496994990573,0.007278352393226138,1e-05,1e-05,vit,dp_kfm_a,public,0.1,42,3,True
layer,blocks.7.norm2.bias,identity,0.7187222937380855,3.474266721627629e-05,99.59220886230469,0.09742115403694378,0.009762040104438192,1e-05,1e-05,vit,dp_kfm_a,public,0.1,42,3,True
layer,blocks.8.norm1.weight,identity,0.711912583429075,3.474266721627629e-05,99.59220886230469,0.1307526432196522,0.013102006022095635,1e-05,1e-05,vit,dp_kfm_a,public,0.1,42,3,True
layer,blocks.8.norm1.bias,identity,0.7201644329306602,3.474266721627629e-05,99.59220886230469,0.14658228773210932,0.01468820797276237,1e-05,1e-05,vit,dp_kfm_a,public,0.1,42,3,True
layer,blocks.8.norm2.weight,identity,0.7256273316981081,3.474266721627629e-05,99.59220886230469,0.053486718763636816,0.005359611049438245,1e-05,1e-05,vit,dp_kfm_a,public,0.1,42,3,True
layer,blocks.8.norm2.bias,identity,0.7215629775107629,3.474266721627629e-05,99.59220886230469,0.08044853829354459,0.008061307268719058,1e-05,1e-05,vit,dp_kfm_a,public,0.1,42,3,True
layer,blocks.9.norm1.weight,identity,0.7179730969686418,3.474266721627629e-05,99.59220886230469,0.11779934456585375,0.011804026931279337,1e-05,1e-05,vit,dp_kfm_a,public,0.1,42,3,True
layer,blocks.9.norm1.bias,identity,0.7209356227659446,3.474266721627629e-05,99.59220886230469,0.15031437062408184,0.015062179552391877,1e-05,1e-05,vit,dp_kfm_a,public,0.1,42,3,True
layer,blocks.9.norm2.weight,identity,0.7217737562666496,3.474266721627629e-05,99.59220886230469,0.15142798230606686,0.015173768477895522,1e-05,1e-05,vit,dp_kfm_a,public,0.1,42,3,True
layer,blocks.9.norm2.bias,identity,0.7151028477383192,3.474266721627629e-05,99.59220886230469,0.0723137818455713,0.0072461678929851385,1e-05,1e-05,vit,dp_kfm_a,public,0.1,42,3,True
layer,blocks.10.norm1.weight,identity,0.7122572511784651,3.474266721627629e-05,99.59220886230469,0.09587056177220171,0.009606663748823432,1e-05,1e-05,vit,dp_kfm_a,public,0.1,42,3,True
layer,blocks.10.norm1.bias,identity,0.7193202360401401,3.474266721627629e-05,99.59220886230469,0.13265157126975624,0.01329228719833306,1e-05,1e-05,vit,dp_kfm_a,public,0.1,42,3,True
layer,blocks.10.norm2.weight,identity,0.7215850753882994,3.474266721627629e-05,99.59220886230469,0.12408342331084642,0.012433720033711716,1e-05,1e-05,vit,dp_kfm_a,public,0.1,42,3,True
layer,blocks.10.norm2.bias,identity,0.7204858128638836,3.474266721627629e-05,99.59220886230469,0.061125362745029534,0.0061250377129491666,1e-05,1e-05,vit,dp_kfm_a,public,0.1,42,3,True
layer,blocks.11.norm1.weight,identity,0.7220381026502785,3.474266721627629e-05,99.59220886230469,0.0922941691905157,0.009248293042206738,1e-05,1e-05,vit,dp_kfm_a,public,0.1,42,3,True
layer,blocks.11.norm1.bias,identity,0.7188285487712726,3.474266721627629e-05,99.59220886230469,0.11529972056193759,0.011553553304545336,1e-05,1e-05,vit,dp_kfm_a,public,0.1,42,3,True
layer,blocks.11.norm2.weight,identity,0.7208963646960967,3.474266721627629e-05,99.59220886230469,0.04885367993328441,0.004895359611294037,1e-05,1e-05,vit,dp_kfm_a,public,0.1,42,3,True
layer,blocks.11.norm2.bias,identity,0.7210786989000476,3.474266721627629e-05,99.59220886230469,0.0415518868382273,0.004163686929596729,1e-05,1e-05,vit,dp_kfm_a,public,0.1,42,3,True
layer,norm.weight,identity,0.72103111439115,3.474266721627629e-05,99.59220886230469,0.03896127342991687,0.0039040957531523268,1e-05,1e-05,vit,dp_kfm_a,public,0.1,42,3,True
layer,norm.bias,identity,0.7169129941168543,3.474266721627629e-05,99.59220886230469,0.022750859380635122,0.0022797389733237167,1e-05,1e-05,vit,dp_kfm_a,public,0.1,42,3,True
group,attention_out,attention_out,0.7202489751333143,0.08046401727289565,230655.55572509766,5.172094873371471,0.0107692267873464,1e-05,1e-05,vit,dp_kfm_a,public,0.1,42,3,True
group,attention_qkv,attention_qkv,0.7201946795337467,0.2413920518186876,691966.667175293,5.289426935810103,0.006358666318166866,1e-05,1e-05,vit,dp_kfm_a,public,0.1,42,3,True
group,identity,identity,0.7201250387717587,0.008616181469636556,24698.867797851562,1.4243357869325861,0.0090630393046924,1e-05,1e-05,vit,dp_kfm_a,public,0.1,42,3,True
group,mlp_fc1,mlp_fc1,0.7202021565224191,0.3218560690915826,922622.2229003906,6.342980436084681,0.006603609997139275,1e-05,1e-05,vit,dp_kfm_a,public,0.1,42,3,True
group,mlp_fc2,mlp_fc2,0.7201967573506751,0.3206053330717978,919036.9033813477,6.3067999526407394,0.006578737841777326,1e-05,1e-05,vit,dp_kfm_a,public,0.1,42,3,True
group,patch_head,patch_head,0.7203230319367301,0.027066347275396748,77587.51779794693,4.814016360928854,0.01728270165437621,1e-05,1e-05,vit,dp_kfm_a,public,0.1,42,3,True
layer,patch_embed,patch_head,0.7202000241039155,0.026717111089316622,76586.4086151123,3.4073146700574206,0.012312220674170107,1e-05,1e-05,vit,dp_kfm_a,public,0.1,42,4,True
layer,blocks.0.attn.q_proj,attention_qkv,0.7200732912924157,0.006705334772741336,19221.296310424805,0.3691544091344442,0.0026626661860182903,1e-05,1e-05,vit,dp_kfm_a,public,0.1,42,4,True
layer,blocks.0.attn.k_proj,attention_qkv,0.7206730696245134,0.006705334772741336,19221.296310424805,0.557020161851504,0.004017719179814197,1e-05,1e-05,vit,dp_kfm_a,public,0.1,42,4,True
layer,blocks.0.attn.v_proj,attention_qkv,0.7200562021081314,0.006705334772741336,19221.296310424805,1.311697750140494,0.009461117513846,1e-05,1e-05,vit,dp_kfm_a,public,0.1,42,4,True
layer,blocks.0.attn.out_proj,attention_out,0.7203332484046967,0.006705334772741336,19221.296310424805,1.5048992579562361,0.010854656664996621,1e-05,1e-05,vit,dp_kfm_a,public,0.1,42,4,True
layer,blocks.0.mlp.fc1,mlp_fc1,0.7202716151460373,0.026821339090965342,76885.18524169922,1.7185276722928926,0.006197766313397194,1e-05,1e-05,vit,dp_kfm_a,public,0.1,42,4,True
layer,blocks.0.mlp.fc2,mlp_fc2,0.7201417032267887,0.026717111089316622,76586.4086151123,2.773818415939655,0.010023102576126463,1e-05,1e-05,vit,dp_kfm_a,public,0.1,42,4,True
layer,blocks.1.attn.q_proj,attention_qkv,0.7200986422441895,0.006705334772741336,19221.296310424805,0.21644546542290008,0.0015611950111874549,1e-05,1e-05,vit,dp_kfm_a,public,0.1,42,4,True
layer,blocks.1.attn.k_proj,attention_qkv,0.7201400437497377,0.006705334772741336,19221.296310424805,0.29117720236385725,0.0021002260075709514,1e-05,1e-05,vit,dp_kfm_a,public,0.1,42,4,True
layer,blocks.1.attn.v_proj,attention_qkv,0.7204033019215155,0.006705334772741336,19221.296310424805,1.2742157166952608,0.009190764131715635,1e-05,1e-05,vit,dp_kfm_a,public,0.1,42,4,True
layer,blocks.1.attn.out_proj,attention_out,0.7201232212580729,0.006705334772741336,19221.296310424805,1.6206762505479355,0.011689742135100106,1e-05,1e-05,vit,dp_kfm_a,public,0.1,42,4,True
layer,blocks.1.mlp.fc1,mlp_fc1,0.7201323686303012,0.026821339090965342,76885.18524169922,2.1614212972493636,0.00779503543709493,1e-05,1e-05,vit,dp_kfm_a,public,0.1,42,4,True
layer,blocks.1.mlp.fc2,mlp_fc2,0.7200952231976967,0.026717111089316622,76586.4086151123,1.76302095717769,0.00637061885381796,1e-05,1e-05,vit,dp_kfm_a,public,0.1,42,4,True
layer,blocks.2.attn.q_proj,attention_qkv,0.7202611815609039,0.006705334772741336,19221.296310424805,0.3388450885223822,0.002444048715610309,1e-05,1e-05,vit,dp_kfm_a,public,0.1,42,4,True
layer,blocks.2.attn.k_proj,attention_qkv,0.7203598510774137,0.006705334772741336,19221.296310424805,0.4521902405271818,0.003261593613150376,1e-05,1e-05,vit,dp_kfm_a,public,0.1,42,4,True
layer,blocks.2.attn.v_proj,attention_qkv,0.7198427950324704,0.006705334772741336,19221.296310424805,1.6943238738981077,0.01222095355103553,1e-05,1e-05,vit,dp_kfm_a,public,0.1,42,4,True
layer,blocks.2.attn.out_proj,attention_out,0.7204136428326112,0.006705334772741336,19221.296310424805,1.854396761951705,0.013375539967375404,1e-05,1e-05,vit,dp_kfm_a,public,0.1,42,4,True
layer,blocks.2.mlp.fc1,mlp_fc1,0.7202561742253198,0.026821339090965342,76885.18524169922,2.2656547329756105,0.008170947031123471,1e-05,1e-05,vit,dp_kfm_a,public,0.1,42,4,True
layer,blocks.2.mlp.fc2,mlp_fc2,0.7202189811056231,0.026717111089316622,76586.4086151123,2.104897935966381,0.007605980190783649,1e-05,1e-05,vit,dp_kfm_a,public,0.1,42,4,True
layer,blocks.3.attn.q_proj,attention_qkv,0.720363143964185,0.006705334772741336,19221.296310424805,0.3548750147914109,0.0025596706385367777,1e-05,1e-05,vit,dp_kfm_a,public,0.1,42,4,True
layer,blocks.3.attn.k_proj,attention_qkv,0.7203038648431593,0.006705334772741336,19221.296310424805,0.5013235803162049,0.0036159864613060457,1e-05,1e-05,vit,dp_kfm_a,public,0.1,42,4,True
layer,blocks.3.attn.v_proj,attention_qkv,0.7199946963457335,0.006705334772741336,19221.296310424805,1.51052666544404,0.010895246475823624,1e-05,1e-05,vit,dp_kfm_a,public,0.1,42,4,True
layer,blocks.3.attn.out_proj,attention_out,0.720272827757912,0.006705334772741336,19221.296310424805,1.6306378368701273,0.011761593854605203,1e-05,1e-05,vit,dp_kfm_a,public,0.1,42,4,True
layer,blocks.3.mlp.fc1,mlp_fc1,0.720118417851374,0.026821339090965342,76885.18524169922,2.0676236434029853,0.007456759860473491,1e-05,1e-05,vit,dp_kfm_a,public,0.1,42,4,True
layer,blocks.3.mlp.fc2,mlp_fc2,0.7202295035991993,0.026717111089316622,76586.4086151123,2.0356074422299746,0.00735560124662512,1e-05,1e-05,vit,dp_kfm_a,public,0.1,42,4,True
layer,blocks.4.attn.q_proj,attention_qkv,0.7203073321842767,0.006705334772741336,19221.296310424805,0.44990953513628024,0.0032451431605095356,1e-05,1e-05,vit,dp_kfm_a,public,0.1,42,4,True
layer,blocks.4.attn.k_proj,attention_qkv,0.7202800862621789,0.006705334772741336,19221.296310424805,0.6599489654135116,0.004760132213575534,1e-05,1e-05,vit,dp_kfm_a,public,0.1,42,4,True
layer,blocks.4.attn.v_proj,attention_qkv,0.7201755831579458,0.006705334772741336,19221.296310424805,1.454915626599741,0.0104941307664183,1e-05,1e-05,vit,dp_kfm_a,public,0.1,42,4,True
layer,blocks.4.attn.out_proj,attention_out,0.7203181192952222,0.006705334772741336,19221.296310424805,1.5277164102537537,0.01101923402986213,1e-05,1e-05,vit,dp_kfm_a,public,0.1,42,4,True
layer,blocks.4.mlp.fc1,mlp_fc1,0.7203003532849592,0.026821339090965342,76885.18524169922,1.896196467662074,0.006838518099146315,1e-05,1e-05,vit,dp_kfm_a,public,0.1,42,4,True
layer,blocks.4.mlp.fc2,mlp_fc2,0.7202373200237752,0.026717111089316622,76586.4086151123,1.9286778059407597,0.006969214485762977,1e-05,1e-05,vit,dp_kfm_a,public,0.1,42,4,True
layer,blocks.5.attn.q_proj,attention_qkv,0.7202220578323738,0.006705334772741336,19221.296310424805,0.3340970170554083,0.0024098014493415614,1e-05,1e-05,vit,dp_kfm_a,public,0.1,42,4,True
layer,blocks.5.attn.k_proj,attention_qkv,0.7202332025377681,0.006705334772741336,19221.296310424805,0.49825115292910654,0.0035938254134892118,1e-05,1e-05,vit,dp_kfm_a,public,0.1,42,4,True
layer,blocks.5.attn.v_proj,attention_qkv,0.7203366080373652,0.006705334772741336,19221.296310424805,1.3673624839549994,0.009862620518588956,1e-05,1e-05,vit,dp_kfm_a,public,0.1,42,4,True
layer,blocks.5.attn.out_proj,attention_out,0.7201014723421263,0.006705334772741336,19221.296310424805,1.3649578065506227,0.009845275870781748,1e-05,1e-05,vit,dp_kfm_a,public,0.1,42,4,True
layer,blocks.5.mlp.fc1,mlp_fc1,0.7203176216798393,0.026821339090965342,76885.18524169922,1.7054502796754287,0.006150603486322396,1e-05,1e-05,vit,dp_kfm_a,public,0.1,42,4,True
layer,blocks.5.mlp.fc2,mlp_fc2,0.7203158971734779,0.026717111089316622,76586.4086151123,1.5531239795816958,0.005612162956065591,1e-05,1e-05,vit,dp_kfm_a,public,0.1,42,4,True
layer,blocks.6.attn.q_proj,attention_qkv,0.7201899058016908,0.006705334772741336,19221.296310424805,0.3011209469936368,0.0021719490371026697,1e-05,1e-05,vit,dp_kfm_a,public,0.1,42,4,True
layer,blocks.6.attn.k_proj,attention_qkv,0.7202748519321185,0.006705334772741336,19221.296310424805,0.4592078287741923,0.0033122106299605675,1e-05,1e-05,vit,dp_kfm_a,public,0.1,42,4,True
layer,blocks.6.attn.v_proj,attention_qkv,0.7203603842125901,0.006705334772741336,19221.296310424805,1.3213994658853059,0.009531094818249979,1e-05,1e-05,vit,dp_kfm_a,public,0.1,42,4,True
layer,blocks.6.attn.out_proj,attention_out,0.7202361565279416,0.006705334772741336,19221.296310424805,1.5073307834209502,0.010872194964621742,1e-05,1e-05,vit,dp_kfm_a,public,0.1,42,4,True
layer,blocks.6.mlp.fc1,mlp_fc1,0.7201851666401741,0.026821339090965342,76885.18524169922,1.6666475900484286,0.006010663928457404,1e-05,1e-05,vit,dp_kfm_a,public,0.1,42,4,True
layer,blocks.6.mlp.fc2,mlp_fc2,0.7202438526710975,0.026717111089316622,76586.4086151123,1.498794162129154,0.005415843928785429,1e-05,1e-05,vit,dp_kfm_a,public,0.1,42,4,True
layer,blocks.7.attn.q_proj,attention_qkv,0.7203750124580812,0.006705334772741336,19221.296310424805,0.26303631216613127,0.0018972491639525136,1e-05,1e-05,vit,dp_kfm_a,public,0.1,42,4,True
layer,blocks.7.attn.k_proj,attention_qkv,0.7206360909817713,0.006705334772741336,19221.296310424805,0.38053869798548606,0.0027447796871047534,1e-05,1e-05,vit,dp_kfm_a,public,0.1,42,4,True
layer,blocks.7.attn.v_proj,attention_qkv,0.7201915975531695,0.006705334772741336,19221.296310424805,1.2708265632906994,0.009166318577372375,1e-05,1e-05,vit,dp_kfm_a,public,0.1,42,4,True
layer,blocks.7.attn.out_proj,attention_out,0.7201605235505236,0.006705334772741336,19221.296310424805,1.2007783287123066,0.008661069118102773,1e-05,1e-05,vit,dp_kfm_a,public,0.1,42,4,True
layer,blocks.7.mlp.fc1,mlp_fc1,0.7203125430836232,0.026821339090965342,76885.18524169922,1.4528063854737014,0.005239458532409736,1e-05,1e-05,vit,dp_kfm_a,public,0.1,42,4,True
layer,blocks.7.mlp.fc2,mlp_fc2,0.7202073157099456,0.026717111089316622,76586.4086151123,1.3307578132609101,0.004808650050647731,1e-05,1e-05,vit,dp_kfm_a,public,0.1,42,4,True
layer,blocks.8.attn.q_proj,attention_qkv,0.7204608377670434,0.006705334772741336,19221.296310424805,0.25156355179739615,0.001814497528489869,1e-05,1e-05,vit,dp_kfm_a,public,0.1,42,4,True
layer,blocks.8.attn.k_proj,attention_qkv,0.7204003258171946,0.006705334772741336,19221.296310424805,0.3607942866462467,0.0026023656318071462,1e-05,1e-05,vit,dp_kfm_a,public,0.1,42,4,True
layer,blocks.8.attn.v_proj,attention_qkv,0.7201489269719407,0.006705334772741336,19221.296310424805,1.0905622094501761,0.00786609355597545,1e-05,1e-05,vit,dp_kfm_a,public,0.1,42,4,True
layer,blocks.8.attn.out_proj,attention_out,0.7204019058133546,0.006705334772741336,19221.296310424805,1.0539442871974583,0.007601972903554777,1e-05,1e-05,vit,dp_kfm_a,public,0.1,42,4,True
layer,blocks.8.mlp.fc1,mlp_fc1,0.7201670659039261,0.026821339090965342,76885.18524169922,1.3014295034810763,0.004693526945175391,1e-05,1e-05,vit,dp_kfm_a,public,0.1,42,4,True
layer,blocks.8.mlp.fc2,mlp_fc2,0.7201592346718145,0.026717111089316622,76586.4086151123,1.1108634154498662,0.00401406880029973,1e-05,1e-05,vit,dp_kfm_a,public,0.1,42,4,True
layer,blocks.9.attn.q_proj,attention_qkv,0.7197032735776561,0.006705334772741336,19221.296310424805,0.25528012631116714,0.0018413047317651582,1e-05,1e-05,vit,dp_kfm_a,public,0.1,42,4,True
layer,blocks.9.attn.k_proj,attention_qkv,0.7201893606007684,0.006705334772741336,19221.296310424805,0.39615081638481614,0.0028573880123079617,1e-05,1e-05,vit,dp_kfm_a,public,0.1,42,4,True
layer,blocks.9.attn.v_proj,attention_qkv,0.7202088535343112,0.006705334772741336,19221.296310424805,0.9568157657625974,0.0069013966045233174,1e-05,1e-05,vit,dp_kfm_a,public,0.1,42,4,True
layer,blocks.9.attn.out_proj,attention_out,0.7204228307605938,0.006705334772741336,19221.296310424805,0.8825327748174242,0.006365602358831449,1e-05,1e-05,vit,dp_kfm_a,public,0.1,42,4,True
layer,blocks.9.mlp.fc1,mlp_fc1,0.7201959745645701,0.026821339090965342,76885.18524169922,1.0849743609865483,0.003912894539806986,1e-05,1e-05,vit,dp_kfm_a,public,0.1,42,4,True
layer,blocks.9.mlp.fc2,mlp_fc2,0.7201748317674077,0.026717111089316622,76586.4086151123,0.8683411444688692,0.0031377224666431992,1e-05,1e-05,vit,dp_kfm_a,public,0.1,42,4,True
layer,blocks.10.attn.q_proj,attention_qkv,0.7199711343632259,0.006705334772741332,19221.2963104248,0.21225446010346455,0.001530965795787729,1e-05,1e-05,vit,dp_kfm_a,public,0.1,42,4,True
layer,blocks.10.attn.k_proj,attention_qkv,0.7203053975553099,0.006705334772741332,19221.2963104248,0.34044830201625537,0.0024556125009897478,1e-05,1e-05,vit,dp_kfm_a,public,0.1,42,4,True
layer,blocks.10.attn.v_proj,attention_qkv,0.7202926611993102,0.006705334772741332,19221.2963104248,0.8114952901933344,0.005853217558411878,1e-05,1e-05,vit,dp_kfm_a,public,0.1,42,4,True
layer,blocks.10.attn.out_proj,attention_out,0.7200765604564537,0.006705334772741336,19221.296310424805,0.7582078587028427,0.005468861748326387,1e-05,1e-05,vit,dp_kfm_a,public,0.1,42,4,True
layer,blocks.10.mlp.fc1,mlp_fc1,0.7202137502662789,0.026821339090965342,76885.18524169922,0.886707955971406,0.0031978587182180827,1e-05,1e-05,vit,dp_kfm_a,public,0.1,42,4,True
layer,blocks.10.mlp.fc2,mlp_fc2,0.7202784361741934,0.026717111089316622,76586.4086151123,0.6809247002354399,0.002460499244600319,1e-05,1e-05,vit,dp_kfm_a,public,0.1,42,4,True
layer,blocks.11.attn.q_proj,attention_qkv,0.7199859221639722,0.006705334772741336,19221.296310424805,0.2792203320598238,0.0020139825455903542,1e-05,1e-05,vit,dp_kfm_a,public,0.1,42,4,True
layer,blocks.11.attn.k_proj,attention_qkv,0.71988217800503,0.006705334772741336,19221.296310424805,0.3773113779339466,0.002721501417199103,1e-05,1e-05,vit,dp_kfm_a,public,0.1,42,4,True
layer,blocks.11.attn.v_proj,attention_qkv,0.7199491601514302,0.006705334772741336,19221.296310424805,0.7568448194752337,0.005459030310933888,1e-05,1e-05,vit,dp_kfm_a,public,0.1,42,4,True
layer,blocks.11.attn.out_proj,attention_out,0.7202613182712634,0.006705334772741336,19221.296310424805,0.6741892285737179,0.004862845512559517,1e-05,1e-05,vit,dp_kfm_a,public,0.1,42,4,True
layer,blocks.11.mlp.fc1,mlp_fc1,0.7200907477785298,0.026821339090965342,76885.18524169922,0.6717238439930582,0.002422531495609401,1e-05,1e-05,vit,dp_kfm_a,public,0.1,42,4,True
layer,blocks.11.mlp.fc2,mlp_fc2,0.7200969134074451,0.026717111089316622,76586.4086151123,0.6817963485907104,0.002463648917565561,1e-05,1e-05,vit,dp_kfm_a,public,0.1,42,4,True
layer,head,patch_head,0.7206297455308152,0.0003492361860802786,1001.1091828346254,2.3748531050601565,0.07505783430885614,1e-05,1e-05,vit,dp_kfm_a,public,0.1,42,4,True
layer,cls_token,identity,0.7228234777706155,3.474266721627629e-05,99.59220886230469,0.10642711038012787,0.010664477648625386,1e-05,1e-05,vit,dp_kfm_a,public,0.1,42,4,True
layer,pos_embed,identity,0.7201746335969738,0.006844305441606457,19619.665145874023,0.43360136645689523,0.003095600062319461,1e-05,1e-05,vit,dp_kfm_a,public,0.1,42,4,True
layer,blocks.0.norm1.weight,identity,0.7147692961991168,3.474266721627629e-05,99.59220886230469,0.511929272807245,0.05129762771938706,1e-05,1e-05,vit,dp_kfm_a,public,0.1,42,4,True
layer,blocks.0.norm1.bias,identity,0.7177438108972682,3.474266721627629e-05,99.59220886230469,0.3341773474612024,0.03348608113053078,1e-05,1e-05,vit,dp_kfm_a,public,0.1,42,4,True
layer,blocks.0.norm2.weight,identity,0.7209054923813855,3.474266721627629e-05,99.59220886230469,0.1639267374518553,0.01642620025408319,1e-05,1e-05,vit,dp_kfm_a,public,0.1,42,4,True
layer,blocks.0.norm2.bias,identity,0.713976861568668,3.474266721627629e-05,99.59220886230469,0.1384943668483913,0.01387776173232431,1e-05,1e-05,vit,dp_kfm_a,public,0.1,42,4,True
layer,blocks.1.norm1.weight,identity,0.7217680303782349,3.474266721627629e-05,99.59220886230469,0.19795864639154737,0.01983635139819586,1e-05,1e-05,vit,dp_kfm_a,public,0.1,42,4,True
layer,blocks.1.norm1.bias,identity,0.7184075345694566,3.474266721627629e-05,99.59220886230469,0.2490803188200469,0.0249589741117773,1e-05,1e-05,vit,dp_kfm_a,public,0.1,42,4,True
layer,blocks.1.norm2.weight,identity,0.71634014610284,3.474266721627629e-05,99.59220886230469,0.2529747429809611,0.025349213020547802,1e-05,1e-05,vit,dp_kfm_a,public,0.1,42,4,True
layer,blocks.1.norm2.bias,identity,0.7177526778204772,3.474266721627629e-05,99.59220886230469,0.22011322682790546,0.022056340525349022,1e-05,1e-05,vit,dp_kfm_a,public,0.1,42,4,True
layer,blocks.2.norm1.weight,identity,0.7207904211153019,3.474266721627629e-05,99.59220886230469,0.20556002864632994,0.020598044268229133,1e-05,1e-05,vit,dp_kfm_a,public,0.1,42,4,True
layer,blocks.2.norm1.bias,identity,0.7165788173709562,3.474266721627629e-05,99.59220886230469,0.26878622310721684,0.02693359481759059,1e-05,1e-05,vit,dp_kfm_a,public,0.1,42,4,True
layer,blocks.2.norm2.weight,identity,0.721345673364481,3.474266721627629e-05,99.59220886230469,0.18393403795857022,0.01843102222379656,1e-05,1e-05,vit,dp_kfm_a,public,0.1,42,4,True
layer,blocks.2.norm2.bias,identity,0.7146299605285329,3.474266721627629e-05,99.59220886230469,0.2503745690731611,0.025088663838828663,1e-05,1e-05,vit,dp_kfm_a,public,0.1,42,4,True
layer,blocks.3.norm1.weight,identity,0.7179256021757493,3.474266721627629e-05,99.59220886230469,0.16786935011672138,0.016821267868824166,1e-05,1e-05,vit,dp_kfm_a,public,0.1,42,4,True
layer,blocks.3.norm1.bias,identity,0.7228140904797462,3.474266721627629e-05,99.59220886230469,0.2418414382717439,0.02423360555171103,1e-05,1e-05,vit,dp_kfm_a,public,0.1,42,4,True
layer,blocks.3.norm2.weight,identity,0.7187955695977898,3.474266721627629e-05,99.59220886230469,0.1776899460794147,0.017805335986113554,1e-05,1e-05,vit,dp_kfm_a,public,0.1,42,4,True
layer,blocks.3.norm2.bias,identity,0.7227343624774015,3.474266721627629e-05,99.59220886230469,0.18814135767750817,0.018852614682174647,1e-05,1e-05,vit,dp_kfm_a,public,0.1,42,4,True
layer,blocks.4.norm1.weight,identity,0.723321156368762,3.474266721627629e-05,99.59220886230469,0.1521777110794188,0.015248894690731563,1e-05,1e-05,vit,dp_kfm_a,public,0.1,42,4,True
layer,blocks.4.norm1.bias,identity,0.7211191661998216,3.474266721627629e-05,99.59220886230469,0.24103426631604957,0.024152723272286614,1e-05,1e-05,vit,dp_kfm_a,public,0.1,42,4,True
layer,blocks.4.norm2.weight,identity,0.7155144264400678,3.474266721627629e-05,99.59220886230469,0.13841968763650916,0.013870278537646857,1e-05,1e-05,vit,dp_kfm_a,public,0.1,42,4,True
layer,blocks.4.norm2.bias,identity,0.7105361602840206,3.474266721627629e-05,99.59220886230469,0.1746789654252187,0.0175036221110264,1e-05,1e-05,vit,dp_kfm_a,public,0.1,42,4,True
layer,blocks.5.norm1.weight,identity,0.7175520213472371,3.474266721627629e-05,99.59220886230469,0.12553963522249614,0.012579639051225038,1e-05,1e-05,vit,dp_kfm_a,public,0.1,42,4,True
layer,blocks.5.norm1.bias,identity,0.7224320260311429,3.474266721627629e-05,99.59220886230469,0.18259826966241643,0.018297172201117255,1e-05,1e-05,vit,dp_kfm_a,public,0.1,42,4,True
layer,blocks.5.norm2.weight,identity,0.7195890118007295,3.474266721627629e-05,99.59220886230469,0.1233834889040791,0.012363583441542569,1e-05,1e-05,vit,dp_kfm_a,public,0.1,42,4,True
layer,blocks.5.norm2.bias,identity,0.7156002394170525,3.474266721627629e-05,99.59220886230469,0.14174658239442364,0.014203648434267977,1e-05,1e-05,vit,dp_kfm_a,public,0.1,42,4,True
layer,blocks.6.norm1.weight,identity,0.7214029663086481,3.474266721627629e-05,99.59220886230469,0.12283598915739442,0.012308721491515998,1e-05,1e-05,vit,dp_kfm_a,public,0.1,42,4,True
layer,blocks.6.norm1.bias,identity,0.7174646537781068,3.474266721627629e-05,99.59220886230469,0.17871911197285437,0.0179084630618005,1e-05,1e-05,vit,dp_kfm_a,public,0.1,42,4,True
layer,blocks.6.norm2.weight,identity,0.7202530417467635,3.474266721627629e-05,99.59220886230469,0.10101634208051816,0.010122294201315971,1e-05,1e-05,vit,dp_kfm_a,public,0.1,42,4,True
layer,blocks.6.norm2.bias,identity,0.7175243603048599,3.474266721627629e-05,99.59220886230469,0.11869758674397213,0.011894034858746152,1e-05,1e-05,vit,dp_kfm_a,public,0.1,42,4,True
layer,blocks.7.norm1.weight,identity,0.7202680223285816,3.474266721627629e-05,99.59220886230469,0.1004470504219664,0.010065248603192613,1e-05,1e-05,vit,dp_kfm_a,public,0.1,42,4,True
layer,blocks.7.norm1.bias,identity,0.7182707382821932,3.474266721627629e-05,99.59220886230469,0.14645792140408312,0.014675745904397103,1e-05,1e-05,vit,dp_kfm_a,public,0.1,42,4,True
layer,blocks.7.norm2.weight,identity,0.7239550230985322,3.474266721627629e-05,99.59220886230469,0.06390250992311547,0.006403320416499586,1e-05,1e-05,vit,dp_kfm_a,public,0.1,42,4,True
layer,blocks.7.norm2.bias,identity,0.7194683338557825,3.474266721627629e-05,99.59220886230469,0.08600339578213682,0.008617929104234503,1e-05,1e-05,vit,dp_kfm_a,public,0.1,42,4,True
layer,blocks.8.norm1.weight,identity,0.7227894022030253,3.474266721627629e-05,99.59220886230469,0.11342465730050907,0.01136566348803297,1e-05,1e-05,vit,dp_kfm_a,public,0.1,42,4,True
layer,blocks.8.norm1.bias,identity,0.7139701420952558,3.474266721627629e-05,99.59220886230469,0.12894194198232906,0.012920565571398425,1e-05,1e-05,vit,dp_kfm_a,public,0.1,42,4,True
layer,blocks.8.norm2.weight,identity,0.7167200000669894,3.474266721627629e-05,99.59220886230469,0.047893598436510566,0.004799155104504057,1e-05,1e-05,vit,dp_kfm_a,public,0.1,42,4,True
layer,blocks.8.norm2.bias,identity,0.7200384726757901,3.474266721627629e-05,99.59220886230469,0.07092406574689954,0.007106912056579506,1e-05,1e-05,vit,dp_kfm_a,public,0.1,42,4,True
layer,blocks.9.norm1.weight,identity,0.7191444579580176,3.474266721627629e-05,99.59220886230469,0.09897243226134916,0.009917485196312642,1e-05,1e-05,vit,dp_kfm_a,public,0.1,42,4,True
layer,blocks.9.norm1.bias,identity,0.7196153249121182,3.474266721627629e-05,99.59220886230469,0.13269675423431387,0.013296814735667314,1e-05,1e-05,vit,dp_kfm_a,public,0.1,42,4,True
layer,blocks.9.norm2.weight,identity,0.7158513893531853,3.474266721627629e-05,99.59220886230469,0.11202130289275833,0.011225041031394782,1e-05,1e-05,vit,dp_kfm_a,public,0.1,42,4,True
layer,blocks.9.norm2.bias,identity,0.7202024983149212,3.474266721627629e-05,99.59220886230469,0.06159194360465555,0.006171791224634161,1e-05,1e-05,vit,dp_kfm_a,public,0.1,42,4,True
layer,blocks.10.norm1.weight,identity,0.7170528341705131,3.474266721627629e-05,99.59220886230469,0.09044807750153626,0.009063306308242848,1e-05,1e-05,vit,dp_kfm_a,public,0.1,42,4,True
layer,blocks.10.norm1.bias,identity,0.7180456441123483,3.474266721627629e-05,99.59220886230469,0.11400143193680172,0.011423458914358713,1e-05,1e-05,vit,dp_kfm_a,public,0.1,42,4,True
layer,blocks.10.norm2.weight,identity,0.7149465003565171,3.474266721627629e-05,99.59220886230469,0.11676362691970466,0.011700243340348478,1e-05,1e-05,vit,dp_kfm_a,public,0.1,42,4,True
layer,blocks.10.norm2.bias,identity,0.7163568163977728,3.474266721627629e-05,99.59220886230469,0.05260073649527775,0.005270831620360013,1e-05,1e-05,vit,dp_kfm_a,public,0.1,42,4,True
layer,blocks.11.norm1.weight,identity,0.7234839424204134,3.474266721627629e-05,99.59220886230469,0.07489680947345277,0.007504998939932997,1e-05,1e-05,vit,dp_kfm_a,public,0.1,42,4,True
layer,blocks.11.norm1.bias,identity,0.7200672173508642,3.474266721627629e-05,99.59220886230469,0.09633314688493846,0.009653016868604179,1e-05,1e-05,vit,dp_kfm_a,public,0.1,42,4,True
layer,blocks.11.norm2.weight,identity,0.7183092661681169,3.474266721627629e-05,99.59220886230469,0.03785947016359916,0.003793690084287883,1e-05,1e-05,vit,dp_kfm_a,public,0.1,42,4,True
layer,blocks.11.norm2.bias,identity,0.7148963748194893,3.474266721627629e-05,99.59220886230469,0.03201217509661037,0.003207764681220068,1e-05,1e-05,vit,dp_kfm_a,public,0.1,42,4,True
layer,norm.weight,identity,0.7221380700062177,3.474266721627629e-05,99.59220886230469,0.02918611750691653,0.002924580933288061,1e-05,1e-05,vit,dp_kfm_a,public,0.1,42,4,True
layer,norm.bias,identity,0.7244339099628196,3.474266721627629e-05,99.59220886230469,0.019291703982147447,0.0019331159625275705,1e-05,1e-05,vit,dp_kfm_a,public,0.1,42,4,True
group,attention_out,attention_out,0.72026469647207,0.08046401727289565,230655.55572509766,4.677551876018954,0.00973949979567743,1e-05,1e-05,vit,dp_kfm_a,public,0.1,42,4,True
group,attention_qkv,attention_qkv,0.7202174018983157,0.2413920518186876,691966.667175293,4.781897559398039,0.005748541631610941,1e-05,1e-05,vit,dp_kfm_a,public,0.1,42,4,True
group,identity,identity,0.7200974701865308,0.008616181469636556,24698.867797851562,1.3221390558863633,0.00841276217286686,1e-05,1e-05,vit,dp_kfm_a,public,0.1,42,4,True
group,mlp_fc1,mlp_fc1,0.7202145878719144,0.3218560690915826,922622.2229003906,5.709464753093859,0.005944063504808443,1e-05,1e-05,vit,dp_kfm_a,public,0.1,42,4,True
group,mlp_fc2,mlp_fc2,0.7202011271206235,0.3206053330717978,919036.9033813477,5.703773514233134,0.005949709986171534,1e-05,1e-05,vit,dp_kfm_a,public,0.1,42,4,True
group,patch_head,patch_head,0.7202070296842161,0.027066347275396748,77587.51779794693,4.16219867334334,0.0149426243087703,1e-05,1e-05,vit,dp_kfm_a,public,0.1,42,4,True
layer,patch_embed,patch_head,0.7201586939528168,0.026717111089316622,76586.4086151123,3.264724876532678,0.011796977095645136,1e-05,1e-05,vit,dp_kfm_a,public,0.1,42,5,True
layer,blocks.0.attn.q_proj,attention_qkv,0.7205842785967982,0.006705334772741336,19221.296310424805,0.337944731835228,0.0024375545515236303,1e-05,1e-05,vit,dp_kfm_a,public,0.1,42,5,True
layer,blocks.0.attn.k_proj,attention_qkv,0.720456819221978,0.006705334772741336,19221.296310424805,0.49600527653883897,0.0035776261782251256,1e-05,1e-05,vit,dp_kfm_a,public,0.1,42,5,True
layer,blocks.0.attn.v_proj,attention_qkv,0.71991537702867,0.006705334772741336,19221.296310424805,1.2429201705407904,0.008965033135534756,1e-05,1e-05,vit,dp_kfm_a,public,0.1,42,5,True
layer,blocks.0.attn.out_proj,attention_out,0.7203625056348336,0.006705334772741336,19221.296310424805,1.4320984593647128,0.010329553293810335,1e-05,1e-05,vit,dp_kfm_a,public,0.1,42,5,True
layer,blocks.0.mlp.fc1,mlp_fc1,0.720273791776542,0.026821339090965342,76885.18524169922,1.612829473790435,0.005816572140834779,1e-05,1e-05,vit,dp_kfm_a,public,0.1,42,5,True
layer,blocks.0.mlp.fc2,mlp_fc2,0.7203102387010297,0.026717111089316622,76586.4086151123,2.570339475152102,0.009287838045515752,1e-05,1e-05,vit,dp_kfm_a,public,0.1,42,5,True
layer,blocks.1.attn.q_proj,attention_qkv,0.7201700018124684,0.006705334772741336,19221.296310424805,0.20221245645683192,0.0014585340358300055,1e-05,1e-05,vit,dp_kfm_a,public,0.1,42,5,True
layer,blocks.1.attn.k_proj,attention_qkv,0.7202896385076539,0.006705334772741336,19221.296310424805,0.2704915009780623,0.0019510225408070792,1e-05,1e-05,vit,dp_kfm_a,public,0.1,42,5,True
layer,blocks.1.attn.v_proj,attention_qkv,0.7203107984168068,0.006705334772741336,19221.296310424805,1.1940172011166033,0.008612301921008628,1e-05,1e-05,vit,dp_kfm_a,public,0.1,42,5,True
layer,blocks.1.attn.out_proj,attention_out,0.7201978288500913,0.006705334772741336,19221.296310424805,1.495908793996672,0.010789809533852016,1e-05,1e-05,vit,dp_kfm_a,public,0.1,42,5,True
layer,blocks.1.mlp.fc1,mlp_fc1,0.7200558725880104,0.026821339090965342,76885.18524169922,2.016117926451871,0.007271007601366096,1e-05,1e-05,vit,dp_kfm_a,public,0.1,42,5,True
layer,blocks.1.mlp.fc2,mlp_fc2,0.720242179048387,0.026717111089316622,76586.4086151123,1.639668504725075,0.005924888781205945,1e-05,1e-05,vit,dp_kfm_a,public,0.1,42,5,True
layer,blocks.2.attn.q_proj,attention_qkv,0.7200817213628637,0.006705334772741336,19221.296310424805,0.31559285965532613,0.0022763331959744057,1e-05,1e-05,vit,dp_kfm_a,public,0.1,42,5,True
layer,blocks.2.attn.k_proj,attention_qkv,0.7201751215454448,0.006705334772741336,19221.296310424805,0.4198386693190285,0.003028245635748485,1e-05,1e-05,vit,dp_kfm_a,public,0.1,42,5,True
layer,blocks.2.attn.v_proj,attention_qkv,0.7204092277438177,0.006705334772741336,19221.296310424805,1.5834700473196361,0.011421378283024206,1e-05,1e-05,vit,dp_kfm_a,public,0.1,42,5,True
layer,blocks.2.attn.out_proj,attention_out,0.720430525241893,0.006705334772741336,19221.296310424805,1.7362104674204002,0.01252307649325043,1e-05,1e-05,vit,dp_kfm_a,public,0.1,42,5,True
layer,blocks.2.mlp.fc1,mlp_fc1,0.7203339739659246,0.026821339090965342,76885.18524169922,2.1235800317451714,0.007658563197293703,1e-05,1e-05,vit,dp_kfm_a,public,0.1,42,5,True
layer,blocks.2.mlp.fc2,mlp_fc2,0.7202510943578212,0.026717111089316622,76586.4086151123,1.9758301133935536,0.007139597814240627,1e-05,1e-05,vit,dp_kfm_a,public,0.1,42,5,True
layer,blocks.3.attn.q_proj,attention_qkv,0.7201427701922272,0.006705334772741336,19221.296310424805,0.3289086637483617,0.0023723784833144706,1e-05,1e-05,vit,dp_kfm_a,public,0.1,42,5,True
layer,blocks.3.attn.k_proj,attention_qkv,0.7200609386894412,0.006705334772741336,19221.296310424805,0.46783687355096293,0.0033744508881728896,1e-05,1e-05,vit,dp_kfm_a,public,0.1,42,5,True
layer,blocks.3.attn.v_proj,attention_qkv,0.7200281257849952,0.006705334772741336,19221.296310424805,1.4113473369584433,0.010179877953123905,1e-05,1e-05,vit,dp_kfm_a,public,0.1,42,5,True
layer,blocks.3.attn.out_proj,attention_out,0.7203267872292648,0.006705334772741336,19221.296310424805,1.5210263334929608,0.010970979313862407,1e-05,1e-05,vit,dp_kfm_a,public,0.1,42,5,True
layer,blocks.3.mlp.fc1,mlp_fc1,0.720246307459975,0.026821339090965342,76885.18524169922,1.9100175644332638,0.006888363050358782,1e-05,1e-05,vit,dp_kfm_a,public,0.1,42,5,True
layer,blocks.3.mlp.fc2,mlp_fc2,0.7203089715343483,0.026717111089316622,76586.4086151123,1.8923048367334891,0.00683778194523769,1e-05,1e-05,vit,dp_kfm_a,public,0.1,42,5,True
layer,blocks.4.attn.q_proj,attention_qkv,0.7202159582856337,0.006705334772741336,19221.296310424805,0.41445997644339844,0.002989449773392413,1e-05,1e-05,vit,dp_kfm_a,public,0.1,42,5,True
layer,blocks.4.attn.k_proj,attention_qkv,0.7202392782887563,0.006705334772741336,19221.296310424805,0.6078575886844804,0.004384403402087827,1e-05,1e-05,vit,dp_kfm_a,public,0.1,42,5,True
layer,blocks.4.attn.v_proj,attention_qkv,0.7204086687117218,0.006705334772741336,19221.296310424805,1.3611276097587095,0.009817649123731552,1e-05,1e-05,vit,dp_kfm_a,public,0.1,42,5,True
layer,blocks.4.attn.out_proj,attention_out,0.720168077685972,0.006705334772741336,19221.296310424805,1.4254340221576296,0.01028148351281612,1e-05,1e-05,vit,dp_kfm_a,public,0.1,42,5,True
layer,blocks.4.mlp.fc1,mlp_fc1,0.7202008589313339,0.026821339090965342,76885.18524169922,1.7605350341535928,0.006349263328227078,1e-05,1e-05,vit,dp_kfm_a,public,0.1,42,5,True
layer,blocks.4.mlp.fc2,mlp_fc2,0.7202666807183331,0.026717111089316622,76586.4086151123,1.7950291144919523,0.0064862792886142915,1e-05,1e-05,vit,dp_kfm_a,public,0.1,42,5,True
layer,blocks.5.attn.q_proj,attention_qkv,0.7202775758600756,0.006705334772741336,19221.296310424805,0.30783290573586175,0.0022203615851927165,1e-05,1e-05,vit,dp_kfm_a,public,0.1,42,5,True
layer,blocks.5.attn.k_proj,attention_qkv,0.7201965154114272,0.006705334772741336,19221.296310424805,0.460780396850797,0.003323553373644995,1e-05,1e-05,vit,dp_kfm_a,public,0.1,42,5,True
layer,blocks.5.attn.v_proj,attention_qkv,0.720023292583042,0.006705334772741336,19221.296310424805,1.279228893983256,0.009226923574265865,1e-05,1e-05,vit,dp_kfm_a,public,0.1,42,5,True
layer,blocks.5.attn.out_proj,attention_out,0.7203405291776059,0.006705334772741336,19221.296310424805,1.2671849728439053,0.009140052225119545,1e-05,1e-05,vit,dp_kfm_a,public,0.1,42,5,True
layer,blocks.5.mlp.fc1,mlp_fc1,0.7203169117909188,0.026821339090965342,76885.18524169922,1.582789582535716,0.0057082350863442806,1e-05,1e-05,vit,dp_kfm_a,public,0.1,42,5,True
layer,blocks.5.mlp.fc2,mlp_fc2,0.7202461174510992,0.026717111089316622,76586.4086151123,1.4464852838990097,0.005226827499616894,1e-05,1e-05,vit,dp_kfm_a,public,0.1,42,5,True
layer,blocks.6.attn.q_proj,attention_qkv,0.7203104525015833,0.006705334772741336,19221.296310424805,0.2793222297110963,0.0020147175210471382,1e-05,1e-05,vit,dp_kfm_a,public,0.1,42,5,True
layer,blocks.6.attn.k_proj,attention_qkv,0.7201811471502331,0.006705334772741336,19221.296310424805,0.428064932283957,0.003087580677378809,1e-05,1e-05,vit,dp_kfm_a,public,0.1,42,5,True
layer,blocks.6.attn.v_proj,attention_qkv,0.7199008047943574,0.006705334772741336,19221.296310424805,1.226621141757637,0.008847470208661974,1e-05,1e-05,vit,dp_kfm_a,public,0.1,42,5,True
layer,blocks.6.attn.out_proj,attention_out,0.7202137131597562,0.006705334772741336,19221.296310424805,1.39633802477662,0.01007161759639231,1e-05,1e-05,vit,dp_kfm_a,public,0.1,42,5,True
layer,blocks.6.mlp.fc1,mlp_fc1,0.7203427202599388,0.026821339090965342,76885.18524169922,1.5411388449883459,0.005558024215573248,1e-05,1e-05,vit,dp_kfm_a,public,0.1,42,5,True
layer,blocks.6.mlp.fc2,mlp_fc2,0.7202235664043461,0.026717111089316622,76586.4086151123,1.3808876492386684,0.0049897925815510225,1e-05,1e-05,vit,dp_kfm_a,public,0.1,42,5,True
layer,blocks.7.attn.q_proj,attention_qkv,0.7204285431634974,0.006705334772741336,19221.296310424805,0.24046186523396793,0.0017344224035861096,1e-05,1e-05,vit,dp_kfm_a,public,0.1,42,5,True
layer,blocks.7.attn.k_proj,attention_qkv,0.7201210641102201,0.006705334772741336,19221.296310424805,0.3500565532617656,0.0025249156572439966,1e-05,1e-05,vit,dp_kfm_a,public,0.1,42,5,True
layer,blocks.7.attn.v_proj,attention_qkv,0.7199095287618478,0.006705334772741336,19221.296310424805,1.1639124323419228,0.008395159858308653,1e-05,1e-05,vit,dp_kfm_a,public,0.1,42,5,True
layer,blocks.7.attn.out_proj,attention_out,0.7201054192403067,0.006705334772741336,19221.296310424805,1.0939416950575134,0.007890469377664518,1e-05,1e-05,vit,dp_kfm_a,public,0.1,42,5,True
layer,blocks.7.mlp.fc1,mlp_fc1,0.7201336170911146,0.026821339090965342,76885.18524169922,1.3211753464557596,0.004764739135931011,1e-05,1e-05,vit,dp_kfm_a,public,0.1,42,5,True
layer,blocks.7.mlp.fc2,mlp_fc2,0.7201800292059524,0.026717111089316622,76586.4086151123,1.196457093406245,0.004323358770073792,1e-05,1e-05,vit,dp_kfm_a,public,0.1,42,5,True
layer,blocks.8.attn.q_proj,attention_qkv,0.7202426683803482,0.006705334772741336,19221.296310424805,0.22666547306221443,0.0016349106924544235,1e-05,1e-05,vit,dp_kfm_a,public,0.1,42,5,True
layer,blocks.8.attn.k_proj,attention_qkv,0.7202437918375584,0.006705334772741336,19221.296310424805,0.3250786350589705,0.0023447529487674672,1e-05,1e-05,vit,dp_kfm_a,public,0.1,42,5,True
layer,blocks.8.attn.v_proj,attention_qkv,0.7204220276985485,0.006705334772741336,19221.296310424805,0.9760523016859605,0.0070401474157607115,1e-05,1e-05,vit,dp_kfm_a,public,0.1,42,5,True
layer,blocks.8.attn.out_proj,attention_out,0.72042183434078,0.006705334772741336,19221.296310424805,0.9382483737539048,0.006767472247558407,1e-05,1e-05,vit,dp_kfm_a,public,0.1,42,5,True
layer,blocks.8.mlp.fc1,mlp_fc1,0.7201400215421639,0.026821339090965342,76885.18524169922,1.1554770241318835,0.00416715813863746,1e-05,1e-05,vit,dp_kfm_a,public,0.1,42,5,True
layer,blocks.8.mlp.fc2,mlp_fc2,0.7202902318851057,0.026717111089316622,76586.4086151123,0.973561543427715,0.0035179329540366957,1e-05,1e-05,vit,dp_kfm_a,public,0.1,42,5,True
layer,blocks.9.attn.q_proj,attention_qkv,0.7200881911087381,0.006705334772741336,19221.296310424805,0.22732853685018398,0.001639693291507051,1e-05,1e-05,vit,dp_kfm_a,public,0.1,42,5,True
layer,blocks.9.attn.k_proj,attention_qkv,0.7200392592383438,0.006705334772741336,19221.296310424805,0.356562144663926,0.0025718397026243517,1e-05,1e-05,vit,dp_kfm_a,public,0.1,42,5,True
layer,blocks.9.attn.v_proj,attention_qkv,0.7201534288052951,0.006705334772741336,19221.296310424805,0.8474628355923104,0.006112647121104849,1e-05,1e-05,vit,dp_kfm_a,public,0.1,42,5,True
layer,blocks.9.attn.out_proj,attention_out,0.7203533326410325,0.006705334772741336,19221.296310424805,0.7718497388471138,0.005567258982857688,1e-05,1e-05,vit,dp_kfm_a,public,0.1,42,5,True
layer,blocks.9.mlp.fc1,mlp_fc1,0.720254245184293,0.026821339090965342,76885.18524169922,0.9386495123485136,0.0033851828059064354,1e-05,1e-05,vit,dp_kfm_a,public,0.1,42,5,True
layer,blocks.9.mlp.fc2,mlp_fc2,0.7201238355546671,0.026717111089316622,76586.4086151123,0.746101616465255,0.0026960139103091507,1e-05,1e-05,vit,dp_kfm_a,public,0.1,42,5,True
layer,blocks.10.attn.q_proj,attention_qkv,0.7202726667489318,0.006705334772741336,19221.296310424805,0.1876004648548536,0.0013531395044733417,1e-05,1e-05,vit,dp_kfm_a,public,0.1,42,5,True
layer,blocks.10.attn.k_proj,attention_qkv,0.7205786886363582,0.006705334772741336,19221.296310424805,0.3028935725795771,0.002184734771449503,1e-05,1e-05,vit,dp_kfm_a,public,0.1,42,5,True
layer,blocks.10.attn.v_proj,attention_qkv,0.7203436372245706,0.006705334772741336,19221.296310424805,0.7007803171289291,0.005054643824034093,1e-05,1e-05,vit,dp_kfm_a,public,0.1,42,5,True
layer,blocks.10.attn.out_proj,attention_out,0.7198621627737826,0.006705334772741336,19221.296310424805,0.6428368130370655,0.00463670432439066,1e-05,1e-05,vit,dp_kfm_a,public,0.1,42,5,True
layer,blocks.10.mlp.fc1,mlp_fc1,0.7202604523954828,0.026821339090965342,76885.18524169922,0.754626678353791,0.0027215155634077166,1e-05,1e-05,vit,dp_kfm_a,public,0.1,42,5,True
layer,blocks.10.mlp.fc2,mlp_fc2,0.720198075936501,0.026717111089316622,76586.4086151123,0.57101474128039,0.0020633431847754285,1e-05,1e-05,vit,dp_kfm_a,public,0.1,42,5,True
layer,blocks.11.attn.q_proj,attention_qkv,0.7202173965173928,0.006705334772741336,19221.296310424805,0.24053702469135754,0.0017349645196784518,1e-05,1e-05,vit,dp_kfm_a,public,0.1,42,5,True
layer,blocks.11.attn.k_proj,attention_qkv,0.7204222860666728,0.006705334772741336,19221.296310424805,0.3230327269961676,0.002329996060907721,1e-05,1e-05,vit,dp_kfm_a,public,0.1,42,5,True
layer,blocks.11.attn.v_proj,attention_qkv,0.7204023279288946,0.006705334772741336,19221.296310424805,0.6277891128285182,0.004528167079456797,1e-05,1e-05,vit,dp_kfm_a,public,0.1,42,5,True
layer,blocks.11.attn.out_proj,attention_out,0.7202858686208838,0.006705334772741336,19221.296310424805,0.5582337074023864,0.004026472337364463,1e-05,1e-05,vit,dp_kfm_a,public,0.1,42,5,True
layer,blocks.11.mlp.fc1,mlp_fc1,0.7201001194988275,0.026821339090965342,76885.18524169922,0.5585725421875186,0.0020144581558814807,1e-05,1e-05,vit,dp_kfm_a,public,0.1,42,5,True
layer,blocks.11.mlp.fc2,mlp_fc2,0.7202688175632539,0.026717111089316622,76586.4086151123,0.57120920897316,0.002064045887454584,1e-05,1e-05,vit,dp_kfm_a,public,0.1,42,5,True
layer,head,patch_head,0.7187875637392047,0.0003492361860802786,1001.1091828346252,1.9439294680598724,0.06143838354079792,1e-05,1e-05,vit,dp_kfm_a,public,0.1,42,5,True
layer,cls_token,identity,0.7207425993548757,3.474266721627629e-05,99.59220886230469,0.0977444628809693,0.009794437112384733,1e-05,1e-05,vit,dp_kfm_a,public,0.1,42,5,True
layer,pos_embed,identity,0.7203343699700097,0.006844305441606457,19619.665145874023,0.4076991245454568,0.002910676794363768,1e-05,1e-05,vit,dp_kfm_a,public,0.1,42,5,True
layer,blocks.0.norm1.weight,identity,0.721700581434986,3.474266721627629e-05,99.59220886230469,0.44608458083977187,0.04469969188086172,1e-05,1e-05,vit,dp_kfm_a,public,0.1,42,5,True
layer,blocks.0.norm1.bias,identity,0.7217209000792877,3.474266721627629e-05,99.59220886230469,0.31037117609038506,0.031100595124412236,1e-05,1e-05,vit,dp_kfm_a,public,0.1,42,5,True
layer,blocks.0.norm2.weight,identity,0.72145301035746,3.474266721627629e-05,99.59220886230469,0.15398229842538003,0.015429722501871598,1e-05,1e-05,vit,dp_kfm_a,public,0.1,42,5,True
layer,blocks.0.norm2.bias,identity,0.714175097155697,3.474266721627629e-05,99.59220886230469,0.13118952380899984,0.013145783432415,1e-05,1e-05,vit,dp_kfm_a,public,0.1,42,5,True
layer,blocks.1.norm1.weight,identity,0.7201260556350098,3.474266721627629e-05,99.59220886230469,0.1895251183477637,0.018991273757726756,1e-05,1e-05,vit,dp_kfm_a,public,0.1,42,5,True
layer,blocks.1.norm1.bias,identity,0.7198292697663107,3.474266721627629e-05,99.59220886230469,0.2276732125060675,0.022813885271238742,1e-05,1e-05,vit,dp_kfm_a,public,0.1,42,5,True
layer,blocks.1.norm2.weight,identity,0.7219071410756541,3.474266721627629e-05,99.59220886230469,0.23797083215768283,0.02384575331892369,1e-05,1e-05,vit,dp_kfm_a,public,0.1,42,5,True
layer,blocks.1.norm2.bias,identity,0.7202009784704063,3.474266721627629e-05,99.59220886230469,0.20574241699699128,0.020616320405597237,1e-05,1e-05,vit,dp_kfm_a,public,0.1,42,5,True
layer,blocks.2.norm1.weight,identity,0.7147536825910189,3.474266721627629e-05,99.59220886230469,0.1868142088480112,0.018719628369025517,1e-05,1e-05,vit,dp_kfm_a,public,0.1,42,5,True
layer,blocks.2.norm1.bias,identity,0.7203985732710589,3.474266721627629e-05,99.59220886230469,0.25139808466102975,0.025191224728350683,1e-05,1e-05,vit,dp_kfm_a,public,0.1,42,5,True
layer,blocks.2.norm2.weight,identity,0.721578451930332,3.474266721627629e-05,99.59220886230469,0.17270100570892424,0.017305421604511064,1e-05,1e-05,vit,dp_kfm_a,public,0.1,42,5,True
layer,blocks.2.norm2.bias,identity,0.7190201493579259,3.474266721627629e-05,99.59220886230469,0.23727478683326328,0.023776006430389466,1e-05,1e-05,vit,dp_kfm_a,public,0.1,42,5,True
layer,blocks.3.norm1.weight,identity,0.71851678759155,3.474266721627629e-05,99.59220886230469,0.16542588850686069,0.016576421967901347,1e-05,1e-05,vit,dp_kfm_a,public,0.1,42,5,True
layer,blocks.3.norm1.bias,identity,0.7173638231745778,3.474266721627629e-05,99.59220886230469,0.22910668292908565,0.022957525488770152,1e-05,1e-05,vit,dp_kfm_a,public,0.1,42,5,True
layer,blocks.3.norm2.weight,identity,0.7194469351673098,3.474266721627629e-05,99.59220886230469,0.16644859912335772,0.016678902195652424,1e-05,1e-05,vit,dp_kfm_a,public,0.1,42,5,True
layer,blocks.3.norm2.bias,identity,0.7214167067866659,3.474266721627629e-05,99.59220886230469,0.17611635565375958,0.0176476551107938,1e-05,1e-05,vit,dp_kfm_a,public,0.1,42,5,True
layer,blocks.4.norm1.weight,identity,0.7194166310675911,3.474266721627629e-05,99.59220886230469,0.1430744915988954,0.014336710940427471,1e-05,1e-05,vit,dp_kfm_a,public,0.1,42,5,True
layer,blocks.4.norm1.bias,identity,0.7180620483013157,3.474266721627629e-05,99.59220886230469,0.2266224558597346,0.022708594704493653,1e-05,1e-05,vit,dp_kfm_a,public,0.1,42,5,True
layer,blocks.4.norm2.weight,identity,0.7166136360928212,3.474266721627629e-05,99.59220886230469,0.12919207664194426,0.012945630195224872,1e-05,1e-05,vit,dp_kfm_a,public,0.1,42,5,True
layer,blocks.4.norm2.bias,identity,0.7211923070394939,3.474266721627629e-05,99.59220886230469,0.16401798922460828,0.016435344094289355,1e-05,1e-05,vit,dp_kfm_a,public,0.1,42,5,True
layer,blocks.5.norm1.weight,identity,0.7161909802410248,3.474266721627629e-05,99.59220886230469,0.11898762553775868,0.011923098057234986,1e-05,1e-05,vit,dp_kfm_a,public,0.1,42,5,True
layer,blocks.5.norm1.bias,identity,0.7217660613756091,3.474266721627629e-05,99.59220886230469,0.1728068700918029,0.0173160296943198,1e-05,1e-05,vit,dp_kfm_a,public,0.1,42,5,True
layer,blocks.5.norm2.weight,identity,0.7176578472853912,3.474266721627629e-05,99.59220886230469,0.11393933310971463,0.011417236331117369,1e-05,1e-05,vit,dp_kfm_a,public,0.1,42,5,True
layer,blocks.5.norm2.bias,identity,0.7241689516287614,3.474266721627629e-05,99.59220886230469,0.13294429236818042,0.013321619175874088,1e-05,1e-05,vit,dp_kfm_a,public,0.1,42,5,True
layer,blocks.6.norm1.weight,identity,0.719698586702706,3.474266721627629e-05,99.59220886230469,0.11570757940929041,0.011594422605100935,1e-05,1e-05,vit,dp_kfm_a,public,0.1,42,5,True
layer,blocks.6.norm1.bias,identity,0.7213602509681853,3.474266721627629e-05,99.59220886230469,0.17099907056317465,0.0171348800079533,1e-05,1e-05,vit,dp_kfm_a,public,0.1,42,5,True
layer,blocks.6.norm2.weight,identity,0.7202068836797184,3.474266721627629e-05,99.59220886230469,0.09251193901734216,0.00927011456345674,1e-05,1e-05,vit,dp_kfm_a,public,0.1,42,5,True
layer,blocks.6.norm2.bias,identity,0.7179837764468324,3.474266721627629e-05,99.59220886230469,0.11122160720269961,0.011144907907589445,1e-05,1e-05,vit,dp_kfm_a,public,0.1,42,5,True
layer,blocks.7.norm1.weight,identity,0.717847603023422,3.474266721627629e-05,99.59220886230469,0.09084266389640364,0.0091028456490507,1e-05,1e-05,vit,dp_kfm_a,public,0.1,42,5,True
layer,blocks.7.norm1.bias,identity,0.7203717942138457,3.474266721627629e-05,99.59220886230469,0.13525084651948585,0.013552746330450421,1e-05,1e-05,vit,dp_kfm_a,public,0.1,42,5,True
layer,blocks.7.norm2.weight,identity,0.7201997177724552,3.474266721627629e-05,99.59220886230469,0.05905580970888903,0.0059176591416647,1e-05,1e-05,vit,dp_kfm_a,public,0.1,42,5,True
layer,blocks.7.norm2.bias,identity,0.7107371898169971,3.474266721627629e-05,99.59220886230469,0.0792861476715069,0.007944830472878067,1e-05,1e-05,vit,dp_kfm_a,public,0.1,42,5,True
layer,blocks.8.norm1.weight,identity,0.7219412728081674,3.474266721627629e-05,99.59220886230469,0.09922558731993011,0.009942852477771554,1e-05,1e-05,vit,dp_kfm_a,public,0.1,42,5,True
layer,blocks.8.norm1.bias,identity,0.7189042910473773,3.474266721627629e-05,99.59220886230469,0.11886537284986595,0.01191084778516747,1e-05,1e-05,vit,dp_kfm_a,public,0.1,42,5,True
layer,blocks.8.norm2.weight,identity,0.7211654710195654,3.474266721627629e-05,99.59220886230469,0.04286436781713751,0.0042952034577993705,1e-05,1e-05,vit,dp_kfm_a,public,0.1,42,5,True
layer,blocks.8.norm2.bias,identity,0.7236843898814884,3.474266721627629e-05,99.59220886230469,0.06370830036251603,0.006383859740448485,1e-05,1e-05,vit,dp_kfm_a,public,0.1,42,5,True
layer,blocks.9.norm1.weight,identity,0.723704297857399,3.474266721627629e-05,99.59220886230469,0.09233344544824484,0.009252228700810806,1e-05,1e-05,vit,dp_kfm_a,public,0.1,42,5,True
layer,blocks.9.norm1.bias,identity,0.7230408708362622,3.474266721627629e-05,99.59220886230469,0.12054114522830238,0.012078767754150824,1e-05,1e-05,vit,dp_kfm_a,public,0.1,42,5,True
layer,blocks.9.norm2.weight,identity,0.7206778388738863,3.474266721627629e-05,99.59220886230469,0.09736160068938363,0.009756072589754318,1e-05,1e-05,vit,dp_kfm_a,public,0.1,42,5,True
layer,blocks.9.norm2.bias,identity,0.7146484210582352,3.474266721627629e-05,99.59220886230469,0.05381711980393236,0.005392718727516974,1e-05,1e-05,vit,dp_kfm_a,public,0.1,42,5,True
layer,blocks.10.norm1.weight,identity,0.7204263562675522,3.474266721627629e-05,99.59220886230469,0.07989010086285936,0.008005349313303123,1e-05,1e-05,vit,dp_kfm_a,public,0.1,42,5,True
layer,blocks.10.norm1.bias,identity,0.7230556074683262,3.474266721627629e-05,99.59220886230469,0.10056608212026714,0.010077176117539971,1e-05,1e-05,vit,dp_kfm_a,public,0.1,42,5,True
layer,blocks.10.norm2.weight,identity,0.7184055777420345,3.474266721627629e-05,99.59220886230469,0.09486641911126854,0.009506044114171105,1e-05,1e-05,vit,dp_kfm_a,public,0.1,42,5,True
layer,blocks.10.norm2.bias,identity,0.7172074256274389,3.474266721627629e-05,99.59220886230469,0.04476413926563354,0.0044855691463689396,1e-05,1e-05,vit,dp_kfm_a,public,0.1,42,5,True
layer,blocks.11.norm1.weight,identity,0.7183710468360317,3.474266721627629e-05,99.59220886230469,0.06757891839491453,0.006771713167507114,1e-05,1e-05,vit,dp_kfm_a,public,0.1,42,5,True
layer,blocks.11.norm1.bias,identity,0.7209825591527209,3.474266721627629e-05,99.59220886230469,0.0834659333121938,0.008363663892125674,1e-05,1e-05,vit,dp_kfm_a,public,0.1,42,5,True
layer,blocks.11.norm2.weight,identity,0.7197931328392503,3.474266721627629e-05,99.59220886230469,0.030543593166542756,0.003060606131932743,1e-05,1e-05,vit,dp_kfm_a,public,0.1,42,5,True
layer,blocks.11.norm2.bias,identity,0.7209325145245681,3.474266721627629e-05,99.59220886230469,0.02639020082423588,0.0026444174405147536,1e-05,1e-05,vit,dp_kfm_a,public,0.1,42,5,True
layer,norm.weight,identity,0.7166176423566436,3.474266721627629e-05,99.59220886230469,0.02363858321302835,0.0023686929149923006,1e-05,1e-05,vit,dp_kfm_a,public,0.1,42,5,True
layer,norm.bias,identity,0.7191769596066663,3.474266721627629e-05,99.59220886230469,0.016696952117450856,0.0016731100940420858,1e-05,1e-05,vit,dp_kfm_a,public,0.1,42,5,True
group,attention_out,attention_out,0.7202602880257731,0.08046401727289565,230655.55572509766,4.318407650358236,0.008991697268809825,1e-05,1e-05,vit,dp_kfm_a,public,0.1,42,5,True
group,attention_qkv,attention_qkv,0.7202343045969479,0.2413920518186876,691966.667175293,4.409372745409749,0.005300712213389487,1e-05,1e-05,vit,dp_kfm_a,public,0.1,42,5,True
group,identity,identity,0.7203857461831266,0.008616181469636556,24698.867797851562,1.2162479648514863,0.007738977852574928,1e-05,1e-05,vit,dp_kfm_a,public,0.1,42,5,True
group,mlp_fc1,mlp_fc1,0.720222730051936,0.3218560690915826,922622.2229003906,5.26307393651259,0.00547933073624471,1e-05,1e-05,vit,dp_kfm_a,public,0.1,42,5,True
group,mlp_fc2,mlp_fc2,0.7202436466376678,0.3206053330717978,919036.9033813477,5.259411276650795,0.005486187646824815,1e-05,1e-05,vit,dp_kfm_a,public,0.1,42,5,True
group,patch_head,patch_head,0.7201421236637958,0.027066347275396748,77587.51779794693,3.8058425006114662,0.01366327730322085,1e-05,1e-05,vit,dp_kfm_a,public,0.1,42,5,True
