task,method,source,beta,seed,epoch,layer,research_only,cosA,relative_error_A,cosG,relative_error_G,group,trace_S,d_total,tau,operator_state_bytes,A_condition_raw,A_eigenvalue_min,A_eigenvalue_max,G_condition_raw,G_eigenvalue_min,G_eigenvalue_max
vit,dp_kfc,pink,,42,1,patch_embed,True,0.621153982490905,0.8487813064691657,0.42626516165673717,0.9797418694677276,patch_head,147648.0,5526346,1.0,77146304,1492.0695620062106,0.01765302459148114,26.33954067029613,1.7208214160408588,0.0,0.000720821416040859
vit,dp_kfc,pink,,42,1,blocks.0.attn.q_proj,True,0.3396325371922061,1.7188422276091564,0.19695907043131017,0.9847559219117982,attention_qkv,37056.0,5526346,1.0,77146304,11108.455905783541,0.001,11.108455905783542,1.106101683560619,0.0,0.0001061016835606191
vit,dp_kfc,pink,,42,1,blocks.0.attn.k_proj,True,0.3396325371922061,1.7188422276091564,0.23448466739917542,0.977290907293152,attention_qkv,37056.0,5526346,1.0,77146304,11108.455905783541,0.001,11.108455905783542,1.5856702538385126,0.0,0.0005856702538385126
vit,dp_kfc,pink,,42,1,blocks.0.attn.v_proj,True,0.3396325371922061,1.7188422276091564,0.31318070845818086,1.3125149015610904,attention_qkv,37056.0,5526346,1.0,77146304,11108.455905783541,0.001,11.108455905783542,4.399561790003648,3.754811976390974e-08,0.003399726985276647
vit,dp_kfc,pink,,42,1,blocks.0.attn.out_proj,True,0.10836942728802505,4.822867426418404,0.3839608285899357,0.9594593572825071,attention_out,37056.0,5526346,1.0,77146304,8320.81050132666,0.001001976580563823,8.337257253638837,3.874384889599809,0.0,0.002874384889599809
vit,dp_kfc,pink,,42,1,blocks.0.mlp.fc1,True,0.3641099132362489,1.9164945556238355,0.2675850739800798,1.0571617404928226,mlp_fc1,148224.0,5526346,1.0,77146304,41399.56624741298,0.0010000000312211559,41.39956753995529,2.194134726721206,2.104608058769081e-08,0.0011941809046574848
vit,dp_kfc,pink,,42,1,blocks.0.mlp.fc2,True,0.1190921571486446,7.593671423422714,0.25676510917688833,0.9971774028972651,mlp_fc2,147648.0,5526346,1.0,77146304,115985.06320138722,0.001059067615111467,122.83602427324595,5.389470086695421,0.0,0.004389470086695421
vit,dp_kfc,pink,,42,1,blocks.1.attn.q_proj,True,0.36522506393233223,2.1311724236103684,0.5183309850729813,1.0581960098371879,attention_qkv,37056.0,5526346,1.0,77146304,34750.087291249554,0.001,34.75008729124956,1.1456729205135825,1.3847184755209691e-11,0.000145672936377927
vit,dp_kfc,pink,,42,1,blocks.1.attn.k_proj,True,0.36522506393233223,2.1311724236103684,0.5560658952255346,0.8833777809699428,attention_qkv,37056.0,5526346,1.0,77146304,34750.087291249554,0.001,34.75008729124956,1.2147918493731307,3.1980408953592595e-11,0.0002147918882226709
vit,dp_kfc,pink,,42,1,blocks.1.attn.v_proj,True,0.36522506393233223,2.1311724236103684,0.4623862677496231,0.9244597815393628,attention_qkv,37056.0,5526346,1.0,77146304,34750.087291249554,0.001,34.75008729124956,1.1738023204360915,5.24436955942533e-08,0.00017386387896767242
vit,dp_kfc,pink,,42,1,blocks.1.attn.out_proj,True,0.144290203191076,3.923907957708787,0.24758357624723162,1.024259360101014,attention_out,37056.0,5526346,1.0,77146304,35213.01295543993,0.0011720687868649474,41.27207337654215,6.052145887550901,0.0,0.005052145887550901
vit,dp_kfc,pink,,42,1,blocks.1.mlp.fc1,True,0.23393590191609723,2.4326963686227363,0.2082495810420293,1.3899106630864242,mlp_fc1,148224.0,5526346,1.0,77146304,59748.25651422537,0.001000018717964049,59.7493748799428,2.859819773398858,5.4768613176841045e-09,0.001859835436235151
vit,dp_kfc,pink,,42,1,blocks.1.mlp.fc2,True,0.040200446112319925,3.058799579063516,0.2845688213074646,1.447878689703552,mlp_fc2,147648.0,5526346,1.0,77146304,30117.86194318659,0.0010005157681228266,30.13339577630458,8.279460381316289,0.0,0.00727946038131629
vit,dp_kfc,pink,,42,1,blocks.2.attn.q_proj,True,0.3826682523551794,1.5533921232480628,0.5326571498414523,1.5669445815347351,attention_qkv,37056.0,5526346,1.0,77146304,27376.09381263095,0.001,27.37609381263095,1.2388583109869213,1.442955593886603e-09,0.00023886009860445132
vit,dp_kfc,pink,,42,1,blocks.2.attn.k_proj,True,0.3826682523551794,1.5533921232480628,0.3832889626112422,0.9572537415300503,attention_qkv,37056.0,5526346,1.0,77146304,27376.09381263095,0.001,27.37609381263095,1.1547647194353763,2.7689999001259492e-09,0.00015476791697876917
vit,dp_kfc,pink,,42,1,blocks.2.attn.v_proj,True,0.3826682523551794,1.5533921232480628,0.2625746655793748,1.684982750839398,attention_qkv,37056.0,5526346,1.0,77146304,27376.09381263095,0.001,27.37609381263095,2.8597920791169495,4.4876633611333244e-07,0.001861075457530341
vit,dp_kfc,pink,,42,1,blocks.2.attn.out_proj,True,0.11636580509920338,1.8886769977209008,0.26597765330034057,1.6401927948548338,attention_out,37056.0,5526346,1.0,77146304,8352.703263422924,0.001449152033099884,12.104336916069364,10.491909118786838,0.0,0.00949190911878684
vit,dp_kfc,pink,,42,1,blocks.2.mlp.fc1,True,0.2224458376863884,1.7094821731045011,0.2585169729468881,1.4068672447024118,mlp_fc1,148224.0,5526346,1.0,77146304,39489.69860389064,0.001,39.48969860389064,2.112274713936495,2.7050336793633117e-08,0.0011123318516789078
vit,dp_kfc,pink,,42,1,blocks.2.mlp.fc2,True,0.17132748893572655,1.8734494675448976,0.24624650839202022,1.91737159674552,mlp_fc2,147648.0,5526346,1.0,77146304,9182.841858747848,0.0010547041182984748,9.685181126104977,12.503284998532282,0.0,0.011503284998532282
vit,dp_kfc,pink,,42,1,blocks.3.attn.q_proj,True,0.270330807126886,1.9068547056821001,0.3603460759880164,1.26161271440546,attention_qkv,37056.0,5526346,1.0,77146304,40769.43829237271,0.001,40.76943829237271,1.1206866556604504,2.500115556705087e-08,0.0001207146741218705
vit,dp_kfc,pink,,42,1,blocks.3.attn.k_proj,True,0.270330807126886,1.9068547056821001,0.5309907280688831,0.8502081616348502,attention_qkv,37056.0,5526346,1.0,77146304,40769.43829237271,0.001,40.76943829237271,1.1095835151180733,1.846619609732827e-08,0.00010960400490484994
vit,dp_kfc,pink,,42,1,blocks.3.attn.v_proj,True,0.270330807126886,1.9068547056821001,0.20422910798406044,2.170275628734251,attention_qkv,37056.0,5526346,1.0,77146304,40769.43829237271,0.001,40.76943829237271,1.9523339908642137,1.1747855706366593e-07,0.0009525633482443668
vit,dp_kfc,pink,,42,1,blocks.3.attn.out_proj,True,0.03096319252827678,2.2956173677552303,0.200008400577402,2.17941889562546,attention_out,37056.0,5526346,1.0,77146304,12076.711576286898,0.0011696739417544203,14.125814832866734,12.74480366529419,0.0,0.01174480366529419
vit,dp_kfc,pink,,42,1,blocks.3.mlp.fc1,True,0.18025118275917792,2.483678467698164,0.17255399977584987,2.687081939288134,mlp_fc1,148224.0,5526346,1.0,77146304,60697.66569222287,0.001,60.69766569222287,3.434839982357372,1.3008465626289035e-09,0.0024348444505571565
vit,dp_kfc,pink,,42,1,blocks.3.mlp.fc2,True,0.15470164973298836,2.2165783745061423,0.21353588634448595,2.4955239298953806,mlp_fc2,147648.0,5526346,1.0,77146304,11670.205314471123,0.0010018357964796938,11.691629436304732,15.743442499031698,0.0,0.014743442499031697
vit,dp_kfc,pink,,42,1,blocks.4.attn.q_proj,True,0.2960674035963436,2.3393084714450256,0.5099758060287274,2.863510215385034,attention_qkv,37056.0,5526346,1.0,77146304,44585.85774784369,0.0010000351614704677,44.58742545216417,1.3618914286827009,2.3704613420345052e-08,0.00036192371179253826
vit,dp_kfc,pink,,42,1,blocks.4.attn.k_proj,True,0.2960674035963436,2.3393084714450256,0.5271881226203039,3.35022814958323,attention_qkv,37056.0,5526346,1.0,77146304,44585.85774784369,0.0010000351614704677,44.58742545216417,2.8811371018645975,2.587570562075061e-08,0.0018812116533200984
vit,dp_kfc,pink,,42,1,blocks.4.attn.v_proj,True,0.2960674035963436,2.3393084714450256,0.17618834330597832,3.847456327523001,attention_qkv,37056.0,5526346,1.0,77146304,44585.85774784369,0.0010000351614704677,44.58742545216417,1.9424706615632548,2.097801291338429e-07,0.0009428781533094762
vit,dp_kfc,pink,,42,1,blocks.4.attn.out_proj,True,0.11981143461313551,4.686292724752977,0.18085557562146856,2.7515293382213137,attention_out,37056.0,5526346,1.0,77146304,12332.57554760612,0.0013691454347910413,16.885089510220546,17.662281104987425,0.0,0.016662281104987426
vit,dp_kfc,pink,,42,1,blocks.4.mlp.fc1,True,0.17858730292916236,3.2551235253766895,0.0777583527640909,5.146836411200269,mlp_fc1,148224.0,5526346,1.0,77146304,73305.19097912195,0.001,73.30519097912196,6.217373940235911,1.961767795585659e-08,0.005217495910675602
vit,dp_kfc,pink,,42,1,blocks.4.mlp.fc2,True,0.18460710087757812,3.471254232152399,0.17217431912775363,3.3871597114492995,mlp_fc2,147648.0,5526346,1.0,77146304,14663.85477021952,0.00105542775788899,15.476639362142556,24.980734033558623,0.0,0.02398073403355862
vit,dp_kfc,pink,,42,1,blocks.5.attn.q_proj,True,0.28522367273552746,2.4959241243811983,0.3133114966514331,2.5344133205882775,attention_qkv,37056.0,5526346,1.0,77146304,55161.69963916279,0.0010000172808831186,55.16265288204688,1.2078934370277672,1.953736026106079e-08,0.00020791703607700326
vit,dp_kfc,pink,,42,1,blocks.5.attn.k_proj,True,0.28522367273552746,2.4959241243811983,0.5579884114986827,0.9059533651424998,attention_qkv,37056.0,5526346,1.0,77146304,55161.69963916279,0.0010000172808831186,55.16265288204688,1.18060831285908,1.4578329245712384e-08,0.000180625524155775
vit,dp_kfc,pink,,42,1,blocks.5.attn.v_proj,True,0.28522367273552746,2.4959241243811983,0.180293325929135,2.362759476601362,attention_qkv,37056.0,5526346,1.0,77146304,55161.69963916279,0.0010000172808831186,55.16265288204688,2.061679684178214,1.8174905600954676e-07,0.0010620543925146076
vit,dp_kfc,pink,,42,1,blocks.5.attn.out_proj,True,0.114549298883827,4.858133705609881,0.15735072864747982,3.6038604551932276,attention_out,37056.0,5526346,1.0,77146304,12113.980253293186,0.001684507471470665,20.40609024592047,25.15892529788868,0.0,0.02415892529788868
vit,dp_kfc,pink,,42,1,blocks.5.mlp.fc1,True,0.1660334225184072,4.195165251919726,0.08406019708141182,4.957986759421528,mlp_fc1,148224.0,5526346,1.0,77146304,107044.06859959167,0.001,107.04406859959167,8.729019787568156,1.476569718423565e-09,0.007729032676574448
vit,dp_kfc,pink,,42,1,blocks.5.mlp.fc2,True,0.13436147271293303,3.893999695710711,0.1570569867132796,4.1493557655685,mlp_fc2,147648.0,5526346,1.0,77146304,20050.28771716422,0.0010012076929646683,20.074502308579817,33.15520540356629,0.0,0.03215520540356629
vit,dp_kfc,pink,,42,1,blocks.6.attn.q_proj,True,0.1664079526767589,3.630027224261625,0.4676417053849398,2.666570926676888,attention_qkv,37056.0,5526346,1.0,77146304,69675.08503820731,0.001,69.67508503820731,1.2802543019804162,8.945450740431607e-09,0.00028026575443220993
vit,dp_kfc,pink,,42,1,blocks.6.attn.k_proj,True,0.1664079526767589,3.630027224261625,0.6804540146462349,1.5568927436488746,attention_qkv,37056.0,5526346,1.0,77146304,69675.08503820731,0.001,69.67508503820731,1.628755788055526,7.680091184044407e-09,0.0006287682970484949
vit,dp_kfc,pink,,42,1,blocks.6.attn.v_proj,True,0.1664079526767589,3.630027224261625,0.16408285072602205,6.782724142839189,attention_qkv,37056.0,5526346,1.0,77146304,69675.08503820731,0.001,69.67508503820731,5.12283976580176,8.728356486429252e-08,0.004123286905518747
vit,dp_kfc,pink,,42,1,blocks.6.attn.out_proj,True,0.07248219260873141,4.5861542909055775,0.19605677220923617,3.527698183481238,attention_out,37056.0,5526346,1.0,77146304,19245.139124935296,0.0011438985686195904,22.01448709789836,29.81279699507844,0.0,0.028812796995078438
vit,dp_kfc,pink,,42,1,blocks.6.mlp.fc1,True,0.13727009054607686,4.071613246199397,0.1079029182654174,6.4722445573255465,mlp_fc1,148224.0,5526346,1.0,77146304,132447.71428175262,0.001,132.4477142817526,11.006363948620756,2.447111930728635e-09,0.010006390882425288
vit,dp_kfc,pink,,42,1,blocks.6.mlp.fc2,True,0.10025464659780577,3.651300849771205,0.21777421859143029,3.6584412395528787,mlp_fc2,147648.0,5526346,1.0,77146304,18501.03574171259,0.0010033278511213902,18.562604434252528,39.68642363441139,0.0,0.03868642363441139
vit,dp_kfc,pink,,42,1,blocks.7.attn.q_proj,True,0.16329605700408437,3.9595461603797273,0.3396505523820911,7.625080075848951,attention_qkv,37056.0,5526346,1.0,77146304,85030.06499853947,0.0010000046789252668,85.03046284785903,1.7278923710100549,1.718786198238007e-08,0.0007279220697856484
vit,dp_kfc,pink,,42,1,blocks.7.attn.k_proj,True,0.16329605700408437,3.9595461603797273,0.5082804196621704,2.0748470949595395,attention_qkv,37056.0,5526346,1.0,77146304,85030.06499853947,0.0010000046789252668,85.03046284785903,1.3320082754218763,8.639105851129405e-09,0.0003320197827823621
vit,dp_kfc,pink,,42,1,blocks.7.attn.v_proj,True,0.16329605700408437,3.9595461603797273,0.20494499249890782,7.258011966505288,attention_qkv,37056.0,5526346,1.0,77146304,85030.06499853947,0.0010000046789252668,85.03046284785903,3.0367418367368217,6.070592344639583e-08,0.002036926184954289
vit,dp_kfc,pink,,42,1,blocks.7.attn.out_proj,True,0.09858226395399361,4.509750689347321,0.23554626376243404,3.4645300425827803,attention_out,37056.0,5526346,1.0,77146304,16238.982931986242,0.0011864435349113614,19.26663631319102,37.954093136455434,0.0,0.03695409313645543
vit,dp_kfc,pink,,42,1,blocks.7.mlp.fc1,True,0.15540215586619216,4.020683547920182,0.07299645585088672,5.222573964726512,mlp_fc1,148224.0,5526346,1.0,77146304,210995.49126896792,0.001,210.99549126896792,10.50254871596554,1.3504609749083891e-09,0.009502562899247719
vit,dp_kfc,pink,,42,1,blocks.7.mlp.fc2,True,0.998581504800731,0.15563722430145224,0.29830745464958547,3.373011858427924,mlp_fc2,147648.0,5526346,1.0,77146304,631409.9570135395,0.0010077431650465836,636.2990685227516,46.08519217959632,0.0,0.04508519217959632
vit,dp_kfc,pink,,42,1,blocks.8.attn.q_proj,True,0.29995861146002356,3.4067457186357095,0.2554995434462685,12.923784377346083,attention_qkv,37056.0,5526346,1.0,77146304,138643.43724534087,0.0010000593246395845,138.6516622172862,3.0163278995146157,1.388892302856638e-09,0.002016332088869218
vit,dp_kfc,pink,,42,1,blocks.8.attn.k_proj,True,0.29995861146002356,3.4067457186357095,0.43758821497005623,1.8365713283748708,attention_qkv,37056.0,5526346,1.0,77146304,138643.43724534087,0.0010000593246395845,138.6516622172862,1.3019975366880008,2.4164941040367045e-09,0.00030200068295737167
vit,dp_kfc,pink,,42,1,blocks.8.attn.v_proj,True,0.29995861146002356,3.4067457186357095,0.2957914310733135,9.37749176610838,attention_qkv,37056.0,5526346,1.0,77146304,138643.43724534087,0.0010000593246395845,138.6516622172862,6.345266886265348,4.330392738423898e-08,0.005345541661241825
vit,dp_kfc,pink,,42,1,blocks.8.attn.out_proj,True,0.24995600739235924,1.4483544418616243,0.3072762815802814,3.35220308875866,attention_out,37056.0,5526346,1.0,77146304,5095.55106340334,0.001024632245906915,5.221065930228333,45.66728646774674,0.0,0.044667286467746745
vit,dp_kfc,pink,,42,1,blocks.8.mlp.fc1,True,0.2404947275668351,3.3779677045983925,0.059961460058760206,4.797934767887875,mlp_fc1,148224.0,5526346,1.0,77146304,280668.7486610691,0.001,280.6687486610691,8.116362365717917,7.934254940258799e-10,0.007116368805446736
vit,dp_kfc,pink,,42,1,blocks.8.mlp.fc2,True,0.11895514113759215,3.2658339932484397,0.3790445839840902,2.774009718379729,mlp_fc2,147648.0,5526346,1.0,77146304,20083.1557668139,0.0010009674646328454,20.102585509734215,42.55071523271021,0.0,0.04155071523271021
vit,dp_kfc,pink,,42,1,blocks.9.attn.q_proj,True,0.2604439110064746,3.619839984250382,0.44559560733233905,2.6951711150142192,attention_qkv,37056.0,5526346,1.0,77146304,139564.10455505605,0.001,139.56410455505605,1.6236100157830788,1.4625951772706515e-09,0.0006236123904672578
vit,dp_kfc,pink,,42,1,blocks.9.attn.k_proj,True,0.2604439110064746,3.619839984250382,0.4403144843281338,0.9530530438029132,attention_qkv,37056.0,5526346,1.0,77146304,139564.10455505605,0.001,139.56410455505605,1.087382214647756,6.479825559628379e-10,8.738291925246294e-05
vit,dp_kfc,pink,,42,1,blocks.9.attn.v_proj,True,0.2604439110064746,3.619839984250382,0.39980833411286887,5.329417923860572,attention_qkv,37056.0,5526346,1.0,77146304,139564.10455505605,0.001,139.56410455505605,5.5105903411246775,2.29579081351369e-08,0.004510716852751499
vit,dp_kfc,pink,,42,1,blocks.9.attn.out_proj,True,0.3917987070551383,1.2324320075525947,0.380624715067764,2.767427622762615,attention_out,37056.0,5526346,1.0,77146304,3207.565770077828,0.0010209186549181774,3.274663731549444,42.368996273690065,0.0,0.04136899627369006
vit,dp_kfc,pink,,42,1,blocks.9.mlp.fc1,True,0.24250496336023913,3.349540734600931,0.02419540137173009,5.074077309062195,mlp_fc1,148224.0,5526346,1.0,77146304,284028.54719761916,0.001,284.02854719761916,7.149745074016785,1.0949733997127012e-09,0.006149752902797456
vit,dp_kfc,pink,,42,1,blocks.9.mlp.fc2,True,0.12760597757906111,4.12959558397756,0.46902081512020427,2.313287431574059,mlp_fc2,147648.0,5526346,1.0,77146304,21173.257703444593,0.0010064686528574935,21.310220157390425,38.37667315900582,0.0,0.03737667315900582
vit,dp_kfc,pink,,42,1,blocks.10.attn.q_proj,True,0.2531010967175296,3.0870658864225646,0.37402484101353545,2.7815129231743807,attention_qkv,37056.0,5526346,1.0,77146304,125328.77148178311,0.001,125.32877148178312,1.5204403784652871,1.2421984648149947e-08,0.000520459265352327
vit,dp_kfc,pink,,42,1,blocks.10.attn.k_proj,True,0.2531010967175296,3.0870658864225646,0.4631556576141422,1.1666485055729499,attention_qkv,37056.0,5526346,1.0,77146304,125328.77148178311,0.001,125.32877148178312,1.1514787165758056,5.592852396500766e-10,0.0001514793605808554
vit,dp_kfc,pink,,42,1,blocks.10.attn.v_proj,True,0.2531010967175296,3.0870658864225646,0.45880775670294094,2.680578990177282,attention_qkv,37056.0,5526346,1.0,77146304,125328.77148178311,0.001,125.32877148178312,3.821905889992456,6.799184848906027e-09,0.0028219318758370767
vit,dp_kfc,pink,,42,1,blocks.10.attn.out_proj,True,0.37076967401987454,2.050561253646849,0.4722017153415921,2.2714011893027273,attention_out,37056.0,5526346,1.0,77146304,5733.0654883435445,0.0010142575709038253,5.814805076039876,37.78951004309417,0.0,0.03678951004309417
vit,dp_kfc,pink,,42,1,blocks.10.mlp.fc1,True,0.2990270676149086,2.695934457813629,0.03431332630015106,6.196555728950386,mlp_fc1,148224.0,5526346,1.0,77146304,227270.3730013338,0.0010000535004498743,227.28253206853248,6.651306610565489,4.546851413624989e-10,0.005651309634815775
vit,dp_kfc,pink,,42,1,blocks.10.mlp.fc2,True,0.300434291083462,3.977497475627046,0.5344461611700765,2.1948153843162967,mlp_fc2,147648.0,5526346,1.0,77146304,14645.684225476169,0.0010063632057665866,14.738877727795325,39.39273422613139,0.0,0.03839273422613139
vit,dp_kfc,pink,,42,1,blocks.11.attn.q_proj,True,0.3644568428462474,2.784838827888831,0.4097728068452259,1.7109459118355703,attention_qkv,37056.0,5526346,1.0,77146304,138934.4187096366,0.0010000771165820923,138.94513285714248,1.4030628130914307,2.7691076094540456e-09,0.0004030666983233428
vit,dp_kfc,pink,,42,1,blocks.11.attn.k_proj,True,0.3644568428462474,2.784838827888831,0.4467800574604106,0.95744749394076,attention_qkv,37056.0,5526346,1.0,77146304,138934.4187096366,0.0010000771165820923,138.94513285714248,1.110392293722929,5.810516709636098e-11,0.0001103923582424587
vit,dp_kfc,pink,,42,1,blocks.11.attn.v_proj,True,0.3644568428462474,2.784838827888831,0.509046040501866,4.951163743522777,attention_qkv,37056.0,5526346,1.0,77146304,138934.4187096366,0.0010000771165820923,138.94513285714248,4.759335978823514,7.175922853977022e-10,0.0037593393940862953
vit,dp_kfc,pink,,42,1,blocks.11.attn.out_proj,True,0.6801204466225397,1.2942010208110768,0.5315369277708512,2.208013326485185,attention_out,37056.0,5526346,1.0,77146304,5857.905306127168,0.0010160423094956728,5.951879636044404,39.14794309786692,7.204613008846625e-12,0.0381479433799127
vit,dp_kfc,pink,,42,1,blocks.11.mlp.fc1,True,0.5142852613469918,1.7317356690908488,0.0588050202811806,3.5542536449061126,mlp_fc1,148224.0,5526346,1.0,77146304,191733.3817623433,0.001,191.73338176234333,4.498178518838368,2.3716328010927732e-15,0.003498178518849036
vit,dp_kfc,pink,,42,1,blocks.11.mlp.fc2,True,0.8415028137170562,0.6481983922810607,0.6113590994232622,2.016389665723914,mlp_fc2,147648.0,5526346,1.0,77146304,33440.62913159968,0.0010000368807511263,33.44186244712019,35.30218587024149,0.0,0.03430218587024149
vit,dp_kfc,pink,,42,1,head,True,0.012687905704597671,2.473683721071092,0.5813778082388409,1.6556166205271226,patch_head,1930.0,5526346,1.0,77146304,2619219.21374128,0.0010002885198136127,2619.97491038064,948.7101059923663,4.256364303640271e-11,0.9477101463729245
vit,dp_kfc,pink,,42,1,identity,True,,,,,identity,47616.0,5526346,1.0,77146304,,,,,,
vit,dp_kfc,pink,,42,2,patch_embed,True,0.622141685281719,0.8482525697112409,0.32487632037050806,0.9825929512696284,patch_head,147648.0,5526346,1.0,77146304,1495.9740348223213,0.017635886213732466,26.382827856824708,1.7770237189885068,0.0,0.0007770237189885067
vit,dp_kfc,pink,,42,2,blocks.0.attn.q_proj,True,0.3395964543487443,1.7116747897424285,0.20369775565787698,0.9792064330784659,attention_qkv,37056.0,5526346,1.0,77146304,11031.318526986523,0.001,11.031318526986523,1.112624066190922,3.81540633562795e-12,0.00011262407043603489
vit,dp_kfc,pink,,42,2,blocks.0.attn.k_proj,True,0.3395964543487443,1.7116747897424285,0.27123853213664867,0.9696217895125028,attention_qkv,37056.0,5526346,1.0,77146304,11031.318526986523,0.001,11.031318526986523,1.4191688482419513,9.90261117505086e-12,0.0004191688622954288
vit,dp_kfc,pink,,42,2,blocks.0.attn.v_proj,True,0.3395964543487443,1.7116747897424285,0.3107074570886387,1.852002240036403,attention_qkv,37056.0,5526346,1.0,77146304,11031.318526986523,0.001,11.031318526986523,4.287617942598826,5.340501723182327e-08,0.003287846922908934
vit,dp_kfc,pink,,42,2,blocks.0.attn.out_proj,True,0.10956091166362575,4.77743201136405,0.3154251679343965,0.9634998429521986,attention_out,37056.0,5526346,1.0,77146304,8411.795084424892,0.0010020462963545385,8.429008110041275,3.9452507128977494,0.0,0.0029452507128977495
vit,dp_kfc,pink,,42,2,blocks.0.mlp.fc1,True,0.36366688279333903,1.8947384009303632,0.2829550787642717,1.3369571845616341,mlp_fc1,148224.0,5526346,1.0,77146304,40955.93786544198,0.001000000002116951,40.95593795214369,2.222210863147156,2.2416669179328676e-08,0.001222260677712922
vit,dp_kfc,pink,,42,2,blocks.0.mlp.fc2,True,0.11888993148316047,7.532271841174872,0.27046339591796437,1.1530263499814413,mlp_fc2,147648.0,5526346,1.0,77146304,114994.46325574843,0.0010593461948802392,121.81894708227259,5.5354087178575755,0.0,0.004535408717857576
vit,dp_kfc,pink,,42,2,blocks.1.attn.q_proj,True,0.36746974185070347,2.1216355116598455,0.5078528654697096,2.1714560918682757,attention_qkv,37056.0,5526346,1.0,77146304,34493.1649713029,0.001,34.493164971302896,1.1792257196060851,1.6632788815534525e-11,0.00017922573921989768
vit,dp_kfc,pink,,42,2,blocks.1.attn.k_proj,True,0.36746974185070347,2.1216355116598455,0.5383710375047586,1.4798677800906448,attention_qkv,37056.0,5526346,1.0,77146304,34493.1649713029,0.001,34.493164971302896,1.2610169792303925,4.121436894788611e-11,0.00026101703120241153
vit,dp_kfc,pink,,42,2,blocks.1.attn.v_proj,True,0.36746974185070347,2.1216355116598455,0.5149958246131924,0.873931944246815,attention_qkv,37056.0,5526346,1.0,77146304,34493.1649713029,0.001,34.493164971302896,1.1601418500378615,5.53038976052347e-08,0.00016020601040394385
vit,dp_kfc,pink,,42,2,blocks.1.attn.out_proj,True,0.1417293623950235,3.949120045258651,0.26259749208794037,1.2350333812571654,attention_out,37056.0,5526346,1.0,77146304,34929.74070405029,0.001173923626148571,41.00484786772805,6.1833169596693045,0.0,0.005183316959669304
vit,dp_kfc,pink,,42,2,blocks.1.mlp.fc1,True,0.2284499012497206,2.521373084955617,0.21947574369756634,2.1839978172848884,mlp_fc1,148224.0,5526346,1.0,77146304,59188.212202188275,0.001,59.188212202188275,2.9393870917596745,6.2824526383300656e-09,0.0019394055583198647
vit,dp_kfc,pink,,42,2,blocks.1.mlp.fc2,True,0.046429070737225936,3.3986919290456092,0.29052595898008765,2.317376188705187,mlp_fc2,147648.0,5526346,1.0,77146304,30101.49948513723,0.001000724236437348,30.123300087883173,8.545818858583587,0.0,0.0075458188585835854
vit,dp_kfc,pink,,42,2,blocks.2.attn.q_proj,True,0.407127511769148,1.5597943408845056,0.5050350819161497,3.3091700035089904,attention_qkv,37056.0,5526346,1.0,77146304,27263.887796932264,0.001,27.263887796932263,1.2572092635219445,1.5123654616224396e-09,0.0002572111648818126
vit,dp_kfc,pink,,42,2,blocks.2.attn.k_proj,True,0.407127511769148,1.5597943408845056,0.3780298161164866,1.234008984588402,attention_qkv,37056.0,5526346,1.0,77146304,27263.887796932264,0.001,27.263887796932263,1.1639473148801425,2.9570330260131505e-09,0.0001639507567107931
vit,dp_kfc,pink,,42,2,blocks.2.attn.v_proj,True,0.407127511769148,1.5597943408845056,0.26656419604334547,2.892162055039319,attention_qkv,37056.0,5526346,1.0,77146304,27263.887796932264,0.001,27.263887796932263,2.8860575261179395,4.886341828957101e-07,0.0018874677524790043
vit,dp_kfc,pink,,42,2,blocks.2.attn.out_proj,True,0.13922835330060745,2.0253538325649854,0.271654627085639,2.6631094866820537,attention_out,37056.0,5526346,1.0,77146304,8278.022868526768,0.0014520180234232729,12.019838403410889,10.77256368028042,0.0,0.009772563680280422
vit,dp_kfc,pink,,42,2,blocks.2.mlp.fc1,True,0.23722484530916482,1.782178085569056,0.28235172788367546,2.1607098431885445,mlp_fc1,148224.0,5526346,1.0,77146304,39296.77683861639,0.0010000330827504072,39.298076884076345,2.1049428377183896,2.848022118868478e-08,0.0011050027869559977
vit,dp_kfc,pink,,42,2,blocks.2.mlp.fc2,True,0.20648803710557892,2.042552530102757,0.25180185707676217,3.145066260734579,mlp_fc2,147648.0,5526346,1.0,77146304,9122.973983590713,0.0010533156358521396,9.60937114238838,12.7298495320022,0.0,0.0117298495320022
vit,dp_kfc,pink,,42,2,blocks.3.attn.q_proj,True,0.27404983252698123,1.9155558398942074,0.349024849920758,2.2101967501880826,attention_qkv,37056.0,5526346,1.0,77146304,40789.57237908364,0.001,40.789572379083644,1.1141630130006586,2.5869691729580917e-08,0.00011419183605434116
vit,dp_kfc,pink,,42,2,blocks.3.attn.k_proj,True,0.27404983252698123,1.9155558398942074,0.5300030709926105,0.9786459637220154,attention_qkv,37056.0,5526346,1.0,77146304,40789.57237908364,0.001,40.789572379083644,1.11669051341446,1.9122823081233287e-08,0.00011671186768958473
vit,dp_kfc,pink,,42,2,blocks.3.attn.v_proj,True,0.27404983252698123,1.9155558398942074,0.2016075670236255,3.5359494354838312,attention_qkv,37056.0,5526346,1.0,77146304,40789.57237908364,0.001,40.789572379083644,1.9282463564947283,1.2876821061471587e-07,0.0009284946533276785
vit,dp_kfc,pink,,42,2,blocks.3.attn.out_proj,True,0.024513268880293603,2.000070274411209,0.1954571859997433,3.5144756315750207,attention_out,37056.0,5526346,1.0,77146304,11987.943391055265,0.0011770301257949005,14.110170517595924,12.761664918203037,0.0,0.011761664918203036
vit,dp_kfc,pink,,42,2,blocks.3.mlp.fc1,True,0.15647306277917888,2.2034787034886487,0.16669250126333623,4.904180040366104,mlp_fc1,148224.0,5526346,1.0,77146304,60361.163954276824,0.001,60.361163954276826,3.4611590556475362,1.624701966590376e-09,0.0024611646789994604
vit,dp_kfc,pink,,42,2,blocks.3.mlp.fc2,True,0.14271720871034985,1.7812401910444855,0.21578992735594044,4.576418353641009,mlp_fc2,147648.0,5526346,1.0,77146304,11447.92615112316,0.0010019950765913074,11.470765640606281,15.822460122944664,0.0,0.014822460122944666
vit,dp_kfc,pink,,42,2,blocks.4.attn.q_proj,True,0.2859738735962814,2.21782643193085,0.5194290473283181,5.101210074185742,attention_qkv,37056.0,5526346,1.0,77146304,44422.159337453544,0.001,44.42215933745354,1.433018499842272,2.6122528086612547e-08,0.0004330559339082826
vit,dp_kfc,pink,,42,2,blocks.4.attn.k_proj,True,0.2859738735962814,2.21782643193085,0.5246775356288443,7.009828441467459,attention_qkv,37056.0,5526346,1.0,77146304,44422.159337453544,0.001,44.42215933745354,3.3026092640124793,2.855235051026273e-08,0.002302703561269784
vit,dp_kfc,pink,,42,2,blocks.4.attn.v_proj,True,0.2859738735962814,2.21782643193085,0.1819467318636155,7.003658606557818,attention_qkv,37056.0,5526346,1.0,77146304,44422.159337453544,0.001,44.42215933745354,1.9653520737748416,2.4175111305980547e-07,0.0009658271998262311
vit,dp_kfc,pink,,42,2,blocks.4.attn.out_proj,True,0.10913134095082574,3.79933459181134,0.18568706148971642,4.944151815458676,attention_out,37056.0,5526346,1.0,77146304,12231.922507394893,0.0013584160942497127,16.616040397660523,17.7385876347225,0.0,0.0167385876347225
vit,dp_kfc,pink,,42,2,blocks.4.mlp.fc1,True,0.159887355650182,2.9317935121339667,0.09306026651749999,9.182713658890767,mlp_fc1,148224.0,5526346,1.0,77146304,72106.36208598157,0.0010000492194269692,72.10991111980428,6.199422767076068,2.8687660601648465e-08,0.005199600614012336
vit,dp_kfc,pink,,42,2,blocks.4.mlp.fc2,True,0.17548910604526796,2.9860822089362564,0.19647365324082713,6.53900895177528,mlp_fc2,147648.0,5526346,1.0,77146304,14246.265455833829,0.0010679652919107086,15.21451704617702,24.91721940869472,0.0,0.02391721940869472
vit,dp_kfc,pink,,42,2,blocks.5.attn.q_proj,True,0.27443580956274904,2.3249728392036517,0.31942907870858006,5.073643808912115,attention_qkv,37056.0,5526346,1.0,77146304,53441.47914084349,0.00100004089434512,53.4436645951352,1.2101563493331016,2.1863798684164696e-08,0.00021018280794789977
vit,dp_kfc,pink,,42,2,blocks.5.attn.k_proj,True,0.27443580956274904,2.3249728392036517,0.575622924484817,1.3873234973174604,attention_qkv,37056.0,5526346,1.0,77146304,53441.47914084349,0.00100004089434512,53.4436645951352,1.186252731074614,1.7047772122727886e-08,0.0001862729540408533
vit,dp_kfc,pink,,42,2,blocks.5.attn.v_proj,True,0.27443580956274904,2.3249728392036517,0.19718890945709253,4.362088572316984,attention_qkv,37056.0,5526346,1.0,77146304,53441.47914084349,0.00100004089434512,53.4436645951352,2.0681236725933525,2.0867170442471745e-07,0.001068555231485074
vit,dp_kfc,pink,,42,2,blocks.5.attn.out_proj,True,0.09660862963359536,3.7055911189347563,0.1884180463214274,7.409340356075619,attention_out,37056.0,5526346,1.0,77146304,11308.858598137878,0.001722409739545767,19.47848819257857,25.075821396308722,0.0,0.024075821396308723
vit,dp_kfc,pink,,42,2,blocks.5.mlp.fc1,True,0.1494333642454961,3.6863614300048035,0.11293142663311459,10.019367611087333,mlp_fc1,148224.0,5526346,1.0,77146304,104423.89457168302,0.0010000367533545666,104.42773250010544,8.68067552658606,4.8868844546775705e-09,0.007680717948044345
vit,dp_kfc,pink,,42,2,blocks.5.mlp.fc2,True,0.12185930377654042,3.6335421976821274,0.19403499869631138,8.554350188383882,mlp_fc2,147648.0,5526346,1.0,77146304,19882.48676313971,0.0010022623854540615,19.92746861198321,33.006981177848004,0.0,0.032006981177848004
vit,dp_kfc,pink,,42,2,blocks.6.attn.q_proj,True,0.15541265129117837,3.356438618342165,0.4726502504344607,7.169407328224707,attention_qkv,37056.0,5526346,1.0,77146304,68688.78718756637,0.001,68.68878718756638,1.304041485511159,8.938884808335376e-09,0.0003040531421877833
vit,dp_kfc,pink,,42,2,blocks.6.attn.k_proj,True,0.15541265129117837,3.356438618342165,0.5933621333811546,3.824916091986335,attention_qkv,37056.0,5526346,1.0,77146304,68688.78718756637,0.001,68.68878718756638,1.744041826343236,8.937797853082988e-09,0.0007440574142365271
vit,dp_kfc,pink,,42,2,blocks.6.attn.v_proj,True,0.15541265129117837,3.356438618342165,0.15989541909297716,14.449821006488781,attention_qkv,37056.0,5526346,1.0,77146304,68688.78718756637,0.001,68.68878718756638,4.779076722133112,1.0283509429020486e-07,0.003779568178938453
vit,dp_kfc,pink,,42,2,blocks.6.attn.out_proj,True,0.05869667551190403,3.9072522945238752,0.2418044444594221,7.3875156775709945,attention_out,37056.0,5526346,1.0,77146304,19361.876222325507,0.0011503639420724434,22.27320425703308,30.020463887483213,0.0,0.02902046388748321
vit,dp_kfc,pink,,42,2,blocks.6.mlp.fc1,True,0.11119003731250647,3.507838153065377,0.12028044937843002,12.770717100388545,mlp_fc1,148224.0,5526346,1.0,77146304,130468.1422619992,0.001,130.4681422619992,10.873055493887474,2.4122831073965775e-09,0.009873081722775569
vit,dp_kfc,pink,,42,2,blocks.6.mlp.fc2,True,0.07412761329457318,3.1377596070432068,0.2713354483165017,8.33466882101536,mlp_fc2,147648.0,5526346,1.0,77146304,18313.450766723796,0.0010059217501283862,18.421898446152838,39.79960328212688,0.0,0.03879960328212688
vit,dp_kfc,pink,,42,2,blocks.7.attn.q_proj,True,0.1527167393566803,3.624921306091079,0.27820667418084016,15.024003797550375,attention_qkv,37056.0,5526346,1.0,77146304,83864.58377257985,0.001,83.86458377257985,1.831583078472608,1.8416076417065823e-08,0.0008316168090465454
vit,dp_kfc,pink,,42,2,blocks.7.attn.k_proj,True,0.1527167393566803,3.624921306091079,0.4322109120334047,4.279643909694597,attention_qkv,37056.0,5526346,1.0,77146304,83864.58377257985,0.001,83.86458377257985,1.3729714258831636,9.718561042978313e-09,0.0003729847691897762
vit,dp_kfc,pink,,42,2,blocks.7.attn.v_proj,True,0.1527167393566803,3.624921306091079,0.19888911431361334,13.755598289917133,attention_qkv,37056.0,5526346,1.0,77146304,83864.58377257985,0.001,83.86458377257985,2.9139107504490243,7.293488687239697e-08,0.0019141232761999646
vit,dp_kfc,pink,,42,2,blocks.7.attn.out_proj,True,0.08381152207711724,3.5962601722245777,0.28930320647725566,8.124813358355068,attention_out,37056.0,5526346,1.0,77146304,15865.127755254824,0.0011923786581724237,18.917239744544823,38.45715721233104,0.0,0.03745715721233104
vit,dp_kfc,pink,,42,2,blocks.7.mlp.fc1,True,0.1356386171929036,3.560735486711237,0.09080443906054356,12.910074650626036,mlp_fc1,148224.0,5526346,1.0,77146304,207271.27463497396,0.001,207.27127463497396,10.342380512179103,1.4751858924558538e-09,0.009342395769112931
vit,dp_kfc,pink,,42,2,blocks.7.mlp.fc2,True,0.9985810844758565,0.12591495178881465,0.3587137757048998,7.574791948178227,mlp_fc2,147648.0,5526346,1.0,77146304,617433.1662259916,0.001011451967968448,624.5039910682691,45.73023284478382,0.0,0.04473023284478382
vit,dp_kfc,pink,,42,2,blocks.8.attn.q_proj,True,0.2740736630951185,3.1678711573521703,0.254012066512017,24.87099262854688,attention_qkv,37056.0,5526346,1.0,77146304,135803.5005017002,0.001,135.80350050170023,2.820116837653594,1.5342630820042362e-09,0.0018201211644547452
vit,dp_kfc,pink,,42,2,blocks.8.attn.k_proj,True,0.2740736630951185,3.1678711573521703,0.4316781111998969,3.442147040469895,attention_qkv,37056.0,5526346,1.0,77146304,135803.5005017002,0.001,135.80350050170023,1.30155615665742,2.8411379033555352e-09,0.00030155985455795014
vit,dp_kfc,pink,,42,2,blocks.8.attn.v_proj,True,0.2740736630951185,3.1678711573521703,0.3394868549356305,21.07371547501592,attention_qkv,37056.0,5526346,1.0,77146304,135803.5005017002,0.001,135.80350050170023,6.1759879156881325,4.616567690144212e-08,0.005176273034350796
vit,dp_kfc,pink,,42,2,blocks.8.attn.out_proj,True,0.21910808274079294,1.3174164161617843,0.3660572534624634,7.479694138776828,attention_out,37056.0,5526346,1.0,77146304,5078.289971658656,0.0010308653962845763,5.23503340408189,45.32948061389859,0.0,0.04432948061389859
vit,dp_kfc,pink,,42,2,blocks.8.mlp.fc1,True,0.20570733841186922,3.1143094084239515,0.07949009793418577,11.826473744687542,mlp_fc1,148224.0,5526346,1.0,77146304,275458.4697308954,0.0010000012499370703,275.45881403664805,8.281611115831023,9.046801340809146e-10,0.0072816186080400785
vit,dp_kfc,pink,,42,2,blocks.8.mlp.fc2,True,0.09659200683063507,2.5477257380126517,0.42566110462151113,6.03602464774115,mlp_fc2,147648.0,5526346,1.0,77146304,19092.467581728844,0.0010009685386915088,19.110959375298126,42.40807321034245,0.0,0.04140807321034245
vit,dp_kfc,pink,,42,2,blocks.9.attn.q_proj,True,0.2126549259048771,3.3691501242686646,0.3504655969958711,5.880603007041363,attention_qkv,37056.0,5526346,1.0,77146304,136177.3130526783,0.001000137536024399,136.19604233892892,1.6076987607564805,1.9321726699261084e-09,0.0006077018671080877
vit,dp_kfc,pink,,42,2,blocks.9.attn.k_proj,True,0.2126549259048771,3.3691501242686646,0.4706163194012275,1.3530495470925852,attention_qkv,37056.0,5526346,1.0,77146304,136177.3130526783,0.001000137536024399,136.19604233892892,1.0843145491473354,7.103531794663756e-10,8.4315319393623e-05
vit,dp_kfc,pink,,42,2,blocks.9.attn.v_proj,True,0.2126549259048771,3.3691501242686646,0.46270988512259303,12.299241741227291,attention_qkv,37056.0,5526346,1.0,77146304,136177.3130526783,0.001000137536024399,136.19604233892892,5.694043734031394,2.193632340835682e-08,0.004694168640416245
vit,dp_kfc,pink,,42,2,blocks.9.attn.out_proj,True,0.264450840064399,1.1804334352593957,0.4280864335854984,6.072554987612096,attention_out,37056.0,5526346,1.0,77146304,3179.138305429991,0.0010234586790675987,3.2537166906485826,42.244615605953115,0.0,0.04124461560595311
vit,dp_kfc,pink,,42,2,blocks.9.mlp.fc1,True,0.19948894475431045,3.0571576286587834,0.027481355621463043,11.48133564965921,mlp_fc1,148224.0,5526346,1.0,77146304,277817.0922605437,0.001,277.81709226054375,7.122746109195469,1.1781029067028922e-09,0.006122754500523363
vit,dp_kfc,pink,,42,2,blocks.9.mlp.fc2,True,0.10372015282020125,3.3177318302339045,0.5504340055789126,5.058842368605458,mlp_fc2,147648.0,5526346,1.0,77146304,20064.804960602083,0.001008249995899592,20.230339519253164,38.36318406545172,0.0,0.03736318406545172
vit,dp_kfc,pink,,42,2,blocks.10.attn.q_proj,True,0.2133833158769344,2.875261652235598,0.2871632755970674,6.9094056543813345,attention_qkv,37056.0,5526346,1.0,77146304,122019.63682459698,0.001000099728686658,122.03180568272398,1.5011412623953007,1.3184118562336148e-08,0.0005011610536196828
vit,dp_kfc,pink,,42,2,blocks.10.attn.k_proj,True,0.2133833158769344,2.875261652235598,0.47090561992809005,2.2604070486042205,attention_qkv,37056.0,5526346,1.0,77146304,122019.63682459698,0.001000099728686658,122.03180568272398,1.152576651382235,6.112300285652274e-10,0.00015257735587169454
vit,dp_kfc,pink,,42,2,blocks.10.attn.v_proj,True,0.2133833158769344,2.875261652235598,0.5038799223522781,5.1837530976158375,attention_qkv,37056.0,5526346,1.0,77146304,122019.63682459698,0.001000099728686658,122.03180568272398,3.7919305137898314,7.427061411368109e-09,0.002791958676690625
vit,dp_kfc,pink,,42,2,blocks.10.attn.out_proj,True,0.36630254986532695,1.9232870036614047,0.5565057993090791,4.9849759298680825,attention_out,37056.0,5526346,1.0,77146304,5452.570879536835,0.0010152017718852155,5.535459618235523,37.83452430002259,0.0,0.03683452430002259
vit,dp_kfc,pink,,42,2,blocks.10.mlp.fc1,True,0.2644065921614288,2.497622816841306,0.03383134684092089,13.871980145131738,mlp_fc1,148224.0,5526346,1.0,77146304,222318.21527598085,0.0010000196623512736,222.32258657482413,6.7604764683542,4.826006676534986e-10,0.0057604797309646575
vit,dp_kfc,pink,,42,2,blocks.10.mlp.fc2,True,0.1965923156487577,3.1718375529904375,0.6266052969830309,4.839652854584901,mlp_fc2,147648.0,5526346,1.0,77146304,14484.579919423328,0.0010066315134095384,14.580634605390514,39.1313734249865,0.0,0.0381313734249865
vit,dp_kfc,pink,,42,2,blocks.11.attn.q_proj,True,0.31365449566299286,2.6887042288064102,0.37089931227153144,3.4342918596266165,attention_qkv,37056.0,5526346,1.0,77146304,136008.63212677307,0.0010000613795497378,136.01698027537347,1.410578727338243,4.1082686343797065e-09,0.00041058452237458496
vit,dp_kfc,pink,,42,2,blocks.11.attn.k_proj,True,0.31365449566299286,2.6887042288064102,0.463085420778027,1.474420235347624,attention_qkv,37056.0,5526346,1.0,77146304,136008.63212677307,0.0010000613795497378,136.01698027537347,1.1153893174294063,6.961534240002245e-11,0.0001153893950776154
vit,dp_kfc,pink,,42,2,blocks.11.attn.v_proj,True,0.31365449566299286,2.6887042288064102,0.5478452570596761,11.704094547251744,attention_qkv,37056.0,5526346,1.0,77146304,136008.63212677307,0.0010000613795497378,136.01698027537347,4.551959942877473,7.974469723010066e-10,0.003551963572824149
vit,dp_kfc,pink,,42,2,blocks.11.attn.out_proj,True,0.5075372156034246,1.4110164621094612,0.6314223661105405,4.8675120935188705,attention_out,37056.0,5526346,1.0,77146304,6022.032501815699,0.0010203990976269362,6.14487653073282,38.71608836338083,2.07996533003001e-11,0.03771608916866204
vit,dp_kfc,pink,,42,2,blocks.11.mlp.fc1,True,0.48164691470005744,1.7095669556255013,0.07004161258600543,10.225139168748445,mlp_fc1,148224.0,5526346,1.0,77146304,188935.36672091798,0.001,188.93536672091798,4.434076531991831,6.589743358087005e-15,0.003434076532021051
vit,dp_kfc,pink,,42,2,blocks.11.mlp.fc2,True,0.83741269181522,0.6168757442641476,0.7136729312487096,4.574781389936147,mlp_fc2,147648.0,5526346,1.0,77146304,32712.04324282989,0.0010000543224705524,32.713820241835656,35.192952997097876,2.7982143169748512e-11,0.03419295398187212
vit,dp_kfc,pink,,42,2,head,True,0.02550839821721448,3.676061025123886,0.6873317590246035,4.829364559695476,patch_head,1930.0,5526346,1.0,77146304,2631492.324072031,0.001,2631.492324072031,934.0575892907385,5.348191499058144e-09,0.9330625848095973
vit,dp_kfc,pink,,42,2,identity,True,,,,,identity,47616.0,5526346,1.0,77146304,,,,,,
vit,dp_kfc,pink,,42,3,patch_embed,True,0.6221872413942543,0.8483407050135697,0.3404703159898703,0.9862795743484183,patch_head,147648.0,5526346,1.0,77146304,1487.695495576867,0.0176361473773437,26.237217012603995,1.7690795633362564,0.0,0.0007690795633362562
vit,dp_kfc,pink,,42,3,blocks.0.attn.q_proj,True,0.3385566658253388,1.7041082628816016,0.20163210871390022,0.9825799526480012,attention_qkv,37056.0,5526346,1.0,77146304,11040.488907596302,0.001,11.040488907596302,1.1106178342152273,7.234656848796674e-12,0.0001106178422501662
vit,dp_kfc,pink,,42,3,blocks.0.attn.k_proj,True,0.3385566658253388,1.7041082628816016,0.27671403475686285,0.9757948022109743,attention_qkv,37056.0,5526346,1.0,77146304,11040.488907596302,0.001,11.040488907596302,1.4014116553621498,1.9021108359832904e-11,0.0004014116820185528
vit,dp_kfc,pink,,42,3,blocks.0.attn.v_proj,True,0.3385566658253388,1.7041082628816016,0.29051513390228684,1.3541504795681256,attention_qkv,37056.0,5526346,1.0,77146304,11040.488907596302,0.001,11.040488907596302,4.086815913463659,5.832247142000998e-08,0.0030870542666679712
vit,dp_kfc,pink,,42,3,blocks.0.attn.out_proj,True,0.10970007493198353,4.703277316351642,0.31513811332644937,0.9708397152011875,attention_out,37056.0,5526346,1.0,77146304,8413.54799406734,0.0010021642478893473,8.431756997555421,4.006080604426098,0.0,0.0030060806044260977
vit,dp_kfc,pink,,42,3,blocks.0.mlp.fc1,True,0.36390892839258426,1.8871295507397865,0.27101063981886614,1.1034600044012188,mlp_fc1,148224.0,5526346,1.0,77146304,41120.46285011599,0.0010000000070123458,41.120463138466896,2.1637868418869117,2.2551737226471607e-08,0.0011638356390391842
vit,dp_kfc,pink,,42,3,blocks.0.mlp.fc2,True,0.11885340488316308,7.551269347200533,0.25958528960010346,1.022552254917132,mlp_fc2,147648.0,5526346,1.0,77146304,115322.76045852333,0.0010608848508857982,122.34416953277916,5.305039531928297,0.0,0.004305039531928297
vit,dp_kfc,pink,,42,3,blocks.1.attn.q_proj,True,0.36527595818278774,2.110237365584142,0.48577329517554985,1.6573183212879874,attention_qkv,37056.0,5526346,1.0,77146304,34478.531948262826,0.001,34.47853194826283,1.1694085709326285,2.627009783285412e-11,0.000169408601653106
vit,dp_kfc,pink,,42,3,blocks.1.attn.k_proj,True,0.36527595818278774,2.110237365584142,0.5046573546083,1.1487254480592821,attention_qkv,37056.0,5526346,1.0,77146304,34478.531948262826,0.001,34.47853194826283,1.2643315504150154,4.426031209405858e-11,0.0002643316063747244
vit,dp_kfc,pink,,42,3,blocks.1.attn.v_proj,True,0.36527595818278774,2.110237365584142,0.5180555769465622,0.9019241351390072,attention_qkv,37056.0,5526346,1.0,77146304,34478.531948262826,0.001,34.47853194826283,1.1513198350980676,5.7061134025511845e-08,0.0001513855307134844
vit,dp_kfc,pink,,42,3,blocks.1.attn.out_proj,True,0.13420118108548296,3.95751359207706,0.24985297829666983,1.065187982755509,attention_out,37056.0,5526346,1.0,77146304,35039.1003268305,0.0011763594855016056,41.21857803290946,5.965564992122736,0.0,0.004965564992122736
vit,dp_kfc,pink,,42,3,blocks.1.mlp.fc1,True,0.21964077589706504,2.5224427275829866,0.21468482493294203,1.5762638646859697,mlp_fc1,148224.0,5526346,1.0,77146304,59018.129022794,0.0010000197399607706,59.01929403834566,2.8408298642662952,6.974477012624761e-09,0.0018408496775688802
vit,dp_kfc,pink,,42,3,blocks.1.mlp.fc2,True,0.04892925453898073,3.4578599809104533,0.28358662801325174,1.7896334564572276,mlp_fc2,147648.0,5526346,1.0,77146304,30275.206266691675,0.0010007295138656437,30.297292449448452,8.287604101643673,0.0,0.007287604101643672
vit,dp_kfc,pink,,42,3,blocks.2.attn.q_proj,True,0.4084001926631255,1.528239789227581,0.44515028710140997,2.3872070137337222,attention_qkv,37056.0,5526346,1.0,77146304,27069.615696236546,0.001,27.069615696236546,1.2497106713130381,1.5510637047176792e-09,0.0002497126096939019
vit,dp_kfc,pink,,42,3,blocks.2.attn.k_proj,True,0.4084001926631255,1.528239789227581,0.37134751370261704,1.0143193684518845,attention_qkv,37056.0,5526346,1.0,77146304,27069.615696236546,0.001,27.069615696236546,1.1704767168113426,2.8751454888364777e-09,0.00017048008210219476
vit,dp_kfc,pink,,42,3,blocks.2.attn.v_proj,True,0.4084001926631255,1.528239789227581,0.2597188934978972,2.5551334469530538,attention_qkv,37056.0,5526346,1.0,77146304,27069.615696236546,0.001,27.069615696236546,3.0312085101960182,4.790305890486589e-07,0.002032660551794187
vit,dp_kfc,pink,,42,3,blocks.2.attn.out_proj,True,0.14295633430548907,1.9401884086565058,0.2666534292890793,2.2094575203555546,attention_out,37056.0,5526346,1.0,77146304,8262.483164009873,0.0014418374095916207,11.913157321990374,10.804858800153497,0.0,0.009804858800153497
vit,dp_kfc,pink,,42,3,blocks.2.mlp.fc1,True,0.23250793295881603,1.7475260514806796,0.27608556621849123,1.5689358124593897,mlp_fc1,148224.0,5526346,1.0,77146304,39079.44998877353,0.001,39.07944998877353,2.0834694883258114,2.9207017049357556e-08,0.0010835303402546787
vit,dp_kfc,pink,,42,3,blocks.2.mlp.fc2,True,0.1966596376370725,2.0131952183506256,0.24924194765371613,2.7023495100360826,mlp_fc2,147648.0,5526346,1.0,77146304,9091.840013696574,0.0010541314657493844,9.583994639996872,12.731071850682618,0.0,0.011731071850682617
vit,dp_kfc,pink,,42,3,blocks.3.attn.q_proj,True,0.2660697231397402,1.8698238260767697,0.3464284192746937,2.1610053422757294,attention_qkv,37056.0,5526346,1.0,77146304,40512.45771459767,0.001,40.51245771459767,1.1119013768462411,2.4044583468370515e-08,0.00011192811205170516
vit,dp_kfc,pink,,42,3,blocks.3.attn.k_proj,True,0.2660697231397402,1.8698238260767697,0.5097842650191049,0.8767681414126447,attention_qkv,37056.0,5526346,1.0,77146304,40512.45771459767,0.001,40.51245771459767,1.1167604825168236,1.7639067456021226e-08,0.00011678018113030692
vit,dp_kfc,pink,,42,3,blocks.3.attn.v_proj,True,0.2660697231397402,1.8698238260767697,0.18189553358396718,3.1609187670805823,attention_qkv,37056.0,5526346,1.0,77146304,40512.45771459767,0.001,40.51245771459767,1.9696018281604248,1.291169998334993e-07,0.0009698561372393433
vit,dp_kfc,pink,,42,3,blocks.3.attn.out_proj,True,0.019137988096646585,1.8476270051556016,0.20733970290973533,3.5182805972384394,attention_out,37056.0,5526346,1.0,77146304,12217.812800452122,0.0011682909171039802,14.273959721644959,12.913219150045204,0.0,0.011913219150045206
vit,dp_kfc,pink,,42,3,blocks.3.mlp.fc1,True,0.14194917456156836,2.077135425468367,0.15474542335944289,3.9684896919483497,mlp_fc1,148224.0,5526346,1.0,77146304,60289.438730437476,0.001,60.289438730437475,3.4307859636453006,1.3969472771121294e-09,0.0024307907562724105
vit,dp_kfc,pink,,42,3,blocks.3.mlp.fc2,True,0.12288336061395526,1.6402443034601073,0.2193813030562922,4.323500031993781,mlp_fc2,147648.0,5526346,1.0,77146304,11515.34347153484,0.001001883733361183,11.537035308197652,15.98628211966016,0.0,0.01498628211966016
vit,dp_kfc,pink,,42,3,blocks.4.attn.q_proj,True,0.26824537014946753,2.1073758204973605,0.5166192820476814,3.7983164558042177,attention_qkv,37056.0,5526346,1.0,77146304,44419.49236294082,0.001,44.41949236294082,1.4016001565335123,2.5176457142734915e-08,0.0004016354438597846
vit,dp_kfc,pink,,42,3,blocks.4.attn.k_proj,True,0.26824537014946753,2.1073758204973605,0.5215516428449625,4.246043216658281,attention_qkv,37056.0,5526346,1.0,77146304,44419.49236294082,0.001,44.41949236294082,3.2962295324801976,2.8290652724280267e-08,0.002296322784965201
vit,dp_kfc,pink,,42,3,blocks.4.attn.v_proj,True,0.26824537014946753,2.1073758204973605,0.13465667112227098,4.118082892690079,attention_qkv,37056.0,5526346,1.0,77146304,44419.49236294082,0.001,44.41949236294082,2.0131655746027715,2.3165027622315465e-07,0.0010136319249642114
vit,dp_kfc,pink,,42,3,blocks.4.attn.out_proj,True,0.10944693554499717,3.016857072153143,0.1868390575196322,5.0634903886906075,attention_out,37056.0,5526346,1.0,77146304,12525.946839807744,0.001353302927944563,16.951400533589766,17.82238372163091,0.0,0.01682238372163091
vit,dp_kfc,pink,,42,3,blocks.4.mlp.fc1,True,0.14912471181805387,2.6378485438265837,0.10306764762271352,8.354374301293252,mlp_fc1,148224.0,5526346,1.0,77146304,71519.19351390169,0.0010000238828830213,71.52090159843415,6.032455206563004,2.635377892635812e-08,0.0050326141845539
vit,dp_kfc,pink,,42,3,blocks.4.mlp.fc2,True,0.20047251866507954,2.5690454083943335,0.1941236291729848,6.669389323385343,mlp_fc2,147648.0,5526346,1.0,77146304,14030.418125342214,0.001073467714285652,15.061200875483088,24.60466617542023,0.0,0.02360466617542023
vit,dp_kfc,pink,,42,3,blocks.5.attn.q_proj,True,0.2636823023936655,2.197032089658905,0.28569302423204057,5.029794664923666,attention_qkv,37056.0,5526346,1.0,77146304,52667.305183333294,0.0010000330502299298,52.66904584987939,1.1919810950383831,2.145304199729415e-08,0.00019200666665887507
vit,dp_kfc,pink,,42,3,blocks.5.attn.k_proj,True,0.2636823023936655,2.197032089658905,0.5403118066720656,1.0726687675151432,attention_qkv,37056.0,5526346,1.0,77146304,52667.305183333294,0.0010000330502299298,52.66904584987939,1.1911867562483396,1.6375377072452095e-08,0.00019120626238063683
vit,dp_kfc,pink,,42,3,blocks.5.attn.v_proj,True,0.2636823023936655,2.197032089658905,0.19551093153297858,4.468999365681302,attention_qkv,37056.0,5526346,1.0,77146304,52667.305183333294,0.0010000330502299298,52.66904584987939,2.0250317984498554,2.0100249667679093e-07,0.0010254388348971935
vit,dp_kfc,pink,,42,3,blocks.5.attn.out_proj,True,0.08755866465460252,2.952551307425711,0.19969731097662946,9.209452820831725,attention_out,37056.0,5526346,1.0,77146304,10987.702514824985,0.0017110721221759552,18.800751459879667,24.960504861491895,0.0,0.023960504861491896
vit,dp_kfc,pink,,42,3,blocks.5.mlp.fc1,True,0.13578733105534022,3.4299785646345353,0.11392889074760887,11.298231567603581,mlp_fc1,148224.0,5526346,1.0,77146304,103084.64590678511,0.0010000131970077453,103.08600631565557,8.538691640744446,4.882923483111372e-09,0.007538733334522373
vit,dp_kfc,pink,,42,3,blocks.5.mlp.fc2,True,0.12210749093468352,3.3102614118725597,0.19363067458156838,9.939125416438504,mlp_fc2,147648.0,5526346,1.0,77146304,19511.521616250546,0.0010041794725812712,19.593069485864547,32.57745785167125,0.0,0.03157745785167125
vit,dp_kfc,pink,,42,3,blocks.6.attn.q_proj,True,0.1403383916805453,3.132104746170861,0.3803889446523167,8.33126755035194,attention_qkv,37056.0,5526346,1.0,77146304,66989.4905564545,0.001,66.9894905564545,1.3241678961826349,1.0317973360621944e-08,0.0003241815589117128
vit,dp_kfc,pink,,42,3,blocks.6.attn.k_proj,True,0.1403383916805453,3.132104746170861,0.4783348433517485,1.9697443258379694,attention_qkv,37056.0,5526346,1.0,77146304,66989.4905564545,0.001,66.9894905564545,1.6470943539243788,8.708114158224983e-09,0.0006471086970100419
vit,dp_kfc,pink,,42,3,blocks.6.attn.v_proj,True,0.1403383916805453,3.132104746170861,0.1165748097334294,12.575685658899703,attention_qkv,37056.0,5526346,1.0,77146304,66989.4905564545,0.001,66.9894905564545,4.6313447365929505,9.686871417146698e-08,0.0036317933690024696
vit,dp_kfc,pink,,42,3,blocks.6.attn.out_proj,True,0.04706302223361418,2.9385523901068216,0.2419715031440068,9.010274092919284,attention_out,37056.0,5526346,1.0,77146304,18835.1102936434,0.0011544434806451357,21.74407028572871,29.545124822018266,0.0,0.028545124822018268
vit,dp_kfc,pink,,42,3,blocks.6.mlp.fc1,True,0.08627949252233606,3.1591177819755236,0.11902875039615772,14.323607906495704,mlp_fc1,148224.0,5526346,1.0,77146304,129886.06431375851,0.001,129.8860643137585,10.781965205089728,2.3996367078435875e-09,0.009781991077889216
vit,dp_kfc,pink,,42,3,blocks.6.mlp.fc2,True,0.05599006927900514,2.5271597347323858,0.2817971633195309,10.220914044951313,mlp_fc2,147648.0,5526346,1.0,77146304,17745.82402460332,0.0010057213589501287,17.847354253713895,38.82886826546729,0.0,0.037828868265467296
vit,dp_kfc,pink,,42,3,blocks.7.attn.q_proj,True,0.1266498785901292,3.3945443581897288,0.25338522119791745,19.75709117619615,attention_qkv,37056.0,5526346,1.0,77146304,82696.65605522862,0.001,82.69665605522863,1.941423860996138,1.7424300254047188e-08,0.0009414576889484124
vit,dp_kfc,pink,,42,3,blocks.7.attn.k_proj,True,0.1266498785901292,3.3945443581897288,0.3541558696665618,3.934738481320256,attention_qkv,37056.0,5526346,1.0,77146304,82696.65605522862,0.001,82.69665605522863,1.4265397598196445,9.267103591606791e-09,0.00042655297971137655
vit,dp_kfc,pink,,42,3,blocks.7.attn.v_proj,True,0.1266498785901292,3.3945443581897288,0.160391604203286,12.340668862128734,attention_qkv,37056.0,5526346,1.0,77146304,82696.65605522862,0.001,82.69665605522863,2.725254647056459,7.085769866995556e-08,0.001725447752329039
vit,dp_kfc,pink,,42,3,blocks.7.attn.out_proj,True,0.06804520762557519,2.9975013272749456,0.29245234911710327,10.339714020977928,attention_out,37056.0,5526346,1.0,77146304,15809.22316753489,0.0011920149949941677,18.844831074910783,37.83095056731254,0.0,0.03683095056731254
vit,dp_kfc,pink,,42,3,blocks.7.mlp.fc1,True,0.1090026292184521,3.3785575223611093,0.09260745396444765,14.774123310646491,mlp_fc1,148224.0,5526346,1.0,77146304,205205.7108534603,0.0010000006649704054,205.20584730918503,9.901979929110388,1.5661895610191987e-09,0.008901995437487988
vit,dp_kfc,pink,,42,3,blocks.7.mlp.fc2,True,0.998540974826882,0.06352755321250649,0.34733467986012934,9.585028003244165,mlp_fc2,147648.0,5526346,1.0,77146304,608541.5517926133,0.0010110951312142413,615.2934001590704,44.35066970679326,0.0,0.043350669706793264
vit,dp_kfc,pink,,42,3,blocks.8.attn.q_proj,True,0.2379467755908475,3.172203980984195,0.1685620887006347,31.719466102822032,attention_qkv,37056.0,5526346,1.0,77146304,134463.36180776448,0.001,134.46336180776447,2.639538383202383,1.6321585764184543e-09,0.0016395426913475932
vit,dp_kfc,pink,,42,3,blocks.8.attn.k_proj,True,0.2379467755908475,3.172203980984195,0.3812317491500101,2.92836511220548,attention_qkv,37056.0,5526346,1.0,77146304,134463.36180776448,0.001,134.46336180776447,1.2654209918003256,2.5398534204738463e-09,0.00026542420578415995
vit,dp_kfc,pink,,42,3,blocks.8.attn.v_proj,True,0.2379467755908475,3.172203980984195,0.3337648049835898,25.31067796550284,attention_qkv,37056.0,5526346,1.0,77146304,134463.36180776448,0.001,134.46336180776447,5.9562871991365425,4.039234303113448e-08,0.004956527787532282
vit,dp_kfc,pink,,42,3,blocks.8.attn.out_proj,True,0.15685407973903914,1.229420528201751,0.35651958410671525,9.559946150425601,attention_out,37056.0,5526346,1.0,77146304,5043.282405364576,0.00103350398135682,5.21225244505109,44.22172301898078,0.0,0.04322172301898078
vit,dp_kfc,pink,,42,3,blocks.8.mlp.fc1,True,0.17771615699007867,3.0392513509311936,0.06589319520570881,14.219621305124726,mlp_fc1,148224.0,5526346,1.0,77146304,272530.03241521877,0.0010000000514939415,272.5300464488643,8.431507227006502,9.361395287087833e-10,0.007431515120073704
vit,dp_kfc,pink,,42,3,blocks.8.mlp.fc2,True,0.0781526576444138,2.1929640673353927,0.41759413932513273,7.747941591129503,mlp_fc2,147648.0,5526346,1.0,77146304,18077.177362618793,0.0010006867422885203,18.089591724770788,41.104624240157484,0.0,0.04010462424015748
vit,dp_kfc,pink,,42,3,blocks.9.attn.q_proj,True,0.183549406853233,3.3137226362399765,0.28878776606853157,6.5096506765127975,attention_qkv,37056.0,5526346,1.0,77146304,134789.95988451896,0.001,134.78995988451896,1.6180795225384332,1.74339170825633e-09,0.0006180823434848563
vit,dp_kfc,pink,,42,3,blocks.9.attn.k_proj,True,0.183549406853233,3.3137226362399765,0.44018787657059366,1.3400980731194438,attention_qkv,37056.0,5526346,1.0,77146304,134789.95988451896,0.001,134.78995988451896,1.0831936967859257,6.906004812273967e-10,8.319444484001396e-05
vit,dp_kfc,pink,,42,3,blocks.9.attn.v_proj,True,0.183549406853233,3.3137226362399765,0.4504774741284159,15.624953813745599,attention_qkv,37056.0,5526346,1.0,77146304,134789.95988451896,0.001,134.78995988451896,5.489654149538664,2.0338898002802083e-08,0.004489765803054482
vit,dp_kfc,pink,,42,3,blocks.9.attn.out_proj,True,0.14822697438714688,1.132290265107896,0.42227904422550866,7.846816301311233,attention_out,37056.0,5526346,1.0,77146304,3226.936566492644,0.0010240679259265627,3.3046022367447057,40.96049453336498,0.0,0.039960494533364976
vit,dp_kfc,pink,,42,3,blocks.9.mlp.fc1,True,0.1763898577781682,2.952621301312,0.023636678580740648,12.459250246773935,mlp_fc1,148224.0,5526346,1.0,77146304,274567.1598128233,0.0010000480742860668,274.58035943300865,6.75721268045701,1.435953954151324e-09,0.005757222383503277
vit,dp_kfc,pink,,42,3,blocks.9.mlp.fc2,True,0.08613246470076082,2.6785673870289313,0.5558879918797458,6.826695913152269,mlp_fc2,147648.0,5526346,1.0,77146304,18906.68001481296,0.0010074095436215299,19.046769885121023,37.7815303006247,0.0,0.0367815303006247
vit,dp_kfc,pink,,42,3,blocks.10.attn.q_proj,True,0.18851055477371784,2.7969256312956365,0.2529992015667891,9.642043556037121,attention_qkv,37056.0,5526346,1.0,77146304,121297.85347271708,0.0010000715244379314,121.306529233509,1.5395127764069718,1.2704980519735734e-08,0.0005395323358868059
vit,dp_kfc,pink,,42,3,blocks.10.attn.k_proj,True,0.18851055477371784,2.7969256312956365,0.454887223549806,3.024279894919814,attention_qkv,37056.0,5526346,1.0,77146304,121297.85347271708,0.0010000715244379314,121.306529233509,1.1674154272744721,5.335295042950699e-10,0.00016741605012504627
vit,dp_kfc,pink,,42,3,blocks.10.attn.v_proj,True,0.18851055477371784,2.7969256312956365,0.4841739306496606,6.015613264038144,attention_qkv,37056.0,5526346,1.0,77146304,121297.85347271708,0.0010000715244379314,121.306529233509,3.724397701249542,6.618973442148001e-09,0.0027244223529390146
vit,dp_kfc,pink,,42,3,blocks.10.attn.out_proj,True,0.30694674138130473,1.6939745553622318,0.56504286831718,6.732378902636292,attention_out,37056.0,5526346,1.0,77146304,5191.633839793546,0.0010145756846407347,5.267305457412544,37.20534105364379,0.0,0.03620534105364379
vit,dp_kfc,pink,,42,3,blocks.10.mlp.fc1,True,0.23490131344891524,2.4352652475624685,0.030099359865156744,15.411751159864062,mlp_fc1,148224.0,5526346,1.0,77146304,221732.6211186275,0.001,221.7326211186275,6.517843104535029,4.828762682758933e-10,0.005517846251846785
vit,dp_kfc,pink,,42,3,blocks.10.mlp.fc2,True,0.15615439223078842,2.7473258969128573,0.6497641228036857,6.567107074524951,mlp_fc2,147648.0,5526346,1.0,77146304,14440.776608574964,0.001008110650236164,14.557900696785694,38.76233437842225,0.0,0.03776233437842225
vit,dp_kfc,pink,,42,3,blocks.11.attn.q_proj,True,0.2852768932603626,2.709153257443753,0.2455499339078153,4.022797857758157,attention_qkv,37056.0,5526346,1.0,77146304,135696.440825548,0.001,135.696440825548,1.3778792955154535,4.137666884424258e-09,0.0003778849967209854
vit,dp_kfc,pink,,42,3,blocks.11.attn.k_proj,True,0.2852768932603626,2.709153257443753,0.4503650626147997,1.5624652830081571,attention_qkv,37056.0,5526346,1.0,77146304,135696.440825548,0.001,135.696440825548,1.106926186099981,7.544764377021625e-11,0.0001069262696149536
vit,dp_kfc,pink,,42,3,blocks.11.attn.v_proj,True,0.2852768932603626,2.709153257443753,0.5580207482499091,22.781256824117797,attention_qkv,37056.0,5526346,1.0,77146304,135696.440825548,0.001,135.696440825548,4.700650578837489,6.747184390893457e-10,0.0037006537504531097
vit,dp_kfc,pink,,42,3,blocks.11.attn.out_proj,True,0.40582707552070874,1.3758211215235554,0.6586456614869028,6.641584863827249,attention_out,37056.0,5526346,1.0,77146304,6010.286716369893,0.001020401174473462,6.132903624306086,38.33565068211653,2.7885196667912946e-11,0.03733565175111369
vit,dp_kfc,pink,,42,3,blocks.11.mlp.fc1,True,0.4574545175116493,1.708520421994455,0.09057947384420464,14.170458369075142,mlp_fc1,148224.0,5526346,1.0,77146304,190194.1603405711,0.001000127056654659,190.21832577431965,4.268561314810073,1.229712640509497e-14,0.0032685613148625632
vit,dp_kfc,pink,,42,3,blocks.11.mlp.fc2,True,0.840734421647528,0.5799006161894061,0.7397730762622841,6.22725259266177,mlp_fc2,147648.0,5526346,1.0,77146304,32507.391367215823,0.0010000990363738407,32.51061078137985,34.8415079403278,0.0,0.0338415079403278
vit,dp_kfc,pink,,42,3,head,True,0.03757201936382569,3.3177068509098073,0.7111733392348888,7.263209411556434,patch_head,1930.0,5526346,1.0,77146304,2583580.337195586,0.001,2583.580337195586,917.9393011133498,0.0,0.9169393011133498
vit,dp_kfc,pink,,42,3,identity,True,,,,,identity,47616.0,5526346,1.0,77146304,,,,,,
vit,dp_kfc,pink,,42,4,patch_embed,True,0.6222148527171212,0.8482354594294865,0.38969762212368303,0.9862171806192469,patch_head,147648.0,5526346,1.0,77146304,1490.14866316982,0.017652418979770608,26.30472854441873,1.8425493542539488,0.0,0.0008425493542539488
vit,dp_kfc,pink,,42,4,blocks.0.attn.q_proj,True,0.33815455725478355,1.702750618555981,0.2067791102582029,0.9858399768336777,attention_qkv,37056.0,5526346,1.0,77146304,11001.34733246769,0.001,11.001347332467692,1.1142881512922649,8.322711744229577e-12,0.00011428816056616383
vit,dp_kfc,pink,,42,4,blocks.0.attn.k_proj,True,0.33815455725478355,1.702750618555981,0.28978572388584745,0.9843830218653411,attention_qkv,37056.0,5526346,1.0,77146304,11001.34733246769,0.001,11.001347332467692,1.3557615476969354,3.8329626150999335e-11,0.0003557615996627688
vit,dp_kfc,pink,,42,4,blocks.0.attn.v_proj,True,0.33815455725478355,1.702750618555981,0.27968288991849816,1.1071412324545267,attention_qkv,37056.0,5526346,1.0,77146304,11001.34733246769,0.001,11.001347332467692,4.182592309854523,7.550651274994013e-08,0.0031829081228140943
vit,dp_kfc,pink,,42,4,blocks.0.attn.out_proj,True,0.10709770710619501,4.627919949871743,0.3410863426810967,0.9711002719919968,attention_out,37056.0,5526346,1.0,77146304,8383.666450287872,0.0010023098933782898,8.403031825907183,4.404774795340851,0.0,0.00340477479534085
vit,dp_kfc,pink,,42,4,blocks.0.mlp.fc1,True,0.36386776838490076,1.8757219294992238,0.26532146670977313,1.0188755869227295,mlp_fc1,148224.0,5526346,1.0,77146304,41104.04296706829,0.0010000000048986902,41.10404316842427,2.24530871419589,2.3808023156292995e-08,0.0012453621705577505
vit,dp_kfc,pink,,42,4,blocks.0.mlp.fc2,True,0.119287270785616,7.5222881927410645,0.254021403107117,0.9819189218029042,mlp_fc2,147648.0,5526346,1.0,77146304,115286.71788216522,0.001063748386106574,122.63606008667716,5.466829126799567,0.0,0.004466829126799567
vit,dp_kfc,pink,,42,4,blocks.1.attn.q_proj,True,0.36075174935918686,2.1124015953053767,0.471419076837307,1.299427136748039,attention_qkv,37056.0,5526346,1.0,77146304,34539.48064638676,0.0010000000016574667,34.539480703634794,1.1779203396008333,2.943433732874809e-11,0.00017792037427213808
vit,dp_kfc,pink,,42,4,blocks.1.attn.k_proj,True,0.36075174935918686,2.1124015953053767,0.500998652366637,0.9642692246687367,attention_qkv,37056.0,5526346,1.0,77146304,34539.48064638676,0.0010000000016574667,34.539480703634794,1.2884121199982983,5.621076070930413e-11,0.0002884121924209236
vit,dp_kfc,pink,,42,4,blocks.1.attn.v_proj,True,0.36075174935918686,2.1124015953053767,0.5317741052987203,0.9255098153447217,attention_qkv,37056.0,5526346,1.0,77146304,34539.48064638676,0.0010000000016574667,34.539480703634794,1.1487219586817914,5.9167002871800016e-08,0.00014878992511721962
vit,dp_kfc,pink,,42,4,blocks.1.attn.out_proj,True,0.12624294325272475,3.9916628115395563,0.244674153469674,1.0007426900370329,attention_out,37056.0,5526346,1.0,77146304,34956.23236796543,0.0011778318967519976,41.17256547326429,6.106826413360398,0.0,0.005106826413360398
vit,dp_kfc,pink,,42,4,blocks.1.mlp.fc1,True,0.21229494417026631,2.541503232256551,0.2152303690477818,1.2539752991169295,mlp_fc1,148224.0,5526346,1.0,77146304,59135.32851880116,0.001,59.13532851880116,2.8652729099602405,7.191518060184163e-09,0.0018652935156221197
vit,dp_kfc,pink,,42,4,blocks.1.mlp.fc2,True,0.050501954001639905,3.54241731775936,0.27969218825161646,1.4071444978192655,mlp_fc2,147648.0,5526346,1.0,77146304,30490.705764933646,0.0010005567245970337,30.507680690813903,8.515015419338548,0.0,0.007515015419338546
vit,dp_kfc,pink,,42,4,blocks.2.attn.q_proj,True,0.4107647258499495,1.5150641992767067,0.40257914909142467,2.1988454887407634,attention_qkv,37056.0,5526346,1.0,77146304,26917.629215686513,0.001000004835547565,26.917759377162923,1.3139329472683683,1.7010775608597684e-09,0.00031393518237022146
vit,dp_kfc,pink,,42,4,blocks.2.attn.k_proj,True,0.4107647258499495,1.5150641992767067,0.36584661464881146,0.9536299506087367,attention_qkv,37056.0,5526346,1.0,77146304,26917.629215686513,0.001000004835547565,26.917759377162923,1.1812694060223867,3.0844521220709608e-09,0.00018127304959131285
vit,dp_kfc,pink,,42,4,blocks.2.attn.v_proj,True,0.4107647258499495,1.5150641992767067,0.2544262381053117,1.9523100747838877,attention_qkv,37056.0,5526346,1.0,77146304,26917.629215686513,0.001000004835547565,26.917759377162923,3.108475442512711,5.392987305358052e-07,0.00211015183937276
vit,dp_kfc,pink,,42,4,blocks.2.attn.out_proj,True,0.14309409436565354,1.8912088078235743,0.25661558665653983,1.7167700724717596,attention_out,37056.0,5526346,1.0,77146304,8047.231669056651,0.0014563637051803614,11.719696129992089,11.149734141654335,0.0,0.010149734141654336
vit,dp_kfc,pink,,42,4,blocks.2.mlp.fc1,True,0.22676722179891293,1.7439107589225293,0.27536817868373564,1.2092193109353777,mlp_fc1,148224.0,5526346,1.0,77146304,39440.54327864179,0.001,39.44054327864179,2.080368108117871,3.132527117145445e-08,0.0010804332762129943
vit,dp_kfc,pink,,42,4,blocks.2.mlp.fc2,True,0.18918151965923627,1.994654167279808,0.2426882271166211,2.087460323706525,mlp_fc2,147648.0,5526346,1.0,77146304,9172.445371894328,0.001050449003116974,9.6351860970513,13.073531442564095,0.0,0.012073531442564095
vit,dp_kfc,pink,,42,4,blocks.3.attn.q_proj,True,0.257744701988791,1.8491123280574318,0.3283835699342167,1.9110306258144192,attention_qkv,37056.0,5526346,1.0,77146304,40824.2336040573,0.001000045889180576,40.82610699468503,1.1303798629494652,2.622774632153704e-08,0.00013040951026575782
vit,dp_kfc,pink,,42,4,blocks.3.attn.k_proj,True,0.257744701988791,1.8491123280574318,0.4882151074163028,0.87274748203545,attention_qkv,37056.0,5526346,1.0,77146304,40824.2336040573,0.001000045889180576,40.82610699468503,1.133342677192107,1.8712176103298797e-08,0.00013336388449986805
vit,dp_kfc,pink,,42,4,blocks.3.attn.v_proj,True,0.257744701988791,1.8491123280574318,0.16303016508604853,2.3805369784532338,attention_qkv,37056.0,5526346,1.0,77146304,40824.2336040573,0.001000045889180576,40.82610699468503,2.013775259768782,1.3535504157456055e-07,0.0010140478344027894
vit,dp_kfc,pink,,42,4,blocks.3.attn.out_proj,True,0.017858056258235198,1.7495010708411536,0.20953951803458692,2.9732674949028266,attention_out,37056.0,5526346,1.0,77146304,12254.007407301786,0.0011617474878860715,14.236062321970161,13.45196092057838,0.0,0.01245196092057838
vit,dp_kfc,pink,,42,4,blocks.3.mlp.fc1,True,0.13276177153272725,1.997269261742121,0.14557717069862455,2.8573940514746714,mlp_fc1,148224.0,5526346,1.0,77146304,60551.863871334775,0.001,60.551863871334774,3.4758816501821364,1.4159822677101512e-09,0.0024758865719689176
vit,dp_kfc,pink,,42,4,blocks.3.mlp.fc2,True,0.10788395902924733,1.557587832046631,0.21440070163582706,3.4208384557178193,mlp_fc2,147648.0,5526346,1.0,77146304,11591.594909613626,0.0010018204749647117,11.612697117947658,16.533025645833934,0.0,0.015533025645833934
vit,dp_kfc,pink,,42,4,blocks.4.attn.q_proj,True,0.25750981750590896,2.0541075120152055,0.5192830848287249,3.1129747734617315,attention_qkv,37056.0,5526346,1.0,77146304,44618.628041317475,0.0010000334556825414,44.62012078797266,1.4580134844085126,2.6690615763805836e-08,0.0004580523996862033
vit,dp_kfc,pink,,42,4,blocks.4.attn.k_proj,True,0.25750981750590896,2.0541075120152055,0.4774120995760188,2.338650449690369,attention_qkv,37056.0,5526346,1.0,77146304,44618.628041317475,0.0010000334556825414,44.62012078797266,3.157564540191973,2.981802377004101e-08,0.0021576586925264878
vit,dp_kfc,pink,,42,4,blocks.4.attn.v_proj,True,0.25750981750590896,2.0541075120152055,0.11839067439284176,2.6440624236177754,attention_qkv,37056.0,5526346,1.0,77146304,44618.628041317475,0.0010000334556825414,44.62012078797266,2.077541691592091,2.482519035096238e-07,0.001078057445271649
vit,dp_kfc,pink,,42,4,blocks.4.attn.out_proj,True,0.1083915370466747,2.6395713147098587,0.17245770012502856,4.218910034585623,attention_out,37056.0,5526346,1.0,77146304,12269.831479469829,0.0013758883357625536,16.881918014374733,18.471999973291098,0.0,0.0174719999732911
vit,dp_kfc,pink,,42,4,blocks.4.mlp.fc1,True,0.14200015517554057,2.4728672647517396,0.10188053414735992,7.276731657537616,mlp_fc1,148224.0,5526346,1.0,77146304,71388.30880752575,0.0010000258963859122,71.39015750672026,6.214098184908111,3.270076721649742e-08,0.005214301390686316
vit,dp_kfc,pink,,42,4,blocks.4.mlp.fc2,True,0.20991199815921263,2.3851585068546597,0.16207082351993898,5.219043559574455,mlp_fc2,147648.0,5526346,1.0,77146304,14310.57791974751,0.0010681543049399765,15.285905411157275,25.034134968554838,0.0,0.02403413496855484
vit,dp_kfc,pink,,42,4,blocks.5.attn.q_proj,True,0.25631267731857327,2.121554325627976,0.264076188786548,4.165941576052052,attention_qkv,37056.0,5526346,1.0,77146304,52186.87981832395,0.0010000182337867771,52.18783138276312,1.2031715870501773,2.3020066426862434e-08,0.00020319928414003416
vit,dp_kfc,pink,,42,4,blocks.5.attn.k_proj,True,0.25631267731857327,2.121554325627976,0.5081086793480554,0.8963943804380348,attention_qkv,37056.0,5526346,1.0,77146304,52186.87981832395,0.0010000182337867771,52.18783138276312,1.1880888847661772,1.7862152976548983e-08,0.0001881101065915868
vit,dp_kfc,pink,,42,4,blocks.5.attn.v_proj,True,0.25631267731857327,2.121554325627976,0.16727824651921178,3.880776576867838,attention_qkv,37056.0,5526346,1.0,77146304,52186.87981832395,0.0010000182337867771,52.18783138276312,2.1663194420857357,2.15264708658834e-07,0.0011667857742092983
vit,dp_kfc,pink,,42,4,blocks.5.attn.out_proj,True,0.07649084492132832,2.679342793020301,0.1818925915190838,9.081150169674771,attention_out,37056.0,5526346,1.0,77146304,10987.160024361128,0.0016952223578809119,18.62567932291237,25.456605242868324,0.0,0.024456605242868325
vit,dp_kfc,pink,,42,4,blocks.5.mlp.fc1,True,0.12989891342714674,3.247635454608699,0.10266421525790022,10.43553846241235,mlp_fc1,148224.0,5526346,1.0,77146304,101711.4809748397,0.001,101.7114809748397,8.93230458493599,5.783166726021736e-09,0.007932356241942651
vit,dp_kfc,pink,,42,4,blocks.5.mlp.fc2,True,0.11164748064260223,3.133734644884411,0.17015717250914622,9.691405746119571,mlp_fc2,147648.0,5526346,1.0,77146304,19602.27494360192,0.0010048444537068344,19.69723725711484,33.94526912097237,0.0,0.03294526912097237
vit,dp_kfc,pink,,42,4,blocks.6.attn.q_proj,True,0.13232885541090209,3.0138985610970406,0.3421595256426134,6.675373200394563,attention_qkv,37056.0,5526346,1.0,77146304,66862.47811338505,0.001000020437280541,66.86384460060792,1.3047101038489974,1.1096281216443718e-08,0.0003047245812792157
vit,dp_kfc,pink,,42,4,blocks.6.attn.k_proj,True,0.13232885541090209,3.0138985610970406,0.41649402079549386,1.4309023782070582,attention_qkv,37056.0,5526346,1.0,77146304,66862.47811338505,0.001000020437280541,66.86384460060792,1.7538461923968318,9.478442769504092e-09,0.0007538628161275932
vit,dp_kfc,pink,,42,4,blocks.6.attn.v_proj,True,0.13232885541090209,3.0138985610970406,0.092527503885283,9.850017164635341,attention_qkv,37056.0,5526346,1.0,77146304,66862.47811338505,0.001000020437280541,66.86384460060792,4.789187942011057,1.0627514469822823e-07,0.003789696913652581
vit,dp_kfc,pink,,42,4,blocks.6.attn.out_proj,True,0.04185061046177184,2.5452121821134597,0.21231330021832504,9.414863692643538,attention_out,37056.0,5526346,1.0,77146304,18362.58949210737,0.0011700585021000285,21.485303955812874,30.844363670869356,0.0,0.029844363670869355
vit,dp_kfc,pink,,42,4,blocks.6.mlp.fc1,True,0.07961924001879395,2.978520489053502,0.10702188473379139,13.493623041416718,mlp_fc1,148224.0,5526346,1.0,77146304,128503.99131955631,0.001,128.50399131955632,10.667149992070538,3.257617953463815e-09,0.009667184741569863
vit,dp_kfc,pink,,42,4,blocks.6.mlp.fc2,True,0.0519546662264751,2.238679052252372,0.25301606163375584,10.695978811154442,mlp_fc2,147648.0,5526346,1.0,77146304,16836.294674939254,0.001007922488437665,16.96968002483458,39.18231841430677,0.0,0.03818231841430677
vit,dp_kfc,pink,,42,4,blocks.7.attn.q_proj,True,0.12097849495625614,3.2544244352937484,0.24335620078718923,22.866477916420347,attention_qkv,37056.0,5526346,1.0,77146304,81935.21660668193,0.001000072912946177,81.94119074472039,2.095503093720843,1.9682901754626328e-08,0.0010955443393023635
vit,dp_kfc,pink,,42,4,blocks.7.attn.k_proj,True,0.12097849495625614,3.2544244352937484,0.31050026574052797,3.2542774906947582,attention_qkv,37056.0,5526346,1.0,77146304,81935.21660668193,0.001000072912946177,81.94119074472039,1.4873389080298083,8.629333012992375e-09,0.0004873517427725488
vit,dp_kfc,pink,,42,4,blocks.7.attn.v_proj,True,0.12097849495625614,3.2544244352937484,0.12871613786719888,9.360722488088394,attention_qkv,37056.0,5526346,1.0,77146304,81935.21660668193,0.001000072912946177,81.94119074472039,2.8571726794609864,7.097465741190578e-08,0.0018573754663130776
vit,dp_kfc,pink,,42,4,blocks.7.attn.out_proj,True,0.06574633037048395,2.686268439366753,0.26515864024541846,11.228940736041972,attention_out,37056.0,5526346,1.0,77146304,15072.23413376638,0.0012058783482098844,18.17528080105884,38.493289335555424,0.0,0.03749328933555542
vit,dp_kfc,pink,,42,4,blocks.7.mlp.fc1,True,0.10247081039821654,3.252209237334859,0.08834920605834325,15.070622278297718,mlp_fc1,148224.0,5526346,1.0,77146304,201364.17803324747,0.001,201.36417803324747,10.204685032663448,2.4139108615490865e-09,0.009204709665863488
vit,dp_kfc,pink,,42,4,blocks.7.mlp.fc2,True,0.9985209575539331,0.05491741836259938,0.30856727813681645,10.565953269357527,mlp_fc2,147648.0,5526346,1.0,77146304,601484.0959252052,0.0010126823000875043,609.1122977275899,45.30428161835693,0.0,0.04430428161835693
vit,dp_kfc,pink,,42,4,blocks.8.attn.q_proj,True,0.23340405410843595,3.1317342113008384,0.13225864762903594,34.33974468887153,attention_qkv,37056.0,5526346,1.0,77146304,133293.976345785,0.001,133.29397634578498,2.935490567124657,1.8714069433940307e-09,0.0019354960606220869
vit,dp_kfc,pink,,42,4,blocks.8.attn.k_proj,True,0.23340405410843595,3.1317342113008384,0.3624510510101021,2.6388295788376883,attention_qkv,37056.0,5526346,1.0,77146304,133293.976345785,0.001,133.29397634578498,1.2860869639138515,2.460720477699801e-09,0.00028609012861437964
vit,dp_kfc,pink,,42,4,blocks.8.attn.v_proj,True,0.23340405410843595,3.1317342113008384,0.31566664083783363,24.685209985986866,attention_qkv,37056.0,5526346,1.0,77146304,133293.976345785,0.001,133.29397634578498,5.9286807153179195,3.914448594479858e-08,0.004928912790476851
vit,dp_kfc,pink,,42,4,blocks.8.attn.out_proj,True,0.1346667756281297,1.1757195865124366,0.31917771365782344,10.567370866043811,attention_out,37056.0,5526346,1.0,77146304,5040.938367310073,0.0010339897513976656,5.212278609225897,44.9094343065384,0.0,0.0439094343065384
vit,dp_kfc,pink,,42,4,blocks.8.mlp.fc1,True,0.1758883055092883,2.9798133031118357,0.05736552442274953,14.619861900583173,mlp_fc1,148224.0,5526346,1.0,77146304,269103.13859801507,0.001000000392196529,269.10324413933193,8.679554646215205,1.113691198480633e-09,0.0076795643125588215
vit,dp_kfc,pink,,42,4,blocks.8.mlp.fc2,True,0.07138505983464116,2.1566428430099234,0.38397916491743644,8.648650961428878,mlp_fc2,147648.0,5526346,1.0,77146304,19000.43348685943,0.0010018548045490103,19.035675577324024,41.26354109312927,0.0,0.04026354109312927
vit,dp_kfc,pink,,42,4,blocks.9.attn.q_proj,True,0.1791917857080008,3.2740720760228,0.23511465949707816,7.618855298763337,attention_qkv,37056.0,5526346,1.0,77146304,134159.07571882254,0.001,134.15907571882255,1.756519046629658,1.9554495020541266e-09,0.0007565224814139531
vit,dp_kfc,pink,,42,4,blocks.9.attn.k_proj,True,0.1791917857080008,3.2740720760228,0.4092060900745888,1.3197161329363962,attention_qkv,37056.0,5526346,1.0,77146304,134159.07571882254,0.001,134.15907571882255,1.0968794106845745,6.812133122119825e-10,9.688015789343084e-05
vit,dp_kfc,pink,,42,4,blocks.9.attn.v_proj,True,0.1791917857080008,3.2740720760228,0.4136551326359537,18.371580237583657,attention_qkv,37056.0,5526346,1.0,77146304,134159.07571882254,0.001,134.15907571882255,5.435363005212325,2.274317127946656e-08,0.004435486622604119
vit,dp_kfc,pink,,42,4,blocks.9.attn.out_proj,True,0.10064944061244255,1.0961209787952577,0.3921302866329009,8.828402567902558,attention_out,37056.0,5526346,1.0,77146304,3258.0696601138516,0.0010292609072061636,3.3534037341096603,41.0695437863636,0.0,0.040069543786363605
vit,dp_kfc,pink,,42,4,blocks.9.mlp.fc1,True,0.17264035514202064,2.893526564181492,0.020249400134531727,12.050239344316545,mlp_fc1,148224.0,5526346,1.0,77146304,271786.07302016084,0.001000096076083428,271.8121851615869,6.584218546108331,2.00759798838461e-09,0.00558423176457224
vit,dp_kfc,pink,,42,4,blocks.9.mlp.fc2,True,0.08026786947928582,2.395224950026081,0.5275786998787233,7.966925498575903,mlp_fc2,147648.0,5526346,1.0,77146304,18476.75448344679,0.0010078819033728986,18.62238647693009,37.984346980756015,0.0,0.03698434698075601
vit,dp_kfc,pink,,42,4,blocks.10.attn.q_proj,True,0.18281057624563857,2.734277744451921,0.210600559380527,9.003734149920382,attention_qkv,37056.0,5526346,1.0,77146304,119902.19020620725,0.0010000702459354652,119.9106128477226,1.5520239955108293,1.3876856534268468e-08,0.0005520455327251527
vit,dp_kfc,pink,,42,4,blocks.10.attn.k_proj,True,0.18281057624563857,2.734277744451921,0.4650135561819231,3.101725322388017,attention_qkv,37056.0,5526346,1.0,77146304,119902.19020620725,0.0010000702459354652,119.9106128477226,1.1728867739755544,5.056611960543012e-10,0.00017288736705888322
vit,dp_kfc,pink,,42,4,blocks.10.attn.v_proj,True,0.18281057624563857,2.734277744451921,0.4604337921160268,6.8189851656870895,attention_qkv,37056.0,5526346,1.0,77146304,119902.19020620725,0.0010000702459354652,119.9106128477226,3.7006105931943507,6.774984937565981e-09,0.0027006356647753796
vit,dp_kfc,pink,,42,4,blocks.10.attn.out_proj,True,0.263761705948566,1.565801969683076,0.5386764453363027,7.876825903455177,attention_out,37056.0,5526346,1.0,77146304,5163.814509921294,0.0010156666209530686,5.244714034520187,37.34319625997484,0.0,0.03634319625997484
vit,dp_kfc,pink,,42,4,blocks.10.mlp.fc1,True,0.22616136202380516,2.3989131241252295,0.028155439964608755,15.589974084137223,mlp_fc1,148224.0,5526346,1.0,77146304,219056.63703623958,0.0010002065997167006,219.10189407539266,6.211266541293732,4.544233764203817e-10,0.005211269363838445
vit,dp_kfc,pink,,42,4,blocks.10.mlp.fc2,True,0.14874288706318584,2.5685646924568255,0.6257904368231579,7.609890496799638,mlp_fc2,147648.0,5526346,1.0,77146304,13981.573640209228,0.0010132133986985347,14.166317747150236,38.52746368042337,0.0,0.03752746368042337
vit,dp_kfc,pink,,42,4,blocks.11.attn.q_proj,True,0.2751268640688195,2.7134744076797177,0.19493498131151163,3.8371282419610973,attention_qkv,37056.0,5526346,1.0,77146304,134204.9048859793,0.001,134.20490488597932,1.363113375266385,3.540420850931706e-09,0.0003631182012614011
vit,dp_kfc,pink,,42,4,blocks.11.attn.k_proj,True,0.2751268640688195,2.7134744076797177,0.42708273576098593,1.5064909282412628,attention_qkv,37056.0,5526346,1.0,77146304,134204.9048859793,0.001,134.20490488597932,1.1029384227121444,6.905460189376639e-11,0.00010293849887511802
vit,dp_kfc,pink,,42,4,blocks.11.attn.v_proj,True,0.2751268640688195,2.7134744076797177,0.5694635637483787,31.115522610991427,attention_qkv,37056.0,5526346,1.0,77146304,134204.9048859793,0.001,134.20490488597932,4.843850035690534,7.12836425393265e-10,0.003843853488563278
vit,dp_kfc,pink,,42,4,blocks.11.attn.out_proj,True,0.35459233854398314,1.2967727831349674,0.6383507526201202,7.753232259217891,attention_out,37056.0,5526346,1.0,77146304,5981.029318269208,0.001023834022211965,6.1235813038912505,38.01829095360131,0.0,0.03701829095360131
vit,dp_kfc,pink,,42,4,blocks.11.mlp.fc1,True,0.4514827353828525,1.707767047951315,0.08438849478527136,14.31137823886561,mlp_fc1,148224.0,5526346,1.0,77146304,189436.58705535033,0.001000156002815123,189.46613969621828,4.126390158858448,4.9323590906763616e-14,0.003126390159061977
vit,dp_kfc,pink,,42,4,blocks.11.mlp.fc2,True,0.8388196199017638,0.5711672071420257,0.7174439188881628,7.4088066856802755,mlp_fc2,147648.0,5526346,1.0,77146304,32240.940270109386,0.0010001254923893233,32.24498626273791,34.80602812622342,0.0,0.033806028126223416
vit,dp_kfc,pink,,42,4,head,True,0.04041035753881786,3.161516703455881,0.6896511910638681,8.457635115598157,patch_head,1930.0,5526346,1.0,77146304,2536839.4948200965,0.001,2536.8394948200967,914.6128008891594,0.0,0.9136128008891594
vit,dp_kfc,pink,,42,4,identity,True,,,,,identity,47616.0,5526346,1.0,77146304,,,,,,
vit,dp_kfc,pink,,42,5,patch_embed,True,0.620146898053799,0.8490321621520888,0.4086830904609454,0.9877196389847498,patch_head,147648.0,5526346,1.0,77146304,1493.7011652217768,0.01764156372048245,26.351224285618862,1.8737080965159492,0.0,0.0008737080965159494
vit,dp_kfc,pink,,42,5,blocks.0.attn.q_proj,True,0.3389092949840125,1.700497726306151,0.21218205952930913,0.9879032313995127,attention_qkv,37056.0,5526346,1.0,77146304,11028.688713907617,0.0010000015070870635,11.028705335101705,1.1146077265384213,1.4138640687946138e-11,0.00011460774229745965
vit,dp_kfc,pink,,42,5,blocks.0.attn.k_proj,True,0.3389092949840125,1.700497726306151,0.2890504386737004,0.9857089416175837,attention_qkv,37056.0,5526346,1.0,77146304,11028.688713907617,0.0010000015070870635,11.028705335101705,1.4250995866007097,4.854258018211118e-11,0.00042509965577872057
vit,dp_kfc,pink,,42,5,blocks.0.attn.v_proj,True,0.3389092949840125,1.700497726306151,0.27132505448958727,1.024422912339914,attention_qkv,37056.0,5526346,1.0,77146304,11028.688713907617,0.0010000015070870635,11.028705335101705,4.0857577611310445,9.860580980191331e-08,0.003086160640583735
vit,dp_kfc,pink,,42,5,blocks.0.attn.out_proj,True,0.10850939654804453,4.629406355617197,0.356147624906148,0.9741620446141521,attention_out,37056.0,5526346,1.0,77146304,8394.5949975501,0.0010024851713877408,8.415457004849685,4.4295733986554096,0.0,0.0034295733986554103
vit,dp_kfc,pink,,42,5,blocks.0.mlp.fc1,True,0.3651947477454516,1.8771855662393395,0.2615655089878212,0.9872462773767108,mlp_fc1,148224.0,5526346,1.0,77146304,41127.78329219091,0.001,41.127783292190905,2.2727821236726915,2.3037180025531076e-08,0.0012728344821636337
vit,dp_kfc,pink,,42,5,blocks.0.mlp.fc2,True,0.11958983897811162,7.58934561603645,0.24997069561342447,0.9716544720661272,mlp_fc2,147648.0,5526346,1.0,77146304,115683.82579747484,0.0010630728454000546,122.98033385728583,5.4938472717117355,0.0,0.004493847271711735
vit,dp_kfc,pink,,42,5,blocks.1.attn.q_proj,True,0.35914739923601086,2.1140554881008295,0.47975653909197286,1.0311391898347353,attention_qkv,37056.0,5526346,1.0,77146304,34617.17099319344,0.001,34.61717099319344,1.1588502341074582,3.7131088624716764e-11,0.00015885027713682907
vit,dp_kfc,pink,,42,5,blocks.1.attn.k_proj,True,0.35914739923601086,2.1140554881008295,0.49033831363725044,0.8910686635414331,attention_qkv,37056.0,5526346,1.0,77146304,34617.17099319344,0.001,34.61717099319344,1.2703905681984204,5.497495433511258e-11,0.0002703906380380839
vit,dp_kfc,pink,,42,5,blocks.1.attn.v_proj,True,0.35914739923601086,2.1140554881008295,0.5215353284621875,0.9409085785337095,attention_qkv,37056.0,5526346,1.0,77146304,34617.17099319344,0.001,34.61717099319344,1.1522891675710378,5.712966529382642e-08,0.0001523549974655029
vit,dp_kfc,pink,,42,5,blocks.1.attn.out_proj,True,0.1208585250314648,4.039395783730165,0.23946729123626223,0.9823442241676816,attention_out,37056.0,5526346,1.0,77146304,34959.1785437694,0.0011813485472064774,41.29897478421383,6.176023707981036,0.0,0.005176023707981037
vit,dp_kfc,pink,,42,5,blocks.1.mlp.fc1,True,0.20859500317112714,2.556108800043398,0.21238001203739063,1.141500351494812,mlp_fc1,148224.0,5526346,1.0,77146304,59030.244337111646,0.0010000593506185554,59.03374781862653,2.9465779853955945,7.091032387774679e-09,0.001946598879675522
vit,dp_kfc,pink,,42,5,blocks.1.mlp.fc2,True,0.05266199486750396,3.5967130912558556,0.2719328288325372,1.2337677332225985,mlp_fc2,147648.0,5526346,1.0,77146304,30150.157122752567,0.001000747565223518,30.17269633170114,8.689494506634045,0.0,0.0076894945066340445
vit,dp_kfc,pink,,42,5,blocks.2.attn.q_proj,True,0.41605194670407303,1.5109804960544242,0.3771153207141557,1.969231811606074,attention_qkv,37056.0,5526346,1.0,77146304,26828.72157595739,0.0010000387436813838,26.829761019398063,1.34864987662688,1.7925979177726045e-09,0.0003486522942138407
vit,dp_kfc,pink,,42,5,blocks.2.attn.k_proj,True,0.41605194670407303,1.5109804960544242,0.3745508042480863,0.9302819535978222,attention_qkv,37056.0,5526346,1.0,77146304,26828.72157595739,0.0010000387436813838,26.829761019398063,1.1844311329477428,3.1026848303157908e-09,0.00018443480786425157
vit,dp_kfc,pink,,42,5,blocks.2.attn.v_proj,True,0.41605194670407303,1.5109804960544242,0.2484356470263197,1.631376614397087,attention_qkv,37056.0,5526346,1.0,77146304,26828.72157595739,0.0010000387436813838,26.829761019398063,3.1601944122423586,5.321900578044762e-07,0.0021618762362892834
vit,dp_kfc,pink,,42,5,blocks.2.attn.out_proj,True,0.1465866096345966,1.898692959872797,0.24855765674844976,1.4519962017643204,attention_out,37056.0,5526346,1.0,77146304,8039.161164439102,0.0014564328089912816,11.708498076657664,11.31396007084131,0.0,0.010313960070841309
vit,dp_kfc,pink,,42,5,blocks.2.mlp.fc1,True,0.22639227462252404,1.7411424740980763,0.26632889409050015,1.0868219983126617,mlp_fc1,148224.0,5526346,1.0,77146304,39334.93538581087,0.0010000840002688765,39.33823953095952,2.089960784682335,3.519552470098357e-08,0.0010900343419487568
vit,dp_kfc,pink,,42,5,blocks.2.mlp.fc2,True,0.1847639023438274,1.9925016977362413,0.23157354284120923,1.7349747380433933,mlp_fc2,147648.0,5526346,1.0,77146304,9170.464664775784,0.0010544001388014977,9.669339215413816,13.338748835139157,0.0,0.012338748835139158
vit,dp_kfc,pink,,42,5,blocks.3.attn.q_proj,True,0.2564327929301637,1.833697055891595,0.3234172367123955,1.6386014987244804,attention_qkv,37056.0,5526346,1.0,77146304,40658.01640389881,0.0010000954927565314,40.66189894996032,1.1341111694026265,2.6148486346646586e-08,0.00013414082469305512
vit,dp_kfc,pink,,42,5,blocks.3.attn.k_proj,True,0.2564327929301637,1.833697055891595,0.48250664388837233,0.8810443549797203,attention_qkv,37056.0,5526346,1.0,77146304,40658.01640389881,0.0010000954927565314,40.66189894996032,1.13832255294228,1.9393492471213764e-08,0.00013834462899214042
vit,dp_kfc,pink,,42,5,blocks.3.attn.v_proj,True,0.2564327929301637,1.833697055891595,0.15718669594155274,1.8835312632626813,attention_qkv,37056.0,5526346,1.0,77146304,40658.01640389881,0.0010000954927565314,40.66189894996032,1.9738520296028035,1.3416025892388595e-07,0.0009741168421021725
vit,dp_kfc,pink,,42,5,blocks.3.attn.out_proj,True,0.018859981046882846,1.7143004904897812,0.20499966620271393,2.4100989623610345,attention_out,37056.0,5526346,1.0,77146304,12148.916151498752,0.0011685045880926593,14.196064263379306,13.399256953543759,0.0,0.01239925695354376
vit,dp_kfc,pink,,42,5,blocks.3.mlp.fc1,True,0.1296422084777529,1.9424100874049,0.1441114772636652,2.24499807596057,mlp_fc1,148224.0,5526346,1.0,77146304,59804.51243295262,0.0010000658656524372,59.808451496182705,3.467184433947276,1.1501913379462945e-09,0.0024671884218727793
vit,dp_kfc,pink,,42,5,blocks.3.mlp.fc2,True,0.10564891468744463,1.5255297404785202,0.205917659583987,2.705805681461856,mlp_fc2,147648.0,5526346,1.0,77146304,11505.810528157257,0.0010014131252175907,11.522069679163417,16.460075633323925,0.0,0.015460075633323926
vit,dp_kfc,pink,,42,5,blocks.4.attn.q_proj,True,0.2539867662691961,2.0082543303406895,0.5083037261223278,2.8285324547436534,attention_qkv,37056.0,5526346,1.0,77146304,43926.97793472826,0.0010000307992529117,43.92833085283132,1.5107841131771063,2.6433587413699674e-08,0.0005108240486210254
vit,dp_kfc,pink,,42,5,blocks.4.attn.k_proj,True,0.2539867662691961,2.0082543303406895,0.4768118062894959,1.6229063768327265,attention_qkv,37056.0,5526346,1.0,77146304,43926.97793472826,0.0010000307992529117,43.92833085283132,3.0874353441202715,3.03898295944701e-08,0.002087529170754263
vit,dp_kfc,pink,,42,5,blocks.4.attn.v_proj,True,0.2539867662691961,2.0082543303406895,0.11168259661270172,2.1242914350468367,attention_qkv,37056.0,5526346,1.0,77146304,43926.97793472826,0.0010000307992529117,43.92833085283132,2.1341494655411335,2.402797128383571e-07,0.0011346622583618677
vit,dp_kfc,pink,,42,5,blocks.4.attn.out_proj,True,0.0989721377100556,2.537111975859129,0.1561428928352948,3.436080442156563,attention_out,37056.0,5526346,1.0,77146304,12433.179083248664,0.0013660449787036518,16.98428185599511,19.01992558749583,0.0,0.01801992558749583
vit,dp_kfc,pink,,42,5,blocks.4.mlp.fc1,True,0.1420369287632668,2.393489254259132,0.09255846709495562,5.755627172557841,mlp_fc1,148224.0,5526346,1.0,77146304,70529.53127041824,0.001,70.52953127041825,6.250678038619362,3.2068023173386106e-08,0.005250878485507553
vit,dp_kfc,pink,,42,5,blocks.4.mlp.fc2,True,0.21888914345034588,2.266564665765072,0.13778629009320617,4.111583834735399,mlp_fc2,147648.0,5526346,1.0,77146304,14003.988752363965,0.0010641230728536003,14.901967543372798,25.822837512450313,0.0,0.02482283751245031
vit,dp_kfc,pink,,42,5,blocks.5.attn.q_proj,True,0.25583627372807,2.0832020691175877,0.2322436305733056,3.711611039133246,attention_qkv,37056.0,5526346,1.0,77146304,51963.12260506719,0.0010000592732743424,51.96620262948905,1.227339966627855,2.3130331795459112e-08,0.00022736835540850895
vit,dp_kfc,pink,,42,5,blocks.5.attn.k_proj,True,0.25583627372807,2.0832020691175877,0.49282669471803753,0.876449380209235,attention_qkv,37056.0,5526346,1.0,77146304,51963.12260506719,0.0010000592732743424,51.96620262948905,1.2188233301873224,1.6940943904689465e-08,0.00021884397820498875
vit,dp_kfc,pink,,42,5,blocks.5.attn.v_proj,True,0.25583627372807,2.0832020691175877,0.14981156352015887,3.3103598830968686,attention_qkv,37056.0,5526346,1.0,77146304,51963.12260506719,0.0010000592732743424,51.96620262948905,2.28528658515079,2.134534577586024e-07,0.0012857743874743596
vit,dp_kfc,pink,,42,5,blocks.5.attn.out_proj,True,0.08193041912031981,2.512384661264995,0.1609330172956066,8.187132420703362,attention_out,37056.0,5526346,1.0,77146304,10931.896923071974,0.0016958044659804244,18.538359623783112,26.171892949638835,0.0,0.025171892949638834
vit,dp_kfc,pink,,42,5,blocks.5.mlp.fc1,True,0.13222775338399248,3.15068421887583,0.09430667994637632,8.915576139474696,mlp_fc1,148224.0,5526346,1.0,77146304,101113.6448049278,0.001000041920763481,101.11788356611636,9.070338328274644,5.044932370705655e-09,0.008070384087518092
vit,dp_kfc,pink,,42,5,blocks.5.mlp.fc2,True,0.11960831466885932,2.8868426264583893,0.14806848934208822,8.693543491994108,mlp_fc2,147648.0,5526346,1.0,77146304,18874.821945702173,0.0010046850360271443,18.963251166523722,34.64465511627746,0.0,0.03364465511627746
vit,dp_kfc,pink,,42,5,blocks.6.attn.q_proj,True,0.1361440068104836,2.904024018819909,0.31538429810585183,5.348377423330575,attention_qkv,37056.0,5526346,1.0,77146304,65935.54759333914,0.0010000128518355,65.9363949861504,1.2876678028136963,1.135796046419747e-08,0.00028768242809369183
vit,dp_kfc,pink,,42,5,blocks.6.attn.k_proj,True,0.1361440068104836,2.904024018819909,0.4016144566135271,1.2054688652087118,attention_qkv,37056.0,5526346,1.0,77146304,65935.54759333914,0.0010000128518355,65.9363949861504,1.7755247584014484,9.799405307501215e-09,0.0007755421574881897
vit,dp_kfc,pink,,42,5,blocks.6.attn.v_proj,True,0.1361440068104836,2.904024018819909,0.08177786820588995,8.378233256691976,attention_qkv,37056.0,5526346,1.0,77146304,65935.54759333914,0.0010000128518355,65.9363949861504,5.135099156716255,1.0584048238188917e-07,0.004135642658088081
vit,dp_kfc,pink,,42,5,blocks.6.attn.out_proj,True,0.04660005853217327,2.4099606302499685,0.18537075200184944,8.89871211462858,attention_out,37056.0,5526346,1.0,77146304,17994.75816088878,0.0011691274346723494,21.038165446189225,30.990075135674843,0.0,0.029990075135674844
vit,dp_kfc,pink,,42,5,blocks.6.mlp.fc1,True,0.08064895490361805,2.9019913618556266,0.09396836194314352,12.247511907046327,mlp_fc1,148224.0,5526346,1.0,77146304,126732.92067726722,0.0010000043085884292,126.73346671726284,10.532836951234684,4.172389827523932e-09,0.009532880898336434
vit,dp_kfc,pink,,42,5,blocks.6.mlp.fc2,True,0.0548076889786403,2.1020349649338903,0.23113154080117182,10.467503287595724,mlp_fc2,147648.0,5526346,1.0,77146304,16160.33570482258,0.0010071606712801738,16.27605455658207,39.08534127502614,0.0,0.038085341275026136
vit,dp_kfc,pink,,42,5,blocks.7.attn.q_proj,True,0.11942558190600812,3.177768983062287,0.24059724713092773,24.398521340026335,attention_qkv,37056.0,5526346,1.0,77146304,80960.3256897567,0.001,80.9603256897567,2.2050855941358503,1.9249014628033704e-08,0.0012051280398607082
vit,dp_kfc,pink,,42,5,blocks.7.attn.k_proj,True,0.11942558190600812,3.177768983062287,0.28460596934178134,2.7779331650632537,attention_qkv,37056.0,5526346,1.0,77146304,80960.3256897567,0.001,80.9603256897567,1.5421509206609356,8.84665961189046e-09,0.0005421645635452008
vit,dp_kfc,pink,,42,5,blocks.7.attn.v_proj,True,0.11942558190600812,3.177768983062287,0.10760878486462985,7.088853137050407,attention_qkv,37056.0,5526346,1.0,77146304,80960.3256897567,0.001,80.9603256897567,2.8763819976637968,7.269977469544686e-08,0.0018765911099869652
vit,dp_kfc,pink,,42,5,blocks.7.attn.out_proj,True,0.06519529653694418,2.500451173697655,0.2459500125272953,11.2814957304655,attention_out,37056.0,5526346,1.0,77146304,14373.168727141985,0.0012096084305094723,17.385906065486047,38.08752787423365,0.0,0.03708752787423365
vit,dp_kfc,pink,,42,5,blocks.7.mlp.fc1,True,0.1041651840263831,3.1937507316990428,0.0819005586075293,14.089187068815592,mlp_fc1,148224.0,5526346,1.0,77146304,197961.26085723614,0.0010000004907032736,197.9613579974749,9.859895411075437,1.9762284400462605e-09,0.008859914896481164
vit,dp_kfc,pink,,42,5,blocks.7.mlp.fc2,True,0.9986823131472009,0.05191535982199193,0.2842311108558713,10.677675453896805,mlp_fc2,147648.0,5526346,1.0,77146304,615937.410854217,0.0010124363128036237,623.5974011630542,44.38988905698621,0.0,0.043389889056986215
vit,dp_kfc,pink,,42,5,blocks.8.attn.q_proj,True,0.2259977848675201,3.051704521793428,0.12359946785662829,31.586342855579584,attention_qkv,37056.0,5526346,1.0,77146304,130333.0303588455,0.0010000220207884844,130.33590039493956,2.97929394605117,2.0807885410149753e-09,0.0019793001453318735
vit,dp_kfc,pink,,42,5,blocks.8.attn.k_proj,True,0.2259977848675201,3.051704521793428,0.3569810992630174,2.3323677538383047,attention_qkv,37056.0,5526346,1.0,77146304,130333.0303588455,0.0010000220207884844,130.33590039493956,1.2812716960061252,2.3730574668127145e-09,0.0002812747365374905
vit,dp_kfc,pink,,42,5,blocks.8.attn.v_proj,True,0.2259977848675201,3.051704521793428,0.30711528876745536,22.97771128099165,attention_qkv,37056.0,5526346,1.0,77146304,130333.0303588455,0.0010000220207884844,130.33590039493956,5.909047912644856,3.5542433430208666e-08,0.004909257934586927
vit,dp_kfc,pink,,42,5,blocks.8.attn.out_proj,True,0.12839159678250767,1.1549521146683062,0.2958841209060053,10.753956470119718,attention_out,37056.0,5526346,1.0,77146304,4997.690092482449,0.0010344395214295307,5.169808147520651,44.00224324669327,0.0,0.043002243246693266
vit,dp_kfc,pink,,42,5,blocks.8.mlp.fc1,True,0.17432239138800923,2.908537185364436,0.054372544795167135,13.80825473269599,mlp_fc1,148224.0,5526346,1.0,77146304,263560.24862042227,0.001,263.56024862042227,8.221821146561652,1.174286438548835e-09,0.007221830801334724
vit,dp_kfc,pink,,42,5,blocks.8.mlp.fc2,True,0.06915679253178124,2.1005714039067716,0.36279973490322037,9.123978067904698,mlp_fc2,147648.0,5526346,1.0,77146304,18872.410888979553,0.0010015302972133152,18.9012912867715,40.91444826341453,0.0,0.039914448263414525
vit,dp_kfc,pink,,42,5,blocks.9.attn.q_proj,True,0.17527225152479975,3.172839918536637,0.2376043672604544,6.897869774252676,attention_qkv,37056.0,5526346,1.0,77146304,131228.56692779198,0.001,131.22856692779197,1.7147180379553684,1.926788877949491e-09,0.0007147213418550129
vit,dp_kfc,pink,,42,5,blocks.9.attn.k_proj,True,0.17527225152479975,3.172839918536637,0.39538045432495017,1.1961177727031471,attention_qkv,37056.0,5526346,1.0,77146304,131228.56692779198,0.001,131.22856692779197,1.0913687477316458,7.104194866928482e-10,9.136952306127139e-05
vit,dp_kfc,pink,,42,5,blocks.9.attn.v_proj,True,0.17527225152479975,3.172839918536637,0.391173939598519,19.685427810037154,attention_qkv,37056.0,5526346,1.0,77146304,131228.56692779198,0.001,131.22856692779197,5.368165933175033,2.0098115701981274e-08,0.004368273823195066
vit,dp_kfc,pink,,42,5,blocks.9.attn.out_proj,True,0.08424359390758694,1.0833877233899245,0.3740910774924806,9.380738866418335,attention_out,37056.0,5526346,1.0,77146304,3297.461606883639,0.0010285076312386897,3.391464426396415,40.7071100927212,0.0,0.0397071100927212
vit,dp_kfc,pink,,42,5,blocks.9.mlp.fc1,True,0.16987736377861573,2.817063425809717,0.019522066752940274,11.317263434569838,mlp_fc1,148224.0,5526346,1.0,77146304,266484.1432974253,0.0010001503011409377,266.5241961682047,6.334842602430892,1.9359431961989798e-09,0.005334854866326327
vit,dp_kfc,pink,,42,5,blocks.9.mlp.fc2,True,0.0795665750890331,2.042361286106371,0.5128512156662226,8.770128448606837,mlp_fc2,147648.0,5526346,1.0,77146304,16141.347534093164,0.0010110460492836456,16.319645654459208,37.624782986298854,0.0,0.03662478298629886
vit,dp_kfc,pink,,42,5,blocks.10.attn.q_proj,True,0.179183403432995,2.664928418207955,0.2014318542689289,8.596995472420083,attention_qkv,37056.0,5526346,1.0,77146304,118460.76819573916,0.001,118.46076819573916,1.5828644701887586,1.2253110115777308e-08,0.0005828838652014104
vit,dp_kfc,pink,,42,5,blocks.10.attn.k_proj,True,0.179183403432995,2.664928418207955,0.4344015369094216,3.248234044993383,attention_qkv,37056.0,5526346,1.0,77146304,118460.76819573916,0.001,118.46076819573916,1.1872021841209803,5.090891491605893e-10,0.0001872027885127299
vit,dp_kfc,pink,,42,5,blocks.10.attn.v_proj,True,0.179183403432995,2.664928418207955,0.4531328994107916,7.848136958857593,attention_qkv,37056.0,5526346,1.0,77146304,118460.76819573916,0.001,118.46076819573916,3.695566198048818,6.5963292809102885e-09,0.00269559057522034
vit,dp_kfc,pink,,42,5,blocks.10.attn.out_proj,True,0.2340437092660851,1.4936897073585895,0.5242132367125082,8.723685873422445,attention_out,37056.0,5526346,1.0,77146304,5112.042299785549,0.001015815984678061,5.192894282472558,36.95735956402145,0.0,0.03595735956402145
vit,dp_kfc,pink,,42,5,blocks.10.mlp.fc1,True,0.2226288593442909,2.367914091390483,0.02759250945600172,16.13141923867106,mlp_fc1,148224.0,5526346,1.0,77146304,216955.90023670217,0.001,216.95590023670218,6.120461172661441,4.4065349701448183e-10,0.00512046386966406
vit,dp_kfc,pink,,42,5,blocks.10.mlp.fc2,True,0.14215376723390183,2.339335023706194,0.6180378971607002,8.557126973402298,mlp_fc2,147648.0,5526346,1.0,77146304,13074.0479396665,0.001012611809611582,13.238935343134271,38.133834422932956,0.0,0.03713383442293296
vit,dp_kfc,pink,,42,5,blocks.11.attn.q_proj,True,0.2701448659696175,2.6435042360962018,0.15403252220584376,3.9618454217677592,attention_qkv,37056.0,5526346,1.0,77146304,131457.6238280236,0.001000039263417541,131.46278530359692,1.42302117390878,3.4126669300205155e-09,0.0004230260302060809
vit,dp_kfc,pink,,42,5,blocks.11.attn.k_proj,True,0.2701448659696175,2.6435042360962018,0.41527955321393595,1.506158344138315,attention_qkv,37056.0,5526346,1.0,77146304,131457.6238280236,0.001000039263417541,131.46278530359692,1.1065355462137325,6.780519464509576e-11,0.00010653562124259064
vit,dp_kfc,pink,,42,5,blocks.11.attn.v_proj,True,0.2701448659696175,2.6435042360962018,0.563610821726369,35.06495398068972,attention_qkv,37056.0,5526346,1.0,77146304,131457.6238280236,0.001000039263417541,131.46278530359692,4.811286461621085,6.820649398460792e-10,0.0038112897432308972
vit,dp_kfc,pink,,42,5,blocks.11.attn.out_proj,True,0.3353798595503636,1.2559390895081473,0.6347275250296899,8.775275342258125,attention_out,37056.0,5526346,1.0,77146304,5965.0779566842975,0.0010249084907198317,6.113659045611441,37.504042690036734,0.0,0.036504042690036737
vit,dp_kfc,pink,,42,5,blocks.11.mlp.fc1,True,0.44947344222033675,1.7019418812072602,0.08466431903019926,14.583795611699204,mlp_fc1,148224.0,5526346,1.0,77146304,188260.63338908818,0.0010000620339819112,188.27231194581444,4.015545721735049,8.69692044487399e-14,0.0030155457220842788
vit,dp_kfc,pink,,42,5,blocks.11.mlp.fc2,True,0.8478536094231454,0.5468510347412489,0.7116669888756387,8.503289669232757,mlp_fc2,147648.0,5526346,1.0,77146304,31718.91879449085,0.0010001028298386241,31.72218044579182,34.37454508746699,0.0,0.03337454508746699
vit,dp_kfc,pink,,42,5,head,True,0.0431314456486991,3.1121597795087848,0.6827509696693032,9.493736155205124,patch_head,1930.0,5526346,1.0,77146304,2512505.0500218556,0.001,2512.505050021856,889.3738829939234,1.0355869639533197e-08,0.8883830932339165
vit,dp_kfc,pink,,42,5,identity,True,,,,,identity,47616.0,5526346,1.0,77146304,,,,,,
