level,layer,group,noise_rms,noise_energy_share,expected_noise_energy,signal_norm,snr,task,method,source,beta,seed,epoch,research_only
layer,patch_embed,patch_head,0.7210588724081912,0.026717111089316622,76586.4086151123,7.2756946319299285,0.0262904857756171,vit,dp_kfm_a,public,0.5,42,1,True
layer,blocks.0.attn.q_proj,attention_qkv,0.7199721079861984,0.006705334772741336,19221.296310424805,0.6619945562346893,0.004774886813209741,vit,dp_kfm_a,public,0.5,42,1,True
layer,blocks.0.attn.k_proj,attention_qkv,0.7200745262213131,0.006705334772741336,19221.296310424805,1.0699984634617155,0.007717769738769194,vit,dp_kfm_a,public,0.5,42,1,True
layer,blocks.0.attn.v_proj,attention_qkv,0.7198214025810996,0.006705334772741336,19221.296310424805,2.5913108286043767,0.01869081216438902,vit,dp_kfm_a,public,0.5,42,1,True
layer,blocks.0.attn.out_proj,attention_out,0.7196683661954082,0.006705334772741336,19221.296310424805,2.9810549136618185,0.021501989197100932,vit,dp_kfm_a,public,0.5,42,1,True
layer,blocks.0.mlp.fc1,mlp_fc1,0.7201950249313969,0.026821339090965342,76885.18524169922,3.0453356991160927,0.010982819371063815,vit,dp_kfm_a,public,0.5,42,1,True
layer,blocks.0.mlp.fc2,mlp_fc2,0.7202235086433854,0.026717111089316622,76586.4086151123,4.517760025628178,0.01632477882870183,vit,dp_kfm_a,public,0.5,42,1,True
layer,blocks.1.attn.q_proj,attention_qkv,0.7203226873114468,0.006705334772741336,19221.296310424805,0.4040621296579052,0.002914451359834124,vit,dp_kfm_a,public,0.5,42,1,True
layer,blocks.1.attn.k_proj,attention_qkv,0.7201780070041357,0.006705334772741336,19221.296310424805,0.551299178549063,0.003976454417933387,vit,dp_kfm_a,public,0.5,42,1,True
layer,blocks.1.attn.v_proj,attention_qkv,0.7197888083276226,0.006705334772741336,19221.296310424805,2.283423630378055,0.016470058974017213,vit,dp_kfm_a,public,0.5,42,1,True
layer,blocks.1.attn.out_proj,attention_out,0.7202625783174277,0.006705334772741336,19221.296310424805,2.8819006601318757,0.02078680153702909,vit,dp_kfm_a,public,0.5,42,1,True
layer,blocks.1.mlp.fc1,mlp_fc1,0.7202314894508255,0.026821339090965342,76885.18524169922,3.5926477365364233,0.012956667196228424,vit,dp_kfm_a,public,0.5,42,1,True
layer,blocks.1.mlp.fc2,mlp_fc2,0.7202248858773955,0.026717111089316622,76586.4086151123,3.1683612522826916,0.011448770275431307,vit,dp_kfm_a,public,0.5,42,1,True
layer,blocks.2.attn.q_proj,attention_qkv,0.7200804720908344,0.006705334772741336,19221.296310424805,0.6168285514737968,0.004449109873645759,vit,dp_kfm_a,public,0.5,42,1,True
layer,blocks.2.attn.k_proj,attention_qkv,0.7204091536393485,0.006705334772741336,19221.296310424805,0.8021857370772861,0.005786068875704378,vit,dp_kfm_a,public,0.5,42,1,True
layer,blocks.2.attn.v_proj,attention_qkv,0.7202902780951035,0.006705334772741336,19221.296310424805,3.171048310942471,0.022872388634268936,vit,dp_kfm_a,public,0.5,42,1,True
layer,blocks.2.attn.out_proj,attention_out,0.7202844682611773,0.006705334772741336,19221.296310424805,3.615072529005246,0.026075081713246576,vit,dp_kfm_a,public,0.5,42,1,True
layer,blocks.2.mlp.fc1,mlp_fc1,0.720371290926672,0.026821339090965342,76885.18524169922,4.2019148798012615,0.015153952370780438,vit,dp_kfm_a,public,0.5,42,1,True
layer,blocks.2.mlp.fc2,mlp_fc2,0.7202759830215751,0.026717111089316622,76586.4086151123,4.214916381000185,0.015230463174442937,vit,dp_kfm_a,public,0.5,42,1,True
layer,blocks.3.attn.q_proj,attention_qkv,0.7197901690813443,0.006705334772741336,19221.296310424805,0.6794638958566499,0.004900891050874208,vit,dp_kfm_a,public,0.5,42,1,True
layer,blocks.3.attn.k_proj,attention_qkv,0.7203427296733078,0.006705334772741336,19221.296310424805,0.8802231719776278,0.006348943472380456,vit,dp_kfm_a,public,0.5,42,1,True
layer,blocks.3.attn.v_proj,attention_qkv,0.7199647690662287,0.006705334772741336,19221.296310424805,3.190449750417555,0.023012328874916544,vit,dp_kfm_a,public,0.5,42,1,True
layer,blocks.3.attn.out_proj,attention_out,0.7199329216800108,0.006705334772741336,19221.296310424805,3.5097282646764993,0.025315246252587142,vit,dp_kfm_a,public,0.5,42,1,True
layer,blocks.3.mlp.fc1,mlp_fc1,0.7201892177142806,0.026821339090965342,76885.18524169922,4.497420807623327,0.016219676661632973,vit,dp_kfm_a,public,0.5,42,1,True
layer,blocks.3.mlp.fc2,mlp_fc2,0.7204927405033698,0.026717111089316622,76586.4086151123,5.107597388198613,0.018456136942954105,vit,dp_kfm_a,public,0.5,42,1,True
layer,blocks.4.attn.q_proj,attention_qkv,0.7201930168364036,0.006705334772741336,19221.296310424805,0.870614851108409,0.006279639813938794,vit,dp_kfm_a,public,0.5,42,1,True
layer,blocks.4.attn.k_proj,attention_qkv,0.7204694368626892,0.006705334772741336,19221.296310424805,1.252454794457502,0.009033805226755216,vit,dp_kfm_a,public,0.5,42,1,True
layer,blocks.4.attn.v_proj,attention_qkv,0.7201682988867567,0.006705334772741336,19221.296310424805,2.821763422644515,0.02035303890324775,vit,dp_kfm_a,public,0.5,42,1,True
layer,blocks.4.attn.out_proj,attention_out,0.7204413057625378,0.006705334772741336,19221.296310424805,2.849551621556998,0.020553471827205266,vit,dp_kfm_a,public,0.5,42,1,True
layer,blocks.4.mlp.fc1,mlp_fc1,0.7203287619174726,0.026821339090965342,76885.18524169922,3.6991482387114014,0.01334075482855575,vit,dp_kfm_a,public,0.5,42,1,True
layer,blocks.4.mlp.fc2,mlp_fc2,0.7201354659765054,0.026717111089316622,76586.4086151123,3.62238370662238,0.013089365638689718,vit,dp_kfm_a,public,0.5,42,1,True
layer,blocks.5.attn.q_proj,attention_qkv,0.7201592558280305,0.006705334772741336,19221.296310424805,0.5965755714518199,0.0043030275738377595,vit,dp_kfm_a,public,0.5,42,1,True
layer,blocks.5.attn.k_proj,attention_qkv,0.7201139435889237,0.006705334772741336,19221.296310424805,0.8931648468798811,0.0064422902110350625,vit,dp_kfm_a,public,0.5,42,1,True
layer,blocks.5.attn.v_proj,attention_qkv,0.7202761138886599,0.006705334772741336,19221.296310424805,2.671538294264026,0.01926948318853517,vit,dp_kfm_a,public,0.5,42,1,True
layer,blocks.5.attn.out_proj,attention_out,0.72001560302579,0.006705334772741336,19221.296310424805,2.5835266261713095,0.01863466565200617,vit,dp_kfm_a,public,0.5,42,1,True
layer,blocks.5.mlp.fc1,mlp_fc1,0.7200560366062906,0.026821339090965342,76885.18524169922,3.72803717035784,0.013444941016695204,vit,dp_kfm_a,public,0.5,42,1,True
layer,blocks.5.mlp.fc2,mlp_fc2,0.7201153791389981,0.026717111089316622,76586.4086151123,3.3358907375227957,0.01205413261834386,vit,dp_kfm_a,public,0.5,42,1,True
layer,blocks.6.attn.q_proj,attention_qkv,0.7200824204880045,0.006705334772741336,19221.296310424805,0.616024300601327,0.00444330890919778,vit,dp_kfm_a,public,0.5,42,1,True
layer,blocks.6.attn.k_proj,attention_qkv,0.7199430503648977,0.006705334772741336,19221.296310424805,0.919164402111651,0.006629821864061957,vit,dp_kfm_a,public,0.5,42,1,True
layer,blocks.6.attn.v_proj,attention_qkv,0.7204925179546613,0.006705334772741336,19221.296310424805,2.8060846246287334,0.02023994962602114,vit,dp_kfm_a,public,0.5,42,1,True
layer,blocks.6.attn.out_proj,attention_out,0.7199790121961284,0.006705334772741336,19221.296310424805,2.9969096534898405,0.021616347521378223,vit,dp_kfm_a,public,0.5,42,1,True
layer,blocks.6.mlp.fc1,mlp_fc1,0.7202542948645563,0.026821339090965342,76885.18524169922,3.755391282932001,0.01354359197249784,vit,dp_kfm_a,public,0.5,42,1,True
layer,blocks.6.mlp.fc2,mlp_fc2,0.7202715957522403,0.026717111089316622,76586.4086151123,3.4345081477031862,0.012410483420671045,vit,dp_kfm_a,public,0.5,42,1,True
layer,blocks.7.attn.q_proj,attention_qkv,0.7205885127804224,0.006705334772741336,19221.296310424805,0.5961287178709388,0.004299804472906356,vit,dp_kfm_a,public,0.5,42,1,True
layer,blocks.7.attn.k_proj,attention_qkv,0.7203307637152966,0.006705334772741336,19221.296310424805,0.7866144321461657,0.005673754933120059,vit,dp_kfm_a,public,0.5,42,1,True
layer,blocks.7.attn.v_proj,attention_qkv,0.7206122708979716,0.006705334772741336,19221.296310424805,2.8837320173604657,0.020800010895623826,vit,dp_kfm_a,public,0.5,42,1,True
layer,blocks.7.attn.out_proj,attention_out,0.7203798159768312,0.006705334772741336,19221.296310424805,2.913204929579743,0.021012595453272102,vit,dp_kfm_a,public,0.5,42,1,True
layer,blocks.7.mlp.fc1,mlp_fc1,0.7202218822326927,0.026821339090965342,76885.18524169922,3.7273243968824317,0.013442370442181774,vit,dp_kfm_a,public,0.5,42,1,True
layer,blocks.7.mlp.fc2,mlp_fc2,0.7203746258163972,0.026717111089316622,76586.4086151123,4.247261993570592,0.015347342992825357,vit,dp_kfm_a,public,0.5,42,1,True
layer,blocks.8.attn.q_proj,attention_qkv,0.7205886985636749,0.006705334772741336,19221.296310424805,0.6210147979883607,0.00447930476436046,vit,dp_kfm_a,public,0.5,42,1,True
layer,blocks.8.attn.k_proj,attention_qkv,0.7205716925833728,0.006705334772741336,19221.296310424805,0.9428491366335612,0.006800656994771029,vit,dp_kfm_a,public,0.5,42,1,True
layer,blocks.8.attn.v_proj,attention_qkv,0.7202322890829234,0.006705334772741336,19221.296310424805,3.097893100264907,0.02234472893149333,vit,dp_kfm_a,public,0.5,42,1,True
layer,blocks.8.attn.out_proj,attention_out,0.7202130496232757,0.006705334772741336,19221.296310424805,3.0779213966853973,0.022200675444707052,vit,dp_kfm_a,public,0.5,42,1,True
layer,blocks.8.mlp.fc1,mlp_fc1,0.72023029454728,0.026821339090965342,76885.18524169922,3.672396883972083,0.013244277682499762,vit,dp_kfm_a,public,0.5,42,1,True
layer,blocks.8.mlp.fc2,mlp_fc2,0.7201331733937657,0.026717111089316622,76586.4086151123,3.4773704384383604,0.012565364913351905,vit,dp_kfm_a,public,0.5,42,1,True
layer,blocks.9.attn.q_proj,attention_qkv,0.7199716459864401,0.006705334772741336,19221.296310424805,0.6044009450551739,0.004359471048901392,vit,dp_kfm_a,public,0.5,42,1,True
layer,blocks.9.attn.k_proj,attention_qkv,0.720252098527771,0.006705334772741336,19221.296310424805,0.9688454663544289,0.006988165382577187,vit,dp_kfm_a,public,0.5,42,1,True
layer,blocks.9.attn.v_proj,attention_qkv,0.7199238695098685,0.006705334772741336,19221.296310424805,3.040847513814566,0.021933266003394854,vit,dp_kfm_a,public,0.5,42,1,True
layer,blocks.9.attn.out_proj,attention_out,0.720185996263543,0.006705334772741336,19221.296310424805,2.9541623347576786,0.02130801627213768,vit,dp_kfm_a,public,0.5,42,1,True
layer,blocks.9.mlp.fc1,mlp_fc1,0.7200950742420973,0.026821339090965342,76885.18524169922,3.3784295472564283,0.012184102227597405,vit,dp_kfm_a,public,0.5,42,1,True
layer,blocks.9.mlp.fc2,mlp_fc2,0.7199165567307728,0.026717111089316622,76586.4086151123,3.121583154697899,0.011279739142133564,vit,dp_kfm_a,public,0.5,42,1,True
layer,blocks.10.attn.q_proj,attention_qkv,0.7202172585603809,0.006705334772741336,19221.296310424805,0.5573564794699393,0.004020144998193205,vit,dp_kfm_a,public,0.5,42,1,True
layer,blocks.10.attn.k_proj,attention_qkv,0.7202730118800369,0.006705334772741336,19221.296310424805,0.9759484584618427,0.007039398407121874,vit,dp_kfm_a,public,0.5,42,1,True
layer,blocks.10.attn.v_proj,attention_qkv,0.7203275701750387,0.006705334772741336,19221.296310424805,2.9939909617061926,0.021595295349908967,vit,dp_kfm_a,public,0.5,42,1,True
layer,blocks.10.attn.out_proj,attention_out,0.7200488422042799,0.006705334772741336,19221.296310424805,2.9359910326248917,0.021176948863628746,vit,dp_kfm_a,public,0.5,42,1,True
layer,blocks.10.mlp.fc1,mlp_fc1,0.7201575697466075,0.026821339090965342,76885.18524169922,2.975541867275257,0.010731112129545327,vit,dp_kfm_a,public,0.5,42,1,True
layer,blocks.10.mlp.fc2,mlp_fc2,0.7201957996876216,0.026717111089316622,76586.4086151123,2.688684509945678,0.009715473977375917,vit,dp_kfm_a,public,0.5,42,1,True
layer,blocks.11.attn.q_proj,attention_qkv,0.7201891475810891,0.006705334772741336,19221.296310424805,0.6906476144597935,0.0049815578629769115,vit,dp_kfm_a,public,0.5,42,1,True
layer,blocks.11.attn.k_proj,attention_qkv,0.7197966021089436,0.006705334772741336,19221.296310424805,0.9747800558682533,0.007030970860272576,vit,dp_kfm_a,public,0.5,42,1,True
layer,blocks.11.attn.v_proj,attention_qkv,0.7203917123658645,0.006705334772741336,19221.296310424805,2.6013993116207463,0.018763579174429314,vit,dp_kfm_a,public,0.5,42,1,True
layer,blocks.11.attn.out_proj,attention_out,0.7198867988858353,0.006705334772741336,19221.296310424805,2.2120639346003155,0.01595535010344608,vit,dp_kfm_a,public,0.5,42,1,True
layer,blocks.11.mlp.fc1,mlp_fc1,0.7200240121704773,0.026821339090965342,76885.18524169922,2.533134065542396,0.009135595097977442,vit,dp_kfm_a,public,0.5,42,1,True
layer,blocks.11.mlp.fc2,mlp_fc2,0.720141380138673,0.026717111089316622,76586.4086151123,2.631974603558609,0.00951055457618738,vit,dp_kfm_a,public,0.5,42,1,True
layer,head,patch_head,0.7197670717859315,0.0003492361860802786,1001.1091828346251,11.35404188685761,0.35884737159689867,vit,dp_kfm_a,public,0.5,42,1,True
layer,cls_token,identity,0.7141159629350641,3.474266721627629e-05,99.59220886230469,0.2335036391907464,0.023398120386132135,vit,dp_kfm_a,public,0.5,42,1,True
layer,pos_embed,identity,0.7202692493818748,0.006844305441606457,19619.665145874023,0.7273517394630715,0.005192765208303103,vit,dp_kfm_a,public,0.5,42,1,True
layer,blocks.0.norm1.weight,identity,0.7198966559318914,3.474266721627629e-05,99.59220886230469,0.9553739927157491,0.09573279359934145,vit,dp_kfm_a,public,0.5,42,1,True
layer,blocks.0.norm1.bias,identity,0.7214011287070016,3.474266721627629e-05,99.59220886230469,0.6126122089445263,0.061386513137763554,vit,dp_kfm_a,public,0.5,42,1,True
layer,blocks.0.norm2.weight,identity,0.7198330597675036,3.474266721627629e-05,99.59220886230469,0.3238400322479072,0.032450235408090035,vit,dp_kfm_a,public,0.5,42,1,True
layer,blocks.0.norm2.bias,identity,0.719295220760294,3.474266721627629e-05,99.59220886230469,0.29402555097768307,0.02946268958469958,vit,dp_kfm_a,public,0.5,42,1,True
layer,blocks.1.norm1.weight,identity,0.7201664361592618,3.474266721627629e-05,99.59220886230469,0.4321042874071414,0.04329880326985842,vit,dp_kfm_a,public,0.5,42,1,True
layer,blocks.1.norm1.bias,identity,0.721503788450501,3.474266721627629e-05,99.59220886230469,0.5079457923204843,0.05089846496411672,vit,dp_kfm_a,public,0.5,42,1,True
layer,blocks.1.norm2.weight,identity,0.7218347042004147,3.474266721627629e-05,99.59220886230469,0.5710461661956159,0.05722140772191325,vit,dp_kfm_a,public,0.5,42,1,True
layer,blocks.1.norm2.bias,identity,0.7180172354511912,3.474266721627629e-05,99.59220886230469,0.43033193137069803,0.043121205181659406,vit,dp_kfm_a,public,0.5,42,1,True
layer,blocks.2.norm1.weight,identity,0.7203505521739182,3.474266721627629e-05,99.59220886230469,0.4525668983194911,0.04534924940080981,vit,dp_kfm_a,public,0.5,42,1,True
layer,blocks.2.norm1.bias,identity,0.7163903795672324,3.474266721627629e-05,99.59220886230469,0.5419194471032251,0.05430277877831852,vit,dp_kfm_a,public,0.5,42,1,True
layer,blocks.2.norm2.weight,identity,0.7214467553030348,3.474266721627629e-05,99.59220886230469,0.37970906682608335,0.038048565273301596,vit,dp_kfm_a,public,0.5,42,1,True
layer,blocks.2.norm2.bias,identity,0.7182306329092334,3.474266721627629e-05,99.59220886230469,0.476943183005713,0.047791863338783276,vit,dp_kfm_a,public,0.5,42,1,True
layer,blocks.3.norm1.weight,identity,0.715897813432502,3.474266721627629e-05,99.59220886230469,0.33939663317892765,0.03400907715738579,vit,dp_kfm_a,public,0.5,42,1,True
layer,blocks.3.norm1.bias,identity,0.7185715588629581,3.474266721627629e-05,99.59220886230469,0.5184081763165129,0.051946843144060395,vit,dp_kfm_a,public,0.5,42,1,True
layer,blocks.3.norm2.weight,identity,0.7168448718661599,3.474266721627629e-05,99.59220886230469,0.32434254556897596,0.0325005895148729,vit,dp_kfm_a,public,0.5,42,1,True
layer,blocks.3.norm2.bias,identity,0.7250678974291619,3.474266721627629e-05,99.59220886230469,0.4166363809324897,0.041748849106104706,vit,dp_kfm_a,public,0.5,42,1,True
layer,blocks.4.norm1.weight,identity,0.7180958293248871,3.474266721627629e-05,99.59220886230469,0.30417939992459175,0.030480151157742982,vit,dp_kfm_a,public,0.5,42,1,True
layer,blocks.4.norm1.bias,identity,0.7217479770181263,3.474266721627629e-05,99.59220886230469,0.5127788503671032,0.051382759232077024,vit,dp_kfm_a,public,0.5,42,1,True
layer,blocks.4.norm2.weight,identity,0.7172649338843595,3.474266721627629e-05,99.59220886230469,0.2657330636802132,0.026627654438765375,vit,dp_kfm_a,public,0.5,42,1,True
layer,blocks.4.norm2.bias,identity,0.7225413241951496,3.474266721627629e-05,99.59220886230469,0.36244821676621064,0.036318950055879,vit,dp_kfm_a,public,0.5,42,1,True
layer,blocks.5.norm1.weight,identity,0.7156588038331706,3.474266721627629e-05,99.59220886230469,0.2705019842249218,0.027105521839049625,vit,dp_kfm_a,public,0.5,42,1,True
layer,blocks.5.norm1.bias,identity,0.7180342609535993,3.474266721627629e-05,99.59220886230469,0.4103390158475479,0.041117824652337986,vit,dp_kfm_a,public,0.5,42,1,True
layer,blocks.5.norm2.weight,identity,0.7226680856316783,3.474266721627629e-05,99.59220886230469,0.24953038358855245,0.025004072636457878,vit,dp_kfm_a,public,0.5,42,1,True
layer,blocks.5.norm2.bias,identity,0.7219805237184768,3.474266721627629e-05,99.59220886230469,0.3248708795969406,0.03255353097322984,vit,dp_kfm_a,public,0.5,42,1,True
layer,blocks.6.norm1.weight,identity,0.7238994584660878,3.474266721627629e-05,99.59220886230469,0.24681426421606464,0.024731905194953194,vit,dp_kfm_a,public,0.5,42,1,True
layer,blocks.6.norm1.bias,identity,0.7182448204604617,3.474266721627629e-05,99.59220886230469,0.4150653949525577,0.041591429208021904,vit,dp_kfm_a,public,0.5,42,1,True
layer,blocks.6.norm2.weight,identity,0.7218172330493724,3.474266721627629e-05,99.59220886230469,0.21637377910711003,0.02168163095657294,vit,dp_kfm_a,public,0.5,42,1,True
layer,blocks.6.norm2.bias,identity,0.7207453810932937,3.474266721627629e-05,99.59220886230469,0.3126036014117804,0.031324294235073144,vit,dp_kfm_a,public,0.5,42,1,True
layer,blocks.7.norm1.weight,identity,0.7214836546319633,3.474266721627629e-05,99.59220886230469,0.2594514490448814,0.025998208251261982,vit,dp_kfm_a,public,0.5,42,1,True
layer,blocks.7.norm1.bias,identity,0.7190386683256822,3.474266721627629e-05,99.59220886230469,0.3720082393831224,0.03727690754579169,vit,dp_kfm_a,public,0.5,42,1,True
layer,blocks.7.norm2.weight,identity,0.7169024323897683,3.474266721627629e-05,99.59220886230469,0.16416928403022085,0.016450504517860433,vit,dp_kfm_a,public,0.5,42,1,True
layer,blocks.7.norm2.bias,identity,0.7183353431527848,3.474266721627629e-05,99.59220886230469,0.24863767792814673,0.024914619493098155,vit,dp_kfm_a,public,0.5,42,1,True
layer,blocks.8.norm1.weight,identity,0.7194275706080325,3.474266721627629e-05,99.59220886230469,0.317725002477913,0.03183748177727307,vit,dp_kfm_a,public,0.5,42,1,True
layer,blocks.8.norm1.bias,identity,0.7214316652373783,3.474266721627629e-05,99.59220886230469,0.4093234455392755,0.04101605991575446,vit,dp_kfm_a,public,0.5,42,1,True
layer,blocks.8.norm2.weight,identity,0.7213060314688632,3.474266721627629e-05,99.59220886230469,0.14203862416855154,0.014232912340443087,vit,dp_kfm_a,public,0.5,42,1,True
layer,blocks.8.norm2.bias,identity,0.7169370991880998,3.474266721627629e-05,99.59220886230469,0.24368174283610156,0.024418012389622552,vit,dp_kfm_a,public,0.5,42,1,True
layer,blocks.9.norm1.weight,identity,0.7232845781269153,3.474266721627629e-05,99.59220886230469,0.3403203048743333,0.03410163323745916,vit,dp_kfm_a,public,0.5,42,1,True
layer,blocks.9.norm1.bias,identity,0.7192420332762735,3.474266721627629e-05,99.59220886230469,0.4459101742168406,0.04468221554869989,vit,dp_kfm_a,public,0.5,42,1,True
layer,blocks.9.norm2.weight,identity,0.7178842162365565,3.474266721627629e-05,99.59220886230469,0.6266525033712776,0.06279341411966008,vit,dp_kfm_a,public,0.5,42,1,True
layer,blocks.9.norm2.bias,identity,0.7202040711169818,3.474266721627629e-05,99.59220886230469,0.2312170343734129,0.023168992245016617,vit,dp_kfm_a,public,0.5,42,1,True
layer,blocks.10.norm1.weight,identity,0.7213290639844787,3.474266721627629e-05,99.59220886230469,0.2710467362455288,0.027160108454499874,vit,dp_kfm_a,public,0.5,42,1,True
layer,blocks.10.norm1.bias,identity,0.7198469624059669,3.474266721627629e-05,99.59220886230469,0.4062306317020636,0.04070614598573698,vit,dp_kfm_a,public,0.5,42,1,True
layer,blocks.10.norm2.weight,identity,0.7199312728641792,3.474266721627629e-05,99.59220886230469,0.4029982401286541,0.04038224573548023,vit,dp_kfm_a,public,0.5,42,1,True
layer,blocks.10.norm2.bias,identity,0.7191252260302871,3.474266721627629e-05,99.59220886230469,0.18424775242237432,0.01846245783146589,vit,dp_kfm_a,public,0.5,42,1,True
layer,blocks.11.norm1.weight,identity,0.720534980469304,3.474266721627629e-05,99.59220886230469,0.23277016120124083,0.023324622575312114,vit,dp_kfm_a,public,0.5,42,1,True
layer,blocks.11.norm1.bias,identity,0.7171724590845555,3.474266721627629e-05,99.59220886230469,0.389189974706094,0.0389985951088756,vit,dp_kfm_a,public,0.5,42,1,True
layer,blocks.11.norm2.weight,identity,0.7189673708469886,3.474266721627629e-05,99.59220886230469,0.15609440389880033,0.015641365019763674,vit,dp_kfm_a,public,0.5,42,1,True
layer,blocks.11.norm2.bias,identity,0.7201426606340551,3.474266721627629e-05,99.59220886230469,0.1620986594957045,0.01624301857759415,vit,dp_kfm_a,public,0.5,42,1,True
layer,norm.weight,identity,0.7178287927595061,3.474266721627629e-05,99.59220886230469,0.12902621145845633,0.012929009753913685,vit,dp_kfm_a,public,0.5,42,1,True
layer,norm.bias,identity,0.7239602659211286,3.474266721627629e-05,99.59220886230469,0.08921896468269074,0.00894014364661087,vit,dp_kfm_a,public,0.5,42,1,True
group,attention_out,attention_out,0.720117792493515,0.08046401727289565,230655.55572509766,10.351279352063576,0.021553215401264026,vit,dp_kfm_a,public,0.5,42,1,True
group,attention_qkv,attention_qkv,0.7202088036373707,0.2413920518186876,691966.667175293,10.670324953131551,0.012827294280978977,vit,dp_kfm_a,public,0.5,42,1,True
group,identity,identity,0.7203475488319954,0.008616181469636556,24698.867797851562,2.9285460677404815,0.018634319491960188,vit,dp_kfm_a,public,0.5,42,1,True
group,mlp_fc1,mlp_fc1,0.7201980956211533,0.3218560690915826,922622.2229003906,12.505294526767132,0.013019130168578062,vit,dp_kfm_a,public,0.5,42,1,True
group,mlp_fc2,mlp_fc2,0.720211596149434,0.3206053330717978,919036.9033813477,12.858929668258853,0.013413383625384596,vit,dp_kfm_a,public,0.5,42,1,True
group,patch_head,patch_head,0.7210448495046505,0.027066347275396748,77587.51779794693,13.558009462886192,0.04867433240901161,vit,dp_kfm_a,public,0.5,42,1,True
layer,patch_embed,patch_head,0.719460209313273,0.026717111089316622,76586.4086151123,6.180493322322915,0.02233301148508016,vit,dp_kfm_a,public,0.5,42,2,True
layer,blocks.0.attn.q_proj,attention_qkv,0.7206168632767449,0.006705334772741336,19221.296310424805,0.7033556225975168,0.005073219191468965,vit,dp_kfm_a,public,0.5,42,2,True
layer,blocks.0.attn.k_proj,attention_qkv,0.719828374628232,0.006705334772741336,19221.296310424805,1.030309400138964,0.007431497316581382,vit,dp_kfm_a,public,0.5,42,2,True
layer,blocks.0.attn.v_proj,attention_qkv,0.7199210151879264,0.006705334772741336,19221.296310424805,2.721544652726262,0.01963017301498339,vit,dp_kfm_a,public,0.5,42,2,True
layer,blocks.0.attn.out_proj,attention_out,0.7207242518138886,0.006705334772741336,19221.296310424805,3.296921742501771,0.023780298499728434,vit,dp_kfm_a,public,0.5,42,2,True
layer,blocks.0.mlp.fc1,mlp_fc1,0.7204860827516387,0.026821339090965342,76885.18524169922,2.9238070666774356,0.010544533694094412,vit,dp_kfm_a,public,0.5,42,2,True
layer,blocks.0.mlp.fc2,mlp_fc2,0.719984767230741,0.026717111089316622,76586.4086151123,4.072654973795819,0.014716406209199792,vit,dp_kfm_a,public,0.5,42,2,True
layer,blocks.1.attn.q_proj,attention_qkv,0.7201367780174802,0.006705334772741336,19221.296310424805,0.43728801460227557,0.0031541056566616794,vit,dp_kfm_a,public,0.5,42,2,True
layer,blocks.1.attn.k_proj,attention_qkv,0.7204454523480947,0.006705334772741336,19221.296310424805,0.5761531266686063,0.004155722945166008,vit,dp_kfm_a,public,0.5,42,2,True
layer,blocks.1.attn.v_proj,attention_qkv,0.7205888318506631,0.006705334772741336,19221.296310424805,2.2192544342297573,0.016007214309182605,vit,dp_kfm_a,public,0.5,42,2,True
layer,blocks.1.attn.out_proj,attention_out,0.7206103826933863,0.006705334772741336,19221.296310424805,2.4079431352799348,0.017368203129952825,vit,dp_kfm_a,public,0.5,42,2,True
layer,blocks.1.mlp.fc1,mlp_fc1,0.7200248149859545,0.026821339090965342,76885.18524169922,3.194712983572304,0.011521539530486232,vit,dp_kfm_a,public,0.5,42,2,True
layer,blocks.1.mlp.fc2,mlp_fc2,0.7201864025047054,0.026717111089316622,76586.4086151123,2.736250827759846,0.009887353318821027,vit,dp_kfm_a,public,0.5,42,2,True
layer,blocks.2.attn.q_proj,attention_qkv,0.7201984594225584,0.006705334772741336,19221.296310424805,0.633263658394855,0.004567654315698891,vit,dp_kfm_a,public,0.5,42,2,True
layer,blocks.2.attn.k_proj,attention_qkv,0.7205271074767827,0.006705334772741336,19221.296310424805,0.8184434012557625,0.005903333444677477,vit,dp_kfm_a,public,0.5,42,2,True
layer,blocks.2.attn.v_proj,attention_qkv,0.7203368443678927,0.006705334772741336,19221.296310424805,2.9536161897025046,0.021304076993789424,vit,dp_kfm_a,public,0.5,42,2,True
layer,blocks.2.attn.out_proj,attention_out,0.7204836320984723,0.006705334772741336,19221.296310424805,3.2894843330944625,0.02372665336357295,vit,dp_kfm_a,public,0.5,42,2,True
layer,blocks.2.mlp.fc1,mlp_fc1,0.72025045418447,0.026821339090965342,76885.18524169922,3.8065744135212363,0.013728180843363634,vit,dp_kfm_a,public,0.5,42,2,True
layer,blocks.2.mlp.fc2,mlp_fc2,0.7201845889972393,0.026717111089316622,76586.4086151123,3.8044653986582864,0.013747311907278584,vit,dp_kfm_a,public,0.5,42,2,True
layer,blocks.3.attn.q_proj,attention_qkv,0.7204829600525191,0.006705334772741336,19221.296310424805,0.6524031925063994,0.004705705464578416,vit,dp_kfm_a,public,0.5,42,2,True
layer,blocks.3.attn.k_proj,attention_qkv,0.7203833400873874,0.006705334772741336,19221.296310424805,0.8625382157603648,0.006221384018244901,vit,dp_kfm_a,public,0.5,42,2,True
layer,blocks.3.attn.v_proj,attention_qkv,0.7198635607598658,0.006705334772741336,19221.296310424805,2.8412090459922066,0.020493297836834228,vit,dp_kfm_a,public,0.5,42,2,True
layer,blocks.3.attn.out_proj,attention_out,0.7198825972967178,0.006705334772741336,19221.296310424805,3.139595076861144,0.022645520254108892,vit,dp_kfm_a,public,0.5,42,2,True
layer,blocks.3.mlp.fc1,mlp_fc1,0.7201945390040688,0.026821339090965342,76885.18524169922,3.9042159182731524,0.014080319036246753,vit,dp_kfm_a,public,0.5,42,2,True
layer,blocks.3.mlp.fc2,mlp_fc2,0.7203315993002875,0.026717111089316622,76586.4086151123,4.555163798585538,0.01645993614503205,vit,dp_kfm_a,public,0.5,42,2,True
layer,blocks.4.attn.q_proj,attention_qkv,0.7205288952471091,0.006705334772741336,19221.296310424805,0.7990176604217935,0.005763217921262106,vit,dp_kfm_a,public,0.5,42,2,True
layer,blocks.4.attn.k_proj,attention_qkv,0.7201129172906645,0.006705334772741336,19221.296310424805,1.1038298055069131,0.007961791124569725,vit,dp_kfm_a,public,0.5,42,2,True
layer,blocks.4.attn.v_proj,attention_qkv,0.7202081339914128,0.006705334772741336,19221.296310424805,2.7141197586271817,0.019576618150235214,vit,dp_kfm_a,public,0.5,42,2,True
layer,blocks.4.attn.out_proj,attention_out,0.720176703201349,0.006705334772741336,19221.296310424805,2.8037246882122355,0.020222927689558034,vit,dp_kfm_a,public,0.5,42,2,True
layer,blocks.4.mlp.fc1,mlp_fc1,0.7201320144703125,0.026821339090965342,76885.18524169922,3.2531558845467266,0.011732310325019446,vit,dp_kfm_a,public,0.5,42,2,True
layer,blocks.4.mlp.fc2,mlp_fc2,0.7200798363202611,0.026717111089316622,76586.4086151123,3.2279905835887677,0.011664238923556261,vit,dp_kfm_a,public,0.5,42,2,True
layer,blocks.5.attn.q_proj,attention_qkv,0.7200953694913191,0.006705334772741336,19221.296310424805,0.5464492554440735,0.003941472508095917,vit,dp_kfm_a,public,0.5,42,2,True
layer,blocks.5.attn.k_proj,attention_qkv,0.7203365738641423,0.006705334772741336,19221.296310424805,0.8193498488363276,0.0059098715416429914,vit,dp_kfm_a,public,0.5,42,2,True
layer,blocks.5.attn.v_proj,attention_qkv,0.7204582443464028,0.006705334772741336,19221.296310424805,2.3417594741374796,0.016890828372316598,vit,dp_kfm_a,public,0.5,42,2,True
layer,blocks.5.attn.out_proj,attention_out,0.720247085191054,0.006705334772741336,19221.296310424805,2.2704305550280366,0.016376341490138276,vit,dp_kfm_a,public,0.5,42,2,True
layer,blocks.5.mlp.fc1,mlp_fc1,0.7201060387758798,0.026821339090965342,76885.18524169922,2.961645407385025,0.01068099538579325,vit,dp_kfm_a,public,0.5,42,2,True
layer,blocks.5.mlp.fc2,mlp_fc2,0.720103487120219,0.026717111089316622,76586.4086151123,2.708672236260573,0.009787698975943424,vit,dp_kfm_a,public,0.5,42,2,True
layer,blocks.6.attn.q_proj,attention_qkv,0.7204097694231817,0.006705334772741336,19221.296310424805,0.48606459949794817,0.003505925274841718,vit,dp_kfm_a,public,0.5,42,2,True
layer,blocks.6.attn.k_proj,attention_qkv,0.7202011871104484,0.006705334772741336,19221.296310424805,0.7340365528590137,0.005294517037414838,vit,dp_kfm_a,public,0.5,42,2,True
layer,blocks.6.attn.v_proj,attention_qkv,0.7204410958698206,0.006705334772741336,19221.296310424805,2.2901448571477068,0.016518538371270174,vit,dp_kfm_a,public,0.5,42,2,True
layer,blocks.6.attn.out_proj,attention_out,0.7203044473459307,0.006705334772741336,19221.296310424805,2.5181621548952426,0.018163199611977477,vit,dp_kfm_a,public,0.5,42,2,True
layer,blocks.6.mlp.fc1,mlp_fc1,0.7203347398765756,0.026821339090965342,76885.18524169922,2.8316172337389762,0.01021205662652334,vit,dp_kfm_a,public,0.5,42,2,True
layer,blocks.6.mlp.fc2,mlp_fc2,0.7202915364423426,0.026717111089316622,76586.4086151123,2.553334929304648,0.0092263926724841,vit,dp_kfm_a,public,0.5,42,2,True
layer,blocks.7.attn.q_proj,attention_qkv,0.7202022052145682,0.006705334772741336,19221.296310424805,0.4464578604059492,0.0032202466473915284,vit,dp_kfm_a,public,0.5,42,2,True
layer,blocks.7.attn.k_proj,attention_qkv,0.7205105580554596,0.006705334772741336,19221.296310424805,0.6236569298588284,0.004498362142564317,vit,dp_kfm_a,public,0.5,42,2,True
layer,blocks.7.attn.v_proj,attention_qkv,0.7202675561434583,0.006705334772741336,19221.296310424805,2.143479024900321,0.015460655429860899,vit,dp_kfm_a,public,0.5,42,2,True
layer,blocks.7.attn.out_proj,attention_out,0.7201617629163051,0.006705334772741336,19221.296310424805,2.102853765258456,0.015167630336647909,vit,dp_kfm_a,public,0.5,42,2,True
layer,blocks.7.mlp.fc1,mlp_fc1,0.720123785874095,0.026821339090965342,76885.18524169922,2.5937703311171316,0.009354276129542028,vit,dp_kfm_a,public,0.5,42,2,True
layer,blocks.7.mlp.fc2,mlp_fc2,0.7202457690296147,0.026717111089316622,76586.4086151123,2.503827855480015,0.009047500472354239,vit,dp_kfm_a,public,0.5,42,2,True
layer,blocks.8.attn.q_proj,attention_qkv,0.7199389533804861,0.006705334772741336,19221.296310424805,0.4501428427077268,0.0032468259798557548,vit,dp_kfm_a,public,0.5,42,2,True
layer,blocks.8.attn.k_proj,attention_qkv,0.7200614375740804,0.006705334772741336,19221.296310424805,0.65046258133808,0.004691708070506355,vit,dp_kfm_a,public,0.5,42,2,True
layer,blocks.8.attn.v_proj,attention_qkv,0.7200419831606083,0.006705334772741336,19221.296310424805,2.0908108422806326,0.015080766187120178,vit,dp_kfm_a,public,0.5,42,2,True
layer,blocks.8.attn.out_proj,attention_out,0.7201726200925417,0.006705334772741336,19221.296310424805,2.0673867419316396,0.01491181097923469,vit,dp_kfm_a,public,0.5,42,2,True
layer,blocks.8.mlp.fc1,mlp_fc1,0.7202686252625923,0.026821339090965342,76885.18524169922,2.442553679221233,0.008808922402479453,vit,dp_kfm_a,public,0.5,42,2,True
layer,blocks.8.mlp.fc2,mlp_fc2,0.7202739537776797,0.026717111089316622,76586.4086151123,2.1510342233727195,0.007772692163888318,vit,dp_kfm_a,public,0.5,42,2,True
layer,blocks.9.attn.q_proj,attention_qkv,0.7203795394917198,0.006705334772741336,19221.296310424805,0.44864762403882247,0.003236041148110875,vit,dp_kfm_a,public,0.5,42,2,True
layer,blocks.9.attn.k_proj,attention_qkv,0.7204277480171692,0.006705334772741336,19221.296310424805,0.6750706490802115,0.004869203092261217,vit,dp_kfm_a,public,0.5,42,2,True
layer,blocks.9.attn.v_proj,attention_qkv,0.7201226270382395,0.006705334772741336,19221.296310424805,1.8510331900592536,0.013351278929390602,vit,dp_kfm_a,public,0.5,42,2,True
layer,blocks.9.attn.out_proj,attention_out,0.7203838012632753,0.006705334772741336,19221.296310424805,1.7967569576167128,0.01295979101741341,vit,dp_kfm_a,public,0.5,42,2,True
layer,blocks.9.mlp.fc1,mlp_fc1,0.7202488876998059,0.026821339090965342,76885.18524169922,2.165462633827095,0.007809610273512395,vit,dp_kfm_a,public,0.5,42,2,True
layer,blocks.9.mlp.fc2,mlp_fc2,0.7202687066174186,0.026717111089316622,76586.4086151123,1.8254712350913191,0.006596280900705725,vit,dp_kfm_a,public,0.5,42,2,True
layer,blocks.10.attn.q_proj,attention_qkv,0.7201935192325243,0.006705334772741336,19221.296310424805,0.3788467716011686,0.0027325760263566213,vit,dp_kfm_a,public,0.5,42,2,True
layer,blocks.10.attn.k_proj,attention_qkv,0.7201820195689836,0.006705334772741336,19221.296310424805,0.6329666649052244,0.004565512137513447,vit,dp_kfm_a,public,0.5,42,2,True
layer,blocks.10.attn.v_proj,attention_qkv,0.7199765242098762,0.006705334772741336,19221.296310424805,1.7650364019907288,0.012730994479224786,vit,dp_kfm_a,public,0.5,42,2,True
layer,blocks.10.attn.out_proj,attention_out,0.7201049680348105,0.006705334772741336,19221.296310424805,1.7378604858526632,0.012534977876999835,vit,dp_kfm_a,public,0.5,42,2,True
layer,blocks.10.mlp.fc1,mlp_fc1,0.7200561375720157,0.026821339090965342,76885.18524169922,1.9069239208645041,0.006877206011571881,vit,dp_kfm_a,public,0.5,42,2,True
layer,blocks.10.mlp.fc2,mlp_fc2,0.7201738570014183,0.026717111089316622,76586.4086151123,1.5279455148211671,0.005521181393049798,vit,dp_kfm_a,public,0.5,42,2,True
layer,blocks.11.attn.q_proj,attention_qkv,0.7199999936326632,0.006705334772741336,19221.296310424805,0.5316438652498635,0.0038346830160420056,vit,dp_kfm_a,public,0.5,42,2,True
layer,blocks.11.attn.k_proj,attention_qkv,0.7198836258299418,0.006705334772741336,19221.296310424805,0.7199807498359054,0.005193134227130336,vit,dp_kfm_a,public,0.5,42,2,True
layer,blocks.11.attn.v_proj,attention_qkv,0.7201448636731083,0.006705334772741336,19221.296310424805,1.7019503155357245,0.012275962153846852,vit,dp_kfm_a,public,0.5,42,2,True
layer,blocks.11.attn.out_proj,attention_out,0.7197746065745972,0.006705334772741336,19221.296310424805,1.5056034809436742,0.010859736140385972,vit,dp_kfm_a,public,0.5,42,2,True
layer,blocks.11.mlp.fc1,mlp_fc1,0.7200784728615086,0.026821339090965342,76885.18524169922,1.504895765056611,0.005427315735566657,vit,dp_kfm_a,public,0.5,42,2,True
layer,blocks.11.mlp.fc2,mlp_fc2,0.7201833561709626,0.026717111089316622,76586.4086151123,1.5151611749938128,0.0054749855971313426,vit,dp_kfm_a,public,0.5,42,2,True
layer,head,patch_head,0.7199770198788937,0.0003492361860802786,1001.1091828346252,5.93657427711838,0.18762693469534897,vit,dp_kfm_a,public,0.5,42,2,True
layer,cls_token,identity,0.7152104047730433,3.474266721627629e-05,99.59220886230469,0.19554166160634226,0.01959415859481312,vit,dp_kfm_a,public,0.5,42,2,True
layer,pos_embed,identity,0.7199688138306861,0.006844305441606457,19619.665145874023,0.6032552564463729,0.004306806098673996,vit,dp_kfm_a,public,0.5,42,2,True
layer,blocks.0.norm1.weight,identity,0.7169253236502254,3.474266721627629e-05,99.59220886230469,0.8749307056007091,0.08767201252245065,vit,dp_kfm_a,public,0.5,42,2,True
layer,blocks.0.norm1.bias,identity,0.7197689869258335,3.474266721627629e-05,99.59220886230469,0.5180430449699691,0.051910255332269555,vit,dp_kfm_a,public,0.5,42,2,True
layer,blocks.0.norm2.weight,identity,0.7266318369770224,3.474266721627629e-05,99.59220886230469,0.29179893490245007,0.029239572586769454,vit,dp_kfm_a,public,0.5,42,2,True
layer,blocks.0.norm2.bias,identity,0.7162264204315456,3.474266721627629e-05,99.59220886230469,0.26089357940405383,0.02614271623355017,vit,dp_kfm_a,public,0.5,42,2,True
layer,blocks.1.norm1.weight,identity,0.7157387600120085,3.474266721627629e-05,99.59220886230469,0.35730643190602623,0.03580371996535391,vit,dp_kfm_a,public,0.5,42,2,True
layer,blocks.1.norm1.bias,identity,0.7196196702061021,3.474266721627629e-05,99.59220886230469,0.38212190018651715,0.038290342085152466,vit,dp_kfm_a,public,0.5,42,2,True
layer,blocks.1.norm2.weight,identity,0.7213795952389972,3.474266721627629e-05,99.59220886230469,0.3770126400341427,0.03777837111740377,vit,dp_kfm_a,public,0.5,42,2,True
layer,blocks.1.norm2.bias,identity,0.715185956048747,3.474266721627629e-05,99.59220886230469,0.33534446203712526,0.03360303128790947,vit,dp_kfm_a,public,0.5,42,2,True
layer,blocks.2.norm1.weight,identity,0.7212839069188606,3.474266721627629e-05,99.59220886230469,0.39641055933966074,0.03972213033556408,vit,dp_kfm_a,public,0.5,42,2,True
layer,blocks.2.norm1.bias,identity,0.7232180945300334,3.474266721627629e-05,99.59220886230469,0.45159614006143706,0.045251975034266693,vit,dp_kfm_a,public,0.5,42,2,True
layer,blocks.2.norm2.weight,identity,0.7199446144968231,3.474266721627629e-05,99.59220886230469,0.3344308027700368,0.03351147849842261,vit,dp_kfm_a,public,0.5,42,2,True
layer,blocks.2.norm2.bias,identity,0.7188078892538922,3.474266721627629e-05,99.59220886230469,0.390600145672092,0.039139900615469854,vit,dp_kfm_a,public,0.5,42,2,True
layer,blocks.3.norm1.weight,identity,0.717583679563228,3.474266721627629e-05,99.59220886230469,0.27591749256167014,0.02764818025951142,vit,dp_kfm_a,public,0.5,42,2,True
layer,blocks.3.norm1.bias,identity,0.7135626694587358,3.474266721627629e-05,99.59220886230469,0.40750956912355646,0.04083430129782605,vit,dp_kfm_a,public,0.5,42,2,True
layer,blocks.3.norm2.weight,identity,0.7170663444881128,3.474266721627629e-05,99.59220886230469,0.2837021664122936,0.028428239776163603,vit,dp_kfm_a,public,0.5,42,2,True
layer,blocks.3.norm2.bias,identity,0.7156169136988616,3.474266721627629e-05,99.59220886230469,0.33760751823638474,0.033829799751023626,vit,dp_kfm_a,public,0.5,42,2,True
layer,blocks.4.norm1.weight,identity,0.7199075476279626,3.474266721627629e-05,99.59220886230469,0.26807687578223743,0.026862515008457988,vit,dp_kfm_a,public,0.5,42,2,True
layer,blocks.4.norm1.bias,identity,0.7193581622105943,3.474266721627629e-05,99.59220886230469,0.4013749536548085,0.04021958509144121,vit,dp_kfm_a,public,0.5,42,2,True
layer,blocks.4.norm2.weight,identity,0.7192126097931189,3.474266721627629e-05,99.59220886230469,0.23764626851754853,0.023813230574733762,vit,dp_kfm_a,public,0.5,42,2,True
layer,blocks.4.norm2.bias,identity,0.7169164833604049,3.474266721627629e-05,99.59220886230469,0.3006465536780032,0.030126143990788935,vit,dp_kfm_a,public,0.5,42,2,True
layer,blocks.5.norm1.weight,identity,0.7191136536134366,3.474266721627629e-05,99.59220886230469,0.2141428172588771,0.021458078492539674,vit,dp_kfm_a,public,0.5,42,2,True
layer,blocks.5.norm1.bias,identity,0.7195532465872327,3.474266721627629e-05,99.59220886230469,0.31744723340590103,0.03180964806038108,vit,dp_kfm_a,public,0.5,42,2,True
layer,blocks.5.norm2.weight,identity,0.7195198695094748,3.474266721627629e-05,99.59220886230469,0.20214289396911922,0.02025563192369308,vit,dp_kfm_a,public,0.5,42,2,True
layer,blocks.5.norm2.bias,identity,0.720620680956005,3.474266721627629e-05,99.59220886230469,0.25195866950123313,0.025247397863909428,vit,dp_kfm_a,public,0.5,42,2,True
layer,blocks.6.norm1.weight,identity,0.7169758538019747,3.474266721627629e-05,99.59220886230469,0.1977907644390645,0.01981952886751298,vit,dp_kfm_a,public,0.5,42,2,True
layer,blocks.6.norm1.bias,identity,0.7141502684928493,3.474266721627629e-05,99.59220886230469,0.3176800827400094,0.031832980616439674,vit,dp_kfm_a,public,0.5,42,2,True
layer,blocks.6.norm2.weight,identity,0.721506524723181,3.474266721627629e-05,99.59220886230469,0.1728962319876815,0.01732498416031848,vit,dp_kfm_a,public,0.5,42,2,True
layer,blocks.6.norm2.bias,identity,0.7186826863680121,3.474266721627629e-05,99.59220886230469,0.2085509178813608,0.020897744892276672,vit,dp_kfm_a,public,0.5,42,2,True
layer,blocks.7.norm1.weight,identity,0.7210168400435194,3.474266721627629e-05,99.59220886230469,0.1748237229743374,0.0175181274719399,vit,dp_kfm_a,public,0.5,42,2,True
layer,blocks.7.norm1.bias,identity,0.7209307252678557,3.474266721627629e-05,99.59220886230469,0.251989036775429,0.025250440802083312,vit,dp_kfm_a,public,0.5,42,2,True
layer,blocks.7.norm2.weight,identity,0.7240715920773113,3.474266721627629e-05,99.59220886230469,0.11614939999578609,0.011638695025469723,vit,dp_kfm_a,public,0.5,42,2,True
layer,blocks.7.norm2.bias,identity,0.7223389042964989,3.474266721627629e-05,99.59220886230469,0.1606725835340511,0.016100119318524,vit,dp_kfm_a,public,0.5,42,2,True
layer,blocks.8.norm1.weight,identity,0.7159235814948345,3.474266721627629e-05,99.59220886230469,0.22336285818904905,0.022381968280282973,vit,dp_kfm_a,public,0.5,42,2,True
layer,blocks.8.norm1.bias,identity,0.7186624148092075,3.474266721627629e-05,99.59220886230469,0.2398774150950665,0.024036801549476575,vit,dp_kfm_a,public,0.5,42,2,True
layer,blocks.8.norm2.weight,identity,0.7173235839005981,3.474266721627629e-05,99.59220886230469,0.0875373612805915,0.00877163938269272,vit,dp_kfm_a,public,0.5,42,2,True
layer,blocks.8.norm2.bias,identity,0.7205906442342012,3.474266721627629e-05,99.59220886230469,0.135836478748914,0.013611429327656157,vit,dp_kfm_a,public,0.5,42,2,True
layer,blocks.9.norm1.weight,identity,0.7196421115932766,3.474266721627629e-05,99.59220886230469,0.20090694452759714,0.02013178420155851,vit,dp_kfm_a,public,0.5,42,2,True
layer,blocks.9.norm1.bias,identity,0.7178677275958909,3.474266721627629e-05,99.59220886230469,0.24528893399639032,0.024579060210471463,vit,dp_kfm_a,public,0.5,42,2,True
layer,blocks.9.norm2.weight,identity,0.7247642421242889,3.474266721627629e-05,99.59220886230469,0.35210398518056074,0.035282411281657364,vit,dp_kfm_a,public,0.5,42,2,True
layer,blocks.9.norm2.bias,identity,0.7188324011138731,3.474266721627629e-05,99.59220886230469,0.1278078333701697,0.012806922760818611,vit,dp_kfm_a,public,0.5,42,2,True
layer,blocks.10.norm1.weight,identity,0.722374955377241,3.474266721627629e-05,99.59220886230469,0.15320387412486913,0.01535172086747323,vit,dp_kfm_a,public,0.5,42,2,True
layer,blocks.10.norm1.bias,identity,0.7211095277604967,3.474266721627629e-05,99.59220886230469,0.22097082199258508,0.022142275438292062,vit,dp_kfm_a,public,0.5,42,2,True
layer,blocks.10.norm2.weight,identity,0.7185766567413228,3.474266721627629e-05,99.59220886230469,0.17760406684069302,0.01779673049810811,vit,dp_kfm_a,public,0.5,42,2,True
layer,blocks.10.norm2.bias,identity,0.7237273146539503,3.474266721627629e-05,99.59220886230469,0.10114429956792959,0.010135116120088357,vit,dp_kfm_a,public,0.5,42,2,True
layer,blocks.11.norm1.weight,identity,0.7204283767559857,3.474266721627629e-05,99.59220886230469,0.15365910720474218,0.015397337280320287,vit,dp_kfm_a,public,0.5,42,2,True
layer,blocks.11.norm1.bias,identity,0.716302599278222,3.474266721627629e-05,99.59220886230469,0.2020595902414362,0.020247284513538372,vit,dp_kfm_a,public,0.5,42,2,True
layer,blocks.11.norm2.weight,identity,0.7197767103831738,3.474266721627629e-05,99.59220886230469,0.09399206555178116,0.009418429934298651,vit,dp_kfm_a,public,0.5,42,2,True
layer,blocks.11.norm2.bias,identity,0.7177793851107442,3.474266721627629e-05,99.59220886230469,0.08509239891200755,0.008526643098960458,vit,dp_kfm_a,public,0.5,42,2,True
layer,norm.weight,identity,0.7256929912148831,3.474266721627629e-05,99.59220886230469,0.0710512141903217,0.007119652905486219,vit,dp_kfm_a,public,0.5,42,2,True
layer,norm.bias,identity,0.7215944608358688,3.474266721627629e-05,99.59220886230469,0.03933834464377673,0.003941879993631895,vit,dp_kfm_a,public,0.5,42,2,True
group,attention_out,attention_out,0.72026277317572,0.08046401727289565,230655.55572509766,8.617203719025024,0.017942559716127644,vit,dp_kfm_a,public,0.5,42,2,True
group,attention_qkv,attention_qkv,0.7202440996232549,0.2413920518186876,691966.667175293,8.7850417189927,0.010560907553909572,vit,dp_kfm_a,public,0.5,42,2,True
group,identity,identity,0.7200398570804417,0.008616181469636556,24698.867797851562,2.225861648665009,0.014163143125191435,vit,dp_kfm_a,public,0.5,42,2,True
group,mlp_fc1,mlp_fc1,0.7201939273808458,0.3218560690915826,922622.2229003906,9.972756637187564,0.010382531696569412,vit,dp_kfm_a,public,0.5,42,2,True
group,mlp_fc2,mlp_fc2,0.7201959082087683,0.3206053330717978,919036.9033813477,10.13990121022772,0.010577115542673493,vit,dp_kfm_a,public,0.5,42,2,True
group,patch_head,patch_head,0.719469606205077,0.027066347275396748,77587.51779794693,8.60455073086295,0.030891021550819135,vit,dp_kfm_a,public,0.5,42,2,True
layer,patch_embed,patch_head,0.7205545837008713,0.026717111089316622,76586.4086151123,5.279747842684338,0.019078197007852994,vit,dp_kfm_a,public,0.5,42,3,True
layer,blocks.0.attn.q_proj,attention_qkv,0.720111266091276,0.006705334772741336,19221.296310424805,0.6899232775292874,0.004976333308144521,vit,dp_kfm_a,public,0.5,42,3,True
layer,blocks.0.attn.k_proj,attention_qkv,0.7207926934046759,0.006705334772741336,19221.296310424805,1.0071923060139256,0.007264756507525177,vit,dp_kfm_a,public,0.5,42,3,True
layer,blocks.0.attn.v_proj,attention_qkv,0.7194682011987699,0.006705334772741336,19221.296310424805,2.7146830141826506,0.019580680844556383,vit,dp_kfm_a,public,0.5,42,3,True
layer,blocks.0.attn.out_proj,attention_out,0.720339945845131,0.006705334772741336,19221.29631042481,3.290424630821514,0.023733435617558453,vit,dp_kfm_a,public,0.5,42,3,True
layer,blocks.0.mlp.fc1,mlp_fc1,0.7204218108167771,0.026821339090965342,76885.18524169922,2.7719619566441893,0.009996913470695578,vit,dp_kfm_a,public,0.5,42,3,True
layer,blocks.0.mlp.fc2,mlp_fc2,0.720325545513168,0.026717111089316622,76586.4086151123,3.893074145591857,0.014067496730680721,vit,dp_kfm_a,public,0.5,42,3,True
layer,blocks.1.attn.q_proj,attention_qkv,0.7193749466568777,0.006705334772741336,19221.296310424805,0.4336775919531934,0.0031280641139709484,vit,dp_kfm_a,public,0.5,42,3,True
layer,blocks.1.attn.k_proj,attention_qkv,0.7201762252640781,0.006705334772741336,19221.296310424805,0.5594591453174458,0.004035311273101792,vit,dp_kfm_a,public,0.5,42,3,True
layer,blocks.1.attn.v_proj,attention_qkv,0.7196601099559075,0.006705334772741336,19221.296310424805,2.070248889344064,0.014932455302980747,vit,dp_kfm_a,public,0.5,42,3,True
layer,blocks.1.attn.out_proj,attention_out,0.7200929818740014,0.006705334772741336,19221.296310424805,2.184682889416064,0.015757853930175685,vit,dp_kfm_a,public,0.5,42,3,True
layer,blocks.1.mlp.fc1,mlp_fc1,0.7203234278659794,0.026821339090965342,76885.18524169922,2.991280164647503,0.010787871348996132,vit,dp_kfm_a,public,0.5,42,3,True
layer,blocks.1.mlp.fc2,mlp_fc2,0.7200367590380028,0.026717111089316622,76586.4086151123,2.519362614254131,0.009103634817628459,vit,dp_kfm_a,public,0.5,42,3,True
layer,blocks.2.attn.q_proj,attention_qkv,0.7201241752676533,0.006705334772741336,19221.296310424805,0.5610560677926509,0.004046829682123081,vit,dp_kfm_a,public,0.5,42,3,True
layer,blocks.2.attn.k_proj,attention_qkv,0.7200758298925064,0.006705334772741336,19221.296310424805,0.7245217980474609,0.005225888259651141,vit,dp_kfm_a,public,0.5,42,3,True
layer,blocks.2.attn.v_proj,attention_qkv,0.7204327659735803,0.006705334772741336,19221.296310424805,2.7537510827155973,0.019862474106296484,vit,dp_kfm_a,public,0.5,42,3,True
layer,blocks.2.attn.out_proj,attention_out,0.7205615061929328,0.006705334772741336,19221.296310424805,3.023515567025724,0.02180825276364858,vit,dp_kfm_a,public,0.5,42,3,True
layer,blocks.2.mlp.fc1,mlp_fc1,0.719782051862772,0.026821339090965342,76885.18524169922,3.607035531188927,0.013008555909141847,vit,dp_kfm_a,public,0.5,42,3,True
layer,blocks.2.mlp.fc2,mlp_fc2,0.7200567629997683,0.026717111089316622,76586.4086151123,3.5848744193119426,0.012953827049678446,vit,dp_kfm_a,public,0.5,42,3,True
layer,blocks.3.attn.q_proj,attention_qkv,0.7201903178505616,0.006705334772741336,19221.296310424805,0.5992542917917316,0.00432234886025448,vit,dp_kfm_a,public,0.5,42,3,True
layer,blocks.3.attn.k_proj,attention_qkv,0.7203754000867225,0.006705334772741336,19221.296310424805,0.7939316236256319,0.005726532951875619,vit,dp_kfm_a,public,0.5,42,3,True
layer,blocks.3.attn.v_proj,attention_qkv,0.7199914441420908,0.006705334772741336,19221.296310424805,2.6539800516030927,0.019142837703983583,vit,dp_kfm_a,public,0.5,42,3,True
layer,blocks.3.attn.out_proj,attention_out,0.720047421842427,0.006705334772741336,19221.296310424805,2.8959545186603415,0.020888170321908487,vit,dp_kfm_a,public,0.5,42,3,True
layer,blocks.3.mlp.fc1,mlp_fc1,0.7205275298953138,0.026821339090965342,76885.18524169922,3.4899732980980755,0.012586378031811821,vit,dp_kfm_a,public,0.5,42,3,True
layer,blocks.3.mlp.fc2,mlp_fc2,0.7200002060537953,0.026717111089316622,76586.4086151123,3.9745603418060513,0.014361944448851388,vit,dp_kfm_a,public,0.5,42,3,True
layer,blocks.4.attn.q_proj,attention_qkv,0.7206090119018091,0.006705334772741336,19221.296310424805,0.708662591191644,0.005111497715241652,vit,dp_kfm_a,public,0.5,42,3,True
layer,blocks.4.attn.k_proj,attention_qkv,0.720107672362427,0.006705334772741336,19221.296310424805,0.9908606580407908,0.007146958302373077,vit,dp_kfm_a,public,0.5,42,3,True
layer,blocks.4.attn.v_proj,attention_qkv,0.7200599123108192,0.006705334772741336,19221.296310424805,2.543103680209896,0.018343099822945443,vit,dp_kfm_a,public,0.5,42,3,True
layer,blocks.4.attn.out_proj,attention_out,0.7205112676197725,0.006705334772741336,19221.296310424805,2.6102392329775124,0.01882734045995457,vit,dp_kfm_a,public,0.5,42,3,True
layer,blocks.4.mlp.fc1,mlp_fc1,0.7201772040162663,0.026821339090965342,76885.18524169922,2.9266732729309752,0.010554870493932944,vit,dp_kfm_a,public,0.5,42,3,True
layer,blocks.4.mlp.fc2,mlp_fc2,0.7202033282743406,0.026717111089316622,76586.4086151123,2.9102285861370665,0.010516016286864929,vit,dp_kfm_a,public,0.5,42,3,True
layer,blocks.5.attn.q_proj,attention_qkv,0.720261596549861,0.006705334772741336,19221.296310424805,0.4953870103374588,0.0035731666987562716,vit,dp_kfm_a,public,0.5,42,3,True
layer,blocks.5.attn.k_proj,attention_qkv,0.7204464668484657,0.006705334772741336,19221.296310424805,0.7416519192857822,0.0053494457560673905,vit,dp_kfm_a,public,0.5,42,3,True
layer,blocks.5.attn.v_proj,attention_qkv,0.7207144669066436,0.006705334772741336,19221.296310424805,2.0923958408106773,0.01509219859016457,vit,dp_kfm_a,public,0.5,42,3,True
layer,blocks.5.attn.out_proj,attention_out,0.7202329286762041,0.006705334772741336,19221.296310424805,2.006424097684154,0.01447209478614182,vit,dp_kfm_a,public,0.5,42,3,True
layer,blocks.5.mlp.fc1,mlp_fc1,0.7203069194757755,0.026821339090965342,76885.18524169922,2.5571779109300006,0.00922230777499183,vit,dp_kfm_a,public,0.5,42,3,True
layer,blocks.5.mlp.fc2,mlp_fc2,0.7201796633186061,0.026717111089316622,76586.4086151123,2.3422497149453845,0.008463643119857095,vit,dp_kfm_a,public,0.5,42,3,True
layer,blocks.6.attn.q_proj,attention_qkv,0.719876682814925,0.006705334772741336,19221.296310424805,0.4258733196145295,0.003071772839782024,vit,dp_kfm_a,public,0.5,42,3,True
layer,blocks.6.attn.k_proj,attention_qkv,0.7204930369503325,0.006705334772741336,19221.296310424805,0.6444475763954639,0.004648322566031439,vit,dp_kfm_a,public,0.5,42,3,True
layer,blocks.6.attn.v_proj,attention_qkv,0.720117827294,0.006705334772741336,19221.296310424805,1.9737974973620591,0.014236763056944615,vit,dp_kfm_a,public,0.5,42,3,True
layer,blocks.6.attn.out_proj,attention_out,0.7201062590332971,0.006705334772741336,19221.296310424805,2.180191888195265,0.015725460880557176,vit,dp_kfm_a,public,0.5,42,3,True
layer,blocks.6.mlp.fc1,mlp_fc1,0.7203293152207967,0.026821339090965342,76885.18524169922,2.3894140293878854,0.008617277463062546,vit,dp_kfm_a,public,0.5,42,3,True
layer,blocks.6.mlp.fc2,mlp_fc2,0.720012496499475,0.026717111089316622,76586.4086151123,2.1253633191986863,0.007679931187077553,vit,dp_kfm_a,public,0.5,42,3,True
layer,blocks.7.attn.q_proj,attention_qkv,0.7201243875514468,0.006705334772741336,19221.296310424805,0.36717972074831723,0.0026484229970882393,vit,dp_kfm_a,public,0.5,42,3,True
layer,blocks.7.attn.k_proj,attention_qkv,0.7200752877520692,0.006705334772741336,19221.296310424805,0.5292421368975405,0.00381735963939123,vit,dp_kfm_a,public,0.5,42,3,True
layer,blocks.7.attn.v_proj,attention_qkv,0.7203245725227242,0.006705334772741336,19221.296310424805,1.7751178276452488,0.01280371058536608,vit,dp_kfm_a,public,0.5,42,3,True
layer,blocks.7.attn.out_proj,attention_out,0.7203538804960486,0.006705334772741336,19221.296310424805,1.6988837878730874,0.012253843660030298,vit,dp_kfm_a,public,0.5,42,3,True
layer,blocks.7.mlp.fc1,mlp_fc1,0.7202060560469452,0.026821339090965342,76885.18524169922,2.050243945927698,0.007394081030632102,vit,dp_kfm_a,public,0.5,42,3,True
layer,blocks.7.mlp.fc2,mlp_fc2,0.7205133200709949,0.026717111089316622,76586.4086151123,1.8967514302648394,0.006853849566255328,vit,dp_kfm_a,public,0.5,42,3,True
layer,blocks.8.attn.q_proj,attention_qkv,0.720104431283805,0.006705334772741336,19221.296310424805,0.3524330953465052,0.002542057368387368,vit,dp_kfm_a,public,0.5,42,3,True
layer,blocks.8.attn.k_proj,attention_qkv,0.7200284580949678,0.006705334772741336,19221.296310424805,0.5023171485890694,0.0036231529493072584,vit,dp_kfm_a,public,0.5,42,3,True
layer,blocks.8.attn.v_proj,attention_qkv,0.7205008584696578,0.006705334772741336,19221.296310424805,1.5651832780123731,0.011289478023725843,vit,dp_kfm_a,public,0.5,42,3,True
layer,blocks.8.attn.out_proj,attention_out,0.7202373586252806,0.006705334772741336,19221.296310424805,1.5275286807013146,0.011017879959264494,vit,dp_kfm_a,public,0.5,42,3,True
layer,blocks.8.mlp.fc1,mlp_fc1,0.7202695738268231,0.026821339090965342,76885.18524169922,1.83107831461534,0.006603673410957385,vit,dp_kfm_a,public,0.5,42,3,True
layer,blocks.8.mlp.fc2,mlp_fc2,0.720168347120889,0.026717111089316622,76586.4086151123,1.5642046475899225,0.005652202589309147,vit,dp_kfm_a,public,0.5,42,3,True
layer,blocks.9.attn.q_proj,attention_qkv,0.7204810348975095,0.006705334772741336,19221.296310424805,0.34898981893744613,0.0025172214313467847,vit,dp_kfm_a,public,0.5,42,3,True
layer,blocks.9.attn.k_proj,attention_qkv,0.7203063186815846,0.006705334772741336,19221.296310424805,0.5238948619942099,0.003778790391076338,vit,dp_kfm_a,public,0.5,42,3,True
layer,blocks.9.attn.v_proj,attention_qkv,0.7199428051517381,0.006705334772741336,19221.296310424805,1.3534568331581152,0.009762320738184711,vit,dp_kfm_a,public,0.5,42,3,True
layer,blocks.9.attn.out_proj,attention_out,0.7201612576154324,0.006705334772741336,19221.296310424805,1.2679283045415766,0.009145413786914315,vit,dp_kfm_a,public,0.5,42,3,True
layer,blocks.9.mlp.fc1,mlp_fc1,0.7201827360277204,0.026821339090965342,76885.18524169922,1.5360904184360809,0.005539817369954328,vit,dp_kfm_a,public,0.5,42,3,True
layer,blocks.9.mlp.fc2,mlp_fc2,0.7203279079569561,0.026717111089316622,76586.40861511229,1.2427765168860085,0.004490732499419896,vit,dp_kfm_a,public,0.5,42,3,True
layer,blocks.10.attn.q_proj,attention_qkv,0.7201700776899795,0.006705334772741336,19221.296310424805,0.28764436230556406,0.002074744058741235,vit,dp_kfm_a,public,0.5,42,3,True
layer,blocks.10.attn.k_proj,attention_qkv,0.7199347594737349,0.006705334772741336,19221.296310424805,0.4716148912164273,0.003401701273483462,vit,dp_kfm_a,public,0.5,42,3,True
layer,blocks.10.attn.v_proj,attention_qkv,0.7200031724859978,0.006705334772741336,19221.296310424805,1.192449933278265,0.008600997407302934,vit,dp_kfm_a,public,0.5,42,3,True
layer,blocks.10.attn.out_proj,attention_out,0.7197382119324084,0.006705334772741336,19221.296310424805,1.1256899403154876,0.00811946563782577,vit,dp_kfm_a,public,0.5,42,3,True
layer,blocks.10.mlp.fc1,mlp_fc1,0.7199288144588611,0.026821339090965342,76885.18524169922,1.2757824486280538,0.004601032389999666,vit,dp_kfm_a,public,0.5,42,3,True
layer,blocks.10.mlp.fc2,mlp_fc2,0.7203376889846012,0.026717111089316622,76586.4086151123,0.9970018327609959,0.0036026336767125047,vit,dp_kfm_a,public,0.5,42,3,True
layer,blocks.11.attn.q_proj,attention_qkv,0.7200050139524886,0.006705334772741336,19221.296310424805,0.37521048043731386,0.0027063478971918772,vit,dp_kfm_a,public,0.5,42,3,True
layer,blocks.11.attn.k_proj,attention_qkv,0.7200872612943848,0.006705334772741336,19221.296310424805,0.5161195074703079,0.0037227076975941123,vit,dp_kfm_a,public,0.5,42,3,True
layer,blocks.11.attn.v_proj,attention_qkv,0.7201192860620586,0.006705334772741336,19221.296310424805,1.1331064171813552,0.008172959790086979,vit,dp_kfm_a,public,0.5,42,3,True
layer,blocks.11.attn.out_proj,attention_out,0.7202552686951043,0.006705334772741336,19221.296310424805,1.006378396153169,0.007258885873960792,vit,dp_kfm_a,public,0.5,42,3,True
layer,blocks.11.mlp.fc1,mlp_fc1,0.720155532581986,0.026821339090965342,76885.18524169922,0.9643887195155367,0.0034780097028399557,vit,dp_kfm_a,public,0.5,42,3,True
layer,blocks.11.mlp.fc2,mlp_fc2,0.7204900886444316,0.026717111089316622,76586.4086151123,0.9882418985573048,0.003570979939546738,vit,dp_kfm_a,public,0.5,42,3,True
layer,head,patch_head,0.7202542011261086,0.0003492361860802786,1001.1091828346252,3.651070471182965,0.11539300763154642,vit,dp_kfm_a,public,0.5,42,3,True
layer,cls_token,identity,0.7170487583105086,3.474266721627629e-05,99.59220886230469,0.17685381146397022,0.01772155151723338,vit,dp_kfm_a,public,0.5,42,3,True
layer,pos_embed,identity,0.7202348663195954,0.006844305441606457,19619.665145874023,0.5302146189400323,0.0037853487890163735,vit,dp_kfm_a,public,0.5,42,3,True
layer,blocks.0.norm1.weight,identity,0.7188956605967206,3.474266721627629e-05,99.59220886230469,0.7461138929296696,0.07476398547379012,vit,dp_kfm_a,public,0.5,42,3,True
layer,blocks.0.norm1.bias,identity,0.7204967458064494,3.474266721627629e-05,99.59220886230469,0.48642961916877153,0.04874244713331373,vit,dp_kfm_a,public,0.5,42,3,True
layer,blocks.0.norm2.weight,identity,0.7176196475046446,3.474266721627629e-05,99.59220886230469,0.26521255714243297,0.0265754973303153,vit,dp_kfm_a,public,0.5,42,3,True
layer,blocks.0.norm2.bias,identity,0.7205544499361359,3.474266721627629e-05,99.59220886230469,0.2365875853261205,0.023707145732331892,vit,dp_kfm_a,public,0.5,42,3,True
layer,blocks.1.norm1.weight,identity,0.7193914572754311,3.474266721627629e-05,99.59220886230469,0.3277684120008853,0.03284387682070865,vit,dp_kfm_a,public,0.5,42,3,True
layer,blocks.1.norm1.bias,identity,0.7189759074838535,3.474266721627629e-05,99.59220886230469,0.3400107660759017,0.0340706160503396,vit,dp_kfm_a,public,0.5,42,3,True
layer,blocks.1.norm2.weight,identity,0.7224622605439603,3.474266721627629e-05,99.59220886230469,0.34108019343531193,0.03417777750695083,vit,dp_kfm_a,public,0.5,42,3,True
layer,blocks.1.norm2.bias,identity,0.7141215683943706,3.474266721627629e-05,99.59220886230469,0.30900702920354856,0.03096390143863848,vit,dp_kfm_a,public,0.5,42,3,True
layer,blocks.2.norm1.weight,identity,0.7185305291031603,3.474266721627629e-05,99.59220886230469,0.326299880643416,0.03269672333902433,vit,dp_kfm_a,public,0.5,42,3,True
layer,blocks.2.norm1.bias,identity,0.7203444953986233,3.474266721627629e-05,99.59220886230469,0.41261782414097936,0.04134617154650805,vit,dp_kfm_a,public,0.5,42,3,True
layer,blocks.2.norm2.weight,identity,0.7226812528621283,3.474266721627629e-05,99.59220886230469,0.2972931395684153,0.029790116735228276,vit,dp_kfm_a,public,0.5,42,3,True
layer,blocks.2.norm2.bias,identity,0.7182613102007984,3.474266721627629e-05,99.59220886230469,0.3654331612469298,0.036618054988666514,vit,dp_kfm_a,public,0.5,42,3,True
layer,blocks.3.norm1.weight,identity,0.7188469885769783,3.474266721627629e-05,99.59220886230469,0.24018381734544247,0.0240675044402997,vit,dp_kfm_a,public,0.5,42,3,True
layer,blocks.3.norm1.bias,identity,0.7147986804414109,3.474266721627629e-05,99.59220886230469,0.3702632730440287,0.03710205402910408,vit,dp_kfm_a,public,0.5,42,3,True
layer,blocks.3.norm2.weight,identity,0.7192107265710592,3.474266721627629e-05,99.59220886230469,0.261249207604053,0.026178351787090694,vit,dp_kfm_a,public,0.5,42,3,True
layer,blocks.3.norm2.bias,identity,0.7243844031311027,3.474266721627629e-05,99.59220886230469,0.3029976595825778,0.030361735432474547,vit,dp_kfm_a,public,0.5,42,3,True
layer,blocks.4.norm1.weight,identity,0.7125426018991577,3.474266721627629e-05,99.59220886230469,0.23863012643943787,0.02391181758682058,vit,dp_kfm_a,public,0.5,42,3,True
layer,blocks.4.norm1.bias,identity,0.7208822967393165,3.474266721627629e-05,99.59220886230469,0.36704651224172574,0.03677972005278348,vit,dp_kfm_a,public,0.5,42,3,True
layer,blocks.4.norm2.weight,identity,0.7131738286075306,3.474266721627629e-05,99.59220886230469,0.20913970971620852,0.020956744496230945,vit,dp_kfm_a,public,0.5,42,3,True
layer,blocks.4.norm2.bias,identity,0.7170029075858136,3.474266721627629e-05,99.59220886230469,0.26949910751192085,0.027005029058103803,vit,dp_kfm_a,public,0.5,42,3,True
layer,blocks.5.norm1.weight,identity,0.7218551736756922,3.474266721627629e-05,99.59220886230469,0.19103767280557768,0.01914283855310708,vit,dp_kfm_a,public,0.5,42,3,True
layer,blocks.5.norm1.bias,identity,0.7208390151719061,3.474266721627629e-05,99.59220886230469,0.2781025062523351,0.02786712851041114,vit,dp_kfm_a,public,0.5,42,3,True
layer,blocks.5.norm2.weight,identity,0.7171832963174583,3.474266721627629e-05,99.59220886230469,0.1810571661264413,0.01814274665902629,vit,dp_kfm_a,public,0.5,42,3,True
layer,blocks.5.norm2.bias,identity,0.7180369801658056,3.474266721627629e-05,99.59220886230469,0.21910927221518417,0.021955739733977735,vit,dp_kfm_a,public,0.5,42,3,True
layer,blocks.6.norm1.weight,identity,0.7147536759819375,3.474266721627629e-05,99.59220886230469,0.17688200723687078,0.017724376861159467,vit,dp_kfm_a,public,0.5,42,3,True
layer,blocks.6.norm1.bias,identity,0.719019824748425,3.474266721627629e-05,99.59220886230469,0.2769569023070673,0.02775233381547998,vit,dp_kfm_a,public,0.5,42,3,True
layer,blocks.6.norm2.weight,identity,0.7171472179685923,3.474266721627629e-05,99.59220886230469,0.14576629343341188,0.014606441654680597,vit,dp_kfm_a,public,0.5,42,3,True
layer,blocks.6.norm2.bias,identity,0.7180579141275972,3.474266721627629e-05,99.59220886230469,0.1743292922951385,0.017468583282416413,vit,dp_kfm_a,public,0.5,42,3,True
layer,blocks.7.norm1.weight,identity,0.7175317884381802,3.474266721627629e-05,99.59220886230469,0.14030218556245416,0.014058913341158105,vit,dp_kfm_a,public,0.5,42,3,True
layer,blocks.7.norm1.bias,identity,0.7160031215107986,3.474266721627629e-05,99.59220886230469,0.207705555285638,0.02081303573805018,vit,dp_kfm_a,public,0.5,42,3,True
layer,blocks.7.norm2.weight,identity,0.7184665881340571,3.474266721627629e-05,99.59220886230469,0.09158714830123188,0.009177446352449325,vit,dp_kfm_a,public,0.5,42,3,True
layer,blocks.7.norm2.bias,identity,0.7187222937380855,3.474266721627629e-05,99.59220886230469,0.12443509006961874,0.012468958632930457,vit,dp_kfm_a,public,0.5,42,3,True
layer,blocks.8.norm1.weight,identity,0.711912583429075,3.474266721627629e-05,99.59220886230469,0.16996436862832132,0.01703119819588662,vit,dp_kfm_a,public,0.5,42,3,True
layer,blocks.8.norm1.bias,identity,0.7201644329306602,3.474266721627629e-05,99.59220886230469,0.18653376142859363,0.01869152626961391,vit,dp_kfm_a,public,0.5,42,3,True
layer,blocks.8.norm2.weight,identity,0.7256273316981081,3.474266721627629e-05,99.59220886230469,0.06701609979217042,0.006715316198842301,vit,dp_kfm_a,public,0.5,42,3,True
layer,blocks.8.norm2.bias,identity,0.7215629775107629,3.474266721627629e-05,99.59220886230469,0.1008481584454233,0.010105441440671352,vit,dp_kfm_a,public,0.5,42,3,True
layer,blocks.9.norm1.weight,identity,0.7179730969686418,3.474266721627629e-05,99.59220886230469,0.1424549757237825,0.014274632648726129,vit,dp_kfm_a,public,0.5,42,3,True
layer,blocks.9.norm1.bias,identity,0.7209356227659446,3.474266721627629e-05,99.59220886230469,0.18935036767864533,0.018973762950581462,vit,dp_kfm_a,public,0.5,42,3,True
layer,blocks.9.norm2.weight,identity,0.7217737562666496,3.474266721627629e-05,99.59220886230469,0.184493684041405,0.01848710129162256,vit,dp_kfm_a,public,0.5,42,3,True
layer,blocks.9.norm2.bias,identity,0.7151028477383192,3.474266721627629e-05,99.59220886230469,0.08824885479913089,0.008842934250123608,vit,dp_kfm_a,public,0.5,42,3,True
layer,blocks.10.norm1.weight,identity,0.7122572511784651,3.474266721627629e-05,99.59220886230469,0.117180099170965,0.011741975742919372,vit,dp_kfm_a,public,0.5,42,3,True
layer,blocks.10.norm1.bias,identity,0.7193202360401401,3.474266721627629e-05,99.59220886230469,0.16516302596624377,0.01655008195285199,vit,dp_kfm_a,public,0.5,42,3,True
layer,blocks.10.norm2.weight,identity,0.7215850753882994,3.474266721627629e-05,99.59220886230469,0.14997451974827206,0.015028124958069102,vit,dp_kfm_a,public,0.5,42,3,True
layer,blocks.10.norm2.bias,identity,0.7204858128638836,3.474266721627629e-05,99.59220886230469,0.07310136552653514,0.007325087338717162,vit,dp_kfm_a,public,0.5,42,3,True
layer,blocks.11.norm1.weight,identity,0.7220381026502785,3.474266721627629e-05,99.59220886230469,0.10674626923360034,0.010696458808755194,vit,dp_kfm_a,public,0.5,42,3,True
layer,blocks.11.norm1.bias,identity,0.7188285487712726,3.474266721627629e-05,99.59220886230469,0.14482205015079555,0.014511824208558493,vit,dp_kfm_a,public,0.5,42,3,True
layer,blocks.11.norm2.weight,identity,0.7208963646960967,3.474266721627629e-05,99.59220886230469,0.052915933195281366,0.0053024157547981576,vit,dp_kfm_a,public,0.5,42,3,True
layer,blocks.11.norm2.bias,identity,0.7210786989000476,3.474266721627629e-05,99.59220886230469,0.04981302971425663,0.004991490796852398,vit,dp_kfm_a,public,0.5,42,3,True
layer,norm.weight,identity,0.72103111439115,3.474266721627629e-05,99.59220886230469,0.04415718741073784,0.0044247498262990105,vit,dp_kfm_a,public,0.5,42,3,True
layer,norm.bias,identity,0.7169129941168543,3.474266721627629e-05,99.59220886230469,0.028382063779739633,0.0028440111144595187,vit,dp_kfm_a,public,0.5,42,3,True
group,attention_out,attention_out,0.7202310855982552,0.08046401727289565,230655.55572509766,7.6184816942698435,0.01586304179438944,vit,dp_kfm_a,public,0.5,42,3,True
group,attention_qkv,attention_qkv,0.7201673851521246,0.2413920518186876,691966.667175293,7.749611560912876,0.00931616876634411,vit,dp_kfm_a,public,0.5,42,3,True
group,identity,identity,0.7201250387717587,0.008616181469636556,24698.867797851562,1.9226721486951726,0.012233950318125722,vit,dp_kfm_a,public,0.5,42,3,True
group,mlp_fc1,mlp_fc1,0.7202195064918553,0.3218560690915826,922622.2229003906,8.67668341772947,0.009033203544720184,vit,dp_kfm_a,public,0.5,42,3,True
group,mlp_fc2,mlp_fc2,0.7202247252914176,0.3206053330717978,919036.9033813477,8.85674189862825,0.009238628705666104,vit,dp_kfm_a,public,0.5,42,3,True
group,patch_head,patch_head,0.7205531111617137,0.027066347275396748,77587.51779794693,6.431397421214812,0.023089228311250196,vit,dp_kfm_a,public,0.5,42,3,True
layer,patch_embed,patch_head,0.7191871703033629,0.026717111089316622,76586.4086151123,5.003317391390639,0.018079324568128767,vit,dp_kfm_a,public,0.5,42,4,True
layer,blocks.0.attn.q_proj,attention_qkv,0.7196099897406368,0.006705334772741336,19221.296310424805,0.6336306510320988,0.004570301389285247,vit,dp_kfm_a,public,0.5,42,4,True
layer,blocks.0.attn.k_proj,attention_qkv,0.7207372482548907,0.006705334772741336,19221.296310424805,0.9050075040859472,0.00652770986772868,vit,dp_kfm_a,public,0.5,42,4,True
layer,blocks.0.attn.v_proj,attention_qkv,0.7196925737703284,0.006705334772741336,19221.296310424805,2.6286525586489793,0.018960153555029086,vit,dp_kfm_a,public,0.5,42,4,True
layer,blocks.0.attn.out_proj,attention_out,0.719602557120942,0.006705334772741336,19221.296310424805,3.2421819109473855,0.02338546670332663,vit,dp_kfm_a,public,0.5,42,4,True
layer,blocks.0.mlp.fc1,mlp_fc1,0.7201583660535806,0.026821339090965342,76885.18524169922,2.777821708551636,0.010018046312233334,vit,dp_kfm_a,public,0.5,42,4,True
layer,blocks.0.mlp.fc2,mlp_fc2,0.7198700797274886,0.026717111089316622,76586.4086151123,3.827976964154183,0.01383227018404842,vit,dp_kfm_a,public,0.5,42,4,True
layer,blocks.1.attn.q_proj,attention_qkv,0.7201689978940741,0.006705334772741336,19221.296310424805,0.38960771527735416,0.0028101934139517152,vit,dp_kfm_a,public,0.5,42,4,True
layer,blocks.1.attn.k_proj,attention_qkv,0.7205817613294889,0.006705334772741336,19221.296310424805,0.5041031071116047,0.0036360348525160983,vit,dp_kfm_a,public,0.5,42,4,True
layer,blocks.1.attn.v_proj,attention_qkv,0.720077476676136,0.006705334772741336,19221.296310424805,2.0118475329719674,0.014511213370115322,vit,dp_kfm_a,public,0.5,42,4,True
layer,blocks.1.attn.out_proj,attention_out,0.7202723436769584,0.006705334772741336,19221.296310424805,2.0879014461394823,0.015059781063998034,vit,dp_kfm_a,public,0.5,42,4,True
layer,blocks.1.mlp.fc1,mlp_fc1,0.7200769223841115,0.026821339090965342,76885.18524169922,2.907813056929455,0.010486852263396292,vit,dp_kfm_a,public,0.5,42,4,True
layer,blocks.1.mlp.fc2,mlp_fc2,0.7201257049649706,0.026717111089316622,76586.4086151123,2.415017263658569,0.008726586289018524,vit,dp_kfm_a,public,0.5,42,4,True
layer,blocks.2.attn.q_proj,attention_qkv,0.720218196228888,0.006705334772741336,19221.296310424805,0.5298310956541296,0.0038216077277990184,vit,dp_kfm_a,public,0.5,42,4,True
layer,blocks.2.attn.k_proj,attention_qkv,0.7203536883782146,0.006705334772741336,19221.296310424805,0.6866011953836434,0.004952371530694482,vit,dp_kfm_a,public,0.5,42,4,True
layer,blocks.2.attn.v_proj,attention_qkv,0.7198899356076831,0.006705334772741336,19221.296310424805,2.6413962012394303,0.019052071910526602,vit,dp_kfm_a,public,0.5,42,4,True
layer,blocks.2.attn.out_proj,attention_out,0.7206237563829777,0.006705334772741336,19221.296310424805,2.921648459956949,0.021073497618517033,vit,dp_kfm_a,public,0.5,42,4,True
layer,blocks.2.mlp.fc1,mlp_fc1,0.7202436235771028,0.026821339090965342,76885.18524169922,3.4081564757472407,0.012291310600771467,vit,dp_kfm_a,public,0.5,42,4,True
layer,blocks.2.mlp.fc2,mlp_fc2,0.7202689106160121,0.026717111089316622,76586.4086151123,3.3414652292507814,0.012074275862789247,vit,dp_kfm_a,public,0.5,42,4,True
layer,blocks.3.attn.q_proj,attention_qkv,0.7204305087658632,0.006705334772741336,19221.296310424805,0.5654728604675856,0.00407868747445929,vit,dp_kfm_a,public,0.5,42,4,True
layer,blocks.3.attn.k_proj,attention_qkv,0.7203550084496069,0.006705334772741336,19221.296310424805,0.7436576603166882,0.005363912923975325,vit,dp_kfm_a,public,0.5,42,4,True
layer,blocks.3.attn.v_proj,attention_qkv,0.7198313136045574,0.006705334772741336,19221.296310424805,2.4655175399763696,0.017783480360217468,vit,dp_kfm_a,public,0.5,42,4,True
layer,blocks.3.attn.out_proj,attention_out,0.7202229917427382,0.006705334772741336,19221.296310424805,2.704344250600952,0.01950610859101412,vit,dp_kfm_a,public,0.5,42,4,True
layer,blocks.3.mlp.fc1,mlp_fc1,0.7200276821045779,0.026821339090965342,76885.18524169922,3.195958702370795,0.01152603214013677,vit,dp_kfm_a,public,0.5,42,4,True
layer,blocks.3.mlp.fc2,mlp_fc2,0.7199870903057624,0.026717111089316622,76586.4086151123,3.5835598890058002,0.01294907703719668,vit,dp_kfm_a,public,0.5,42,4,True
layer,blocks.4.attn.q_proj,attention_qkv,0.7203633242628875,0.006705334772741336,19221.296310424805,0.6564779990915485,0.00473509655253611,vit,dp_kfm_a,public,0.5,42,4,True
layer,blocks.4.attn.k_proj,attention_qkv,0.720187117052981,0.006705334772741336,19221.296310424805,0.9215025042956801,0.006646686312842254,vit,dp_kfm_a,public,0.5,42,4,True
layer,blocks.4.attn.v_proj,attention_qkv,0.7203080272604293,0.006705334772741336,19221.296310424805,2.362347465293288,0.017039327066987884,vit,dp_kfm_a,public,0.5,42,4,True
layer,blocks.4.attn.out_proj,attention_out,0.7199967344917888,0.006705334772741336,19221.296310424805,2.4713593089624992,0.017825616334652603,vit,dp_kfm_a,public,0.5,42,4,True
layer,blocks.4.mlp.fc1,mlp_fc1,0.7203637150669728,0.026821339090965342,76885.18524169922,2.7251196421985515,0.009827979491223836,vit,dp_kfm_a,public,0.5,42,4,True
layer,blocks.4.mlp.fc2,mlp_fc2,0.7202461830560332,0.026717111089316622,76586.4086151123,2.699190541855769,0.009753437181779557,vit,dp_kfm_a,public,0.5,42,4,True
layer,blocks.5.attn.q_proj,attention_qkv,0.7200409907049165,0.006705334772741336,19221.296310424805,0.4673543840010228,0.0033709707492989016,vit,dp_kfm_a,public,0.5,42,4,True
layer,blocks.5.attn.k_proj,attention_qkv,0.7202309973920714,0.006705334772741336,19221.296310424805,0.696926790441772,0.005026848801266056,vit,dp_kfm_a,public,0.5,42,4,True
layer,blocks.5.attn.v_proj,attention_qkv,0.720558193451212,0.006705334772741336,19221.296310424805,1.97378741794115,0.01423669035529848,vit,dp_kfm_a,public,0.5,42,4,True
layer,blocks.5.attn.out_proj,attention_out,0.7204049491245927,0.006705334772741336,19221.296310424805,1.8865989097825662,0.013607810171996387,vit,dp_kfm_a,public,0.5,42,4,True
layer,blocks.5.mlp.fc1,mlp_fc1,0.7202379826221452,0.026821339090965342,76885.18524169922,2.3664371986771897,0.008534412910071452,vit,dp_kfm_a,public,0.5,42,4,True
layer,blocks.5.mlp.fc2,mlp_fc2,0.7203240971216944,0.026717111089316622,76586.4086151123,2.1755109521263205,0.007861138026680049,vit,dp_kfm_a,public,0.5,42,4,True
layer,blocks.6.attn.q_proj,attention_qkv,0.7202208613130401,0.006705334772741336,19221.296310424805,0.40268082901580593,0.002904488205063557,vit,dp_kfm_a,public,0.5,42,4,True
layer,blocks.6.attn.k_proj,attention_qkv,0.7201840719279946,0.006705334772741336,19221.296310424805,0.6049483041673525,0.00436341908409627,vit,dp_kfm_a,public,0.5,42,4,True
layer,blocks.6.attn.v_proj,attention_qkv,0.7202548201165738,0.006705334772741336,19221.296310424805,1.8279067945936498,0.013184471030887825,vit,dp_kfm_a,public,0.5,42,4,True
layer,blocks.6.attn.out_proj,attention_out,0.719962343190145,0.006705334772741332,19221.2963104248,2.0252237995760245,0.014607694766247925,vit,dp_kfm_a,public,0.5,42,4,True
layer,blocks.6.mlp.fc1,mlp_fc1,0.7202566607983882,0.026821339090965342,76885.18524169922,2.192513562463907,0.007907167814746317,vit,dp_kfm_a,public,0.5,42,4,True
layer,blocks.6.mlp.fc2,mlp_fc2,0.7203912659039633,0.026717111089316622,76586.4086151123,1.9481091287532402,0.007039428938381828,vit,dp_kfm_a,public,0.5,42,4,True
layer,blocks.7.attn.q_proj,attention_qkv,0.720273981984567,0.006705334772741336,19221.296310424805,0.3410080170354649,0.002459649657850344,vit,dp_kfm_a,public,0.5,42,4,True
layer,blocks.7.attn.k_proj,attention_qkv,0.7204179946388986,0.006705334772741336,19221.296310424805,0.4947612886627188,0.0035686534438581496,vit,dp_kfm_a,public,0.5,42,4,True
layer,blocks.7.attn.v_proj,attention_qkv,0.7201141113989427,0.006705334772741336,19221.296310424805,1.643197815947564,0.01185218746735656,vit,dp_kfm_a,public,0.5,42,4,True
layer,blocks.7.attn.out_proj,attention_out,0.7197765280240245,0.006705334772741336,19221.296310424805,1.548447526894988,0.011168765071380619,vit,dp_kfm_a,public,0.5,42,4,True
layer,blocks.7.mlp.fc1,mlp_fc1,0.7204028388779861,0.026821339090965342,76885.18524169922,1.8429842274974855,0.006646611367081628,vit,dp_kfm_a,public,0.5,42,4,True
layer,blocks.7.mlp.fc2,mlp_fc2,0.7204245965478735,0.026717111089316622,76586.4086151123,1.6707597677166455,0.006037236048206211,vit,dp_kfm_a,public,0.5,42,4,True
layer,blocks.8.attn.q_proj,attention_qkv,0.7206737880622536,0.006705334772741336,19221.296310424805,0.3194847955547443,0.002304405259753433,vit,dp_kfm_a,public,0.5,42,4,True
layer,blocks.8.attn.k_proj,attention_qkv,0.7203447285562369,0.006705334772741336,19221.296310424805,0.4531962098766152,0.0032688495486197307,vit,dp_kfm_a,public,0.5,42,4,True
layer,blocks.8.attn.v_proj,attention_qkv,0.7202283005360899,0.006705334772741336,19221.296310424805,1.3780315035499813,0.009939574868884105,vit,dp_kfm_a,public,0.5,42,4,True
layer,blocks.8.attn.out_proj,attention_out,0.7202169661173586,0.006705334772741336,19221.296310424805,1.3230991263739067,0.009543354264158579,vit,dp_kfm_a,public,0.5,42,4,True
layer,blocks.8.mlp.fc1,mlp_fc1,0.7200970203037969,0.026821339090965342,76885.18524169922,1.6077003882342304,0.005798074403387017,vit,dp_kfm_a,public,0.5,42,4,True
layer,blocks.8.mlp.fc2,mlp_fc2,0.7200976418839367,0.026717111089316622,76586.40861511232,1.354018033283708,0.004892700098730208,vit,dp_kfm_a,public,0.5,42,4,True
layer,blocks.9.attn.q_proj,attention_qkv,0.7196558540480402,0.006705334772741336,19221.296310424805,0.3113441013160429,0.0022456874150148932,vit,dp_kfm_a,public,0.5,42,4,True
layer,blocks.9.attn.k_proj,attention_qkv,0.7200956350445776,0.006705334772741336,19221.296310424805,0.47652032252433235,0.0034370835572871995,vit,dp_kfm_a,public,0.5,42,4,True
layer,blocks.9.attn.v_proj,attention_qkv,0.7201607101884959,0.006705334772741336,19221.296310424805,1.1785396978704792,0.008500664558653758,vit,dp_kfm_a,public,0.5,42,4,True
layer,blocks.9.attn.out_proj,attention_out,0.7203085691858443,0.006705334772741336,19221.296310424805,1.0761439737129335,0.0077620965622794864,vit,dp_kfm_a,public,0.5,42,4,True
layer,blocks.9.mlp.fc1,mlp_fc1,0.7201468417633978,0.026821339090965342,76885.18524169922,1.3125466392254175,0.004733620224165668,vit,dp_kfm_a,public,0.5,42,4,True
layer,blocks.9.mlp.fc2,mlp_fc2,0.7202278156666991,0.026717111089316622,76586.4086151123,1.043094544995252,0.0037691881923509487,vit,dp_kfm_a,public,0.5,42,4,True
layer,blocks.10.attn.q_proj,attention_qkv,0.7199328571442011,0.006705334772741336,19221.296310424805,0.25674756884569777,0.0018518892176061373,vit,dp_kfm_a,public,0.5,42,4,True
layer,blocks.10.attn.k_proj,attention_qkv,0.7203891018350659,0.006705334772741336,19221.296310424805,0.4192030754597652,0.0030236611739752413,vit,dp_kfm_a,public,0.5,42,4,True
layer,blocks.10.attn.v_proj,attention_qkv,0.7202178616955927,0.006705334772741336,19221.296310424805,1.0052124731477878,0.007250476212081889,vit,dp_kfm_a,public,0.5,42,4,True
layer,blocks.10.attn.out_proj,attention_out,0.7198022294600731,0.006705334772741336,19221.296310424805,0.9253618078532134,0.006674523003478885,vit,dp_kfm_a,public,0.5,42,4,True
layer,blocks.10.mlp.fc1,mlp_fc1,0.7201755676324557,0.026821339090965342,76885.18524169922,1.0546484077264504,0.003803525819961864,vit,dp_kfm_a,public,0.5,42,4,True
layer,blocks.10.mlp.fc2,mlp_fc2,0.7202722445154176,0.026717111089316622,76586.4086151123,0.7983232089794003,0.0028847149353835155,vit,dp_kfm_a,public,0.5,42,4,True
layer,blocks.11.attn.q_proj,attention_qkv,0.7198910626733019,0.006705334772741336,19221.296310424805,0.3176516414476264,0.002291182940490802,vit,dp_kfm_a,public,0.5,42,4,True
layer,blocks.11.attn.k_proj,attention_qkv,0.7199437237185917,0.006705334772741336,19221.296310424805,0.4340756724599025,0.0031309354206066004,vit,dp_kfm_a,public,0.5,42,4,True
layer,blocks.11.attn.v_proj,attention_qkv,0.7199081170345749,0.006705334772741336,19221.296310424805,0.8851801801614892,0.006384697773963713,vit,dp_kfm_a,public,0.5,42,4,True
layer,blocks.11.attn.out_proj,attention_out,0.7204071930378086,0.006705334772741336,19221.296310424805,0.7829285952641053,0.005647169436671423,vit,dp_kfm_a,public,0.5,42,4,True
layer,blocks.11.mlp.fc1,mlp_fc1,0.7201071910652398,0.026821339090965342,76885.18524169922,0.7665479854149779,0.0027645090377094177,vit,dp_kfm_a,public,0.5,42,4,True
layer,blocks.11.mlp.fc2,mlp_fc2,0.7200982746017869,0.026717111089316622,76586.4086151123,0.7954529985458799,0.002874343523388797,vit,dp_kfm_a,public,0.5,42,4,True
layer,head,patch_head,0.7203114015309662,0.0003492361860802786,1001.1091828346252,2.782006378552246,0.08792601671346996,vit,dp_kfm_a,public,0.5,42,4,True
layer,cls_token,identity,0.7228234777706155,3.474266721627629e-05,99.59220886230469,0.16033696310558432,0.01606648863415214,vit,dp_kfm_a,public,0.5,42,4,True
layer,pos_embed,identity,0.7201746335969738,0.006844305441606457,19619.665145874023,0.495225938231414,0.0035355549217434877,vit,dp_kfm_a,public,0.5,42,4,True
layer,blocks.0.norm1.weight,identity,0.7147692961991168,3.474266721627629e-05,99.59220886230469,0.6512099928169859,0.06525418559381455,vit,dp_kfm_a,public,0.5,42,4,True
layer,blocks.0.norm1.bias,identity,0.7177438108972682,3.474266721627629e-05,99.59220886230469,0.4485295742023334,0.044944691270330614,vit,dp_kfm_a,public,0.5,42,4,True
layer,blocks.0.norm2.weight,identity,0.7209054923813855,3.474266721627629e-05,99.59220886230469,0.24947501677181957,0.024998524631091437,vit,dp_kfm_a,public,0.5,42,4,True
layer,blocks.0.norm2.bias,identity,0.713976861568668,3.474266721627629e-05,99.59220886230469,0.2276950549920753,0.02281607398709305,vit,dp_kfm_a,public,0.5,42,4,True
layer,blocks.1.norm1.weight,identity,0.7217680303782349,3.474266721627629e-05,99.59220886230469,0.3104693527023405,0.031110432864815754,vit,dp_kfm_a,public,0.5,42,4,True
layer,blocks.1.norm1.bias,identity,0.7184075345694566,3.474266721627629e-05,99.59220886230469,0.3122982932078069,0.031293700972646055,vit,dp_kfm_a,public,0.5,42,4,True
layer,blocks.1.norm2.weight,identity,0.71634014610284,3.474266721627629e-05,99.59220886230469,0.32316861582548034,0.03238295644689008,vit,dp_kfm_a,public,0.5,42,4,True
layer,blocks.1.norm2.bias,identity,0.7177526778204772,3.474266721627629e-05,99.59220886230469,0.28988675144550985,0.029047963158835403,vit,dp_kfm_a,public,0.5,42,4,True
layer,blocks.2.norm1.weight,identity,0.7207904211153019,3.474266721627629e-05,99.59220886230469,0.3056971010072785,0.03063223166820497,vit,dp_kfm_a,public,0.5,42,4,True
layer,blocks.2.norm1.bias,identity,0.7165788173709562,3.474266721627629e-05,99.59220886230469,0.3803643634246652,0.038114228955269835,vit,dp_kfm_a,public,0.5,42,4,True
layer,blocks.2.norm2.weight,identity,0.721345673364481,3.474266721627629e-05,99.59220886230469,0.2745720933625617,0.02751336517681188,vit,dp_kfm_a,public,0.5,42,4,True
layer,blocks.2.norm2.bias,identity,0.7146299605285329,3.474266721627629e-05,99.59220886230469,0.33582426031128143,0.033651109244290225,vit,dp_kfm_a,public,0.5,42,4,True
layer,blocks.3.norm1.weight,identity,0.7179256021757493,3.474266721627629e-05,99.59220886230469,0.2222566115215134,0.02227111736252655,vit,dp_kfm_a,public,0.5,42,4,True
layer,blocks.3.norm1.bias,identity,0.7228140904797462,3.474266721627629e-05,99.59220886230469,0.33692583489485717,0.03376149199810998,vit,dp_kfm_a,public,0.5,42,4,True
layer,blocks.3.norm2.weight,identity,0.7187955695977898,3.474266721627629e-05,99.59220886230469,0.24115317850630738,0.02416463881138774,vit,dp_kfm_a,public,0.5,42,4,True
layer,blocks.3.norm2.bias,identity,0.7227343624774015,3.474266721627629e-05,99.59220886230469,0.2728544170501466,0.027341246244183735,vit,dp_kfm_a,public,0.5,42,4,True
layer,blocks.4.norm1.weight,identity,0.723321156368762,3.474266721627629e-05,99.59220886230469,0.2147476583089988,0.021518686300427685,vit,dp_kfm_a,public,0.5,42,4,True
layer,blocks.4.norm1.bias,identity,0.7211191661998216,3.474266721627629e-05,99.59220886230469,0.3348689804551003,0.033555385883597244,vit,dp_kfm_a,public,0.5,42,4,True
layer,blocks.4.norm2.weight,identity,0.7155144264400678,3.474266721627629e-05,99.59220886230469,0.19079179155293716,0.019118200139890427,vit,dp_kfm_a,public,0.5,42,4,True
layer,blocks.4.norm2.bias,identity,0.7105361602840206,3.474266721627629e-05,99.59220886230469,0.247870135344507,0.024837708255929722,vit,dp_kfm_a,public,0.5,42,4,True
layer,blocks.5.norm1.weight,identity,0.7175520213472371,3.474266721627629e-05,99.59220886230469,0.17521424062531807,0.017557259106214296,vit,dp_kfm_a,public,0.5,42,4,True
layer,blocks.5.norm1.bias,identity,0.7224320260311429,3.474266721627629e-05,99.59220886230469,0.25472652499282095,0.02552474949846224,vit,dp_kfm_a,public,0.5,42,4,True
layer,blocks.5.norm2.weight,identity,0.7195890118007295,3.474266721627629e-05,99.59220886230469,0.16611748994547498,0.016645723558985744,vit,dp_kfm_a,public,0.5,42,4,True
layer,blocks.5.norm2.bias,identity,0.7156002394170525,3.474266721627629e-05,99.59220886230469,0.20016618833224767,0.020057557081605986,vit,dp_kfm_a,public,0.5,42,4,True
layer,blocks.6.norm1.weight,identity,0.7214029663086481,3.474266721627629e-05,99.59220886230469,0.15674753022477245,0.015706811230603957,vit,dp_kfm_a,public,0.5,42,4,True
layer,blocks.6.norm1.bias,identity,0.7174646537781068,3.474266721627629e-05,99.59220886230469,0.24910022842488566,0.024960969144199405,vit,dp_kfm_a,public,0.5,42,4,True
layer,blocks.6.norm2.weight,identity,0.7202530417467635,3.474266721627629e-05,99.59220886230469,0.13261246403285645,0.013288368476380286,vit,dp_kfm_a,public,0.5,42,4,True
layer,blocks.6.norm2.bias,identity,0.7175243603048599,3.474266721627629e-05,99.59220886230469,0.16107485295514534,0.016140428533297026,vit,dp_kfm_a,public,0.5,42,4,True
layer,blocks.7.norm1.weight,identity,0.7202680223285816,3.474266721627629e-05,99.59220886230469,0.1293886599044945,0.012965328726943637,vit,dp_kfm_a,public,0.5,42,4,True
layer,blocks.7.norm1.bias,identity,0.7182707382821932,3.474266721627629e-05,99.59220886230469,0.19515662918149593,0.01955557660499771,vit,dp_kfm_a,public,0.5,42,4,True
layer,blocks.7.norm2.weight,identity,0.7239550230985322,3.474266721627629e-05,99.59220886230469,0.08262858012371394,0.008279757316717826,vit,dp_kfm_a,public,0.5,42,4,True
layer,blocks.7.norm2.bias,identity,0.7194683338557825,3.474266721627629e-05,99.59220886230469,0.11258407288743963,0.011281433129311921,vit,dp_kfm_a,public,0.5,42,4,True
layer,blocks.8.norm1.weight,identity,0.7227894022030253,3.474266721627629e-05,99.59220886230469,0.14955773589017035,0.014986361331083853,vit,dp_kfm_a,public,0.5,42,4,True
layer,blocks.8.norm1.bias,identity,0.7139701420952558,3.474266721627629e-05,99.59220886230469,0.1692878608682332,0.016963409059633523,vit,dp_kfm_a,public,0.5,42,4,True
layer,blocks.8.norm2.weight,identity,0.7167200000669894,3.474266721627629e-05,99.59220886230469,0.060389500282254746,0.006051300967126653,vit,dp_kfm_a,public,0.5,42,4,True
layer,blocks.8.norm2.bias,identity,0.7200384726757901,3.474266721627629e-05,99.59220886230469,0.08915301604913099,0.008933535295354851,vit,dp_kfm_a,public,0.5,42,4,True
layer,blocks.9.norm1.weight,identity,0.7191444579580176,3.474266721627629e-05,99.59220886230469,0.1178153748032945,0.011805633233548357,vit,dp_kfm_a,public,0.5,42,4,True
layer,blocks.9.norm1.bias,identity,0.7196153249121182,3.474266721627629e-05,99.59220886230469,0.16829173537970574,0.01686359278190426,vit,dp_kfm_a,public,0.5,42,4,True
layer,blocks.9.norm2.weight,identity,0.7158513893531853,3.474266721627629e-05,99.59220886230469,0.14341551372679584,0.014370882899505288,vit,dp_kfm_a,public,0.5,42,4,True
layer,blocks.9.norm2.bias,identity,0.7202024983149212,3.474266721627629e-05,99.59220886230469,0.07600111532482254,0.007615655379134583,vit,dp_kfm_a,public,0.5,42,4,True
layer,blocks.10.norm1.weight,identity,0.7170528341705131,3.474266721627629e-05,99.59220886230469,0.10832721938707181,0.010854877162077642,vit,dp_kfm_a,public,0.5,42,4,True
layer,blocks.10.norm1.bias,identity,0.7180456441123483,3.474266721627629e-05,99.59220886230469,0.1431027579222766,0.014339543353830706,vit,dp_kfm_a,public,0.5,42,4,True
layer,blocks.10.norm2.weight,identity,0.7149465003565171,3.474266721627629e-05,99.59220886230469,0.13589056511042366,0.013616849025619913,vit,dp_kfm_a,public,0.5,42,4,True
layer,blocks.10.norm2.bias,identity,0.7163568163977728,3.474266721627629e-05,99.59220886230469,0.0634054444458641,0.006353512208298523,vit,dp_kfm_a,public,0.5,42,4,True
layer,blocks.11.norm1.weight,identity,0.7234839424204134,3.474266721627629e-05,99.59220886230469,0.09045532788952296,0.009064032829900263,vit,dp_kfm_a,public,0.5,42,4,True
layer,blocks.11.norm1.bias,identity,0.7200672173508642,3.474266721627629e-05,99.59220886230469,0.12142610193696622,0.012167444417510734,vit,dp_kfm_a,public,0.5,42,4,True
layer,blocks.11.norm2.weight,identity,0.7183092661681169,3.474266721627629e-05,99.59220886230469,0.04032393589742565,0.004040640693397942,vit,dp_kfm_a,public,0.5,42,4,True
layer,blocks.11.norm2.bias,identity,0.7148963748194893,3.474266721627629e-05,99.59220886230469,0.03801042499268722,0.0038088164406740706,vit,dp_kfm_a,public,0.5,42,4,True
layer,norm.weight,identity,0.7221380700062177,3.474266721627629e-05,99.59220886230469,0.03321249581762372,0.0033280422444716476,vit,dp_kfm_a,public,0.5,42,4,True
layer,norm.bias,identity,0.7244339099628196,3.474266721627629e-05,99.59220886230469,0.02355943608043209,0.002360762014458491,vit,dp_kfm_a,public,0.5,42,4,True
group,attention_out,attention_out,0.7201449903922315,0.08046401727289565,230655.55572509766,7.172995863677069,0.014935460599987304,vit,dp_kfm_a,public,0.5,42,4,True
group,attention_qkv,attention_qkv,0.7201919553565046,0.2413920518186876,691966.667175293,7.221797603593619,0.008681659040925186,vit,dp_kfm_a,public,0.5,42,4,True
group,identity,identity,0.7200974701865308,0.008616181469636556,24698.867797851562,1.7516186545443488,0.011145538052621593,vit,dp_kfm_a,public,0.5,42,4,True
group,mlp_fc1,mlp_fc1,0.7201932311139728,0.3218560690915826,922622.2229003906,8.086594617372118,0.008418868321632994,vit,dp_kfm_a,public,0.5,42,4,True
group,mlp_fc2,mlp_fc2,0.7201983089303216,0.3206053330717978,919036.9033813477,8.215589080419086,0.00856983052922345,vit,dp_kfm_a,public,0.5,42,4,True
group,patch_head,patch_head,0.7192045848668717,0.027066347275396748,77587.51779794693,5.735617184061904,0.020591321915808567,vit,dp_kfm_a,public,0.5,42,4,True
layer,patch_embed,patch_head,0.7199721713081255,0.026717111089316622,76586.4086151123,4.588257396142302,0.016579518782820574,vit,dp_kfm_a,public,0.5,42,5,True
layer,blocks.0.attn.q_proj,attention_qkv,0.7205588051732759,0.006705334772741336,19221.296310424805,0.6265215681160335,0.004519024432473082,vit,dp_kfm_a,public,0.5,42,5,True
layer,blocks.0.attn.k_proj,attention_qkv,0.7202669861211048,0.006705334772741336,19221.296310424805,0.8993079272078269,0.006486599507802145,vit,dp_kfm_a,public,0.5,42,5,True
layer,blocks.0.attn.v_proj,attention_qkv,0.7193881708863525,0.006705334772741336,19221.296310424805,2.601800971158424,0.018766476296183242,vit,dp_kfm_a,public,0.5,42,5,True
layer,blocks.0.attn.out_proj,attention_out,0.7206305376577965,0.006705334772741336,19221.296310424805,3.224133551023053,0.023255286062124805,vit,dp_kfm_a,public,0.5,42,5,True
layer,blocks.0.mlp.fc1,mlp_fc1,0.720271275151119,0.026821339090965342,76885.18524169922,2.8619807249462075,0.010321560724708885,vit,dp_kfm_a,public,0.5,42,5,True
layer,blocks.0.mlp.fc2,mlp_fc2,0.7202536498018041,0.026717111089316622,76586.4086151123,3.97735022006464,0.014372025583146267,vit,dp_kfm_a,public,0.5,42,5,True
layer,blocks.1.attn.q_proj,attention_qkv,0.720008015578631,0.006705334772741336,19221.296310424805,0.4056647654843283,0.0029260109785679837,vit,dp_kfm_a,public,0.5,42,5,True
layer,blocks.1.attn.k_proj,attention_qkv,0.7202634402495623,0.006705334772741336,19221.296310424805,0.5225933751980757,0.0037694029239409978,vit,dp_kfm_a,public,0.5,42,5,True
layer,blocks.1.attn.v_proj,attention_qkv,0.719968401858813,0.006705334772741336,19221.296310424805,1.9719972526730833,0.014223778109341985,vit,dp_kfm_a,public,0.5,42,5,True
layer,blocks.1.attn.out_proj,attention_out,0.7201863874399586,0.006705334772741336,19221.296310424805,2.0536712000276998,0.014812882431323898,vit,dp_kfm_a,public,0.5,42,5,True
layer,blocks.1.mlp.fc1,mlp_fc1,0.7198996589690773,0.026821339090965342,76885.18524169922,2.9777614681995743,0.010739116986295502,vit,dp_kfm_a,public,0.5,42,5,True
layer,blocks.1.mlp.fc2,mlp_fc2,0.7202962748311117,0.026717111089316622,76586.4086151123,2.441104027802959,0.008820849962298616,vit,dp_kfm_a,public,0.5,42,5,True
layer,blocks.2.attn.q_proj,attention_qkv,0.720074051309318,0.006705334772741336,19221.296310424805,0.5260063504444991,0.00379402030235367,vit,dp_kfm_a,public,0.5,42,5,True
layer,blocks.2.attn.k_proj,attention_qkv,0.7203149291586781,0.006705334772741336,19221.296310424805,0.6831299812739853,0.004927334082392327,vit,dp_kfm_a,public,0.5,42,5,True
layer,blocks.2.attn.v_proj,attention_qkv,0.7202589470452813,0.006705334772741336,19221.296310424805,2.6571724860180854,0.019165864348004494,vit,dp_kfm_a,public,0.5,42,5,True
layer,blocks.2.attn.out_proj,attention_out,0.7205489238787812,0.006705334772741336,19221.296310424805,2.956571690925168,0.021325394667298374,vit,dp_kfm_a,public,0.5,42,5,True
layer,blocks.2.mlp.fc1,mlp_fc1,0.720270559401616,0.026821339090965342,76885.18524169922,3.4135721194907616,0.012310841793024045,vit,dp_kfm_a,public,0.5,42,5,True
layer,blocks.2.mlp.fc2,mlp_fc2,0.7201339449109001,0.026717111089316622,76586.4086151123,3.3278792494382805,0.012025183366872664,vit,dp_kfm_a,public,0.5,42,5,True
layer,blocks.3.attn.q_proj,attention_qkv,0.7202444336647913,0.006705334772741336,19221.296310424805,0.5618611756234992,0.0040526368277083785,vit,dp_kfm_a,public,0.5,42,5,True
layer,blocks.3.attn.k_proj,attention_qkv,0.7200690271837293,0.006705334772741336,19221.296310424805,0.7366603220061896,0.005313441967512475,vit,dp_kfm_a,public,0.5,42,5,True
layer,blocks.3.attn.v_proj,attention_qkv,0.7200661802194853,0.006705334772741336,19221.296310424805,2.4042712703537887,0.017341718411535416,vit,dp_kfm_a,public,0.5,42,5,True
layer,blocks.3.attn.out_proj,attention_out,0.7203321827500281,0.006705334772741336,19221.296310424805,2.6784803867065214,0.01931955566322179,vit,dp_kfm_a,public,0.5,42,5,True
layer,blocks.3.mlp.fc1,mlp_fc1,0.7202485199847545,0.026821339090965342,76885.18524169922,3.1781771814442714,0.01146190415827405,vit,dp_kfm_a,public,0.5,42,5,True
layer,blocks.3.mlp.fc2,mlp_fc2,0.720348516882178,0.026717111089316622,76586.4086151123,3.479571146634726,0.012573317100800632,vit,dp_kfm_a,public,0.5,42,5,True
layer,blocks.4.attn.q_proj,attention_qkv,0.7203900933743075,0.006705334772741336,19221.296310424805,0.6386588473057957,0.004606569161966132,vit,dp_kfm_a,public,0.5,42,5,True
layer,blocks.4.attn.k_proj,attention_qkv,0.720316177015383,0.006705334772741336,19221.296310424805,0.8971310747546113,0.0064708981338629365,vit,dp_kfm_a,public,0.5,42,5,True
layer,blocks.4.attn.v_proj,attention_qkv,0.7205983693061563,0.006705334772741336,19221.296310424805,2.3521363515537335,0.016965675536346134,vit,dp_kfm_a,public,0.5,42,5,True
layer,blocks.4.attn.out_proj,attention_out,0.7198554733057303,0.006705334772741336,19221.296310424805,2.4856844182259903,0.017928941618336303,vit,dp_kfm_a,public,0.5,42,5,True
layer,blocks.4.mlp.fc1,mlp_fc1,0.7202869937268882,0.026821339090965342,76885.18524169922,2.6882550742963156,0.009695029652366967,vit,dp_kfm_a,public,0.5,42,5,True
layer,blocks.4.mlp.fc2,mlp_fc2,0.7201677731119249,0.026717111089316622,76586.4086151123,2.674975535740818,0.00966593704522522,vit,dp_kfm_a,public,0.5,42,5,True
layer,blocks.5.attn.q_proj,attention_qkv,0.7203224213607637,0.006705334772741336,19221.296310424805,0.4492227977682956,0.0032401898067823134,vit,dp_kfm_a,public,0.5,42,5,True
layer,blocks.5.attn.k_proj,attention_qkv,0.7205758132703934,0.006705334772741336,19221.296310424805,0.6748095850119253,0.004867320068654265,vit,dp_kfm_a,public,0.5,42,5,True
layer,blocks.5.attn.v_proj,attention_qkv,0.7200439790165436,0.006705334772741336,19221.296310424805,1.9666910108606606,0.014185504827757996,vit,dp_kfm_a,public,0.5,42,5,True
layer,blocks.5.attn.out_proj,attention_out,0.7202869661143559,0.006705334772741336,19221.296310424805,1.8651804779717864,0.013453321609137784,vit,dp_kfm_a,public,0.5,42,5,True
layer,blocks.5.mlp.fc1,mlp_fc1,0.7203234832928649,0.026821339090965342,76885.18524169922,2.2942413494241967,0.008274042937750725,vit,dp_kfm_a,public,0.5,42,5,True
layer,blocks.5.mlp.fc2,mlp_fc2,0.7202568458681831,0.026717111089316622,76586.4086151123,2.1299986587483515,0.007696680835689912,vit,dp_kfm_a,public,0.5,42,5,True
layer,blocks.6.attn.q_proj,attention_qkv,0.7203434736272899,0.006705334772741336,19221.296310424805,0.38995921555682816,0.0028127287430318305,vit,dp_kfm_a,public,0.5,42,5,True
layer,blocks.6.attn.k_proj,attention_qkv,0.7201627869256603,0.006705334772741336,19221.296310424805,0.5920959676086858,0.004270716732128359,vit,dp_kfm_a,public,0.5,42,5,True
layer,blocks.6.attn.v_proj,attention_qkv,0.7198506016482681,0.006705334772741336,19221.296310424805,1.7826319633742709,0.012857909139217126,vit,dp_kfm_a,public,0.5,42,5,True
layer,blocks.6.attn.out_proj,attention_out,0.7200391886903135,0.006705334772741336,19221.296310424805,1.9868097946394432,0.014330619186264994,vit,dp_kfm_a,public,0.5,42,5,True
layer,blocks.6.mlp.fc1,mlp_fc1,0.7203887963407049,0.026821339090965342,76885.18524169922,2.1189597494425016,0.0076419004280665675,vit,dp_kfm_a,public,0.5,42,5,True
layer,blocks.6.mlp.fc2,mlp_fc2,0.7200892582406996,0.026717111089316622,76586.4086151123,1.8805020785351265,0.006795133062591444,vit,dp_kfm_a,public,0.5,42,5,True
layer,blocks.7.attn.q_proj,attention_qkv,0.7203599339676944,0.006705334772741336,19221.296310424805,0.3248669327306164,0.0023432259654313304,vit,dp_kfm_a,public,0.5,42,5,True
layer,blocks.7.attn.k_proj,attention_qkv,0.7200707794406181,0.006705334772741336,19221.296310424805,0.4736627469500042,0.003416472209657366,vit,dp_kfm_a,public,0.5,42,5,True
layer,blocks.7.attn.v_proj,attention_qkv,0.7198605006796911,0.006705334772741336,19221.296310424805,1.5714064885371344,0.011334365289928648,vit,dp_kfm_a,public,0.5,42,5,True
layer,blocks.7.attn.out_proj,attention_out,0.7199195779133153,0.006705334772741336,19221.296310424805,1.4571909430977834,0.010510542349625536,vit,dp_kfm_a,public,0.5,42,5,True
layer,blocks.7.mlp.fc1,mlp_fc1,0.7200575496471053,0.026821339090965342,76885.18524169922,1.733459597193801,0.006251617399205746,vit,dp_kfm_a,public,0.5,42,5,True
layer,blocks.7.mlp.fc2,mlp_fc2,0.7199585925488518,0.026717111089316622,76586.4086151123,1.5499144215629905,0.0056005653226153815,vit,dp_kfm_a,public,0.5,42,5,True
layer,blocks.8.attn.q_proj,attention_qkv,0.7202446982348876,0.006705334772741336,19221.296310424805,0.29588322694955854,0.0021341699947612937,vit,dp_kfm_a,public,0.5,42,5,True
layer,blocks.8.attn.k_proj,attention_qkv,0.7201242375346609,0.006705334772741336,19221.296310424805,0.4186514797391036,0.003019682580634851,vit,dp_kfm_a,public,0.5,42,5,True
layer,blocks.8.attn.v_proj,attention_qkv,0.720292240762501,0.006705334772741336,19221.296310424805,1.2707161627892332,0.009165522271883672,vit,dp_kfm_a,public,0.5,42,5,True
layer,blocks.8.attn.out_proj,attention_out,0.7203562993886888,0.006705334772741336,19221.296310424805,1.209922317408859,0.008727023604640614,vit,dp_kfm_a,public,0.5,42,5,True
layer,blocks.8.mlp.fc1,mlp_fc1,0.7201944074784472,0.026821339090965342,76885.18524169922,1.4752578776740464,0.00532042848377464,vit,dp_kfm_a,public,0.5,42,5,True
layer,blocks.8.mlp.fc2,mlp_fc2,0.7203632895034369,0.026717111089316622,76586.4086151123,1.2225878965109003,0.004417781576703621,vit,dp_kfm_a,public,0.5,42,5,True
layer,blocks.9.attn.q_proj,attention_qkv,0.7202830613452191,0.006705334772741336,19221.296310424805,0.2883050352676049,0.002079509413055077,vit,dp_kfm_a,public,0.5,42,5,True
layer,blocks.9.attn.k_proj,attention_qkv,0.7199318116763611,0.006705334772741336,19221.296310424805,0.4429747897467692,0.0031951236792290816,vit,dp_kfm_a,public,0.5,42,5,True
layer,blocks.9.attn.v_proj,attention_qkv,0.7201015829371414,0.006705334772741336,19221.296310424805,1.0689505813800129,0.007710211491822008,vit,dp_kfm_a,public,0.5,42,5,True
layer,blocks.9.attn.out_proj,attention_out,0.7204902824724375,0.006705334772741336,19221.296310424805,0.9592069989987424,0.0069186442811681554,vit,dp_kfm_a,public,0.5,42,5,True
layer,blocks.9.mlp.fc1,mlp_fc1,0.7202611446921118,0.026821339090965342,76885.18524169922,1.166046478706204,0.004205276238548128,vit,dp_kfm_a,public,0.5,42,5,True
layer,blocks.9.mlp.fc2,mlp_fc2,0.7201299555402649,0.026717111089316622,76586.4086151123,0.9192840991047662,0.0033218031753559176,vit,dp_kfm_a,public,0.5,42,5,True
layer,blocks.10.attn.q_proj,attention_qkv,0.7203215151637841,0.006705334772741336,19221.296310424805,0.233956504864365,0.0016875000246156977,vit,dp_kfm_a,public,0.5,42,5,True
layer,blocks.10.attn.k_proj,attention_qkv,0.720707166064649,0.006705334772741336,19221.296310424805,0.38629732796271093,0.0027863159899057946,vit,dp_kfm_a,public,0.5,42,5,True
layer,blocks.10.attn.v_proj,attention_qkv,0.7203913783965179,0.006705334772741336,19221.296310424805,0.8965389254060008,0.006466627032100084,vit,dp_kfm_a,public,0.5,42,5,True
layer,blocks.10.attn.out_proj,attention_out,0.7196650705104465,0.006705334772741336,19221.296310424805,0.8140236707606482,0.005871454462198984,vit,dp_kfm_a,public,0.5,42,5,True
layer,blocks.10.mlp.fc1,mlp_fc1,0.7202542458023125,0.026821339090965342,76885.18524169922,0.9256856439350921,0.0033384293970207903,vit,dp_kfm_a,public,0.5,42,5,True
layer,blocks.10.mlp.fc2,mlp_fc2,0.7202926404052898,0.026717111089316622,76586.4086151123,0.6847740188811366,0.0024744086322560856,vit,dp_kfm_a,public,0.5,42,5,True
layer,blocks.11.attn.q_proj,attention_qkv,0.7203368125190189,0.006705334772741336,19221.296310424805,0.2784293408252641,0.0020082772213098265,vit,dp_kfm_a,public,0.5,42,5,True
layer,blocks.11.attn.k_proj,attention_qkv,0.7203929291374566,0.006705334772741336,19221.296310424805,0.38051630511640133,0.0027446181700434787,vit,dp_kfm_a,public,0.5,42,5,True
layer,blocks.11.attn.v_proj,attention_qkv,0.7205919297585188,0.006705334772741336,19221.296310424805,0.7511015740345597,0.005417604974937652,vit,dp_kfm_a,public,0.5,42,5,True
layer,blocks.11.attn.out_proj,attention_out,0.720322077808927,0.006705334772741336,19221.296310424805,0.6598104037587713,0.004759132785088086,vit,dp_kfm_a,public,0.5,42,5,True
layer,blocks.11.mlp.fc1,mlp_fc1,0.720161956808177,0.026821339090965342,76885.18524169922,0.6544951499597889,0.0023603972505665187,vit,dp_kfm_a,public,0.5,42,5,True
layer,blocks.11.mlp.fc2,mlp_fc2,0.7201778081413993,0.026717111089316622,76586.4086151123,0.6861553664782231,0.0024794000868442177,vit,dp_kfm_a,public,0.5,42,5,True
layer,head,patch_head,0.7181151049692547,0.0003492361860802786,1001.1091828346251,2.3391511524594084,0.07392946504799541,vit,dp_kfm_a,public,0.5,42,5,True
layer,cls_token,identity,0.7207425993548757,3.474266721627629e-05,99.59220886230469,0.15293152869534768,0.01532443062408068,vit,dp_kfm_a,public,0.5,42,5,True
layer,pos_embed,identity,0.7203343699700097,0.006844305441606457,19619.665145874023,0.46538621928532686,0.003322520916376062,vit,dp_kfm_a,public,0.5,42,5,True
layer,blocks.0.norm1.weight,identity,0.721700581434986,3.474266721627629e-05,99.59220886230469,0.6145416848624451,0.06157985534847195,vit,dp_kfm_a,public,0.5,42,5,True
layer,blocks.0.norm1.bias,identity,0.7217209000792877,3.474266721627629e-05,99.59220886230469,0.4327731761786446,0.04336582894900756,vit,dp_kfm_a,public,0.5,42,5,True
layer,blocks.0.norm2.weight,identity,0.72145301035746,3.474266721627629e-05,99.59220886230469,0.24053739002814453,0.024102934021713443,vit,dp_kfm_a,public,0.5,42,5,True
layer,blocks.0.norm2.bias,identity,0.714175097155697,3.474266721627629e-05,99.59220886230469,0.21927292603323217,0.021972138586473622,vit,dp_kfm_a,public,0.5,42,5,True
layer,blocks.1.norm1.weight,identity,0.7201260556350098,3.474266721627629e-05,99.59220886230469,0.2978264060368771,0.029843552446424042,vit,dp_kfm_a,public,0.5,42,5,True
layer,blocks.1.norm1.bias,identity,0.7198292697663107,3.474266721627629e-05,99.59220886230469,0.29694754971134896,0.02975548706903598,vit,dp_kfm_a,public,0.5,42,5,True
layer,blocks.1.norm2.weight,identity,0.7219071410756541,3.474266721627629e-05,99.59220886230469,0.3040834533131613,0.030470536873474577,vit,dp_kfm_a,public,0.5,42,5,True
layer,blocks.1.norm2.bias,identity,0.7202009784704063,3.474266721627629e-05,99.59220886230469,0.28424702583269024,0.02848283715355841,vit,dp_kfm_a,public,0.5,42,5,True
layer,blocks.2.norm1.weight,identity,0.7147536825910189,3.474266721627629e-05,99.59220886230469,0.29820218648131824,0.02988120734597189,vit,dp_kfm_a,public,0.5,42,5,True
layer,blocks.2.norm1.bias,identity,0.7203985732710589,3.474266721627629e-05,99.59220886230469,0.3716003197228234,0.03723603215150396,vit,dp_kfm_a,public,0.5,42,5,True
layer,blocks.2.norm2.weight,identity,0.721578451930332,3.474266721627629e-05,99.59220886230469,0.2710349903546297,0.027158931463125126,vit,dp_kfm_a,public,0.5,42,5,True
layer,blocks.2.norm2.bias,identity,0.7190201493579259,3.474266721627629e-05,99.59220886230469,0.33240894390242137,0.03330887909846384,vit,dp_kfm_a,public,0.5,42,5,True
layer,blocks.3.norm1.weight,identity,0.71851678759155,3.474266721627629e-05,99.59220886230469,0.2129077275968164,0.02133431692419443,vit,dp_kfm_a,public,0.5,42,5,True
layer,blocks.3.norm1.bias,identity,0.7173638231745778,3.474266721627629e-05,99.59220886230469,0.3249578780717927,0.03256224861375592,vit,dp_kfm_a,public,0.5,42,5,True
layer,blocks.3.norm2.weight,identity,0.7194469351673098,3.474266721627629e-05,99.59220886230469,0.2352922686552198,0.023577349145396723,vit,dp_kfm_a,public,0.5,42,5,True
layer,blocks.3.norm2.bias,identity,0.7214167067866659,3.474266721627629e-05,99.59220886230469,0.27453914419415437,0.02751006352116451,vit,dp_kfm_a,public,0.5,42,5,True
layer,blocks.4.norm1.weight,identity,0.7194166310675911,3.474266721627629e-05,99.59220886230469,0.21515052006899574,0.02155905487023689,vit,dp_kfm_a,public,0.5,42,5,True
layer,blocks.4.norm1.bias,identity,0.7180620483013157,3.474266721627629e-05,99.59220886230469,0.33418987725259425,0.033487336672279135,vit,dp_kfm_a,public,0.5,42,5,True
layer,blocks.4.norm2.weight,identity,0.7166136360928212,3.474266721627629e-05,99.59220886230469,0.18970781913894996,0.019009581203048076,vit,dp_kfm_a,public,0.5,42,5,True
layer,blocks.4.norm2.bias,identity,0.7211923070394939,3.474266721627629e-05,99.59220886230469,0.2440531335086628,0.024455227414180564,vit,dp_kfm_a,public,0.5,42,5,True
layer,blocks.5.norm1.weight,identity,0.7161909802410248,3.474266721627629e-05,99.59220886230469,0.17319618369839962,0.017355040677903086,vit,dp_kfm_a,public,0.5,42,5,True
layer,blocks.5.norm1.bias,identity,0.7217660613756091,3.474266721627629e-05,99.59220886230469,0.2545434826004042,0.025506407823153155,vit,dp_kfm_a,public,0.5,42,5,True
layer,blocks.5.norm2.weight,identity,0.7176578472853912,3.474266721627629e-05,99.59220886230469,0.15764217012009782,0.015796458193047907,vit,dp_kfm_a,public,0.5,42,5,True
layer,blocks.5.norm2.bias,identity,0.7241689516287614,3.474266721627629e-05,99.59220886230469,0.19634426777192585,0.019674583361425135,vit,dp_kfm_a,public,0.5,42,5,True
layer,blocks.6.norm1.weight,identity,0.719698586702706,3.474266721627629e-05,99.59220886230469,0.15321816528172813,0.01535315290600506,vit,dp_kfm_a,public,0.5,42,5,True
layer,blocks.6.norm1.bias,identity,0.7213602509681853,3.474266721627629e-05,99.59220886230469,0.2497927024016936,0.025030358167555816,vit,dp_kfm_a,public,0.5,42,5,True
layer,blocks.6.norm2.weight,identity,0.7202068836797184,3.474266721627629e-05,99.59220886230469,0.126303735498093,0.012656205353563862,vit,dp_kfm_a,public,0.5,42,5,True
layer,blocks.6.norm2.bias,identity,0.7179837764468324,3.474266721627629e-05,99.59220886230469,0.15555289649896117,0.01558710352998422,vit,dp_kfm_a,public,0.5,42,5,True
layer,blocks.7.norm1.weight,identity,0.717847603023422,3.474266721627629e-05,99.59220886230469,0.12310792668826595,0.012335970861619567,vit,dp_kfm_a,public,0.5,42,5,True
layer,blocks.7.norm1.bias,identity,0.7203717942138457,3.474266721627629e-05,99.59220886230469,0.1871865755944932,0.01875694120060354,vit,dp_kfm_a,public,0.5,42,5,True
layer,blocks.7.norm2.weight,identity,0.7201997177724552,3.474266721627629e-05,99.59220886230469,0.07776670516591232,0.007792575463967192,vit,dp_kfm_a,public,0.5,42,5,True
layer,blocks.7.norm2.bias,identity,0.7107371898169971,3.474266721627629e-05,99.59220886230469,0.1077064850579153,0.010792676775772139,vit,dp_kfm_a,public,0.5,42,5,True
layer,blocks.8.norm1.weight,identity,0.7219412728081674,3.474266721627629e-05,99.59220886230469,0.14244752184815332,0.014273885736686887,vit,dp_kfm_a,public,0.5,42,5,True
layer,blocks.8.norm1.bias,identity,0.7189042910473773,3.474266721627629e-05,99.59220886230469,0.16179089869393593,0.016212179553779064,vit,dp_kfm_a,public,0.5,42,5,True
layer,blocks.8.norm2.weight,identity,0.7211654710195654,3.474266721627629e-05,99.59220886230469,0.05560485045733247,0.005571857421848263,vit,dp_kfm_a,public,0.5,42,5,True
layer,blocks.8.norm2.bias,identity,0.7236843898814884,3.474266721627629e-05,99.59220886230469,0.08273474038924283,0.008290395055305872,vit,dp_kfm_a,public,0.5,42,5,True
layer,blocks.9.norm1.weight,identity,0.723704297857399,3.474266721627629e-05,99.59220886230469,0.11411616629266624,0.011434955815564399,vit,dp_kfm_a,public,0.5,42,5,True
layer,blocks.9.norm1.bias,identity,0.7230408708362622,3.474266721627629e-05,99.59220886230469,0.15801811785879114,0.015834129856236223,vit,dp_kfm_a,public,0.5,42,5,True
layer,blocks.9.norm2.weight,identity,0.7206778388738863,3.474266721627629e-05,99.59220886230469,0.13234213559053032,0.013261280344224125,vit,dp_kfm_a,public,0.5,42,5,True
layer,blocks.9.norm2.bias,identity,0.7146484210582352,3.474266721627629e-05,99.59220886230469,0.06790525458663389,0.006804413529380126,vit,dp_kfm_a,public,0.5,42,5,True
layer,blocks.10.norm1.weight,identity,0.7204263562675522,3.474266721627629e-05,99.59220886230469,0.09548457905886552,0.009567986535804809,vit,dp_kfm_a,public,0.5,42,5,True
layer,blocks.10.norm1.bias,identity,0.7230556074683262,3.474266721627629e-05,99.59220886230469,0.1295639240796268,0.012982890989713225,vit,dp_kfm_a,public,0.5,42,5,True
layer,blocks.10.norm2.weight,identity,0.7184055777420345,3.474266721627629e-05,99.59220886230469,0.12065614297230133,0.012090291048038432,vit,dp_kfm_a,public,0.5,42,5,True
layer,blocks.10.norm2.bias,identity,0.7172074256274389,3.474266721627629e-05,99.59220886230469,0.055807642927717435,0.0055921781442657475,vit,dp_kfm_a,public,0.5,42,5,True
layer,blocks.11.norm1.weight,identity,0.7183710468360317,3.474266721627629e-05,99.59220886230469,0.08088903730144087,0.008105447260936944,vit,dp_kfm_a,public,0.5,42,5,True
layer,blocks.11.norm1.bias,identity,0.7209825591527209,3.474266721627629e-05,99.59220886230469,0.10735853261155259,0.01075781036745036,vit,dp_kfm_a,public,0.5,42,5,True
layer,blocks.11.norm2.weight,identity,0.7197931328392503,3.474266721627629e-05,99.59220886230469,0.03543909426333261,0.0035511574758437517,vit,dp_kfm_a,public,0.5,42,5,True
layer,blocks.11.norm2.bias,identity,0.7209325145245681,3.474266721627629e-05,99.59220886230469,0.032381456553380074,0.0032447683528194,vit,dp_kfm_a,public,0.5,42,5,True
layer,norm.weight,identity,0.7166176423566436,3.474266721627629e-05,99.59220886230469,0.02774766389589593,0.0027804413777883156,vit,dp_kfm_a,public,0.5,42,5,True
layer,norm.bias,identity,0.7191769596066663,3.474266721627629e-05,99.59220886230469,0.020800087661741972,0.0020842628270730038,vit,dp_kfm_a,public,0.5,42,5,True
group,attention_out,attention_out,0.72023229129501,0.08046401727289565,230655.55572509766,7.064579129114488,0.014709717563435695,vit,dp_kfm_a,public,0.5,42,5,True
group,attention_qkv,attention_qkv,0.7202350985882062,0.2413920518186876,691966.667175293,7.057615530284332,0.00848428812867556,vit,dp_kfm_a,public,0.5,42,5,True
group,identity,identity,0.7203857461831266,0.008616181469636556,24698.867797851562,1.6853383263235482,0.010723796757272488,vit,dp_kfm_a,public,0.5,42,5,True
group,mlp_fc1,mlp_fc1,0.7202202759482761,0.3218560690915826,922622.2229003906,7.985585447653223,0.00831370874094695,vit,dp_kfm_a,public,0.5,42,5,True
group,mlp_fc2,mlp_fc2,0.7202096017821491,0.3206053330717978,919036.9033813477,8.128437314262356,0.00847892093540433,vit,dp_kfm_a,public,0.5,42,5,True
group,patch_head,patch_head,0.7199502122583414,0.027066347275396748,77587.51779794693,5.156320888814229,0.018511602137224498,vit,dp_kfm_a,public,0.5,42,5,True
