level,layer,group,noise_rms,noise_energy_share,expected_noise_energy,signal_norm,snr,damping,lambda,task,method,source,beta,seed,epoch,research_only
layer,patch_embed,patch_head,0.7203334770880521,0.026717111089316622,76586.4086151123,3.8224665736685863,0.013812358567356338,0.001,0.001,vit,dp_kfm_a,pink,0.4,42,1,True
layer,blocks.0.attn.q_proj,attention_qkv,0.719957013152019,0.006705334772741336,19221.296310424805,0.4387804701810368,0.0031648705585709375,0.001,0.001,vit,dp_kfm_a,pink,0.4,42,1,True
layer,blocks.0.attn.k_proj,attention_qkv,0.719974188440913,0.006705334772741336,19221.296310424805,0.6951463445456575,0.005014006659966067,0.001,0.001,vit,dp_kfm_a,pink,0.4,42,1,True
layer,blocks.0.attn.v_proj,attention_qkv,0.720264873202541,0.006705334772741336,19221.296310424805,1.653323705778962,0.01192522428823764,0.001,0.001,vit,dp_kfm_a,pink,0.4,42,1,True
layer,blocks.0.attn.out_proj,attention_out,0.7204705433828961,0.006705334772741336,19221.296310424805,1.8348750473542628,0.013234732196790767,0.001,0.001,vit,dp_kfm_a,pink,0.4,42,1,True
layer,blocks.0.mlp.fc1,mlp_fc1,0.7202590976160491,0.026821339090965342,76885.18524169922,2.273495726284197,0.00819922510017935,0.001,0.001,vit,dp_kfm_a,pink,0.4,42,1,True
layer,blocks.0.mlp.fc2,mlp_fc2,0.7201948064636509,0.026717111089316622,76586.4086151123,3.802513577264747,0.013740259064192207,0.001,0.001,vit,dp_kfm_a,pink,0.4,42,1,True
layer,blocks.1.attn.q_proj,attention_qkv,0.7204626157364713,0.006705334772741336,19221.296310424805,0.28788817415026247,0.002076502644142264,0.001,0.001,vit,dp_kfm_a,pink,0.4,42,1,True
layer,blocks.1.attn.k_proj,attention_qkv,0.7204347129231814,0.006705334772741336,19221.296310424805,0.4282444740826395,0.0030888756906970773,0.001,0.001,vit,dp_kfm_a,pink,0.4,42,1,True
layer,blocks.1.attn.v_proj,attention_qkv,0.7198569667305573,0.006705334772741336,19221.296310424805,1.7688798096752119,0.012758716514848183,0.001,0.001,vit,dp_kfm_a,pink,0.4,42,1,True
layer,blocks.1.attn.out_proj,attention_out,0.7203507192510985,0.006705334772741336,19221.296310424805,2.4604737235472434,0.017747099921241252,0.001,0.001,vit,dp_kfm_a,pink,0.4,42,1,True
layer,blocks.1.mlp.fc1,mlp_fc1,0.72013623099884,0.026821339090965342,76885.18524169922,3.173975643895343,0.011446751566724284,0.001,0.001,vit,dp_kfm_a,pink,0.4,42,1,True
layer,blocks.1.mlp.fc2,mlp_fc2,0.7202251631324985,0.026717111089316622,76586.4086151123,2.7311608011595565,0.009868960673348385,0.001,0.001,vit,dp_kfm_a,pink,0.4,42,1,True
layer,blocks.2.attn.q_proj,attention_qkv,0.7200730195598569,0.006705334772741336,19221.296310424805,0.44359563373813454,0.0031996017519858935,0.001,0.001,vit,dp_kfm_a,pink,0.4,42,1,True
layer,blocks.2.attn.k_proj,attention_qkv,0.7204323889354914,0.006705334772741336,19221.296310424805,0.5758629796159697,0.004153630149504055,0.001,0.001,vit,dp_kfm_a,pink,0.4,42,1,True
layer,blocks.2.attn.v_proj,attention_qkv,0.7198705193731925,0.006705334772741336,19221.296310424805,2.468380748807994,0.01780413233985208,0.001,0.001,vit,dp_kfm_a,pink,0.4,42,1,True
layer,blocks.2.attn.out_proj,attention_out,0.7202770502078659,0.006705334772741336,19221.296310424805,2.7573579159234574,0.019888489758781026,0.001,0.001,vit,dp_kfm_a,pink,0.4,42,1,True
layer,blocks.2.mlp.fc1,mlp_fc1,0.7203162637410131,0.026821339090965342,76885.18524169922,3.3777081683431294,0.012181500618091706,0.001,0.001,vit,dp_kfm_a,pink,0.4,42,1,True
layer,blocks.2.mlp.fc2,mlp_fc2,0.7204015837900013,0.026717111089316622,76586.4086151123,3.185369269319914,0.011510228191494215,0.001,0.001,vit,dp_kfm_a,pink,0.4,42,1,True
layer,blocks.3.attn.q_proj,attention_qkv,0.7199517395754328,0.006705334772741336,19221.296310424805,0.528569723161058,0.0038125096002887687,0.001,0.001,vit,dp_kfm_a,pink,0.4,42,1,True
layer,blocks.3.attn.k_proj,attention_qkv,0.7204435004011762,0.006705334772741336,19221.296310424805,0.6998907375785287,0.005048227394133721,0.001,0.001,vit,dp_kfm_a,pink,0.4,42,1,True
layer,blocks.3.attn.v_proj,attention_qkv,0.7200526172631798,0.006705334772741336,19221.296310424805,2.4284656890427874,0.017516229832608813,0.001,0.001,vit,dp_kfm_a,pink,0.4,42,1,True
layer,blocks.3.attn.out_proj,attention_out,0.720845905916978,0.006705334772741336,19221.296310424805,2.5097367075739094,0.01810242787763143,0.001,0.001,vit,dp_kfm_a,pink,0.4,42,1,True
layer,blocks.3.mlp.fc1,mlp_fc1,0.7201196607483328,0.026821339090965342,76885.18524169922,3.2314942778718536,0.011654189048121722,0.001,0.001,vit,dp_kfm_a,pink,0.4,42,1,True
layer,blocks.3.mlp.fc2,mlp_fc2,0.7203536409824074,0.026717111089316622,76586.4086151123,3.149097700446378,0.011379162057774974,0.001,0.001,vit,dp_kfm_a,pink,0.4,42,1,True
layer,blocks.4.attn.q_proj,attention_qkv,0.7201937814420339,0.006705334772741336,19221.296310424805,0.6731633544644853,0.004855446006460789,0.001,0.001,vit,dp_kfm_a,pink,0.4,42,1,True
layer,blocks.4.attn.k_proj,attention_qkv,0.7205583007157224,0.006705334772741336,19221.296310424805,1.0134048248414034,0.007309566655806257,0.001,0.001,vit,dp_kfm_a,pink,0.4,42,1,True
layer,blocks.4.attn.v_proj,attention_qkv,0.7201384573048332,0.006705334772741336,19221.296310424805,2.003648283349587,0.014452073172463565,0.001,0.001,vit,dp_kfm_a,pink,0.4,42,1,True
layer,blocks.4.attn.out_proj,attention_out,0.7205432755009006,0.006705334772741336,19221.296310424805,2.0757443293279016,0.014972093248133738,0.001,0.001,vit,dp_kfm_a,pink,0.4,42,1,True
layer,blocks.4.mlp.fc1,mlp_fc1,0.7202674026233329,0.026821339090965342,76885.18524169922,2.9632294106790305,0.010686707998056749,0.001,0.001,vit,dp_kfm_a,pink,0.4,42,1,True
layer,blocks.4.mlp.fc2,mlp_fc2,0.7201106133884918,0.026717111089316622,76586.4086151123,2.867100992193022,0.010360176129672716,0.001,0.001,vit,dp_kfm_a,pink,0.4,42,1,True
layer,blocks.5.attn.q_proj,attention_qkv,0.7201264074988639,0.006705334772741336,19221.296310424805,0.46644001274873687,0.0033643754998458684,0.001,0.001,vit,dp_kfm_a,pink,0.4,42,1,True
layer,blocks.5.attn.k_proj,attention_qkv,0.7199144586092617,0.006705334772741336,19221.296310424805,0.6929459513618952,0.004998135489579432,0.001,0.001,vit,dp_kfm_a,pink,0.4,42,1,True
layer,blocks.5.attn.v_proj,attention_qkv,0.7203560447311339,0.006705334772741336,19221.296310424805,2.1236838207669964,0.01531787501227165,0.001,0.001,vit,dp_kfm_a,pink,0.4,42,1,True
layer,blocks.5.attn.out_proj,attention_out,0.719696066065361,0.006705334772741336,19221.296310424805,2.0837993094739216,0.015030192847469818,0.001,0.001,vit,dp_kfm_a,pink,0.4,42,1,True
layer,blocks.5.mlp.fc1,mlp_fc1,0.7201802452762927,0.026821339090965342,76885.18524169922,3.094562239799607,0.011160351918541691,0.001,0.001,vit,dp_kfm_a,pink,0.4,42,1,True
layer,blocks.5.mlp.fc2,mlp_fc2,0.7200428624278173,0.026717111089316622,76586.4086151123,2.6978315855535087,0.009748526637406593,0.001,0.001,vit,dp_kfm_a,pink,0.4,42,1,True
layer,blocks.6.attn.q_proj,attention_qkv,0.7197813478765309,0.006705334772741336,19221.296310424805,0.504819215526291,0.003641200056057293,0.001,0.001,vit,dp_kfm_a,pink,0.4,42,1,True
layer,blocks.6.attn.k_proj,attention_qkv,0.7199721196366188,0.006705334772741336,19221.296310424805,0.7637392624897791,0.005508759096049318,0.001,0.001,vit,dp_kfm_a,pink,0.4,42,1,True
layer,blocks.6.attn.v_proj,attention_qkv,0.7204579879894716,0.006705334772741336,19221.296310424805,2.2322972038531694,0.016101290231856028,0.001,0.001,vit,dp_kfm_a,pink,0.4,42,1,True
layer,blocks.6.attn.out_proj,attention_out,0.7198198047585334,0.006705334772741336,19221.296310424805,2.3771310342695244,0.01714595916523096,0.001,0.001,vit,dp_kfm_a,pink,0.4,42,1,True
layer,blocks.6.mlp.fc1,mlp_fc1,0.7201899942050088,0.026821339090965342,76885.18524169922,3.035199065873619,0.010946262215159742,0.001,0.001,vit,dp_kfm_a,pink,0.4,42,1,True
layer,blocks.6.mlp.fc2,mlp_fc2,0.7203423090242048,0.026717111089316622,76586.4086151123,2.7901488564224666,0.010082112091360743,0.001,0.001,vit,dp_kfm_a,pink,0.4,42,1,True
layer,blocks.7.attn.q_proj,attention_qkv,0.7205835650721435,0.006705334772741336,19221.296310424805,0.5066787980092545,0.0036546130000042623,0.001,0.001,vit,dp_kfm_a,pink,0.4,42,1,True
layer,blocks.7.attn.k_proj,attention_qkv,0.720531311264451,0.006705334772741336,19221.296310424805,0.6595526189431546,0.004757273414334752,0.001,0.001,vit,dp_kfm_a,pink,0.4,42,1,True
layer,blocks.7.attn.v_proj,attention_qkv,0.7207736611449357,0.006705334772741336,19221.296310424805,2.374082631566191,0.017123971404557677,0.001,0.001,vit,dp_kfm_a,pink,0.4,42,1,True
layer,blocks.7.attn.out_proj,attention_out,0.7201013315084678,0.006705334772741336,19221.296310424805,2.428524842272228,0.017516656497711374,0.001,0.001,vit,dp_kfm_a,pink,0.4,42,1,True
layer,blocks.7.mlp.fc1,mlp_fc1,0.720351069365076,0.026821339090965342,76885.18524169922,3.1086183896445165,0.01121104457447583,0.001,0.001,vit,dp_kfm_a,pink,0.4,42,1,True
layer,blocks.7.mlp.fc2,mlp_fc2,0.7202889492349083,0.026717111089316622,76586.4086151123,3.583661104938925,0.012949442777677112,0.001,0.001,vit,dp_kfm_a,pink,0.4,42,1,True
layer,blocks.8.attn.q_proj,attention_qkv,0.7206946130061845,0.006705334772741336,19221.296310424805,0.5037086998182619,0.0036331900403250004,0.001,0.001,vit,dp_kfm_a,pink,0.4,42,1,True
layer,blocks.8.attn.k_proj,attention_qkv,0.7207239393849575,0.006705334772741336,19221.296310424805,0.7665306472825565,0.005528893017562867,0.001,0.001,vit,dp_kfm_a,pink,0.4,42,1,True
layer,blocks.8.attn.v_proj,attention_qkv,0.7201457933466945,0.006705334772741336,19221.296310424805,2.566885182766559,0.01851463292980665,0.001,0.001,vit,dp_kfm_a,pink,0.4,42,1,True
layer,blocks.8.attn.out_proj,attention_out,0.7200152924450482,0.006705334772741336,19221.296310424805,2.5435969742996347,0.01834665789366062,0.001,0.001,vit,dp_kfm_a,pink,0.4,42,1,True
layer,blocks.8.mlp.fc1,mlp_fc1,0.7202231386704188,0.026821339090965342,76885.18524169922,3.07853755787009,0.011102559870472322,0.001,0.001,vit,dp_kfm_a,pink,0.4,42,1,True
layer,blocks.8.mlp.fc2,mlp_fc2,0.7201343936398098,0.026717111089316622,76586.4086151123,2.9732223791405934,0.010743642307842121,0.001,0.001,vit,dp_kfm_a,pink,0.4,42,1,True
layer,blocks.9.attn.q_proj,attention_qkv,0.7200367577407463,0.006705334772741336,19221.296310424805,0.5149050899284895,0.003713948250478502,0.001,0.001,vit,dp_kfm_a,pink,0.4,42,1,True
layer,blocks.9.attn.k_proj,attention_qkv,0.7206098235186639,0.006705334772741336,19221.296310424805,0.8272707569497147,0.005967004095593869,0.001,0.001,vit,dp_kfm_a,pink,0.4,42,1,True
layer,blocks.9.attn.v_proj,attention_qkv,0.7197019199753929,0.006705334772741336,19221.296310424805,2.533980479742636,0.01827729527939578,0.001,0.001,vit,dp_kfm_a,pink,0.4,42,1,True
layer,blocks.9.attn.out_proj,attention_out,0.720501776470013,0.006705334772741336,19221.296310424805,2.484923556048136,0.01792345361130439,0.001,0.001,vit,dp_kfm_a,pink,0.4,42,1,True
layer,blocks.9.mlp.fc1,mlp_fc1,0.7200666945453843,0.026821339090965342,76885.18524169922,2.8829871181532285,0.010397319013785893,0.001,0.001,vit,dp_kfm_a,pink,0.4,42,1,True
layer,blocks.9.mlp.fc2,mlp_fc2,0.7200167562851162,0.026717111089316622,76586.4086151123,2.6388616263476976,0.009535440608907634,0.001,0.001,vit,dp_kfm_a,pink,0.4,42,1,True
layer,blocks.10.attn.q_proj,attention_qkv,0.7199697060369824,0.006705334772741336,19221.296310424805,0.4858738217974848,0.003504549218320382,0.001,0.001,vit,dp_kfm_a,pink,0.4,42,1,True
layer,blocks.10.attn.k_proj,attention_qkv,0.7203525333670329,0.006705334772741336,19221.296310424805,0.8311678624404213,0.005995113447010728,0.001,0.001,vit,dp_kfm_a,pink,0.4,42,1,True
layer,blocks.10.attn.v_proj,attention_qkv,0.7203791770794067,0.006705334772741336,19221.296310424805,2.475605571710807,0.01785624411521569,0.001,0.001,vit,dp_kfm_a,pink,0.4,42,1,True
layer,blocks.10.attn.out_proj,attention_out,0.7200388612072075,0.006705334772741336,19221.296310424805,2.4341878123526626,0.017557502817225634,0.001,0.001,vit,dp_kfm_a,pink,0.4,42,1,True
layer,blocks.10.mlp.fc1,mlp_fc1,0.7201883322786816,0.026821339090965342,76885.18524169922,2.5313423382881455,0.009129133341790307,0.001,0.001,vit,dp_kfm_a,pink,0.4,42,1,True
layer,blocks.10.mlp.fc2,mlp_fc2,0.7201543156919575,0.026717111089316622,76586.4086151123,2.2851635911010058,0.008257364269129997,0.001,0.001,vit,dp_kfm_a,pink,0.4,42,1,True
layer,blocks.11.attn.q_proj,attention_qkv,0.7202080347563271,0.006705334772741336,19221.296310424805,0.6065123654015678,0.004374700468953549,0.001,0.001,vit,dp_kfm_a,pink,0.4,42,1,True
layer,blocks.11.attn.k_proj,attention_qkv,0.7196848738409543,0.006705334772741336,19221.296310424805,0.8435340093832547,0.006084308971976073,0.001,0.001,vit,dp_kfm_a,pink,0.4,42,1,True
layer,blocks.11.attn.v_proj,attention_qkv,0.7205397465015962,0.006705334772741336,19221.296310424805,2.1974411662686637,0.01584987784083933,0.001,0.001,vit,dp_kfm_a,pink,0.4,42,1,True
layer,blocks.11.attn.out_proj,attention_out,0.7196211470464723,0.006705334772741336,19221.296310424805,1.8533488881198799,0.013367981779933575,0.001,0.001,vit,dp_kfm_a,pink,0.4,42,1,True
layer,blocks.11.mlp.fc1,mlp_fc1,0.7200515797721623,0.026821339090965342,76885.18524169922,2.2729450586709796,0.008197239150672631,0.001,0.001,vit,dp_kfm_a,pink,0.4,42,1,True
layer,blocks.11.mlp.fc2,mlp_fc2,0.7201934912079219,0.026717111089316622,76586.4086151123,2.288100547378502,0.00826797686505978,0.001,0.001,vit,dp_kfm_a,pink,0.4,42,1,True
layer,head,patch_head,0.7170127919226823,0.0003492361860802786,1001.1091828346254,9.815646187026312,0.31022598558638614,0.001,0.001,vit,dp_kfm_a,pink,0.4,42,1,True
layer,cls_token,identity,0.7141159629350641,3.474266721627629e-05,99.59220886230469,0.1567281680543828,0.01570487105358878,0.001,0.001,vit,dp_kfm_a,pink,0.4,42,1,True
layer,pos_embed,identity,0.7202692493818748,0.006844305441606457,19619.665145874023,0.5290127848437417,0.0037767685630503544,0.001,0.001,vit,dp_kfm_a,pink,0.4,42,1,True
layer,blocks.0.norm1.weight,identity,0.7198966559318914,3.474266721627629e-05,99.59220886230469,0.6706212431806343,0.06719928064427318,0.001,0.001,vit,dp_kfm_a,pink,0.4,42,1,True
layer,blocks.0.norm1.bias,identity,0.7214011287070016,3.474266721627629e-05,99.59220886230469,0.4298641167433608,0.04307432804087147,0.001,0.001,vit,dp_kfm_a,pink,0.4,42,1,True
layer,blocks.0.norm2.weight,identity,0.7198330597675036,3.474266721627629e-05,99.59220886230469,0.24964586090008103,0.02501564398518023,0.001,0.001,vit,dp_kfm_a,pink,0.4,42,1,True
layer,blocks.0.norm2.bias,identity,0.719295220760294,3.474266721627629e-05,99.59220886230469,0.20195985877008438,0.020237290969193366,0.001,0.001,vit,dp_kfm_a,pink,0.4,42,1,True
layer,blocks.1.norm1.weight,identity,0.7201664361592618,3.474266721627629e-05,99.59220886230469,0.3893526350419524,0.03901489440996425,0.001,0.001,vit,dp_kfm_a,pink,0.4,42,1,True
layer,blocks.1.norm1.bias,identity,0.721503788450501,3.474266721627629e-05,99.59220886230469,0.42684101787699597,0.042771399866135006,0.001,0.001,vit,dp_kfm_a,pink,0.4,42,1,True
layer,blocks.1.norm2.weight,identity,0.7218347042004147,3.474266721627629e-05,99.59220886230469,0.5064020143987156,0.05074377143647757,0.001,0.001,vit,dp_kfm_a,pink,0.4,42,1,True
layer,blocks.1.norm2.bias,identity,0.7180172354511912,3.474266721627629e-05,99.59220886230469,0.36797367487649946,0.03687262594076513,0.001,0.001,vit,dp_kfm_a,pink,0.4,42,1,True
layer,blocks.2.norm1.weight,identity,0.7203505521739182,3.474266721627629e-05,99.59220886230469,0.35576074253329387,0.03564883490168594,0.001,0.001,vit,dp_kfm_a,pink,0.4,42,1,True
layer,blocks.2.norm1.bias,identity,0.7163903795672324,3.474266721627629e-05,99.59220886230469,0.43188744707708604,0.04327707488838739,0.001,0.001,vit,dp_kfm_a,pink,0.4,42,1,True
layer,blocks.2.norm2.weight,identity,0.7214467553030348,3.474266721627629e-05,99.59220886230469,0.28738670902065644,0.028797447604431727,0.001,0.001,vit,dp_kfm_a,pink,0.4,42,1,True
layer,blocks.2.norm2.bias,identity,0.7182306329092334,3.474266721627629e-05,99.59220886230469,0.4079088824378358,0.04087431429733083,0.001,0.001,vit,dp_kfm_a,pink,0.4,42,1,True
layer,blocks.3.norm1.weight,identity,0.715897813432502,3.474266721627629e-05,99.59220886230469,0.2853717485428662,0.02859553945432308,0.001,0.001,vit,dp_kfm_a,pink,0.4,42,1,True
layer,blocks.3.norm1.bias,identity,0.7185715588629581,3.474266721627629e-05,99.59220886230469,0.4188433309603917,0.04196999547717627,0.001,0.001,vit,dp_kfm_a,pink,0.4,42,1,True
layer,blocks.3.norm2.weight,identity,0.7168448718661599,3.474266721627629e-05,99.59220886230469,0.2543524072684501,0.025487261210983107,0.001,0.001,vit,dp_kfm_a,pink,0.4,42,1,True
layer,blocks.3.norm2.bias,identity,0.7250678974291619,3.474266721627629e-05,99.59220886230469,0.3239682335152011,0.03246308175470887,0.001,0.001,vit,dp_kfm_a,pink,0.4,42,1,True
layer,blocks.4.norm1.weight,identity,0.7180958293248871,3.474266721627629e-05,99.59220886230469,0.22272180282165718,0.02231773163406882,0.001,0.001,vit,dp_kfm_a,pink,0.4,42,1,True
layer,blocks.4.norm1.bias,identity,0.7217479770181263,3.474266721627629e-05,99.59220886230469,0.4168480282606231,0.041770057125304065,0.001,0.001,vit,dp_kfm_a,pink,0.4,42,1,True
layer,blocks.4.norm2.weight,identity,0.7172649338843595,3.474266721627629e-05,99.59220886230469,0.21172297175966856,0.021215599032679656,0.001,0.001,vit,dp_kfm_a,pink,0.4,42,1,True
layer,blocks.4.norm2.bias,identity,0.7225413241951496,3.474266721627629e-05,99.59220886230469,0.2963111265882753,0.0296917145946463,0.001,0.001,vit,dp_kfm_a,pink,0.4,42,1,True
layer,blocks.5.norm1.weight,identity,0.7156588038331706,3.474266721627629e-05,99.59220886230469,0.21994570953972484,0.022039554535677998,0.001,0.001,vit,dp_kfm_a,pink,0.4,42,1,True
layer,blocks.5.norm1.bias,identity,0.7180342609535993,3.474266721627629e-05,99.59220886230469,0.33580742540266917,0.033649422310331634,0.001,0.001,vit,dp_kfm_a,pink,0.4,42,1,True
layer,blocks.5.norm2.weight,identity,0.7226680856316783,3.474266721627629e-05,99.59220886230469,0.20979716551457459,0.021022624539779922,0.001,0.001,vit,dp_kfm_a,pink,0.4,42,1,True
layer,blocks.5.norm2.bias,identity,0.7219805237184768,3.474266721627629e-05,99.59220886230469,0.27262970716907253,0.027318729298120077,0.001,0.001,vit,dp_kfm_a,pink,0.4,42,1,True
layer,blocks.6.norm1.weight,identity,0.7238994584660878,3.474266721627629e-05,99.59220886230469,0.20780900704665037,0.020823402072239722,0.001,0.001,vit,dp_kfm_a,pink,0.4,42,1,True
layer,blocks.6.norm1.bias,identity,0.7182448204604617,3.474266721627629e-05,99.59220886230469,0.3457994562254535,0.03465066897571005,0.001,0.001,vit,dp_kfm_a,pink,0.4,42,1,True
layer,blocks.6.norm2.weight,identity,0.7218172330493724,3.474266721627629e-05,99.59220886230469,0.1873362907995287,0.01877194334105495,0.001,0.001,vit,dp_kfm_a,pink,0.4,42,1,True
layer,blocks.6.norm2.bias,identity,0.7207453810932937,3.474266721627629e-05,99.59220886230469,0.2555272218261533,0.025604982941350055,0.001,0.001,vit,dp_kfm_a,pink,0.4,42,1,True
layer,blocks.7.norm1.weight,identity,0.7214836546319633,3.474266721627629e-05,99.59220886230469,0.22557948777304673,0.022604084586639414,0.001,0.001,vit,dp_kfm_a,pink,0.4,42,1,True
layer,blocks.7.norm1.bias,identity,0.7190386683256822,3.474266721627629e-05,99.59220886230469,0.31090414266180955,0.031154000784568946,0.001,0.001,vit,dp_kfm_a,pink,0.4,42,1,True
layer,blocks.7.norm2.weight,identity,0.7169024323897683,3.474266721627629e-05,99.59220886230469,0.13978426600734006,0.014007015460067709,0.001,0.001,vit,dp_kfm_a,pink,0.4,42,1,True
layer,blocks.7.norm2.bias,identity,0.7183353431527848,3.474266721627629e-05,99.59220886230469,0.20741411888889327,0.02078383249342597,0.001,0.001,vit,dp_kfm_a,pink,0.4,42,1,True
layer,blocks.8.norm1.weight,identity,0.7194275706080325,3.474266721627629e-05,99.59220886230469,0.2672139751773259,0.02677604846641623,0.001,0.001,vit,dp_kfm_a,pink,0.4,42,1,True
layer,blocks.8.norm1.bias,identity,0.7214316652373783,3.474266721627629e-05,99.59220886230469,0.33670634952892775,0.033739498572085455,0.001,0.001,vit,dp_kfm_a,pink,0.4,42,1,True
layer,blocks.8.norm2.weight,identity,0.7213060314688632,3.474266721627629e-05,99.59220886230469,0.1291299838474196,0.012939408216473535,0.001,0.001,vit,dp_kfm_a,pink,0.4,42,1,True
layer,blocks.8.norm2.bias,identity,0.7169370991880998,3.474266721627629e-05,99.59220886230469,0.20638977172473177,0.020681188276199587,0.001,0.001,vit,dp_kfm_a,pink,0.4,42,1,True
layer,blocks.9.norm1.weight,identity,0.7232845781269153,3.474266721627629e-05,99.59220886230469,0.3008015298622773,0.030141673305146534,0.001,0.001,vit,dp_kfm_a,pink,0.4,42,1,True
layer,blocks.9.norm1.bias,identity,0.7192420332762735,3.474266721627629e-05,99.59220886230469,0.36465609971352564,0.03654018990969372,0.001,0.001,vit,dp_kfm_a,pink,0.4,42,1,True
layer,blocks.9.norm2.weight,identity,0.7178842162365565,3.474266721627629e-05,99.59220886230469,0.48414194288340723,0.048513211626257075,0.001,0.001,vit,dp_kfm_a,pink,0.4,42,1,True
layer,blocks.9.norm2.bias,identity,0.7202040711169818,3.474266721627629e-05,99.59220886230469,0.19471093160789352,0.019510915692991807,0.001,0.001,vit,dp_kfm_a,pink,0.4,42,1,True
layer,blocks.10.norm1.weight,identity,0.7213290639844787,3.474266721627629e-05,99.59220886230469,0.22969088789012312,0.023016065467230062,0.001,0.001,vit,dp_kfm_a,pink,0.4,42,1,True
layer,blocks.10.norm1.bias,identity,0.7198469624059669,3.474266721627629e-05,99.59220886230469,0.33626194064044546,0.03369496679215508,0.001,0.001,vit,dp_kfm_a,pink,0.4,42,1,True
layer,blocks.10.norm2.weight,identity,0.7199312728641792,3.474266721627629e-05,99.59220886230469,0.3637882540439906,0.03645322784981859,0.001,0.001,vit,dp_kfm_a,pink,0.4,42,1,True
layer,blocks.10.norm2.bias,identity,0.7191252260302871,3.474266721627629e-05,99.59220886230469,0.157357181236902,0.015767901018432416,0.001,0.001,vit,dp_kfm_a,pink,0.4,42,1,True
layer,blocks.11.norm1.weight,identity,0.720534980469304,3.474266721627629e-05,99.59220886230469,0.18333423698229634,0.018370919454095788,0.001,0.001,vit,dp_kfm_a,pink,0.4,42,1,True
layer,blocks.11.norm1.bias,identity,0.7171724590845555,3.474266721627629e-05,99.59220886230469,0.32226988724929234,0.03229289978013752,0.001,0.001,vit,dp_kfm_a,pink,0.4,42,1,True
layer,blocks.11.norm2.weight,identity,0.7189673708469886,3.474266721627629e-05,99.59220886230469,0.1420859316585294,0.014237652764830069,0.001,0.001,vit,dp_kfm_a,pink,0.4,42,1,True
layer,blocks.11.norm2.bias,identity,0.7201426606340551,3.474266721627629e-05,99.59220886230469,0.13945869020802823,0.013974391292951903,0.001,0.001,vit,dp_kfm_a,pink,0.4,42,1,True
layer,norm.weight,identity,0.7178287927595061,3.474266721627629e-05,99.59220886230469,0.10931073785182402,0.010953430159024545,0.001,0.001,vit,dp_kfm_a,pink,0.4,42,1,True
layer,norm.bias,identity,0.7239602659211286,3.474266721627629e-05,99.59220886230469,0.07336220734180085,0.00735122486795001,0.001,0.001,vit,dp_kfm_a,pink,0.4,42,1,True
group,attention_out,attention_out,0.720203319650736,0.08046401727289565,230655.55572509766,8.111731180167075,0.016890075463805984,0.001,0.001,vit,dp_kfm_a,pink,0.4,42,1,True
group,attention_qkv,attention_qkv,0.7202357579311391,0.2413920518186876,691966.667175293,8.426217550074965,0.010129548318829782,0.001,0.001,vit,dp_kfm_a,pink,0.4,42,1,True
group,identity,identity,0.7203475488319954,0.008616181469636556,24698.867797851562,2.3381975319829937,0.014877935616666236,0.001,0.001,vit,dp_kfm_a,pink,0.4,42,1,True
group,mlp_fc1,mlp_fc1,0.7201976388125393,0.3218560690915826,922622.2229003906,10.201332587463037,0.01062049970633304,0.001,0.001,vit,dp_kfm_a,pink,0.4,42,1,True
group,mlp_fc2,mlp_fc2,0.7202077997479278,0.3206053330717978,919036.9033813477,10.234231666453748,0.010675513358787274,0.001,0.001,vit,dp_kfm_a,pink,0.4,42,1,True
group,patch_head,patch_head,0.7203002885725701,0.027066347275396748,77587.51779794693,10.556453482031744,0.03789850768663642,0.001,0.001,vit,dp_kfm_a,pink,0.4,42,1,True
layer,patch_embed,patch_head,0.7200510350090193,0.026717111089316622,76586.4086151123,3.81269925465339,0.013777064677958068,0.001,0.001,vit,dp_kfm_a,pink,0.4,42,2,True
layer,blocks.0.attn.q_proj,attention_qkv,0.7202261400090899,0.006705334772741336,19221.296310424805,0.3840690175193354,0.002770243455695953,0.001,0.001,vit,dp_kfm_a,pink,0.4,42,2,True
layer,blocks.0.attn.k_proj,attention_qkv,0.7201485455119163,0.006705334772741336,19221.296310424805,0.5819108959344096,0.00419725303975948,0.001,0.001,vit,dp_kfm_a,pink,0.4,42,2,True
layer,blocks.0.attn.v_proj,attention_qkv,0.7199424166427694,0.006705334772741336,19221.296310424805,1.4573590960822356,0.010511755216801708,0.001,0.001,vit,dp_kfm_a,pink,0.4,42,2,True
layer,blocks.0.attn.out_proj,attention_out,0.7202266827146797,0.006705334772741336,19221.296310424805,1.6815456175096088,0.01212878553039153,0.001,0.001,vit,dp_kfm_a,pink,0.4,42,2,True
layer,blocks.0.mlp.fc1,mlp_fc1,0.7202742223845969,0.026821339090965342,76885.18524169922,1.852241086999229,0.006679995672096166,0.001,0.001,vit,dp_kfm_a,pink,0.4,42,2,True
layer,blocks.0.mlp.fc2,mlp_fc2,0.7200507839253586,0.026717111089316622,76586.4086151123,2.9489287011852334,0.010655857893152718,0.001,0.001,vit,dp_kfm_a,pink,0.4,42,2,True
layer,blocks.1.attn.q_proj,attention_qkv,0.7199881949592506,0.006705334772741336,19221.296310424805,0.23724374556570688,0.0017112104949343087,0.001,0.001,vit,dp_kfm_a,pink,0.4,42,2,True
layer,blocks.1.attn.k_proj,attention_qkv,0.7206583970990654,0.006705334772741336,19221.296310424805,0.3346164410895588,0.002413547992191155,0.001,0.001,vit,dp_kfm_a,pink,0.4,42,2,True
layer,blocks.1.attn.v_proj,attention_qkv,0.7201923224587706,0.006705334772741336,19221.296310424805,1.361134189273703,0.009817696580978866,0.001,0.001,vit,dp_kfm_a,pink,0.4,42,2,True
layer,blocks.1.attn.out_proj,attention_out,0.7202401578712914,0.006705334772741336,19221.296310424805,1.7474107746990217,0.012603862957466646,0.001,0.001,vit,dp_kfm_a,pink,0.4,42,2,True
layer,blocks.1.mlp.fc1,mlp_fc1,0.7200247576335312,0.026821339090965342,76885.18524169922,2.313042884468758,0.008341849538958295,0.001,0.001,vit,dp_kfm_a,pink,0.4,42,2,True
layer,blocks.1.mlp.fc2,mlp_fc2,0.7203544224791518,0.026717111089316622,76586.4086151123,1.9338048739883087,0.006987740979299838,0.001,0.001,vit,dp_kfm_a,pink,0.4,42,2,True
layer,blocks.2.attn.q_proj,attention_qkv,0.7204788840588165,0.006705334772741336,19221.296310424805,0.3625048183222471,0.00261470349027802,0.001,0.001,vit,dp_kfm_a,pink,0.4,42,2,True
layer,blocks.2.attn.k_proj,attention_qkv,0.7206560627386558,0.006705334772741336,19221.296310424805,0.47617612171204654,0.003434600878382665,0.001,0.001,vit,dp_kfm_a,pink,0.4,42,2,True
layer,blocks.2.attn.v_proj,attention_qkv,0.7203596451958243,0.006705334772741336,19221.296310424805,1.8452446304673915,0.013309526747892497,0.001,0.001,vit,dp_kfm_a,pink,0.4,42,2,True
layer,blocks.2.attn.out_proj,attention_out,0.7204224659207193,0.006705334772741336,19221.296310424805,2.0493587089136325,0.014781776953554145,0.001,0.001,vit,dp_kfm_a,pink,0.4,42,2,True
layer,blocks.2.mlp.fc1,mlp_fc1,0.7202751982585199,0.026821339090965342,76885.18524169922,2.4456446679480806,0.00882006986673924,0.001,0.001,vit,dp_kfm_a,pink,0.4,42,2,True
layer,blocks.2.mlp.fc2,mlp_fc2,0.720212000546864,0.026717111089316622,76586.4086151123,2.2995176778780917,0.008309232294566194,0.001,0.001,vit,dp_kfm_a,pink,0.4,42,2,True
layer,blocks.3.attn.q_proj,attention_qkv,0.7209403480973622,0.006705334772741336,19221.296310424805,0.3918636340982032,0.0028264650840551853,0.001,0.001,vit,dp_kfm_a,pink,0.4,42,2,True
layer,blocks.3.attn.k_proj,attention_qkv,0.7204186687005623,0.006705334772741336,19221.296310424805,0.545003486101023,0.003931044348368535,0.001,0.001,vit,dp_kfm_a,pink,0.4,42,2,True
layer,blocks.3.attn.v_proj,attention_qkv,0.7197814249950999,0.006705334772741336,19221.296310424805,1.7043187382000642,0.012293045300591126,0.001,0.001,vit,dp_kfm_a,pink,0.4,42,2,True
layer,blocks.3.attn.out_proj,attention_out,0.7198348300334855,0.006705334772741336,19221.296310424805,1.8217318848302237,0.013139932152245308,0.001,0.001,vit,dp_kfm_a,pink,0.4,42,2,True
layer,blocks.3.mlp.fc1,mlp_fc1,0.7202597261174656,0.026821339090965342,76885.18524169922,2.3648682892710635,0.008528754733003466,0.001,0.001,vit,dp_kfm_a,pink,0.4,42,2,True
layer,blocks.3.mlp.fc2,mlp_fc2,0.7202892870144104,0.026717111089316622,76586.4086151123,2.325410700038061,0.008402795887490634,0.001,0.001,vit,dp_kfm_a,pink,0.4,42,2,True
layer,blocks.4.attn.q_proj,attention_qkv,0.7203772802567485,0.006705334772741336,19221.296310424805,0.5152107800383722,0.003716153156335908,0.001,0.001,vit,dp_kfm_a,pink,0.4,42,2,True
layer,blocks.4.attn.k_proj,attention_qkv,0.7200992643238313,0.006705334772741336,19221.296310424805,0.7469481149926824,0.005387646576305089,0.001,0.001,vit,dp_kfm_a,pink,0.4,42,2,True
layer,blocks.4.attn.v_proj,attention_qkv,0.7201646169689044,0.006705334772741336,19221.296310424805,1.5515604567753916,0.011191218258791899,0.001,0.001,vit,dp_kfm_a,pink,0.4,42,2,True
layer,blocks.4.attn.out_proj,attention_out,0.7204141617211439,0.006705334772741336,19221.296310424805,1.6450997212319847,0.011865905680560939,0.001,0.001,vit,dp_kfm_a,pink,0.4,42,2,True
layer,blocks.4.mlp.fc1,mlp_fc1,0.7201126310211289,0.026821339090965342,76885.18524169922,2.123213504505617,0.007657241338929194,0.001,0.001,vit,dp_kfm_a,pink,0.4,42,2,True
layer,blocks.4.mlp.fc2,mlp_fc2,0.7200914241342413,0.026717111089316622,76586.4086151123,2.116777331705572,0.007648906000689623,0.001,0.001,vit,dp_kfm_a,pink,0.4,42,2,True
layer,blocks.5.attn.q_proj,attention_qkv,0.7200372651974094,0.006705334772741336,19221.296310424805,0.3710759463048696,0.0026765260016462966,0.001,0.001,vit,dp_kfm_a,pink,0.4,42,2,True
layer,blocks.5.attn.k_proj,attention_qkv,0.7204122713142096,0.006705334772741336,19221.296310424805,0.5487983826410386,0.003958416478963505,0.001,0.001,vit,dp_kfm_a,pink,0.4,42,2,True
layer,blocks.5.attn.v_proj,attention_qkv,0.7203897095810837,0.006705334772741336,19221.296310424805,1.532248016329212,0.011051919957395184,0.001,0.001,vit,dp_kfm_a,pink,0.4,42,2,True
layer,blocks.5.attn.out_proj,attention_out,0.7201276749660374,0.006705334772741336,19221.296310424805,1.548340992134288,0.011167996649013356,0.001,0.001,vit,dp_kfm_a,pink,0.4,42,2,True
layer,blocks.5.mlp.fc1,mlp_fc1,0.7203171457890112,0.026821339090965342,76885.18524169922,2.042303662140018,0.007365444876456916,0.001,0.001,vit,dp_kfm_a,pink,0.4,42,2,True
layer,blocks.5.mlp.fc2,mlp_fc2,0.7201947034254683,0.026717111089316622,76586.4086151123,1.8486359452540635,0.006679985827017111,0.001,0.001,vit,dp_kfm_a,pink,0.4,42,2,True
layer,blocks.6.attn.q_proj,attention_qkv,0.7202606088679989,0.006705334772741336,19221.296310424805,0.34865292408836907,0.002514791449472849,0.001,0.001,vit,dp_kfm_a,pink,0.4,42,2,True
layer,blocks.6.attn.k_proj,attention_qkv,0.7198524836765271,0.006705334772741336,19221.296310424805,0.5330467597049777,0.003844801924378885,0.001,0.001,vit,dp_kfm_a,pink,0.4,42,2,True
layer,blocks.6.attn.v_proj,attention_qkv,0.7202977086370506,0.006705334772741336,19221.296310424805,1.5696081881099129,0.01132139436605131,0.001,0.001,vit,dp_kfm_a,pink,0.4,42,2,True
layer,blocks.6.attn.out_proj,attention_out,0.7200959305859105,0.006705334772741336,19221.296310424805,1.7639119853398193,0.01272288419766973,0.001,0.001,vit,dp_kfm_a,pink,0.4,42,2,True
layer,blocks.6.mlp.fc1,mlp_fc1,0.7203525703055159,0.026821339090965342,76885.18524169922,2.06726337603987,0.007455460577975504,0.001,0.001,vit,dp_kfm_a,pink,0.4,42,2,True
layer,blocks.6.mlp.fc2,mlp_fc2,0.7202888251301791,0.026717111089316622,76586.4086151123,1.9013498502541866,0.006870465807237969,0.001,0.001,vit,dp_kfm_a,pink,0.4,42,2,True
layer,blocks.7.attn.q_proj,attention_qkv,0.7203129429532324,0.006705334772741336,19221.296310424805,0.3333300435224548,0.002404269361843125,0.001,0.001,vit,dp_kfm_a,pink,0.4,42,2,True
layer,blocks.7.attn.k_proj,attention_qkv,0.7205552852763328,0.006705334772741336,19221.296310424805,0.46013713293371433,0.003318913588670685,0.001,0.001,vit,dp_kfm_a,pink,0.4,42,2,True
layer,blocks.7.attn.v_proj,attention_qkv,0.7201266829735066,0.006705334772741336,19221.296310424805,1.605319316066746,0.01157897442069073,0.001,0.001,vit,dp_kfm_a,pink,0.4,42,2,True
layer,blocks.7.attn.out_proj,attention_out,0.7204550297322942,0.006705334772741336,19221.296310424805,1.5997371329805017,0.011538710808012347,0.001,0.001,vit,dp_kfm_a,pink,0.4,42,2,True
layer,blocks.7.mlp.fc1,mlp_fc1,0.7201322971091362,0.026821339090965342,76885.18524169922,2.0013819350507234,0.007217863137897138,0.001,0.001,vit,dp_kfm_a,pink,0.4,42,2,True
layer,blocks.7.mlp.fc2,mlp_fc2,0.7201876230884976,0.026717111089316622,76586.4086151123,1.9903412426318141,0.007192033307499561,0.001,0.001,vit,dp_kfm_a,pink,0.4,42,2,True
layer,blocks.8.attn.q_proj,attention_qkv,0.7197696557241547,0.006705334772741336,19221.296310424805,0.34565562856090115,0.002493172318689052,0.001,0.001,vit,dp_kfm_a,pink,0.4,42,2,True
layer,blocks.8.attn.k_proj,attention_qkv,0.7201414393232477,0.006705334772741336,19221.296310424805,0.5108743249963956,0.0036848748296472635,0.001,0.001,vit,dp_kfm_a,pink,0.4,42,2,True
layer,blocks.8.attn.v_proj,attention_qkv,0.7198869739994918,0.006705334772741336,19221.296310424805,1.6638112492905233,0.012000869673452222,0.001,0.001,vit,dp_kfm_a,pink,0.4,42,2,True
layer,blocks.8.attn.out_proj,attention_out,0.7204888185333324,0.006705334772741336,19221.296310424805,1.6551182022635567,0.011938167774736053,0.001,0.001,vit,dp_kfm_a,pink,0.4,42,2,True
layer,blocks.8.mlp.fc1,mlp_fc1,0.7202125948026846,0.026821339090965342,76885.18524169922,1.9521890281294842,0.007040451888552668,0.001,0.001,vit,dp_kfm_a,pink,0.4,42,2,True
layer,blocks.8.mlp.fc2,mlp_fc2,0.7202774822682392,0.026717111089316622,76586.4086151123,1.7769975330227794,0.00642112275578693,0.001,0.001,vit,dp_kfm_a,pink,0.4,42,2,True
layer,blocks.9.attn.q_proj,attention_qkv,0.7200122013521125,0.006705334772741336,19221.296310424805,0.35481138073479634,0.0025592116537687956,0.001,0.001,vit,dp_kfm_a,pink,0.4,42,2,True
layer,blocks.9.attn.k_proj,attention_qkv,0.72040929606031,0.006705334772741336,19221.296310424805,0.5445103999124158,0.003927487777219144,0.001,0.001,vit,dp_kfm_a,pink,0.4,42,2,True
layer,blocks.9.attn.v_proj,attention_qkv,0.7203215295198714,0.006705334772741336,19221.296310424805,1.5154323396646203,0.010930630511727149,0.001,0.001,vit,dp_kfm_a,pink,0.4,42,2,True
layer,blocks.9.attn.out_proj,attention_out,0.7206811823535411,0.006705334772741336,19221.296310424805,1.5010053393537242,0.010826570300219536,0.001,0.001,vit,dp_kfm_a,pink,0.4,42,2,True
layer,blocks.9.mlp.fc1,mlp_fc1,0.7202107428491022,0.026821339090965342,76885.18524169923,1.8188854136797052,0.006559700449741902,0.001,0.001,vit,dp_kfm_a,pink,0.4,42,2,True
layer,blocks.9.mlp.fc2,mlp_fc2,0.7202295097005996,0.026717111089316622,76586.4086151123,1.549886649889287,0.005600464970576241,0.001,0.001,vit,dp_kfm_a,pink,0.4,42,2,True
layer,blocks.10.attn.q_proj,attention_qkv,0.7204250498543231,0.006705334772741336,19221.296310424805,0.30933226901303185,0.002231176311496645,0.001,0.001,vit,dp_kfm_a,pink,0.4,42,2,True
layer,blocks.10.attn.k_proj,attention_qkv,0.720326908937219,0.006705334772741336,19221.296310424805,0.5069886560581648,0.0036568479687026875,0.001,0.001,vit,dp_kfm_a,pink,0.4,42,2,True
layer,blocks.10.attn.v_proj,attention_qkv,0.7200771398347625,0.006705334772741336,19221.296310424805,1.4682313515905314,0.010590175483203422,0.001,0.001,vit,dp_kfm_a,pink,0.4,42,2,True
layer,blocks.10.attn.out_proj,attention_out,0.719853548602215,0.006705334772741336,19221.296310424805,1.4678884136992711,0.010587701913595784,0.001,0.001,vit,dp_kfm_a,pink,0.4,42,2,True
layer,blocks.10.mlp.fc1,mlp_fc1,0.7200965989592183,0.026821339090965342,76885.18524169922,1.66338948325943,0.00599891376299434,0.001,0.001,vit,dp_kfm_a,pink,0.4,42,2,True
layer,blocks.10.mlp.fc2,mlp_fc2,0.7200185438063469,0.026717111089316622,76586.4086151123,1.3305516525170027,0.004807905095508821,0.001,0.001,vit,dp_kfm_a,pink,0.4,42,2,True
layer,blocks.11.attn.q_proj,attention_qkv,0.7200110796122674,0.006705334772741336,19221.296310424805,0.4594682079158669,0.0033140887132745572,0.001,0.001,vit,dp_kfm_a,pink,0.4,42,2,True
layer,blocks.11.attn.k_proj,attention_qkv,0.7200068278093753,0.006705334772741336,19221.296310424805,0.6076458463078295,0.0043828761298881575,0.001,0.001,vit,dp_kfm_a,pink,0.4,42,2,True
layer,blocks.11.attn.v_proj,attention_qkv,0.7201460606643475,0.006705334772741336,19221.296310424805,1.4322918455099483,0.010330948164728912,0.001,0.001,vit,dp_kfm_a,pink,0.4,42,2,True
layer,blocks.11.attn.out_proj,attention_out,0.719599911377615,0.006705334772741336,19221.296310424805,1.266788803903594,0.009137194706381545,0.001,0.001,vit,dp_kfm_a,pink,0.4,42,2,True
layer,blocks.11.mlp.fc1,mlp_fc1,0.7200911940257488,0.026821339090965342,76885.18524169922,1.3589228962960342,0.004900873395847349,0.001,0.001,vit,dp_kfm_a,pink,0.4,42,2,True
layer,blocks.11.mlp.fc2,mlp_fc2,0.7200466536924338,0.026717111089316622,76586.4086151123,1.33086226889705,0.00480902749768957,0.001,0.001,vit,dp_kfm_a,pink,0.4,42,2,True
layer,head,patch_head,0.7217579599756142,0.0003492361860802786,1001.1091828346252,5.173683562521043,0.16351558030041644,0.001,0.001,vit,dp_kfm_a,pink,0.4,42,2,True
layer,cls_token,identity,0.7152104047730433,3.474266721627629e-05,99.59220886230469,0.12114898873124469,0.012139676421386426,0.001,0.001,vit,dp_kfm_a,pink,0.4,42,2,True
layer,pos_embed,identity,0.7199688138306861,0.006844305441606457,19619.665145874023,0.46530417945949276,0.0033219352113723144,0.001,0.001,vit,dp_kfm_a,pink,0.4,42,2,True
layer,blocks.0.norm1.weight,identity,0.7169253236502254,3.474266721627629e-05,99.59220886230469,0.5560793267004598,0.055721662734977535,0.001,0.001,vit,dp_kfm_a,pink,0.4,42,2,True
layer,blocks.0.norm1.bias,identity,0.7197689869258335,3.474266721627629e-05,99.59220886230469,0.36102544604066455,0.036176381996410746,0.001,0.001,vit,dp_kfm_a,pink,0.4,42,2,True
layer,blocks.0.norm2.weight,identity,0.7266318369770224,3.474266721627629e-05,99.59220886230469,0.18167947024133946,0.018205104344960605,0.001,0.001,vit,dp_kfm_a,pink,0.4,42,2,True
layer,blocks.0.norm2.bias,identity,0.7162264204315456,3.474266721627629e-05,99.59220886230469,0.1498816788176494,0.015018821877059342,0.001,0.001,vit,dp_kfm_a,pink,0.4,42,2,True
layer,blocks.1.norm1.weight,identity,0.7157387600120085,3.474266721627629e-05,99.59220886230469,0.250067311359616,0.02505787522672819,0.001,0.001,vit,dp_kfm_a,pink,0.4,42,2,True
layer,blocks.1.norm1.bias,identity,0.7196196702061021,3.474266721627629e-05,99.59220886230469,0.2805166152465409,0.02810903314653342,0.001,0.001,vit,dp_kfm_a,pink,0.4,42,2,True
layer,blocks.1.norm2.weight,identity,0.7213795952389972,3.474266721627629e-05,99.59220886230469,0.27740388940143296,0.027797123943296715,0.001,0.001,vit,dp_kfm_a,pink,0.4,42,2,True
layer,blocks.1.norm2.bias,identity,0.715185956048747,3.474266721627629e-05,99.59220886230469,0.23968615809372457,0.024017636733212493,0.001,0.001,vit,dp_kfm_a,pink,0.4,42,2,True
layer,blocks.2.norm1.weight,identity,0.7212839069188606,3.474266721627629e-05,99.59220886230469,0.2424005140845682,0.024289627475903602,0.001,0.001,vit,dp_kfm_a,pink,0.4,42,2,True
layer,blocks.2.norm1.bias,identity,0.7232180945300334,3.474266721627629e-05,99.59220886230469,0.29950745007607654,0.030012000659650567,0.001,0.001,vit,dp_kfm_a,pink,0.4,42,2,True
layer,blocks.2.norm2.weight,identity,0.7199446144968231,3.474266721627629e-05,99.59220886230469,0.20236913862636652,0.02027830266126845,0.001,0.001,vit,dp_kfm_a,pink,0.4,42,2,True
layer,blocks.2.norm2.bias,identity,0.7188078892538922,3.474266721627629e-05,99.59220886230469,0.2637417148794169,0.026428112285446958,0.001,0.001,vit,dp_kfm_a,pink,0.4,42,2,True
layer,blocks.3.norm1.weight,identity,0.717583679563228,3.474266721627629e-05,99.59220886230469,0.1967943708912833,0.019719685729034514,0.001,0.001,vit,dp_kfm_a,pink,0.4,42,2,True
layer,blocks.3.norm1.bias,identity,0.7135626694587358,3.474266721627629e-05,99.59220886230469,0.27411360231658427,0.027467422301030945,0.001,0.001,vit,dp_kfm_a,pink,0.4,42,2,True
layer,blocks.3.norm2.weight,identity,0.7170663444881128,3.474266721627629e-05,99.59220886230469,0.1897776684130207,0.019016580416119238,0.001,0.001,vit,dp_kfm_a,pink,0.4,42,2,True
layer,blocks.3.norm2.bias,identity,0.7156169136988616,3.474266721627629e-05,99.59220886230469,0.22208586032168173,0.022254007320286616,0.001,0.001,vit,dp_kfm_a,pink,0.4,42,2,True
layer,blocks.4.norm1.weight,identity,0.7199075476279626,3.474266721627629e-05,99.59220886230469,0.181685951192827,0.018205753765601938,0.001,0.001,vit,dp_kfm_a,pink,0.4,42,2,True
layer,blocks.4.norm1.bias,identity,0.7193581622105943,3.474266721627629e-05,99.59220886230469,0.2759050394400094,0.02764693240041676,0.001,0.001,vit,dp_kfm_a,pink,0.4,42,2,True
layer,blocks.4.norm2.weight,identity,0.7192126097931189,3.474266721627629e-05,99.59220886230469,0.15895596339228726,0.015928106218970405,0.001,0.001,vit,dp_kfm_a,pink,0.4,42,2,True
layer,blocks.4.norm2.bias,identity,0.7169164833604049,3.474266721627629e-05,99.59220886230469,0.1994243679665647,0.019983223326974636,0.001,0.001,vit,dp_kfm_a,pink,0.4,42,2,True
layer,blocks.5.norm1.weight,identity,0.7191136536134366,3.474266721627629e-05,99.59220886230469,0.15744954219859125,0.015777156004384972,0.001,0.001,vit,dp_kfm_a,pink,0.4,42,2,True
layer,blocks.5.norm1.bias,identity,0.7195532465872327,3.474266721627629e-05,99.59220886230469,0.21464397010801453,0.021508296273883912,0.001,0.001,vit,dp_kfm_a,pink,0.4,42,2,True
layer,blocks.5.norm2.weight,identity,0.7195198695094748,3.474266721627629e-05,99.59220886230469,0.1416622651559311,0.014195199465747776,0.001,0.001,vit,dp_kfm_a,pink,0.4,42,2,True
layer,blocks.5.norm2.bias,identity,0.720620680956005,3.474266721627629e-05,99.59220886230469,0.1739990271842021,0.01743548922507405,0.001,0.001,vit,dp_kfm_a,pink,0.4,42,2,True
layer,blocks.6.norm1.weight,identity,0.7169758538019747,3.474266721627629e-05,99.59220886230469,0.1386727061980034,0.013895632141480554,0.001,0.001,vit,dp_kfm_a,pink,0.4,42,2,True
layer,blocks.6.norm1.bias,identity,0.7141502684928493,3.474266721627629e-05,99.59220886230469,0.22246482234958787,0.02229198102888253,0.001,0.001,vit,dp_kfm_a,pink,0.4,42,2,True
layer,blocks.6.norm2.weight,identity,0.721506524723181,3.474266721627629e-05,99.59220886230469,0.12007365060713533,0.012031922679428007,0.001,0.001,vit,dp_kfm_a,pink,0.4,42,2,True
layer,blocks.6.norm2.bias,identity,0.7186826863680121,3.474266721627629e-05,99.59220886230469,0.1502245459367628,0.015053178712598458,0.001,0.001,vit,dp_kfm_a,pink,0.4,42,2,True
layer,blocks.7.norm1.weight,identity,0.7210168400435194,3.474266721627629e-05,99.59220886230469,0.1286939615770312,0.01289571681359461,0.001,0.001,vit,dp_kfm_a,pink,0.4,42,2,True
layer,blocks.7.norm1.bias,identity,0.7209307252678557,3.474266721627629e-05,99.59220886230469,0.18270828364902744,0.018308196099981543,0.001,0.001,vit,dp_kfm_a,pink,0.4,42,2,True
layer,blocks.7.norm2.weight,identity,0.7240715920773113,3.474266721627629e-05,99.59220886230469,0.0913023058474602,0.009148903850724175,0.001,0.001,vit,dp_kfm_a,pink,0.4,42,2,True
layer,blocks.7.norm2.bias,identity,0.7223389042964989,3.474266721627629e-05,99.59220886230469,0.12208096705610216,0.012233064863287603,0.001,0.001,vit,dp_kfm_a,pink,0.4,42,2,True
layer,blocks.8.norm1.weight,identity,0.7159235814948345,3.474266721627629e-05,99.59220886230469,0.1701338524558205,0.017048181241688703,0.001,0.001,vit,dp_kfm_a,pink,0.4,42,2,True
layer,blocks.8.norm1.bias,identity,0.7186624148092075,3.474266721627629e-05,99.59220886230469,0.18185169585312855,0.018222362129944943,0.001,0.001,vit,dp_kfm_a,pink,0.4,42,2,True
layer,blocks.8.norm2.weight,identity,0.7173235839005981,3.474266721627629e-05,99.59220886230469,0.07120077539078051,0.007134639613982754,0.001,0.001,vit,dp_kfm_a,pink,0.4,42,2,True
layer,blocks.8.norm2.bias,identity,0.7205906442342012,3.474266721627629e-05,99.59220886230469,0.10813006335337047,0.010835121236099858,0.001,0.001,vit,dp_kfm_a,pink,0.4,42,2,True
layer,blocks.9.norm1.weight,identity,0.7196421115932766,3.474266721627629e-05,99.59220886230469,0.16556212997302341,0.016590073978798938,0.001,0.001,vit,dp_kfm_a,pink,0.4,42,2,True
layer,blocks.9.norm1.bias,identity,0.7178677275958909,3.474266721627629e-05,99.59220886230469,0.18950337559857725,0.018989095035952825,0.001,0.001,vit,dp_kfm_a,pink,0.4,42,2,True
layer,blocks.9.norm2.weight,identity,0.7247642421242889,3.474266721627629e-05,99.59220886230469,0.32521194709075985,0.03258770747817784,0.001,0.001,vit,dp_kfm_a,pink,0.4,42,2,True
layer,blocks.9.norm2.bias,identity,0.7188324011138731,3.474266721627629e-05,99.59220886230469,0.10820082281243237,0.010842211653822367,0.001,0.001,vit,dp_kfm_a,pink,0.4,42,2,True
layer,blocks.10.norm1.weight,identity,0.722374955377241,3.474266721627629e-05,99.59220886230469,0.11853716617025029,0.011877959991950229,0.001,0.001,vit,dp_kfm_a,pink,0.4,42,2,True
layer,blocks.10.norm1.bias,identity,0.7211095277604967,3.474266721627629e-05,99.59220886230469,0.17343383842197943,0.0173788547557133,0.001,0.001,vit,dp_kfm_a,pink,0.4,42,2,True
layer,blocks.10.norm2.weight,identity,0.7185766567413228,3.474266721627629e-05,99.59220886230469,0.12678016180141657,0.012703945423221539,0.001,0.001,vit,dp_kfm_a,pink,0.4,42,2,True
layer,blocks.10.norm2.bias,identity,0.7237273146539503,3.474266721627629e-05,99.59220886230469,0.08566577494555895,0.008584097969925443,0.001,0.001,vit,dp_kfm_a,pink,0.4,42,2,True
layer,blocks.11.norm1.weight,identity,0.7204283767559857,3.474266721627629e-05,99.59220886230469,0.12515202079306015,0.012540798332875752,0.001,0.001,vit,dp_kfm_a,pink,0.4,42,2,True
layer,blocks.11.norm1.bias,identity,0.716302599278222,3.474266721627629e-05,99.59220886230469,0.15720552913145766,0.01575270479180273,0.001,0.001,vit,dp_kfm_a,pink,0.4,42,2,True
layer,blocks.11.norm2.weight,identity,0.7197767103831738,3.474266721627629e-05,99.59220886230469,0.09948486730293847,0.009968833504350709,0.001,0.001,vit,dp_kfm_a,pink,0.4,42,2,True
layer,blocks.11.norm2.bias,identity,0.7177793851107442,3.474266721627629e-05,99.59220886230469,0.07573470614655621,0.00758895997495737,0.001,0.001,vit,dp_kfm_a,pink,0.4,42,2,True
layer,norm.weight,identity,0.7256929912148831,3.474266721627629e-05,99.59220886230469,0.06303758310778884,0.00631665083901315,0.001,0.001,vit,dp_kfm_a,pink,0.4,42,2,True
layer,norm.bias,identity,0.7215944608358688,3.474266721627629e-05,99.59220886230469,0.030908718450179628,0.0030971933361928785,0.001,0.001,vit,dp_kfm_a,pink,0.4,42,2,True
group,attention_out,attention_out,0.7202157001216848,0.08046401727289565,230655.55572509766,5.749428505166679,0.011971338690740792,0.001,0.001,vit,dp_kfm_a,pink,0.4,42,2,True
group,attention_qkv,attention_qkv,0.7202357280162927,0.2413920518186876,691966.667175293,5.891419212914797,0.007082349254461356,0.001,0.001,vit,dp_kfm_a,pink,0.4,42,2,True
group,identity,identity,0.7200398570804417,0.008616181469636556,24698.867797851562,1.5637534649011517,0.009950153078558328,0.001,0.001,vit,dp_kfm_a,pink,0.4,42,2,True
group,mlp_fc1,mlp_fc1,0.7201984065480005,0.3218560690915826,922622.2229003906,7.014724809159812,0.0073029559753052,0.001,0.001,vit,dp_kfm_a,pink,0.4,42,2,True
group,mlp_fc2,mlp_fc2,0.7201894551014573,0.3206053330717978,919036.9033813477,6.92052332530486,0.0072189238642368,0.001,0.001,vit,dp_kfm_a,pink,0.4,42,2,True
group,patch_head,patch_head,0.7200805793332576,0.027066347275396748,77587.51779794693,6.46169139618172,0.023197986091038302,0.001,0.001,vit,dp_kfm_a,pink,0.4,42,2,True
layer,patch_embed,patch_head,0.7203361324445794,0.026717111089316622,76586.4086151123,3.3691640274592753,0.012174364568698678,0.001,0.001,vit,dp_kfm_a,pink,0.4,42,3,True
layer,blocks.0.attn.q_proj,attention_qkv,0.7201465243871297,0.006705334772741336,19221.296310424805,0.33350805052339155,0.002405553304850547,0.001,0.001,vit,dp_kfm_a,pink,0.4,42,3,True
layer,blocks.0.attn.k_proj,attention_qkv,0.7201154866256381,0.006705334772741336,19221.296310424805,0.4869084014835806,0.00351201151669403,0.001,0.001,vit,dp_kfm_a,pink,0.4,42,3,True
layer,blocks.0.attn.v_proj,attention_qkv,0.7199783381155108,0.006705334772741336,19221.296310424805,1.2719151759781409,0.009174170609261453,0.001,0.001,vit,dp_kfm_a,pink,0.4,42,3,True
layer,blocks.0.attn.out_proj,attention_out,0.7202902438641471,0.006705334772741336,19221.296310424805,1.4846426804852595,0.010708548417223301,0.001,0.001,vit,dp_kfm_a,pink,0.4,42,3,True
layer,blocks.0.mlp.fc1,mlp_fc1,0.7202376249178567,0.026821339090965342,76885.18524169922,1.589530162298961,0.005732544580373938,0.001,0.001,vit,dp_kfm_a,pink,0.4,42,3,True
layer,blocks.0.mlp.fc2,mlp_fc2,0.7202123182074647,0.026717111089316622,76586.4086151123,2.515793136472712,0.009090736625828743,0.001,0.001,vit,dp_kfm_a,pink,0.4,42,3,True
layer,blocks.1.attn.q_proj,attention_qkv,0.7194986291931926,0.006705334772741336,19221.296310424805,0.204080808556807,0.001472010233965752,0.001,0.001,vit,dp_kfm_a,pink,0.4,42,3,True
layer,blocks.1.attn.k_proj,attention_qkv,0.7203959892842924,0.006705334772741336,19221.296310424805,0.2745130452717761,0.001980029454286871,0.001,0.001,vit,dp_kfm_a,pink,0.4,42,3,True
layer,blocks.1.attn.v_proj,attention_qkv,0.7199643774637198,0.006705334772741336,19221.296310424805,1.1604002883983013,0.008369827188055479,0.001,0.001,vit,dp_kfm_a,pink,0.4,42,3,True
layer,blocks.1.attn.out_proj,attention_out,0.7201567646939939,0.006705334772741336,19221.296310424805,1.455884044240747,0.0105011158459483,0.001,0.001,vit,dp_kfm_a,pink,0.4,42,3,True
layer,blocks.1.mlp.fc1,mlp_fc1,0.7203773866793722,0.026821339090965342,76885.18524169922,1.9503142270539509,0.007033690531643728,0.001,0.001,vit,dp_kfm_a,pink,0.4,42,3,True
layer,blocks.1.mlp.fc2,mlp_fc2,0.7199868587943792,0.026717111089316622,76586.4086151123,1.60213274633608,0.005789254539813784,0.001,0.001,vit,dp_kfm_a,pink,0.4,42,3,True
layer,blocks.2.attn.q_proj,attention_qkv,0.7203077161765652,0.006705334772741336,19221.296310424805,0.3125014889906651,0.0022540355125834854,0.001,0.001,vit,dp_kfm_a,pink,0.4,42,3,True
layer,blocks.2.attn.k_proj,attention_qkv,0.7202073105973994,0.006705334772741336,19221.296310424805,0.41419654316588855,0.002987549660965357,0.001,0.001,vit,dp_kfm_a,pink,0.4,42,3,True
layer,blocks.2.attn.v_proj,attention_qkv,0.7201632655155771,0.006705334772741336,19221.296310424805,1.5610335678373715,0.011259546665217468,0.001,0.001,vit,dp_kfm_a,pink,0.4,42,3,True
layer,blocks.2.attn.out_proj,attention_out,0.7204100722911186,0.006705334772741336,19221.296310424805,1.7128409649833196,0.012354515093512071,0.001,0.001,vit,dp_kfm_a,pink,0.4,42,3,True
layer,blocks.2.mlp.fc1,mlp_fc1,0.7198678373755899,0.026821339090965342,76885.18524169922,2.069858961901984,0.007464821401707991,0.001,0.001,vit,dp_kfm_a,pink,0.4,42,3,True
layer,blocks.2.mlp.fc2,mlp_fc2,0.7200795303888149,0.026717111089316622,76586.4086151123,1.933807116238592,0.006987749081598277,0.001,0.001,vit,dp_kfm_a,pink,0.4,42,3,True
layer,blocks.3.attn.q_proj,attention_qkv,0.7203710614126482,0.006705334772741336,19221.296310424805,0.3276813195952381,0.0023635257981121146,0.001,0.001,vit,dp_kfm_a,pink,0.4,42,3,True
layer,blocks.3.attn.k_proj,attention_qkv,0.7201954681521525,0.006705334772741336,19221.296310424805,0.45859779429115843,0.0033078105248823494,0.001,0.001,vit,dp_kfm_a,pink,0.4,42,3,True
layer,blocks.3.attn.v_proj,attention_qkv,0.7202870479731435,0.006705334772741336,19221.296310424805,1.4154499947135561,0.010209469928208141,0.001,0.001,vit,dp_kfm_a,pink,0.4,42,3,True
layer,blocks.3.attn.out_proj,attention_out,0.7198852267339149,0.006705334772741336,19221.296310424805,1.5230396291358983,0.010985500972274867,0.001,0.001,vit,dp_kfm_a,pink,0.4,42,3,True
layer,blocks.3.mlp.fc1,mlp_fc1,0.7203600953885392,0.026821339090965342,76885.18524169922,1.9542908623516901,0.007048032026800516,0.001,0.001,vit,dp_kfm_a,pink,0.4,42,3,True
layer,blocks.3.mlp.fc2,mlp_fc2,0.7201854301565296,0.026717111089316622,76586.4086151123,1.9372617750250691,0.007000232378696382,0.001,0.001,vit,dp_kfm_a,pink,0.4,42,3,True
layer,blocks.4.attn.q_proj,attention_qkv,0.7205538324423911,0.006705334772741336,19221.296310424805,0.427690120669066,0.003084877206450648,0.001,0.001,vit,dp_kfm_a,pink,0.4,42,3,True
layer,blocks.4.attn.k_proj,attention_qkv,0.7201043253284288,0.006705334772741336,19221.296310424805,0.6161951871921428,0.00444454149354664,0.001,0.001,vit,dp_kfm_a,pink,0.4,42,3,True
layer,blocks.4.attn.v_proj,attention_qkv,0.7199086386685947,0.006705334772741336,19221.296310424805,1.3335856855900263,0.009618992549768958,0.001,0.001,vit,dp_kfm_a,pink,0.4,42,3,True
layer,blocks.4.attn.out_proj,attention_out,0.7200662911109882,0.006705334772741336,19221.296310424805,1.3940455443586177,0.010055082211902556,0.001,0.001,vit,dp_kfm_a,pink,0.4,42,3,True
layer,blocks.4.mlp.fc1,mlp_fc1,0.7202216571387977,0.026821339090965342,76885.18524169922,1.762004113218151,0.006354561473194328,0.001,0.001,vit,dp_kfm_a,pink,0.4,42,3,True
layer,blocks.4.mlp.fc2,mlp_fc2,0.7200925430657197,0.026717111089316622,76586.4086151123,1.7696892199673346,0.006394714404399456,0.001,0.001,vit,dp_kfm_a,pink,0.4,42,3,True
layer,blocks.5.attn.q_proj,attention_qkv,0.7203157105295397,0.006705334772741336,19221.296310424805,0.3097218028164938,0.0022339859717935943,0.001,0.001,vit,dp_kfm_a,pink,0.4,42,3,True
layer,blocks.5.attn.k_proj,attention_qkv,0.7201569782703438,0.006705334772741336,19221.296310424805,0.46094233612374,0.003324721422070214,0.001,0.001,vit,dp_kfm_a,pink,0.4,42,3,True
layer,blocks.5.attn.v_proj,attention_qkv,0.7207740553853607,0.006705334772741336,19221.296310424805,1.2536923474474952,0.009042731547065428,0.001,0.001,vit,dp_kfm_a,pink,0.4,42,3,True
layer,blocks.5.attn.out_proj,attention_out,0.7204088968000463,0.006705334772741336,19221.296310424805,1.2585429369513847,0.009077718263557709,0.001,0.001,vit,dp_kfm_a,pink,0.4,42,3,True
layer,blocks.5.mlp.fc1,mlp_fc1,0.7202298717331932,0.026821339090965342,76885.18524169922,1.6048088470495416,0.0057876462346486334,0.001,0.001,vit,dp_kfm_a,pink,0.4,42,3,True
layer,blocks.5.mlp.fc2,mlp_fc2,0.720119781433336,0.026717111089316622,76586.4086151123,1.45692255988341,0.005264542256720617,0.001,0.001,vit,dp_kfm_a,pink,0.4,42,3,True
layer,blocks.6.attn.q_proj,attention_qkv,0.7199504063070805,0.006705334772741336,19221.296310424805,0.2813898999377123,0.0020296313767671787,0.001,0.001,vit,dp_kfm_a,pink,0.4,42,3,True
layer,blocks.6.attn.k_proj,attention_qkv,0.720514830993214,0.006705334772741336,19221.296310424805,0.42794173156021637,0.0030866920454321756,0.001,0.001,vit,dp_kfm_a,pink,0.4,42,3,True
layer,blocks.6.attn.v_proj,attention_qkv,0.7202693798814497,0.006705334772741336,19221.296310424805,1.2322845580767148,0.008888319746841697,0.001,0.001,vit,dp_kfm_a,pink,0.4,42,3,True
layer,blocks.6.attn.out_proj,attention_out,0.719985854975852,0.006705334772741336,19221.296310424805,1.3954359964590022,0.01006511137503691,0.001,0.001,vit,dp_kfm_a,pink,0.4,42,3,True
layer,blocks.6.mlp.fc1,mlp_fc1,0.7203761171880798,0.026821339090965342,76885.18524169922,1.5832159163736095,0.005709772633595551,0.001,0.001,vit,dp_kfm_a,pink,0.4,42,3,True
layer,blocks.6.mlp.fc2,mlp_fc2,0.7201321134183174,0.026717111089316622,76586.4086151123,1.4278921479467814,0.005159641807939992,0.001,0.001,vit,dp_kfm_a,pink,0.4,42,3,True
layer,blocks.7.attn.q_proj,attention_qkv,0.7200768844164057,0.006705334772741336,19221.296310424805,0.25168604280013457,0.0018153810413045954,0.001,0.001,vit,dp_kfm_a,pink,0.4,42,3,True
layer,blocks.7.attn.k_proj,attention_qkv,0.7202036715163254,0.006705334772741336,19221.296310424805,0.3592086513865604,0.0025909286361087175,0.001,0.001,vit,dp_kfm_a,pink,0.4,42,3,True
layer,blocks.7.attn.v_proj,attention_qkv,0.7203689237137497,0.006705334772741336,19221.296310424805,1.2080089223469883,0.008713222517058649,0.001,0.001,vit,dp_kfm_a,pink,0.4,42,3,True
layer,blocks.7.attn.out_proj,attention_out,0.7204376194008736,0.006705334772741336,19221.296310424805,1.167784792856814,0.00842309072720238,0.001,0.001,vit,dp_kfm_a,pink,0.4,42,3,True
layer,blocks.7.mlp.fc1,mlp_fc1,0.7203669583486036,0.026821339090965342,76885.18524169922,1.439817877639868,0.005192616262941696,0.001,0.001,vit,dp_kfm_a,pink,0.4,42,3,True
layer,blocks.7.mlp.fc2,mlp_fc2,0.7204529224693279,0.026717111089316622,76586.4086151123,1.361708521476927,0.004920489427540688,0.001,0.001,vit,dp_kfm_a,pink,0.4,42,3,True
layer,blocks.8.attn.q_proj,attention_qkv,0.7202396025641602,0.006705334772741336,19221.296310424805,0.2506787565341324,0.0018081156070750197,0.001,0.001,vit,dp_kfm_a,pink,0.4,42,3,True
layer,blocks.8.attn.k_proj,attention_qkv,0.720303918768768,0.006705334772741336,19221.296310424805,0.3625444397471706,0.0026149892748325966,0.001,0.001,vit,dp_kfm_a,pink,0.4,42,3,True
layer,blocks.8.attn.v_proj,attention_qkv,0.7203915829243033,0.006705334772741336,19221.296310424805,1.1216755679372805,0.008090510454506681,0.001,0.001,vit,dp_kfm_a,pink,0.4,42,3,True
layer,blocks.8.attn.out_proj,attention_out,0.720247860987372,0.006705334772741336,19221.296310424805,1.1082785375066067,0.007993879291399476,0.001,0.001,vit,dp_kfm_a,pink,0.4,42,3,True
layer,blocks.8.mlp.fc1,mlp_fc1,0.7202418770865023,0.026821339090965342,76885.18524169922,1.3346880474201457,0.004813471876282139,0.001,0.001,vit,dp_kfm_a,pink,0.4,42,3,True
layer,blocks.8.mlp.fc2,mlp_fc2,0.7200981577483228,0.026717111089316622,76586.4086151123,1.1739653910075967,0.004242085735415907,0.001,0.001,vit,dp_kfm_a,pink,0.4,42,3,True
layer,blocks.9.attn.q_proj,attention_qkv,0.7203623065356596,0.006705334772741336,19221.296310424805,0.2566117375138975,0.0018509094826084321,0.001,0.001,vit,dp_kfm_a,pink,0.4,42,3,True
layer,blocks.9.attn.k_proj,attention_qkv,0.7201814826589151,0.006705334772741336,19221.296310424805,0.39120614109342905,0.0028217226663891965,0.001,0.001,vit,dp_kfm_a,pink,0.4,42,3,True
layer,blocks.9.attn.v_proj,attention_qkv,0.719880520905302,0.006705334772741336,19221.296310424805,1.0020199734488235,0.007227449097175591,0.001,0.001,vit,dp_kfm_a,pink,0.4,42,3,True
layer,blocks.9.attn.out_proj,attention_out,0.7204361759999661,0.006705334772741336,19221.296310424805,0.9636368559910997,0.006950596304848706,0.001,0.001,vit,dp_kfm_a,pink,0.4,42,3,True
layer,blocks.9.mlp.fc1,mlp_fc1,0.7202121639695257,0.026821339090965342,76885.18524169922,1.1767503729019184,0.004243879186838077,0.001,0.001,vit,dp_kfm_a,pink,0.4,42,3,True
layer,blocks.9.mlp.fc2,mlp_fc2,0.7204588419415511,0.026717111089316622,76586.4086151123,0.9633331135323747,0.0034809728554792063,0.001,0.001,vit,dp_kfm_a,pink,0.4,42,3,True
layer,blocks.10.attn.q_proj,attention_qkv,0.7201431910968973,0.006705334772741336,19221.296310424805,0.2170911706227537,0.0015658524048396602,0.001,0.001,vit,dp_kfm_a,pink,0.4,42,3,True
layer,blocks.10.attn.k_proj,attention_qkv,0.720083691741316,0.006705334772741336,19221.296310424805,0.35315624691782554,0.00254727337336706,0.001,0.001,vit,dp_kfm_a,pink,0.4,42,3,True
layer,blocks.10.attn.v_proj,attention_qkv,0.7198683258433664,0.006705334772741336,19221.296310424805,0.9051673649168708,0.006528862924602538,0.001,0.001,vit,dp_kfm_a,pink,0.4,42,3,True
layer,blocks.10.attn.out_proj,attention_out,0.7198269420588485,0.006705334772741336,19221.296310424805,0.8752483080873152,0.0063130603797422295,0.001,0.001,vit,dp_kfm_a,pink,0.4,42,3,True
layer,blocks.10.mlp.fc1,mlp_fc1,0.7198825464824713,0.026821339090965342,76885.18524169922,1.0159638163774272,0.003664012176407541,0.001,0.001,vit,dp_kfm_a,pink,0.4,42,3,True
layer,blocks.10.mlp.fc2,mlp_fc2,0.7202686125788061,0.026717111089316622,76586.4086151123,0.8087138840829241,0.0029222613017207454,0.001,0.001,vit,dp_kfm_a,pink,0.4,42,3,True
layer,blocks.11.attn.q_proj,attention_qkv,0.7201306905061551,0.006705334772741336,19221.296310424805,0.3005726722530068,0.0021679943975903174,0.001,0.001,vit,dp_kfm_a,pink,0.4,42,3,True
layer,blocks.11.attn.k_proj,attention_qkv,0.7202110555739857,0.006705334772741336,19221.296310424805,0.40675489862674025,0.0029338739773152093,0.001,0.001,vit,dp_kfm_a,pink,0.4,42,3,True
layer,blocks.11.attn.v_proj,attention_qkv,0.7203655711371592,0.006705334772741336,19221.296310424805,0.9027530164807254,0.0065114485208107396,0.001,0.001,vit,dp_kfm_a,pink,0.4,42,3,True
layer,blocks.11.attn.out_proj,attention_out,0.7206486646940415,0.006705334772741336,19221.296310424805,0.8060101499707649,0.005813653904193445,0.001,0.001,vit,dp_kfm_a,pink,0.4,42,3,True
layer,blocks.11.mlp.fc1,mlp_fc1,0.7201639279901264,0.026821339090965342,76885.18524169922,0.7996981445624256,0.002884063085607686,0.001,0.001,vit,dp_kfm_a,pink,0.4,42,3,True
layer,blocks.11.mlp.fc2,mlp_fc2,0.7205211671913495,0.026717111089316622,76586.4086151123,0.8030879385023956,0.002901932130453689,0.001,0.001,vit,dp_kfm_a,pink,0.4,42,3,True
layer,head,patch_head,0.7205065301553155,0.0003492361860802786,1001.1091828346252,2.9917581074654356,0.0945552732688405,0.001,0.001,vit,dp_kfm_a,pink,0.4,42,3,True
layer,cls_token,identity,0.7170487583105086,3.474266721627629e-05,99.59220886230469,0.10011790872511733,0.01003226711702109,0.001,0.001,vit,dp_kfm_a,pink,0.4,42,3,True
layer,pos_embed,identity,0.7202348663195954,0.006844305441606457,19619.665145874023,0.40324405387225115,0.0028788708128321475,0.001,0.001,vit,dp_kfm_a,pink,0.4,42,3,True
layer,blocks.0.norm1.weight,identity,0.7188956605967206,3.474266721627629e-05,99.59220886230469,0.43021230651199127,0.0431092182299575,0.001,0.001,vit,dp_kfm_a,pink,0.4,42,3,True
layer,blocks.0.norm1.bias,identity,0.7204967458064494,3.474266721627629e-05,99.59220886230469,0.30846640433958405,0.030909728382943848,0.001,0.001,vit,dp_kfm_a,pink,0.4,42,3,True
layer,blocks.0.norm2.weight,identity,0.7176196475046446,3.474266721627629e-05,99.59220886230469,0.14852029651336013,0.014882405214956304,0.001,0.001,vit,dp_kfm_a,pink,0.4,42,3,True
layer,blocks.0.norm2.bias,identity,0.7205544499361359,3.474266721627629e-05,99.59220886230469,0.12619687589560316,0.012645497538250412,0.001,0.001,vit,dp_kfm_a,pink,0.4,42,3,True
layer,blocks.1.norm1.weight,identity,0.7193914572754311,3.474266721627629e-05,99.59220886230469,0.18418262852479214,0.0184559321224837,0.001,0.001,vit,dp_kfm_a,pink,0.4,42,3,True
layer,blocks.1.norm1.bias,identity,0.7189759074838535,3.474266721627629e-05,99.59220886230469,0.21981380607509285,0.022026337212147175,0.001,0.001,vit,dp_kfm_a,pink,0.4,42,3,True
layer,blocks.1.norm2.weight,identity,0.7224622605439603,3.474266721627629e-05,99.59220886230469,0.22988629438100644,0.023035646081107235,0.001,0.001,vit,dp_kfm_a,pink,0.4,42,3,True
layer,blocks.1.norm2.bias,identity,0.7141215683943706,3.474266721627629e-05,99.59220886230469,0.19739176406684233,0.019779547226217286,0.001,0.001,vit,dp_kfm_a,pink,0.4,42,3,True
layer,blocks.2.norm1.weight,identity,0.7185305291031603,3.474266721627629e-05,99.59220886230469,0.19030880121548446,0.019069802324335073,0.001,0.001,vit,dp_kfm_a,pink,0.4,42,3,True
layer,blocks.2.norm1.bias,identity,0.7203444953986233,3.474266721627629e-05,99.59220886230469,0.2451490227387622,0.02456504046987684,0.001,0.001,vit,dp_kfm_a,pink,0.4,42,3,True
layer,blocks.2.norm2.weight,identity,0.7226812528621283,3.474266721627629e-05,99.59220886230469,0.170615456567656,0.017096440151169665,0.001,0.001,vit,dp_kfm_a,pink,0.4,42,3,True
layer,blocks.2.norm2.bias,identity,0.7182613102007984,3.474266721627629e-05,99.59220886230469,0.22314516599462775,0.022360154538150982,0.001,0.001,vit,dp_kfm_a,pink,0.4,42,3,True
layer,blocks.3.norm1.weight,identity,0.7188469885769783,3.474266721627629e-05,99.59220886230469,0.15688629314138589,0.01572071590223694,0.001,0.001,vit,dp_kfm_a,pink,0.4,42,3,True
layer,blocks.3.norm1.bias,identity,0.7147986804414109,3.474266721627629e-05,99.59220886230469,0.22437527127605225,0.022483416649020573,0.001,0.001,vit,dp_kfm_a,pink,0.4,42,3,True
layer,blocks.3.norm2.weight,identity,0.7192107265710592,3.474266721627629e-05,99.59220886230469,0.16427554382876483,0.016461152230106586,0.001,0.001,vit,dp_kfm_a,pink,0.4,42,3,True
layer,blocks.3.norm2.bias,identity,0.7243844031311027,3.474266721627629e-05,99.59220886230469,0.18029949636586984,0.01806682472336729,0.001,0.001,vit,dp_kfm_a,pink,0.4,42,3,True
layer,blocks.4.norm1.weight,identity,0.7125426018991577,3.474266721627629e-05,99.59220886230469,0.1469799430851674,0.01472805483705661,0.001,0.001,vit,dp_kfm_a,pink,0.4,42,3,True
layer,blocks.4.norm1.bias,identity,0.7208822967393165,3.474266721627629e-05,99.59220886230469,0.22635069804995184,0.022681363343255774,0.001,0.001,vit,dp_kfm_a,pink,0.4,42,3,True
layer,blocks.4.norm2.weight,identity,0.7131738286075306,3.474266721627629e-05,99.59220886230469,0.12820665150773344,0.0128468861413776,0.001,0.001,vit,dp_kfm_a,pink,0.4,42,3,True
layer,blocks.4.norm2.bias,identity,0.7170029075858136,3.474266721627629e-05,99.59220886230469,0.16268588935185804,0.016301861664221096,0.001,0.001,vit,dp_kfm_a,pink,0.4,42,3,True
layer,blocks.5.norm1.weight,identity,0.7218551736756922,3.474266721627629e-05,99.59220886230469,0.11884463968300155,0.011908770228106852,0.001,0.001,vit,dp_kfm_a,pink,0.4,42,3,True
layer,blocks.5.norm1.bias,identity,0.7208390151719061,3.474266721627629e-05,99.59220886230469,0.17088459844886644,0.017123409384537235,0.001,0.001,vit,dp_kfm_a,pink,0.4,42,3,True
layer,blocks.5.norm2.weight,identity,0.7171832963174583,3.474266721627629e-05,99.59220886230469,0.11571064497352967,0.011594729788498013,0.001,0.001,vit,dp_kfm_a,pink,0.4,42,3,True
layer,blocks.5.norm2.bias,identity,0.7180369801658056,3.474266721627629e-05,99.59220886230469,0.13639078808796834,0.013666973629626353,0.001,0.001,vit,dp_kfm_a,pink,0.4,42,3,True
layer,blocks.6.norm1.weight,identity,0.7147536759819375,3.474266721627629e-05,99.59220886230469,0.11586956445744566,0.011610654239308535,0.001,0.001,vit,dp_kfm_a,pink,0.4,42,3,True
layer,blocks.6.norm1.bias,identity,0.719019824748425,3.474266721627629e-05,99.59220886230469,0.1726017670128647,0.017295477438478327,0.001,0.001,vit,dp_kfm_a,pink,0.4,42,3,True
layer,blocks.6.norm2.weight,identity,0.7171472179685923,3.474266721627629e-05,99.59220886230469,0.0972030121554687,0.00974018130163024,0.001,0.001,vit,dp_kfm_a,pink,0.4,42,3,True
layer,blocks.6.norm2.bias,identity,0.7180579141275972,3.474266721627629e-05,99.59220886230469,0.11440431801827315,0.011463829921289638,0.001,0.001,vit,dp_kfm_a,pink,0.4,42,3,True
layer,blocks.7.norm1.weight,identity,0.7175317884381802,3.474266721627629e-05,99.59220886230469,0.09668856525714352,0.009688631396451017,0.001,0.001,vit,dp_kfm_a,pink,0.4,42,3,True
layer,blocks.7.norm1.bias,identity,0.7160031215107986,3.474266721627629e-05,99.59220886230469,0.13751098958955948,0.013779222884849075,0.001,0.001,vit,dp_kfm_a,pink,0.4,42,3,True
layer,blocks.7.norm2.weight,identity,0.7184665881340571,3.474266721627629e-05,99.59220886230469,0.06422373319557607,0.0064355084407458395,0.001,0.001,vit,dp_kfm_a,pink,0.4,42,3,True
layer,blocks.7.norm2.bias,identity,0.7187222937380855,3.474266721627629e-05,99.59220886230469,0.08634344027222171,0.008652003099583016,0.001,0.001,vit,dp_kfm_a,pink,0.4,42,3,True
layer,blocks.8.norm1.weight,identity,0.711912583429075,3.474266721627629e-05,99.59220886230469,0.11600712232351856,0.011624438159428947,0.001,0.001,vit,dp_kfm_a,pink,0.4,42,3,True
layer,blocks.8.norm1.bias,identity,0.7201644329306602,3.474266721627629e-05,99.59220886230469,0.1285892410937853,0.012885223347700994,0.001,0.001,vit,dp_kfm_a,pink,0.4,42,3,True
layer,blocks.8.norm2.weight,identity,0.7256273316981081,3.474266721627629e-05,99.59220886230469,0.047169566467229786,0.004726603827618809,0.001,0.001,vit,dp_kfm_a,pink,0.4,42,3,True
layer,blocks.8.norm2.bias,identity,0.7215629775107629,3.474266721627629e-05,99.59220886230469,0.07178909531310858,0.007193591930168916,0.001,0.001,vit,dp_kfm_a,pink,0.4,42,3,True
layer,blocks.9.norm1.weight,identity,0.7179730969686418,3.474266721627629e-05,99.59220886230469,0.10776826339689392,0.010798867244655981,0.001,0.001,vit,dp_kfm_a,pink,0.4,42,3,True
layer,blocks.9.norm1.bias,identity,0.7209356227659446,3.474266721627629e-05,99.59220886230469,0.13188666878902222,0.013215640511412507,0.001,0.001,vit,dp_kfm_a,pink,0.4,42,3,True
layer,blocks.9.norm2.weight,identity,0.7217737562666496,3.474266721627629e-05,99.59220886230469,0.1539857375698794,0.015430067119699815,0.001,0.001,vit,dp_kfm_a,pink,0.4,42,3,True
layer,blocks.9.norm2.bias,identity,0.7151028477383192,3.474266721627629e-05,99.59220886230469,0.06617750524679536,0.0066312852338610145,0.001,0.001,vit,dp_kfm_a,pink,0.4,42,3,True
layer,blocks.10.norm1.weight,identity,0.7122572511784651,3.474266721627629e-05,99.59220886230469,0.08370812717240628,0.008387932811949246,0.001,0.001,vit,dp_kfm_a,pink,0.4,42,3,True
layer,blocks.10.norm1.bias,identity,0.7193202360401401,3.474266721627629e-05,99.59220886230469,0.11862186664345568,0.011886447362321358,0.001,0.001,vit,dp_kfm_a,pink,0.4,42,3,True
layer,blocks.10.norm2.weight,identity,0.7215850753882994,3.474266721627629e-05,99.59220886230469,0.11350457897042793,0.011373672000708416,0.001,0.001,vit,dp_kfm_a,pink,0.4,42,3,True
layer,blocks.10.norm2.bias,identity,0.7204858128638836,3.474266721627629e-05,99.59220886230469,0.05622896784094979,0.005634396805506545,0.001,0.001,vit,dp_kfm_a,pink,0.4,42,3,True
layer,blocks.11.norm1.weight,identity,0.7220381026502785,3.474266721627629e-05,99.59220886230469,0.08435588595850582,0.008452841171026047,0.001,0.001,vit,dp_kfm_a,pink,0.4,42,3,True
layer,blocks.11.norm1.bias,identity,0.7188285487712726,3.474266721627629e-05,99.59220886230469,0.10361971465401064,0.010383163903799574,0.001,0.001,vit,dp_kfm_a,pink,0.4,42,3,True
layer,blocks.11.norm2.weight,identity,0.7208963646960967,3.474266721627629e-05,99.59220886230469,0.048246849728931854,0.004834552481158551,0.001,0.001,vit,dp_kfm_a,pink,0.4,42,3,True
layer,blocks.11.norm2.bias,identity,0.7210786989000476,3.474266721627629e-05,99.59220886230469,0.04074900706631307,0.004083234746393306,0.001,0.001,vit,dp_kfm_a,pink,0.4,42,3,True
layer,norm.weight,identity,0.72103111439115,3.474266721627629e-05,99.59220886230469,0.03804401054870053,0.0038121818652368652,0.001,0.001,vit,dp_kfm_a,pink,0.4,42,3,True
layer,norm.bias,identity,0.7169129941168543,3.474266721627629e-05,99.59220886230469,0.020312224954722617,0.002035376778057647,0.001,0.001,vit,dp_kfm_a,pink,0.4,42,3,True
group,attention_out,attention_out,0.7202461665417961,0.08046401727289565,230655.55572509766,4.475935173377603,0.009319697752594188,0.001,0.001,vit,dp_kfm_a,pink,0.4,42,3,True
group,attention_qkv,attention_qkv,0.7202016451926663,0.2413920518186876,691966.667175293,4.573382617539306,0.005497876114585783,0.001,0.001,vit,dp_kfm_a,pink,0.4,42,3,True
group,identity,identity,0.7201250387717587,0.008616181469636556,24698.867797851562,1.2180009471347721,0.00775013206738832,0.001,0.001,vit,dp_kfm_a,pink,0.4,42,3,True
group,mlp_fc1,mlp_fc1,0.7202132087071282,0.3218560690915826,922622.2229003906,5.439068220036791,0.00566255652762634,0.001,0.001,vit,dp_kfm_a,pink,0.4,42,3,True
group,mlp_fc2,mlp_fc2,0.7202200102194106,0.3206053330717978,919036.9033813477,5.404779911301073,0.005637824315969659,0.001,0.001,vit,dp_kfm_a,pink,0.4,42,3,True
group,patch_head,patch_head,0.720347289603547,0.027066347275396748,77587.51779794693,4.518944474526716,0.01622337011145262,0.001,0.001,vit,dp_kfm_a,pink,0.4,42,3,True
layer,patch_embed,patch_head,0.7201664359723633,0.026717111089316622,76586.4086151123,3.124558773350697,0.011290491443298292,0.001,0.001,vit,dp_kfm_a,pink,0.4,42,4,True
layer,blocks.0.attn.q_proj,attention_qkv,0.7199875313364998,0.006705334772741336,19221.296310424805,0.3108278887548282,0.0022419640361318743,0.001,0.001,vit,dp_kfm_a,pink,0.4,42,4,True
layer,blocks.0.attn.k_proj,attention_qkv,0.7208198488278883,0.006705334772741336,19221.296310424805,0.4665996924201123,0.0033655272500377814,0.001,0.001,vit,dp_kfm_a,pink,0.4,42,4,True
layer,blocks.0.attn.v_proj,attention_qkv,0.7200031731565988,0.006705334772741336,19221.296310424805,1.1760182704656328,0.008482477807188077,0.001,0.001,vit,dp_kfm_a,pink,0.4,42,4,True
layer,blocks.0.attn.out_proj,attention_out,0.7204719504325265,0.006705334772741336,19221.296310424805,1.3626064832297293,0.009828316059537412,0.001,0.001,vit,dp_kfm_a,pink,0.4,42,4,True
layer,blocks.0.mlp.fc1,mlp_fc1,0.7202276181727246,0.026821339090965342,76885.18524169922,1.4611761689656593,0.005269643651342197,0.001,0.001,vit,dp_kfm_a,pink,0.4,42,4,True
layer,blocks.0.mlp.fc2,mlp_fc2,0.7199249098522442,0.026717111089316622,76586.4086151123,2.3047071102315217,0.008327984139492815,0.001,0.001,vit,dp_kfm_a,pink,0.4,42,4,True
layer,blocks.1.attn.q_proj,attention_qkv,0.7200638799242677,0.006705334772741336,19221.296310424805,0.18484199677377575,0.00133324300722733,0.001,0.001,vit,dp_kfm_a,pink,0.4,42,4,True
layer,blocks.1.attn.k_proj,attention_qkv,0.7202076515109709,0.006705334772741336,19221.296310424805,0.2505015232919356,0.0018068372450959693,0.001,0.001,vit,dp_kfm_a,pink,0.4,42,4,True
layer,blocks.1.attn.v_proj,attention_qkv,0.7203562907222264,0.006705334772741336,19221.296310424805,1.0712491858649806,0.007726791048467424,0.001,0.001,vit,dp_kfm_a,pink,0.4,42,4,True
layer,blocks.1.attn.out_proj,attention_out,0.7197635201615322,0.006705334772741336,19221.296310424805,1.334453084760481,0.009625248995266565,0.001,0.001,vit,dp_kfm_a,pink,0.4,42,4,True
layer,blocks.1.mlp.fc1,mlp_fc1,0.7201179190459883,0.026821339090965342,76885.18524169922,1.7848124388784259,0.006436818322892672,0.001,0.001,vit,dp_kfm_a,pink,0.4,42,4,True
layer,blocks.1.mlp.fc2,mlp_fc2,0.7201760295097422,0.026717111089316622,76586.4086151123,1.4634067604307324,0.0052879727043795175,0.001,0.001,vit,dp_kfm_a,pink,0.4,42,4,True
layer,blocks.2.attn.q_proj,attention_qkv,0.7202636824863135,0.006705334772741336,19221.296310424805,0.28475321820637073,0.002053890585394192,0.001,0.001,vit,dp_kfm_a,pink,0.4,42,4,True
layer,blocks.2.attn.k_proj,attention_qkv,0.7203332217719088,0.006705334772741336,19221.296310424805,0.37903122749347085,0.0027339064844389073,0.001,0.001,vit,dp_kfm_a,pink,0.4,42,4,True
layer,blocks.2.attn.v_proj,attention_qkv,0.7199040015148236,0.006705334772741336,19221.296310424805,1.4183192949773151,0.010230165844607345,0.001,0.001,vit,dp_kfm_a,pink,0.4,42,4,True
layer,blocks.2.attn.out_proj,attention_out,0.7204557095601292,0.006705334772741336,19221.296310424805,1.5503913168228507,0.011182785393461495,0.001,0.001,vit,dp_kfm_a,pink,0.4,42,4,True
layer,blocks.2.mlp.fc1,mlp_fc1,0.7202642276135887,0.026821339090965342,76885.18524169922,1.8839790088032335,0.00679445657126321,0.001,0.001,vit,dp_kfm_a,pink,0.4,42,4,True
layer,blocks.2.mlp.fc2,mlp_fc2,0.7202316989133111,0.026717111089316622,76586.4086151123,1.7654911640177882,0.0063795448658453754,0.001,0.001,vit,dp_kfm_a,pink,0.4,42,4,True
layer,blocks.3.attn.q_proj,attention_qkv,0.7204158048438295,0.006705334772741336,19221.296310424805,0.2985591844536435,0.0021534713531767458,0.001,0.001,vit,dp_kfm_a,pink,0.4,42,4,True
layer,blocks.3.attn.k_proj,attention_qkv,0.7203836560223673,0.006705334772741336,19221.296310424805,0.42071827958502583,0.003034590158404026,0.001,0.001,vit,dp_kfm_a,pink,0.4,42,4,True
layer,blocks.3.attn.v_proj,attention_qkv,0.7199340686714436,0.006705334772741336,19221.296310424805,1.2710567711269711,0.009167979038702992,0.001,0.001,vit,dp_kfm_a,pink,0.4,42,4,True
layer,blocks.3.attn.out_proj,attention_out,0.7204119482200319,0.006705334772741336,19221.296310424805,1.3747052225261986,0.009915582805432947,0.001,0.001,vit,dp_kfm_a,pink,0.4,42,4,True
layer,blocks.3.mlp.fc1,mlp_fc1,0.7200680791762869,0.026821339090965342,76885.18524169922,1.7556213455359388,0.006331542406836047,0.001,0.001,vit,dp_kfm_a,pink,0.4,42,4,True
layer,blocks.3.mlp.fc2,mlp_fc2,0.720348440413365,0.026717111089316622,76586.4086151123,1.7424009393646347,0.006296109090498869,0.001,0.001,vit,dp_kfm_a,pink,0.4,42,4,True
layer,blocks.4.attn.q_proj,attention_qkv,0.7203754464239714,0.006705334772741336,19221.296310424805,0.3806253547345158,0.0027454047317736576,0.001,0.001,vit,dp_kfm_a,pink,0.4,42,4,True
layer,blocks.4.attn.k_proj,attention_qkv,0.7201808631316112,0.006705334772741336,19221.296310424805,0.5587502090129624,0.004030197801125629,0.001,0.001,vit,dp_kfm_a,pink,0.4,42,4,True
layer,blocks.4.attn.v_proj,attention_qkv,0.7203347965562223,0.006705334772741336,19221.296310424805,1.220620580165465,0.008804188882330095,0.001,0.001,vit,dp_kfm_a,pink,0.4,42,4,True
layer,blocks.4.attn.out_proj,attention_out,0.7199833909754949,0.006705334772741336,19221.296310424805,1.2771316797163084,0.00921179662094969,0.001,0.001,vit,dp_kfm_a,pink,0.4,42,4,True
layer,blocks.4.mlp.fc1,mlp_fc1,0.7201755184905843,0.026821339090965342,76885.18524169922,1.589370421170861,0.005731968483638022,0.001,0.001,vit,dp_kfm_a,pink,0.4,42,4,True
layer,blocks.4.mlp.fc2,mlp_fc2,0.7202376225634297,0.026717111089316622,76586.4086151123,1.6082432686420118,0.0058113347133082385,0.001,0.001,vit,dp_kfm_a,pink,0.4,42,4,True
layer,blocks.5.attn.q_proj,attention_qkv,0.7201620819432007,0.006705334772741336,19221.296310424805,0.28167427197569656,0.002031682517945649,0.001,0.001,vit,dp_kfm_a,pink,0.4,42,4,True
layer,blocks.5.attn.k_proj,attention_qkv,0.7201878638806639,0.006705334772741336,19221.296310424805,0.4204616990819935,0.003032739474211958,0.001,0.001,vit,dp_kfm_a,pink,0.4,42,4,True
layer,blocks.5.attn.v_proj,attention_qkv,0.7203818296300127,0.006705334772741336,19221.296310424805,1.146322800255985,0.008268287965624132,0.001,0.001,vit,dp_kfm_a,pink,0.4,42,4,True
layer,blocks.5.attn.out_proj,attention_out,0.7200803142378941,0.006705334772741336,19221.296310424805,1.1461659364701373,0.00826715652607458,0.001,0.001,vit,dp_kfm_a,pink,0.4,42,4,True
layer,blocks.5.mlp.fc1,mlp_fc1,0.720321359983092,0.026821339090965342,76885.18524169922,1.4388834717109973,0.00518924638436344,0.001,0.001,vit,dp_kfm_a,pink,0.4,42,4,True
layer,blocks.5.mlp.fc2,mlp_fc2,0.7203798189125136,0.026717111089316622,76586.4086151123,1.3085914908377367,0.004728552765942203,0.001,0.001,vit,dp_kfm_a,pink,0.4,42,4,True
layer,blocks.6.attn.q_proj,attention_qkv,0.720232472215051,0.006705334772741336,19221.296310424805,0.2528807668219799,0.001823998441438189,0.001,0.001,vit,dp_kfm_a,pink,0.4,42,4,True
layer,blocks.6.attn.k_proj,attention_qkv,0.7203306262621503,0.006705334772741336,19221.296310424805,0.3849589144602906,0.0027766621748960786,0.001,0.001,vit,dp_kfm_a,pink,0.4,42,4,True
layer,blocks.6.attn.v_proj,attention_qkv,0.7204199499701646,0.006705334772741336,19221.296310424805,1.1090106998027522,0.007999160289649494,0.001,0.001,vit,dp_kfm_a,pink,0.4,42,4,True
layer,blocks.6.attn.out_proj,attention_out,0.7202005205824377,0.006705334772741336,19221.296310424805,1.2676891086264062,0.009143688495655713,0.001,0.001,vit,dp_kfm_a,pink,0.4,42,4,True
layer,blocks.6.mlp.fc1,mlp_fc1,0.7201761628468,0.026821339090965342,76885.18524169922,1.4093649278982525,0.005082789537951965,0.001,0.001,vit,dp_kfm_a,pink,0.4,42,4,True
layer,blocks.6.mlp.fc2,mlp_fc2,0.7203239798769727,0.026717111089316622,76586.4086151123,1.2707208428654975,0.004591708411939479,0.001,0.001,vit,dp_kfm_a,pink,0.4,42,4,True
layer,blocks.7.attn.q_proj,attention_qkv,0.7202573160698439,0.006705334772741336,19221.296310424805,0.2234787378673617,0.0016119251562203476,0.001,0.001,vit,dp_kfm_a,pink,0.4,42,4,True
layer,blocks.7.attn.k_proj,attention_qkv,0.720478746542441,0.006705334772741336,19221.296310424805,0.32177687359168755,0.0023209377419171804,0.001,0.001,vit,dp_kfm_a,pink,0.4,42,4,True
layer,blocks.7.attn.v_proj,attention_qkv,0.7201489702963895,0.006705334772741336,19221.296310424805,1.0810533514226977,0.007797507311003388,0.001,0.001,vit,dp_kfm_a,pink,0.4,42,4,True
layer,blocks.7.attn.out_proj,attention_out,0.7199502140181573,0.006705334772741336,19221.296310424805,1.0226244275241634,0.007376066536897923,0.001,0.001,vit,dp_kfm_a,pink,0.4,42,4,True
layer,blocks.7.mlp.fc1,mlp_fc1,0.7203540521447042,0.026821339090965342,76885.18524169922,1.2509917951388394,0.004511626394646937,0.001,0.001,vit,dp_kfm_a,pink,0.4,42,4,True
layer,blocks.7.mlp.fc2,mlp_fc2,0.7203921449129725,0.026717111089316622,76586.4086151123,1.159808252215908,0.004190929375115557,0.001,0.001,vit,dp_kfm_a,pink,0.4,42,4,True
layer,blocks.8.attn.q_proj,attention_qkv,0.7205595885723421,0.006705334772741336,19221.296310424805,0.21572417959331813,0.0015559924635776747,0.001,0.001,vit,dp_kfm_a,pink,0.4,42,4,True
layer,blocks.8.attn.k_proj,attention_qkv,0.7204668028801823,0.006705334772741336,19221.296310424805,0.3104876660879846,0.002239510051110144,0.001,0.001,vit,dp_kfm_a,pink,0.4,42,4,True
layer,blocks.8.attn.v_proj,attention_qkv,0.7201674059202987,0.006705334772741336,19221.296310424805,0.9467159089411742,0.0068285475566002935,0.001,0.001,vit,dp_kfm_a,pink,0.4,42,4,True
layer,blocks.8.attn.out_proj,attention_out,0.7200214266706272,0.006705334772741336,19221.296310424805,0.9171222450620644,0.006615092031807688,0.001,0.001,vit,dp_kfm_a,pink,0.4,42,4,True
layer,blocks.8.mlp.fc1,mlp_fc1,0.7200092105178949,0.026821339090965342,76885.18524169922,1.13049083781937,0.00407704696596059,0.001,0.001,vit,dp_kfm_a,pink,0.4,42,4,True
layer,blocks.8.mlp.fc2,mlp_fc2,0.7201899319680464,0.026717111089316622,76586.4086151123,0.9736959149408962,0.003518418501126651,0.001,0.001,vit,dp_kfm_a,pink,0.4,42,4,True
layer,blocks.9.attn.q_proj,attention_qkv,0.7196701075927836,0.006705334772741336,19221.296310424805,0.21994880291427954,0.0015864641615637917,0.001,0.001,vit,dp_kfm_a,pink,0.4,42,4,True
layer,blocks.9.attn.k_proj,attention_qkv,0.7200784714212928,0.006705334772741336,19221.296310424805,0.3396189305595466,0.002449630344800405,0.001,0.001,vit,dp_kfm_a,pink,0.4,42,4,True
layer,blocks.9.attn.v_proj,attention_qkv,0.7201275084623421,0.006705334772741336,19221.296310424805,0.8395114604683828,0.006055294812285151,0.001,0.001,vit,dp_kfm_a,pink,0.4,42,4,True
layer,blocks.9.attn.out_proj,attention_out,0.7202442494693023,0.006705334772741336,19221.296310424805,0.7819848187270284,0.005640362090449217,0.001,0.001,vit,dp_kfm_a,pink,0.4,42,4,True
layer,blocks.9.mlp.fc1,mlp_fc1,0.7200941355070342,0.026821339090965342,76885.18524169922,0.9586965582402827,0.0034574812668007934,0.001,0.001,vit,dp_kfm_a,pink,0.4,42,4,True
layer,blocks.9.mlp.fc2,mlp_fc2,0.7201062736704913,0.026717111089316622,76586.4086151123,0.7756815386367076,0.0028028999964403033,0.001,0.001,vit,dp_kfm_a,pink,0.4,42,4,True
layer,blocks.10.attn.q_proj,attention_qkv,0.7200208620761389,0.006705334772741336,19221.296310424805,0.18476768768258675,0.0013327070247237296,0.001,0.001,vit,dp_kfm_a,pink,0.4,42,4,True
layer,blocks.10.attn.k_proj,attention_qkv,0.7202877510014242,0.006705334772741336,19221.296310424805,0.2975369198862034,0.002146097882267191,0.001,0.001,vit,dp_kfm_a,pink,0.4,42,4,True
layer,blocks.10.attn.v_proj,attention_qkv,0.720307588279979,0.006705334772741336,19221.296310424805,0.72537786184753,0.0052320629444906445,0.001,0.001,vit,dp_kfm_a,pink,0.4,42,4,True
layer,blocks.10.attn.out_proj,attention_out,0.7198921650606703,0.006705334772741336,19221.296310424805,0.6817674926530206,0.00491750661645908,0.001,0.001,vit,dp_kfm_a,pink,0.4,42,4,True
layer,blocks.10.mlp.fc1,mlp_fc1,0.720182864380963,0.026821339090965342,76885.18524169922,0.7977729073627018,0.002877119833861366,0.001,0.001,vit,dp_kfm_a,pink,0.4,42,4,True
layer,blocks.10.mlp.fc2,mlp_fc2,0.7202524499704815,0.026717111089316622,76586.4086151123,0.6231429584102598,0.002251706800937476,0.001,0.001,vit,dp_kfm_a,pink,0.4,42,4,True
layer,blocks.11.attn.q_proj,attention_qkv,0.7198971146311246,0.006705334772741336,19221.296310424805,0.24450552511850604,0.001763588834152559,0.001,0.001,vit,dp_kfm_a,pink,0.4,42,4,True
layer,blocks.11.attn.k_proj,attention_qkv,0.7199392695183862,0.006705334772741336,19221.296310424805,0.33133159250646427,0.0023898547759326648,0.001,0.001,vit,dp_kfm_a,pink,0.4,42,4,True
layer,blocks.11.attn.v_proj,attention_qkv,0.719925164869055,0.006705334772741336,19221.296310424805,0.6924313771104071,0.004994423927626693,0.001,0.001,vit,dp_kfm_a,pink,0.4,42,4,True
layer,blocks.11.attn.out_proj,attention_out,0.7206948499158482,0.006705334772741336,19221.296310424805,0.6146884877770356,0.004433673852565437,0.001,0.001,vit,dp_kfm_a,pink,0.4,42,4,True
layer,blocks.11.mlp.fc1,mlp_fc1,0.7201960493280665,0.026821339090965342,76885.18524169922,0.6104541215306931,0.0022015659400173933,0.001,0.001,vit,dp_kfm_a,pink,0.4,42,4,True
layer,blocks.11.mlp.fc2,mlp_fc2,0.7200935126386719,0.026717111089316622,76586.4086151123,0.6266387597701424,0.0022643387653856584,0.001,0.001,vit,dp_kfm_a,pink,0.4,42,4,True
layer,head,patch_head,0.7177379290263146,0.0003492361860802786,1001.1091828346252,2.211249608735221,0.06988710434103546,0.001,0.001,vit,dp_kfm_a,pink,0.4,42,4,True
layer,cls_token,identity,0.7228234777706155,3.474266721627629e-05,99.59220886230469,0.09357926295335017,0.00937706524753287,0.001,0.001,vit,dp_kfm_a,pink,0.4,42,4,True
layer,pos_embed,identity,0.7201746335969738,0.006844305441606457,19619.665145874023,0.36861867834667267,0.0026316706817286176,0.001,0.001,vit,dp_kfm_a,pink,0.4,42,4,True
layer,blocks.0.norm1.weight,identity,0.7147692961991168,3.474266721627629e-05,99.59220886230469,0.4285647612075894,0.04294412674141539,0.001,0.001,vit,dp_kfm_a,pink,0.4,42,4,True
layer,blocks.0.norm1.bias,identity,0.7177438108972682,3.474266721627629e-05,99.59220886230469,0.2920672696917199,0.029266460945875473,0.001,0.001,vit,dp_kfm_a,pink,0.4,42,4,True
layer,blocks.0.norm2.weight,identity,0.7209054923813855,3.474266721627629e-05,99.59220886230469,0.13717957658382382,0.01374601380325784,0.001,0.001,vit,dp_kfm_a,pink,0.4,42,4,True
layer,blocks.0.norm2.bias,identity,0.713976861568668,3.474266721627629e-05,99.59220886230469,0.11747323044484531,0.01177134882189562,0.001,0.001,vit,dp_kfm_a,pink,0.4,42,4,True
layer,blocks.1.norm1.weight,identity,0.7217680303782349,3.474266721627629e-05,99.59220886230469,0.163413574594656,0.0163747790156303,0.001,0.001,vit,dp_kfm_a,pink,0.4,42,4,True
layer,blocks.1.norm1.bias,identity,0.7184075345694566,3.474266721627629e-05,99.59220886230469,0.20521637864250988,0.020563608984102744,0.001,0.001,vit,dp_kfm_a,pink,0.4,42,4,True
layer,blocks.1.norm2.weight,identity,0.71634014610284,3.474266721627629e-05,99.59220886230469,0.21250807229047367,0.021294269655538687,0.001,0.001,vit,dp_kfm_a,pink,0.4,42,4,True
layer,blocks.1.norm2.bias,identity,0.7177526778204772,3.474266721627629e-05,99.59220886230469,0.18071619860213484,0.01810858017147548,0.001,0.001,vit,dp_kfm_a,pink,0.4,42,4,True
layer,blocks.2.norm1.weight,identity,0.7207904211153019,3.474266721627629e-05,99.59220886230469,0.1701492347608039,0.017049722618195998,0.001,0.001,vit,dp_kfm_a,pink,0.4,42,4,True
layer,blocks.2.norm1.bias,identity,0.7165788173709562,3.474266721627629e-05,99.59220886230469,0.22136973194985995,0.02218224801960127,0.001,0.001,vit,dp_kfm_a,pink,0.4,42,4,True
layer,blocks.2.norm2.weight,identity,0.721345673364481,3.474266721627629e-05,99.59220886230469,0.15258800264809116,0.015290007760962454,0.001,0.001,vit,dp_kfm_a,pink,0.4,42,4,True
layer,blocks.2.norm2.bias,identity,0.7146299605285329,3.474266721627629e-05,99.59220886230469,0.2040058756905598,0.020442311115274402,0.001,0.001,vit,dp_kfm_a,pink,0.4,42,4,True
layer,blocks.3.norm1.weight,identity,0.7179256021757493,3.474266721627629e-05,99.59220886230469,0.1390115630053126,0.013929587125645071,0.001,0.001,vit,dp_kfm_a,pink,0.4,42,4,True
layer,blocks.3.norm1.bias,identity,0.7228140904797462,3.474266721627629e-05,99.59220886230469,0.202714484871702,0.020312907916463903,0.001,0.001,vit,dp_kfm_a,pink,0.4,42,4,True
layer,blocks.3.norm2.weight,identity,0.7187955695977898,3.474266721627629e-05,99.59220886230469,0.14878005076766643,0.014908433765663821,0.001,0.001,vit,dp_kfm_a,pink,0.4,42,4,True
layer,blocks.3.norm2.bias,identity,0.7227343624774015,3.474266721627629e-05,99.59220886230469,0.15994431024114533,0.016027143041835258,0.001,0.001,vit,dp_kfm_a,pink,0.4,42,4,True
layer,blocks.4.norm1.weight,identity,0.723321156368762,3.474266721627629e-05,99.59220886230469,0.1288373570512557,0.012910085688445382,0.001,0.001,vit,dp_kfm_a,pink,0.4,42,4,True
layer,blocks.4.norm1.bias,identity,0.7211191661998216,3.474266721627629e-05,99.59220886230469,0.20400244002640325,0.020441966846192282,0.001,0.001,vit,dp_kfm_a,pink,0.4,42,4,True
layer,blocks.4.norm2.weight,identity,0.7155144264400678,3.474266721627629e-05,99.59220886230469,0.11600938814542974,0.0116246652050289,0.001,0.001,vit,dp_kfm_a,pink,0.4,42,4,True
layer,blocks.4.norm2.bias,identity,0.7105361602840206,3.474266721627629e-05,99.59220886230469,0.14670148974301886,0.01470015255320317,0.001,0.001,vit,dp_kfm_a,pink,0.4,42,4,True
layer,blocks.5.norm1.weight,identity,0.7175520213472371,3.474266721627629e-05,99.59220886230469,0.10614563160740052,0.010636272202949082,0.001,0.001,vit,dp_kfm_a,pink,0.4,42,4,True
layer,blocks.5.norm1.bias,identity,0.7224320260311429,3.474266721627629e-05,99.59220886230469,0.15409742937804366,0.01544125914386967,0.001,0.001,vit,dp_kfm_a,pink,0.4,42,4,True
layer,blocks.5.norm2.weight,identity,0.7195890118007295,3.474266721627629e-05,99.59220886230469,0.1047284991918312,0.010494269127633012,0.001,0.001,vit,dp_kfm_a,pink,0.4,42,4,True
layer,blocks.5.norm2.bias,identity,0.7156002394170525,3.474266721627629e-05,99.59220886230469,0.12061991190932207,0.012086660531716533,0.001,0.001,vit,dp_kfm_a,pink,0.4,42,4,True
layer,blocks.6.norm1.weight,identity,0.7214029663086481,3.474266721627629e-05,99.59220886230469,0.10312563873187656,0.010333655262537931,0.001,0.001,vit,dp_kfm_a,pink,0.4,42,4,True
layer,blocks.6.norm1.bias,identity,0.7174646537781068,3.474266721627629e-05,99.59220886230469,0.15145118283284625,0.015176093275575266,0.001,0.001,vit,dp_kfm_a,pink,0.4,42,4,True
layer,blocks.6.norm2.weight,identity,0.7202530417467635,3.474266721627629e-05,99.59220886230469,0.08516711295416467,0.008534129783788947,0.001,0.001,vit,dp_kfm_a,pink,0.4,42,4,True
layer,blocks.6.norm2.bias,identity,0.7175243603048599,3.474266721627629e-05,99.59220886230469,0.10084302641574673,0.010104927188094338,0.001,0.001,vit,dp_kfm_a,pink,0.4,42,4,True
layer,blocks.7.norm1.weight,identity,0.7202680223285816,3.474266721627629e-05,99.59220886230469,0.08629701105481566,0.008647350682078666,0.001,0.001,vit,dp_kfm_a,pink,0.4,42,4,True
layer,blocks.7.norm1.bias,identity,0.7182707382821932,3.474266721627629e-05,99.59220886230469,0.1246852838312707,0.01249402917904819,0.001,0.001,vit,dp_kfm_a,pink,0.4,42,4,True
layer,blocks.7.norm2.weight,identity,0.7239550230985322,3.474266721627629e-05,99.59220886230469,0.05491024748218769,0.005502255063232659,0.001,0.001,vit,dp_kfm_a,pink,0.4,42,4,True
layer,blocks.7.norm2.bias,identity,0.7194683338557825,3.474266721627629e-05,99.59220886230469,0.07453136727744862,0.007468379979620807,0.001,0.001,vit,dp_kfm_a,pink,0.4,42,4,True
layer,blocks.8.norm1.weight,identity,0.7227894022030253,3.474266721627629e-05,99.59220886230469,0.09955491970475448,0.009975853071740374,0.001,0.001,vit,dp_kfm_a,pink,0.4,42,4,True
layer,blocks.8.norm1.bias,identity,0.7139701420952558,3.474266721627629e-05,99.59220886230469,0.11107063460860882,0.011129779771069674,0.001,0.001,vit,dp_kfm_a,pink,0.4,42,4,True
layer,blocks.8.norm2.weight,identity,0.7167200000669894,3.474266721627629e-05,99.59220886230469,0.04122021446082741,0.004130451857792055,0.001,0.001,vit,dp_kfm_a,pink,0.4,42,4,True
layer,blocks.8.norm2.bias,identity,0.7200384726757901,3.474266721627629e-05,99.59220886230469,0.06142895272163505,0.0061554588012253855,0.001,0.001,vit,dp_kfm_a,pink,0.4,42,4,True
layer,blocks.9.norm1.weight,identity,0.7191444579580176,3.474266721627629e-05,99.59220886230469,0.08415080019693214,0.008432290650462792,0.001,0.001,vit,dp_kfm_a,pink,0.4,42,4,True
layer,blocks.9.norm1.bias,identity,0.7196153249121182,3.474266721627629e-05,99.59220886230469,0.11512480005611339,0.011536025478994249,0.001,0.001,vit,dp_kfm_a,pink,0.4,42,4,True
layer,blocks.9.norm2.weight,identity,0.7158513893531853,3.474266721627629e-05,99.59220886230469,0.10350282599834379,0.010371451132013473,0.001,0.001,vit,dp_kfm_a,pink,0.4,42,4,True
layer,blocks.9.norm2.bias,identity,0.7202024983149212,3.474266721627629e-05,99.59220886230469,0.0544925849921765,0.0054604033933575245,0.001,0.001,vit,dp_kfm_a,pink,0.4,42,4,True
layer,blocks.10.norm1.weight,identity,0.7170528341705131,3.474266721627629e-05,99.59220886230469,0.07940426807692297,0.007956666671558154,0.001,0.001,vit,dp_kfm_a,pink,0.4,42,4,True
layer,blocks.10.norm1.bias,identity,0.7180456441123483,3.474266721627629e-05,99.59220886230469,0.10058498803255211,0.010079070575430166,0.001,0.001,vit,dp_kfm_a,pink,0.4,42,4,True
layer,blocks.10.norm2.weight,identity,0.7149465003565171,3.474266721627629e-05,99.59220886230469,0.10686828629924137,0.010708685470407766,0.001,0.001,vit,dp_kfm_a,pink,0.4,42,4,True
layer,blocks.10.norm2.bias,identity,0.7163568163977728,3.474266721627629e-05,99.59220886230469,0.04721093171980929,0.004730748812951855,0.001,0.001,vit,dp_kfm_a,pink,0.4,42,4,True
layer,blocks.11.norm1.weight,identity,0.7234839424204134,3.474266721627629e-05,99.59220886230469,0.06421332819364953,0.006434465812508696,0.001,0.001,vit,dp_kfm_a,pink,0.4,42,4,True
layer,blocks.11.norm1.bias,identity,0.7200672173508642,3.474266721627629e-05,99.59220886230469,0.08577028082468305,0.008594569931515755,0.001,0.001,vit,dp_kfm_a,pink,0.4,42,4,True
layer,blocks.11.norm2.weight,identity,0.7183092661681169,3.474266721627629e-05,99.59220886230469,0.03542744859475466,0.0035499905271987172,0.001,0.001,vit,dp_kfm_a,pink,0.4,42,4,True
layer,blocks.11.norm2.bias,identity,0.7148963748194893,3.474266721627629e-05,99.59220886230469,0.02977992004092677,0.002984082631953288,0.001,0.001,vit,dp_kfm_a,pink,0.4,42,4,True
layer,norm.weight,identity,0.7221380700062177,3.474266721627629e-05,99.59220886230469,0.02771763200296921,0.0027774320463339625,0.001,0.001,vit,dp_kfm_a,pink,0.4,42,4,True
layer,norm.bias,identity,0.7244339099628196,3.474266721627629e-05,99.59220886230469,0.017076862402692992,0.001711178822310443,0.001,0.001,vit,dp_kfm_a,pink,0.4,42,4,True
group,attention_out,attention_out,0.7201933260406581,0.08046401727289565,230655.55572509766,3.983078212835773,0.008293481391188327,0.001,0.001,vit,dp_kfm_a,pink,0.4,42,4,True
group,attention_qkv,attention_qkv,0.720218899656593,0.2413920518186876,691966.667175293,4.076595315463563,0.0049006649755839685,0.001,0.001,vit,dp_kfm_a,pink,0.4,42,4,True
group,identity,identity,0.7200974701865308,0.008616181469636556,24698.867797851562,1.1155250692976781,0.007098078726356598,0.001,0.001,vit,dp_kfm_a,pink,0.4,42,4,True
group,mlp_fc1,mlp_fc1,0.720183947682146,0.3218560690915826,922622.2229003906,4.8321542310728995,0.005030704778230199,0.001,0.001,vit,dp_kfm_a,pink,0.4,42,4,True
group,mlp_fc2,mlp_fc2,0.7202239483987523,0.3206053330717978,919036.9033813477,4.822692303971155,0.0050306381362387595,0.001,0.001,vit,dp_kfm_a,pink,0.4,42,4,True
group,patch_head,patch_head,0.7201423286864335,0.027066347275396748,77587.51779794693,3.8386132028299365,0.013780926730847009,0.001,0.001,vit,dp_kfm_a,pink,0.4,42,4,True
layer,patch_embed,patch_head,0.7200964666099504,0.026717111089316622,76586.4086151123,3.013478991865744,0.01088910826783176,0.001,0.001,vit,dp_kfm_a,pink,0.4,42,5,True
layer,blocks.0.attn.q_proj,attention_qkv,0.7204630640132794,0.006705334772741336,19221.296310424805,0.29223259106411986,0.002107838398851565,0.001,0.001,vit,dp_kfm_a,pink,0.4,42,5,True
layer,blocks.0.attn.k_proj,attention_qkv,0.7204123897722393,0.006705334772741336,19221.296310424805,0.4272307569262219,0.003081563871231327,0.001,0.001,vit,dp_kfm_a,pink,0.4,42,5,True
layer,blocks.0.attn.v_proj,attention_qkv,0.7199254945080867,0.006705334772741336,19221.296310424805,1.1147762720876573,0.008040746666477713,0.001,0.001,vit,dp_kfm_a,pink,0.4,42,5,True
layer,blocks.0.attn.out_proj,attention_out,0.7201376454976547,0.006705334772741336,19221.296310424805,1.3017115459236186,0.009389088228438591,0.001,0.001,vit,dp_kfm_a,pink,0.4,42,5,True
layer,blocks.0.mlp.fc1,mlp_fc1,0.7202148939154284,0.026821339090965342,76885.18524169922,1.3804998584184085,0.0049786894072759375,0.001,0.001,vit,dp_kfm_a,pink,0.4,42,5,True
layer,blocks.0.mlp.fc2,mlp_fc2,0.7201917313856833,0.026717111089316622,76586.4086151123,2.1510754962190077,0.007772841301975221,0.001,0.001,vit,dp_kfm_a,pink,0.4,42,5,True
layer,blocks.1.attn.q_proj,attention_qkv,0.7201580657687378,0.006705334772741336,19221.296310424805,0.17514157134182343,0.001263275009694231,0.001,0.001,vit,dp_kfm_a,pink,0.4,42,5,True
layer,blocks.1.attn.k_proj,attention_qkv,0.7201246826451175,0.006705334772741336,19221.296310424805,0.23570955962979245,0.0017001445969969033,0.001,0.001,vit,dp_kfm_a,pink,0.4,42,5,True
layer,blocks.1.attn.v_proj,attention_qkv,0.720234622327973,0.006705334772741336,19221.296310424805,1.016213778792055,0.007329827301534466,0.001,0.001,vit,dp_kfm_a,pink,0.4,42,5,True
layer,blocks.1.attn.out_proj,attention_out,0.7205517372433117,0.006705334772741336,19221.296310424805,1.2414383355221468,0.008954344838443436,0.001,0.001,vit,dp_kfm_a,pink,0.4,42,5,True
layer,blocks.1.mlp.fc1,mlp_fc1,0.7200944380486182,0.026821339090965342,76885.18524169922,1.6722284893507582,0.006030791104907398,0.001,0.001,vit,dp_kfm_a,pink,0.4,42,5,True
layer,blocks.1.mlp.fc2,mlp_fc2,0.7201749298955613,0.026717111089316622,76586.4086151123,1.3692970202072752,0.004947910220746184,0.001,0.001,vit,dp_kfm_a,pink,0.4,42,5,True
layer,blocks.2.attn.q_proj,attention_qkv,0.7198401036047821,0.006705334772741336,19221.296310424805,0.26791030316704145,0.0019324046726176003,0.001,0.001,vit,dp_kfm_a,pink,0.4,42,5,True
layer,blocks.2.attn.k_proj,attention_qkv,0.7201021322144718,0.006705334772741336,19221.296310424805,0.35634078768668137,0.0025702430814713486,0.001,0.001,vit,dp_kfm_a,pink,0.4,42,5,True
layer,blocks.2.attn.v_proj,attention_qkv,0.7204522877632035,0.006705334772741336,19221.296310424805,1.3400865912222357,0.009665882797256367,0.001,0.001,vit,dp_kfm_a,pink,0.4,42,5,True
layer,blocks.2.attn.out_proj,attention_out,0.7206300818054234,0.006705334772741336,19221.296310424805,1.4625681941041022,0.010549327811952332,0.001,0.001,vit,dp_kfm_a,pink,0.4,42,5,True
layer,blocks.2.mlp.fc1,mlp_fc1,0.7203319943970927,0.026821339090965342,76885.18524169922,1.7813690825121284,0.006424400066011422,0.001,0.001,vit,dp_kfm_a,pink,0.4,42,5,True
layer,blocks.2.mlp.fc2,mlp_fc2,0.7202071866862553,0.026717111089316622,76586.4086151123,1.672425939424662,0.006043256705450008,0.001,0.001,vit,dp_kfm_a,pink,0.4,42,5,True
layer,blocks.3.attn.q_proj,attention_qkv,0.7202288078931375,0.006705334772741336,19221.296310424805,0.2789182020244886,0.0020118033181208673,0.001,0.001,vit,dp_kfm_a,pink,0.4,42,5,True
layer,blocks.3.attn.k_proj,attention_qkv,0.7199313038526728,0.006705334772741336,19221.296310424805,0.395003133724874,0.002849109915838594,0.001,0.001,vit,dp_kfm_a,pink,0.4,42,5,True
layer,blocks.3.attn.v_proj,attention_qkv,0.719987256585155,0.006705334772741336,19221.296310424805,1.1948091915925192,0.008618014452696419,0.001,0.001,vit,dp_kfm_a,pink,0.4,42,5,True
layer,blocks.3.attn.out_proj,attention_out,0.7201241170542569,0.006705334772741336,19221.296310424805,1.2878375027662947,0.009289016430122591,0.001,0.001,vit,dp_kfm_a,pink,0.4,42,5,True
layer,blocks.3.mlp.fc1,mlp_fc1,0.7202187279302091,0.026821339090965342,76885.18524169922,1.632500820434281,0.005887515665070095,0.001,0.001,vit,dp_kfm_a,pink,0.4,42,5,True
layer,blocks.3.mlp.fc2,mlp_fc2,0.7203090483612737,0.026717111089316622,76586.4086151123,1.6339935584023249,0.0059043825473515344,0.001,0.001,vit,dp_kfm_a,pink,0.4,42,5,True
layer,blocks.4.attn.q_proj,attention_qkv,0.7204060395541102,0.006705334772741336,19221.296310424805,0.35316550900829824,0.002547340179707449,0.001,0.001,vit,dp_kfm_a,pink,0.4,42,5,True
layer,blocks.4.attn.k_proj,attention_qkv,0.7200918383667565,0.006705334772741336,19221.296310424805,0.5176522342655303,0.0037337630709258626,0.001,0.001,vit,dp_kfm_a,pink,0.4,42,5,True
layer,blocks.4.attn.v_proj,attention_qkv,0.7203265168356062,0.006705334772741336,19221.296310424805,1.1497348293745966,0.008292898519731107,0.001,0.001,vit,dp_kfm_a,pink,0.4,42,5,True
layer,blocks.4.attn.out_proj,attention_out,0.7198602433468686,0.006705334772741336,19221.296310424805,1.2016835957260477,0.00866759869978232,0.001,0.001,vit,dp_kfm_a,pink,0.4,42,5,True
layer,blocks.4.mlp.fc1,mlp_fc1,0.7202583922983976,0.026821339090965342,76885.18524169922,1.4838994453162593,0.0053515937758390935,0.001,0.001,vit,dp_kfm_a,pink,0.4,42,5,True
layer,blocks.4.mlp.fc2,mlp_fc2,0.7201161834562039,0.026717111089316622,76586.4086151123,1.5076148811337078,0.005447717309850964,0.001,0.001,vit,dp_kfm_a,pink,0.4,42,5,True
layer,blocks.5.attn.q_proj,attention_qkv,0.7205786016480176,0.006705334772741336,19221.296310424805,0.26030592634023314,0.0018775552206228168,0.001,0.001,vit,dp_kfm_a,pink,0.4,42,5,True
layer,blocks.5.attn.k_proj,attention_qkv,0.7204379163402445,0.006705334772741336,19221.296310424805,0.39007860836082486,0.0028135899089130707,0.001,0.001,vit,dp_kfm_a,pink,0.4,42,5,True
layer,blocks.5.attn.v_proj,attention_qkv,0.719970527439829,0.006705334772741336,19221.296310424805,1.0755022091304536,0.007757467591824653,0.001,0.001,vit,dp_kfm_a,pink,0.4,42,5,True
layer,blocks.5.attn.out_proj,attention_out,0.7205046051128258,0.006705334772741336,19221.296310424805,1.0657776130190266,0.007687325254098572,0.001,0.001,vit,dp_kfm_a,pink,0.4,42,5,True
layer,blocks.5.mlp.fc1,mlp_fc1,0.7203745280921744,0.026821339090965342,76885.18524169922,1.3349893226924232,0.004814558407365512,0.001,0.001,vit,dp_kfm_a,pink,0.4,42,5,True
layer,blocks.5.mlp.fc2,mlp_fc2,0.7202380988580436,0.026717111089316622,76586.4086151123,1.2181682791602741,0.0044018114332371305,0.001,0.001,vit,dp_kfm_a,pink,0.4,42,5,True
layer,blocks.6.attn.q_proj,attention_qkv,0.7203383355263678,0.006705334772741336,19221.296310424805,0.23429756122823195,0.0016899600229934079,0.001,0.001,vit,dp_kfm_a,pink,0.4,42,5,True
layer,blocks.6.attn.k_proj,attention_qkv,0.7199017650402901,0.006705334772741336,19221.296310424805,0.35806353147218833,0.0025826690244137563,0.001,0.001,vit,dp_kfm_a,pink,0.4,42,5,True
layer,blocks.6.attn.v_proj,attention_qkv,0.7198192739666386,0.006705334772741336,19221.296310424805,1.0285969006450206,0.007419145264477259,0.001,0.001,vit,dp_kfm_a,pink,0.4,42,5,True
layer,blocks.6.attn.out_proj,attention_out,0.7196957053387605,0.006705334772741336,19221.296310424805,1.1727146338273977,0.008458649074956097,0.001,0.001,vit,dp_kfm_a,pink,0.4,42,5,True
layer,blocks.6.mlp.fc1,mlp_fc1,0.7203432250634891,0.026821339090965342,76885.18524169922,1.3025326183015296,0.004697505262187245,0.001,0.001,vit,dp_kfm_a,pink,0.4,42,5,True
layer,blocks.6.mlp.fc2,mlp_fc2,0.7202731849997024,0.026717111089316622,76586.4086151123,1.1682655771807091,0.004221489643644566,0.001,0.001,vit,dp_kfm_a,pink,0.4,42,5,True
layer,blocks.7.attn.q_proj,attention_qkv,0.7205775435822701,0.006705334772741336,19221.296310424805,0.20446267554725683,0.001474764594466042,0.001,0.001,vit,dp_kfm_a,pink,0.4,42,5,True
layer,blocks.7.attn.k_proj,attention_qkv,0.7201411150555102,0.006705334772741336,19221.296310424805,0.2960804837928066,0.0021355927845573275,0.001,0.001,vit,dp_kfm_a,pink,0.4,42,5,True
layer,blocks.7.attn.v_proj,attention_qkv,0.7196967793067461,0.006705334772741336,19221.296310424805,0.9877553368525751,0.007124559995539978,0.001,0.001,vit,dp_kfm_a,pink,0.4,42,5,True
layer,blocks.7.attn.out_proj,attention_out,0.7204174141633061,0.006705334772741336,19221.296310424805,0.9277997072251053,0.006692107277326989,0.001,0.001,vit,dp_kfm_a,pink,0.4,42,5,True
layer,blocks.7.mlp.fc1,mlp_fc1,0.7201662754755372,0.026821339090965342,76885.18524169922,1.130699004418073,0.0040777977062331034,0.001,0.001,vit,dp_kfm_a,pink,0.4,42,5,True
layer,blocks.7.mlp.fc2,mlp_fc2,0.720247827561794,0.026717111089316622,76586.4086151123,1.033618337795144,0.003734946226022687,0.001,0.001,vit,dp_kfm_a,pink,0.4,42,5,True
layer,blocks.8.attn.q_proj,attention_qkv,0.7201418161549457,0.006705334772741336,19221.296310424805,0.19311782323311535,0.0013929355443591672,0.001,0.001,vit,dp_kfm_a,pink,0.4,42,5,True
layer,blocks.8.attn.k_proj,attention_qkv,0.7201856823594079,0.006705334772741336,19221.296310424805,0.2770670616060793,0.001998451265766335,0.001,0.001,vit,dp_kfm_a,pink,0.4,42,5,True
layer,blocks.8.attn.v_proj,attention_qkv,0.7206400384804573,0.006705334772741336,19221.296310424805,0.8438577920131601,0.006086644376996143,0.001,0.001,vit,dp_kfm_a,pink,0.4,42,5,True
layer,blocks.8.attn.out_proj,attention_out,0.7206945837993706,0.006705334772741336,19221.296310424805,0.8121753103668689,0.005858122461826486,0.001,0.001,vit,dp_kfm_a,pink,0.4,42,5,True
layer,blocks.8.mlp.fc1,mlp_fc1,0.7203108485755763,0.026821339090965342,76885.18524169922,0.9974158824478363,0.0035971201723128017,0.001,0.001,vit,dp_kfm_a,pink,0.4,42,5,True
layer,blocks.8.mlp.fc2,mlp_fc2,0.7204536769415212,0.026717111089316622,76586.4086151123,0.8469461609411711,0.003060412389934377,0.001,0.001,vit,dp_kfm_a,pink,0.4,42,5,True
layer,blocks.9.attn.q_proj,attention_qkv,0.7199362465474618,0.006705334772741336,19221.296310424805,0.1959317625263926,0.0014132321487618762,0.001,0.001,vit,dp_kfm_a,pink,0.4,42,5,True
layer,blocks.9.attn.k_proj,attention_qkv,0.7197506358422106,0.006705334772741336,19221.296310424805,0.30484305567238373,0.002198796157641805,0.001,0.001,vit,dp_kfm_a,pink,0.4,42,5,True
layer,blocks.9.attn.v_proj,attention_qkv,0.7201402816427077,0.006705334772741336,19221.296310424805,0.7377529364566298,0.005321322863634945,0.001,0.001,vit,dp_kfm_a,pink,0.4,42,5,True
layer,blocks.9.attn.out_proj,attention_out,0.720497831680941,0.006705334772741336,19221.296310424805,0.6774708152124178,0.004886515200806898,0.001,0.001,vit,dp_kfm_a,pink,0.4,42,5,True
layer,blocks.9.mlp.fc1,mlp_fc1,0.7201965619215861,0.026821339090965342,76885.18524169922,0.8220127300776154,0.0029645392912767765,0.001,0.001,vit,dp_kfm_a,pink,0.4,42,5,True
layer,blocks.9.mlp.fc2,mlp_fc2,0.7200904577167329,0.026717111089316622,76586.4086151123,0.6597978435533908,0.0023841580355224456,0.001,0.001,vit,dp_kfm_a,pink,0.4,42,5,True
layer,blocks.10.attn.q_proj,attention_qkv,0.7202678323890362,0.006705334772741336,19221.296310424805,0.1627611852792654,0.0011739767796773717,0.001,0.001,vit,dp_kfm_a,pink,0.4,42,5,True
layer,blocks.10.attn.k_proj,attention_qkv,0.7206143385572181,0.006705334772741336,19221.296310424805,0.26329820622384364,0.0018991381741729936,0.001,0.001,vit,dp_kfm_a,pink,0.4,42,5,True
layer,blocks.10.attn.v_proj,attention_qkv,0.7202462592011631,0.006705334772741336,19221.296310424805,0.6195658088567906,0.004468853380687195,0.001,0.001,vit,dp_kfm_a,pink,0.4,42,5,True
layer,blocks.10.attn.out_proj,attention_out,0.71988064117508,0.006705334772741336,19221.296310424805,0.5724330820247224,0.004128890712261159,0.001,0.001,vit,dp_kfm_a,pink,0.4,42,5,True
layer,blocks.10.mlp.fc1,mlp_fc1,0.7202758931685891,0.026821339090965342,76885.18524169922,0.6727192398426529,0.002426121330655167,0.001,0.001,vit,dp_kfm_a,pink,0.4,42,5,True
layer,blocks.10.mlp.fc2,mlp_fc2,0.7203067386037565,0.026717111089316622,76586.4086151123,0.5194041479591541,0.0018768499854005666,0.001,0.001,vit,dp_kfm_a,pink,0.4,42,5,True
layer,blocks.11.attn.q_proj,attention_qkv,0.7203375012590886,0.006705334772741336,19221.296310424805,0.21077344752319024,0.0015202834308450748,0.001,0.001,vit,dp_kfm_a,pink,0.4,42,5,True
layer,blocks.11.attn.k_proj,attention_qkv,0.7204874076491793,0.006705334772741336,19221.296310424805,0.2835714389806288,0.0020453665545121028,0.001,0.001,vit,dp_kfm_a,pink,0.4,42,5,True
layer,blocks.11.attn.v_proj,attention_qkv,0.7203084137403866,0.006705334772741336,19221.296310424805,0.5684160876038155,0.004099916616464625,0.001,0.001,vit,dp_kfm_a,pink,0.4,42,5,True
layer,blocks.11.attn.out_proj,attention_out,0.7204337741644116,0.006705334772741336,19221.296310424805,0.5049721758894574,0.0036423033406902967,0.001,0.001,vit,dp_kfm_a,pink,0.4,42,5,True
layer,blocks.11.mlp.fc1,mlp_fc1,0.7201780396742484,0.026821339090965342,76885.18524169922,0.503816093336586,0.001816982328403665,0.001,0.001,vit,dp_kfm_a,pink,0.4,42,5,True
layer,blocks.11.mlp.fc2,mlp_fc2,0.7202342448795197,0.026717111089316622,76586.4086151123,0.5218368694999439,0.0018856405455188385,0.001,0.001,vit,dp_kfm_a,pink,0.4,42,5,True
layer,head,patch_head,0.7188655542027076,0.0003492361860802786,1001.1091828346252,1.7944808700163712,0.05671502272082174,0.001,0.001,vit,dp_kfm_a,pink,0.4,42,5,True
layer,cls_token,identity,0.7207425993548757,3.474266721627629e-05,99.59220886230469,0.08617427060485977,0.008635051534047103,0.001,0.001,vit,dp_kfm_a,pink,0.4,42,5,True
layer,pos_embed,identity,0.7203343699700097,0.006844305441606457,19619.665145874023,0.3478746340698263,0.0024835732131230906,0.001,0.001,vit,dp_kfm_a,pink,0.4,42,5,True
layer,blocks.0.norm1.weight,identity,0.721700581434986,3.474266721627629e-05,99.59220886230469,0.37681053983785345,0.03775811976398068,0.001,0.001,vit,dp_kfm_a,pink,0.4,42,5,True
layer,blocks.0.norm1.bias,identity,0.7217209000792877,3.474266721627629e-05,99.59220886230469,0.27026543537493886,0.027081818574773774,0.001,0.001,vit,dp_kfm_a,pink,0.4,42,5,True
layer,blocks.0.norm2.weight,identity,0.72145301035746,3.474266721627629e-05,99.59220886230469,0.12887649019009453,0.01291400700588956,0.001,0.001,vit,dp_kfm_a,pink,0.4,42,5,True
layer,blocks.0.norm2.bias,identity,0.714175097155697,3.474266721627629e-05,99.59220886230469,0.11181318100020633,0.011204186276780255,0.001,0.001,vit,dp_kfm_a,pink,0.4,42,5,True
layer,blocks.1.norm1.weight,identity,0.7201260556350098,3.474266721627629e-05,99.59220886230469,0.15992761831453603,0.016025470435319853,0.001,0.001,vit,dp_kfm_a,pink,0.4,42,5,True
layer,blocks.1.norm1.bias,identity,0.7198292697663107,3.474266721627629e-05,99.59220886230469,0.19118241316771714,0.01915734219180755,0.001,0.001,vit,dp_kfm_a,pink,0.4,42,5,True
layer,blocks.1.norm2.weight,identity,0.7219071410756541,3.474266721627629e-05,99.59220886230469,0.19881115483115241,0.01992177659828782,0.001,0.001,vit,dp_kfm_a,pink,0.4,42,5,True
layer,blocks.1.norm2.bias,identity,0.7202009784704063,3.474266721627629e-05,99.59220886230469,0.16880462489117987,0.01691498662987959,0.001,0.001,vit,dp_kfm_a,pink,0.4,42,5,True
layer,blocks.2.norm1.weight,identity,0.7147536825910189,3.474266721627629e-05,99.59220886230469,0.15915112065315976,0.01594766185887368,0.001,0.001,vit,dp_kfm_a,pink,0.4,42,5,True
layer,blocks.2.norm1.bias,identity,0.7203985732710589,3.474266721627629e-05,99.59220886230469,0.21123367772261337,0.021166569557923228,0.001,0.001,vit,dp_kfm_a,pink,0.4,42,5,True
layer,blocks.2.norm2.weight,identity,0.721578451930332,3.474266721627629e-05,99.59220886230469,0.14354268165897818,0.014383625701273902,0.001,0.001,vit,dp_kfm_a,pink,0.4,42,5,True
layer,blocks.2.norm2.bias,identity,0.7190201493579259,3.474266721627629e-05,99.59220886230469,0.19565018281781568,0.01960503291085935,0.001,0.001,vit,dp_kfm_a,pink,0.4,42,5,True
layer,blocks.3.norm1.weight,identity,0.71851678759155,3.474266721627629e-05,99.59220886230469,0.14136396674465385,0.014165308616242192,0.001,0.001,vit,dp_kfm_a,pink,0.4,42,5,True
layer,blocks.3.norm1.bias,identity,0.7173638231745778,3.474266721627629e-05,99.59220886230469,0.19350573635481616,0.01939014967958819,0.001,0.001,vit,dp_kfm_a,pink,0.4,42,5,True
layer,blocks.3.norm2.weight,identity,0.7194469351673098,3.474266721627629e-05,99.59220886230469,0.14275328864336692,0.014304524952029683,0.001,0.001,vit,dp_kfm_a,pink,0.4,42,5,True
layer,blocks.3.norm2.bias,identity,0.7214167067866659,3.474266721627629e-05,99.59220886230469,0.1507989587411906,0.015110737472692799,0.001,0.001,vit,dp_kfm_a,pink,0.4,42,5,True
layer,blocks.4.norm1.weight,identity,0.7194166310675911,3.474266721627629e-05,99.59220886230469,0.12286399899422812,0.01231152820380751,0.001,0.001,vit,dp_kfm_a,pink,0.4,42,5,True
layer,blocks.4.norm1.bias,identity,0.7180620483013157,3.474266721627629e-05,99.59220886230469,0.19257309697274955,0.019296694996765843,0.001,0.001,vit,dp_kfm_a,pink,0.4,42,5,True
layer,blocks.4.norm2.weight,identity,0.7166136360928212,3.474266721627629e-05,99.59220886230469,0.10944949707935406,0.010967334460994689,0.001,0.001,vit,dp_kfm_a,pink,0.4,42,5,True
layer,blocks.4.norm2.bias,identity,0.7211923070394939,3.474266721627629e-05,99.59220886230469,0.13901083267562853,0.01392951394330869,0.001,0.001,vit,dp_kfm_a,pink,0.4,42,5,True
layer,blocks.5.norm1.weight,identity,0.7161909802410248,3.474266721627629e-05,99.59220886230469,0.1000782346383256,0.010028291594146255,0.001,0.001,vit,dp_kfm_a,pink,0.4,42,5,True
layer,blocks.5.norm1.bias,identity,0.7217660613756091,3.474266721627629e-05,99.59220886230469,0.1469326169198161,0.01472331254131277,0.001,0.001,vit,dp_kfm_a,pink,0.4,42,5,True
layer,blocks.5.norm2.weight,identity,0.7176578472853912,3.474266721627629e-05,99.59220886230469,0.09504823152030505,0.009524262539584391,0.001,0.001,vit,dp_kfm_a,pink,0.4,42,5,True
layer,blocks.5.norm2.bias,identity,0.7241689516287614,3.474266721627629e-05,99.59220886230469,0.1124039271649217,0.011263381713423394,0.001,0.001,vit,dp_kfm_a,pink,0.4,42,5,True
layer,blocks.6.norm1.weight,identity,0.719698586702706,3.474266721627629e-05,99.59220886230469,0.09621216089264224,0.009640893525162545,0.001,0.001,vit,dp_kfm_a,pink,0.4,42,5,True
layer,blocks.6.norm1.bias,identity,0.7213602509681853,3.474266721627629e-05,99.59220886230469,0.14442017458191625,0.014471554459558117,0.001,0.001,vit,dp_kfm_a,pink,0.4,42,5,True
layer,blocks.6.norm2.weight,identity,0.7202068836797184,3.474266721627629e-05,99.59220886230469,0.0781975517263349,0.007835748237306641,0.001,0.001,vit,dp_kfm_a,pink,0.4,42,5,True
layer,blocks.6.norm2.bias,identity,0.7179837764468324,3.474266721627629e-05,99.59220886230469,0.09428524695512681,0.009447808036473968,0.001,0.001,vit,dp_kfm_a,pink,0.4,42,5,True
layer,blocks.7.norm1.weight,identity,0.717847603023422,3.474266721627629e-05,99.59220886230469,0.07767125575614069,0.007783011001552982,0.001,0.001,vit,dp_kfm_a,pink,0.4,42,5,True
layer,blocks.7.norm1.bias,identity,0.7203717942138457,3.474266721627629e-05,99.59220886230469,0.11491017776715318,0.0115145193552694,0.001,0.001,vit,dp_kfm_a,pink,0.4,42,5,True
layer,blocks.7.norm2.weight,identity,0.7201997177724552,3.474266721627629e-05,99.59220886230469,0.05036811138142583,0.005047112489591623,0.001,0.001,vit,dp_kfm_a,pink,0.4,42,5,True
layer,blocks.7.norm2.bias,identity,0.7107371898169971,3.474266721627629e-05,99.59220886230469,0.06813388373974165,0.006827323204221737,0.001,0.001,vit,dp_kfm_a,pink,0.4,42,5,True
layer,blocks.8.norm1.weight,identity,0.7219412728081674,3.474266721627629e-05,99.59220886230469,0.08749199060678116,0.008767093036042643,0.001,0.001,vit,dp_kfm_a,pink,0.4,42,5,True
layer,blocks.8.norm1.bias,identity,0.7189042910473773,3.474266721627629e-05,99.59220886230469,0.10217093584078356,0.010237989716355452,0.001,0.001,vit,dp_kfm_a,pink,0.4,42,5,True
layer,blocks.8.norm2.weight,identity,0.7211654710195654,3.474266721627629e-05,99.59220886230469,0.03667253833810046,0.003674754148902041,0.001,0.001,vit,dp_kfm_a,pink,0.4,42,5,True
layer,blocks.8.norm2.bias,identity,0.7236843898814884,3.474266721627629e-05,99.59220886230469,0.054941605852411673,0.0055053973137095934,0.001,0.001,vit,dp_kfm_a,pink,0.4,42,5,True
layer,blocks.9.norm1.weight,identity,0.723704297857399,3.474266721627629e-05,99.59220886230469,0.07911296950807417,0.007927477237912258,0.001,0.001,vit,dp_kfm_a,pink,0.4,42,5,True
layer,blocks.9.norm1.bias,identity,0.7230408708362622,3.474266721627629e-05,99.59220886230469,0.10385201637727903,0.01040644158677608,0.001,0.001,vit,dp_kfm_a,pink,0.4,42,5,True
layer,blocks.9.norm2.weight,identity,0.7206778388738863,3.474266721627629e-05,99.59220886230469,0.08571843904708534,0.008589375151008417,0.001,0.001,vit,dp_kfm_a,pink,0.4,42,5,True
layer,blocks.9.norm2.bias,identity,0.7146484210582352,3.474266721627629e-05,99.59220886230469,0.04705077532491586,0.00471470041806896,0.001,0.001,vit,dp_kfm_a,pink,0.4,42,5,True
layer,blocks.10.norm1.weight,identity,0.7204263562675522,3.474266721627629e-05,99.59220886230469,0.070285151938087,0.007042890004217631,0.001,0.001,vit,dp_kfm_a,pink,0.4,42,5,True
layer,blocks.10.norm1.bias,identity,0.7230556074683262,3.474266721627629e-05,99.59220886230469,0.08788962537067119,0.00880693783720914,0.001,0.001,vit,dp_kfm_a,pink,0.4,42,5,True
layer,blocks.10.norm2.weight,identity,0.7184055777420345,3.474266721627629e-05,99.59220886230469,0.08951840307295664,0.008970148727165297,0.001,0.001,vit,dp_kfm_a,pink,0.4,42,5,True
layer,blocks.10.norm2.bias,identity,0.7172074256274389,3.474266721627629e-05,99.59220886230469,0.040042861427210655,0.0040124757606613375,0.001,0.001,vit,dp_kfm_a,pink,0.4,42,5,True
layer,blocks.11.norm1.weight,identity,0.7183710468360317,3.474266721627629e-05,99.59220886230469,0.05841955536310393,0.0058539035795223985,0.001,0.001,vit,dp_kfm_a,pink,0.4,42,5,True
layer,blocks.11.norm1.bias,identity,0.7209825591527209,3.474266721627629e-05,99.59220886230469,0.0732734677912077,0.007342332763762749,0.001,0.001,vit,dp_kfm_a,pink,0.4,42,5,True
layer,blocks.11.norm2.weight,identity,0.7197931328392503,3.474266721627629e-05,99.59220886230469,0.028538891331077947,0.002859725944167498,0.001,0.001,vit,dp_kfm_a,pink,0.4,42,5,True
layer,blocks.11.norm2.bias,identity,0.7209325145245681,3.474266721627629e-05,99.59220886230469,0.024380807153745042,0.0024430671096667207,0.001,0.001,vit,dp_kfm_a,pink,0.4,42,5,True
layer,norm.weight,identity,0.7166176423566436,3.474266721627629e-05,99.59220886230469,0.022427256719420113,0.0022473125235663496,0.001,0.001,vit,dp_kfm_a,pink,0.4,42,5,True
layer,norm.bias,identity,0.7191769596066663,3.474266721627629e-05,99.59220886230469,0.014605789339983145,0.0014635661289725806,0.001,0.001,vit,dp_kfm_a,pink,0.4,42,5,True
group,attention_out,attention_out,0.7202980657668562,0.08046401727289565,230655.55572509766,3.6852589181316686,0.007673368341284936,0.001,0.001,vit,dp_kfm_a,pink,0.4,42,5,True
group,attention_qkv,attention_qkv,0.7202074914920296,0.2413920518186876,691966.667175293,3.7689065739012966,0.004530778017848445,0.001,0.001,vit,dp_kfm_a,pink,0.4,42,5,True
group,identity,identity,0.7203857461831266,0.008616181469636556,24698.867797851562,1.0319101816104317,0.006566037742398073,0.001,0.001,vit,dp_kfm_a,pink,0.4,42,5,True
group,mlp_fc1,mlp_fc1,0.7202486907839899,0.3218560690915826,922622.2229003906,4.462152820563029,0.004645500214221352,0.001,0.001,vit,dp_kfm_a,pink,0.4,42,5,True
group,mlp_fc2,mlp_fc2,0.7202394675824176,0.3206053330717978,919036.9033813477,4.4611385542669355,0.004653494838072199,0.001,0.001,vit,dp_kfm_a,pink,0.4,42,5,True
group,patch_head,patch_head,0.7200889886422013,0.027066347275396748,77587.51779794693,3.5143933390837705,0.01261695163075692,0.001,0.001,vit,dp_kfm_a,pink,0.4,42,5,True
