method,seed,epoch,interval,alpha,alpha_over_tau2,wiener_gain_mean,wiener_gain_median,wiener_gain_p10,wiener_gain_p90,wiener_gain_min,wiener_gain_max,cos_raw,cos_filtered,NSR_raw,NSR_filtered,layer,tau2,interval_steps,fitted_batches,first_batch_identity
Wiener-Residual-AG,42,1,1,1.9693103247173095e-06,0.11312481179303246,0.07566510476376044,0.02127659574468085,0.02127659574468085,0.24813587484282448,0.02127659574468085,0.6425568548328167,0.08990399515154181,0.03752018656596302,16.288400912725773,3.8502825003458856,conv1,1.7408297026122455e-05,47,46,True
Wiener-Residual-AG,42,1,1,2.49517604489144e-06,0.1433325753315928,0.06708357870874344,0.02127659574468085,0.02127659574468085,0.21761164996424545,0.02127659574468085,0.6670083467346846,0.07110244228802491,0.06216526068277402,16.80215371687771,3.3105226547403537,conv2,1.7408297026122455e-05,47,46,True
Wiener-Residual-AG,42,1,1,3.5172320002522706e-06,0.2020434276238738,0.05690842951971549,0.02127659574468085,0.02127659574468085,0.1569054997857073,0.02127659574468085,0.7372166034005515,0.05462803962844853,0.09921267548510788,19.11167832451146,2.4126688225771407,fc1,1.7408297026122455e-05,47,46,True
Wiener-Residual-AG,42,1,1,6.401282039937215e-06,0.367714431246871,0.11652408093409235,0.02127659574468085,0.02127659574468085,0.39705767425683464,0.02127659574468085,0.9420150426611775,0.41883594421550924,0.6248108035867305,2.2954374642257043,0.8480376760511825,fc2,1.7408297026122455e-05,47,46,True
Wiener-Residual-AG,42,1,2,2.221103351970242e-06,0.1275887784219967,0.07895101598901665,0.02127659574468085,0.02127659574468085,0.2751523246445514,0.02127659574468085,0.668094109222723,0.06270820228765112,0.016362442479474205,19.438093157127405,3.3254121948462307,conv1,1.7408297026122455e-05,47,46,True
Wiener-Residual-AG,42,1,2,2.5714723546554893e-06,0.1477153308446427,0.07031069559485169,0.02127659574468085,0.02127659574468085,0.23377067052830103,0.02127659574468085,0.6675229115541171,0.03611122344902723,0.021705077241729466,26.81362094039022,3.814588009823189,conv2,1.7408297026122455e-05,47,46,True
Wiener-Residual-AG,42,1,2,3.494379350242915e-06,0.2007306829036371,0.05599876067057019,0.02127659574468085,0.02127659574468085,0.15371084909239122,0.02127659574468085,0.63562836325456,0.028858268248400706,0.024242951973174397,35.20247030215987,4.2347289099293315,fc1,1.7408297026122455e-05,47,46,True
Wiener-Residual-AG,42,1,2,6.294018405702997e-06,0.36155279268605944,0.117347344376609,0.02127659574468085,0.02127659574468085,0.4113986168669418,0.02127659574468085,0.9583147350574165,0.32844576036564804,0.6318087493250626,2.9897302940525905,0.863517173791488,fc2,1.7408297026122455e-05,47,46,True
Wiener-Residual-AG,42,1,3,1.8905997558114317e-06,0.10860337188493761,0.06736401664558268,0.02127659574468085,0.02127659574468085,0.19388191516140738,0.02127659574468085,0.6508540536049163,0.03314604017061613,0.013190257901483484,31.646760872887015,4.92137463948451,conv1,1.7408297026122455e-05,47,46,True
Wiener-Residual-AG,42,1,3,2.593873339268063e-06,0.14900213015527938,0.07076886776904298,0.02127659574468085,0.02127659574468085,0.23501876615104156,0.02127659574468085,0.6781913138904078,0.02727167759691097,0.005939671181717468,40.63675470926885,6.054258333499683,conv2,1.7408297026122455e-05,47,46,True
Wiener-Residual-AG,42,1,3,3.4892912514036183e-06,0.20043840280112835,0.05577628620464604,0.02127659574468085,0.02127659574468085,0.15248101775751613,0.02127659574468085,0.6322435910804182,0.023940612304037868,0.017955841608044046,43.29480511809884,5.120253385253429,fc1,1.7408297026122455e-05,47,46,True
Wiener-Residual-AG,42,1,3,5.0829454784228084e-06,0.291984073502162,0.0981393467611787,0.02127659574468085,0.02127659574468085,0.330999287775008,0.02127659574468085,0.9293820885089078,0.23641927875261598,0.4807659600195349,4.26369301901342,1.056720263882482,fc2,1.7408297026122455e-05,47,46,True
Wiener-Residual-AG,42,1,4,1.9070575340753769e-06,0.10954877040607094,0.07211909741044167,0.02127659574468085,0.02127659574468085,0.23627441171185817,0.02127659574468085,0.6168161605664623,0.018191389947258083,-0.010456853320564929,44.651668721828905,7.205636802977445,conv1,1.7408297026122455e-05,47,46,True
Wiener-Residual-AG,42,1,4,2.511697335755057e-06,0.14428162226242272,0.06819828251204718,0.02127659574468085,0.02127659574468085,0.22044928894352062,0.02127659574468085,0.6509851986507066,0.020212486401414737,0.007808418454035277,50.3596409896558,7.3773693074047495,conv2,1.7408297026122455e-05,47,46,True
Wiener-Residual-AG,42,1,4,3.472162555603599e-06,0.1994544641783949,0.054969475707726,0.02127659574468085,0.02127659574468085,0.14869748458721815,0.02127659574468085,0.6248397264958677,0.01965487851513491,0.010712692456354525,50.86959472977009,6.29858193779282,fc1,1.7408297026122455e-05,47,46,True
Wiener-Residual-AG,42,1,4,3.974132798873478e-06,0.22828957898121763,0.07073997159031836,0.02127659574468085,0.02127659574468085,0.22605755851657341,0.02127659574468085,0.7575470124040407,0.18342753341659318,0.2948378964355356,5.627867172087187,1.1912508063382266,fc2,1.7408297026122455e-05,47,46,True
Wiener-Residual-AG,42,1,5,1.95842393443964e-06,0.1124994553746916,0.07337491815910441,0.021739130434782608,0.021739130434782608,0.2390077455208455,0.021739130434782608,0.6120163641710625,-0.015731391747785234,-0.0012257092196236552,57.861792086197,9.16610377622598,conv1,1.7408297026122455e-05,46,45,True
Wiener-Residual-AG,42,1,5,2.5227019207869755e-06,0.144913768245192,0.06754225698518625,0.021739130434782608,0.021739130434782608,0.21624305900781932,0.021739130434782608,0.6786418192002636,0.017050402484716017,0.007386649256708835,57.61494284607802,8.695870920048007,conv2,1.7408297026122455e-05,46,45,True
Wiener-Residual-AG,42,1,5,3.4952545368305396e-06,0.20078095701065116,0.05555116550964754,0.021739130434782608,0.021739130434782608,0.1484031829076573,0.021739130434782608,0.6296604604433356,0.018714158424572854,0.010571091610247987,55.83248464135197,6.730334209029141,fc1,1.7408297026122455e-05,46,45,True
Wiener-Residual-AG,42,1,5,3.823090084477194e-06,0.21961310050835892,0.06690164501254349,0.021739130434782608,0.021739130434782608,0.20058560106595932,0.021739130434782608,0.737465007968602,0.1608463679041123,0.26360523616162806,6.449746656010842,1.2408778322106142,fc2,1.7408297026122455e-05,46,45,True
Wiener-Residual-AG,42,2,1,1.8881682120732252e-06,0.10846369459573721,0.07317613065144275,0.02127659574468085,0.02127659574468085,0.2355467793665715,0.02127659574468085,0.6254185176168015,0.03778497137967877,0.046303676112011166,29.06889740629835,4.419320275677141,conv1,1.7408297026122455e-05,47,46,True
Wiener-Residual-AG,42,2,1,2.47623879817757e-06,0.14224474654021516,0.06633313587701786,0.02127659574468085,0.02127659574468085,0.21164617919512643,0.02127659574468085,0.6782030175764157,0.021968929221841293,0.006664662361258347,47.66424934269529,7.01951698752921,conv2,1.7408297026122455e-05,47,46,True
Wiener-Residual-AG,42,2,1,3.468328697856076e-06,0.19923423254162023,0.05482479107278912,0.02127659574468085,0.02127659574468085,0.14778317503350236,0.02127659574468085,0.6261134189248179,0.01939231370470721,0.007865599933488204,52.03304994161066,6.4487225340618375,fc1,1.7408297026122455e-05,47,46,True
Wiener-Residual-AG,42,2,1,3.655473768702533e-06,0.2099845701861142,0.05957789659937021,0.02127659574468085,0.02127659574468085,0.1723637882134396,0.02127659574468085,0.5877937828290258,0.05004484419632773,0.03125008525561428,19.463737485651922,2.816995070896655,fc2,1.7408297026122455e-05,47,46,True
Wiener-Residual-AG,42,2,2,2.508970675987632e-06,0.14412499236557916,0.08805938994178857,0.02127659574468085,0.02127659574468085,0.3298272771049438,0.02127659574468085,0.6592901013911099,0.02143832357191046,0.006819690613887566,34.31757154434254,6.519908941850803,conv1,1.7408297026122455e-05,47,46,True
Wiener-Residual-AG,42,2,2,2.5421676495353687e-06,0.14603195509133696,0.06866213595950425,0.02127659574468085,0.02127659574468085,0.22470935135222947,0.02127659574468085,0.6706095934891388,0.018259243899656843,0.009840043983294553,51.54741087000574,7.681819200413591,conv2,1.7408297026122455e-05,47,46,True
Wiener-Residual-AG,42,2,2,3.4750355898316953e-06,0.19961950239113826,0.05526715079753219,0.02127659574468085,0.02127659574468085,0.14868427753378208,0.02127659574468085,0.6289832364152733,0.019383897570668922,0.009417212594821233,52.769244014146935,6.4534285310155886,fc1,1.7408297026122455e-05,47,46,True
Wiener-Residual-AG,42,2,2,3.343800318244057e-06,0.19208084014343463,0.046449241127680556,0.02127659574468085,0.02127659574468085,0.09934141818635207,0.02127659574468085,0.525504334282768,0.05446910241749773,0.026890155800501074,18.36498610221323,2.1184446661482346,fc2,1.7408297026122455e-05,47,46,True
Wiener-Residual-AG,42,2,3,2.2600888427956e-06,0.1298282559979398,0.07972833357212733,0.02127659574468085,0.02127659574468085,0.2781787835262939,0.02127659574468085,0.6617890560031383,0.04137958396713286,0.012679741001040641,34.56430627365352,5.85295364931043,conv1,1.7408297026122455e-05,47,46,True
Wiener-Residual-AG,42,2,3,2.4796796810007742e-06,0.14244240417542445,0.06534197687203115,0.02127659574468085,0.02127659574468085,0.20503662492006955,0.02127659574468085,0.6679452631949672,0.019295499666651946,0.004872174830269542,49.00730102081847,7.132421976912824,conv2,1.7408297026122455e-05,47,46,True
Wiener-Residual-AG,42,2,3,3.4685278973379863e-06,0.19924567533132048,0.05494694724628026,0.02127659574468085,0.02127659574468085,0.14745607326820265,0.02127659574468085,0.6277319798381243,0.01990659035176801,0.011412257513541343,51.75863548806135,6.1710883880204594,fc1,1.7408297026122455e-05,47,46,True
Wiener-Residual-AG,42,2,3,3.5919672849922898e-06,0.20633651181400883,0.05574858145117077,0.02127659574468085,0.02127659574468085,0.15094267834338818,0.02127659574468085,0.5772629100623379,0.05311153467357685,0.026243456737982954,18.180217820555388,2.4087512887078444,fc2,1.7408297026122455e-05,47,46,True
Wiener-Residual-AG,42,2,4,2.0787163064617526e-06,0.11940951509171063,0.07792135395875943,0.02127659574468085,0.02127659574468085,0.2685625706342831,0.02127659574468085,0.6204966814530143,0.018641603841188455,0.01751130948555795,38.978204934661875,6.389838193108085,conv1,1.7408297026122455e-05,47,46,True
Wiener-Residual-AG,42,2,4,2.5271748425409683e-06,0.14517071019346417,0.06811736107092069,0.02127659574468085,0.02127659574468085,0.22573191370816553,0.02127659574468085,0.6546641272578612,0.0193047862203328,0.00795347484819505,51.548776312084684,8.047353236283245,conv2,1.7408297026122455e-05,47,46,True
Wiener-Residual-AG,42,2,4,3.4660891838576734e-06,0.19910558618436636,0.05489886338507241,0.02127659574468085,0.02127659574468085,0.14779918271341907,0.02127659574468085,0.6281172052671183,0.017945367803973277,0.008853198192904815,56.91700936092659,7.20636342870046,fc1,1.7408297026122455e-05,47,46,True
Wiener-Residual-AG,42,2,4,3.7178079959572502e-06,0.21356528960750165,0.0625022782152859,0.02127659574468085,0.02127659574468085,0.18974239249467634,0.02127659574468085,0.5910277397992953,0.05297286908826387,0.027103534739661237,19.916723300612077,2.96163923237469,fc2,1.7408297026122455e-05,47,46,True
Wiener-Residual-AG,42,2,5,2.024157349727266e-06,0.1162754373210583,0.07210161217427659,0.021739130434782608,0.021739130434782608,0.22552220514876006,0.021739130434782608,0.672170671836301,0.03097374720006114,0.007629298467992584,38.44903283068804,6.396185656053476,conv1,1.7408297026122455e-05,46,45,True
Wiener-Residual-AG,42,2,5,2.511432155812802e-06,0.1442663892995512,0.06722497887163649,0.021739130434782608,0.021739130434782608,0.21545384170987128,0.021739130434782608,0.6696647722424424,0.020459413325026442,0.006909764991469087,45.16838532016085,6.683838609366896,conv2,1.7408297026122455e-05,46,45,True
Wiener-Residual-AG,42,2,5,3.5078975988616696e-06,0.2015072234577458,0.0558716273455794,0.021739130434782608,0.021739130434782608,0.15073695462346354,0.021739130434782608,0.6387587588638163,0.0175644155623021,0.008930753347922753,57.167398019676156,6.797633750386147,fc1,1.7408297026122455e-05,46,45,True
Wiener-Residual-AG,42,2,5,3.5218008647779634e-06,0.2023058808965194,0.053123683765932614,0.021739130434782608,0.021739130434782608,0.14001247883226126,0.021739130434782608,0.5391470335624345,0.061674879583428266,0.03613901021100001,18.01065527015009,2.118438071977292,fc2,1.7408297026122455e-05,46,45,True
Wiener-Residual-AG,42,3,1,2.1416246347517953e-06,0.12302321309994463,0.07622396320177835,0.02127659574468085,0.02127659574468085,0.260444861680448,0.02127659574468085,0.6248147646660315,0.03439507434046582,0.0066919575292489555,36.17006779073298,5.96666916151055,conv1,1.7408297026122455e-05,47,46,True
Wiener-Residual-AG,42,3,1,2.5705937792370756e-06,0.14766486207006393,0.06880639293561275,0.02127659574468085,0.02127659574468085,0.22652409230111528,0.02127659574468085,0.6668747916453253,0.016576749789921352,0.0056258424940386995,63.22099759908136,9.200149620681211,conv2,1.7408297026122455e-05,47,46,True
Wiener-Residual-AG,42,3,1,3.4709937417427657e-06,0.1993873229836484,0.05501383242506211,0.02127659574468085,0.02127659574468085,0.14811449662298834,0.02127659574468085,0.6303429868423117,0.01803919333822717,0.008197241277215665,57.965344472359334,6.924429885339749,fc1,1.7408297026122455e-05,47,46,True
Wiener-Residual-AG,42,3,1,3.5822088580087794e-06,0.20577594997565846,0.05530201457749915,0.02127659574468085,0.02127659574468085,0.1499773113951874,0.02127659574468085,0.5752688797176801,0.043233003436574886,0.037989143277433975,23.259658764856624,2.9537153874741673,fc2,1.7408297026122455e-05,47,46,True
Wiener-Residual-AG,42,3,2,1.972310056420432e-06,0.11329712799941496,0.07117095832254924,0.02127659574468085,0.02127659574468085,0.22177145505697013,0.02127659574468085,0.6636140802910162,0.024681323644066253,-0.009259554612712962,41.522727329343255,6.62376304044631,conv1,1.7408297026122455e-05,47,46,True
Wiener-Residual-AG,42,3,2,2.470331905313453e-06,0.1419054317378969,0.06669551574026236,0.02127659574468085,0.02127659574468085,0.2140983866156192,0.02127659574468085,0.6852112819551397,0.016932774525757564,0.004316601768693718,65.09672563728584,9.470755583641518,conv2,1.7408297026122455e-05,47,46,True
Wiener-Residual-AG,42,3,2,3.4709747070886748e-06,0.19938622955940016,0.05487229979487776,0.02127659574468085,0.02127659574468085,0.14747340105074094,0.02127659574468085,0.6317776053826658,0.016418548728440903,0.007061367033250146,60.624246930844166,7.18103177499564,fc1,1.7408297026122455e-05,47,46,True
Wiener-Residual-AG,42,3,2,3.4989531484686504e-06,0.20099341958712033,0.05110555373014895,0.02127659574468085,0.02127659574468085,0.12440256322990895,0.02127659574468085,0.5420290690544073,0.04719714602926356,0.0236030905719206,23.359757267871036,2.6042025235513075,fc2,1.7408297026122455e-05,47,46,True
Wiener-Residual-AG,42,3,3,2.1414299687190325e-06,0.12301203072912047,0.08061828791253282,0.02127659574468085,0.02127659574468085,0.2728086421457824,0.02127659574468085,0.671447824177287,0.02646105726884111,0.012871247843506848,41.023082692224435,6.777057625075038,conv1,1.7408297026122455e-05,47,46,True
Wiener-Residual-AG,42,3,3,2.4654428230547464e-06,0.14162458391852828,0.06475130217468351,0.02127659574468085,0.02127659574468085,0.20330687508543677,0.02127659574468085,0.6767991402975488,0.01298383022229944,0.0034787746042731675,66.23594655047879,9.342987810811513,conv2,1.7408297026122455e-05,47,46,True
Wiener-Residual-AG,42,3,3,3.486934957792479e-06,0.20030304817065522,0.055741882036306575,0.02127659574468085,0.02127659574468085,0.1525172659139447,0.02127659574468085,0.6265828548942772,0.0164812450833615,0.0077840750223475705,60.195107107186544,7.342382559836026,fc1,1.7408297026122455e-05,47,46,True
Wiener-Residual-AG,42,3,3,3.542404710724673e-06,0.20348944560223367,0.05306388311621871,0.02127659574468085,0.02127659574468085,0.13636232553383498,0.02127659574468085,0.5635952082519087,0.05102807801324913,0.030765096776985638,23.882555456102583,2.8574840962488093,fc2,1.7408297026122455e-05,47,46,True
Wiener-Residual-AG,42,3,4,1.8639643993464888e-06,0.10707333385623363,0.07173703010882575,0.02127659574468085,0.02127659574468085,0.24346394564958143,0.02127659574468085,0.5957408975643377,0.01694351899795839,0.0030425950022465987,43.90318287921519,6.648810799918669,conv1,1.7408297026122455e-05,47,46,True
Wiener-Residual-AG,42,3,4,2.4968146494047264e-06,0.14342670312082045,0.06730105997023351,0.02127659574468085,0.02127659574468085,0.2160239751741639,0.02127659574468085,0.6673325949467805,0.014752854728779094,0.006860407185136719,70.01039980619842,10.167426773688119,conv2,1.7408297026122455e-05,47,46,True
Wiener-Residual-AG,42,3,4,3.4664708671991862e-06,0.19912751155368538,0.05479724130064347,0.02127659574468085,0.02127659574468085,0.147034628327343,0.02127659574468085,0.6299908075987477,0.017367027553827453,0.009056093934785726,60.55940611416112,7.219818393415241,fc1,1.7408297026122455e-05,47,46,True
Wiener-Residual-AG,42,3,4,3.5312312102049465e-06,0.20284759645966913,0.05448561576459901,0.02127659574468085,0.02127659574468085,0.14766637592407136,0.02127659574468085,0.5450017373975033,0.04834756341543196,0.025270683204449022,23.86884452048928,2.9371150569281315,fc2,1.7408297026122455e-05,47,46,True
Wiener-Residual-AG,42,3,5,2.4296326823656867e-06,0.13956751075190413,0.08329083078901393,0.021739130434782608,0.021739130434782608,0.2952088412178608,0.021739130434782608,0.7069945939668594,0.012514383816757364,-0.01857018371008274,45.07778239706221,8.208692246503398,conv1,1.7408297026122455e-05,46,45,True
Wiener-Residual-AG,42,3,5,2.535332857266626e-06,0.1456393381536498,0.06757266613791975,0.021739130434782608,0.021739130434782608,0.21516986725327242,0.021739130434782608,0.6723894988837027,0.020475637764866432,0.008024357906795164,67.20606382164279,9.911851645044276,conv2,1.7408297026122455e-05,46,45,True
Wiener-Residual-AG,42,3,5,3.496294957220145e-06,0.20084072278716822,0.054975553719602444,0.021739130434782608,0.021739130434782608,0.14469669330888438,0.021739130434782608,0.637616930453856,0.0163975070626727,0.007179940154199727,62.431507002361336,7.629259263271423,fc1,1.7408297026122455e-05,46,45,True
Wiener-Residual-AG,42,3,5,3.596975545968668e-06,0.2066242057204754,0.055814991418487836,0.021739130434782608,0.021739130434782608,0.14699389077348943,0.021739130434782608,0.609948849066923,0.04328063953559166,0.006754947550804712,22.988454031958224,3.0126641131817897,fc2,1.7408297026122455e-05,46,45,True
Wiener-Residual-AG,42,4,1,2.3673028838148687e-06,0.13598704573242018,0.08901023981634894,0.02127659574468085,0.02127659574468085,0.3058864971268024,0.02127659574468085,0.6412554436576703,0.0072018591232211856,0.009967221520054487,37.188921723395325,6.671396990096962,conv1,1.7408297026122455e-05,47,46,True
Wiener-Residual-AG,42,4,1,2.534789399737671e-06,0.14560811984848546,0.06772817403957174,0.02127659574468085,0.02127659574468085,0.2203604810524542,0.02127659574468085,0.6724689394911602,0.011968861257176751,0.002391971118034485,69.634325776302,10.474379487007761,conv2,1.7408297026122455e-05,47,46,True
Wiener-Residual-AG,42,4,1,3.488344848268446e-06,0.2003840377398158,0.05572607317155683,0.02127659574468085,0.02127659574468085,0.1523469782920338,0.02127659574468085,0.6309224634739606,0.016362874274883362,0.007004706921866107,61.919237999446864,7.703436166180171,fc1,1.7408297026122455e-05,47,46,True
Wiener-Residual-AG,42,4,1,3.5346062504680323e-06,0.20304147184323035,0.050980679825175464,0.02127659574468085,0.02127659574468085,0.11998176408071835,0.02127659574468085,0.5670176985517101,0.05079070161744608,0.026308976657153073,22.037862432491558,2.6741049892688187,fc2,1.7408297026122455e-05,47,46,True
Wiener-Residual-AG,42,4,2,2.2854969247341106e-06,0.13128779462485918,0.08615213714552973,0.02127659574468085,0.02127659574468085,0.27303891934793806,0.02127659574468085,0.6504181677729426,0.04131289458214314,0.01623210894425116,37.194050700973214,6.792882834224219,conv1,1.7408297026122455e-05,47,46,True
Wiener-Residual-AG,42,4,2,2.5844199638040976e-06,0.1484590916576149,0.06981303658239801,0.02127659574468085,0.02127659574468085,0.23348290068058414,0.02127659574468085,0.6706220163699765,0.020679456222559355,0.006549614363211345,66.09233586760564,10.393864778412837,conv2,1.7408297026122455e-05,47,46,True
Wiener-Residual-AG,42,4,2,3.474922689313375e-06,0.19961301694812503,0.05512104657071332,0.02127659574468085,0.02127659574468085,0.14910738882510322,0.02127659574468085,0.6308887612792322,0.015669722540545748,0.006957022202853798,64.67317924135877,8.163619107138183,fc1,1.7408297026122455e-05,47,46,True
Wiener-Residual-AG,42,4,2,3.7529976692893276e-06,0.21558672072619592,0.06535455442760078,0.02127659574468085,0.02127659574468085,0.20335000568647305,0.02127659574468085,0.6183719254167106,0.050757413860956946,0.03059256724477977,23.121696564134243,3.6130540434969323,fc2,1.7408297026122455e-05,47,46,True
Wiener-Residual-AG,42,4,3,2.065671732857873e-06,0.1186601842649041,0.07372646324586213,0.02127659574468085,0.02127659574468085,0.24567591339549485,0.02127659574468085,0.694423634898258,0.040803352489592895,0.012641181353252305,37.77457792838464,5.880092833390319,conv1,1.7408297026122455e-05,47,46,True
Wiener-Residual-AG,42,4,3,2.5179307988623403e-06,0.14463969652424913,0.06750549450981218,0.02127659574468085,0.02127659574468085,0.21927866329575885,0.02127659574468085,0.6647631112741041,0.017718167955048485,0.004282572478338707,63.47520625494792,8.984311429533706,conv2,1.7408297026122455e-05,47,46,True
Wiener-Residual-AG,42,4,3,3.47829123791739e-06,0.1998065194256481,0.05543721711123805,0.02127659574468085,0.02127659574468085,0.1510874197207748,0.02127659574468085,0.6300508253005912,0.015528311330222073,0.006440163637563534,66.39401630945144,8.003605222611336,fc1,1.7408297026122455e-05,47,46,True
Wiener-Residual-AG,42,4,3,3.530631955116048e-06,0.2028131729265688,0.05220735292756778,0.02127659574468085,0.02127659574468085,0.1288146683958025,0.02127659574468085,0.6045060121434542,0.04784039786583627,0.025610346042424046,24.934074870029935,2.959848177739773,fc2,1.7408297026122455e-05,47,46,True
Wiener-Residual-AG,42,4,4,1.876533895204029e-06,0.10779537437741028,0.07077365014628424,0.02127659574468085,0.02127659574468085,0.23013295873233072,0.02127659574468085,0.6219340076451392,0.02548590417870787,0.0033887525509303357,45.404918384364805,7.013619091007704,conv1,1.7408297026122455e-05,47,46,True
Wiener-Residual-AG,42,4,4,2.4811770849639874e-06,0.14252842085821463,0.06663128277559496,0.02127659574468085,0.02127659574468085,0.21735895282979287,0.02127659574468085,0.6472835173634303,0.015125648992391431,0.007430690546061948,69.83602413449847,10.183368847752622,conv2,1.7408297026122455e-05,47,46,True
Wiener-Residual-AG,42,4,4,3.472074729564045e-06,0.19944941911055036,0.05485175135965514,0.02127659574468085,0.02127659574468085,0.14717231707802528,0.02127659574468085,0.628987179672552,0.01485268501442989,0.005935869218476631,68.28786462269203,8.590095249226009,fc1,1.7408297026122455e-05,47,46,True
Wiener-Residual-AG,42,4,4,3.6894597410347842e-06,0.21193685605768744,0.06178734572200991,0.02127659574468085,0.02127659574468085,0.1815501784611368,0.02127659574468085,0.5717207632653346,0.04294678125684851,0.017827949065789835,26.29334280231849,3.787405361153672,fc2,1.7408297026122455e-05,47,46,True
Wiener-Residual-AG,42,4,5,2.142995786615997e-06,0.1231019773732187,0.07719057465907626,0.021739130434782608,0.021739130434782608,0.260678020500658,0.021739130434782608,0.6702099867345794,0.025805588287145832,0.03896306190514475,45.23540640395062,7.525805361204386,conv1,1.7408297026122455e-05,46,45,True
Wiener-Residual-AG,42,4,5,2.5561920275473927e-06,0.14683756967793207,0.06959068651399002,0.021739130434782608,0.021739130434782608,0.22848037754612785,0.021739130434782608,0.6717783137755001,0.01535347307344198,0.005882527062113562,75.28501832022091,11.30791901311057,conv2,1.7408297026122455e-05,46,45,True
Wiener-Residual-AG,42,4,5,3.49646438541044e-06,0.20085045539857996,0.05515221324327881,0.021739130434782608,0.021739130434782608,0.14658482250374832,0.021739130434782608,0.631430028422088,0.014638088897115247,0.006414766513654595,69.48942681858375,8.635893190191995,fc1,1.7408297026122455e-05,46,45,True
Wiener-Residual-AG,42,4,5,3.5303671139537436e-06,0.20279795942452986,0.05445890989344313,0.021739130434782608,0.021739130434782608,0.1436712902261625,0.021739130434782608,0.5700792461200674,0.036525729266455934,0.017174565176682536,25.65509275412141,3.3075114831087213,fc2,1.7408297026122455e-05,46,45,True
Wiener-Residual-AG,42,5,1,1.933972829728251e-06,0.11109488922587774,0.07130465235539506,0.02127659574468085,0.02127659574468085,0.22781225214620968,0.02127659574468085,0.6332333685349916,0.03173131429244195,0.008739747493514584,39.573741912579095,6.253677098509527,conv1,1.7408297026122455e-05,47,46,True
Wiener-Residual-AG,42,5,1,2.4859482765404693e-06,0.14280249658022937,0.06728188490221351,0.02127659574468085,0.02127659574468085,0.2195474178539859,0.02127659574468085,0.6504954576084809,0.011634777279213665,0.006200279032969452,75.82527294186704,10.825093359757005,conv2,1.7408297026122455e-05,47,46,True
Wiener-Residual-AG,42,5,1,3.4787295600202618e-06,0.1998316983447701,0.0553249430348657,0.02127659574468085,0.02127659574468085,0.15084947334089785,0.02127659574468085,0.6250338379903277,0.014489210332561661,0.005820201566762917,72.00012049990066,8.642626571645298,fc1,1.7408297026122455e-05,47,46,True
Wiener-Residual-AG,42,5,1,3.6092676333310007e-06,0.2073303108233405,0.05539397045392762,0.02127659574468085,0.02127659574468085,0.15146293546955986,0.02127659574468085,0.5715442486040784,0.027874069230624778,0.004722702666465206,40.98079402605772,5.056386512421786,fc2,1.7408297026122455e-05,47,46,True
Wiener-Residual-AG,42,5,2,1.7673060695397782e-06,0.1015209050539408,0.06596771962400774,0.02127659574468085,0.02127659574468085,0.17859070999570384,0.02127659574468085,0.6808214906093494,0.04567629398806651,0.01134157329404595,37.03161656501285,5.674924738622671,conv1,1.7408297026122455e-05,47,46,True
Wiener-Residual-AG,42,5,2,2.484850462143545e-06,0.1427394338696565,0.06600082368616506,0.02127659574468085,0.02127659574468085,0.2108110912125268,0.02127659574468085,0.6838441782917265,0.013867358013184611,0.004301830058417058,68.61934241674021,9.843499842188296,conv2,1.7408297026122455e-05,47,46,True
Wiener-Residual-AG,42,5,2,3.4728794035517286e-06,0.19949564270074283,0.05496397816175465,0.02127659574468085,0.02127659574468085,0.14853898971232654,0.02127659574468085,0.6298705240789675,0.015241885281090007,0.005966458931820286,68.6804944431161,8.196921793152855,fc1,1.7408297026122455e-05,47,46,True
Wiener-Residual-AG,42,5,2,3.5229703540278435e-06,0.20237306088822837,0.05301617076807378,0.02127659574468085,0.02127659574468085,0.13228838785412186,0.02127659574468085,0.5808903133566329,0.028612719508590564,0.009007663933869545,36.444683936003585,4.3812534788196755,fc2,1.7408297026122455e-05,47,46,True
Wiener-Residual-AG,42,5,3,1.9972978122850647e-06,0.11473252146881274,0.07426416862196457,0.02127659574468085,0.02127659574468085,0.25913550528314155,0.02127659574468085,0.641091005765448,0.006883617534234704,-0.006878421507578265,37.23138027188211,5.915552069171217,conv1,1.7408297026122455e-05,47,46,True
Wiener-Residual-AG,42,5,3,2.5061907614690755e-06,0.14396530330958557,0.06649190236277988,0.02127659574468085,0.02127659574468085,0.21264419845699264,0.02127659574468085,0.6656703288308399,0.019415616686194712,0.003954086997329653,67.17755365812604,10.011045684362989,conv2,1.7408297026122455e-05,47,46,True
Wiener-Residual-AG,42,5,3,3.471024000616263e-06,0.19938906117052865,0.054913403786525435,0.02127659574468085,0.02127659574468085,0.14845440558251946,0.02127659574468085,0.6281845952098465,0.01594229062820819,0.0071465340122496696,66.89991719498522,8.25434038740333,fc1,1.7408297026122455e-05,47,46,True
Wiener-Residual-AG,42,5,3,3.597453133402431e-06,0.20665164019227064,0.0560990098662068,0.02127659574468085,0.02127659574468085,0.14766714023234162,0.02127659574468085,0.5855178920046546,0.0431842955001029,0.015196473377721505,32.75219002215193,4.085902347838419,fc2,1.7408297026122455e-05,47,46,True
Wiener-Residual-AG,42,5,4,1.9084695830299717e-06,0.10962988396660346,0.06987157669323764,0.02127659574468085,0.02127659574468085,0.20510468683035135,0.02127659574468085,0.6560648896149702,0.025313207431716025,0.002938503144798672,39.39283348758651,6.144058918740316,conv1,1.7408297026122455e-05,47,46,True
Wiener-Residual-AG,42,5,4,2.4393306823700787e-06,0.14012460143055236,0.06608192207953084,0.02127659574468085,0.02127659574468085,0.21122701575006847,0.02127659574468085,0.6667222211374481,0.017064335114886035,0.007920403456078346,67.58954375251261,9.872153910275005,conv2,1.7408297026122455e-05,47,46,True
Wiener-Residual-AG,42,5,4,3.4667405672013343e-06,0.19914300416630254,0.05481529870191712,0.02127659574468085,0.02127659574468085,0.14658582938642348,0.02127659574468085,0.6325009359138444,0.014288389684514237,0.0067724372879834896,70.89535711160804,8.751205328177091,fc1,1.7408297026122455e-05,47,46,True
Wiener-Residual-AG,42,5,4,3.4862248402067515e-06,0.2002622562663891,0.05431064689808422,0.02127659574468085,0.02127659574468085,0.14972231584473225,0.02127659574468085,0.5474510280047263,0.02917215311539299,0.0136056969140533,34.83336773198037,4.136075982903981,fc2,1.7408297026122455e-05,47,46,True
Wiener-Residual-AG,42,5,5,2.410480817626634e-06,0.13846735346998768,0.0814266606905735,0.021739130434782608,0.021739130434782608,0.27983569011822856,0.021739130434782608,0.6624170042711403,0.030869935122785293,0.016412288515497055,42.51607983645746,7.226179018581859,conv1,1.7408297026122455e-05,46,45,True
Wiener-Residual-AG,42,5,5,2.4901572616174016e-06,0.14304427698359776,0.06633343627275796,0.021739130434782608,0.021739130434782608,0.21162871113095869,0.021739130434782608,0.6592873524526649,0.015225206652558746,0.0058506000899629105,69.34385122717066,10.518755416378397,conv2,1.7408297026122455e-05,46,45,True
Wiener-Residual-AG,42,5,5,3.5059853251082097e-06,0.20139737504749686,0.05589455138734096,0.021739130434782608,0.021739130434782608,0.15040458549701996,0.021739130434782608,0.6367441400424702,0.013869194759495019,0.005875983072848075,70.9846535324527,9.500582171370738,fc1,1.7408297026122455e-05,46,45,True
Wiener-Residual-AG,42,5,5,3.6715685880218557e-06,0.2109091189398017,0.06142929403089017,0.021739130434782608,0.021739130434782608,0.17567051119032034,0.021739130434782608,0.5902842174763056,0.03267835030081237,0.015036553040061086,35.44954059208445,5.392830983725394,fc2,1.7408297026122455e-05,46,45,True
Wiener-Residual-AOnly,42,1,1,1.9693103247173095e-06,0.11312481179303246,0.07566510476376044,0.02127659574468085,0.02127659574468085,0.24813587484282448,0.02127659574468085,0.6425568548328167,0.08990399515154181,0.03752018656596302,16.288400912725773,3.8502825003458856,conv1,1.7408297026122455e-05,47,46,True
Wiener-Residual-AOnly,42,1,1,2.49517604489144e-06,0.1433325753315928,0.06708357870874344,0.02127659574468085,0.02127659574468085,0.21761164996424545,0.02127659574468085,0.6670083467346846,0.07110244228802491,0.06216526068277402,16.80215371687771,3.3105226547403537,conv2,1.7408297026122455e-05,47,46,True
Wiener-Residual-AOnly,42,1,1,3.5172320002522706e-06,0.2020434276238738,0.05690842951971549,0.02127659574468085,0.02127659574468085,0.1569054997857073,0.02127659574468085,0.7372166034005515,0.05462803962844853,0.09921267548510788,19.11167832451146,2.4126688225771407,fc1,1.7408297026122455e-05,47,46,True
Wiener-Residual-AOnly,42,1,1,6.401282039937215e-06,0.367714431246871,0.11652408093409235,0.02127659574468085,0.02127659574468085,0.39705767425683464,0.02127659574468085,0.9420150426611775,0.41883594421550924,0.6248108035867305,2.2954374642257043,0.8480376760511825,fc2,1.7408297026122455e-05,47,46,True
Wiener-Residual-AOnly,42,1,2,2.2209614345273975e-06,0.1275806261344621,0.07893214167344952,0.02127659574468085,0.02127659574468085,0.2750382492281268,0.02127659574468085,0.6680609465772189,0.0628221318635769,0.016725908760949114,19.54526565269355,3.3444523831358044,conv1,1.7408297026122455e-05,47,46,True
Wiener-Residual-AOnly,42,1,2,2.571842999251108e-06,0.14773662210564678,0.07032037413796384,0.02127659574468085,0.02127659574468085,0.23383911684924502,0.02127659574468085,0.6676745181672529,0.03613607508705152,0.02215645003413299,26.759953099110433,3.8061922389346723,conv2,1.7408297026122455e-05,47,46,True
Wiener-Residual-AOnly,42,1,2,3.4946244547611654e-06,0.20074476265640567,0.05600996212781607,0.02127659574468085,0.02127659574468085,0.15377078816931553,0.02127659574468085,0.6359033264876309,0.029156927753420974,0.02474335060892922,34.861480824822465,4.199469414255813,fc1,1.7408297026122455e-05,47,46,True
Wiener-Residual-AOnly,42,1,2,6.212231521032635e-06,0.35685463728650285,0.11674674721448684,0.02127659574468085,0.02127659574468085,0.40833164463987426,0.02127659574468085,0.9565842329957431,0.3254137105505016,0.6271527257782719,3.018815741765732,0.8685132894020735,fc2,1.7408297026122455e-05,47,46,True
Wiener-Residual-AOnly,42,1,3,1.890731152553951e-06,0.10861091982270106,0.06735571081544531,0.02127659574468085,0.02127659574468085,0.19385074553092735,0.02127659574468085,0.65084294756713,0.03277062402069453,0.013254518302977811,32.33299130994691,5.0176542883964155,conv1,1.7408297026122455e-05,47,46,True
Wiener-Residual-AOnly,42,1,3,2.5938545733811205e-06,0.14900105217005705,0.0707749916885822,0.02127659574468085,0.02127659574468085,0.23499309478859493,0.02127659574468085,0.678122236856785,0.02718082377347214,0.005697417569321663,41.003114108888795,6.103780858371932,conv2,1.7408297026122455e-05,47,46,True
Wiener-Residual-AOnly,42,1,3,3.4893641254067213e-06,0.20044258896609288,0.05578071698697345,0.02127659574468085,0.02127659574468085,0.15250866934482804,0.02127659574468085,0.6323019247016862,0.024077412728444634,0.018112784559287217,43.06545313100911,5.097530156704474,fc1,1.7408297026122455e-05,47,46,True
Wiener-Residual-AOnly,42,1,3,5.0548700308817516e-06,0.29037131106486413,0.09776869918351078,0.02127659574468085,0.02127659574468085,0.3302002706557549,0.02127659574468085,0.9274654724153824,0.23448568030116693,0.4778467829379431,4.297690071150475,1.0604276218655533,fc2,1.7408297026122455e-05,47,46,True
Wiener-Residual-AOnly,42,1,4,1.907396107067739e-06,0.10956821934997713,0.07212006501714312,0.02127659574468085,0.02127659574468085,0.23624395967349018,0.02127659574468085,0.6169026778502852,0.017636058946177934,-0.011108336735178428,45.65086503434821,7.368909836815236,conv1,1.7408297026122455e-05,47,46,True
Wiener-Residual-AOnly,42,1,4,2.5113891762962764e-06,0.14426392038967098,0.06818205487414922,0.02127659574468085,0.02127659574468085,0.22034294071219848,0.02127659574468085,0.6510260024618086,0.019243704776047147,0.007389586124740204,51.561586306213194,7.546519839090637,conv2,1.7408297026122455e-05,47,46,True
Wiener-Residual-AOnly,42,1,4,3.472212089418386e-06,0.1994573095925507,0.05497242814700499,0.02127659574468085,0.02127659574468085,0.1487164848246458,0.02127659574468085,0.6248194088069208,0.019772406829060247,0.01083547020969844,50.62272549284243,6.276604376199942,fc1,1.7408297026122455e-05,47,46,True
Wiener-Residual-AOnly,42,1,4,3.971508971627518e-06,0.2281388561826565,0.07056909933602257,0.02127659574468085,0.02127659574468085,0.22553927590373168,0.02127659574468085,0.758481195566153,0.18249723833424977,0.2947531236550204,5.664434409097577,1.1952510346057,fc2,1.7408297026122455e-05,47,46,True
Wiener-Residual-AOnly,42,1,5,1.9588107072761173e-06,0.11252167310431203,0.07339107176398356,0.021739130434782608,0.021739130434782608,0.23907653157658112,0.021739130434782608,0.6120797805093496,-0.016074742766023786,-0.0013781552778791516,59.434883565272834,9.429120230027216,conv1,1.7408297026122455e-05,46,45,True
Wiener-Residual-AOnly,42,1,5,2.5225109552303566e-06,0.1449027984440488,0.06753241255015671,0.021739130434782608,0.021739130434782608,0.21614655249699005,0.021739130434782608,0.6786166369879958,0.016433385415760254,0.006622377549259992,59.30416995494365,8.956376709291959,conv2,1.7408297026122455e-05,46,45,True
Wiener-Residual-AOnly,42,1,5,3.4952868093253523e-06,0.20078281086773814,0.05555234581171854,0.021739130434782608,0.021739130434782608,0.14840963363584614,0.021739130434782608,0.6296486859013555,0.018818665563225135,0.01069865173239211,55.48441724346326,6.693572932519703,fc1,1.7408297026122455e-05,46,45,True
Wiener-Residual-AOnly,42,1,5,3.828092622506347e-06,0.2199004656665731,0.06678243822235551,0.021739130434782608,0.021739130434782608,0.1993782745105834,0.021739130434782608,0.7417282405327817,0.16089934153258476,0.26686872484008534,6.472953559700927,1.2410104802027904,fc2,1.7408297026122455e-05,46,45,True
Wiener-Residual-AOnly,42,2,1,1.8875671098423128e-06,0.108429164955646,0.0731761955259752,0.02127659574468085,0.02127659574468085,0.2355813806635548,0.02127659574468085,0.6254874239678534,0.037903652409930585,0.046299643040164255,28.852612793135552,4.3924781796349395,conv1,1.7408297026122455e-05,47,46,True
Wiener-Residual-AOnly,42,2,1,2.4762557553360756e-06,0.1422457206250713,0.06633044172222088,0.02127659574468085,0.02127659574468085,0.21154116999533856,0.02127659574468085,0.678247634609778,0.022074541955434235,0.0069081379421740505,47.366621297330035,6.9787136832769825,conv2,1.7408297026122455e-05,47,46,True
Wiener-Residual-AOnly,42,2,1,3.4683786621252376e-06,0.1992371026827423,0.054827220248513005,0.02127659574468085,0.02127659574468085,0.14779933579227167,0.02127659574468085,0.6261383497814518,0.01947720603418457,0.007955830590419134,51.93567799100981,6.437866214604971,fc1,1.7408297026122455e-05,47,46,True
Wiener-Residual-AOnly,42,2,1,3.6559481731187347e-06,0.21001182181305328,0.059604128589756174,0.02127659574468085,0.02127659574468085,0.17248220145352866,0.02127659574468085,0.5876313562295561,0.050096160854662036,0.031152343525837428,19.47413835676732,2.815402249048553,fc2,1.7408297026122455e-05,47,46,True
Wiener-Residual-AOnly,42,2,2,2.509554733347221e-06,0.1441585428822501,0.08808789536384636,0.02127659574468085,0.02127659574468085,0.330070548499278,0.02127659574468085,0.6590744728296049,0.022322813894388897,0.008583873223261956,34.06287517209887,6.473079015095168,conv1,1.7408297026122455e-05,47,46,True
Wiener-Residual-AOnly,42,2,2,2.5423408487417215e-06,0.14604190432451536,0.06867390534815168,0.02127659574468085,0.02127659574468085,0.22479272441290588,0.02127659574468085,0.6705744636646366,0.018906429622457747,0.00998528063561845,51.331634150677964,7.657765618699195,conv2,1.7408297026122455e-05,47,46,True
Wiener-Residual-AOnly,42,2,2,3.4750087412904925e-06,0.1996179601069524,0.05526550356648098,0.02127659574468085,0.02127659574468085,0.14866977892357489,0.02127659574468085,0.6289882822468292,0.019373406783804094,0.009341955324537457,52.704449991999894,6.45593826563019,fc1,1.7408297026122455e-05,47,46,True
Wiener-Residual-AOnly,42,2,2,3.342984621938919e-06,0.1920339833886405,0.04642938132706868,0.02127659574468085,0.02127659574468085,0.09943153085870139,0.02127659574468085,0.5247051017277836,0.05395778071516465,0.02592025030434001,18.426807321886763,2.133075897333204,fc2,1.7408297026122455e-05,47,46,True
Wiener-Residual-AOnly,42,2,3,2.2605593047054245e-06,0.1298552811520441,0.07975959954943478,0.02127659574468085,0.02127659574468085,0.278328270451959,0.02127659574468085,0.6617460086103866,0.0411465772689577,0.013271852184976068,34.56093585833124,5.855494995822884,conv1,1.7408297026122455e-05,47,46,True
Wiener-Residual-AOnly,42,2,3,2.479580556582511e-06,0.14243671008495057,0.06533629604529712,0.02127659574468085,0.02127659574468085,0.2049625859546587,0.02127659574468085,0.667920692914112,0.019044683053934256,0.004475460857222784,49.19063196482541,7.156618398256285,conv2,1.7408297026122455e-05,47,46,True
Wiener-Residual-AOnly,42,2,3,3.468601866377087e-06,0.19924992439939357,0.05494959135618808,0.02127659574468085,0.02127659574468085,0.1474655055922127,0.02127659574468085,0.6277397372974228,0.019976916366660758,0.011490626576251602,51.73734173029887,6.163223346887615,fc1,1.7408297026122455e-05,47,46,True
Wiener-Residual-AOnly,42,2,3,3.59097369646408e-06,0.20627943624098052,0.05571565529048663,0.02127659574468085,0.02127659574468085,0.15071187543655393,0.02127659574468085,0.5770955049456646,0.05204435742625569,0.025292460660085333,18.466973767772778,2.429667811335277,fc2,1.7408297026122455e-05,47,46,True
Wiener-Residual-AOnly,42,2,4,2.0777257984084463e-06,0.11935261647309113,0.07787990494422971,0.02127659574468085,0.02127659574468085,0.2683731664503574,0.02127659574468085,0.6205529241322222,0.01702826114321632,0.015055322463473051,38.978468733942535,6.395405911219685,conv1,1.7408297026122455e-05,47,46,True
Wiener-Residual-AOnly,42,2,4,2.5269361767176028e-06,0.1451570003042657,0.0681102361516014,0.02127659574468085,0.02127659574468085,0.22567172468599242,0.02127659574468085,0.6545661253340103,0.019356478298183044,0.00821001780604471,51.79289662768293,8.072162789310152,conv2,1.7408297026122455e-05,47,46,True
Wiener-Residual-AOnly,42,2,4,3.466145771300479e-06,0.19910883678623284,0.05490080644991153,0.02127659574468085,0.02127659574468085,0.1478097625427926,0.02127659574468085,0.6281546285657699,0.018010931193041327,0.008953779992684983,56.77888122299446,7.1628174766270005,fc1,1.7408297026122455e-05,47,46,True
Wiener-Residual-AOnly,42,2,4,3.7180977633691353e-06,0.21358193496985095,0.06251085934871263,0.02127659574468085,0.02127659574468085,0.18961341384086666,0.02127659574468085,0.5908425402923708,0.05286871589857877,0.02683941108633815,20.027089123192862,2.9663059827894056,fc2,1.7408297026122455e-05,47,46,True
Wiener-Residual-AOnly,42,2,5,2.023639449742454e-06,0.11624568714020851,0.07208459937986009,0.021739130434782608,0.021739130434782608,0.2257013217217752,0.021739130434782608,0.6718317977628637,0.02934293842728539,0.005938986906865944,38.02987855088387,6.323827247054176,conv1,1.7408297026122455e-05,46,45,True
Wiener-Residual-AOnly,42,2,5,2.5112790252448205e-06,0.1442575928866826,0.0672176556790139,0.021739130434782608,0.021739130434782608,0.21548837844029234,0.021739130434782608,0.6694971320456486,0.020206922679169993,0.00659920525071316,45.728158150561,6.7680161478044285,conv2,1.7408297026122455e-05,46,45,True
Wiener-Residual-AOnly,42,2,5,3.5079444402734868e-06,0.20150991420984785,0.055875004432843024,0.021739130434782608,0.021739130434782608,0.1507674574589411,0.021739130434782608,0.6387569312827054,0.01762777046977969,0.008920859870386608,57.16558817015006,6.793986152249991,fc1,1.7408297026122455e-05,46,45,True
Wiener-Residual-AOnly,42,2,5,3.520344871270699e-06,0.20222224299069325,0.05306502166800744,0.021739130434782608,0.021739130434782608,0.1399262900958073,0.021739130434782608,0.5386327157917785,0.06045642168837712,0.03467037404058651,18.308394581478748,2.142762716410137,fc2,1.7408297026122455e-05,46,45,True
Wiener-Residual-AOnly,42,3,1,2.142914709855105e-06,0.12309732001007904,0.07625445635006331,0.02127659574468085,0.02127659574468085,0.2603574322451973,0.02127659574468085,0.6250034533841196,0.035436755632666496,0.007815045508637503,36.17447279548728,5.96407315317401,conv1,1.7408297026122455e-05,47,46,True
Wiener-Residual-AOnly,42,3,1,2.570599431132183e-06,0.14766518673680756,0.0688073842955395,0.02127659574468085,0.02127659574468085,0.22650636871172086,0.02127659574468085,0.6668439830182538,0.016940161251253402,0.005431202014988171,63.109246010170374,9.184499153052409,conv2,1.7408297026122455e-05,47,46,True
Wiener-Residual-AOnly,42,3,1,3.4710232863346922e-06,0.19938902013942905,0.055014644921248634,0.02127659574468085,0.02127659574468085,0.1481197728384635,0.02127659574468085,0.6303445636809271,0.018029906985956867,0.008180304722530948,57.956367563675556,6.924667479796539,fc1,1.7408297026122455e-05,47,46,True
Wiener-Residual-AOnly,42,3,1,3.5825795455732232e-06,0.20579724370495836,0.055307742319291024,0.02127659574468085,0.02127659574468085,0.14999119524657117,0.02127659574468085,0.5755980557342825,0.04357349367973107,0.03852557327991511,23.209332068191287,2.951813240404137,fc2,1.7408297026122455e-05,47,46,True
Wiener-Residual-AOnly,42,3,2,1.973144551461811e-06,0.1133450646264226,0.07119138302330558,0.02127659574468085,0.02127659574468085,0.22196423661326284,0.02127659574468085,0.6636574506187275,0.024326663698707736,-0.008612820589108304,41.41289386627028,6.608648407065664,conv1,1.7408297026122455e-05,47,46,True
Wiener-Residual-AOnly,42,3,2,2.4700144800899393e-06,0.14188719760373444,0.066684560377488,0.02127659574468085,0.02127659574468085,0.21405348749328018,0.02127659574468085,0.6851399619335335,0.016583375292070154,0.004136922277811011,65.16981867596695,9.483996262133136,conv2,1.7408297026122455e-05,47,46,True
Wiener-Residual-AOnly,42,3,2,3.4709652309067303e-06,0.19938568521081002,0.05487147885654697,0.02127659574468085,0.02127659574468085,0.14746685876341006,0.02127659574468085,0.6318107469611716,0.016440371254233407,0.007083263452416095,60.6078310105512,7.18163828289681,fc1,1.7408297026122455e-05,47,46,True
Wiener-Residual-AOnly,42,3,2,3.4980102872134578e-06,0.2009392579851108,0.05107526160990765,0.02127659574468085,0.02127659574468085,0.12425001041421896,0.02127659574468085,0.54175796666875,0.04673478502298925,0.022936170503102427,23.43405172260659,2.6145379460059788,fc2,1.7408297026122455e-05,47,46,True
Wiener-Residual-AOnly,42,3,3,2.1393690586252954e-06,0.12289364407184752,0.08058105294508158,0.02127659574468085,0.02127659574468085,0.27238833807669005,0.02127659574468085,0.6712957544961403,0.02515062169300767,0.013132196731019539,41.177851380882025,6.805609720137457,conv1,1.7408297026122455e-05,47,46,True
Wiener-Residual-AOnly,42,3,3,2.4651792620481996e-06,0.14160944395359365,0.06474364676846442,0.02127659574468085,0.02127659574468085,0.20324875652511676,0.02127659574468085,0.6767420174087722,0.012168043846005542,0.0030145616200809152,66.34688901962927,9.357961358940607,conv2,1.7408297026122455e-05,47,46,True
Wiener-Residual-AOnly,42,3,3,3.486930218472576e-06,0.20030277592576545,0.05574155401476492,0.02127659574468085,0.02127659574468085,0.15251968238773222,0.02127659574468085,0.6266233641487634,0.01646830010618959,0.007733094857086485,60.27225622164452,7.3454023769606644,fc1,1.7408297026122455e-05,47,46,True
Wiener-Residual-AOnly,42,3,3,3.542021884336539e-06,0.20346745457189008,0.0530100236903373,0.02127659574468085,0.02127659574468085,0.13573578554719404,0.02127659574468085,0.5631131284744881,0.050736939986653073,0.030477061181360513,24.01886171580074,2.8657211440576877,fc2,1.7408297026122455e-05,47,46,True
Wiener-Residual-AOnly,42,3,4,1.8637421240044035e-06,0.1070605654997567,0.07172876804528718,0.02127659574468085,0.02127659574468085,0.24344137954505393,0.02127659574468085,0.5958432668881418,0.015415022884900362,0.0036964412498850206,43.975327297680955,6.635762306362839,conv1,1.7408297026122455e-05,47,46,True
Wiener-Residual-AOnly,42,3,4,2.49725568943566e-06,0.14345203816825625,0.06731832163253573,0.02127659574468085,0.02127659574468085,0.21619312497475104,0.02127659574468085,0.6672669011435188,0.015302058301156383,0.006742180423632887,70.1113734183501,10.15878849310643,conv2,1.7408297026122455e-05,47,46,True
Wiener-Residual-AOnly,42,3,4,3.466490455367323e-06,0.19912863677392412,0.05479816557843824,0.02127659574468085,0.02127659574468085,0.14704018044239145,0.02127659574468085,0.6299890270702455,0.017350042151814814,0.009133299774403124,60.444434190908936,7.195964979283146,fc1,1.7408297026122455e-05,47,46,True
Wiener-Residual-AOnly,42,3,4,3.530908026494437e-06,0.20282903153571222,0.05448008433470605,0.02127659574468085,0.02127659574468085,0.14756998301167057,0.02127659574468085,0.5447620902792236,0.04838702681543321,0.025252759215146726,23.985667806528898,2.922452370778125,fc2,1.7408297026122455e-05,47,46,True
Wiener-Residual-AOnly,42,3,5,2.430083438442804e-06,0.13959340392666106,0.0833009322377666,0.021739130434782608,0.021739130434782608,0.29505893362785596,0.021739130434782608,0.7070126149562814,0.013086273091657566,-0.020325160680364225,45.435053312243,8.266458992314165,conv1,1.7408297026122455e-05,46,45,True
Wiener-Residual-AOnly,42,3,5,2.535390088659673e-06,0.1456426257465121,0.06757651509756175,0.021739130434782608,0.021739130434782608,0.2152260391727998,0.021739130434782608,0.6723758030139086,0.020772575016827315,0.007767595823494243,67.58365792896707,9.96901899077181,conv2,1.7408297026122455e-05,46,45,True
Wiener-Residual-AOnly,42,3,5,3.4963071257958702e-06,0.2008414217972843,0.05497555499611874,0.021739130434782608,0.021739130434782608,0.1446937836095694,0.021739130434782608,0.6376506794792648,0.01641263233164968,0.007207643958565025,62.38167766593589,7.6097982380598905,fc1,1.7408297026122455e-05,46,45,True
Wiener-Residual-AOnly,42,3,5,3.5961766739232015e-06,0.2065783154163137,0.05576130083472003,0.021739130434782608,0.021739130434782608,0.1467280679830699,0.021739130434782608,0.6096789417482957,0.04282533103516557,0.00699789404610439,23.206391502739827,3.043473165707713,fc2,1.7408297026122455e-05,46,45,True
Wiener-Residual-AOnly,42,4,1,2.3704544626312998e-06,0.13616808462506452,0.08909655293311007,0.02127659574468085,0.02127659574468085,0.3062874564969399,0.02127659574468085,0.6414400281156678,0.007896332613308292,0.012302388392366258,37.069818620107476,6.6527896419924435,conv1,1.7408297026122455e-05,47,46,True
Wiener-Residual-AOnly,42,4,1,2.534709937686008e-06,0.1456035552404975,0.06772432030557819,0.02127659574468085,0.02127659574468085,0.22032774841249134,0.02127659574468085,0.6724283079689254,0.011853145325348164,0.002807381492970151,69.34181579371342,10.435179312341827,conv2,1.7408297026122455e-05,47,46,True
Wiener-Residual-AOnly,42,4,1,3.4883635559736766e-06,0.2003851123828555,0.05572609205623784,0.02127659574468085,0.02127659574468085,0.15234281566982918,0.02127659574468085,0.6309628727352244,0.01637373400478763,0.0070621786271643115,61.74865837184647,7.6838237949765045,fc1,1.7408297026122455e-05,47,46,True
Wiener-Residual-AOnly,42,4,1,3.5336657511366125e-06,0.2029874459192696,0.05092355213721081,0.02127659574468085,0.02127659574468085,0.11967803555532623,0.02127659574468085,0.5669079998032672,0.050043199243852324,0.024562524360651407,22.258148007286323,2.690173584190383,fc2,1.7408297026122455e-05,47,46,True
Wiener-Residual-AOnly,42,4,2,2.2842378174788073e-06,0.13121546662784628,0.08613704973138779,0.02127659574468085,0.02127659574468085,0.27298006294699345,0.02127659574468085,0.650390513258756,0.04233348952348374,0.015265235651317589,37.01829027690075,6.750285778693782,conv1,1.7408297026122455e-05,47,46,True
Wiener-Residual-AOnly,42,4,2,2.584476037566847e-06,0.1484623127517095,0.06981464290080286,0.02127659574468085,0.02127659574468085,0.23346547914720076,0.02127659574468085,0.6706560923761855,0.020679496285649877,0.0062934623878288555,65.88923156583097,10.365849196430464,conv2,1.7408297026122455e-05,47,46,True
Wiener-Residual-AOnly,42,4,2,3.4749185779454695e-06,0.19961278077522998,0.055120544873218366,0.02127659574468085,0.02127659574468085,0.14910545501696099,0.02127659574468085,0.6308927175612405,0.015707346821214652,0.006923941694007165,64.5331309685913,8.14949261394036,fc1,1.7408297026122455e-05,47,46,True
Wiener-Residual-AOnly,42,4,2,3.7530717378074617e-06,0.2155909755087299,0.06533909892990207,0.02127659574468085,0.02127659574468085,0.20324113406086614,0.02127659574468085,0.6185351728164791,0.05078470387725267,0.030380255067249378,23.192977226048363,3.6230283387006534,fc2,1.7408297026122455e-05,47,46,True
Wiener-Residual-AOnly,42,4,3,2.065003841781864e-06,0.11862181801489091,0.07370115195423088,0.02127659574468085,0.02127659574468085,0.24550879132211031,0.02127659574468085,0.69415458283949,0.04057959417251991,0.013717634212222926,37.95082230411044,5.907447483044982,conv1,1.7408297026122455e-05,47,46,True
Wiener-Residual-AOnly,42,4,3,2.5179800041529506e-06,0.1446425230667039,0.06750843076031474,0.02127659574468085,0.02127659574468085,0.21937307397860376,0.02127659574468085,0.664775271085376,0.017969034772748357,0.004565460984793571,63.45037669994379,8.986367100833862,conv2,1.7408297026122455e-05,47,46,True
Wiener-Residual-AOnly,42,4,3,3.4782660562383804e-06,0.19980507289248225,0.05543658162743254,0.02127659574468085,0.02127659574468085,0.15108483041365828,0.02127659574468085,0.6300436824398861,0.015517347208616182,0.006525205256574236,66.34614196563562,7.99916734115991,fc1,1.7408297026122455e-05,47,46,True
Wiener-Residual-AOnly,42,4,3,3.5298660770579167e-06,0.20276917792481874,0.052184097139839535,0.02127659574468085,0.02127659574468085,0.12871675153343676,0.02127659574468085,0.6045695833704339,0.0468601086472286,0.02590863713460708,25.10708901830351,2.9867151295789944,fc2,1.7408297026122455e-05,47,46,True
Wiener-Residual-AOnly,42,4,4,1.877000900199831e-06,0.1078222009529852,0.070803307326217,0.02127659574468085,0.02127659574468085,0.2303319631522274,0.02127659574468085,0.621928597319435,0.023979169626664753,0.002741073525118827,45.47690221911669,7.013678154449862,conv1,1.7408297026122455e-05,47,46,True
Wiener-Residual-AOnly,42,4,4,2.4810544907355153e-06,0.14252137857094843,0.0666243241624849,0.02127659574468085,0.02127659574468085,0.21731184664386866,0.02127659574468085,0.6473223031087826,0.014993471520685434,0.007013852933617275,70.00539297112142,10.202161004611138,conv2,1.7408297026122455e-05,47,46,True
Wiener-Residual-AOnly,42,4,4,3.4721086619557726e-06,0.19945136831854454,0.054853747565838454,0.02127659574468085,0.02127659574468085,0.14719067155724977,0.02127659574468085,0.6289871005779666,0.01481015385419736,0.005939016335573027,68.42079209317467,8.567483452245114,fc1,1.7408297026122455e-05,47,46,True
Wiener-Residual-AOnly,42,4,4,3.6894547020751693e-06,0.2119365666003324,0.06179177734288821,0.02127659574468085,0.02127659574468085,0.1818696033863677,0.02127659574468085,0.5713202508776544,0.042593226422316215,0.01717593831362446,26.4450282474757,3.8081631391679394,fc2,1.7408297026122455e-05,47,46,True
Wiener-Residual-AOnly,42,4,5,2.1434164835352933e-06,0.12312614383353733,0.07717477886576805,0.021739130434782608,0.021739130434782608,0.260468340961967,0.021739130434782608,0.6704101551002121,0.026024796754748027,0.04002879889404121,45.177903686572414,7.5486422727843765,conv1,1.7408297026122455e-05,46,45,True
Wiener-Residual-AOnly,42,4,5,2.556125859119963e-06,0.14683376870720347,0.06958542307322,0.021739130434782608,0.021739130434782608,0.22846527922366258,0.021739130434782608,0.6718067661674523,0.01543455120503211,0.005573766924400986,75.57299822180136,11.371680469305174,conv2,1.7408297026122455e-05,46,45,True
Wiener-Residual-AOnly,42,4,5,3.4964414639900365e-06,0.20084913870342183,0.05515096961073063,0.021739130434782608,0.021739130434782608,0.1465878862583341,0.021739130434782608,0.6314345281591167,0.014608426451487452,0.006456802163710506,69.55013458988108,8.665761867740141,fc1,1.7408297026122455e-05,46,45,True
Wiener-Residual-AOnly,42,4,5,3.5298761735171265e-06,0.2027697579045373,0.054431291375889354,0.021739130434782608,0.021739130434782608,0.14356636222739155,0.021739130434782608,0.5699156678361792,0.03691143781151573,0.016514569302994227,25.77838523073572,3.3263067203800367,fc2,1.7408297026122455e-05,46,45,True
Wiener-Residual-AOnly,42,5,1,1.9354585369604094e-06,0.11118023400313706,0.07133029646042188,0.02127659574468085,0.02127659574468085,0.22778661583549248,0.02127659574468085,0.6332087328355018,0.03172527000235565,0.009770306818593052,39.524169948667385,6.234528644874251,conv1,1.7408297026122455e-05,47,46,True
Wiener-Residual-AOnly,42,5,1,2.486076963314275e-06,0.1428098888468946,0.06728573909549347,0.02127659574468085,0.02127659574468085,0.21958318296917254,0.02127659574468085,0.6505307765566368,0.011668861689704942,0.0060544011021770065,75.7773305467943,10.815565493131087,conv2,1.7408297026122455e-05,47,46,True
Wiener-Residual-AOnly,42,5,1,3.478718627379683e-06,0.1998310703315555,0.055324529238335036,0.02127659574468085,0.02127659574468085,0.15084270784978185,0.02127659574468085,0.6250269307203398,0.014451115367191385,0.0057770578638040885,72.04645591922116,8.633749657142195,fc1,1.7408297026122455e-05,47,46,True
Wiener-Residual-AOnly,42,5,1,3.6093775928802935e-06,0.2073366273257029,0.05539694881134624,0.02127659574468085,0.02127659574468085,0.15152225075087905,0.02127659574468085,0.5713769931275211,0.028199808449076227,0.004639904046805366,40.92154880664297,5.04390803385809,fc2,1.7408297026122455e-05,47,46,True
Wiener-Residual-AOnly,42,5,2,1.7672358457233836e-06,0.10151687112596443,0.0659561543273964,0.02127659574468085,0.02127659574468085,0.17825046788062568,0.02127659574468085,0.6809772073764517,0.047602763940035944,0.010540049720403953,37.23437526351533,5.701781643240884,conv1,1.7408297026122455e-05,47,46,True
Wiener-Residual-AOnly,42,5,2,2.4848483106995476e-06,0.14273931028238118,0.06600288850687064,0.02127659574468085,0.02127659574468085,0.21082630296801144,0.02127659574468085,0.6839138933176842,0.014001602785300916,0.0044040388959301355,68.8355662197997,9.862957281546977,conv2,1.7408297026122455e-05,47,46,True
Wiener-Residual-AOnly,42,5,2,3.4728999717592806e-06,0.19949682421824108,0.05496496570830528,0.02127659574468085,0.02127659574468085,0.1485477109341058,0.02127659574468085,0.6298781073756192,0.015262578653665797,0.00597098202799014,68.73357892314293,8.188830081779917,fc1,1.7408297026122455e-05,47,46,True
Wiener-Residual-AOnly,42,5,2,3.5231529077997727e-06,0.20238354748388176,0.05302600508242867,0.02127659574468085,0.02127659574468085,0.13236477707150024,0.02127659574468085,0.5811293091273819,0.02844755414604836,0.008990812733001025,36.51626272623272,4.386240550353935,fc2,1.7408297026122455e-05,47,46,True
Wiener-Residual-AOnly,42,5,3,1.9973860353064065e-06,0.1147375893408286,0.07427129250697737,0.02127659574468085,0.02127659574468085,0.25914022709578616,0.02127659574468085,0.6408431715919343,0.00783561050574905,-0.006129214095152871,37.033839157541415,5.89021128356349,conv1,1.7408297026122455e-05,47,46,True
Wiener-Residual-AOnly,42,5,3,2.5062623153226626e-06,0.1439694136400492,0.06649208002449368,0.02127659574468085,0.02127659574468085,0.21265970243031432,0.02127659574468085,0.6656803093892619,0.019480563489651652,0.003965765437802047,67.39840906401707,10.043945354033935,conv2,1.7408297026122455e-05,47,46,True
Wiener-Residual-AOnly,42,5,3,3.4710277452472642e-06,0.1993892762766356,0.0549139268467828,0.02127659574468085,0.02127659574468085,0.14845405021382022,0.02127659574468085,0.6282052851394782,0.015917132743327362,0.007066279195052304,66.87381125534331,8.250496316749485,fc1,1.7408297026122455e-05,47,46,True
Wiener-Residual-AOnly,42,5,3,3.5972778376562983e-06,0.20664157052572776,0.05608983785968842,0.02127659574468085,0.02127659574468085,0.147736426000705,0.02127659574468085,0.5857287180767696,0.04251446775640738,0.015238347941703895,32.8597150989236,4.111583135371007,fc2,1.7408297026122455e-05,47,46,True
Wiener-Residual-AOnly,42,5,4,1.9078428753248917e-06,0.10959388344891113,0.06984979608685044,0.02127659574468085,0.02127659574468085,0.20482139110970682,0.02127659574468085,0.6562261575612303,0.0235909058947017,0.0023754947236136813,39.59700376359787,6.186618323158044,conv1,1.7408297026122455e-05,47,46,True
Wiener-Residual-AOnly,42,5,4,2.4395452349053614e-06,0.14013692615909767,0.06608908394340059,0.02127659574468085,0.02127659574468085,0.2112968183112843,0.02127659574468085,0.6667499951155066,0.017749166046911517,0.008247272548601713,68.17278336702121,9.979125082340092,conv2,1.7408297026122455e-05,47,46,True
Wiener-Residual-AOnly,42,5,4,3.4667071649731853e-06,0.19914108541295744,0.054813822157105174,0.02127659574468085,0.02127659574468085,0.1465781983538204,0.02127659574468085,0.6324906676083678,0.014232274066021774,0.006731621005776223,71.0849868169615,8.790858072190765,fc1,1.7408297026122455e-05,47,46,True
Wiener-Residual-AOnly,42,5,4,3.485635513436911e-06,0.20022840305438566,0.05425359553885581,0.02127659574468085,0.02127659574468085,0.14940033878692688,0.02127659574468085,0.5470047032167041,0.02908162981443803,0.01351871790994778,34.905544696290484,4.163221070291071,fc2,1.7408297026122455e-05,47,46,True
Wiener-Residual-AOnly,42,5,5,2.4102871088466826e-06,0.1384562260874723,0.08142894129034581,0.021739130434782608,0.021739130434782608,0.2797927241951643,0.021739130434782608,0.6622814206341809,0.0315389642829042,0.017183752018084437,42.58115025164957,7.250605703531881,conv1,1.7408297026122455e-05,46,45,True
Wiener-Residual-AOnly,42,5,5,2.490226505969753e-06,0.14304825464736615,0.0663354393663794,0.021739130434782608,0.021739130434782608,0.21156758010055327,0.021739130434782608,0.6593567147984708,0.015548629370259161,0.005779455952593718,69.84365263732165,10.606753797103625,conv2,1.7408297026122455e-05,46,45,True
Wiener-Residual-AOnly,42,5,5,3.50600270480757e-06,0.20139837340473626,0.055896216049514835,0.021739130434782608,0.021739130434782608,0.15040649681368343,0.021739130434782608,0.6367620009288762,0.013931768754730752,0.005931616689217058,70.73540238839318,9.491358644223569,fc1,1.7408297026122455e-05,46,45,True
Wiener-Residual-AOnly,42,5,5,3.6715618941476202e-06,0.21090873441774155,0.061426322999268465,0.021739130434782608,0.021739130434782608,0.1757002050574606,0.021739130434782608,0.5904502377336016,0.03317680253834265,0.014207871628012144,35.24417181399563,5.392795319620868,fc2,1.7408297026122455e-05,46,45,True
Wiener-Residual-AG,7,1,1,2.249143656634616e-06,0.12919952211635674,0.0801790974442105,0.02127659574468085,0.02127659574468085,0.28583810945241284,0.02127659574468085,0.6286028536154102,0.09538388341893679,0.04760581662165691,15.623546318059404,4.21912464561917,conv1,1.7408297026122455e-05,47,46,True
Wiener-Residual-AG,7,1,1,2.597897364843758e-06,0.149233285768586,0.07062399498352882,0.02127659574468085,0.02127659574468085,0.235890720606978,0.02127659574468085,0.6835520442093276,0.07555560169127547,0.0679036481416937,15.76550991120903,3.0974297950446066,conv2,1.7408297026122455e-05,47,46,True
Wiener-Residual-AG,7,1,1,3.5200112063189206e-06,0.20220307598364617,0.05684532954488704,0.02127659574468085,0.02127659574468085,0.1566549329411872,0.02127659574468085,0.7221523225765322,0.05464617178557641,0.09136965554753787,19.684162702928244,2.4274525144990204,fc1,1.7408297026122455e-05,47,46,True
Wiener-Residual-AG,7,1,1,6.7650444066511625e-06,0.3886103503691203,0.12343314774822571,0.02127659574468085,0.02127659574468085,0.41756456358867294,0.02127659574468085,0.9411322817813713,0.421434708800086,0.6267958457598435,2.232745277101175,0.8290149078468674,fc2,1.7408297026122455e-05,47,46,True
Wiener-Residual-AG,7,1,2,2.116269311557154e-06,0.12156670513959711,0.07974409917048846,0.02127659574468085,0.02127659574468085,0.27366221218406733,0.02127659574468085,0.6545912590275103,0.07207295548911681,0.032997656647172614,17.21605709581803,2.7739334319336506,conv1,1.7408297026122455e-05,47,46,True
Wiener-Residual-AG,7,1,2,2.593906190493973e-06,0.14900401725692197,0.07091619175343691,0.02127659574468085,0.02127659574468085,0.23662472643395843,0.02127659574468085,0.6663543039543589,0.04220862135510627,0.022866750845447318,24.662326435882292,3.58822757799943,conv2,1.7408297026122455e-05,47,46,True
Wiener-Residual-AG,7,1,2,3.47421017444406e-06,0.1995720873346052,0.05505190547592229,0.02127659574468085,0.02127659574468085,0.1480907425654759,0.02127659574468085,0.636777133958164,0.02996273256522054,0.030054656535342728,34.65082127430027,4.130077262381731,fc1,1.7408297026122455e-05,47,46,True
Wiener-Residual-AG,7,1,2,5.8657869192123125e-06,0.33695351764795034,0.11137707250700324,0.02127659574468085,0.02127659574468085,0.39190108738736223,0.02127659574468085,0.9504519111937922,0.3292303384098879,0.6166767724603026,2.946487677903795,0.8508341322892549,fc2,1.7408297026122455e-05,47,46,True
Wiener-Residual-AG,7,1,3,2.483094325657804e-06,0.14263855458875355,0.09122686602940369,0.02127659574468085,0.02127659574468085,0.3234346537572563,0.02127659574468085,0.6234443616134808,0.02738564173930841,0.023711781031970133,31.651157853826913,5.47988498981042,conv1,1.7408297026122455e-05,47,46,True
Wiener-Residual-AG,7,1,3,2.676471345415362e-06,0.1537468795137811,0.07159023510387767,0.02127659574468085,0.02127659574468085,0.23964160466211176,0.02127659574468085,0.6841182600280695,0.028244959177829695,0.01291224727685216,36.354347218489366,5.478580852351149,conv2,1.7408297026122455e-05,47,46,True
Wiener-Residual-AG,7,1,3,3.4738134755274736e-06,0.1995492994125018,0.055014517320124204,0.02127659574468085,0.02127659574468085,0.14828671328029713,0.02127659574468085,0.6309762901949753,0.021976881003983536,0.015791827130335948,46.99840213199411,5.587547214463746,fc1,1.7408297026122455e-05,47,46,True
Wiener-Residual-AG,7,1,3,4.525178005145345e-06,0.25994374971629763,0.08700678917077963,0.02127659574468085,0.02127659574468085,0.2884348127755874,0.02127659574468085,0.8975857383492135,0.23375951833086264,0.4456296641966105,4.5360665229326615,1.075943266937915,fc2,1.7408297026122455e-05,47,46,True
Wiener-Residual-AG,7,1,4,2.107641077409336e-06,0.12107106595473772,0.07803467987087775,0.02127659574468085,0.02127659574468085,0.2729076669871639,0.02127659574468085,0.6512607546833454,0.017451076022916946,0.00802898400794499,41.35701985492148,7.111958105844935,conv1,1.7408297026122455e-05,47,46,True
Wiener-Residual-AG,7,1,4,2.4960273586821477e-06,0.14338147809269752,0.06616601734317105,0.02127659574468085,0.02127659574468085,0.20970470166668234,0.02127659574468085,0.6691972813853382,0.023441776461381014,0.008737419676675127,47.69234954065493,6.796593195667984,conv2,1.7408297026122455e-05,47,46,True
Wiener-Residual-AG,7,1,4,3.4560994576364736e-06,0.19853173762202808,0.05418336891384483,0.02127659574468085,0.02127659574468085,0.1433076366015612,0.02127659574468085,0.6236850054559322,0.017927002447086015,0.01049700373599331,58.21926203065994,6.741376750799274,fc1,1.7408297026122455e-05,47,46,True
Wiener-Residual-AG,7,1,4,3.9489222533310244e-06,0.22684138760990621,0.06797938822282017,0.02127659574468085,0.02127659574468085,0.21208833777679623,0.02127659574468085,0.7919163825781992,0.1734298922161862,0.2836131611080907,6.122254447134303,1.2232769783622086,fc2,1.7408297026122455e-05,47,46,True
Wiener-Residual-AG,7,1,5,2.3611373384624057e-06,0.13563287292946244,0.08146993419679636,0.021739130434782608,0.021739130434782608,0.2836645663765956,0.021739130434782608,0.6883954871537713,0.02168415493120214,0.02959914718502073,49.257409480123094,8.276453190807242,conv1,1.7408297026122455e-05,46,45,True
Wiener-Residual-AG,7,1,5,2.54602902901107e-06,0.14625376768276432,0.06780828863859667,0.021739130434782608,0.021739130434782608,0.22125840750635886,0.021739130434782608,0.6704105738582319,0.01664784493046201,0.0052414859303215,52.99624526951135,7.659667069709179,conv2,1.7408297026122455e-05,46,45,True
Wiener-Residual-AG,7,1,5,3.4904286411789866e-06,0.2005037388747066,0.055259420204270215,0.021739130434782608,0.021739130434782608,0.14655421288867435,0.021739130434782608,0.6308000239464662,0.016024272735519984,0.009143485588284914,61.46081667612997,7.328198291880868,fc1,1.7408297026122455e-05,46,45,True
Wiener-Residual-AG,7,1,5,4.160810510774273e-06,0.2390130697178861,0.0764624235646181,0.021739130434782608,0.021739130434782608,0.2430953839546041,0.021739130434782608,0.7647656746823822,0.1533407432873792,0.21439944942914807,6.7983605870975286,1.3933001765463218,fc2,1.7408297026122455e-05,46,45,True
Wiener-Residual-AG,7,2,1,1.998079430487036e-06,0.1147774206453835,0.07739980496343525,0.02127659574468085,0.02127659574468085,0.28200794308065447,0.02127659574468085,0.5793491560843544,0.04216740349660287,0.014201918888816391,23.275997479170655,3.8221122833196883,conv1,1.7408297026122455e-05,47,46,True
Wiener-Residual-AG,7,2,1,2.533124046222351e-06,0.1455124554929875,0.06900194476984377,0.02127659574468085,0.02127659574468085,0.22762057120325668,0.02127659574468085,0.68193495417022,0.025107667210751382,0.011306647944211252,38.12748393252905,5.734371517563117,conv2,1.7408297026122455e-05,47,46,True
Wiener-Residual-AG,7,2,1,3.471492507730578e-06,0.19941597403360845,0.054925420641467146,0.02127659574468085,0.02127659574468085,0.1475131232521353,0.02127659574468085,0.6340654298982039,0.019492989494864596,0.010192073064109089,50.615441311483615,6.073075120331535,fc1,1.7408297026122455e-05,47,46,True
Wiener-Residual-AG,7,2,1,3.5632851204708174e-06,0.20468889720366332,0.05534289482188963,0.02127659574468085,0.02127659574468085,0.14729678821264125,0.02127659574468085,0.5699741173618343,0.04800231604388936,0.02836199401862541,21.866605512362334,2.8689143496229943,fc2,1.7408297026122455e-05,47,46,True
Wiener-Residual-AG,7,2,2,2.5483168993203384e-06,0.14638519181378842,0.0891501236404162,0.02127659574468085,0.02127659574468085,0.3231041391689648,0.02127659574468085,0.6606593105152309,0.04450996203348781,0.037350957676946434,29.715016194209536,5.518635581452699,conv1,1.7408297026122455e-05,47,46,True
Wiener-Residual-AG,7,2,2,2.4317437921555567e-06,0.13968878107413624,0.06394845737906105,0.02127659574468085,0.02127659574468085,0.1985258718114013,0.02127659574468085,0.6564123379709826,0.026514757483241128,0.010814025581580443,43.54894640401634,6.213292434027734,conv2,1.7408297026122455e-05,47,46,True
Wiener-Residual-AG,7,2,2,3.4770503548360578e-06,0.19973523829576686,0.055033012202841895,0.02127659574468085,0.02127659574468085,0.14828476321909972,0.02127659574468085,0.6317756758594438,0.018734675009289496,0.008465819093714928,53.86995092950707,6.685811615093903,fc1,1.7408297026122455e-05,47,46,True
Wiener-Residual-AG,7,2,2,3.6645884645101236e-06,0.21050815361267866,0.060698988986029614,0.02127659574468085,0.02127659574468085,0.18098820743023322,0.02127659574468085,0.560937014962471,0.03910829010129037,0.019651233564594174,23.3643219766519,3.249661155733491,fc2,1.7408297026122455e-05,47,46,True
Wiener-Residual-AG,7,2,3,1.7700570336502792e-06,0.1016789310863765,0.0646222915622126,0.02127659574468085,0.02127659574468085,0.171468225432569,0.02127659574468085,0.6725108164039206,0.041692930147610226,0.004886103746916203,34.975384766327956,5.339020955324508,conv1,1.7408297026122455e-05,47,46,True
Wiener-Residual-AG,7,2,3,2.533275813543944e-06,0.1455211735957041,0.06825752799757612,0.02127659574468085,0.02127659574468085,0.22423901362580892,0.02127659574468085,0.6687137509995668,0.01952324218291736,0.0051417365139994915,47.28634963296787,7.015514347246569,conv2,1.7408297026122455e-05,47,46,True
Wiener-Residual-AG,7,2,3,3.4632885578599534e-06,0.1989447073807984,0.05436795077368951,0.02127659574468085,0.02127659574468085,0.1453463700568644,0.02127659574468085,0.6227390510307258,0.01757454266733731,0.008775161323710833,58.411390417529354,6.789411063665641,fc1,1.7408297026122455e-05,47,46,True
Wiener-Residual-AG,7,2,3,3.5789261695495204e-06,0.2055873796373691,0.05596016612887636,0.02127659574468085,0.02127659574468085,0.15472217833223942,0.02127659574468085,0.5955045016379606,0.04552470910464928,0.01515217930917131,24.202086319164664,3.0710274547433936,fc2,1.7408297026122455e-05,47,46,True
Wiener-Residual-AG,7,2,4,2.0087054449728535e-06,0.11538782006985757,0.07469240909938328,0.02127659574468085,0.02127659574468085,0.25622187222858794,0.02127659574468085,0.6557471440788322,0.014820511901343427,0.008400532390512581,39.25150771890421,6.69826371598879,conv1,1.7408297026122455e-05,47,46,True
Wiener-Residual-AG,7,2,4,2.48494985521629e-06,0.1427451433926843,0.06613626709770919,0.02127659574468085,0.02127659574468085,0.21023549533345304,0.02127659574468085,0.6619450029934681,0.01920953633922431,0.008474129057482632,48.11007507467749,6.940111047476213,conv2,1.7408297026122455e-05,47,46,True
Wiener-Residual-AG,7,2,4,3.4663197814290686e-06,0.19911883260192514,0.054632450886589926,0.02127659574468085,0.02127659574468085,0.14549103917620157,0.02127659574468085,0.634116766499146,0.01624794471121115,0.007630417533514951,60.043598429957726,7.116381557292107,fc1,1.7408297026122455e-05,47,46,True
Wiener-Residual-AG,7,2,4,3.4605518445126618e-06,0.19878749996739162,0.0514548025857313,0.02127659574468085,0.02127659574468085,0.13607501971198332,0.02127659574468085,0.5422866354269196,0.05133403801219661,0.018167855408723177,22.670736585963127,2.7642148775038122,fc2,1.7408297026122455e-05,47,46,True
Wiener-Residual-AG,7,2,5,1.8346157614821842e-06,0.10538743443595923,0.07315851323097541,0.021739130434782608,0.021739130434782608,0.23182988731701828,0.021739130434782608,0.6416371488699708,0.027667350665434083,0.007409033228940247,38.82530923913654,5.824155908631026,conv1,1.7408297026122455e-05,46,45,True
Wiener-Residual-AG,7,2,5,2.6595059977424428e-06,0.15277232424008233,0.07238221003877197,0.021739130434782608,0.021739130434782608,0.24447111745331482,0.021739130434782608,0.6891936162399583,0.020789784287401976,0.008095651348853374,47.22866307191665,7.3253446865964875,conv2,1.7408297026122455e-05,46,45,True
Wiener-Residual-AG,7,2,5,3.5025867863269317e-06,0.20120214981804585,0.05532537686050692,0.021739130434782608,0.021739130434782608,0.14757232557089447,0.021739130434782608,0.6273333439150237,0.017470796738415322,0.008862107057139405,58.384462452580216,7.018924544904977,fc1,1.7408297026122455e-05,46,45,True
Wiener-Residual-AG,7,2,5,3.691443800343362e-06,0.2120508281082334,0.06056798499677727,0.021739130434782608,0.021739130434782608,0.17018153930623037,0.021739130434782608,0.6065219950546414,0.053721655006160156,0.03379006013275753,20.41713557566677,2.7987735355378005,fc2,1.7408297026122455e-05,46,45,True
Wiener-Residual-AG,7,3,1,2.1979787906865794e-06,0.1262604140651063,0.0813414878684086,0.02127659574468085,0.02127659574468085,0.293728792948841,0.02127659574468085,0.6555665640414673,0.05000000431201758,0.028944989150349536,33.15518621602162,5.600690414177693,conv1,1.7408297026122455e-05,47,46,True
Wiener-Residual-AG,7,3,1,2.6108022136441884e-06,0.14997459026155655,0.07145622908923203,0.02127659574468085,0.02127659574468085,0.23737009796787956,0.02127659574468085,0.6862816753824686,0.022999370495217802,0.004515837281955066,53.84011457359448,8.356567275561535,conv2,1.7408297026122455e-05,47,46,True
Wiener-Residual-AG,7,3,1,3.4806331831743824e-06,0.19994104983109087,0.055104801350056215,0.02127659574468085,0.02127659574468085,0.1480410850485972,0.02127659574468085,0.6338614170743584,0.016068955052892346,0.007194832482626068,63.211684592434686,7.8238785562939475,fc1,1.7408297026122455e-05,47,46,True
Wiener-Residual-AG,7,3,1,3.585186712992559e-06,0.205947009498558,0.0561453222904509,0.02127659574468085,0.02127659574468085,0.15214211850418832,0.02127659574468085,0.5745774644994619,0.0361702573548916,0.014820878975739287,26.599637779266285,3.5362575195182315,fc2,1.7408297026122455e-05,47,46,True
Wiener-Residual-AG,7,3,2,2.0156812290682433e-06,0.11578853612410002,0.07396248076335285,0.02127659574468085,0.02127659574468085,0.2340455063843165,0.02127659574468085,0.6560364195439049,0.031741503816134414,0.010847322129885671,37.7634901543198,6.17739818120538,conv1,1.7408297026122455e-05,47,46,True
Wiener-Residual-AG,7,3,2,2.5683276947303503e-06,0.1475346893999098,0.06905856666299764,0.02127659574468085,0.02127659574468085,0.22704481414351524,0.02127659574468085,0.6786002891150362,0.022851570386376426,0.004701263818508427,54.006352683471015,8.30529743360574,conv2,1.7408297026122455e-05,47,46,True
Wiener-Residual-AG,7,3,2,3.4574174120011704e-06,0.19860744602490737,0.054382566612257176,0.02127659574468085,0.02127659574468085,0.1444700228412347,0.02127659574468085,0.6263974644385473,0.015005986307505575,0.005849789222576067,66.1318371393695,8.067792215951286,fc1,1.7408297026122455e-05,47,46,True
Wiener-Residual-AG,7,3,2,3.51104324415123e-06,0.20168792150562717,0.05415962652791,0.02127659574468085,0.02127659574468085,0.1414972418658447,0.02127659574468085,0.5715095269519656,0.044821677181788463,0.018710050225387204,27.259478884964313,3.3007318030439254,fc2,1.7408297026122455e-05,47,46,True
Wiener-Residual-AG,7,3,3,2.5726423157789493e-06,0.14778253794259755,0.09324899335556001,0.02127659574468085,0.02127659574468085,0.33196683834383023,0.02127659574468085,0.6451590858787372,0.03451975038929406,0.010773882036225788,43.29844273001943,8.164436640647576,conv1,1.7408297026122455e-05,47,46,True
Wiener-Residual-AG,7,3,3,2.5051036767857325e-06,0.14390285695531485,0.0674563876648725,0.02127659574468085,0.02127659574468085,0.2164264048758023,0.02127659574468085,0.6730370811068557,0.018471024697240226,0.004938257544841319,55.36500717595708,8.275935597006582,conv2,1.7408297026122455e-05,47,46,True
Wiener-Residual-AG,7,3,3,3.4716532258045972e-06,0.1994252063022088,0.05483359219754971,0.02127659574468085,0.02127659574468085,0.14744067008556833,0.02127659574468085,0.6252476349467054,0.015078412067073279,0.0067366463486307,66.66472028084996,8.28686976936482,fc1,1.7408297026122455e-05,47,46,True
Wiener-Residual-AG,7,3,3,3.61648936148623e-06,0.20774515485687178,0.05738972658495224,0.02127659574468085,0.02127659574468085,0.15492328739324202,0.02127659574468085,0.5954977040362199,0.026746521021654146,0.015203968033305593,29.587559568015514,4.054095219838169,fc2,1.7408297026122455e-05,47,46,True
Wiener-Residual-AG,7,3,4,2.0156907217957122e-06,0.11578908142312924,0.07403711070044872,0.02127659574468085,0.02127659574468085,0.22878608978537615,0.02127659574468085,0.6711112557319276,0.035406595444716006,0.020421955891946324,46.98158591088528,7.652160020775872,conv1,1.7408297026122455e-05,47,46,True
Wiener-Residual-AG,7,3,4,2.482550436962868e-06,0.14260731151574527,0.0666741071505002,0.02127659574468085,0.02127659574468085,0.21581720779227576,0.02127659574468085,0.6547202261933512,0.022606467873208705,0.010200084930547733,55.488297160184125,7.76538627638852,conv2,1.7408297026122455e-05,47,46,True
Wiener-Residual-AG,7,3,4,3.4668658876886097e-06,0.19915020306043246,0.05501395192432443,0.02127659574468085,0.02127659574468085,0.14837493047964623,0.02127659574468085,0.6240013168605136,0.015123189070390975,0.006449726691922207,68.76526677556714,8.26760516518438,fc1,1.7408297026122455e-05,47,46,True
Wiener-Residual-AG,7,3,4,3.4710651958066724e-06,0.19939142758180634,0.04881924974825518,0.02127659574468085,0.02127659574468085,0.10185507606306089,0.02127659574468085,0.5619979603959588,0.03552592703404682,0.012932499828326357,29.24194518902914,3.443591809258979,fc2,1.7408297026122455e-05,47,46,True
Wiener-Residual-AG,7,3,5,1.7019354659231687e-06,0.09776576441505379,0.06493201613221482,0.021739130434782608,0.021739130434782608,0.18480642291258836,0.021739130434782608,0.6705076098829698,0.016144347684808567,0.006760324031621325,47.2643850002233,6.781108177635866,conv1,1.7408297026122455e-05,46,45,True
Wiener-Residual-AG,7,3,5,2.47273235557621e-06,0.14204332289744886,0.06645748001799344,0.021739130434782608,0.021739130434782608,0.21256993764868148,0.021739130434782608,0.6610679910689818,0.019803801234545056,0.00842320592826111,55.435468671787824,8.068098046444439,conv2,1.7408297026122455e-05,46,45,True
Wiener-Residual-AG,7,3,5,3.500231938148702e-06,0.20106687821883673,0.055463509246748074,0.021739130434782608,0.021739130434782608,0.14889698806745771,0.021739130434782608,0.6292848151604826,0.014987402209900668,0.0067598688262390915,70.30625197266116,8.488087583403034,fc1,1.7408297026122455e-05,46,45,True
Wiener-Residual-AG,7,3,5,3.4578483485995996e-06,0.19863220069205154,0.05113220723452063,0.021739130434782608,0.021739130434782608,0.1164543041236072,0.021739130434782608,0.563328700238969,0.03377066740082759,0.012659648058181773,31.943737102367383,3.605370635699684,fc2,1.7408297026122455e-05,46,45,True
Wiener-Residual-AG,7,4,1,2.280429929205321e-06,0.13099672677823487,0.0815964393029264,0.02127659574468085,0.02127659574468085,0.29230393149257433,0.02127659574468085,0.7005457381879627,0.03768632908470252,0.015182934100341335,42.553147165415275,7.337472996920273,conv1,1.7408297026122455e-05,47,46,True
Wiener-Residual-AG,7,4,1,2.462929505061011e-06,0.14148020919939497,0.06548943189225276,0.02127659574468085,0.02127659574468085,0.20726066174756286,0.02127659574468085,0.6670777039176721,0.016224763938896,0.006545492927594222,55.28479815006601,7.824789741281231,conv2,1.7408297026122455e-05,47,46,True
Wiener-Residual-AG,7,4,1,3.4687803778342224e-06,0.19926017878883032,0.054988050159146186,0.02127659574468085,0.02127659574468085,0.14825129557793032,0.02127659574468085,0.6259551743902694,0.013703753356399116,0.006406592384805787,73.73608989445793,9.11253026473836,fc1,1.7408297026122455e-05,47,46,True
Wiener-Residual-AG,7,4,1,3.6120036996080035e-06,0.20748748106652362,0.05774233281740821,0.02127659574468085,0.02127659574468085,0.16066650421407316,0.02127659574468085,0.6109816226695118,0.030366289562714734,0.01261217051727049,31.86514960361647,4.364696931591589,fc2,1.7408297026122455e-05,47,46,True
Wiener-Residual-AG,7,4,2,1.92299888543766e-06,0.11046450336595566,0.07186066048537401,0.02127659574468085,0.02127659574468085,0.23695386164945811,0.02127659574468085,0.6338077922930939,0.01986979812348009,0.011062623251257103,44.36491478866506,7.0743292056132105,conv1,1.7408297026122455e-05,47,46,True
Wiener-Residual-AG,7,4,2,2.4731759519329657e-06,0.14206880479014003,0.06614531072524395,0.02127659574468085,0.02127659574468085,0.210781455648377,0.02127659574468085,0.6792855057541809,0.014176907202995014,0.003823420903045489,60.96819617095691,8.690354924538456,conv2,1.7408297026122455e-05,47,46,True
Wiener-Residual-AG,7,4,2,3.463183275864821e-06,0.19893865957526194,0.05471326567823291,0.02127659574468085,0.02127659574468085,0.14683591333372797,0.02127659574468085,0.623957851265309,0.014708283408857482,0.005928411864638531,69.42804763151648,8.181923566850898,fc1,1.7408297026122455e-05,47,46,True
Wiener-Residual-AG,7,4,2,3.5961805962831287e-06,0.20657854073185847,0.054963177063266484,0.02127659574468085,0.02127659574468085,0.14785940787412974,0.02127659574468085,0.5862409638801487,0.03853591250883244,0.01069888336848837,27.491648246154906,3.453297365052472,fc2,1.7408297026122455e-05,47,46,True
Wiener-Residual-AG,7,4,3,1.8153134169909173e-06,0.10427863301429795,0.06632194739740638,0.02127659574468085,0.02127659574468085,0.18863697486937986,0.02127659574468085,0.6472512720968149,0.020963850346195252,0.011275273903994952,42.26248537897343,6.698168548827892,conv1,1.7408297026122455e-05,47,46,True
Wiener-Residual-AG,7,4,3,2.4653403455948823e-06,0.14161869721635925,0.06635471511858482,0.02127659574468085,0.02127659574468085,0.21083971077264044,0.02127659574468085,0.6607973393994522,0.0173037926180095,0.010131726752351015,65.50180304249179,9.397092353734006,conv2,1.7408297026122455e-05,47,46,True
Wiener-Residual-AG,7,4,3,3.4493301841976703e-06,0.19814288433967378,0.053963036956576525,0.02127659574468085,0.02127659574468085,0.14228209826020163,0.02127659574468085,0.6224852392942503,0.014393871476864904,0.005726233353309186,70.2467411265621,8.519041239731145,fc1,1.7408297026122455e-05,47,46,True
Wiener-Residual-AG,7,4,3,3.7462045725530993e-06,0.21519649894137483,0.0631476474140321,0.02127659574468085,0.02127659574468085,0.18973515258788576,0.02127659574468085,0.6048919984806523,0.04312850596464188,0.01810211186009349,25.396219932528286,3.5823489252530716,fc2,1.7408297026122455e-05,47,46,True
Wiener-Residual-AG,7,4,4,1.997023669942708e-06,0.11471677367096991,0.07165227920480785,0.02127659574468085,0.02127659574468085,0.23571063921115362,0.02127659574468085,0.6284342507019959,0.02370982902523722,0.008502831739078856,43.31114289838248,6.411749110995021,conv1,1.7408297026122455e-05,47,46,True
Wiener-Residual-AG,7,4,4,2.4301208095793873e-06,0.13959555066947724,0.06592629286239228,0.02127659574468085,0.02127659574468085,0.21137914129388097,0.02127659574468085,0.6593877158232843,0.015673528055912326,0.008161290327718198,61.272364238420934,8.884028013211969,conv2,1.7408297026122455e-05,47,46,True
Wiener-Residual-AG,7,4,4,3.4732817629955716e-06,0.19951875578545408,0.05501360675687522,0.02127659574468085,0.02127659574468085,0.14828623072489852,0.02127659574468085,0.6305667029006575,0.015095478712509287,0.007441621655100177,69.60831254138216,8.399109422021061,fc1,1.7408297026122455e-05,47,46,True
Wiener-Residual-AG,7,4,4,3.6280857100023506e-06,0.20841129402595418,0.05852126587811495,0.02127659574468085,0.02127659574468085,0.16362267678689751,0.02127659574468085,0.6014524386882344,0.04597135020849981,0.023743068171462843,24.450776604140987,3.2554957314567465,fc2,1.7408297026122455e-05,47,46,True
Wiener-Residual-AG,7,4,5,2.325217427507594e-06,0.13356949413365535,0.08031134413408939,0.021739130434782608,0.021739130434782608,0.3016925580330972,0.021739130434782608,0.6529441299323324,0.021598106896481884,-0.008429430660903469,46.18053781033636,8.17682731652164,conv1,1.7408297026122455e-05,46,45,True
Wiener-Residual-AG,7,4,5,2.524310916622047e-06,0.14500619519727453,0.06742150943107048,0.021739130434782608,0.021739130434782608,0.2132421737447967,0.021739130434782608,0.6676189122469273,0.017069639805707738,0.005400426432595717,55.04599888581988,8.2747438484808,conv2,1.7408297026122455e-05,46,45,True
Wiener-Residual-AG,7,4,5,3.4992488343726816e-06,0.20101040493057984,0.05534365888558668,0.021739130434782608,0.021739130434782608,0.14786084221937454,0.021739130434782608,0.626481822338711,0.015130911722755148,0.006041517348638615,70.04749554240166,8.503052315289843,fc1,1.7408297026122455e-05,46,45,True
Wiener-Residual-AG,7,4,5,3.6636952397135486e-06,0.21045684332108422,0.058458839778111386,0.021739130434782608,0.021739130434782608,0.15694930948177324,0.021739130434782608,0.6066178838786201,0.04324089605692192,0.02098386063935503,26.08436955553706,3.4993720910978445,fc2,1.7408297026122455e-05,46,45,True
Wiener-Residual-AG,7,5,1,1.8711436766756214e-06,0.10748573934991057,0.07022691811425567,0.02127659574468085,0.02127659574468085,0.22970770458224415,0.02127659574468085,0.6443000913333375,0.02759928334430924,0.013473046850511296,41.43288859997445,6.567925176092803,conv1,1.7408297026122455e-05,47,46,True
Wiener-Residual-AG,7,5,1,2.4783790491729895e-06,0.14236769084615206,0.06592494163774579,0.02127659574468085,0.02127659574468085,0.21479650684627236,0.02127659574468085,0.6630764310247568,0.01893141727812629,0.004845864323985282,52.721434682060746,7.5331236062788305,conv2,1.7408297026122455e-05,47,46,True
Wiener-Residual-AG,7,5,1,3.464149369943601e-06,0.19899415576063453,0.05476550384286817,0.02127659574468085,0.02127659574468085,0.14696455011481316,0.02127659574468085,0.6291385296607772,0.014217755824830404,0.005920117356875077,73.14185893674454,8.87756786809162,fc1,1.7408297026122455e-05,47,46,True
Wiener-Residual-AG,7,5,1,3.7045318324546014e-06,0.21280265536000875,0.061281700436290366,0.02127659574468085,0.02127659574468085,0.17701349573177322,0.02127659574468085,0.6115891627629445,0.03137182735123773,0.013347985489931664,40.07887619701397,5.484938054138628,fc2,1.7408297026122455e-05,47,46,True
Wiener-Residual-AG,7,5,2,2.2256203796457778e-06,0.1278482539852157,0.07976725009851289,0.02127659574468085,0.02127659574468085,0.28214044177427977,0.02127659574468085,0.6560985272617582,0.029076054707012227,0.01809483915372845,38.34189274294379,6.379344738151382,conv1,1.7408297026122455e-05,47,46,True
Wiener-Residual-AG,7,5,2,2.590912498998033e-06,0.14883204802343242,0.07108978479535785,0.02127659574468085,0.02127659574468085,0.23783098706572026,0.02127659574468085,0.6733492906687331,0.022044167507815352,0.009128348149299642,53.65013505281529,7.924505642173542,conv2,1.7408297026122455e-05,47,46,True
Wiener-Residual-AG,7,5,2,3.4596781496731235e-06,0.1987373115521648,0.054539381011257396,0.02127659574468085,0.02127659574468085,0.14602625790066978,0.02127659574468085,0.6245274465594692,0.014246084390519232,0.006361821145636339,71.67086759901807,8.392884052784694,fc1,1.7408297026122455e-05,47,46,True
Wiener-Residual-AG,7,5,2,3.7074959028328043e-06,0.21297292304177884,0.06243597539176047,0.02127659574468085,0.02127659574468085,0.1902471635844645,0.02127659574468085,0.6064354085093205,0.028742778349925134,0.012175173760905935,42.382721341642075,5.589631376285055,fc2,1.7408297026122455e-05,47,46,True
Wiener-Residual-AG,7,5,3,2.180988152597747e-06,0.12528440601197294,0.07880561823015117,0.02127659574468085,0.02127659574468085,0.26266412224580526,0.02127659574468085,0.6471602940796694,0.04635143795731304,0.017816260527969672,38.16726902390993,6.284890341027282,conv1,1.7408297026122455e-05,47,46,True
Wiener-Residual-AG,7,5,3,2.5019547747144774e-06,0.14372197182528004,0.06603585785473756,0.02127659574468085,0.02127659574468085,0.20990051443477678,0.02127659574468085,0.6777664067034403,0.020528612716675873,0.0065463479763530185,57.26309199924095,8.358062241736096,conv2,1.7408297026122455e-05,47,46,True
Wiener-Residual-AG,7,5,3,3.476237422973115e-06,0.19968854034123848,0.055019682108069325,0.02127659574468085,0.02127659574468085,0.1484010276742125,0.02127659574468085,0.6263805849480676,0.013414104868302421,0.006329282747588868,74.8819098685339,9.005528422320953,fc1,1.7408297026122455e-05,47,46,True
Wiener-Residual-AG,7,5,3,3.6679283872001584e-06,0.21070001170684058,0.058224602776931894,0.02127659574468085,0.02127659574468085,0.1568745283777605,0.02127659574468085,0.6365886244282506,0.027428926607436177,0.0028613422602256212,44.34715916539901,5.913300225642665,fc2,1.7408297026122455e-05,47,46,True
Wiener-Residual-AG,7,5,4,2.2978818596853327e-06,0.13199923325280977,0.08516700314628652,0.02127659574468085,0.02127659574468085,0.2875234976620511,0.02127659574468085,0.6410476483007421,0.011881675298559555,0.012166321616826611,41.671759273812775,7.3139528623805985,conv1,1.7408297026122455e-05,47,46,True
Wiener-Residual-AG,7,5,4,2.432086384902964e-06,0.13970846092833986,0.0654295369036761,0.02127659574468085,0.02127659574468085,0.208659482575545,0.02127659574468085,0.6565629586583547,0.022384407217944588,0.00932847923120645,53.265342411005676,7.919795835823554,conv2,1.7408297026122455e-05,47,46,True
Wiener-Residual-AG,7,5,4,3.48743522358312e-06,0.20033178537509796,0.05558939090825431,0.02127659574468085,0.02127659574468085,0.15191179709432387,0.02127659574468085,0.6271269522527371,0.014117873460351088,0.005852030420123743,71.30586165069899,8.932807254430687,fc1,1.7408297026122455e-05,47,46,True
Wiener-Residual-AG,7,5,4,3.688112572378031e-06,0.21185946947273138,0.06190803992248831,0.02127659574468085,0.02127659574468085,0.17996744141374524,0.02127659574468085,0.6032034777161264,0.021271744168478542,0.01336038705218557,40.720869647623424,5.338392739701742,fc2,1.7408297026122455e-05,47,46,True
Wiener-Residual-AG,7,5,5,1.9949545695852144e-06,0.11459791653322753,0.07669219280178399,0.021739130434782608,0.021739130434782608,0.2560202476445066,0.021739130434782608,0.6504664133678554,0.038480494056963514,0.011919860666683824,43.654644679276664,6.9195208421084615,conv1,1.7408297026122455e-05,46,45,True
Wiener-Residual-AG,7,5,5,2.5542820365461223e-06,0.14672785239780953,0.06832512885494865,0.021739130434782608,0.021739130434782608,0.22028952176380065,0.021739130434782608,0.6735888188426439,0.02006669384504521,0.009766098937463644,46.65368444628744,6.896551104925021,conv2,1.7408297026122455e-05,46,45,True
Wiener-Residual-AG,7,5,5,3.5127099272284303e-06,0.20178366223630867,0.056103672599845236,0.021739130434782608,0.021739130434782608,0.15173877594194565,0.021739130434782608,0.6373287285225904,0.014160172034124287,0.006065388458664891,72.00505238274694,8.600310227597395,fc1,1.7408297026122455e-05,46,45,True
Wiener-Residual-AG,7,5,5,3.6988107607555395e-06,0.21247401484505904,0.060759376831034995,0.021739130434782608,0.021739130434782608,0.181687045183987,0.021739130434782608,0.5640134430057941,0.01733910178664779,0.0058556469059281085,47.72550246486033,5.6913962010149115,fc2,1.7408297026122455e-05,46,45,True
Wiener-Residual-AOnly,7,1,1,2.249143656634616e-06,0.12919952211635674,0.0801790974442105,0.02127659574468085,0.02127659574468085,0.28583810945241284,0.02127659574468085,0.6286028536154102,0.09538388341893679,0.04760581662165691,15.623546318059404,4.21912464561917,conv1,1.7408297026122455e-05,47,46,True
Wiener-Residual-AOnly,7,1,1,2.597897364843758e-06,0.149233285768586,0.07062399498352882,0.02127659574468085,0.02127659574468085,0.235890720606978,0.02127659574468085,0.6835520442093276,0.07555560169127547,0.0679036481416937,15.76550991120903,3.0974297950446066,conv2,1.7408297026122455e-05,47,46,True
Wiener-Residual-AOnly,7,1,1,3.5200112063189206e-06,0.20220307598364617,0.05684532954488704,0.02127659574468085,0.02127659574468085,0.1566549329411872,0.02127659574468085,0.7221523225765322,0.05464617178557641,0.09136965554753787,19.684162702928244,2.4274525144990204,fc1,1.7408297026122455e-05,47,46,True
Wiener-Residual-AOnly,7,1,1,6.7650444066511625e-06,0.3886103503691203,0.12343314774822571,0.02127659574468085,0.02127659574468085,0.41756456358867294,0.02127659574468085,0.9411322817813713,0.421434708800086,0.6267958457598435,2.232745277101175,0.8290149078468674,fc2,1.7408297026122455e-05,47,46,True
Wiener-Residual-AOnly,7,1,2,2.116744769155871e-06,0.1215940172654187,0.07979868312184939,0.02127659574468085,0.02127659574468085,0.2739949621891131,0.02127659574468085,0.6547022928358301,0.07287527447300542,0.03463294009040307,17.005013097572363,2.741674470434209,conv1,1.7408297026122455e-05,47,46,True
Wiener-Residual-AOnly,7,1,2,2.5945997893997446e-06,0.14904386026423794,0.07093864847025923,0.02127659574468085,0.02127659574468085,0.2367040480421117,0.02127659574468085,0.6663175801993254,0.04260716250146588,0.023610054795875263,24.513114226386335,3.5641220801411753,conv2,1.7408297026122455e-05,47,46,True
Wiener-Residual-AOnly,7,1,2,3.474547814663728e-06,0.19959148269643548,0.05506702878058379,0.02127659574468085,0.02127659574468085,0.14817718528759177,0.02127659574468085,0.6375685986675954,0.030291895938880473,0.03104561651531335,34.2718991774192,4.086686279240041,fc1,1.7408297026122455e-05,47,46,True
Wiener-Residual-AOnly,7,1,2,5.802546326922318e-06,0.3333207331087678,0.1106921339287796,0.02127659574468085,0.02127659574468085,0.389222539164243,0.02127659574468085,0.948424783670201,0.3252263045127042,0.6089891381041127,2.987126018698208,0.8592919857079137,fc2,1.7408297026122455e-05,47,46,True
Wiener-Residual-AOnly,7,1,3,2.4852018817252833e-06,0.14275962077140872,0.09127720990437653,0.02127659574468085,0.02127659574468085,0.3237268319886386,0.02127659574468085,0.6235669405560629,0.027111468739674453,0.024546396462876895,31.66620524077193,5.478535566221775,conv1,1.7408297026122455e-05,47,46,True
Wiener-Residual-AOnly,7,1,3,2.676119401555317e-06,0.15372666249545255,0.07157368239674419,0.02127659574468085,0.02127659574468085,0.2395999203832646,0.02127659574468085,0.6839949088761853,0.02784848221724059,0.01277976144369327,36.873267628017445,5.552504561296998,conv2,1.7408297026122455e-05,47,46,True
Wiener-Residual-AOnly,7,1,3,3.4739222739247856e-06,0.19955554921379762,0.05501902305626024,0.02127659574468085,0.02127659574468085,0.14830615258683283,0.02127659574468085,0.6310645938263508,0.022137163214013673,0.016226060509720287,46.73514166785173,5.558681548814179,fc1,1.7408297026122455e-05,47,46,True
Wiener-Residual-AOnly,7,1,3,4.509765809523117e-06,0.2590584135114352,0.08622020082102512,0.02127659574468085,0.02127659574468085,0.2840756300112883,0.02127659574468085,0.8978650958788847,0.2317443783155924,0.44268876314193345,4.579076506962913,1.0796486994159131,fc2,1.7408297026122455e-05,47,46,True
Wiener-Residual-AOnly,7,1,4,2.1075103213518873e-06,0.12106355482040602,0.07802489365251655,0.02127659574468085,0.02127659574468085,0.27269416860215195,0.02127659574468085,0.6511711598889274,0.016143861767083642,0.007197029413852001,41.34572302967971,7.102024904052247,conv1,1.7408297026122455e-05,47,46,True
Wiener-Residual-AOnly,7,1,4,2.4956855351193662e-06,0.1433618424234377,0.06615335839169426,0.02127659574468085,0.02127659574468085,0.20963523712749826,0.02127659574468085,0.6692880849324634,0.023163806289135263,0.008733913949885794,48.52408004970564,6.916850654088977,conv2,1.7408297026122455e-05,47,46,True
Wiener-Residual-AOnly,7,1,4,3.456102574657348e-06,0.19853191667577866,0.05418338971203397,0.02127659574468085,0.02127659574468085,0.14330525378290468,0.02127659574468085,0.6236978822276212,0.017965003563965548,0.010551585213515291,58.121862751157344,6.731262276874803,fc1,1.7408297026122455e-05,47,46,True
Wiener-Residual-AOnly,7,1,4,3.929277652673948e-06,0.22571292566859202,0.06729796661850443,0.02127659574468085,0.02127659574468085,0.20926664059379663,0.02127659574468085,0.7869417421170976,0.17108332519182762,0.2765750593701426,6.188324361426126,1.226961799624581,fc2,1.7408297026122455e-05,47,46,True
Wiener-Residual-AOnly,7,1,5,2.3608518120987334e-06,0.13561647118934714,0.08144876959842144,0.021739130434782608,0.021739130434782608,0.28339481834980657,0.021739130434782608,0.6885492437748093,0.019653235950754324,0.027638985797557608,49.557035552253126,8.320956139358652,conv1,1.7408297026122455e-05,46,45,True
Wiener-Residual-AOnly,7,1,5,2.5459790835684937e-06,0.1462508986231141,0.0678066721530635,0.021739130434782608,0.021739130434782608,0.22116665430863464,0.021739130434782608,0.6705018328355825,0.016513571036234635,0.005202475993570715,54.34342818874934,7.858262195807874,conv2,1.7408297026122455e-05,46,45,True
Wiener-Residual-AOnly,7,1,5,3.49044598187487e-06,0.200504734991435,0.05526071943314759,0.021739130434782608,0.021739130434782608,0.14656175424437567,0.021739130434782608,0.6307740904165415,0.016052925077935546,0.009224086852332425,61.20877149265829,7.314326032553054,fc1,1.7408297026122455e-05,46,45,True
Wiener-Residual-AOnly,7,1,5,4.152713610060439e-06,0.23854795238322168,0.07624812469732489,0.021739130434782608,0.021739130434782608,0.24261522570417962,0.021739130434782608,0.7640109956158044,0.1522368680743844,0.21420075728493404,6.838396111669363,1.4004079669645728,fc2,1.7408297026122455e-05,46,45,True
Wiener-Residual-AOnly,7,2,1,1.9979024104223247e-06,0.11476725192730358,0.07738515696102106,0.02127659574468085,0.02127659574468085,0.28189633355455285,0.02127659574468085,0.5793046980656935,0.042743468129677546,0.014206457869007795,23.252967566103344,3.8183229587756533,conv1,1.7408297026122455e-05,47,46,True
Wiener-Residual-AOnly,7,2,1,2.5329704210623356e-06,0.14550363066883706,0.0689982294547549,0.02127659574468085,0.02127659574468085,0.22758612626600014,0.02127659574468085,0.681891166967712,0.024790312122017263,0.011326469067870265,38.24823613543648,5.748997356408652,conv2,1.7408297026122455e-05,47,46,True
Wiener-Residual-AOnly,7,2,1,3.471459205343793e-06,0.19941406101553816,0.05492407821264879,0.02127659574468085,0.02127659574468085,0.14750655761939838,0.02127659574468085,0.6340722264666953,0.019440552118508994,0.01012724852856704,50.73369232037626,6.084853903832789,fc1,1.7408297026122455e-05,47,46,True
Wiener-Residual-AOnly,7,2,1,3.5623749296996183e-06,0.2046366123207806,0.05529845571978386,0.02127659574468085,0.02127659574468085,0.1470053831837156,0.02127659574468085,0.5697077160261562,0.04749697194230376,0.027432091934075434,22.110579231918347,2.8991989387900925,fc2,1.7408297026122455e-05,47,46,True
Wiener-Residual-AOnly,7,2,2,2.547879817470337e-06,0.14636008413959453,0.0891502186036652,0.02127659574468085,0.02127659574468085,0.32311753059451126,0.02127659574468085,0.6605415677855828,0.04399458727935551,0.036433637766079226,29.828192446397065,5.534850118876728,conv1,1.7408297026122455e-05,47,46,True
Wiener-Residual-AOnly,7,2,2,2.431376031489259e-06,0.13966765547720125,0.06393684792346893,0.02127659574468085,0.02127659574468085,0.1983915099989466,0.02127659574468085,0.6564474906439608,0.026442019886866005,0.010803613954235923,43.82948978702691,6.251271994450249,conv2,1.7408297026122455e-05,47,46,True
Wiener-Residual-AOnly,7,2,2,3.47704205442859e-06,0.19973476148821612,0.05503238318275978,0.02127659574468085,0.02127659574468085,0.14828167019008226,0.02127659574468085,0.6317277744014559,0.01874381972374656,0.00845019875894433,53.97959975526876,6.703646331960322,fc1,1.7408297026122455e-05,47,46,True
Wiener-Residual-AOnly,7,2,2,3.6643929261692854e-06,0.2104969211331003,0.06069756296288388,0.02127659574468085,0.02127659574468085,0.18112098325915882,0.02127659574468085,0.5610544195977036,0.03865362081730866,0.01921844570534193,23.55840918784936,3.2832267433308324,fc2,1.7408297026122455e-05,47,46,True
Wiener-Residual-AOnly,7,2,3,1.7705323866112583e-06,0.10170623720140122,0.06462599240635318,0.02127659574468085,0.02127659574468085,0.17119723916689344,0.02127659574468085,0.6724586987546946,0.04242563206072379,0.005738876410107892,35.272587810680825,5.390245472403147,conv1,1.7408297026122455e-05,47,46,True
Wiener-Residual-AOnly,7,2,3,2.5332666322133786e-06,0.14552064618451888,0.06825567692187386,0.02127659574468085,0.02127659574468085,0.2242673481814113,0.02127659574468085,0.6685317768312168,0.01956369316358154,0.004626854412148925,47.49975205261498,7.050158108916777,conv2,1.7408297026122455e-05,47,46,True
Wiener-Residual-AOnly,7,2,3,3.463279246875752e-06,0.19894417252180635,0.0543673003589493,0.02127659574468085,0.02127659574468085,0.14534327875200473,0.02127659574468085,0.6227199394355138,0.017551889012719903,0.008737863358240816,58.460054979274794,6.795856395088667,fc1,1.7408297026122455e-05,47,46,True
Wiener-Residual-AOnly,7,2,3,3.578699434122954e-06,0.20557435507636668,0.055953865514856344,0.02127659574468085,0.02127659574468085,0.1548040891149979,0.02127659574468085,0.5949408588925971,0.04493096753999165,0.014517208262381629,24.452599247713046,3.104939931325998,fc2,1.7408297026122455e-05,47,46,True
Wiener-Residual-AOnly,7,2,4,2.008935719110046e-06,0.11540104790810307,0.07469334758537917,0.02127659574468085,0.02127659574468085,0.25626540903280953,0.02127659574468085,0.6560705209854629,0.01574966761803011,0.011087809554132265,39.675532789350775,6.764988765742505,conv1,1.7408297026122455e-05,47,46,True
Wiener-Residual-AOnly,7,2,4,2.4850782491381535e-06,0.1427525188367999,0.06614342429367975,0.02127659574468085,0.02127659574468085,0.21029181405213,0.02127659574468085,0.6618275174848687,0.019193157837896466,0.008558641928995898,48.04341192076168,6.930842123316158,conv2,1.7408297026122455e-05,47,46,True
Wiener-Residual-AOnly,7,2,4,3.4663044248016757e-06,0.1991179504577746,0.05463179375006128,0.02127659574468085,0.02127659574468085,0.14549047462528658,0.02127659574468085,0.6340764813181072,0.01621383322807867,0.007607893650979656,60.12135788387996,7.119092578811494,fc1,1.7408297026122455e-05,47,46,True
Wiener-Residual-AOnly,7,2,4,3.4598769156737905e-06,0.19874872944102379,0.05142925112998993,0.02127659574468085,0.02127659574468085,0.13578044550878116,0.02127659574468085,0.5424775752114867,0.05060901938230188,0.018665195167124317,22.774889985056113,2.765204138726534,fc2,1.7408297026122455e-05,47,46,True
Wiener-Residual-AOnly,7,2,5,1.8333489273480196e-06,0.1053146625771,0.07312127821301345,0.021739130434782608,0.021739130434782608,0.23196468702363887,0.021739130434782608,0.641666912787333,0.02661199435002063,0.005769460037351044,39.271355286461336,5.893799340973305,conv1,1.7408297026122455e-05,46,45,True
Wiener-Residual-AOnly,7,2,5,2.6598875664734492e-06,0.1527942430257301,0.07239544672487237,0.021739130434782608,0.021739130434782608,0.2445006177539435,0.021739130434782608,0.6891104378427196,0.021521298942668406,0.008714133247157243,47.13318557586905,7.31995575059467,conv2,1.7408297026122455e-05,46,45,True
Wiener-Residual-AOnly,7,2,5,3.5026027054931465e-06,0.20120306427660495,0.05532672305601309,0.021739130434782608,0.021739130434782608,0.1475748137947481,0.021739130434782608,0.6273679738693437,0.01750757784047627,0.008911960961641013,58.41469889924116,7.036467861315399,fc1,1.7408297026122455e-05,46,45,True
Wiener-Residual-AOnly,7,2,5,3.6917548409744776e-06,0.2120686954866821,0.06056757889493257,0.021739130434782608,0.021739130434782608,0.1702194512490452,0.021739130434782608,0.6067731412511934,0.05377106139875383,0.035053104567252316,20.471925569341344,2.8125003389681664,fc2,1.7408297026122455e-05,46,45,True
Wiener-Residual-AOnly,7,3,1,2.196711264080177e-06,0.12618760242795998,0.0813018002614114,0.02127659574468085,0.02127659574468085,0.29337211348915093,0.02127659574468085,0.6556769616804728,0.04885078595365186,0.028725520458338902,33.07671177577226,5.5919428188096365,conv1,1.7408297026122455e-05,47,46,True
Wiener-Residual-AOnly,7,3,1,2.6109565874510936e-06,0.1499834580908838,0.07145917114264318,0.02127659574468085,0.02127659574468085,0.23734841841703522,0.02127659574468085,0.6863105462747604,0.02321543229896038,0.004537228926892542,54.17487867480741,8.403801839924984,conv2,1.7408297026122455e-05,47,46,True
Wiener-Residual-AOnly,7,3,1,3.480609750222262e-06,0.19993970375157002,0.05510373383729342,0.02127659574468085,0.02127659574468085,0.14803814836416865,0.02127659574468085,0.6338464731186416,0.016004343642764905,0.007146342915117109,63.2709903302239,7.826496738366997,fc1,1.7408297026122455e-05,47,46,True
Wiener-Residual-AOnly,7,3,1,3.583557783201855e-06,0.20585343746286375,0.056082155329673956,0.02127659574468085,0.02127659574468085,0.15183497554331193,0.02127659574468085,0.5743581687520695,0.03473840547946905,0.014201512363689736,27.375144757843977,3.6179984197318618,fc2,1.7408297026122455e-05,47,46,True
Wiener-Residual-AOnly,7,3,2,2.0137643588432782e-06,0.11567842367472661,0.07392220661133002,0.02127659574468085,0.02127659574468085,0.23377840551438736,0.02127659574468085,0.6559453075888715,0.030479993385973222,0.010278476704517557,37.56580399453932,6.150039430485071,conv1,1.7408297026122455e-05,47,46,True
Wiener-Residual-AOnly,7,3,2,2.568405405311342e-06,0.14753915339663945,0.06905766811205812,0.02127659574468085,0.02127659574468085,0.22703747371728084,0.02127659574468085,0.678557248211435,0.02303682864161729,0.004973327047304871,54.347094449474746,8.350484108015415,conv2,1.7408297026122455e-05,47,46,True
Wiener-Residual-AOnly,7,3,2,3.4574259528278953e-06,0.19860793664307125,0.05438319025508425,0.02127659574468085,0.02127659574468085,0.14447902535310886,0.02127659574468085,0.6264196552675927,0.015024092363982658,0.0058253122736249465,66.0584758903873,8.057028459626029,fc1,1.7408297026122455e-05,47,46,True
Wiener-Residual-AOnly,7,3,2,3.509329332806993e-06,0.20158946780038167,0.0540757556480811,0.02127659574468085,0.02127659574468085,0.14096713276001346,0.02127659574468085,0.571109446970493,0.043676043026898426,0.018487018245863695,27.971818674131352,3.3868046312295,fc2,1.7408297026122455e-05,47,46,True
Wiener-Residual-AOnly,7,3,3,2.573715989035664e-06,0.1478442138925829,0.09329241264046062,0.02127659574468085,0.02127659574468085,0.3322620476233531,0.02127659574468085,0.6447517548658749,0.03509418398080516,0.013545183627800545,43.01292170147329,8.110613309119758,conv1,1.7408297026122455e-05,47,46,True
Wiener-Residual-AOnly,7,3,3,2.5051309897183488e-06,0.14390442591594182,0.06745335283259703,0.02127659574468085,0.02127659574468085,0.21643118544501833,0.02127659574468085,0.6730029862198299,0.0182833752657978,0.005006420926626639,55.562964462244516,8.309454310119293,conv2,1.7408297026122455e-05,47,46,True
Wiener-Residual-AOnly,7,3,3,3.471652619886807e-06,0.19942517149594421,0.05483371065507999,0.02127659574468085,0.02127659574468085,0.14743739727854985,0.02127659574468085,0.625264128265014,0.015119532614557264,0.006760897137101596,66.59770734572227,8.293497967923875,fc1,1.7408297026122455e-05,47,46,True
Wiener-Residual-AOnly,7,3,3,3.615085955413738e-06,0.20766453777695945,0.05733119892487485,0.02127659574468085,0.02127659574468085,0.15463263062015692,0.02127659574468085,0.5953060201521992,0.025716917103949556,0.01454705466483245,30.536743419044253,4.1752836180181525,fc2,1.7408297026122455e-05,47,46,True
Wiener-Residual-AOnly,7,3,4,2.014970429687635e-06,0.11574770505489543,0.07400856165768775,0.02127659574468085,0.02127659574468085,0.2287990279673645,0.02127659574468085,0.6708395029599519,0.03425121052619755,0.019779772994327073,46.78945387444543,7.613363280706157,conv1,1.7408297026122455e-05,47,46,True
Wiener-Residual-AOnly,7,3,4,2.482321825493496e-06,0.14259417918757852,0.06666744671291024,0.02127659574468085,0.02127659574468085,0.215728360710526,0.02127659574468085,0.6545691609732954,0.0223214407314542,0.00958218127193024,55.75779481010619,7.807996240633413,conv2,1.7408297026122455e-05,47,46,True
Wiener-Residual-AOnly,7,3,4,3.466868702326937e-06,0.19915036474415843,0.055014595039517965,0.02127659574468085,0.02127659574468085,0.14837639619284826,0.02127659574468085,0.623971738563214,0.015164892931461041,0.006528055817632785,68.59694652605869,8.242640487024998,fc1,1.7408297026122455e-05,47,46,True
Wiener-Residual-AOnly,7,3,4,3.4702232290188953e-06,0.19934306174874922,0.048798867231983865,0.02127659574468085,0.02127659574468085,0.10168430015168513,0.02127659574468085,0.5616848394638826,0.034477842061140365,0.012648351519849605,30.013914999677944,3.5184512443864833,fc2,1.7408297026122455e-05,47,46,True
Wiener-Residual-AOnly,7,3,5,1.7023100572113476e-06,0.09778728238936318,0.06494361215282053,0.021739130434782608,0.021739130434782608,0.1848378454626325,0.021739130434782608,0.6706272589811046,0.016172348884314312,0.0057891786045700675,47.091552315909965,6.7491708701604125,conv1,1.7408297026122455e-05,46,45,True
Wiener-Residual-AOnly,7,3,5,2.4727883484349742e-06,0.14204653934410533,0.06645567090318207,0.021739130434782608,0.021739130434782608,0.21254453010751856,0.021739130434782608,0.6611471968354075,0.01950142111079167,0.007935509468609157,55.546195470839045,8.083716701352461,conv2,1.7408297026122455e-05,46,45,True
Wiener-Residual-AOnly,7,3,5,3.500239579131246e-06,0.2010673171464662,0.05546438717515263,0.021739130434782608,0.021739130434782608,0.14891836498682806,0.021739130434782608,0.6292524509458447,0.015030976046795949,0.006721044916351952,70.32062272116961,8.478300473410293,fc1,1.7408297026122455e-05,46,45,True
Wiener-Residual-AOnly,7,3,5,3.4569213597947045e-06,0.19857895086505786,0.05108406773697332,0.021739130434782608,0.021739130434782608,0.11625592043132703,0.021739130434782608,0.5630576402426081,0.03262578749856167,0.011880927524413838,32.881326134444464,3.6968983307854906,fc2,1.7408297026122455e-05,46,45,True
Wiener-Residual-AOnly,7,4,1,2.2807657105517723e-06,0.1310160153591884,0.08161796810384722,0.02127659574468085,0.02127659574468085,0.292399754514074,0.02127659574468085,0.7005546172387198,0.039966404998163944,0.015254656554082719,42.81290858410389,7.366036910049095,conv1,1.7408297026122455e-05,47,46,True
Wiener-Residual-AOnly,7,4,1,2.462943103070714e-06,0.14148099032173472,0.06549382443690933,0.02127659574468085,0.02127659574468085,0.2073080390294296,0.02127659574468085,0.6670723762911405,0.016202033530452912,0.006838062487661199,55.93300918336982,7.915741850223241,conv2,1.7408297026122455e-05,47,46,True
Wiener-Residual-AOnly,7,4,1,3.468774788640018e-06,0.19925985772386925,0.054987187797519384,0.02127659574468085,0.02127659574468085,0.14824849527012193,0.02127659574468085,0.625942608009409,0.013660727359958276,0.006425289037663343,74.02315655498217,9.140283156088413,fc1,1.7408297026122455e-05,47,46,True
Wiener-Residual-AOnly,7,4,1,3.6133437031925285e-06,0.20756445606198226,0.05779576649021271,0.02127659574468085,0.02127659574468085,0.1610123985074751,0.02127659574468085,0.6109967303059309,0.031696488144669056,0.01285349093549121,31.394460831556188,4.316865496443998,fc2,1.7408297026122455e-05,47,46,True
Wiener-Residual-AOnly,7,4,2,1.923807227633495e-06,0.1105109376722305,0.07189781096825898,0.02127659574468085,0.02127659574468085,0.23736984980930936,0.02127659574468085,0.6337650769269906,0.02024160329523328,0.01280383137444557,44.66481097168496,7.114556826319923,conv1,1.7408297026122455e-05,47,46,True
Wiener-Residual-AOnly,7,4,2,2.4730720048070464e-06,0.14206283366466096,0.06614067565512377,0.02127659574468085,0.02127659574468085,0.21074250865527575,0.02127659574468085,0.6792240651148439,0.014340632725009388,0.004056954468648965,61.57060429713147,8.774692963755124,conv2,1.7408297026122455e-05,47,46,True
Wiener-Residual-AOnly,7,4,2,3.4631748631583377e-06,0.19893817631682095,0.05471262281700564,0.02127659574468085,0.02127659574468085,0.14683578486357085,0.02127659574468085,0.6239547547739999,0.014698183429857823,0.005895279977227122,69.62934285595509,8.20327295804241,fc1,1.7408297026122455e-05,47,46,True
Wiener-Residual-AOnly,7,4,2,3.5985928355302504e-06,0.2067171090963287,0.05507818558412572,0.02127659574468085,0.02127659574468085,0.1483943757421621,0.02127659574468085,0.5861894290481654,0.040355373740066584,0.011567902094681757,27.180247567044876,3.38738060227368,fc2,1.7408297026122455e-05,47,46,True
Wiener-Residual-AOnly,7,4,3,1.8155167664835945e-06,0.10429031419668883,0.06632654059060357,0.02127659574468085,0.02127659574468085,0.18888058994626045,0.02127659574468085,0.647197734102468,0.022666939528626324,0.012222326358116814,42.086052792312486,6.661091374689697,conv1,1.7408297026122455e-05,47,46,True
Wiener-Residual-AOnly,7,4,3,2.4653716350817525e-06,0.1416204946056629,0.06635821508851665,0.02127659574468085,0.02127659574468085,0.21088375738889356,0.02127659574468085,0.660839237064613,0.017736897577646918,0.009746263942010861,65.99878179391881,9.47936448184228,conv2,1.7408297026122455e-05,47,46,True
Wiener-Residual-AOnly,7,4,3,3.449309984447889e-06,0.19814172398781682,0.05396162421318032,0.02127659574468085,0.02127659574468085,0.1422741225861847,0.02127659574468085,0.6224859169716973,0.014352143323750063,0.005709130475654629,70.4336746928164,8.546774955104826,fc1,1.7408297026122455e-05,47,46,True
Wiener-Residual-AOnly,7,4,3,3.748036635919746e-06,0.2153017397563666,0.06323869644199509,0.02127659574468085,0.02127659574468085,0.1905097424540616,0.02127659574468085,0.6040370381057105,0.04356733954440335,0.018246123615949093,25.159473415168733,3.5585636347624576,fc2,1.7408297026122455e-05,47,46,True
Wiener-Residual-AOnly,7,4,4,1.9967286575251905e-06,0.1146998270151842,0.07168394854495089,0.02127659574468085,0.02127659574468085,0.2359281233868375,0.02127659574468085,0.6277562558051925,0.024712452082305502,0.007437955110757376,43.1900519168415,6.3998604386108555,conv1,1.7408297026122455e-05,47,46,True
Wiener-Residual-AOnly,7,4,4,2.430073160961952e-06,0.13959281354835834,0.0659272668774701,0.02127659574468085,0.02127659574468085,0.21134761991096995,0.02127659574468085,0.6593167732974641,0.01565166054116975,0.007988378511296796,61.71983234857507,8.941099359740196,conv2,1.7408297026122455e-05,47,46,True
Wiener-Residual-AOnly,7,4,4,3.473280610903421e-06,0.19951868960481908,0.05501324235112092,0.02127659574468085,0.02127659574468085,0.14828183996261618,0.02127659574468085,0.6305082363778258,0.015065000193461636,0.007331076422687586,69.6154684961935,8.366080444975722,fc1,1.7408297026122455e-05,47,46,True
Wiener-Residual-AOnly,7,4,4,3.6268138925500667e-06,0.2083382359060028,0.05844585314137338,0.02127659574468085,0.02127659574468085,0.1632479257450948,0.02127659574468085,0.6019029545898791,0.04518361002018883,0.023794597831188414,24.775526089937824,3.2752483132857564,fc2,1.7408297026122455e-05,47,46,True
Wiener-Residual-AOnly,7,4,5,2.3254057855492487e-06,0.13358031414904073,0.08035493511638815,0.021739130434782608,0.021739130434782608,0.30184027736736463,0.021739130434782608,0.6528085568952625,0.02339707052881879,-0.009365472931570943,46.501903256830325,8.258504199568723,conv1,1.7408297026122455e-05,46,45,True
Wiener-Residual-AOnly,7,4,5,2.524257150379418e-06,0.14500310665607222,0.06742077926944061,0.021739130434782608,0.021739130434782608,0.21329972291945035,0.021739130434782608,0.6677170143962687,0.0167530028646046,0.004757990815343297,55.34524257642155,8.320374357017318,conv2,1.7408297026122455e-05,46,45,True
Wiener-Residual-AOnly,7,4,5,3.499238634616339e-06,0.2010098190170739,0.05534368587109663,0.021739130434782608,0.021739130434782608,0.14786580526806611,0.021739130434782608,0.6264642535679329,0.015061999578915653,0.006109332825723612,70.19378463978717,8.529922051541314,fc1,1.7408297026122455e-05,46,45,True
Wiener-Residual-AOnly,7,4,5,3.6625004993610417e-06,0.210388212808248,0.058430881009542884,0.021739130434782608,0.021739130434782608,0.1567044767649335,0.021739130434782608,0.606527699958785,0.04222277652428183,0.021794203755397746,26.55825959555789,3.5555430565877386,fc2,1.7408297026122455e-05,46,45,True
Wiener-Residual-AOnly,7,5,1,1.873869019723641e-06,0.10764229360929214,0.07028424566650018,0.02127659574468085,0.02127659574468085,0.23020261025018507,0.02127659574468085,0.6442668605455071,0.028582569284302077,0.010781370161067215,41.536924696671946,6.60590637553262,conv1,1.7408297026122455e-05,47,46,True
Wiener-Residual-AOnly,7,5,1,2.478572963674325e-06,0.1423788300461005,0.06593135874094942,0.02127659574468085,0.02127659574468085,0.2148367570553303,0.02127659574468085,0.6630712588664055,0.019076397151655735,0.004448943962281651,52.72632923964424,7.531117188654346,conv2,1.7408297026122455e-05,47,46,True
Wiener-Residual-AOnly,7,5,1,3.464160533981899e-06,0.19899479706623033,0.054766545226285226,0.02127659574468085,0.02127659574468085,0.1469698076030516,0.02127659574468085,0.6291130687405261,0.014284626019970256,0.00597863399154534,72.93914968331067,8.86425013561772,fc1,1.7408297026122455e-05,47,46,True
Wiener-Residual-AOnly,7,5,1,3.7044169042713825e-06,0.21279605344007083,0.06126576380770861,0.02127659574468085,0.02127659574468085,0.1768789055400045,0.02127659574468085,0.6114668946321505,0.031719995307255805,0.013075856529180491,39.643470808432795,5.43861618845957,fc2,1.7408297026122455e-05,47,46,True
Wiener-Residual-AOnly,7,5,2,2.224103082979681e-06,0.12776109458853133,0.07969965072897003,0.02127659574468085,0.02127659574468085,0.2821695985321319,0.02127659574468085,0.6559794220323459,0.026109569105589685,0.018235091553301927,38.64143720557697,6.434047225266423,conv1,1.7408297026122455e-05,47,46,True
Wiener-Residual-AOnly,7,5,2,2.5909486650862532e-06,0.14883412554360376,0.07109283768263712,0.02127659574468085,0.02127659574468085,0.23793404660334438,0.02127659574468085,0.6733438989711793,0.02212827782995507,0.009263715319013084,53.94636830843634,7.979832158986112,conv2,1.7408297026122455e-05,47,46,True
Wiener-Residual-AOnly,7,5,2,3.459685688807856e-06,0.1987377446292614,0.05453930694315201,0.02127659574468085,0.02127659574468085,0.14602747818156284,0.02127659574468085,0.6245103191920404,0.014218611263498463,0.006376583869323183,71.89164191141359,8.420966906343224,fc1,1.7408297026122455e-05,47,46,True
Wiener-Residual-AOnly,7,5,2,3.7072994839777767e-06,0.21296163998205545,0.06243282406531666,0.02127659574468085,0.02127659574468085,0.19029122033753215,0.02127659574468085,0.6063486117903538,0.02826504816853701,0.011563484997564388,42.33786932730513,5.5793664211903025,fc2,1.7408297026122455e-05,47,46,True
Wiener-Residual-AOnly,7,5,3,2.180543108592829e-06,0.12525884096076492,0.07878027168763911,0.02127659574468085,0.02127659574468085,0.262663703714242,0.02127659574468085,0.6472042307513692,0.045280066546456416,0.01806119774279983,38.47642023038026,6.3304565872132805,conv1,1.7408297026122455e-05,47,46,True
Wiener-Residual-AOnly,7,5,3,2.501909482128608e-06,0.1437193700437386,0.06603703365365274,0.02127659574468085,0.02127659574468085,0.20992270420649514,0.02127659574468085,0.677756921722671,0.020058694151461345,0.006803650336373787,57.354462759093856,8.374383169076653,conv2,1.7408297026122455e-05,47,46,True
Wiener-Residual-AOnly,7,5,3,3.47625028330343e-06,0.19968927908841713,0.055020775986346276,0.02127659574468085,0.02127659574468085,0.14840288746276842,0.02127659574468085,0.6263841087964312,0.013446750193774688,0.006323128366479174,74.73157970238513,8.995056566161498,fc1,1.7408297026122455e-05,47,46,True
Wiener-Residual-AOnly,7,5,3,3.6680594348652764e-06,0.2107075395922461,0.05823503582745982,0.02127659574468085,0.02127659574468085,0.15698115819142772,0.02127659574468085,0.6364423637488813,0.0281393904127284,0.0026502152817380964,44.53231411061817,5.9361186726143815,fc2,1.7408297026122455e-05,47,46,True
Wiener-Residual-AOnly,7,5,4,2.2989304380545775e-06,0.13205946765527152,0.08520221386472131,0.02127659574468085,0.02127659574468085,0.28750917404890575,0.02127659574468085,0.6410345725120443,0.012397880983993538,0.011794609449873778,41.94369206586303,7.3576124790599335,conv1,1.7408297026122455e-05,47,46,True
Wiener-Residual-AOnly,7,5,4,2.4323353845847606e-06,0.13972276443438778,0.06543012469959622,0.02127659574468085,0.02127659574468085,0.20866908774055243,0.02127659574468085,0.6565454223616499,0.023002482234359314,0.00957874993685889,52.8569924259048,7.852164034253351,conv2,1.7408297026122455e-05,47,46,True
Wiener-Residual-AOnly,7,5,4,3.487426995111067e-06,0.20033131269979607,0.055589279974848596,0.02127659574468085,0.02127659574468085,0.15190991296526996,0.02127659574468085,0.6271540797970938,0.014140285299835425,0.005911442457025025,70.8238943509311,8.88387227870856,fc1,1.7408297026122455e-05,47,46,True
Wiener-Residual-AOnly,7,5,4,3.6876761748311765e-06,0.2118344011075605,0.061891664391889534,0.02127659574468085,0.02127659574468085,0.1799669364587918,0.02127659574468085,0.6032691019171148,0.020986716594712334,0.013225765427902656,41.0069644297637,5.374509711586963,fc2,1.7408297026122455e-05,47,46,True
Wiener-Residual-AOnly,7,5,5,1.994190577933247e-06,0.11455402989395315,0.07669864477326009,0.021739130434782608,0.021739130434782608,0.2562406703928457,0.021739130434782608,0.6500801238627238,0.039189195103205995,0.011281041876244234,44.20568278550851,7.008419264951802,conv1,1.7408297026122455e-05,46,45,True
Wiener-Residual-AOnly,7,5,5,2.5541663499395428e-06,0.1467212069110968,0.06832674024604009,0.021739130434782608,0.021739130434782608,0.2202924853878377,0.021739130434782608,0.6735535666199788,0.019973299627801616,0.009385125501165404,46.67163686345415,6.925203661200865,conv2,1.7408297026122455e-05,46,45,True
Wiener-Residual-AOnly,7,5,5,3.5126737813241167e-06,0.20178158587557912,0.05610212636368838,0.021739130434782608,0.021739130434782608,0.1517250097013923,0.021739130434782608,0.6373377673000906,0.014204137302469142,0.006033324938781097,71.97911201898005,8.612197594051127,fc1,1.7408297026122455e-05,46,45,True
Wiener-Residual-AOnly,7,5,5,3.698787070914387e-06,0.2124726540088374,0.0607617776074124,0.021739130434782608,0.021739130434782608,0.18168663467793503,0.021739130434782608,0.5641127156337467,0.017417501021348657,0.005783851479419243,47.87777386809587,5.726690636408275,fc2,1.7408297026122455e-05,46,45,True
