hessian_stage_norm_mean,final_preconditioned_norm_mean,train_loss,preclip_norm_mean,preclip_norm_p50,preclip_norm_p90,preclip_norm_p99,clip_fraction,update_norm,step,epoch,conv1/A_damped_condition,conv1/G_damped_condition,conv2/A_damped_condition,conv2/G_damped_condition,fc1/A_damped_condition,fc1/G_damped_condition,fc2/A_damped_condition,fc2/G_damped_condition
4.816557884216309,37.227569580078125,2.311952590942383,37.227569580078125,37.464229583740234,42.47888946533203,47.25162887573242,1.0,0.9502459168434143,1,1,26.622538899391316,1.002154827683156,1730.5393106519768,1.0255804406508784,5728.83257616247,64.04127579137926,1205.7718056261936,325.5873096887794
4.787911415100098,37.272308349609375,2.290924310684204,37.272308349609375,37.56632995605469,42.90453338623047,45.73997497558594,1.0,0.9510709643363953,2,1,26.622538899391316,1.002154827683156,1730.5393106519768,1.0255804406508784,5728.83257616247,64.04127579137926,1205.7718056261936,325.5873096887794
4.776638984680176,37.25617980957031,2.2688634395599365,37.25617980957031,37.14610290527344,43.22388458251953,46.25764465332031,1.0,0.952286422252655,3,1,26.622538899391316,1.002154827683156,1730.5393106519768,1.0255804406508784,5728.83257616247,64.04127579137926,1205.7718056261936,325.5873096887794
4.86372709274292,38.040069580078125,2.254725456237793,38.04007339477539,38.276641845703125,44.036964416503906,47.9105339050293,1.0,0.9532712697982788,4,1,26.622538899391316,1.002154827683156,1730.5393106519768,1.0255804406508784,5728.83257616247,64.04127579137926,1205.7718056261936,325.5873096887794
4.994034767150879,39.84491729736328,2.233626365661621,39.84491729736328,40.19959259033203,46.276702880859375,49.14126968383789,1.0,0.9507152438163757,5,1,26.622538899391316,1.002154827683156,1730.5393106519768,1.0255804406508784,5728.83257616247,64.04127579137926,1205.7718056261936,325.5873096887794
5.3472900390625,43.152828216552734,2.1989500522613525,43.152828216552734,43.102806091308594,49.84992980957031,53.05253219604492,1.0,0.9487559199333191,6,1,26.622538899391316,1.002154827683156,1730.5393106519768,1.0255804406508784,5728.83257616247,64.04127579137926,1205.7718056261936,325.5873096887794
5.7503557205200195,47.88810348510742,2.168487787246704,47.88810348510742,47.96345520019531,55.62192153930664,59.53064727783203,1.0,0.950823187828064,7,1,26.622538899391316,1.002154827683156,1730.5393106519768,1.0255804406508784,5728.83257616247,64.04127579137926,1205.7718056261936,325.5873096887794
6.221853256225586,51.9390869140625,2.164452314376831,51.9390869140625,52.29004669189453,59.21586608886719,64.87974548339844,1.0,0.9517157673835754,8,1,26.622538899391316,1.002154827683156,1730.5393106519768,1.0255804406508784,5728.83257616247,64.04127579137926,1205.7718056261936,325.5873096887794
6.549363613128662,56.20915603637695,2.112111806869507,56.20915985107422,56.651580810546875,63.17154312133789,68.8273696899414,1.0,0.9494553804397583,9,1,26.622538899391316,1.002154827683156,1730.5393106519768,1.0255804406508784,5728.83257616247,64.04127579137926,1205.7718056261936,325.5873096887794
7.071704864501953,61.2065315246582,2.0636258125305176,61.2065315246582,61.47899627685547,70.98619079589844,75.84747314453125,1.0,0.949239194393158,10,1,26.622538899391316,1.002154827683156,1730.5393106519768,1.0255804406508784,5728.83257616247,64.04127579137926,1205.7718056261936,325.5873096887794
7.734234809875488,66.9928207397461,2.0420236587524414,66.9928207397461,67.79329681396484,77.03262329101562,82.31047058105469,1.0,0.9536280035972595,11,1,26.622538899391316,1.002154827683156,1730.5393106519768,1.0255804406508784,5728.83257616247,64.04127579137926,1205.7718056261936,325.5873096887794
8.133016586303711,71.29647827148438,1.9749557971954346,71.29647827148438,71.63043212890625,81.47200012207031,88.48523712158203,1.0,0.9518552422523499,12,1,26.622538899391316,1.002154827683156,1730.5393106519768,1.0255804406508784,5728.83257616247,64.04127579137926,1205.7718056261936,325.5873096887794
8.67007064819336,76.23820495605469,1.907083511352539,76.23820495605469,76.42363739013672,89.13526916503906,97.7086181640625,1.0,0.9495954513549805,13,1,26.622538899391316,1.002154827683156,1730.5393106519768,1.0255804406508784,5728.83257616247,64.04127579137926,1205.7718056261936,325.5873096887794
9.622032165527344,84.47894287109375,1.8412528038024902,84.47894287109375,84.97666931152344,97.5457763671875,106.62174987792969,1.0,0.9541361331939697,14,1,26.622538899391316,1.002154827683156,1730.5393106519768,1.0255804406508784,5728.83257616247,64.04127579137926,1205.7718056261936,325.5873096887794
10.239007949829102,90.90276336669922,1.7693692445755005,90.90276336669922,90.07917785644531,108.75582885742188,121.77967834472656,1.0,0.9515082836151123,15,1,26.622538899391316,1.002154827683156,1730.5393106519768,1.0255804406508784,5728.83257616247,64.04127579137926,1205.7718056261936,325.5873096887794
11.06979751586914,98.43219757080078,1.7410963773727417,98.43219757080078,97.90386962890625,119.41345977783203,126.92579650878906,1.0,0.9496558308601379,16,1,26.622538899391316,1.002154827683156,1730.5393106519768,1.0255804406508784,5728.83257616247,64.04127579137926,1205.7718056261936,325.5873096887794
11.566116333007812,103.57838439941406,1.699862003326416,103.57838439941406,105.04542541503906,128.159912109375,140.29278564453125,1.0,0.9516867995262146,17,1,26.622538899391316,1.002154827683156,1730.5393106519768,1.0255804406508784,5728.83257616247,64.04127579137926,1205.7718056261936,325.5873096887794
12.032994270324707,106.87036895751953,1.590862512588501,106.87036895751953,110.466552734375,133.4537353515625,151.589599609375,1.0,0.9559163451194763,18,1,26.622538899391316,1.002154827683156,1730.5393106519768,1.0255804406508784,5728.83257616247,64.04127579137926,1205.7718056261936,325.5873096887794
12.765460014343262,114.88899230957031,1.52498459815979,114.88899993896484,116.41053771972656,147.82308959960938,178.71295166015625,1.0,0.9527965188026428,19,1,26.622538899391316,1.002154827683156,1730.5393106519768,1.0255804406508784,5728.83257616247,64.04127579137926,1205.7718056261936,325.5873096887794
13.327545166015625,120.48041534423828,1.4609909057617188,120.48041534423828,122.57635498046875,161.4892578125,188.3143310546875,1.0,0.9514663815498352,20,1,26.622538899391316,1.002154827683156,1730.5393106519768,1.0255804406508784,5728.83257616247,64.04127579137926,1205.7718056261936,325.5873096887794
13.71479606628418,124.39874267578125,1.4056422710418701,124.39874267578125,129.29295349121094,167.22238159179688,197.4568634033203,1.0,0.9534063935279846,21,1,26.622538899391316,1.002154827683156,1730.5393106519768,1.0255804406508784,5728.83257616247,64.04127579137926,1205.7718056261936,325.5873096887794
14.465572357177734,132.1142120361328,1.3080780506134033,132.1142120361328,138.9745330810547,179.43997192382812,215.63829040527344,1.0,0.9522908329963684,22,1,26.622538899391316,1.002154827683156,1730.5393106519768,1.0255804406508784,5728.83257616247,64.04127579137926,1205.7718056261936,325.5873096887794
15.63938045501709,142.10333251953125,1.3227347135543823,142.10333251953125,147.40310668945312,200.5301971435547,231.21531677246094,1.0,0.9506897330284119,23,1,26.622538899391316,1.002154827683156,1730.5393106519768,1.0255804406508784,5728.83257616247,64.04127579137926,1205.7718056261936,325.5873096887794
15.722589492797852,142.45166015625,1.269118070602417,142.45166015625,148.27291870117188,209.55398559570312,271.6927795410156,1.0,0.9510979652404785,24,1,26.622538899391316,1.002154827683156,1730.5393106519768,1.0255804406508784,5728.83257616247,64.04127579137926,1205.7718056261936,325.5873096887794
15.53532600402832,141.497802734375,1.1482425928115845,141.497802734375,153.52593994140625,211.33346557617188,262.3804016113281,1.0,0.9487887024879456,25,1,26.622538899391316,1.002154827683156,1730.5393106519768,1.0255804406508784,5728.83257616247,64.04127579137926,1205.7718056261936,325.5873096887794
15.673955917358398,142.7517852783203,1.0841152667999268,142.75180053710938,150.24740600585938,229.20664978027344,278.16546630859375,1.0,0.950441837310791,26,1,26.622538899391316,1.002154827683156,1730.5393106519768,1.0255804406508784,5728.83257616247,64.04127579137926,1205.7718056261936,325.5873096887794
18.400894165039062,168.1895751953125,1.232706904411316,168.1895751953125,180.63217163085938,262.230224609375,330.87847900390625,1.0,0.9509495496749878,27,1,26.622538899391316,1.002154827683156,1730.5393106519768,1.0255804406508784,5728.83257616247,64.04127579137926,1205.7718056261936,325.5873096887794
17.137653350830078,157.33616638183594,1.0192570686340332,157.33616638183594,161.70260620117188,260.72637939453125,342.653564453125,1.0,0.950539231300354,28,1,26.622538899391316,1.002154827683156,1730.5393106519768,1.0255804406508784,5728.83257616247,64.04127579137926,1205.7718056261936,325.5873096887794
18.408069610595703,167.85452270507812,1.0591398477554321,167.85452270507812,175.62535095214844,282.01959228515625,367.5726013183594,1.0,0.9508897066116333,29,1,26.622538899391316,1.002154827683156,1730.5393106519768,1.0255804406508784,5728.83257616247,64.04127579137926,1205.7718056261936,325.5873096887794
19.63273811340332,180.04122924804688,1.0594035387039185,180.04122924804688,190.25823974609375,304.89141845703125,431.01507568359375,1.0,0.9504379034042358,30,1,26.622538899391316,1.002154827683156,1730.5393106519768,1.0255804406508784,5728.83257616247,64.04127579137926,1205.7718056261936,325.5873096887794
17.832279205322266,164.2152862548828,0.9418635368347168,164.2152862548828,155.12228393554688,320.10614013671875,416.3377990722656,1.0,0.9532853960990906,31,1,26.622538899391316,1.002154827683156,1730.5393106519768,1.0255804406508784,5728.83257616247,64.04127579137926,1205.7718056261936,325.5873096887794
18.463422775268555,168.68954467773438,0.9246675968170166,168.68954467773438,163.59506225585938,331.39764404296875,465.49847412109375,1.0,0.9506954550743103,32,1,26.622538899391316,1.002154827683156,1730.5393106519768,1.0255804406508784,5728.83257616247,64.04127579137926,1205.7718056261936,325.5873096887794
20.347843170166016,185.79786682128906,1.0065579414367676,185.79786682128906,179.23336791992188,359.22900390625,532.8457641601562,0.984375,0.9502303600311279,33,1,26.622538899391316,1.002154827683156,1730.5393106519768,1.0255804406508784,5728.83257616247,64.04127579137926,1205.7718056261936,325.5873096887794
18.367107391357422,168.33433532714844,0.8980218172073364,168.33433532714844,151.65203857421875,347.9471130371094,496.4649658203125,0.93359375,0.9501499533653259,34,1,26.622538899391316,1.002154827683156,1730.5393106519768,1.0255804406508784,5728.83257616247,64.04127579137926,1205.7718056261936,325.5873096887794
19.8317813873291,182.72607421875,0.9117341041564941,182.72607421875,169.4275360107422,407.64849853515625,562.9290771484375,0.90234375,0.9537469148635864,35,1,26.622538899391316,1.002154827683156,1730.5393106519768,1.0255804406508784,5728.83257616247,64.04127579137926,1205.7718056261936,325.5873096887794
20.184104919433594,187.24252319335938,0.8484447002410889,187.24252319335938,158.41201782226562,401.83477783203125,559.9747314453125,0.90234375,0.9505024552345276,36,1,26.622538899391316,1.002154827683156,1730.5393106519768,1.0255804406508784,5728.83257616247,64.04127579137926,1205.7718056261936,325.5873096887794
21.209365844726562,196.35665893554688,0.9252220988273621,196.35665893554688,180.95578002929688,383.37091064453125,558.915283203125,0.96484375,0.9505399465560913,37,1,26.622538899391316,1.002154827683156,1730.5393106519768,1.0255804406508784,5728.83257616247,64.04127579137926,1205.7718056261936,325.5873096887794
17.543766021728516,162.2811737060547,0.6676812171936035,162.2811737060547,138.9830322265625,362.7449035644531,511.08984375,0.91796875,0.9491279721260071,38,1,26.622538899391316,1.002154827683156,1730.5393106519768,1.0255804406508784,5728.83257616247,64.04127579137926,1205.7718056261936,325.5873096887794
22.28722381591797,205.26651000976562,0.8797614574432373,205.26651000976562,183.99172973632812,448.1956787109375,675.591064453125,0.93359375,0.9513992071151733,39,1,26.622538899391316,1.002154827683156,1730.5393106519768,1.0255804406508784,5728.83257616247,64.04127579137926,1205.7718056261936,325.5873096887794
23.206207275390625,214.05447387695312,0.8523196578025818,214.05447387695312,185.34982299804688,481.4183349609375,649.6788940429688,0.91796875,0.9494904279708862,40,1,26.622538899391316,1.002154827683156,1730.5393106519768,1.0255804406508784,5728.83257616247,64.04127579137926,1205.7718056261936,325.5873096887794
20.780414581298828,192.87460327148438,0.715174674987793,192.87460327148438,153.20977783203125,433.2974853515625,647.968994140625,0.91015625,0.9518442749977112,41,1,26.622538899391316,1.002154827683156,1730.5393106519768,1.0255804406508784,5728.83257616247,64.04127579137926,1205.7718056261936,325.5873096887794
22.867815017700195,209.77218627929688,0.8071821928024292,209.77218627929688,172.57498168945312,499.63751220703125,687.7593994140625,0.921875,0.9484116435050964,42,1,26.622538899391316,1.002154827683156,1730.5393106519768,1.0255804406508784,5728.83257616247,64.04127579137926,1205.7718056261936,325.5873096887794
20.537757873535156,191.042236328125,0.6932076215744019,191.042236328125,149.23443603515625,478.03851318359375,655.7467041015625,0.9453125,0.9481382966041565,43,1,26.622538899391316,1.002154827683156,1730.5393106519768,1.0255804406508784,5728.83257616247,64.04127579137926,1205.7718056261936,325.5873096887794
23.030715942382812,210.6591339111328,0.7615094184875488,210.6591339111328,155.13186645507812,514.72021484375,699.2428588867188,0.87109375,0.9488009810447693,44,1,26.622538899391316,1.002154827683156,1730.5393106519768,1.0255804406508784,5728.83257616247,64.04127579137926,1205.7718056261936,325.5873096887794
22.34552001953125,206.11851501464844,0.7498154640197754,206.11851501464844,166.73828125,529.193603515625,725.6917724609375,0.921875,0.948073148727417,45,1,26.622538899391316,1.002154827683156,1730.5393106519768,1.0255804406508784,5728.83257616247,64.04127579137926,1205.7718056261936,325.5873096887794
21.876737594604492,200.42266845703125,0.6881438493728638,200.42266845703125,116.1160888671875,539.587158203125,714.8455200195312,0.859375,0.9495485424995422,46,1,26.622538899391316,1.002154827683156,1730.5393106519768,1.0255804406508784,5728.83257616247,64.04127579137926,1205.7718056261936,325.5873096887794
21.103931427001953,195.24636840820312,0.7069637775421143,195.24636840820312,91.50434875488281,550.61328125,819.7431030273438,0.875,0.9500949382781982,47,1,26.622538899391316,1.002154827683156,1730.5393106519768,1.0255804406508784,5728.83257616247,64.04127579137926,1205.7718056261936,325.5873096887794
22.16916847229004,206.14801025390625,0.7366222143173218,206.14801025390625,77.66334533691406,613.8619995117188,875.78076171875,0.859375,0.95039302110672,48,1,26.622538899391316,1.002154827683156,1730.5393106519768,1.0255804406508784,5728.83257616247,64.04127579137926,1205.7718056261936,325.5873096887794
23.48343849182129,216.80490112304688,0.7721588015556335,216.8048858642578,78.15725708007812,603.0738525390625,864.3812255859375,0.87890625,0.9518210887908936,49,1,26.622538899391316,1.002154827683156,1730.5393106519768,1.0255804406508784,5728.83257616247,64.04127579137926,1205.7718056261936,325.5873096887794
23.050893783569336,212.13595581054688,0.6836806535720825,212.13595581054688,82.55821990966797,605.166748046875,862.1514282226562,0.8125,0.9504072666168213,50,1,26.622538899391316,1.002154827683156,1730.5393106519768,1.0255804406508784,5728.83257616247,64.04127579137926,1205.7718056261936,325.5873096887794
24.926305770874023,232.1580810546875,0.7371056079864502,232.1580810546875,95.79017639160156,646.3311767578125,978.78271484375,0.828125,0.9502498507499695,51,1,26.622538899391316,1.002154827683156,1730.5393106519768,1.0255804406508784,5728.83257616247,64.04127579137926,1205.7718056261936,325.5873096887794
21.596420288085938,201.15945434570312,0.6578958630561829,201.15945434570312,71.4368896484375,590.422119140625,823.0626831054688,0.828125,0.9524608254432678,52,1,26.622538899391316,1.002154827683156,1730.5393106519768,1.0255804406508784,5728.83257616247,64.04127579137926,1205.7718056261936,325.5873096887794
18.222816467285156,167.0284423828125,0.5820659399032593,167.0284423828125,26.983264923095703,543.9924926757812,871.9868774414062,0.78125,0.9531121850013733,53,1,26.622538899391316,1.002154827683156,1730.5393106519768,1.0255804406508784,5728.83257616247,64.04127579137926,1205.7718056261936,325.5873096887794
22.94717025756836,212.70263671875,0.7083758115768433,212.70263671875,43.83349609375,668.0294799804688,956.7810668945312,0.7890625,0.9514212608337402,54,1,26.622538899391316,1.002154827683156,1730.5393106519768,1.0255804406508784,5728.83257616247,64.04127579137926,1205.7718056261936,325.5873096887794
20.956951141357422,197.8240966796875,0.6198104023933411,197.8240966796875,50.122596740722656,656.549072265625,928.5805053710938,0.796875,0.9490054845809937,55,1,26.622538899391316,1.002154827683156,1730.5393106519768,1.0255804406508784,5728.83257616247,64.04127579137926,1205.7718056261936,325.5873096887794
24.591796875,228.4479522705078,0.7138141393661499,228.4479522705078,83.97650146484375,719.080810546875,959.4671630859375,0.84375,0.9493116736412048,56,1,26.622538899391316,1.002154827683156,1730.5393106519768,1.0255804406508784,5728.83257616247,64.04127579137926,1205.7718056261936,325.5873096887794
20.6041202545166,194.27005004882812,0.5898400545120239,194.27005004882812,44.80453109741211,657.935302734375,1024.0186767578125,0.76953125,0.9497806429862976,57,1,26.622538899391316,1.002154827683156,1730.5393106519768,1.0255804406508784,5728.83257616247,64.04127579137926,1205.7718056261936,325.5873096887794
21.925275802612305,202.96908569335938,0.5230708122253418,202.96908569335938,46.43316650390625,623.155029296875,954.086669921875,0.78515625,0.9508141875267029,58,1,26.622538899391316,1.002154827683156,1730.5393106519768,1.0255804406508784,5728.83257616247,64.04127579137926,1205.7718056261936,325.5873096887794
23.976886749267578,224.0995635986328,0.6623448729515076,224.0995635986328,32.2983283996582,730.5750732421875,982.08251953125,0.73046875,0.9494143128395081,59,1,26.622538899391316,1.002154827683156,1730.5393106519768,1.0255804406508784,5728.83257616247,64.04127579137926,1205.7718056261936,325.5873096887794
27.852340698242188,258.27886962890625,0.7610657215118408,258.27886962890625,68.59916687011719,845.859375,1047.0928955078125,0.765625,0.9514180421829224,60,1,26.622538899391316,1.002154827683156,1730.5393106519768,1.0255804406508784,5728.83257616247,64.04127579137926,1205.7718056261936,325.5873096887794
23.901025772094727,224.24325561523438,0.6074928045272827,224.24325561523438,44.133277893066406,743.7613525390625,1080.0330810546875,0.78125,0.9490302205085754,61,1,26.622538899391316,1.002154827683156,1730.5393106519768,1.0255804406508784,5728.83257616247,64.04127579137926,1205.7718056261936,325.5873096887794
25.436527252197266,238.9698944091797,0.6490230560302734,238.96987915039062,72.04911804199219,749.7245483398438,1048.47265625,0.78515625,0.9529890418052673,62,1,26.622538899391316,1.002154827683156,1730.5393106519768,1.0255804406508784,5728.83257616247,64.04127579137926,1205.7718056261936,325.5873096887794
23.715290069580078,222.75750732421875,0.6772757768630981,222.75750732421875,51.29042053222656,704.0823364257812,1131.458251953125,0.7734375,0.9490037560462952,63,1,26.622538899391316,1.002154827683156,1730.5393106519768,1.0255804406508784,5728.83257616247,64.04127579137926,1205.7718056261936,325.5873096887794
24.328594207763672,228.07339477539062,0.5916543006896973,228.07339477539062,22.907146453857422,791.663818359375,1086.952880859375,0.7421875,0.9480471014976501,64,1,26.622538899391316,1.002154827683156,1730.5393106519768,1.0255804406508784,5728.83257616247,64.04127579137926,1205.7718056261936,325.5873096887794
27.682010650634766,258.7698059082031,0.7972328662872314,258.7698059082031,28.354167938232422,868.578369140625,1328.0980224609375,0.7265625,0.9492523670196533,65,1,26.622538899391316,1.002154827683156,1730.5393106519768,1.0255804406508784,5728.83257616247,64.04127579137926,1205.7718056261936,325.5873096887794
24.39811897277832,231.63009643554688,0.6448147296905518,231.63011169433594,34.612525939941406,769.7374267578125,1250.341796875,0.69921875,0.9482726454734802,66,1,26.622538899391316,1.002154827683156,1730.5393106519768,1.0255804406508784,5728.83257616247,64.04127579137926,1205.7718056261936,325.5873096887794
25.150283813476562,238.3433837890625,0.6416708827018738,238.3433837890625,32.29963302612305,826.7738647460938,1118.2030029296875,0.78125,0.9507937431335449,67,1,26.622538899391316,1.002154827683156,1730.5393106519768,1.0255804406508784,5728.83257616247,64.04127579137926,1205.7718056261936,325.5873096887794
24.414871215820312,232.56146240234375,0.6747534275054932,232.56146240234375,16.326858520507812,837.5388793945312,1170.7364501953125,0.6875,0.9494062662124634,68,1,26.622538899391316,1.002154827683156,1730.5393106519768,1.0255804406508784,5728.83257616247,64.04127579137926,1205.7718056261936,325.5873096887794
24.30475616455078,229.03565979003906,0.660629391670227,229.03567504882812,26.877574920654297,816.498291015625,1242.899658203125,0.7265625,0.9477665424346924,69,1,26.622538899391316,1.002154827683156,1730.5393106519768,1.0255804406508784,5728.83257616247,64.04127579137926,1205.7718056261936,325.5873096887794
26.339706420898438,250.728271484375,0.7300743460655212,250.72828674316406,33.529869079589844,883.566162109375,1192.6536865234375,0.7265625,0.950553834438324,70,1,26.622538899391316,1.002154827683156,1730.5393106519768,1.0255804406508784,5728.83257616247,64.04127579137926,1205.7718056261936,325.5873096887794
24.872119903564453,235.1317138671875,0.6422165036201477,235.1317138671875,15.178282737731934,886.4091796875,1403.4407958984375,0.67578125,0.9513144493103027,71,1,26.622538899391316,1.002154827683156,1730.5393106519768,1.0255804406508784,5728.83257616247,64.04127579137926,1205.7718056261936,325.5873096887794
26.954238891601562,252.7081298828125,0.696840226650238,252.7081298828125,18.302759170532227,864.32421875,1175.9334716796875,0.69921875,0.948663055896759,72,1,26.622538899391316,1.002154827683156,1730.5393106519768,1.0255804406508784,5728.83257616247,64.04127579137926,1205.7718056261936,325.5873096887794
25.642202377319336,244.21607971191406,0.669666051864624,244.21607971191406,16.88656997680664,928.2450561523438,1246.43701171875,0.65625,0.9505552649497986,73,1,26.622538899391316,1.002154827683156,1730.5393106519768,1.0255804406508784,5728.83257616247,64.04127579137926,1205.7718056261936,325.5873096887794
24.148662567138672,227.66610717773438,0.589921236038208,227.66610717773438,13.20676326751709,837.3419799804688,1302.0206298828125,0.6796875,0.948523223400116,74,1,26.622538899391316,1.002154827683156,1730.5393106519768,1.0255804406508784,5728.83257616247,64.04127579137926,1205.7718056261936,325.5873096887794
22.19791030883789,211.5653076171875,0.5500181317329407,211.5653076171875,7.382526874542236,827.107421875,1286.520263671875,0.6484375,0.9495911002159119,75,1,26.622538899391316,1.002154827683156,1730.5393106519768,1.0255804406508784,5728.83257616247,64.04127579137926,1205.7718056261936,325.5873096887794
31.026412963867188,291.7053527832031,0.7244458198547363,291.7053527832031,21.323314666748047,1025.939697265625,1371.677490234375,0.6875,0.9487969875335693,76,1,26.622538899391316,1.002154827683156,1730.5393106519768,1.0255804406508784,5728.83257616247,64.04127579137926,1205.7718056261936,325.5873096887794
30.411205291748047,290.9400634765625,0.831308901309967,290.9400634765625,19.657028198242188,1014.5323486328125,1443.063720703125,0.6640625,0.9509148001670837,77,1,26.622538899391316,1.002154827683156,1730.5393106519768,1.0255804406508784,5728.83257616247,64.04127579137926,1205.7718056261936,325.5873096887794
21.630226135253906,209.35049438476562,0.5586731433868408,209.35049438476562,30.159608840942383,793.147705078125,1359.521484375,0.6484375,0.9533507823944092,78,1,26.622538899391316,1.002154827683156,1730.5393106519768,1.0255804406508784,5728.83257616247,64.04127579137926,1205.7718056261936,325.5873096887794
24.173120498657227,226.9578857421875,0.6330609917640686,226.9578857421875,13.892541885375977,834.9415283203125,1419.6871337890625,0.6953125,0.9472835063934326,79,1,26.622538899391316,1.002154827683156,1730.5393106519768,1.0255804406508784,5728.83257616247,64.04127579137926,1205.7718056261936,325.5873096887794
19.804298400878906,189.41879272460938,0.45212605595588684,189.41879272460938,15.607126235961914,803.9468994140625,1382.23388671875,0.66796875,0.9499597549438477,80,1,26.622538899391316,1.002154827683156,1730.5393106519768,1.0255804406508784,5728.83257616247,64.04127579137926,1205.7718056261936,325.5873096887794
20.927692413330078,199.5293426513672,0.38410210609436035,199.52935791015625,20.461565017700195,728.4407348632812,1308.290771484375,0.65234375,0.9521183967590332,81,1,26.622538899391316,1.002154827683156,1730.5393106519768,1.0255804406508784,5728.83257616247,64.04127579137926,1205.7718056261936,325.5873096887794
25.724945068359375,245.83755493164062,0.5787467360496521,245.83755493164062,13.101668357849121,948.460205078125,1451.8095703125,0.6640625,0.9504089951515198,82,1,26.622538899391316,1.002154827683156,1730.5393106519768,1.0255804406508784,5728.83257616247,64.04127579137926,1205.7718056261936,325.5873096887794
30.96490478515625,298.06097412109375,0.8437967300415039,298.06097412109375,19.793094635009766,1099.966796875,1454.59130859375,0.65625,0.9487348794937134,83,1,26.622538899391316,1.002154827683156,1730.5393106519768,1.0255804406508784,5728.83257616247,64.04127579137926,1205.7718056261936,325.5873096887794
22.029142379760742,211.52764892578125,0.5206902027130127,211.52764892578125,11.679101943969727,932.9764404296875,1330.0579833984375,0.62109375,0.9493808150291443,84,1,26.622538899391316,1.002154827683156,1730.5393106519768,1.0255804406508784,5728.83257616247,64.04127579137926,1205.7718056261936,325.5873096887794
23.953624725341797,228.88421630859375,0.6039621829986572,228.88421630859375,7.707255840301514,975.4746704101562,1487.6187744140625,0.6171875,0.95084148645401,85,1,26.622538899391316,1.002154827683156,1730.5393106519768,1.0255804406508784,5728.83257616247,64.04127579137926,1205.7718056261936,325.5873096887794
26.710186004638672,257.0108642578125,0.7988491058349609,257.0108337402344,7.972186088562012,1036.70458984375,1562.345458984375,0.62890625,0.9494321346282959,86,1,26.622538899391316,1.002154827683156,1730.5393106519768,1.0255804406508784,5728.83257616247,64.04127579137926,1205.7718056261936,325.5873096887794
24.99984359741211,240.3238983154297,0.5465248823165894,240.3238983154297,21.898666381835938,979.3601684570312,1468.158935546875,0.71875,0.9497126340866089,87,1,26.622538899391316,1.002154827683156,1730.5393106519768,1.0255804406508784,5728.83257616247,64.04127579137926,1205.7718056261936,325.5873096887794
20.910062789916992,199.48348999023438,0.49315109848976135,199.48348999023438,8.061633110046387,767.285888671875,1428.6531982421875,0.58203125,0.9497171640396118,88,1,26.622538899391316,1.002154827683156,1730.5393106519768,1.0255804406508784,5728.83257616247,64.04127579137926,1205.7718056261936,325.5873096887794
23.67646598815918,229.28475952148438,0.497427761554718,229.28475952148438,8.98729419708252,972.60205078125,1499.1053466796875,0.6328125,0.9508939981460571,89,1,26.622538899391316,1.002154827683156,1730.5393106519768,1.0255804406508784,5728.83257616247,64.04127579137926,1205.7718056261936,325.5873096887794
25.324161529541016,243.5279998779297,0.5756514668464661,243.5279998779297,9.477327346801758,1011.0956420898438,1630.8804931640625,0.625,0.9510853290557861,90,1,26.622538899391316,1.002154827683156,1730.5393106519768,1.0255804406508784,5728.83257616247,64.04127579137926,1205.7718056261936,325.5873096887794
20.213972091674805,196.37942504882812,0.4975133538246155,196.37942504882812,11.079577445983887,731.0968627929688,1353.125,0.6015625,0.9467940926551819,91,1,26.622538899391316,1.002154827683156,1730.5393106519768,1.0255804406508784,5728.83257616247,64.04127579137926,1205.7718056261936,325.5873096887794
28.935855865478516,284.07879638671875,0.8217384815216064,284.0788269042969,13.633867263793945,1135.5458984375,1627.61328125,0.63671875,0.9484269022941589,92,1,26.622538899391316,1.002154827683156,1730.5393106519768,1.0255804406508784,5728.83257616247,64.04127579137926,1205.7718056261936,325.5873096887794
25.86871910095215,250.69444274902344,0.6197008490562439,250.69444274902344,14.728334426879883,983.5338134765625,1697.15283203125,0.64453125,0.9507755041122437,93,1,26.622538899391316,1.002154827683156,1730.5393106519768,1.0255804406508784,5728.83257616247,64.04127579137926,1205.7718056261936,325.5873096887794
19.754568099975586,193.63998413085938,0.41746801137924194,193.63998413085938,5.050965309143066,716.7584228515625,1443.007568359375,0.59765625,0.9513295888900757,94,1,26.622538899391316,1.002154827683156,1730.5393106519768,1.0255804406508784,5728.83257616247,64.04127579137926,1205.7718056261936,325.5873096887794
23.685466766357422,232.03428649902344,0.5795700550079346,232.03428649902344,13.638147354125977,973.3572998046875,1513.0362548828125,0.62890625,0.9508578181266785,95,1,26.622538899391316,1.002154827683156,1730.5393106519768,1.0255804406508784,5728.83257616247,64.04127579137926,1205.7718056261936,325.5873096887794
28.386478424072266,274.9454345703125,0.7948116064071655,274.9454345703125,8.925737380981445,1089.087890625,1774.704833984375,0.63671875,0.9485341906547546,96,1,26.622538899391316,1.002154827683156,1730.5393106519768,1.0255804406508784,5728.83257616247,64.04127579137926,1205.7718056261936,325.5873096887794
21.613113403320312,212.02108764648438,0.48142802715301514,212.02108764648438,9.813291549682617,812.1532592773438,1513.36669921875,0.65625,0.9491598010063171,97,1,26.622538899391316,1.002154827683156,1730.5393106519768,1.0255804406508784,5728.83257616247,64.04127579137926,1205.7718056261936,325.5873096887794
20.789409637451172,204.37013244628906,0.5476354360580444,204.37013244628906,10.138307571411133,901.3245849609375,1518.5362548828125,0.6640625,0.9517002701759338,98,1,26.622538899391316,1.002154827683156,1730.5393106519768,1.0255804406508784,5728.83257616247,64.04127579137926,1205.7718056261936,325.5873096887794
20.936336517333984,206.82028198242188,0.4661599397659302,206.82028198242188,6.092844009399414,904.0050048828125,1628.7030029296875,0.62109375,0.9504019618034363,99,1,26.622538899391316,1.002154827683156,1730.5393106519768,1.0255804406508784,5728.83257616247,64.04127579137926,1205.7718056261936,325.5873096887794
31.348140716552734,304.93060302734375,0.734512984752655,304.93060302734375,12.583688735961914,1193.561767578125,1644.93603515625,0.640625,0.9518781900405884,100,1,26.622538899391316,1.002154827683156,1730.5393106519768,1.0255804406508784,5728.83257616247,64.04127579137926,1205.7718056261936,325.5873096887794
26.376277923583984,260.07806396484375,0.6366449594497681,260.07806396484375,7.963808536529541,1081.22412109375,1780.360595703125,0.62109375,0.9516339898109436,101,1,26.622538899391316,1.002154827683156,1730.5393106519768,1.0255804406508784,5728.83257616247,64.04127579137926,1205.7718056261936,325.5873096887794
23.320924758911133,228.72161865234375,0.5314236879348755,228.72161865234375,1.8616104125976562,991.1704711914062,1756.8360595703125,0.546875,0.9512702226638794,102,1,26.622538899391316,1.002154827683156,1730.5393106519768,1.0255804406508784,5728.83257616247,64.04127579137926,1205.7718056261936,325.5873096887794
24.20758056640625,236.7133331298828,0.463743656873703,236.7133331298828,6.903628349304199,932.0514526367188,1578.61669921875,0.578125,0.9501874446868896,103,1,26.622538899391316,1.002154827683156,1730.5393106519768,1.0255804406508784,5728.83257616247,64.04127579137926,1205.7718056261936,325.5873096887794
21.631555557250977,213.48614501953125,0.4026513695716858,213.4861297607422,2.2557201385498047,983.8902587890625,1593.861572265625,0.5703125,0.9505414366722107,104,1,26.622538899391316,1.002154827683156,1730.5393106519768,1.0255804406508784,5728.83257616247,64.04127579137926,1205.7718056261936,325.5873096887794
18.889453887939453,183.77285766601562,0.3861713111400604,183.77285766601562,4.880792617797852,739.9788818359375,1644.597900390625,0.578125,0.9481119513511658,105,1,26.622538899391316,1.002154827683156,1730.5393106519768,1.0255804406508784,5728.83257616247,64.04127579137926,1205.7718056261936,325.5873096887794
23.058483123779297,225.4774169921875,0.4407995343208313,225.4774169921875,3.605381965637207,921.3677978515625,1740.5068359375,0.5546875,0.9486392736434937,106,1,26.622538899391316,1.002154827683156,1730.5393106519768,1.0255804406508784,5728.83257616247,64.04127579137926,1205.7718056261936,325.5873096887794
24.71703338623047,245.12216186523438,0.578282356262207,245.1221466064453,4.273409843444824,1093.4825439453125,1709.913330078125,0.58203125,0.9499245882034302,107,1,26.622538899391316,1.002154827683156,1730.5393106519768,1.0255804406508784,5728.83257616247,64.04127579137926,1205.7718056261936,325.5873096887794
24.120529174804688,236.10031127929688,0.4880993962287903,236.10031127929688,3.4593825340270996,1021.3422241210938,1806.6328125,0.55078125,0.948699951171875,108,1,26.622538899391316,1.002154827683156,1730.5393106519768,1.0255804406508784,5728.83257616247,64.04127579137926,1205.7718056261936,325.5873096887794
23.234037399291992,227.49974060058594,0.5082955360412598,227.49974060058594,4.307432174682617,1003.9569091796875,1750.8529052734375,0.56640625,0.9492155313491821,109,1,26.622538899391316,1.002154827683156,1730.5393106519768,1.0255804406508784,5728.83257616247,64.04127579137926,1205.7718056261936,325.5873096887794
23.714651107788086,233.99075317382812,0.7022603750228882,233.99075317382812,2.2217931747436523,1088.14794921875,1763.650634765625,0.5234375,0.9500097036361694,110,1,26.622538899391316,1.002154827683156,1730.5393106519768,1.0255804406508784,5728.83257616247,64.04127579137926,1205.7718056261936,325.5873096887794
24.72964859008789,244.49221801757812,0.5359925031661987,244.4922332763672,5.729408264160156,1177.78955078125,1793.953857421875,0.62109375,0.9500247836112976,111,1,26.622538899391316,1.002154827683156,1730.5393106519768,1.0255804406508784,5728.83257616247,64.04127579137926,1205.7718056261936,325.5873096887794
21.746673583984375,215.5217742919922,0.4748593866825104,215.5217742919922,1.3360368013381958,927.1297607421875,1755.8262939453125,0.52734375,0.9496726393699646,112,1,26.622538899391316,1.002154827683156,1730.5393106519768,1.0255804406508784,5728.83257616247,64.04127579137926,1205.7718056261936,325.5873096887794
27.92371368408203,273.4981689453125,0.574720025062561,273.4981689453125,3.994807243347168,1181.8876953125,1692.766845703125,0.58203125,0.9507788419723511,113,1,26.622538899391316,1.002154827683156,1730.5393106519768,1.0255804406508784,5728.83257616247,64.04127579137926,1205.7718056261936,325.5873096887794
22.881650924682617,224.04483032226562,0.5402668118476868,224.04483032226562,3.55633282661438,964.1231689453125,1727.240234375,0.59765625,0.9482808709144592,114,1,26.622538899391316,1.002154827683156,1730.5393106519768,1.0255804406508784,5728.83257616247,64.04127579137926,1205.7718056261936,325.5873096887794
23.193523406982422,225.32443237304688,0.7056400775909424,225.32443237304688,0.486994206905365,1061.935546875,1936.70703125,0.45703125,0.9476349353790283,115,1,26.622538899391316,1.002154827683156,1730.5393106519768,1.0255804406508784,5728.83257616247,64.04127579137926,1205.7718056261936,325.5873096887794
25.295204162597656,246.39173889160156,0.552918553352356,246.39173889160156,2.454644203186035,1142.076904296875,1911.2681884765625,0.56640625,0.9514243602752686,116,1,26.622538899391316,1.002154827683156,1730.5393106519768,1.0255804406508784,5728.83257616247,64.04127579137926,1205.7718056261936,325.5873096887794
26.109405517578125,264.01263427734375,0.681024432182312,264.01263427734375,6.580828666687012,1237.70849609375,1933.7177734375,0.59375,0.9514150023460388,117,1,26.622538899391316,1.002154827683156,1730.5393106519768,1.0255804406508784,5728.83257616247,64.04127579137926,1205.7718056261936,325.5873096887794
19.839916229248047,196.69618225097656,0.48797500133514404,196.69618225097656,1.4192440509796143,935.8947143554688,1862.498291015625,0.53515625,0.9513635635375977,118,1,26.622538899391316,1.002154827683156,1730.5393106519768,1.0255804406508784,5728.83257616247,64.04127579137926,1205.7718056261936,325.5873096887794
25.12002944946289,253.50314331054688,0.6546493768692017,253.50314331054688,1.0798161029815674,1189.5150146484375,1878.22314453125,0.5078125,0.9504184126853943,119,1,26.622538899391316,1.002154827683156,1730.5393106519768,1.0255804406508784,5728.83257616247,64.04127579137926,1205.7718056261936,325.5873096887794
18.249534606933594,183.42926025390625,0.4203643500804901,183.42926025390625,1.8855364322662354,913.068115234375,1894.84619140625,0.5234375,0.9509048461914062,120,1,26.622538899391316,1.002154827683156,1730.5393106519768,1.0255804406508784,5728.83257616247,64.04127579137926,1205.7718056261936,325.5873096887794
21.52086639404297,214.1772918701172,0.4393180310726166,214.1772918701172,0.95194411277771,969.0640258789062,1804.6134033203125,0.5,0.9500170350074768,121,1,26.622538899391316,1.002154827683156,1730.5393106519768,1.0255804406508784,5728.83257616247,64.04127579137926,1205.7718056261936,325.5873096887794
21.92732048034668,217.6180877685547,0.4830622375011444,217.61810302734375,2.351142168045044,906.3088989257812,2014.8914794921875,0.546875,0.9474700093269348,122,1,26.622538899391316,1.002154827683156,1730.5393106519768,1.0255804406508784,5728.83257616247,64.04127579137926,1205.7718056261936,325.5873096887794
20.933307647705078,206.97552490234375,0.5626624226570129,206.97552490234375,1.8432482481002808,960.4212646484375,1780.049560546875,0.5546875,0.9504368901252747,123,1,26.622538899391316,1.002154827683156,1730.5393106519768,1.0255804406508784,5728.83257616247,64.04127579137926,1205.7718056261936,325.5873096887794
22.138824462890625,215.42047119140625,0.46355971693992615,215.42047119140625,0.7867662310600281,1078.6619873046875,1903.0238037109375,0.48828125,0.9496850371360779,124,1,26.622538899391316,1.002154827683156,1730.5393106519768,1.0255804406508784,5728.83257616247,64.04127579137926,1205.7718056261936,325.5873096887794
21.254512786865234,206.46432495117188,0.4545578956604004,206.4643096923828,1.0711338520050049,979.0443725585938,1873.0555419921875,0.50390625,0.9501140713691711,125,1,26.622538899391316,1.002154827683156,1730.5393106519768,1.0255804406508784,5728.83257616247,64.04127579137926,1205.7718056261936,325.5873096887794
26.653675079345703,266.55242919921875,0.7700783014297485,266.55242919921875,0.5152221918106079,1225.2413330078125,2079.49365234375,0.46484375,0.9469809532165527,126,1,26.622538899391316,1.002154827683156,1730.5393106519768,1.0255804406508784,5728.83257616247,64.04127579137926,1205.7718056261936,325.5873096887794
21.880863189697266,213.75314331054688,0.5905526876449585,213.75314331054688,1.3140056133270264,939.6092529296875,1919.392578125,0.51171875,0.9519237279891968,127,1,26.622538899391316,1.002154827683156,1730.5393106519768,1.0255804406508784,5728.83257616247,64.04127579137926,1205.7718056261936,325.5873096887794
26.476524353027344,263.4170837402344,0.6933688521385193,263.4170837402344,1.8336831331253052,1180.2998046875,2013.100830078125,0.53125,0.9490513801574707,128,1,26.622538899391316,1.002154827683156,1730.5393106519768,1.0255804406508784,5728.83257616247,64.04127579137926,1205.7718056261936,325.5873096887794
20.670026779174805,206.4765625,0.36400192975997925,206.4765625,1.9219967126846313,1003.0113525390625,1851.1378173828125,0.546875,0.9487760663032532,129,1,26.622538899391316,1.002154827683156,1730.5393106519768,1.0255804406508784,5728.83257616247,64.04127579137926,1205.7718056261936,325.5873096887794
22.760372161865234,223.47384643554688,0.537111222743988,223.47384643554688,1.2046347856521606,1214.125244140625,2126.9716796875,0.51171875,0.949053943157196,130,1,26.622538899391316,1.002154827683156,1730.5393106519768,1.0255804406508784,5728.83257616247,64.04127579137926,1205.7718056261936,325.5873096887794
24.0813045501709,243.3933563232422,0.6091023087501526,243.3933563232422,1.0687845945358276,1223.737060546875,2093.048828125,0.515625,0.9495853185653687,131,1,26.622538899391316,1.002154827683156,1730.5393106519768,1.0255804406508784,5728.83257616247,64.04127579137926,1205.7718056261936,325.5873096887794
20.192359924316406,199.46673583984375,0.5310938358306885,199.46673583984375,0.425862193107605,947.2509765625,1797.2265625,0.41015625,0.9476114511489868,132,1,26.622538899391316,1.002154827683156,1730.5393106519768,1.0255804406508784,5728.83257616247,64.04127579137926,1205.7718056261936,325.5873096887794
25.127866744995117,254.14862060546875,0.6261460781097412,254.14862060546875,0.689616322517395,1244.1951904296875,1849.9796142578125,0.46875,0.9502561092376709,133,1,26.622538899391316,1.002154827683156,1730.5393106519768,1.0255804406508784,5728.83257616247,64.04127579137926,1205.7718056261936,325.5873096887794
26.727554321289062,264.1592712402344,0.5134468078613281,264.1592712402344,1.009171724319458,1148.77197265625,2110.849365234375,0.5,0.9503190517425537,134,1,26.622538899391316,1.002154827683156,1730.5393106519768,1.0255804406508784,5728.83257616247,64.04127579137926,1205.7718056261936,325.5873096887794
23.789630889892578,238.479248046875,0.6075136065483093,238.479248046875,1.0508408546447754,1141.82666015625,2065.1240234375,0.50390625,0.9519646167755127,135,1,26.622538899391316,1.002154827683156,1730.5393106519768,1.0255804406508784,5728.83257616247,64.04127579137926,1205.7718056261936,325.5873096887794
22.511375427246094,227.37521362304688,0.6850149631500244,227.37521362304688,0.4169619679450989,987.68505859375,2221.702880859375,0.4375,0.9497385621070862,136,1,26.622538899391316,1.002154827683156,1730.5393106519768,1.0255804406508784,5728.83257616247,64.04127579137926,1205.7718056261936,325.5873096887794
24.889549255371094,244.73342895507812,0.5414872765541077,244.73342895507812,0.44552117586135864,1107.149658203125,2237.841064453125,0.43359375,0.9500709772109985,137,1,26.622538899391316,1.002154827683156,1730.5393106519768,1.0255804406508784,5728.83257616247,64.04127579137926,1205.7718056261936,325.5873096887794
22.422927856445312,223.0244140625,0.4603239595890045,223.0244140625,0.5963286757469177,1037.48193359375,2023.7686767578125,0.4765625,0.946871817111969,138,1,26.622538899391316,1.002154827683156,1730.5393106519768,1.0255804406508784,5728.83257616247,64.04127579137926,1205.7718056261936,325.5873096887794
18.847885131835938,187.19935607910156,0.38011619448661804,187.19935607910156,0.21311023831367493,816.34375,2102.74853515625,0.4140625,0.9468207359313965,139,1,26.622538899391316,1.002154827683156,1730.5393106519768,1.0255804406508784,5728.83257616247,64.04127579137926,1205.7718056261936,325.5873096887794
19.24709701538086,186.86361694335938,0.3151366114616394,186.86361694335938,0.5954858064651489,712.290283203125,2160.38134765625,0.45703125,0.9496036171913147,140,1,26.622538899391316,1.002154827683156,1730.5393106519768,1.0255804406508784,5728.83257616247,64.04127579137926,1205.7718056261936,325.5873096887794
25.56353187561035,254.5843505859375,0.6025376915931702,254.5843505859375,0.8590478301048279,1202.2967529296875,1942.1470947265625,0.4921875,0.9496591091156006,141,1,26.622538899391316,1.002154827683156,1730.5393106519768,1.0255804406508784,5728.83257616247,64.04127579137926,1205.7718056261936,325.5873096887794
23.52726936340332,235.94410705566406,0.6135495901107788,235.94410705566406,1.0719468593597412,1102.5185546875,2033.7672119140625,0.5,0.9494646787643433,142,1,26.622538899391316,1.002154827683156,1730.5393106519768,1.0255804406508784,5728.83257616247,64.04127579137926,1205.7718056261936,325.5873096887794
28.592498779296875,281.61199951171875,0.7497621774673462,281.6119689941406,1.3210091590881348,1353.389892578125,2339.024169921875,0.51953125,0.9493945837020874,143,1,26.622538899391316,1.002154827683156,1730.5393106519768,1.0255804406508784,5728.83257616247,64.04127579137926,1205.7718056261936,325.5873096887794
23.710750579833984,238.1244354248047,0.6551148891448975,238.1244354248047,0.2588546872138977,1175.7799072265625,2258.477294921875,0.42578125,0.9489027857780457,144,1,26.622538899391316,1.002154827683156,1730.5393106519768,1.0255804406508784,5728.83257616247,64.04127579137926,1205.7718056261936,325.5873096887794
28.413734436035156,282.3338623046875,0.5587723255157471,282.3338623046875,1.1391338109970093,1422.892333984375,2192.75537109375,0.50390625,0.949724018573761,145,1,26.622538899391316,1.002154827683156,1730.5393106519768,1.0255804406508784,5728.83257616247,64.04127579137926,1205.7718056261936,325.5873096887794
24.317726135253906,242.56063842773438,0.7646937370300293,242.56063842773438,0.9277387857437134,1326.5390625,1940.5970458984375,0.48828125,0.9513116478919983,146,1,26.622538899391316,1.002154827683156,1730.5393106519768,1.0255804406508784,5728.83257616247,64.04127579137926,1205.7718056261936,325.5873096887794
22.975154876708984,228.14364624023438,0.6048145890235901,228.14364624023438,0.8364846110343933,947.3624267578125,2202.406005859375,0.484375,0.9476407170295715,147,1,26.622538899391316,1.002154827683156,1730.5393106519768,1.0255804406508784,5728.83257616247,64.04127579137926,1205.7718056261936,325.5873096887794
22.438304901123047,225.48660278320312,0.5022933483123779,225.48660278320312,0.5707478523254395,982.2684936523438,2091.56640625,0.453125,0.9504150748252869,148,1,26.622538899391316,1.002154827683156,1730.5393106519768,1.0255804406508784,5728.83257616247,64.04127579137926,1205.7718056261936,325.5873096887794
25.010272979736328,248.33743286132812,0.7055917978286743,248.33743286132812,0.5327874422073364,1145.5726318359375,2324.775146484375,0.4609375,0.9500064253807068,149,1,26.622538899391316,1.002154827683156,1730.5393106519768,1.0255804406508784,5728.83257616247,64.04127579137926,1205.7718056261936,325.5873096887794
22.861501693725586,228.58656311035156,0.5875568985939026,228.58656311035156,0.9148725271224976,1079.188720703125,2204.25927734375,0.49609375,0.9494354724884033,150,1,26.622538899391316,1.002154827683156,1730.5393106519768,1.0255804406508784,5728.83257616247,64.04127579137926,1205.7718056261936,325.5873096887794
18.537748336791992,186.66696166992188,0.45589885115623474,186.66696166992188,0.2755647897720337,740.4147338867188,2149.115966796875,0.453125,0.9489231109619141,151,1,26.622538899391316,1.002154827683156,1730.5393106519768,1.0255804406508784,5728.83257616247,64.04127579137926,1205.7718056261936,325.5873096887794
30.822843551635742,302.5539245605469,0.6578342914581299,302.5539245605469,0.8490625619888306,1435.707275390625,2383.321533203125,0.48828125,0.9475816488265991,152,1,26.622538899391316,1.002154827683156,1730.5393106519768,1.0255804406508784,5728.83257616247,64.04127579137926,1205.7718056261936,325.5873096887794
19.600341796875,195.39122009277344,0.29660671949386597,195.39122009277344,0.5055710673332214,913.8717041015625,2062.41943359375,0.46484375,0.9507298469543457,153,1,26.622538899391316,1.002154827683156,1730.5393106519768,1.0255804406508784,5728.83257616247,64.04127579137926,1205.7718056261936,325.5873096887794
17.066308975219727,168.80389404296875,0.3788077235221863,168.80389404296875,0.38915175199508667,533.8250732421875,2136.213134765625,0.4375,0.9468137621879578,154,1,26.622538899391316,1.002154827683156,1730.5393106519768,1.0255804406508784,5728.83257616247,64.04127579137926,1205.7718056261936,325.5873096887794
26.45050048828125,262.9949951171875,0.7366825342178345,262.9949951171875,0.4959731698036194,1183.654541015625,2195.113525390625,0.46875,0.9487157464027405,155,1,26.622538899391316,1.002154827683156,1730.5393106519768,1.0255804406508784,5728.83257616247,64.04127579137926,1205.7718056261936,325.5873096887794
22.296634674072266,223.08338928222656,0.49665167927742004,223.08338928222656,0.2719748616218567,836.5269775390625,2216.775634765625,0.44140625,0.9509010910987854,156,1,26.622538899391316,1.002154827683156,1730.5393106519768,1.0255804406508784,5728.83257616247,64.04127579137926,1205.7718056261936,325.5873096887794
22.876522064208984,230.98233032226562,0.4365914463996887,230.9823455810547,0.8809295296669006,1125.6910400390625,2090.30224609375,0.48828125,0.9500442743301392,157,1,26.622538899391316,1.002154827683156,1730.5393106519768,1.0255804406508784,5728.83257616247,64.04127579137926,1205.7718056261936,325.5873096887794
18.672685623168945,187.479248046875,0.4747438430786133,187.479248046875,0.2250656634569168,636.8032836914062,2135.906982421875,0.4140625,0.9496109485626221,158,1,26.622538899391316,1.002154827683156,1730.5393106519768,1.0255804406508784,5728.83257616247,64.04127579137926,1205.7718056261936,325.5873096887794
21.918962478637695,224.07113647460938,0.5643325448036194,224.07113647460938,0.32726821303367615,1030.24072265625,2151.321533203125,0.43359375,0.9484840035438538,159,1,26.622538899391316,1.002154827683156,1730.5393106519768,1.0255804406508784,5728.83257616247,64.04127579137926,1205.7718056261936,325.5873096887794
22.64484214782715,228.57687377929688,0.6372911930084229,228.57687377929688,0.2013128250837326,1248.893310546875,2078.743408203125,0.3984375,0.9502875804901123,160,1,26.622538899391316,1.002154827683156,1730.5393106519768,1.0255804406508784,5728.83257616247,64.04127579137926,1205.7718056261936,325.5873096887794
28.869247436523438,286.4222106933594,0.5037006139755249,286.4222106933594,0.37389248609542847,1387.539794921875,2279.025146484375,0.4453125,0.948077917098999,161,1,26.622538899391316,1.002154827683156,1730.5393106519768,1.0255804406508784,5728.83257616247,64.04127579137926,1205.7718056261936,325.5873096887794
24.628507614135742,245.15225219726562,0.5958483219146729,245.15223693847656,0.3422055244445801,1203.3067626953125,2300.374267578125,0.42578125,0.948120653629303,162,1,26.622538899391316,1.002154827683156,1730.5393106519768,1.0255804406508784,5728.83257616247,64.04127579137926,1205.7718056261936,325.5873096887794
21.30508041381836,216.1725616455078,0.3966984450817108,216.1725616455078,0.300031840801239,902.5238037109375,2062.946533203125,0.42578125,0.9499260783195496,163,1,26.622538899391316,1.002154827683156,1730.5393106519768,1.0255804406508784,5728.83257616247,64.04127579137926,1205.7718056261936,325.5873096887794
26.493148803710938,262.74755859375,0.5854619741439819,262.74755859375,0.25205254554748535,1440.93310546875,2333.57421875,0.43359375,0.9501796960830688,164,1,26.622538899391316,1.002154827683156,1730.5393106519768,1.0255804406508784,5728.83257616247,64.04127579137926,1205.7718056261936,325.5873096887794
22.486324310302734,225.904296875,0.5717604160308838,225.904296875,0.3106212615966797,1150.351318359375,2316.97412109375,0.4375,0.9480652213096619,165,1,26.622538899391316,1.002154827683156,1730.5393106519768,1.0255804406508784,5728.83257616247,64.04127579137926,1205.7718056261936,325.5873096887794
17.333385467529297,175.04498291015625,0.36376309394836426,175.04498291015625,0.13476185500621796,748.2136840820312,1955.1773681640625,0.40625,0.9492800235748291,166,1,26.622538899391316,1.002154827683156,1730.5393106519768,1.0255804406508784,5728.83257616247,64.04127579137926,1205.7718056261936,325.5873096887794
23.78632164001465,238.5852508544922,0.4643283486366272,238.5852508544922,0.21462766826152802,1224.2255859375,2192.596435546875,0.41796875,0.9486339092254639,167,1,26.622538899391316,1.002154827683156,1730.5393106519768,1.0255804406508784,5728.83257616247,64.04127579137926,1205.7718056261936,325.5873096887794
24.094104766845703,244.78135681152344,0.4904171824455261,244.7813720703125,0.09089009463787079,1437.82421875,2321.212158203125,0.375,0.9483282566070557,168,1,26.622538899391316,1.002154827683156,1730.5393106519768,1.0255804406508784,5728.83257616247,64.04127579137926,1205.7718056261936,325.5873096887794
20.53455352783203,206.68890380859375,0.42925459146499634,206.68890380859375,0.14829641580581665,878.1363525390625,2367.01953125,0.37890625,0.9509646892547607,169,1,26.622538899391316,1.002154827683156,1730.5393106519768,1.0255804406508784,5728.83257616247,64.04127579137926,1205.7718056261936,325.5873096887794
31.600984573364258,319.7585754394531,0.7742068767547607,319.7585754394531,0.47741109132766724,1608.63037109375,2279.00927734375,0.44140625,0.9489083886146545,170,1,26.622538899391316,1.002154827683156,1730.5393106519768,1.0255804406508784,5728.83257616247,64.04127579137926,1205.7718056261936,325.5873096887794
26.862388610839844,268.33001708984375,0.47928354144096375,268.3299865722656,0.17693179845809937,1336.2845458984375,2397.6044921875,0.4375,0.94794100522995,171,1,26.622538899391316,1.002154827683156,1730.5393106519768,1.0255804406508784,5728.83257616247,64.04127579137926,1205.7718056261936,325.5873096887794
25.045421600341797,253.39691162109375,0.5644317865371704,253.39691162109375,0.213769793510437,1185.093994140625,2395.504150390625,0.42578125,0.9494373798370361,172,1,26.622538899391316,1.002154827683156,1730.5393106519768,1.0255804406508784,5728.83257616247,64.04127579137926,1205.7718056261936,325.5873096887794
24.073715209960938,244.4130859375,0.5299744606018066,244.4130859375,0.15552017092704773,1200.44970703125,2361.12548828125,0.40625,0.9491575956344604,173,1,26.622538899391316,1.002154827683156,1730.5393106519768,1.0255804406508784,5728.83257616247,64.04127579137926,1205.7718056261936,325.5873096887794
22.749454498291016,232.7393341064453,0.5862894058227539,232.7393341064453,0.04568955674767494,1061.262939453125,2445.40234375,0.3671875,0.9462297558784485,174,1,26.622538899391316,1.002154827683156,1730.5393106519768,1.0255804406508784,5728.83257616247,64.04127579137926,1205.7718056261936,325.5873096887794
26.601268768310547,266.2784118652344,0.551052451133728,266.2784118652344,0.4943394660949707,1313.430419921875,2694.0029296875,0.4453125,0.9499651193618774,175,1,26.622538899391316,1.002154827683156,1730.5393106519768,1.0255804406508784,5728.83257616247,64.04127579137926,1205.7718056261936,325.5873096887794
25.992448806762695,261.1364440917969,0.6260231733322144,261.1364440917969,0.1660969853401184,1384.18603515625,2390.175537109375,0.40234375,0.9477714896202087,176,1,26.622538899391316,1.002154827683156,1730.5393106519768,1.0255804406508784,5728.83257616247,64.04127579137926,1205.7718056261936,325.5873096887794
20.84638023376465,211.521240234375,0.590131402015686,211.521240234375,0.15026050806045532,863.5655517578125,2360.44287109375,0.41015625,0.9496328234672546,177,1,26.622538899391316,1.002154827683156,1730.5393106519768,1.0255804406508784,5728.83257616247,64.04127579137926,1205.7718056261936,325.5873096887794
25.60287857055664,257.33953857421875,0.5484260320663452,257.33953857421875,0.24276413023471832,1319.254150390625,2576.92236328125,0.4375,0.9488555788993835,178,1,26.622538899391316,1.002154827683156,1730.5393106519768,1.0255804406508784,5728.83257616247,64.04127579137926,1205.7718056261936,325.5873096887794
20.90375518798828,212.2232208251953,0.5617077350616455,212.2232208251953,0.06711355596780777,600.206298828125,2704.436279296875,0.37109375,0.9485780000686646,179,1,26.622538899391316,1.002154827683156,1730.5393106519768,1.0255804406508784,5728.83257616247,64.04127579137926,1205.7718056261936,325.5873096887794
18.200252532958984,184.35154724121094,0.3918018937110901,184.35154724121094,0.0996071994304657,613.412353515625,2517.406982421875,0.37109375,0.9491265416145325,180,1,26.622538899391316,1.002154827683156,1730.5393106519768,1.0255804406508784,5728.83257616247,64.04127579137926,1205.7718056261936,325.5873096887794
21.979393005371094,223.0338134765625,0.5469198822975159,223.0338134765625,0.13083916902542114,1055.60546875,2521.8857421875,0.390625,0.9490806460380554,181,1,26.622538899391316,1.002154827683156,1730.5393106519768,1.0255804406508784,5728.83257616247,64.04127579137926,1205.7718056261936,325.5873096887794
16.876195907592773,170.22616577148438,0.34751665592193604,170.22616577148438,0.07827691733837128,406.3817443847656,2350.356689453125,0.359375,0.9498353004455566,182,1,26.622538899391316,1.002154827683156,1730.5393106519768,1.0255804406508784,5728.83257616247,64.04127579137926,1205.7718056261936,325.5873096887794
15.98138427734375,162.1305389404297,0.4345063865184784,162.1305389404297,0.1261632740497589,511.34228515625,2263.730712890625,0.3515625,0.9499471187591553,183,1,26.622538899391316,1.002154827683156,1730.5393106519768,1.0255804406508784,5728.83257616247,64.04127579137926,1205.7718056261936,325.5873096887794
20.17078399658203,206.42300415039062,0.550079345703125,206.42300415039062,0.216275155544281,664.662841796875,2651.843994140625,0.4140625,0.951050877571106,184,1,26.622538899391316,1.002154827683156,1730.5393106519768,1.0255804406508784,5728.83257616247,64.04127579137926,1205.7718056261936,325.5873096887794
22.794376373291016,229.55050659179688,0.46060633659362793,229.55050659179688,0.19047634303569794,1074.112060546875,2243.3818359375,0.41796875,0.9493678212165833,185,1,26.622538899391316,1.002154827683156,1730.5393106519768,1.0255804406508784,5728.83257616247,64.04127579137926,1205.7718056261936,325.5873096887794
29.137836456298828,294.7735595703125,0.5782296657562256,294.7735595703125,0.14514535665512085,1497.720703125,2578.4296875,0.41015625,0.946028470993042,186,1,26.622538899391316,1.002154827683156,1730.5393106519768,1.0255804406508784,5728.83257616247,64.04127579137926,1205.7718056261936,325.5873096887794
26.3057861328125,265.1513671875,0.6817002892494202,265.1513671875,0.18087072670459747,1197.904541015625,2762.919921875,0.38671875,0.951138973236084,187,1,26.622538899391316,1.002154827683156,1730.5393106519768,1.0255804406508784,5728.83257616247,64.04127579137926,1205.7718056261936,325.5873096887794
21.21173858642578,213.63482666015625,0.4274654686450958,213.63482666015625,0.07179248332977295,764.8779296875,2462.72265625,0.36328125,0.9490199685096741,188,1,26.622538899391316,1.002154827683156,1730.5393106519768,1.0255804406508784,5728.83257616247,64.04127579137926,1205.7718056261936,325.5873096887794
26.406475067138672,266.7061767578125,0.7867903709411621,266.7061767578125,0.06926842033863068,1304.407958984375,2776.5859375,0.390625,0.9483411908149719,189,1,26.622538899391316,1.002154827683156,1730.5393106519768,1.0255804406508784,5728.83257616247,64.04127579137926,1205.7718056261936,325.5873096887794
24.274208068847656,248.128173828125,0.4958959221839905,248.128173828125,0.26505541801452637,1242.300048828125,2533.429931640625,0.43359375,0.9477407336235046,190,1,26.622538899391316,1.002154827683156,1730.5393106519768,1.0255804406508784,5728.83257616247,64.04127579137926,1205.7718056261936,325.5873096887794
30.069435119628906,303.8385009765625,0.6506859660148621,303.8385009765625,0.22987514734268188,1517.5809326171875,2686.157958984375,0.40234375,0.9476713538169861,191,1,26.622538899391316,1.002154827683156,1730.5393106519768,1.0255804406508784,5728.83257616247,64.04127579137926,1205.7718056261936,325.5873096887794
22.54524040222168,230.7982177734375,0.4717673659324646,230.7982177734375,0.3030412495136261,921.05419921875,2750.22412109375,0.4296875,0.947935938835144,192,1,26.622538899391316,1.002154827683156,1730.5393106519768,1.0255804406508784,5728.83257616247,64.04127579137926,1205.7718056261936,325.5873096887794
21.40917205810547,216.55172729492188,0.4428365230560303,216.5517120361328,0.1432916224002838,870.2735595703125,2539.08447265625,0.41796875,0.9458661675453186,193,1,26.622538899391316,1.002154827683156,1730.5393106519768,1.0255804406508784,5728.83257616247,64.04127579137926,1205.7718056261936,325.5873096887794
25.825170516967773,263.9277038574219,0.6991457939147949,263.9277038574219,0.07455615699291229,1218.751220703125,2633.182373046875,0.37109375,0.9467210173606873,194,1,26.622538899391316,1.002154827683156,1730.5393106519768,1.0255804406508784,5728.83257616247,64.04127579137926,1205.7718056261936,325.5873096887794
21.78166961669922,220.93809509277344,0.5579937696456909,220.93809509277344,0.05816953629255295,975.3450927734375,2584.8486328125,0.33984375,0.9513207674026489,195,1,26.622538899391316,1.002154827683156,1730.5393106519768,1.0255804406508784,5728.83257616247,64.04127579137926,1205.7718056261936,325.5873096887794
22.727582931518555,228.70458984375,0.4738059937953949,228.70458984375,0.07612787187099457,831.9888305664062,2760.994873046875,0.3515625,0.9499682188034058,196,1,26.622538899391316,1.002154827683156,1730.5393106519768,1.0255804406508784,5728.83257616247,64.04127579137926,1205.7718056261936,325.5873096887794
19.823284149169922,202.16384887695312,0.39461132884025574,202.1638641357422,0.04880259931087494,681.5380859375,2681.87353515625,0.3515625,0.950497031211853,197,1,26.622538899391316,1.002154827683156,1730.5393106519768,1.0255804406508784,5728.83257616247,64.04127579137926,1205.7718056261936,325.5873096887794
19.641937255859375,197.92344665527344,0.33073103427886963,197.9234619140625,0.05086713284254074,609.92333984375,2207.2138671875,0.36328125,0.950691819190979,198,1,26.622538899391316,1.002154827683156,1730.5393106519768,1.0255804406508784,5728.83257616247,64.04127579137926,1205.7718056261936,325.5873096887794
24.23822021484375,244.25872802734375,0.4285176694393158,244.25872802734375,0.033275071531534195,1161.006103515625,2562.430908203125,0.33984375,0.9484509229660034,199,1,26.622538899391316,1.002154827683156,1730.5393106519768,1.0255804406508784,5728.83257616247,64.04127579137926,1205.7718056261936,325.5873096887794
19.704681396484375,202.72869873046875,0.45603275299072266,202.72869873046875,0.06831397116184235,704.09716796875,2777.255859375,0.359375,0.9471784234046936,200,1,26.622538899391316,1.002154827683156,1730.5393106519768,1.0255804406508784,5728.83257616247,64.04127579137926,1205.7718056261936,325.5873096887794
27.71001434326172,281.796142578125,0.4577469527721405,281.796142578125,0.23740237951278687,1354.0074462890625,2412.119873046875,0.41015625,0.9471351504325867,201,1,26.622538899391316,1.002154827683156,1730.5393106519768,1.0255804406508784,5728.83257616247,64.04127579137926,1205.7718056261936,325.5873096887794
20.178264617919922,206.050048828125,0.47750866413116455,206.050048828125,0.05191583186388016,822.671142578125,2374.9501953125,0.33984375,0.9512817859649658,202,1,26.622538899391316,1.002154827683156,1730.5393106519768,1.0255804406508784,5728.83257616247,64.04127579137926,1205.7718056261936,325.5873096887794
30.979549407958984,313.27734375,0.5423214435577393,313.27734375,0.17604367434978485,1663.3662109375,2675.613525390625,0.3984375,0.9498817920684814,203,1,26.622538899391316,1.002154827683156,1730.5393106519768,1.0255804406508784,5728.83257616247,64.04127579137926,1205.7718056261936,325.5873096887794
31.386024475097656,319.9864501953125,0.8028581142425537,319.9864501953125,0.2861812114715576,1722.702392578125,2602.022216796875,0.43359375,0.9482296705245972,204,1,26.622538899391316,1.002154827683156,1730.5393106519768,1.0255804406508784,5728.83257616247,64.04127579137926,1205.7718056261936,325.5873096887794
30.59115219116211,310.22552490234375,0.8520386219024658,310.22552490234375,0.26000964641571045,1664.463623046875,2778.077880859375,0.41796875,0.9509220719337463,205,1,26.622538899391316,1.002154827683156,1730.5393106519768,1.0255804406508784,5728.83257616247,64.04127579137926,1205.7718056261936,325.5873096887794
18.704519271850586,188.95079040527344,0.4373091459274292,188.9508056640625,0.1053423285484314,619.3270874023438,2390.915771484375,0.390625,0.9488444328308105,206,1,26.622538899391316,1.002154827683156,1730.5393106519768,1.0255804406508784,5728.83257616247,64.04127579137926,1205.7718056261936,325.5873096887794
25.078712463378906,255.28952026367188,0.4860495328903198,255.2895050048828,0.08610264211893082,1238.15576171875,2561.437744140625,0.359375,0.9487786293029785,207,1,26.622538899391316,1.002154827683156,1730.5393106519768,1.0255804406508784,5728.83257616247,64.04127579137926,1205.7718056261936,325.5873096887794
27.361732482910156,279.3588562011719,0.6548410654067993,279.3588562011719,0.32624000310897827,1402.612548828125,2645.857666015625,0.44140625,0.9505024552345276,208,1,26.622538899391316,1.002154827683156,1730.5393106519768,1.0255804406508784,5728.83257616247,64.04127579137926,1205.7718056261936,325.5873096887794
20.539722442626953,207.88330078125,0.4365566074848175,207.88330078125,0.048338763415813446,824.32568359375,2541.759033203125,0.34375,0.9508705735206604,209,1,26.622538899391316,1.002154827683156,1730.5393106519768,1.0255804406508784,5728.83257616247,64.04127579137926,1205.7718056261936,325.5873096887794
23.331192016601562,237.6162109375,0.39154648780822754,237.6162109375,0.028832437470555305,1331.038330078125,2286.377685546875,0.34765625,0.9515887498855591,210,1,26.622538899391316,1.002154827683156,1730.5393106519768,1.0255804406508784,5728.83257616247,64.04127579137926,1205.7718056261936,325.5873096887794
16.951618194580078,171.39083862304688,0.3391690254211426,171.39083862304688,0.02127161994576454,430.1354064941406,2414.232666015625,0.296875,0.9467821717262268,211,1,26.622538899391316,1.002154827683156,1730.5393106519768,1.0255804406508784,5728.83257616247,64.04127579137926,1205.7718056261936,325.5873096887794
20.546199798583984,210.89108276367188,0.4938923120498657,210.89108276367188,0.06979944556951523,724.9794921875,2412.374267578125,0.32421875,0.9500763416290283,212,1,26.622538899391316,1.002154827683156,1730.5393106519768,1.0255804406508784,5728.83257616247,64.04127579137926,1205.7718056261936,325.5873096887794
24.564823150634766,251.68728637695312,0.5087934732437134,251.68728637695312,0.06672213226556778,1072.3106689453125,2632.382568359375,0.36328125,0.9524017572402954,213,1,26.622538899391316,1.002154827683156,1730.5393106519768,1.0255804406508784,5728.83257616247,64.04127579137926,1205.7718056261936,325.5873096887794
20.652671813964844,214.75900268554688,0.5080111026763916,214.75900268554688,0.18668435513973236,891.6494140625,2409.241943359375,0.40625,0.9479065537452698,214,1,26.622538899391316,1.002154827683156,1730.5393106519768,1.0255804406508784,5728.83257616247,64.04127579137926,1205.7718056261936,325.5873096887794
21.750080108642578,220.19015502929688,0.4752788245677948,220.1901397705078,0.041769009083509445,953.8514404296875,2515.753173828125,0.3125,0.9470012784004211,215,1,26.622538899391316,1.002154827683156,1730.5393106519768,1.0255804406508784,5728.83257616247,64.04127579137926,1205.7718056261936,325.5873096887794
31.690818786621094,327.48773193359375,0.8151803612709045,327.48773193359375,0.06295712292194366,1823.928955078125,2692.16259765625,0.37890625,0.9499911069869995,216,1,26.622538899391316,1.002154827683156,1730.5393106519768,1.0255804406508784,5728.83257616247,64.04127579137926,1205.7718056261936,325.5873096887794
21.146114349365234,215.35231018066406,0.3345571458339691,215.35231018066406,0.07248042523860931,754.2672119140625,2380.06494140625,0.37109375,0.9486759305000305,217,1,26.622538899391316,1.002154827683156,1730.5393106519768,1.0255804406508784,5728.83257616247,64.04127579137926,1205.7718056261936,325.5873096887794
21.078289031982422,214.89657592773438,0.4574214220046997,214.89657592773438,0.019356945529580116,701.4706420898438,2615.076416015625,0.3515625,0.9500018954277039,218,1,26.622538899391316,1.002154827683156,1730.5393106519768,1.0255804406508784,5728.83257616247,64.04127579137926,1205.7718056261936,325.5873096887794
26.49627685546875,269.1053771972656,0.6176835298538208,269.1053771972656,0.049787767231464386,1466.2081298828125,2671.916748046875,0.35546875,0.9498953223228455,219,1,26.622538899391316,1.002154827683156,1730.5393106519768,1.0255804406508784,5728.83257616247,64.04127579137926,1205.7718056261936,325.5873096887794
26.33786392211914,271.1504821777344,0.6747363805770874,271.1504821777344,0.17487703263759613,1466.56494140625,2546.90966796875,0.390625,0.9486587643623352,220,1,26.622538899391316,1.002154827683156,1730.5393106519768,1.0255804406508784,5728.83257616247,64.04127579137926,1205.7718056261936,325.5873096887794
25.891155242919922,267.52978515625,0.7036566734313965,267.52978515625,0.10926849395036697,1082.97607421875,2818.39697265625,0.37109375,0.9483465552330017,221,1,26.622538899391316,1.002154827683156,1730.5393106519768,1.0255804406508784,5728.83257616247,64.04127579137926,1205.7718056261936,325.5873096887794
24.822925567626953,252.7044677734375,0.5638664960861206,252.70448303222656,0.1319195032119751,990.9774780273438,2986.71484375,0.3671875,0.9510899782180786,222,1,26.622538899391316,1.002154827683156,1730.5393106519768,1.0255804406508784,5728.83257616247,64.04127579137926,1205.7718056261936,325.5873096887794
27.123855590820312,276.907470703125,0.7761728763580322,276.907470703125,0.015295788645744324,1731.3349609375,2619.47119140625,0.34375,0.9498512744903564,223,1,26.622538899391316,1.002154827683156,1730.5393106519768,1.0255804406508784,5728.83257616247,64.04127579137926,1205.7718056261936,325.5873096887794
23.991741180419922,241.9351043701172,0.5195026397705078,241.9351043701172,0.12361517548561096,972.2210693359375,2750.16259765625,0.3828125,0.9505089521408081,224,1,26.622538899391316,1.002154827683156,1730.5393106519768,1.0255804406508784,5728.83257616247,64.04127579137926,1205.7718056261936,325.5873096887794
17.04742431640625,172.18048095703125,0.32700926065444946,172.18048095703125,0.015827547758817673,426.1322021484375,2394.314697265625,0.296875,0.9513614177703857,225,1,26.622538899391316,1.002154827683156,1730.5393106519768,1.0255804406508784,5728.83257616247,64.04127579137926,1205.7718056261936,325.5873096887794
28.444438934326172,292.7222900390625,0.7358740568161011,292.7222900390625,0.04507043957710266,1647.72802734375,2640.221435546875,0.34765625,0.9475661516189575,226,1,26.622538899391316,1.002154827683156,1730.5393106519768,1.0255804406508784,5728.83257616247,64.04127579137926,1205.7718056261936,325.5873096887794
26.70840072631836,274.4441833496094,0.5515681505203247,274.4441833496094,0.03831205889582634,1320.67041015625,2529.814208984375,0.36328125,0.9518032073974609,227,1,26.622538899391316,1.002154827683156,1730.5393106519768,1.0255804406508784,5728.83257616247,64.04127579137926,1205.7718056261936,325.5873096887794
30.15909194946289,308.59002685546875,0.6500105261802673,308.59002685546875,0.13194604218006134,1496.58056640625,2829.819091796875,0.4140625,0.9489330649375916,228,1,26.622538899391316,1.002154827683156,1730.5393106519768,1.0255804406508784,5728.83257616247,64.04127579137926,1205.7718056261936,325.5873096887794
23.239532470703125,243.61936950683594,0.5555055141448975,243.61936950683594,0.09191841632127762,1037.9290771484375,2586.024169921875,0.359375,0.9494983553886414,229,1,26.622538899391316,1.002154827683156,1730.5393106519768,1.0255804406508784,5728.83257616247,64.04127579137926,1205.7718056261936,325.5873096887794
23.97311019897461,248.65402221679688,0.7237749695777893,248.65402221679688,0.07732413709163666,1206.161865234375,3009.462890625,0.36328125,0.9530673027038574,230,1,26.622538899391316,1.002154827683156,1730.5393106519768,1.0255804406508784,5728.83257616247,64.04127579137926,1205.7718056261936,325.5873096887794
28.00840950012207,283.33428955078125,0.5076404213905334,283.33428955078125,0.07388328015804291,1503.259521484375,2583.8671875,0.375,0.9482528567314148,231,1,26.622538899391316,1.002154827683156,1730.5393106519768,1.0255804406508784,5728.83257616247,64.04127579137926,1205.7718056261936,325.5873096887794
24.214704513549805,250.1039276123047,0.6607228517532349,250.1039276123047,0.038137927651405334,1289.14111328125,2792.35693359375,0.328125,0.9506725072860718,232,1,26.622538899391316,1.002154827683156,1730.5393106519768,1.0255804406508784,5728.83257616247,64.04127579137926,1205.7718056261936,325.5873096887794
24.19044303894043,246.87887573242188,0.5220679640769958,246.87887573242188,0.14222806692123413,1033.8076171875,2660.55419921875,0.40625,0.9511285424232483,233,1,26.622538899391316,1.002154827683156,1730.5393106519768,1.0255804406508784,5728.83257616247,64.04127579137926,1205.7718056261936,325.5873096887794
19.51689910888672,202.2808837890625,0.4396430253982544,202.2808837890625,0.12033100426197052,490.1031494140625,2702.48779296875,0.35546875,0.9493854641914368,234,1,26.622538899391316,1.002154827683156,1730.5393106519768,1.0255804406508784,5728.83257616247,64.04127579137926,1205.7718056261936,325.5873096887794
14.587230682373047,29.153823852539062,0.6149780750274658,29.153823852539062,0.0028820077423006296,132.23704528808594,331.05902099609375,0.234375,0.9526633620262146,235,2,26.953832444908013,3.542759847260172,2820.4691678804725,3.1295394695344303,66312.82965607461,278.3171128583202,25923.839309962692,514.0075218535679
15.632058143615723,32.023109436035156,0.5814026594161987,32.023109436035156,0.004084252752363682,152.91653442382812,348.685791015625,0.27734375,0.9458341598510742,236,2,26.953832444908013,3.542759847260172,2820.4691678804725,3.1295394695344303,66312.82965607461,278.3171128583202,25923.839309962692,514.0075218535679
15.940677642822266,32.34630584716797,0.66739821434021,32.34630584716797,0.022987477481365204,125.98854064941406,336.1690979003906,0.328125,0.9481510519981384,237,2,26.953832444908013,3.542759847260172,2820.4691678804725,3.1295394695344303,66312.82965607461,278.3171128583202,25923.839309962692,514.0075218535679
14.933073043823242,30.664308547973633,0.6467139720916748,30.664308547973633,0.006950345356017351,150.34854125976562,326.81646728515625,0.2890625,0.9516386985778809,238,2,26.953832444908013,3.542759847260172,2820.4691678804725,3.1295394695344303,66312.82965607461,278.3171128583202,25923.839309962692,514.0075218535679
11.75367546081543,24.185039520263672,0.43603187799453735,24.185039520263672,0.0025962009094655514,29.7308349609375,343.70684814453125,0.1875,0.9481805562973022,239,2,26.953832444908013,3.542759847260172,2820.4691678804725,3.1295394695344303,66312.82965607461,278.3171128583202,25923.839309962692,514.0075218535679
15.580389976501465,31.82259750366211,0.5693666934967041,31.82259750366211,0.0046607861295342445,174.15921020507812,340.7314453125,0.24609375,0.9474837779998779,240,2,26.953832444908013,3.542759847260172,2820.4691678804725,3.1295394695344303,66312.82965607461,278.3171128583202,25923.839309962692,514.0075218535679
15.825606346130371,32.97443389892578,0.3699497878551483,32.97443389892578,0.007988160476088524,180.5685272216797,315.9388122558594,0.2734375,0.9481084942817688,241,2,26.953832444908013,3.542759847260172,2820.4691678804725,3.1295394695344303,66312.82965607461,278.3171128583202,25923.839309962692,514.0075218535679
12.574021339416504,26.01754379272461,0.467469185590744,26.01754379272461,0.00690792640671134,64.33281707763672,311.17755126953125,0.24609375,0.9480206966400146,242,2,26.953832444908013,3.542759847260172,2820.4691678804725,3.1295394695344303,66312.82965607461,278.3171128583202,25923.839309962692,514.0075218535679
15.352380752563477,32.34307861328125,0.7061322331428528,32.343082427978516,0.00600084662437439,131.36489868164062,330.79608154296875,0.25390625,0.9534921646118164,243,2,26.953832444908013,3.542759847260172,2820.4691678804725,3.1295394695344303,66312.82965607461,278.3171128583202,25923.839309962692,514.0075218535679
16.10272979736328,33.54251480102539,0.5165460109710693,33.54251480102539,0.006171450950205326,175.11703491210938,333.9535217285156,0.265625,0.9495767951011658,244,2,26.953832444908013,3.542759847260172,2820.4691678804725,3.1295394695344303,66312.82965607461,278.3171128583202,25923.839309962692,514.0075218535679
16.529396057128906,35.13414764404297,0.6161394715309143,35.13414764404297,0.006625549867749214,173.37429809570312,346.3082580566406,0.26171875,0.9489262700080872,245,2,26.953832444908013,3.542759847260172,2820.4691678804725,3.1295394695344303,66312.82965607461,278.3171128583202,25923.839309962692,514.0075218535679
13.796921730041504,28.411182403564453,0.4729110598564148,28.411182403564453,0.007294733077287674,81.25116729736328,324.0395812988281,0.2578125,0.9477947354316711,246,2,26.953832444908013,3.542759847260172,2820.4691678804725,3.1295394695344303,66312.82965607461,278.3171128583202,25923.839309962692,514.0075218535679
15.904085159301758,33.016212463378906,0.6682512164115906,33.016212463378906,0.009455538354814053,188.62564086914062,345.71697998046875,0.2421875,0.9494011998176575,247,2,26.953832444908013,3.542759847260172,2820.4691678804725,3.1295394695344303,66312.82965607461,278.3171128583202,25923.839309962692,514.0075218535679
14.593589782714844,30.079708099365234,0.46213316917419434,30.079708099365234,0.0021391434129327536,109.06295013427734,358.1145324707031,0.24609375,0.9464637637138367,248,2,26.953832444908013,3.542759847260172,2820.4691678804725,3.1295394695344303,66312.82965607461,278.3171128583202,25923.839309962692,514.0075218535679
12.149175643920898,25.72128677368164,0.6142653226852417,25.72128677368164,0.007333008572459221,63.41209411621094,335.43939208984375,0.25,0.9497992396354675,249,2,26.953832444908013,3.542759847260172,2820.4691678804725,3.1295394695344303,66312.82965607461,278.3171128583202,25923.839309962692,514.0075218535679
14.450752258300781,30.307064056396484,0.48614761233329773,30.307064056396484,0.003338304813951254,155.715087890625,333.3893737792969,0.25390625,0.9468075037002563,250,2,26.953832444908013,3.542759847260172,2820.4691678804725,3.1295394695344303,66312.82965607461,278.3171128583202,25923.839309962692,514.0075218535679
14.789633750915527,31.273378372192383,0.7698904275894165,31.273378372192383,0.005923515185713768,105.37305450439453,370.94561767578125,0.25,0.9494372606277466,251,2,26.953832444908013,3.542759847260172,2820.4691678804725,3.1295394695344303,66312.82965607461,278.3171128583202,25923.839309962692,514.0075218535679
15.3360013961792,33.47145080566406,0.6209502220153809,33.47145080566406,0.005367625970393419,136.66448974609375,342.4736328125,0.29296875,0.9499289989471436,252,2,26.953832444908013,3.542759847260172,2820.4691678804725,3.1295394695344303,66312.82965607461,278.3171128583202,25923.839309962692,514.0075218535679
19.19710350036621,41.12364959716797,0.8867548108100891,41.12364959716797,0.00460270419716835,228.5366973876953,366.72418212890625,0.25390625,0.9467320442199707,253,2,26.953832444908013,3.542759847260172,2820.4691678804725,3.1295394695344303,66312.82965607461,278.3171128583202,25923.839309962692,514.0075218535679
13.966330528259277,30.414955139160156,0.5987632870674133,30.414955139160156,0.0016920879716053605,122.39385223388672,347.4954833984375,0.25,0.9489941000938416,254,2,26.953832444908013,3.542759847260172,2820.4691678804725,3.1295394695344303,66312.82965607461,278.3171128583202,25923.839309962692,514.0075218535679
17.202281951904297,37.519264221191406,0.5681794881820679,37.519264221191406,0.007252698764204979,221.65969848632812,366.48406982421875,0.2578125,0.9465991854667664,255,2,26.953832444908013,3.542759847260172,2820.4691678804725,3.1295394695344303,66312.82965607461,278.3171128583202,25923.839309962692,514.0075218535679
15.377911567687988,33.9023323059082,0.44535988569259644,33.9023323059082,0.004968788009136915,171.28179931640625,349.8624572753906,0.234375,0.9474573731422424,256,2,26.953832444908013,3.542759847260172,2820.4691678804725,3.1295394695344303,66312.82965607461,278.3171128583202,25923.839309962692,514.0075218535679
13.922040939331055,30.120254516601562,0.5194098949432373,30.120256423950195,0.002802859991788864,124.19540405273438,363.27435302734375,0.2421875,0.9494407773017883,257,2,26.953832444908013,3.542759847260172,2820.4691678804725,3.1295394695344303,66312.82965607461,278.3171128583202,25923.839309962692,514.0075218535679
12.544074058532715,27.231800079345703,0.41476231813430786,27.231800079345703,0.004137098323553801,60.54219055175781,347.2005310058594,0.23828125,0.9479584693908691,258,2,26.953832444908013,3.542759847260172,2820.4691678804725,3.1295394695344303,66312.82965607461,278.3171128583202,25923.839309962692,514.0075218535679
11.015847206115723,24.623064041137695,0.43909192085266113,24.623062133789062,0.001197694567963481,27.742782592773438,354.0321960449219,0.203125,0.9474397301673889,259,2,26.953832444908013,3.542759847260172,2820.4691678804725,3.1295394695344303,66312.82965607461,278.3171128583202,25923.839309962692,514.0075218535679
9.770820617675781,21.535263061523438,0.2414626032114029,21.535263061523438,0.0015447719488292933,28.42399024963379,341.01568603515625,0.203125,0.9500532150268555,260,2,26.953832444908013,3.542759847260172,2820.4691678804725,3.1295394695344303,66312.82965607461,278.3171128583202,25923.839309962692,514.0075218535679
13.372722625732422,29.630605697631836,0.5897496342658997,29.630605697631836,0.002030419185757637,80.68619537353516,392.193603515625,0.21484375,0.950271725654602,261,2,26.953832444908013,3.542759847260172,2820.4691678804725,3.1295394695344303,66312.82965607461,278.3171128583202,25923.839309962692,514.0075218535679
12.51288890838623,27.502084732055664,0.5126505494117737,27.502084732055664,0.0017494544154033065,63.09756088256836,348.80712890625,0.23046875,0.9498898983001709,262,2,26.953832444908013,3.542759847260172,2820.4691678804725,3.1295394695344303,66312.82965607461,278.3171128583202,25923.839309962692,514.0075218535679
15.80762767791748,35.57377624511719,0.7677556276321411,35.57377624511719,0.00392603175714612,178.73648071289062,362.4784240722656,0.234375,0.9477034211158752,263,2,26.953832444908013,3.542759847260172,2820.4691678804725,3.1295394695344303,66312.82965607461,278.3171128583202,25923.839309962692,514.0075218535679
13.204122543334961,29.945148468017578,0.4351644814014435,29.945148468017578,0.005539794452488422,99.37123107910156,348.3193359375,0.234375,0.9477463364601135,264,2,26.953832444908013,3.542759847260172,2820.4691678804725,3.1295394695344303,66312.82965607461,278.3171128583202,25923.839309962692,514.0075218535679
11.623719215393066,25.93720817565918,0.5858368277549744,25.93720817565918,0.0026459302753210068,45.546630859375,377.0484313964844,0.2109375,0.9488661885261536,265,2,26.953832444908013,3.542759847260172,2820.4691678804725,3.1295394695344303,66312.82965607461,278.3171128583202,25923.839309962692,514.0075218535679
14.008155822753906,31.900014877319336,0.3760759234428406,31.900012969970703,0.0022363667376339436,98.88507080078125,392.5879821777344,0.26171875,0.9482290744781494,266,2,26.953832444908013,3.542759847260172,2820.4691678804725,3.1295394695344303,66312.82965607461,278.3171128583202,25923.839309962692,514.0075218535679
10.966557502746582,25.23224639892578,0.40202027559280396,25.23224639892578,0.002386530162766576,41.017486572265625,366.5042419433594,0.203125,0.9486880898475647,267,2,26.953832444908013,3.542759847260172,2820.4691678804725,3.1295394695344303,66312.82965607461,278.3171128583202,25923.839309962692,514.0075218535679
15.281744956970215,34.59593200683594,0.6846108436584473,34.59593200683594,0.0025297426618635654,141.7882080078125,386.6094970703125,0.21875,0.949082612991333,268,2,26.953832444908013,3.542759847260172,2820.4691678804725,3.1295394695344303,66312.82965607461,278.3171128583202,25923.839309962692,514.0075218535679
11.682207107543945,26.47822380065918,0.2764071226119995,26.47822380065918,0.001789409900084138,60.60503005981445,375.8822326660156,0.20703125,0.9478476047515869,269,2,26.953832444908013,3.542759847260172,2820.4691678804725,3.1295394695344303,66312.82965607461,278.3171128583202,25923.839309962692,514.0075218535679
13.167503356933594,30.01233673095703,0.4367753565311432,30.0123348236084,0.0019022489432245493,120.57148742675781,375.6163635253906,0.22265625,0.9465399384498596,270,2,26.953832444908013,3.542759847260172,2820.4691678804725,3.1295394695344303,66312.82965607461,278.3171128583202,25923.839309962692,514.0075218535679
15.538928985595703,34.67658233642578,0.5126031041145325,34.67658233642578,0.004928252659738064,116.59909057617188,382.3182678222656,0.25390625,0.9483333230018616,271,2,26.953832444908013,3.542759847260172,2820.4691678804725,3.1295394695344303,66312.82965607461,278.3171128583202,25923.839309962692,514.0075218535679
14.513572692871094,33.160484313964844,0.5568525791168213,33.160484313964844,0.004613616969436407,124.23533630371094,381.99603271484375,0.25390625,0.9491716027259827,272,2,26.953832444908013,3.542759847260172,2820.4691678804725,3.1295394695344303,66312.82965607461,278.3171128583202,25923.839309962692,514.0075218535679
23.03437042236328,51.69746017456055,0.8471889495849609,51.69746017456055,0.02150476723909378,272.1614990234375,421.879638671875,0.34375,0.94874507188797,273,2,26.953832444908013,3.542759847260172,2820.4691678804725,3.1295394695344303,66312.82965607461,278.3171128583202,25923.839309962692,514.0075218535679
17.435882568359375,39.058197021484375,0.5130077600479126,39.058197021484375,0.0021674134768545628,204.38015747070312,386.1999206542969,0.2734375,0.949052631855011,274,2,26.953832444908013,3.542759847260172,2820.4691678804725,3.1295394695344303,66312.82965607461,278.3171128583202,25923.839309962692,514.0075218535679
17.757678985595703,40.06194305419922,0.8758641481399536,40.06194305419922,0.006281276233494282,175.36746215820312,403.6539611816406,0.28125,0.9497392773628235,275,2,26.953832444908013,3.542759847260172,2820.4691678804725,3.1295394695344303,66312.82965607461,278.3171128583202,25923.839309962692,514.0075218535679
13.049286842346191,29.750732421875,0.32728299498558044,29.750732421875,0.0027587986551225185,79.02664184570312,373.51678466796875,0.2265625,0.9499472975730896,276,2,26.953832444908013,3.542759847260172,2820.4691678804725,3.1295394695344303,66312.82965607461,278.3171128583202,25923.839309962692,514.0075218535679
12.598706245422363,28.498064041137695,0.3597469925880432,28.498064041137695,0.0022204359993338585,107.09478759765625,367.4922180175781,0.1953125,0.9473296403884888,277,2,26.953832444908013,3.542759847260172,2820.4691678804725,3.1295394695344303,66312.82965607461,278.3171128583202,25923.839309962692,514.0075218535679
21.442543029785156,47.678924560546875,0.8526691198348999,47.678924560546875,0.0052099754102528095,264.41107177734375,400.7563171386719,0.26953125,0.9481720328330994,278,2,26.953832444908013,3.542759847260172,2820.4691678804725,3.1295394695344303,66312.82965607461,278.3171128583202,25923.839309962692,514.0075218535679
9.3583345413208,21.335681915283203,0.2859736680984497,21.335681915283203,0.0007550774607807398,29.340682983398438,360.20147705078125,0.203125,0.9499003887176514,279,2,26.953832444908013,3.542759847260172,2820.4691678804725,3.1295394695344303,66312.82965607461,278.3171128583202,25923.839309962692,514.0075218535679
14.198478698730469,31.04765510559082,0.5381726622581482,31.04765510559082,0.0016300973948091269,50.15489196777344,420.5634460449219,0.2265625,0.9496660232543945,280,2,26.953832444908013,3.542759847260172,2820.4691678804725,3.1295394695344303,66312.82965607461,278.3171128583202,25923.839309962692,514.0075218535679
16.093236923217773,35.807395935058594,0.5268749594688416,35.807395935058594,0.003949258476495743,160.83265686035156,390.6949462890625,0.234375,0.9468078017234802,281,2,26.953832444908013,3.542759847260172,2820.4691678804725,3.1295394695344303,66312.82965607461,278.3171128583202,25923.839309962692,514.0075218535679
11.624256134033203,26.677406311035156,0.35692861676216125,26.677406311035156,0.006591142620891333,85.42054748535156,333.612548828125,0.25390625,0.9488261938095093,282,2,26.953832444908013,3.542759847260172,2820.4691678804725,3.1295394695344303,66312.82965607461,278.3171128583202,25923.839309962692,514.0075218535679
16.825355529785156,37.5921630859375,0.8230910897254944,37.5921630859375,0.00358540378510952,159.07363891601562,387.82806396484375,0.25390625,0.9482012391090393,283,2,26.953832444908013,3.542759847260172,2820.4691678804725,3.1295394695344303,66312.82965607461,278.3171128583202,25923.839309962692,514.0075218535679
15.26662826538086,34.628055572509766,0.5980985164642334,34.628055572509766,0.002689998596906662,127.74981689453125,410.1517639160156,0.24609375,0.9482235312461853,284,2,26.953832444908013,3.542759847260172,2820.4691678804725,3.1295394695344303,66312.82965607461,278.3171128583202,25923.839309962692,514.0075218535679
13.64205265045166,31.66584014892578,0.45897701382637024,31.66584014892578,0.0034527352545410395,135.36428833007812,354.29730224609375,0.234375,0.9501796364784241,285,2,26.953832444908013,3.542759847260172,2820.4691678804725,3.1295394695344303,66312.82965607461,278.3171128583202,25923.839309962692,514.0075218535679
11.867486953735352,27.21796417236328,0.42458319664001465,27.21796226501465,0.0038618778344243765,59.21352005004883,348.2091064453125,0.21484375,0.9513611197471619,286,2,26.953832444908013,3.542759847260172,2820.4691678804725,3.1295394695344303,66312.82965607461,278.3171128583202,25923.839309962692,514.0075218535679
15.538768768310547,35.58696746826172,0.4764224886894226,35.58696746826172,0.005973865278065205,135.5465087890625,418.56097412109375,0.25390625,0.9486302137374878,287,2,26.953832444908013,3.542759847260172,2820.4691678804725,3.1295394695344303,66312.82965607461,278.3171128583202,25923.839309962692,514.0075218535679
13.913365364074707,32.36272430419922,0.5606237649917603,32.36272430419922,0.00454444345086813,138.062255859375,424.07684326171875,0.234375,0.9464060664176941,288,2,26.953832444908013,3.542759847260172,2820.4691678804725,3.1295394695344303,66312.82965607461,278.3171128583202,25923.839309962692,514.0075218535679
19.62207794189453,45.59164810180664,0.48087409138679504,45.59164810180664,0.003881345270201564,284.9161376953125,392.0514221191406,0.26171875,0.9497731328010559,289,2,26.953832444908013,3.542759847260172,2820.4691678804725,3.1295394695344303,66312.82965607461,278.3171128583202,25923.839309962692,514.0075218535679
16.11724090576172,37.383941650390625,0.5192736387252808,37.383941650390625,0.00600171834230423,212.38247680664062,391.1768798828125,0.2578125,0.9502990245819092,290,2,26.953832444908013,3.542759847260172,2820.4691678804725,3.1295394695344303,66312.82965607461,278.3171128583202,25923.839309962692,514.0075218535679
17.39404296875,40.32095718383789,0.5323150753974915,40.32095718383789,0.004394242540001869,176.8309326171875,412.8293151855469,0.23046875,0.9506057500839233,291,2,26.953832444908013,3.542759847260172,2820.4691678804725,3.1295394695344303,66312.82965607461,278.3171128583202,25923.839309962692,514.0075218535679
17.772947311401367,40.890724182128906,0.5751310586929321,40.890724182128906,0.015667971223592758,227.2480010986328,402.8701171875,0.3125,0.9487596750259399,292,2,26.953832444908013,3.542759847260172,2820.4691678804725,3.1295394695344303,66312.82965607461,278.3171128583202,25923.839309962692,514.0075218535679
12.725958824157715,29.62519645690918,0.30177077651023865,29.625198364257812,0.005863627418875694,62.79190444946289,390.95965576171875,0.23828125,0.9483507871627808,293,2,26.953832444908013,3.542759847260172,2820.4691678804725,3.1295394695344303,66312.82965607461,278.3171128583202,25923.839309962692,514.0075218535679
10.786720275878906,25.215421676635742,0.3524988293647766,25.215421676635742,0.002244243398308754,23.108383178710938,416.72137451171875,0.2109375,0.9512761235237122,294,2,26.953832444908013,3.542759847260172,2820.4691678804725,3.1295394695344303,66312.82965607461,278.3171128583202,25923.839309962692,514.0075218535679
17.94741439819336,42.045204162597656,0.5795300602912903,42.045204162597656,0.00533031253144145,204.1124725341797,443.4219055175781,0.2578125,0.9508064985275269,295,2,26.953832444908013,3.542759847260172,2820.4691678804725,3.1295394695344303,66312.82965607461,278.3171128583202,25923.839309962692,514.0075218535679
17.299409866333008,40.50933837890625,0.6993421316146851,40.50933837890625,0.014672775752842426,206.0565185546875,424.012939453125,0.2734375,0.9468357563018799,296,2,26.953832444908013,3.542759847260172,2820.4691678804725,3.1295394695344303,66312.82965607461,278.3171128583202,25923.839309962692,514.0075218535679
16.829421997070312,39.51092529296875,0.5134680271148682,39.51092529296875,0.002035944489762187,221.8796844482422,407.4533386230469,0.26953125,0.948021650314331,297,2,26.953832444908013,3.542759847260172,2820.4691678804725,3.1295394695344303,66312.82965607461,278.3171128583202,25923.839309962692,514.0075218535679
16.66474723815918,39.700782775878906,0.47396156191825867,39.700782775878906,0.0031049971003085375,181.01654052734375,442.6866149902344,0.25390625,0.950205385684967,298,2,26.953832444908013,3.542759847260172,2820.4691678804725,3.1295394695344303,66312.82965607461,278.3171128583202,25923.839309962692,514.0075218535679
11.416793823242188,28.028575897216797,0.30253058671951294,28.028575897216797,0.00304733170196414,67.90591430664062,394.69793701171875,0.23828125,0.9502266645431519,299,2,26.953832444908013,3.542759847260172,2820.4691678804725,3.1295394695344303,66312.82965607461,278.3171128583202,25923.839309962692,514.0075218535679
14.511734962463379,35.280357360839844,0.42221295833587646,35.280357360839844,0.0027113137766718864,133.72361755371094,395.253662109375,0.265625,0.9488598704338074,300,2,26.953832444908013,3.542759847260172,2820.4691678804725,3.1295394695344303,66312.82965607461,278.3171128583202,25923.839309962692,514.0075218535679
16.94340705871582,39.43641662597656,0.6261940002441406,39.43641662597656,0.008137643337249756,118.24010467529297,426.8115539550781,0.28125,0.9482340216636658,301,2,26.953832444908013,3.542759847260172,2820.4691678804725,3.1295394695344303,66312.82965607461,278.3171128583202,25923.839309962692,514.0075218535679
9.028915405273438,21.454578399658203,0.24501509964466095,21.454578399658203,0.00257670134305954,13.813796997070312,401.9793701171875,0.2265625,0.9480831623077393,302,2,26.953832444908013,3.542759847260172,2820.4691678804725,3.1295394695344303,66312.82965607461,278.3171128583202,25923.839309962692,514.0075218535679
12.9059476852417,31.371225357055664,0.41106313467025757,31.371225357055664,0.002188106533139944,82.72825622558594,423.781005859375,0.1953125,0.950524091720581,303,2,26.953832444908013,3.542759847260172,2820.4691678804725,3.1295394695344303,66312.82965607461,278.3171128583202,25923.839309962692,514.0075218535679
14.337806701660156,34.34614181518555,0.41677936911582947,34.34614181518555,0.001966685988008976,94.07416534423828,431.05889892578125,0.23046875,0.9476869106292725,304,2,26.953832444908013,3.542759847260172,2820.4691678804725,3.1295394695344303,66312.82965607461,278.3171128583202,25923.839309962692,514.0075218535679
20.98526382446289,49.64056396484375,0.847802996635437,49.64056396484375,0.005282622762024403,268.73101806640625,464.3679504394531,0.22265625,0.9495605826377869,305,2,26.953832444908013,3.542759847260172,2820.4691678804725,3.1295394695344303,66312.82965607461,278.3171128583202,25923.839309962692,514.0075218535679
13.617378234863281,32.923187255859375,0.5083998441696167,32.92319107055664,0.002793423132970929,101.93165588378906,415.9217834472656,0.22265625,0.9497612714767456,306,2,26.953832444908013,3.542759847260172,2820.4691678804725,3.1295394695344303,66312.82965607461,278.3171128583202,25923.839309962692,514.0075218535679
12.145578384399414,29.366107940673828,0.3908328413963318,29.366107940673828,0.005066605284810066,45.933353424072266,400.7446594238281,0.2265625,0.9495507478713989,307,2,26.953832444908013,3.542759847260172,2820.4691678804725,3.1295394695344303,66312.82965607461,278.3171128583202,25923.839309962692,514.0075218535679
14.735806465148926,36.15418243408203,0.388214111328125,36.15418243408203,0.0063968985341489315,132.35498046875,425.0026550292969,0.26171875,0.9507983922958374,308,2,26.953832444908013,3.542759847260172,2820.4691678804725,3.1295394695344303,66312.82965607461,278.3171128583202,25923.839309962692,514.0075218535679
11.677082061767578,28.955867767333984,0.39947906136512756,28.955867767333984,0.0021660528145730495,81.29825592041016,408.56903076171875,0.21484375,0.9512673020362854,309,2,26.953832444908013,3.542759847260172,2820.4691678804725,3.1295394695344303,66312.82965607461,278.3171128583202,25923.839309962692,514.0075218535679
12.924837112426758,31.992050170898438,0.4696693420410156,31.992050170898438,0.001864822581410408,53.43852233886719,430.9051208496094,0.19921875,0.9477319121360779,310,2,26.953832444908013,3.542759847260172,2820.4691678804725,3.1295394695344303,66312.82965607461,278.3171128583202,25923.839309962692,514.0075218535679
12.563554763793945,30.953092575073242,0.5517517924308777,30.95309066772461,0.0074079521000385284,56.47871017456055,402.773193359375,0.26171875,0.9468790292739868,311,2,26.953832444908013,3.542759847260172,2820.4691678804725,3.1295394695344303,66312.82965607461,278.3171128583202,25923.839309962692,514.0075218535679
16.346805572509766,39.89700698852539,0.49084967374801636,39.89700698852539,0.011048562824726105,197.89801025390625,424.35882568359375,0.2890625,0.9475563764572144,312,2,26.953832444908013,3.542759847260172,2820.4691678804725,3.1295394695344303,66312.82965607461,278.3171128583202,25923.839309962692,514.0075218535679
12.93753433227539,31.08026695251465,0.46265143156051636,31.08026695251465,0.0015786499716341496,90.83767700195312,434.17138671875,0.24609375,0.9484830498695374,313,2,26.953832444908013,3.542759847260172,2820.4691678804725,3.1295394695344303,66312.82965607461,278.3171128583202,25923.839309962692,514.0075218535679
12.986225128173828,31.73511505126953,0.47197040915489197,31.73511505126953,0.0025861342437565327,74.93246459960938,446.5326843261719,0.25390625,0.9493969082832336,314,2,26.953832444908013,3.542759847260172,2820.4691678804725,3.1295394695344303,66312.82965607461,278.3171128583202,25923.839309962692,514.0075218535679
18.67494010925293,47.04365539550781,0.5536639094352722,47.04365539550781,0.00850804802030325,216.10247802734375,435.90594482421875,0.3359375,0.9524110555648804,315,2,26.953832444908013,3.542759847260172,2820.4691678804725,3.1295394695344303,66312.82965607461,278.3171128583202,25923.839309962692,514.0075218535679
13.885433197021484,33.95594024658203,0.50095534324646,33.95594024658203,0.0023612589575350285,96.18800354003906,422.6559753417969,0.22265625,0.9473276138305664,316,2,26.953832444908013,3.542759847260172,2820.4691678804725,3.1295394695344303,66312.82965607461,278.3171128583202,25923.839309962692,514.0075218535679
13.123265266418457,32.537353515625,0.5861907005310059,32.537353515625,0.0017143207369372249,55.434593200683594,464.60400390625,0.2421875,0.9493524432182312,317,2,26.953832444908013,3.542759847260172,2820.4691678804725,3.1295394695344303,66312.82965607461,278.3171128583202,25923.839309962692,514.0075218535679
13.71762466430664,34.46378707885742,0.5121633410453796,34.46379089355469,0.0033270239364355803,111.03040313720703,446.88482666015625,0.23828125,0.9502611756324768,318,2,26.953832444908013,3.542759847260172,2820.4691678804725,3.1295394695344303,66312.82965607461,278.3171128583202,25923.839309962692,514.0075218535679
17.92873191833496,44.814579010009766,0.703559160232544,44.81458282470703,0.009446430951356888,210.9410400390625,474.8821105957031,0.26953125,0.9472363591194153,319,2,26.953832444908013,3.542759847260172,2820.4691678804725,3.1295394695344303,66312.82965607461,278.3171128583202,25923.839309962692,514.0075218535679
11.030498504638672,26.98984718322754,0.5120396614074707,26.98984718322754,0.002191998064517975,38.8363037109375,459.7386169433594,0.19921875,0.9514866471290588,320,2,26.953832444908013,3.542759847260172,2820.4691678804725,3.1295394695344303,66312.82965607461,278.3171128583202,25923.839309962692,514.0075218535679
10.733551979064941,26.65281867980957,0.3012757897377014,26.652816772460938,0.0023877709172666073,51.35987091064453,388.0549011230469,0.2265625,0.946845531463623,321,2,26.953832444908013,3.542759847260172,2820.4691678804725,3.1295394695344303,66312.82965607461,278.3171128583202,25923.839309962692,514.0075218535679
14.840167045593262,37.043495178222656,0.4543098509311676,37.043495178222656,0.00430046021938324,169.5047149658203,449.6340637207031,0.26171875,0.945708692073822,322,2,26.953832444908013,3.542759847260172,2820.4691678804725,3.1295394695344303,66312.82965607461,278.3171128583202,25923.839309962692,514.0075218535679
15.763710975646973,39.35581970214844,0.538806676864624,39.3558235168457,0.0010412194533273578,158.5253143310547,445.3607482910156,0.2109375,0.9513606429100037,323,2,26.953832444908013,3.542759847260172,2820.4691678804725,3.1295394695344303,66312.82965607461,278.3171128583202,25923.839309962692,514.0075218535679
14.816478729248047,36.885231018066406,0.4900370240211487,36.885231018066406,0.002988631371408701,117.42221069335938,433.0174865722656,0.25,0.9483712911605835,324,2,26.953832444908013,3.542759847260172,2820.4691678804725,3.1295394695344303,66312.82965607461,278.3171128583202,25923.839309962692,514.0075218535679
18.59477996826172,45.289817810058594,0.5735713243484497,45.289817810058594,0.0017656795680522919,255.5784912109375,478.27276611328125,0.23828125,0.9493111371994019,325,2,26.953832444908013,3.542759847260172,2820.4691678804725,3.1295394695344303,66312.82965607461,278.3171128583202,25923.839309962692,514.0075218535679
19.14139175415039,46.33969497680664,0.5519245862960815,46.33969497680664,0.004627684131264687,206.31106567382812,470.77923583984375,0.26953125,0.947834849357605,326,2,26.953832444908013,3.542759847260172,2820.4691678804725,3.1295394695344303,66312.82965607461,278.3171128583202,25923.839309962692,514.0075218535679
17.712614059448242,43.86472702026367,0.633866012096405,43.86472702026367,0.0015528950607404113,171.46102905273438,466.8793640136719,0.25,0.9495291709899902,327,2,26.953832444908013,3.542759847260172,2820.4691678804725,3.1295394695344303,66312.82965607461,278.3171128583202,25923.839309962692,514.0075218535679
11.976866722106934,30.330814361572266,0.4585499167442322,30.330814361572266,0.0035511087626218796,48.548213958740234,418.3004150390625,0.234375,0.9499169588088989,328,2,26.953832444908013,3.542759847260172,2820.4691678804725,3.1295394695344303,66312.82965607461,278.3171128583202,25923.839309962692,514.0075218535679
13.399713516235352,33.839599609375,0.48931679129600525,33.839599609375,0.001949102384969592,109.24834442138672,446.9125061035156,0.22265625,0.948685348033905,329,2,26.953832444908013,3.542759847260172,2820.4691678804725,3.1295394695344303,66312.82965607461,278.3171128583202,25923.839309962692,514.0075218535679
14.719730377197266,36.82661437988281,0.5183242559432983,36.82661437988281,0.004698725882917643,123.33506774902344,455.85882568359375,0.2421875,0.9475756287574768,330,2,26.953832444908013,3.542759847260172,2820.4691678804725,3.1295394695344303,66312.82965607461,278.3171128583202,25923.839309962692,514.0075218535679
14.000813484191895,35.32887268066406,0.439236581325531,35.32887268066406,0.002695942297577858,75.2690200805664,455.4729309082031,0.234375,0.9507059454917908,331,2,26.953832444908013,3.542759847260172,2820.4691678804725,3.1295394695344303,66312.82965607461,278.3171128583202,25923.839309962692,514.0075218535679
11.693559646606445,30.65367317199707,0.3441697657108307,30.65367317199707,0.0015913498355075717,53.18482971191406,462.61981201171875,0.21875,0.949877917766571,332,2,26.953832444908013,3.542759847260172,2820.4691678804725,3.1295394695344303,66312.82965607461,278.3171128583202,25923.839309962692,514.0075218535679
15.36361312866211,38.71918487548828,0.7657884955406189,38.71918487548828,0.0038811666890978813,124.32566833496094,462.8302307128906,0.2578125,0.9501076936721802,333,2,26.953832444908013,3.542759847260172,2820.4691678804725,3.1295394695344303,66312.82965607461,278.3171128583202,25923.839309962692,514.0075218535679
10.07217788696289,26.25628662109375,0.27545344829559326,26.25628662109375,0.0021085129119455814,34.41499328613281,421.73553466796875,0.21484375,0.9484075903892517,334,2,26.953832444908013,3.542759847260172,2820.4691678804725,3.1295394695344303,66312.82965607461,278.3171128583202,25923.839309962692,514.0075218535679
15.708915710449219,39.76847457885742,0.5103235840797424,39.768470764160156,0.009657179936766624,139.78836059570312,483.37744140625,0.24609375,0.9478182196617126,335,2,26.953832444908013,3.542759847260172,2820.4691678804725,3.1295394695344303,66312.82965607461,278.3171128583202,25923.839309962692,514.0075218535679
9.235376358032227,22.62786102294922,0.29133662581443787,22.62786102294922,0.001550709130242467,24.551910400390625,437.6255798339844,0.20703125,0.949350893497467,336,2,26.953832444908013,3.542759847260172,2820.4691678804725,3.1295394695344303,66312.82965607461,278.3171128583202,25923.839309962692,514.0075218535679
10.339153289794922,25.8741455078125,0.20160403847694397,25.8741455078125,0.0016773971728980541,30.39056396484375,445.73858642578125,0.18359375,0.94936203956604,337,2,26.953832444908013,3.542759847260172,2820.4691678804725,3.1295394695344303,66312.82965607461,278.3171128583202,25923.839309962692,514.0075218535679
15.2327241897583,38.14051818847656,0.4521222710609436,38.14051818847656,0.0026447740383446217,112.9969253540039,445.3230895996094,0.2578125,0.9489572644233704,338,2,26.953832444908013,3.542759847260172,2820.4691678804725,3.1295394695344303,66312.82965607461,278.3171128583202,25923.839309962692,514.0075218535679
18.72925567626953,46.764129638671875,0.7277712821960449,46.764129638671875,0.0022835205309093,211.23297119140625,467.5961608886719,0.25,0.9481845498085022,339,2,26.953832444908013,3.542759847260172,2820.4691678804725,3.1295394695344303,66312.82965607461,278.3171128583202,25923.839309962692,514.0075218535679
11.609169006347656,29.861614227294922,0.28674763441085815,29.861614227294922,0.0008010052843019366,33.16427993774414,419.454345703125,0.203125,0.9491766691207886,340,2,26.953832444908013,3.542759847260172,2820.4691678804725,3.1295394695344303,66312.82965607461,278.3171128583202,25923.839309962692,514.0075218535679
15.652661323547363,38.923622131347656,0.4990224242210388,38.92362594604492,0.005390755366533995,120.72776794433594,444.3452453613281,0.24609375,0.9460110068321228,341,2,26.953832444908013,3.542759847260172,2820.4691678804725,3.1295394695344303,66312.82965607461,278.3171128583202,25923.839309962692,514.0075218535679
13.715008735656738,34.67879104614258,0.3654344081878662,34.678794860839844,0.004594939760863781,78.15875244140625,464.8116760253906,0.24609375,0.9505742192268372,342,2,26.953832444908013,3.542759847260172,2820.4691678804725,3.1295394695344303,66312.82965607461,278.3171128583202,25923.839309962692,514.0075218535679
14.187161445617676,36.14134216308594,0.5212453603744507,36.14134216308594,0.0021674996241927147,113.867431640625,439.43804931640625,0.24609375,0.9488368630409241,343,2,26.953832444908013,3.542759847260172,2820.4691678804725,3.1295394695344303,66312.82965607461,278.3171128583202,25923.839309962692,514.0075218535679
12.886677742004395,32.16804504394531,0.3360294699668884,32.16804885864258,0.002047993242740631,56.005550384521484,493.6448669433594,0.2265625,0.9486770033836365,344,2,26.953832444908013,3.542759847260172,2820.4691678804725,3.1295394695344303,66312.82965607461,278.3171128583202,25923.839309962692,514.0075218535679
11.41276741027832,28.610984802246094,0.2665579915046692,28.610984802246094,0.0031112153083086014,45.84260559082031,429.4698486328125,0.21484375,0.9502525329589844,345,2,26.953832444908013,3.542759847260172,2820.4691678804725,3.1295394695344303,66312.82965607461,278.3171128583202,25923.839309962692,514.0075218535679
10.117809295654297,25.464210510253906,0.288083016872406,25.464210510253906,0.0016566449776291847,27.05513572692871,468.0912780761719,0.19921875,0.9480313658714294,346,2,26.953832444908013,3.542759847260172,2820.4691678804725,3.1295394695344303,66312.82965607461,278.3171128583202,25923.839309962692,514.0075218535679
15.06947135925293,37.792442321777344,0.6075226068496704,37.792442321777344,0.0013571742456406355,109.45108032226562,479.59930419921875,0.2265625,0.9481388926506042,347,2,26.953832444908013,3.542759847260172,2820.4691678804725,3.1295394695344303,66312.82965607461,278.3171128583202,25923.839309962692,514.0075218535679
12.737876892089844,32.548439025878906,0.4218124747276306,32.548439025878906,0.0008957781246863306,64.05810546875,480.1644287109375,0.234375,0.9498134851455688,348,2,26.953832444908013,3.542759847260172,2820.4691678804725,3.1295394695344303,66312.82965607461,278.3171128583202,25923.839309962692,514.0075218535679
14.022529602050781,36.00010299682617,0.6440412998199463,36.00010299682617,0.00218783225864172,58.74534225463867,463.8421325683594,0.23828125,0.9475632905960083,349,2,26.953832444908013,3.542759847260172,2820.4691678804725,3.1295394695344303,66312.82965607461,278.3171128583202,25923.839309962692,514.0075218535679
20.167036056518555,49.2645149230957,0.6622573137283325,49.2645149230957,0.0058446768671274185,222.70294189453125,495.6692199707031,0.2734375,0.9492344856262207,350,2,26.953832444908013,3.542759847260172,2820.4691678804725,3.1295394695344303,66312.82965607461,278.3171128583202,25923.839309962692,514.0075218535679
12.266178131103516,30.65259552001953,0.5375038981437683,30.65259552001953,0.0010606296127662063,49.908660888671875,466.3023986816406,0.19921875,0.9499785900115967,351,2,26.953832444908013,3.542759847260172,2820.4691678804725,3.1295394695344303,66312.82965607461,278.3171128583202,25923.839309962692,514.0075218535679
15.742094993591309,39.61150360107422,0.5877766609191895,39.61150360107422,0.0028006539214402437,100.32850646972656,522.037841796875,0.234375,0.9504448771476746,352,2,26.953832444908013,3.542759847260172,2820.4691678804725,3.1295394695344303,66312.82965607461,278.3171128583202,25923.839309962692,514.0075218535679
10.662923812866211,27.661876678466797,0.28512173891067505,27.661876678466797,0.0010018364991992712,46.81291198730469,446.5056457519531,0.18359375,0.9497155547142029,353,2,26.953832444908013,3.542759847260172,2820.4691678804725,3.1295394695344303,66312.82965607461,278.3171128583202,25923.839309962692,514.0075218535679
14.561281204223633,36.209999084472656,0.45259562134742737,36.209999084472656,0.0008797526825219393,112.181884765625,489.0646057128906,0.19921875,0.9481002688407898,354,2,26.953832444908013,3.542759847260172,2820.4691678804725,3.1295394695344303,66312.82965607461,278.3171128583202,25923.839309962692,514.0075218535679
10.787564277648926,27.597320556640625,0.3708948791027069,27.597320556640625,0.0018505508778616786,23.390432357788086,465.5055847167969,0.20703125,0.9513930082321167,355,2,26.953832444908013,3.542759847260172,2820.4691678804725,3.1295394695344303,66312.82965607461,278.3171128583202,25923.839309962692,514.0075218535679
15.283318519592285,38.68727111816406,0.7341684103012085,38.68727111816406,0.0010716149117797613,90.4371566772461,471.4181213378906,0.1953125,0.9492959380149841,356,2,26.953832444908013,3.542759847260172,2820.4691678804725,3.1295394695344303,66312.82965607461,278.3171128583202,25923.839309962692,514.0075218535679
13.332855224609375,32.87214279174805,0.4907175302505493,32.87214279174805,0.0026304074563086033,61.0279541015625,507.690673828125,0.2265625,0.9512453079223633,357,2,26.953832444908013,3.542759847260172,2820.4691678804725,3.1295394695344303,66312.82965607461,278.3171128583202,25923.839309962692,514.0075218535679
14.249030113220215,35.87518310546875,0.36282235383987427,35.87518310546875,0.00040567299583926797,91.29154968261719,486.42913818359375,0.19921875,0.9495747685432434,358,2,26.953832444908013,3.542759847260172,2820.4691678804725,3.1295394695344303,66312.82965607461,278.3171128583202,25923.839309962692,514.0075218535679
14.482662200927734,36.720680236816406,0.48701199889183044,36.720680236816406,0.001033129869028926,72.93350219726562,501.2281494140625,0.234375,0.9485672116279602,359,2,26.953832444908013,3.542759847260172,2820.4691678804725,3.1295394695344303,66312.82965607461,278.3171128583202,25923.839309962692,514.0075218535679
8.067825317382812,20.95267677307129,0.23196148872375488,20.95267677307129,0.0003672534367069602,18.589168548583984,474.4754943847656,0.1796875,0.9499541521072388,360,2,26.953832444908013,3.542759847260172,2820.4691678804725,3.1295394695344303,66312.82965607461,278.3171128583202,25923.839309962692,514.0075218535679
14.349592208862305,36.59107971191406,0.4482645094394684,36.59107971191406,0.000757862813770771,68.99171447753906,490.28662109375,0.2109375,0.9491914510726929,361,2,26.953832444908013,3.542759847260172,2820.4691678804725,3.1295394695344303,66312.82965607461,278.3171128583202,25923.839309962692,514.0075218535679
14.555452346801758,37.839595794677734,0.37441736459732056,37.839595794677734,0.001803671708330512,90.03636169433594,497.0345153808594,0.2109375,0.9469502568244934,362,2,26.953832444908013,3.542759847260172,2820.4691678804725,3.1295394695344303,66312.82965607461,278.3171128583202,25923.839309962692,514.0075218535679
14.306838989257812,37.21719741821289,0.4107365012168884,37.217193603515625,0.0009180182823911309,35.567779541015625,496.7857971191406,0.234375,0.9486554861068726,363,2,26.953832444908013,3.542759847260172,2820.4691678804725,3.1295394695344303,66312.82965607461,278.3171128583202,25923.839309962692,514.0075218535679
15.867374420166016,41.31231689453125,0.6398450136184692,41.312313079833984,0.001227961853146553,47.89820098876953,534.3076782226562,0.19140625,0.9497665166854858,364,2,26.953832444908013,3.542759847260172,2820.4691678804725,3.1295394695344303,66312.82965607461,278.3171128583202,25923.839309962692,514.0075218535679
16.92739486694336,44.03010940551758,0.5778918862342834,44.03010940551758,0.0013805190101265907,208.53114318847656,486.0848388671875,0.20703125,0.9507908821105957,365,2,26.953832444908013,3.542759847260172,2820.4691678804725,3.1295394695344303,66312.82965607461,278.3171128583202,25923.839309962692,514.0075218535679
14.448379516601562,37.32383728027344,0.563185453414917,37.32383728027344,0.0023436639457941055,81.34831237792969,491.3094177246094,0.2109375,0.9482547640800476,366,2,26.953832444908013,3.542759847260172,2820.4691678804725,3.1295394695344303,66312.82965607461,278.3171128583202,25923.839309962692,514.0075218535679
14.528570175170898,37.27363204956055,0.48786672949790955,37.27363204956055,0.001957773230969906,109.92185974121094,477.4516296386719,0.21875,0.9471980333328247,367,2,26.953832444908013,3.542759847260172,2820.4691678804725,3.1295394695344303,66312.82965607461,278.3171128583202,25923.839309962692,514.0075218535679
15.649002075195312,40.75876235961914,0.49190402030944824,40.75876235961914,0.0005836527561768889,94.84176635742188,518.073486328125,0.20703125,0.9482582211494446,368,2,26.953832444908013,3.542759847260172,2820.4691678804725,3.1295394695344303,66312.82965607461,278.3171128583202,25923.839309962692,514.0075218535679
13.173452377319336,34.20359420776367,0.4522233009338379,34.203590393066406,0.0008939824183471501,28.04460906982422,508.5880126953125,0.234375,0.9482482075691223,369,2,26.953832444908013,3.542759847260172,2820.4691678804725,3.1295394695344303,66312.82965607461,278.3171128583202,25923.839309962692,514.0075218535679
17.70445442199707,46.38120651245117,0.6321970820426941,46.38120651245117,0.0013563089305534959,159.60829162597656,510.09320068359375,0.25,0.9496068358421326,370,2,26.953832444908013,3.542759847260172,2820.4691678804725,3.1295394695344303,66312.82965607461,278.3171128583202,25923.839309962692,514.0075218535679
9.741949081420898,26.03993797302246,0.16785460710525513,26.03993797302246,0.0005566790350712836,31.33485221862793,456.6119689941406,0.19140625,0.9479199647903442,371,2,26.953832444908013,3.542759847260172,2820.4691678804725,3.1295394695344303,66312.82965607461,278.3171128583202,25923.839309962692,514.0075218535679
16.803096771240234,44.832801818847656,0.49128258228302,44.83280563354492,0.001537166303023696,182.8874969482422,533.9515380859375,0.203125,0.9476363658905029,372,2,26.953832444908013,3.542759847260172,2820.4691678804725,3.1295394695344303,66312.82965607461,278.3171128583202,25923.839309962692,514.0075218535679
13.635502815246582,36.51167678833008,0.4201868176460266,36.51167678833008,0.0010792212560772896,93.99116516113281,495.1834716796875,0.21875,0.9477939605712891,373,2,26.953832444908013,3.542759847260172,2820.4691678804725,3.1295394695344303,66312.82965607461,278.3171128583202,25923.839309962692,514.0075218535679
9.264699935913086,24.890769958496094,0.29900625348091125,24.890769958496094,0.0005287711974233389,25.941741943359375,492.2348327636719,0.17578125,0.9502449631690979,374,2,26.953832444908013,3.542759847260172,2820.4691678804725,3.1295394695344303,66312.82965607461,278.3171128583202,25923.839309962692,514.0075218535679
12.48682975769043,32.84152603149414,0.3787537217140198,32.84152603149414,0.0008758290205150843,41.54014587402344,538.228271484375,0.1796875,0.9489796757698059,375,2,26.953832444908013,3.542759847260172,2820.4691678804725,3.1295394695344303,66312.82965607461,278.3171128583202,25923.839309962692,514.0075218535679
13.425495147705078,35.25627517700195,0.5549917221069336,35.25627136230469,0.0017542733112350106,40.08842468261719,525.2681884765625,0.171875,0.9497174024581909,376,2,26.953832444908013,3.542759847260172,2820.4691678804725,3.1295394695344303,66312.82965607461,278.3171128583202,25923.839309962692,514.0075218535679
11.517498016357422,31.548416137695312,0.3247424066066742,31.548416137695312,0.0011106407037004828,45.63601303100586,520.4314575195312,0.19140625,0.9485751986503601,377,2,26.953832444908013,3.542759847260172,2820.4691678804725,3.1295394695344303,66312.82965607461,278.3171128583202,25923.839309962692,514.0075218535679
18.791915893554688,50.15338897705078,0.590941309928894,50.15339279174805,0.0023320538457483053,218.59036254882812,562.971435546875,0.25390625,0.9476454257965088,378,2,26.953832444908013,3.542759847260172,2820.4691678804725,3.1295394695344303,66312.82965607461,278.3171128583202,25923.839309962692,514.0075218535679
12.745022773742676,34.0031852722168,0.3700389266014099,34.0031852722168,0.0009230782743543386,27.473133087158203,553.152587890625,0.203125,0.9484567046165466,379,2,26.953832444908013,3.542759847260172,2820.4691678804725,3.1295394695344303,66312.82965607461,278.3171128583202,25923.839309962692,514.0075218535679
11.849540710449219,33.06632995605469,0.24664822220802307,33.06632995605469,0.0007697201217524707,48.5683479309082,448.6460876464844,0.18359375,0.9476503729820251,380,2,26.953832444908013,3.542759847260172,2820.4691678804725,3.1295394695344303,66312.82965607461,278.3171128583202,25923.839309962692,514.0075218535679
16.20882797241211,43.365577697753906,0.6438851356506348,43.365577697753906,0.0026460718363523483,100.23262023925781,530.494140625,0.2265625,0.9499149918556213,381,2,26.953832444908013,3.542759847260172,2820.4691678804725,3.1295394695344303,66312.82965607461,278.3171128583202,25923.839309962692,514.0075218535679
11.612046241760254,31.293853759765625,0.40660327672958374,31.293853759765625,0.0003559364122338593,51.522361755371094,479.16143798828125,0.19921875,0.9503567218780518,382,2,26.953832444908013,3.542759847260172,2820.4691678804725,3.1295394695344303,66312.82965607461,278.3171128583202,25923.839309962692,514.0075218535679
12.850814819335938,33.91463088989258,0.4019206166267395,33.91463088989258,0.0014056481886655092,54.949710845947266,510.3983154296875,0.19921875,0.9511874318122864,383,2,26.953832444908013,3.542759847260172,2820.4691678804725,3.1295394695344303,66312.82965607461,278.3171128583202,25923.839309962692,514.0075218535679
12.592641830444336,33.214229583740234,0.3649201989173889,33.214229583740234,0.0008559352136217058,35.5338134765625,542.6279907226562,0.2109375,0.94858717918396,384,2,26.953832444908013,3.542759847260172,2820.4691678804725,3.1295394695344303,66312.82965607461,278.3171128583202,25923.839309962692,514.0075218535679
10.386556625366211,28.998809814453125,0.4086745083332062,28.998809814453125,0.0005256012082099915,13.981246948242188,530.82568359375,0.1796875,0.9477986097335815,385,2,26.953832444908013,3.542759847260172,2820.4691678804725,3.1295394695344303,66312.82965607461,278.3171128583202,25923.839309962692,514.0075218535679
14.828008651733398,39.20027160644531,0.4241798222064972,39.20027542114258,0.0011810192372649908,119.83885192871094,507.99560546875,0.20703125,0.9465692639350891,386,2,26.953832444908013,3.542759847260172,2820.4691678804725,3.1295394695344303,66312.82965607461,278.3171128583202,25923.839309962692,514.0075218535679
16.371437072753906,45.07928466796875,0.6572530269622803,45.07928466796875,0.0018099825829267502,156.4043426513672,546.9119873046875,0.21484375,0.9459958672523499,387,2,26.953832444908013,3.542759847260172,2820.4691678804725,3.1295394695344303,66312.82965607461,278.3171128583202,25923.839309962692,514.0075218535679
15.890609741210938,42.398345947265625,0.6679474711418152,42.398345947265625,0.0009402027353644371,110.9007568359375,555.8245239257812,0.21875,0.9506876468658447,388,2,26.953832444908013,3.542759847260172,2820.4691678804725,3.1295394695344303,66312.82965607461,278.3171128583202,25923.839309962692,514.0075218535679
14.452646255493164,38.54137420654297,0.4366421103477478,38.54137420654297,0.0005464381538331509,107.54437255859375,537.0421142578125,0.18359375,0.9485708475112915,389,2,26.953832444908013,3.542759847260172,2820.4691678804725,3.1295394695344303,66312.82965607461,278.3171128583202,25923.839309962692,514.0075218535679
15.120737075805664,41.60859298706055,0.49297431111335754,41.60859298706055,0.004544493276625872,131.918212890625,515.1116943359375,0.24609375,0.9479442238807678,390,2,26.953832444908013,3.542759847260172,2820.4691678804725,3.1295394695344303,66312.82965607461,278.3171128583202,25923.839309962692,514.0075218535679
18.923572540283203,51.107582092285156,0.6572768092155457,51.107582092285156,0.0010894358856603503,258.8980712890625,535.0307006835938,0.20703125,0.9492024779319763,391,2,26.953832444908013,3.542759847260172,2820.4691678804725,3.1295394695344303,66312.82965607461,278.3171128583202,25923.839309962692,514.0075218535679
13.51345443725586,37.37114715576172,0.45810484886169434,37.37114715576172,0.0008439787779934704,92.33287811279297,533.4912719726562,0.1875,0.948935329914093,392,2,26.953832444908013,3.542759847260172,2820.4691678804725,3.1295394695344303,66312.82965607461,278.3171128583202,25923.839309962692,514.0075218535679
14.721327781677246,40.13206481933594,0.4468710422515869,40.13206481933594,0.0015326885040849447,102.49713897705078,558.6202392578125,0.2265625,0.9497533440589905,393,2,26.953832444908013,3.542759847260172,2820.4691678804725,3.1295394695344303,66312.82965607461,278.3171128583202,25923.839309962692,514.0075218535679
10.723590850830078,29.780872344970703,0.31985968351364136,29.780872344970703,0.0012134247226640582,41.097320556640625,532.1127319335938,0.19921875,0.9485606551170349,394,2,26.953832444908013,3.542759847260172,2820.4691678804725,3.1295394695344303,66312.82965607461,278.3171128583202,25923.839309962692,514.0075218535679
11.858686447143555,32.75778579711914,0.44331514835357666,32.75778579711914,0.0005289845285005867,28.162403106689453,545.18310546875,0.1953125,0.9497516751289368,395,2,26.953832444908013,3.542759847260172,2820.4691678804725,3.1295394695344303,66312.82965607461,278.3171128583202,25923.839309962692,514.0075218535679
12.74750804901123,35.19354248046875,0.3454933762550354,35.193546295166016,0.001123255118727684,70.02528381347656,527.7622680664062,0.234375,0.9480003714561462,396,2,26.953832444908013,3.542759847260172,2820.4691678804725,3.1295394695344303,66312.82965607461,278.3171128583202,25923.839309962692,514.0075218535679
9.489397048950195,26.554927825927734,0.22616705298423767,26.554927825927734,0.0018443820299580693,13.932416915893555,527.5415649414062,0.203125,0.9509598612785339,397,2,26.953832444908013,3.542759847260172,2820.4691678804725,3.1295394695344303,66312.82965607461,278.3171128583202,25923.839309962692,514.0075218535679
11.11732292175293,30.747873306274414,0.2251942753791809,30.747873306274414,0.0021029163617640734,18.433759689331055,542.6134033203125,0.1796875,0.9487707018852234,398,2,26.953832444908013,3.542759847260172,2820.4691678804725,3.1295394695344303,66312.82965607461,278.3171128583202,25923.839309962692,514.0075218535679
14.119566917419434,39.43630599975586,0.3848692774772644,39.43630599975586,0.001744293374940753,121.71614837646484,507.79400634765625,0.21875,0.9529382586479187,399,2,26.953832444908013,3.542759847260172,2820.4691678804725,3.1295394695344303,66312.82965607461,278.3171128583202,25923.839309962692,514.0075218535679
13.177419662475586,35.658267974853516,0.4307169020175934,35.658267974853516,0.0023211585357785225,59.72186279296875,545.716552734375,0.20703125,0.9500177502632141,400,2,26.953832444908013,3.542759847260172,2820.4691678804725,3.1295394695344303,66312.82965607461,278.3171128583202,25923.839309962692,514.0075218535679
15.385923385620117,41.50480651855469,0.5229605436325073,41.50480651855469,0.0010764854960143566,117.15438079833984,553.9183959960938,0.1953125,0.9468804001808167,401,2,26.953832444908013,3.542759847260172,2820.4691678804725,3.1295394695344303,66312.82965607461,278.3171128583202,25923.839309962692,514.0075218535679
14.526999473571777,40.55158996582031,0.35257238149642944,40.55158996582031,0.0007487270049750805,31.914901733398438,576.9810791015625,0.19140625,0.9506635069847107,402,2,26.953832444908013,3.542759847260172,2820.4691678804725,3.1295394695344303,66312.82965607461,278.3171128583202,25923.839309962692,514.0075218535679
11.77722454071045,33.539405822753906,0.31860440969467163,33.539405822753906,0.00404740497469902,66.49744415283203,485.7303466796875,0.21484375,0.9475532174110413,403,2,26.953832444908013,3.542759847260172,2820.4691678804725,3.1295394695344303,66312.82965607461,278.3171128583202,25923.839309962692,514.0075218535679
16.52722930908203,45.27825164794922,0.5029861927032471,45.27825164794922,0.001014206325635314,174.7269287109375,567.7328491210938,0.21484375,0.94940185546875,404,2,26.953832444908013,3.542759847260172,2820.4691678804725,3.1295394695344303,66312.82965607461,278.3171128583202,25923.839309962692,514.0075218535679
13.154886245727539,37.99460983276367,0.31971967220306396,37.99460983276367,0.0008898568339645863,71.33928680419922,532.7679443359375,0.2109375,0.9507876634597778,405,2,26.953832444908013,3.542759847260172,2820.4691678804725,3.1295394695344303,66312.82965607461,278.3171128583202,25923.839309962692,514.0075218535679
16.474437713623047,45.791168212890625,0.6795922517776489,45.79116439819336,0.0007624039426445961,111.99172973632812,557.0704345703125,0.1796875,0.9498330354690552,406,2,26.953832444908013,3.542759847260172,2820.4691678804725,3.1295394695344303,66312.82965607461,278.3171128583202,25923.839309962692,514.0075218535679
11.315141677856445,31.256378173828125,0.3127445578575134,31.256378173828125,0.0010147246066480875,42.043792724609375,516.7727661132812,0.1875,0.9485113620758057,407,2,26.953832444908013,3.542759847260172,2820.4691678804725,3.1295394695344303,66312.82965607461,278.3171128583202,25923.839309962692,514.0075218535679
14.139861106872559,38.310150146484375,0.4299401640892029,38.310150146484375,0.0014445092529058456,38.815948486328125,551.7484130859375,0.203125,0.95155268907547,408,2,26.953832444908013,3.542759847260172,2820.4691678804725,3.1295394695344303,66312.82965607461,278.3171128583202,25923.839309962692,514.0075218535679
16.642528533935547,45.46782684326172,0.6463025808334351,45.46782684326172,0.0007486178074032068,164.772705078125,543.9671630859375,0.20703125,0.9508824944496155,409,2,26.953832444908013,3.542759847260172,2820.4691678804725,3.1295394695344303,66312.82965607461,278.3171128583202,25923.839309962692,514.0075218535679
10.53880500793457,29.20423126220703,0.39086368680000305,29.20423126220703,0.0007692908402532339,32.03429412841797,569.892822265625,0.17578125,0.9496476650238037,410,2,26.953832444908013,3.542759847260172,2820.4691678804725,3.1295394695344303,66312.82965607461,278.3171128583202,25923.839309962692,514.0075218535679
13.157649993896484,37.22254180908203,0.33068546652793884,37.22254180908203,0.0008693989366292953,85.9833984375,503.89996337890625,0.21484375,0.9502875804901123,411,2,26.953832444908013,3.542759847260172,2820.4691678804725,3.1295394695344303,66312.82965607461,278.3171128583202,25923.839309962692,514.0075218535679
15.429618835449219,42.53818130493164,0.5044649839401245,42.53818130493164,0.0007262130966410041,158.8287353515625,539.4931640625,0.17578125,0.9491192102432251,412,2,26.953832444908013,3.542759847260172,2820.4691678804725,3.1295394695344303,66312.82965607461,278.3171128583202,25923.839309962692,514.0075218535679
16.001075744628906,44.125911712646484,0.40716391801834106,44.12590789794922,0.0010946383699774742,123.65118408203125,572.0647583007812,0.2265625,0.9467864632606506,413,2,26.953832444908013,3.542759847260172,2820.4691678804725,3.1295394695344303,66312.82965607461,278.3171128583202,25923.839309962692,514.0075218535679
11.079402923583984,31.155014038085938,0.3615977168083191,31.155014038085938,0.0013834713026881218,14.3499755859375,557.4495239257812,0.20703125,0.9495751261711121,414,2,26.953832444908013,3.542759847260172,2820.4691678804725,3.1295394695344303,66312.82965607461,278.3171128583202,25923.839309962692,514.0075218535679
15.462217330932617,42.43962097167969,0.4023057520389557,42.43962097167969,0.000820399378426373,113.2872314453125,537.7255249023438,0.2109375,0.9476437568664551,415,2,26.953832444908013,3.542759847260172,2820.4691678804725,3.1295394695344303,66312.82965607461,278.3171128583202,25923.839309962692,514.0075218535679
13.336196899414062,37.625213623046875,0.40149420499801636,37.625213623046875,0.0014296515146270394,56.66456604003906,579.4312744140625,0.20703125,0.950564980506897,416,2,26.953832444908013,3.542759847260172,2820.4691678804725,3.1295394695344303,66312.82965607461,278.3171128583202,25923.839309962692,514.0075218535679
11.98156452178955,34.05702590942383,0.3681347966194153,34.057029724121094,0.0004938057390972972,59.63011932373047,519.9905395507812,0.1953125,0.947698712348938,417,2,26.953832444908013,3.542759847260172,2820.4691678804725,3.1295394695344303,66312.82965607461,278.3171128583202,25923.839309962692,514.0075218535679
19.08660888671875,53.438568115234375,0.6749220490455627,53.438568115234375,0.0018546918872743845,314.0035095214844,565.8838500976562,0.23828125,0.9506698846817017,418,2,26.953832444908013,3.542759847260172,2820.4691678804725,3.1295394695344303,66312.82965607461,278.3171128583202,25923.839309962692,514.0075218535679
17.00986099243164,46.95348358154297,0.5612740516662598,46.95348358154297,0.0020509157329797745,176.59042358398438,554.9511108398438,0.20703125,0.9478402137756348,419,2,26.953832444908013,3.542759847260172,2820.4691678804725,3.1295394695344303,66312.82965607461,278.3171128583202,25923.839309962692,514.0075218535679
15.13204574584961,41.3606071472168,0.5968629121780396,41.3606071472168,0.0009921328164637089,109.91563415527344,551.8109130859375,0.203125,0.9480875730514526,420,2,26.953832444908013,3.542759847260172,2820.4691678804725,3.1295394695344303,66312.82965607461,278.3171128583202,25923.839309962692,514.0075218535679
13.700498580932617,38.13796615600586,0.26435962319374084,38.13796615600586,0.00035987398587167263,55.42723083496094,566.9708251953125,0.19921875,0.9489548206329346,421,2,26.953832444908013,3.542759847260172,2820.4691678804725,3.1295394695344303,66312.82965607461,278.3171128583202,25923.839309962692,514.0075218535679
10.868867874145508,28.733078002929688,0.2947072982788086,28.733078002929688,0.0004563932307064533,7.774025917053223,527.7714233398438,0.17578125,0.9500398635864258,422,2,26.953832444908013,3.542759847260172,2820.4691678804725,3.1295394695344303,66312.82965607461,278.3171128583202,25923.839309962692,514.0075218535679
15.139087677001953,43.62728500366211,0.46186649799346924,43.62728500366211,0.0012859441339969635,107.26048278808594,591.9869384765625,0.1953125,0.9477295875549316,423,2,26.953832444908013,3.542759847260172,2820.4691678804725,3.1295394695344303,66312.82965607461,278.3171128583202,25923.839309962692,514.0075218535679
14.935086250305176,42.40200424194336,0.5305051803588867,42.40200424194336,0.0008876532083377242,48.529842376708984,587.6471557617188,0.234375,0.9475066065788269,424,2,26.953832444908013,3.542759847260172,2820.4691678804725,3.1295394695344303,66312.82965607461,278.3171128583202,25923.839309962692,514.0075218535679
14.543920516967773,40.77202606201172,0.5721778273582458,40.77202606201172,0.0025910064578056335,84.37881469726562,526.68994140625,0.2265625,0.9479882121086121,425,2,26.953832444908013,3.542759847260172,2820.4691678804725,3.1295394695344303,66312.82965607461,278.3171128583202,25923.839309962692,514.0075218535679
12.805170059204102,37.48448181152344,0.38925352692604065,37.48448181152344,0.0006853227969259024,56.08929443359375,557.820068359375,0.19921875,0.953637957572937,426,2,26.953832444908013,3.542759847260172,2820.4691678804725,3.1295394695344303,66312.82965607461,278.3171128583202,25923.839309962692,514.0075218535679
17.839427947998047,49.35184097290039,0.6666567325592041,49.35184097290039,0.0012359186075627804,162.786376953125,581.8494262695312,0.23828125,0.9488968849182129,427,2,26.953832444908013,3.542759847260172,2820.4691678804725,3.1295394695344303,66312.82965607461,278.3171128583202,25923.839309962692,514.0075218535679
15.027275085449219,41.23097229003906,0.4126008152961731,41.23097229003906,0.001294183311983943,80.47572326660156,593.214599609375,0.2109375,0.9501050114631653,428,2,26.953832444908013,3.542759847260172,2820.4691678804725,3.1295394695344303,66312.82965607461,278.3171128583202,25923.839309962692,514.0075218535679
10.620244979858398,30.397987365722656,0.4378964602947235,30.397987365722656,0.0005504970322363079,28.34385108947754,565.8201904296875,0.15234375,0.946671187877655,429,2,26.953832444908013,3.542759847260172,2820.4691678804725,3.1295394695344303,66312.82965607461,278.3171128583202,25923.839309962692,514.0075218535679
12.271049499511719,34.41773986816406,0.33007583022117615,34.41773986816406,0.0006597288884222507,97.03952026367188,545.528564453125,0.1875,0.9505998492240906,430,2,26.953832444908013,3.542759847260172,2820.4691678804725,3.1295394695344303,66312.82965607461,278.3171128583202,25923.839309962692,514.0075218535679
12.779730796813965,36.07102966308594,0.4248046875,36.07102966308594,0.0007864114595577121,18.79918098449707,576.7178344726562,0.19140625,0.9494189620018005,431,2,26.953832444908013,3.542759847260172,2820.4691678804725,3.1295394695344303,66312.82965607461,278.3171128583202,25923.839309962692,514.0075218535679
18.283077239990234,51.27989959716797,0.4822879433631897,51.279903411865234,0.000960414472501725,206.2017059326172,578.9552001953125,0.21875,0.9508320689201355,432,2,26.953832444908013,3.542759847260172,2820.4691678804725,3.1295394695344303,66312.82965607461,278.3171128583202,25923.839309962692,514.0075218535679
19.931873321533203,56.21157455444336,0.5848342180252075,56.21157455444336,0.0019159335643053055,305.426025390625,576.9634399414062,0.2578125,0.9479819536209106,433,2,26.953832444908013,3.542759847260172,2820.4691678804725,3.1295394695344303,66312.82965607461,278.3171128583202,25923.839309962692,514.0075218535679
11.736318588256836,33.208740234375,0.2914448380470276,33.208740234375,0.0006978687597438693,52.75,520.1238403320312,0.18359375,0.948972761631012,434,2,26.953832444908013,3.542759847260172,2820.4691678804725,3.1295394695344303,66312.82965607461,278.3171128583202,25923.839309962692,514.0075218535679
8.973280906677246,26.265851974487305,0.17343240976333618,26.265851974487305,0.0012564421631395817,41.187965393066406,524.889404296875,0.18359375,0.9483855962753296,435,2,26.953832444908013,3.542759847260172,2820.4691678804725,3.1295394695344303,66312.82965607461,278.3171128583202,25923.839309962692,514.0075218535679
11.680776596069336,33.74679183959961,0.4112217128276825,33.74679183959961,0.0014736691955477,28.18777084350586,580.7999877929688,0.16796875,0.9496118426322937,436,2,26.953832444908013,3.542759847260172,2820.4691678804725,3.1295394695344303,66312.82965607461,278.3171128583202,25923.839309962692,514.0075218535679
15.176362037658691,43.41714096069336,0.4137563705444336,43.41714096069336,0.0014301503542810678,123.10692596435547,551.49951171875,0.203125,0.951474130153656,437,2,26.953832444908013,3.542759847260172,2820.4691678804725,3.1295394695344303,66312.82965607461,278.3171128583202,25923.839309962692,514.0075218535679
18.735641479492188,53.470298767089844,0.583634614944458,53.47030258178711,0.0021139150485396385,250.19895935058594,585.2880249023438,0.23046875,0.9482383131980896,438,2,26.953832444908013,3.542759847260172,2820.4691678804725,3.1295394695344303,66312.82965607461,278.3171128583202,25923.839309962692,514.0075218535679
15.143964767456055,43.69622802734375,0.5607298612594604,43.69622802734375,0.0008722765487618744,82.62796020507812,595.8341064453125,0.21875,0.9482421278953552,439,2,26.953832444908013,3.542759847260172,2820.4691678804725,3.1295394695344303,66312.82965607461,278.3171128583202,25923.839309962692,514.0075218535679
12.200031280517578,35.14928436279297,0.44337236881256104,35.14928436279297,0.0018175889272242785,53.96549987792969,628.6055908203125,0.19921875,0.9487608671188354,440,2,26.953832444908013,3.542759847260172,2820.4691678804725,3.1295394695344303,66312.82965607461,278.3171128583202,25923.839309962692,514.0075218535679
16.441219329833984,47.982933044433594,0.5314505100250244,47.98293685913086,0.0015939094591885805,231.81382751464844,580.1385498046875,0.19140625,0.9497898817062378,441,2,26.953832444908013,3.542759847260172,2820.4691678804725,3.1295394695344303,66312.82965607461,278.3171128583202,25923.839309962692,514.0075218535679
14.420353889465332,40.676918029785156,0.4315653145313263,40.676918029785156,0.0008614903781563044,37.26495361328125,572.1708984375,0.20703125,0.9520083665847778,442,2,26.953832444908013,3.542759847260172,2820.4691678804725,3.1295394695344303,66312.82965607461,278.3171128583202,25923.839309962692,514.0075218535679
8.061477661132812,22.89498519897461,0.24187356233596802,22.89498519897461,0.00035905372351408005,8.450159072875977,614.1820678710938,0.15234375,0.9506209492683411,443,2,26.953832444908013,3.542759847260172,2820.4691678804725,3.1295394695344303,66312.82965607461,278.3171128583202,25923.839309962692,514.0075218535679
13.571990966796875,38.65273666381836,0.35488712787628174,38.65273666381836,0.001606127480044961,23.931936264038086,577.53515625,0.20703125,0.9518717527389526,444,2,26.953832444908013,3.542759847260172,2820.4691678804725,3.1295394695344303,66312.82965607461,278.3171128583202,25923.839309962692,514.0075218535679
12.586063385009766,36.86088562011719,0.36084645986557007,36.86088562011719,0.0008395275799557567,54.862571716308594,572.3915405273438,0.19921875,0.9502160549163818,445,2,26.953832444908013,3.542759847260172,2820.4691678804725,3.1295394695344303,66312.82965607461,278.3171128583202,25923.839309962692,514.0075218535679
16.297958374023438,46.26831817626953,0.5681685209274292,46.26831817626953,0.000931309477891773,92.40636444091797,614.9959106445312,0.1640625,0.9474233388900757,446,2,26.953832444908013,3.542759847260172,2820.4691678804725,3.1295394695344303,66312.82965607461,278.3171128583202,25923.839309962692,514.0075218535679
17.938243865966797,50.45671844482422,0.45690086483955383,50.45671844482422,0.0009545603534206748,225.12884521484375,591.9158935546875,0.2109375,0.9471629858016968,447,2,26.953832444908013,3.542759847260172,2820.4691678804725,3.1295394695344303,66312.82965607461,278.3171128583202,25923.839309962692,514.0075218535679
17.88641929626465,52.96406555175781,0.6272788643836975,52.96406555175781,0.0006800823612138629,166.69961547851562,602.9579467773438,0.23828125,0.9497294425964355,448,2,26.953832444908013,3.542759847260172,2820.4691678804725,3.1295394695344303,66312.82965607461,278.3171128583202,25923.839309962692,514.0075218535679
11.604576110839844,34.3837776184082,0.3908299207687378,34.3837776184082,0.0003858607669826597,29.331363677978516,595.866943359375,0.15625,0.9504938125610352,449,2,26.953832444908013,3.542759847260172,2820.4691678804725,3.1295394695344303,66312.82965607461,278.3171128583202,25923.839309962692,514.0075218535679
15.886090278625488,46.49788284301758,0.4144437313079834,46.49788284301758,0.0006199398776516318,115.9646224975586,579.6937866210938,0.2421875,0.9490935802459717,450,2,26.953832444908013,3.542759847260172,2820.4691678804725,3.1295394695344303,66312.82965607461,278.3171128583202,25923.839309962692,514.0075218535679
10.246074676513672,29.632394790649414,0.18165543675422668,29.632394790649414,0.0004489783605094999,18.64501953125,611.4647827148438,0.17578125,0.9487348198890686,451,2,26.953832444908013,3.542759847260172,2820.4691678804725,3.1295394695344303,66312.82965607461,278.3171128583202,25923.839309962692,514.0075218535679
13.08895206451416,39.156776428222656,0.443681001663208,39.156776428222656,0.0003885297919623554,49.71620178222656,576.9471435546875,0.16796875,0.9465949535369873,452,2,26.953832444908013,3.542759847260172,2820.4691678804725,3.1295394695344303,66312.82965607461,278.3171128583202,25923.839309962692,514.0075218535679
13.683296203613281,40.52130126953125,0.352059930562973,40.52130126953125,0.0005558554548770189,34.8980598449707,608.3330688476562,0.15234375,0.9481958746910095,453,2,26.953832444908013,3.542759847260172,2820.4691678804725,3.1295394695344303,66312.82965607461,278.3171128583202,25923.839309962692,514.0075218535679
12.603631973266602,37.67353820800781,0.35517656803131104,37.67353820800781,0.001529485685750842,15.70096206665039,599.6294555664062,0.20703125,0.9496257305145264,454,2,26.953832444908013,3.542759847260172,2820.4691678804725,3.1295394695344303,66312.82965607461,278.3171128583202,25923.839309962692,514.0075218535679
17.203590393066406,51.20555114746094,0.48353105783462524,51.20555114746094,0.00044593820348381996,186.075927734375,627.6782836914062,0.1953125,0.9506051540374756,455,2,26.953832444908013,3.542759847260172,2820.4691678804725,3.1295394695344303,66312.82965607461,278.3171128583202,25923.839309962692,514.0075218535679
21.068599700927734,61.79999923706055,0.6834685802459717,61.79999923706055,0.0003479147853795439,277.88580322265625,633.0219116210938,0.21875,0.9480568766593933,456,2,26.953832444908013,3.542759847260172,2820.4691678804725,3.1295394695344303,66312.82965607461,278.3171128583202,25923.839309962692,514.0075218535679
12.385035514831543,36.249122619628906,0.36342543363571167,36.24912643432617,0.0003535238211043179,9.62840461730957,603.9564819335938,0.19921875,0.9488235116004944,457,2,26.953832444908013,3.542759847260172,2820.4691678804725,3.1295394695344303,66312.82965607461,278.3171128583202,25923.839309962692,514.0075218535679
13.621306419372559,40.52260971069336,0.42055022716522217,40.522605895996094,0.0008388359565287828,68.60537719726562,609.8590087890625,0.19140625,0.9486032128334045,458,2,26.953832444908013,3.542759847260172,2820.4691678804725,3.1295394695344303,66312.82965607461,278.3171128583202,25923.839309962692,514.0075218535679
13.358522415161133,40.25769805908203,0.3218662142753601,40.25769805908203,0.000469656428322196,52.102699279785156,634.9511108398438,0.23828125,0.9502950310707092,459,2,26.953832444908013,3.542759847260172,2820.4691678804725,3.1295394695344303,66312.82965607461,278.3171128583202,25923.839309962692,514.0075218535679
17.125364303588867,48.12846374511719,0.4799804091453552,48.12846374511719,0.0006672171875834465,75.01864624023438,676.0787963867188,0.21484375,0.9482641220092773,460,2,26.953832444908013,3.542759847260172,2820.4691678804725,3.1295394695344303,66312.82965607461,278.3171128583202,25923.839309962692,514.0075218535679
12.828751564025879,37.196537017822266,0.3624518811702728,37.196537017822266,0.0001351968094240874,23.74184799194336,613.0428466796875,0.17578125,0.9508116841316223,461,2,26.953832444908013,3.542759847260172,2820.4691678804725,3.1295394695344303,66312.82965607461,278.3171128583202,25923.839309962692,514.0075218535679
11.236932754516602,32.52397537231445,0.3474145531654358,32.52397918701172,0.0002319519262528047,25.207149505615234,599.2052612304688,0.15625,0.9490440487861633,462,2,26.953832444908013,3.542759847260172,2820.4691678804725,3.1295394695344303,66312.82965607461,278.3171128583202,25923.839309962692,514.0075218535679
18.597965240478516,54.22111129760742,0.49126237630844116,54.22111129760742,0.0006006683106534183,169.7487335205078,636.0726928710938,0.22265625,0.9484642744064331,463,2,26.953832444908013,3.542759847260172,2820.4691678804725,3.1295394695344303,66312.82965607461,278.3171128583202,25923.839309962692,514.0075218535679
17.800567626953125,51.807579040527344,0.40876877307891846,51.80758285522461,0.0008964607259258628,184.00689697265625,663.094482421875,0.2109375,0.9518917202949524,464,2,26.953832444908013,3.542759847260172,2820.4691678804725,3.1295394695344303,66312.82965607461,278.3171128583202,25923.839309962692,514.0075218535679
10.06216812133789,29.561357498168945,0.381683349609375,29.561355590820312,0.0007061518263071775,14.33006477355957,652.6326904296875,0.15234375,0.9490294456481934,465,2,26.953832444908013,3.542759847260172,2820.4691678804725,3.1295394695344303,66312.82965607461,278.3171128583202,25923.839309962692,514.0075218535679
24.61707305908203,72.1563720703125,0.9033206701278687,72.1563720703125,0.0007911253487691283,442.83856201171875,691.1271362304688,0.25,0.9487065076828003,466,2,26.953832444908013,3.542759847260172,2820.4691678804725,3.1295394695344303,66312.82965607461,278.3171128583202,25923.839309962692,514.0075218535679
11.784570693969727,34.27526092529297,0.41380035877227783,34.275264739990234,0.00031461811158806086,10.78267765045166,597.1375732421875,0.1640625,0.9464818239212036,467,2,26.953832444908013,3.542759847260172,2820.4691678804725,3.1295394695344303,66312.82965607461,278.3171128583202,25923.839309962692,514.0075218535679
15.751526832580566,46.89239501953125,0.42740893363952637,46.892398834228516,0.0006094072014093399,93.50885772705078,592.9435424804688,0.171875,0.9463702440261841,468,2,26.953832444908013,3.542759847260172,2820.4691678804725,3.1295394695344303,66312.82965607461,278.3171128583202,25923.839309962692,514.0075218535679
14.532523155212402,30.49262809753418,0.4373542070388794,30.49262809753418,0.0005853096372447908,107.10137939453125,402.5177307128906,0.18359375,0.9486098289489746,469,3,26.45742709737264,2.2070991483027824,2135.5521008152227,4.083519901565109,54652.068598320104,424.7250230935536,35946.24111429515,641.3921691541707
11.529003143310547,23.96148109436035,0.4121144115924835,23.96148109436035,0.0005559774581342936,29.63367462158203,387.8323974609375,0.171875,0.9486591219902039,470,3,26.45742709737264,2.2070991483027824,2135.5521008152227,4.083519901565109,54652.068598320104,424.7250230935536,35946.24111429515,641.3921691541707
12.112923622131348,25.769920349121094,0.5632733702659607,25.769920349121094,0.00041679164860397577,46.028587341308594,358.404296875,0.22265625,0.9500405192375183,471,3,26.45742709737264,2.2070991483027824,2135.5521008152227,4.083519901565109,54652.068598320104,424.7250230935536,35946.24111429515,641.3921691541707
11.481985092163086,23.91928482055664,0.33188697695732117,23.91928482055664,0.0006268980214372277,26.828948974609375,382.4237060546875,0.1953125,0.9489545822143555,472,3,26.45742709737264,2.2070991483027824,2135.5521008152227,4.083519901565109,54652.068598320104,424.7250230935536,35946.24111429515,641.3921691541707
14.778406143188477,32.14202880859375,0.44913357496261597,32.14202880859375,0.00014140078565105796,128.32615661621094,377.93170166015625,0.15625,0.9480258226394653,473,3,26.45742709737264,2.2070991483027824,2135.5521008152227,4.083519901565109,54652.068598320104,424.7250230935536,35946.24111429515,641.3921691541707
10.028263092041016,22.107763290405273,0.31867551803588867,22.107763290405273,0.00038057268830016255,18.26922035217285,391.6111755371094,0.1953125,0.9505150318145752,474,3,26.45742709737264,2.2070991483027824,2135.5521008152227,4.083519901565109,54652.068598320104,424.7250230935536,35946.24111429515,641.3921691541707
12.135049819946289,26.238727569580078,0.49615901708602905,26.238727569580078,0.00032087054569274187,34.06181335449219,380.5141906738281,0.18359375,0.9485952258110046,475,3,26.45742709737264,2.2070991483027824,2135.5521008152227,4.083519901565109,54652.068598320104,424.7250230935536,35946.24111429515,641.3921691541707
10.860981941223145,22.631336212158203,0.40489423274993896,22.631336212158203,0.000390088272979483,44.002174377441406,373.91864013671875,0.19140625,0.9498699903488159,476,3,26.45742709737264,2.2070991483027824,2135.5521008152227,4.083519901565109,54652.068598320104,424.7250230935536,35946.24111429515,641.3921691541707
13.764403343200684,28.854019165039062,0.5122218132019043,28.854019165039062,0.0003353991196490824,67.45208740234375,408.45416259765625,0.16796875,0.9496806263923645,477,3,26.45742709737264,2.2070991483027824,2135.5521008152227,4.083519901565109,54652.068598320104,424.7250230935536,35946.24111429515,641.3921691541707
13.698165893554688,29.836565017700195,0.5796888470649719,29.836565017700195,0.00042874313658103347,85.22091674804688,389.21136474609375,0.234375,0.9465832710266113,478,3,26.45742709737264,2.2070991483027824,2135.5521008152227,4.083519901565109,54652.068598320104,424.7250230935536,35946.24111429515,641.3921691541707
14.922342300415039,31.31404685974121,0.6162765026092529,31.31404685974121,0.00015181180788204074,54.287506103515625,395.757080078125,0.17578125,0.9486535787582397,479,3,26.45742709737264,2.2070991483027824,2135.5521008152227,4.083519901565109,54652.068598320104,424.7250230935536,35946.24111429515,641.3921691541707
16.40160369873047,34.95477294921875,0.5171282291412354,34.95477294921875,0.00012863891606684774,114.94351196289062,389.0821533203125,0.1875,0.948955774307251,480,3,26.45742709737264,2.2070991483027824,2135.5521008152227,4.083519901565109,54652.068598320104,424.7250230935536,35946.24111429515,641.3921691541707
13.380992889404297,26.938232421875,0.6151601076126099,26.938232421875,0.00011514125799294561,9.861701965332031,411.58306884765625,0.12890625,0.9508525729179382,481,3,26.45742709737264,2.2070991483027824,2135.5521008152227,4.083519901565109,54652.068598320104,424.7250230935536,35946.24111429515,641.3921691541707
11.480459213256836,24.546497344970703,0.39010387659072876,24.546497344970703,0.00029184817685745656,22.43976402282715,388.0606994628906,0.19140625,0.9484975337982178,482,3,26.45742709737264,2.2070991483027824,2135.5521008152227,4.083519901565109,54652.068598320104,424.7250230935536,35946.24111429515,641.3921691541707
12.495061874389648,26.319490432739258,0.37126624584198,26.319488525390625,0.0003451543452683836,32.930782318115234,378.45379638671875,0.1640625,0.9494144916534424,483,3,26.45742709737264,2.2070991483027824,2135.5521008152227,4.083519901565109,54652.068598320104,424.7250230935536,35946.24111429515,641.3921691541707
15.633841514587402,33.35923385620117,0.6957366466522217,33.35923385620117,0.00029033253667876124,129.1321258544922,374.5907897949219,0.1640625,0.9496190547943115,484,3,26.45742709737264,2.2070991483027824,2135.5521008152227,4.083519901565109,54652.068598320104,424.7250230935536,35946.24111429515,641.3921691541707
14.968762397766113,32.35481643676758,0.535173237323761,32.35481262207031,0.0004966240376234055,62.987998962402344,399.3289489746094,0.22265625,0.9470285177230835,485,3,26.45742709737264,2.2070991483027824,2135.5521008152227,4.083519901565109,54652.068598320104,424.7250230935536,35946.24111429515,641.3921691541707
9.820467948913574,21.658395767211914,0.3055523931980133,21.658395767211914,0.0002897405647672713,8.037975311279297,365.11212158203125,0.16796875,0.9481680989265442,486,3,26.45742709737264,2.2070991483027824,2135.5521008152227,4.083519901565109,54652.068598320104,424.7250230935536,35946.24111429515,641.3921691541707
14.529287338256836,30.484167098999023,0.7261799573898315,30.484167098999023,0.0003971143742091954,40.48333740234375,412.3982238769531,0.18359375,0.9494954943656921,487,3,26.45742709737264,2.2070991483027824,2135.5521008152227,4.083519901565109,54652.068598320104,424.7250230935536,35946.24111429515,641.3921691541707
12.52328872680664,27.57501220703125,0.39116907119750977,27.57501220703125,0.0010344462934881449,33.75074005126953,403.07354736328125,0.17578125,0.9506871700286865,488,3,26.45742709737264,2.2070991483027824,2135.5521008152227,4.083519901565109,54652.068598320104,424.7250230935536,35946.24111429515,641.3921691541707
10.332393646240234,22.64385986328125,0.3445432782173157,22.64385986328125,0.0004350139352027327,8.897512435913086,415.5630798339844,0.15625,0.9510743618011475,489,3,26.45742709737264,2.2070991483027824,2135.5521008152227,4.083519901565109,54652.068598320104,424.7250230935536,35946.24111429515,641.3921691541707
12.817111015319824,28.583431243896484,0.407853901386261,28.583431243896484,0.0002707337844185531,47.07337188720703,403.41815185546875,0.1953125,0.9515320062637329,490,3,26.45742709737264,2.2070991483027824,2135.5521008152227,4.083519901565109,54652.068598320104,424.7250230935536,35946.24111429515,641.3921691541707
10.837669372558594,23.836044311523438,0.5114976763725281,23.836044311523438,0.00028901873156428337,5.898342132568359,391.9162902832031,0.140625,0.9489321708679199,491,3,26.45742709737264,2.2070991483027824,2135.5521008152227,4.083519901565109,54652.068598320104,424.7250230935536,35946.24111429515,641.3921691541707
11.673038482666016,25.681190490722656,0.2806010842323303,25.68119239807129,0.001095181331038475,56.07984924316406,390.9278259277344,0.19921875,0.9484876394271851,492,3,26.45742709737264,2.2070991483027824,2135.5521008152227,4.083519901565109,54652.068598320104,424.7250230935536,35946.24111429515,641.3921691541707
15.984891891479492,35.34056091308594,0.6234177947044373,35.34056091308594,0.0003255341434851289,146.36001586914062,398.204345703125,0.19140625,0.9474336504936218,493,3,26.45742709737264,2.2070991483027824,2135.5521008152227,4.083519901565109,54652.068598320104,424.7250230935536,35946.24111429515,641.3921691541707
14.860710144042969,32.024898529052734,0.5025597810745239,32.024898529052734,0.0002929661422967911,64.62904357910156,418.7466125488281,0.1640625,0.9491986632347107,494,3,26.45742709737264,2.2070991483027824,2135.5521008152227,4.083519901565109,54652.068598320104,424.7250230935536,35946.24111429515,641.3921691541707
6.940332412719727,15.480825424194336,0.3322802782058716,15.480825424194336,0.0004171032924205065,2.744250774383545,411.71697998046875,0.125,0.9474601149559021,495,3,26.45742709737264,2.2070991483027824,2135.5521008152227,4.083519901565109,54652.068598320104,424.7250230935536,35946.24111429515,641.3921691541707
16.53466796875,35.99317169189453,0.5944558382034302,35.99317169189453,0.0009546673391014338,136.04588317871094,430.4342346191406,0.203125,0.9494553208351135,496,3,26.45742709737264,2.2070991483027824,2135.5521008152227,4.083519901565109,54652.068598320104,424.7250230935536,35946.24111429515,641.3921691541707
8.203306198120117,18.595184326171875,0.2302694022655487,18.595184326171875,0.00029754178831353784,5.872414588928223,401.431640625,0.140625,0.9480398893356323,497,3,26.45742709737264,2.2070991483027824,2135.5521008152227,4.083519901565109,54652.068598320104,424.7250230935536,35946.24111429515,641.3921691541707
9.593120574951172,21.932884216308594,0.23013542592525482,21.932884216308594,0.0007401468465104699,8.685358047485352,400.9481201171875,0.17578125,0.9489508271217346,498,3,26.45742709737264,2.2070991483027824,2135.5521008152227,4.083519901565109,54652.068598320104,424.7250230935536,35946.24111429515,641.3921691541707
9.386229515075684,21.230609893798828,0.32468801736831665,21.230609893798828,0.0008710036054253578,14.521289825439453,398.40936279296875,0.18359375,0.9488067626953125,499,3,26.45742709737264,2.2070991483027824,2135.5521008152227,4.083519901565109,54652.068598320104,424.7250230935536,35946.24111429515,641.3921691541707
14.289163589477539,31.679460525512695,0.4768504500389099,31.679460525512695,0.0003739570965990424,39.961181640625,419.0755310058594,0.17578125,0.9505802392959595,500,3,26.45742709737264,2.2070991483027824,2135.5521008152227,4.083519901565109,54652.068598320104,424.7250230935536,35946.24111429515,641.3921691541707
10.314155578613281,23.201335906982422,0.18118131160736084,23.201335906982422,0.0005355740431696177,21.742704391479492,378.8796081542969,0.1640625,0.9505974650382996,501,3,26.45742709737264,2.2070991483027824,2135.5521008152227,4.083519901565109,54652.068598320104,424.7250230935536,35946.24111429515,641.3921691541707
10.571416854858398,23.30327033996582,0.40174707770347595,23.30327033996582,0.0003902337048202753,10.992392539978027,432.1510925292969,0.171875,0.9515080451965332,502,3,26.45742709737264,2.2070991483027824,2135.5521008152227,4.083519901565109,54652.068598320104,424.7250230935536,35946.24111429515,641.3921691541707
11.5975341796875,26.456092834472656,0.3472289443016052,26.456092834472656,0.0002570092910900712,13.736542701721191,402.1140441894531,0.14453125,0.9471421241760254,503,3,26.45742709737264,2.2070991483027824,2135.5521008152227,4.083519901565109,54652.068598320104,424.7250230935536,35946.24111429515,641.3921691541707
11.103620529174805,24.152114868164062,0.24707162380218506,24.152114868164062,0.00048465392319485545,39.339935302734375,403.079833984375,0.1875,0.9487830996513367,504,3,26.45742709737264,2.2070991483027824,2135.5521008152227,4.083519901565109,54652.068598320104,424.7250230935536,35946.24111429515,641.3921691541707
9.064852714538574,20.672603607177734,0.2937389016151428,20.672603607177734,0.0007382803596556187,10.728032112121582,402.6293029785156,0.1796875,0.9477726817131042,505,3,26.45742709737264,2.2070991483027824,2135.5521008152227,4.083519901565109,54652.068598320104,424.7250230935536,35946.24111429515,641.3921691541707
10.61159896850586,23.807090759277344,0.4513604938983917,23.807090759277344,0.00019999948563054204,11.4756441116333,428.9243469238281,0.16796875,0.9501487612724304,506,3,26.45742709737264,2.2070991483027824,2135.5521008152227,4.083519901565109,54652.068598320104,424.7250230935536,35946.24111429515,641.3921691541707
13.02263069152832,30.267805099487305,0.5618593692779541,30.267805099487305,0.0002982678124681115,75.20333862304688,418.563720703125,0.23046875,0.9467729926109314,507,3,26.45742709737264,2.2070991483027824,2135.5521008152227,4.083519901565109,54652.068598320104,424.7250230935536,35946.24111429515,641.3921691541707
15.812200546264648,35.025970458984375,0.6522802114486694,35.025970458984375,0.0006330728065222502,101.095703125,433.28839111328125,0.1953125,0.9485599994659424,508,3,26.45742709737264,2.2070991483027824,2135.5521008152227,4.083519901565109,54652.068598320104,424.7250230935536,35946.24111429515,641.3921691541707
12.043035507202148,26.702106475830078,0.4608387351036072,26.702106475830078,0.0002587186172604561,36.460208892822266,416.20574951171875,0.1875,0.9493129849433899,509,3,26.45742709737264,2.2070991483027824,2135.5521008152227,4.083519901565109,54652.068598320104,424.7250230935536,35946.24111429515,641.3921691541707
10.145856857299805,23.604263305664062,0.3914268910884857,23.604263305664062,0.0002835662744473666,10.603852272033691,430.7591552734375,0.16015625,0.9473041892051697,510,3,26.45742709737264,2.2070991483027824,2135.5521008152227,4.083519901565109,54652.068598320104,424.7250230935536,35946.24111429515,641.3921691541707
12.504158020019531,27.68929672241211,0.38460972905158997,27.689298629760742,0.0006828836631029844,47.652923583984375,448.3236389160156,0.17578125,0.9478051066398621,511,3,26.45742709737264,2.2070991483027824,2135.5521008152227,4.083519901565109,54652.068598320104,424.7250230935536,35946.24111429515,641.3921691541707
13.757164001464844,31.849803924560547,0.4117923974990845,31.849803924560547,0.0001812753762351349,67.33895874023438,424.6370544433594,0.18359375,0.9492762088775635,512,3,26.45742709737264,2.2070991483027824,2135.5521008152227,4.083519901565109,54652.068598320104,424.7250230935536,35946.24111429515,641.3921691541707
10.069293975830078,23.748363494873047,0.3646184206008911,23.748363494873047,0.0006711937021464109,10.631591796875,419.24237060546875,0.1484375,0.9478145837783813,513,3,26.45742709737264,2.2070991483027824,2135.5521008152227,4.083519901565109,54652.068598320104,424.7250230935536,35946.24111429515,641.3921691541707
10.628461837768555,24.299922943115234,0.4707830548286438,24.299922943115234,0.00014505856961477548,19.282316207885742,424.5985412597656,0.15234375,0.9501713514328003,514,3,26.45742709737264,2.2070991483027824,2135.5521008152227,4.083519901565109,54652.068598320104,424.7250230935536,35946.24111429515,641.3921691541707
12.333927154541016,27.617279052734375,0.2915947437286377,27.617280960083008,0.00019415593123994768,36.14336395263672,398.47930908203125,0.171875,0.9491266012191772,515,3,26.45742709737264,2.2070991483027824,2135.5521008152227,4.083519901565109,54652.068598320104,424.7250230935536,35946.24111429515,641.3921691541707
10.40835952758789,23.902328491210938,0.3181290030479431,23.902328491210938,0.00037731658085249364,10.457853317260742,405.13934326171875,0.14453125,0.9469090104103088,516,3,26.45742709737264,2.2070991483027824,2135.5521008152227,4.083519901565109,54652.068598320104,424.7250230935536,35946.24111429515,641.3921691541707
14.56199836730957,33.3445930480957,0.6864378452301025,33.3445930480957,0.0013760451693087816,33.19380187988281,439.0865173339844,0.20703125,0.951745331287384,517,3,26.45742709737264,2.2070991483027824,2135.5521008152227,4.083519901565109,54652.068598320104,424.7250230935536,35946.24111429515,641.3921691541707
10.287941932678223,22.910070419311523,0.2415551245212555,22.910070419311523,0.0015009477501735091,53.529075622558594,369.072509765625,0.19140625,0.9491538405418396,518,3,26.45742709737264,2.2070991483027824,2135.5521008152227,4.083519901565109,54652.068598320104,424.7250230935536,35946.24111429515,641.3921691541707
12.300071716308594,28.129323959350586,0.39647752046585083,28.129323959350586,0.0008160553406924009,45.21300506591797,415.9830017089844,0.17578125,0.950210690498352,519,3,26.45742709737264,2.2070991483027824,2135.5521008152227,4.083519901565109,54652.068598320104,424.7250230935536,35946.24111429515,641.3921691541707
12.833955764770508,30.314205169677734,0.483015775680542,30.314205169677734,0.0004884180962108076,28.59431266784668,416.0528564453125,0.16796875,0.9492243528366089,520,3,26.45742709737264,2.2070991483027824,2135.5521008152227,4.083519901565109,54652.068598320104,424.7250230935536,35946.24111429515,641.3921691541707
13.839016914367676,30.608076095581055,0.3866593539714813,30.608076095581055,0.0003546506050042808,56.013084411621094,465.8839111328125,0.16015625,0.9475666880607605,521,3,26.45742709737264,2.2070991483027824,2135.5521008152227,4.083519901565109,54652.068598320104,424.7250230935536,35946.24111429515,641.3921691541707
10.772194862365723,25.184101104736328,0.4515911340713501,25.184101104736328,0.000521395355463028,8.050654411315918,461.10797119140625,0.13671875,0.9480506777763367,522,3,26.45742709737264,2.2070991483027824,2135.5521008152227,4.083519901565109,54652.068598320104,424.7250230935536,35946.24111429515,641.3921691541707
13.474908828735352,30.493576049804688,0.6312034130096436,30.493576049804688,0.00033243035431951284,25.9096622467041,467.70947265625,0.19921875,0.9506357908248901,523,3,26.45742709737264,2.2070991483027824,2135.5521008152227,4.083519901565109,54652.068598320104,424.7250230935536,35946.24111429515,641.3921691541707
10.187667846679688,24.174793243408203,0.23021408915519714,24.174793243408203,0.00037194829201325774,35.04671859741211,416.0140075683594,0.171875,0.9485671520233154,524,3,26.45742709737264,2.2070991483027824,2135.5521008152227,4.083519901565109,54652.068598320104,424.7250230935536,35946.24111429515,641.3921691541707
8.158234596252441,18.73789405822754,0.3031589984893799,18.73789405822754,0.0005372685845941305,11.37441635131836,441.24713134765625,0.15234375,0.9477848410606384,525,3,26.45742709737264,2.2070991483027824,2135.5521008152227,4.083519901565109,54652.068598320104,424.7250230935536,35946.24111429515,641.3921691541707
9.847723007202148,22.768651962280273,0.3315701484680176,22.768651962280273,0.00016615624190308154,2.97019100189209,461.4896545410156,0.12109375,0.9469922780990601,526,3,26.45742709737264,2.2070991483027824,2135.5521008152227,4.083519901565109,54652.068598320104,424.7250230935536,35946.24111429515,641.3921691541707
14.056008338928223,32.83671188354492,0.5931260585784912,32.83671188354492,0.00019067138782702386,52.73744583129883,449.04669189453125,0.17578125,0.950450599193573,527,3,26.45742709737264,2.2070991483027824,2135.5521008152227,4.083519901565109,54652.068598320104,424.7250230935536,35946.24111429515,641.3921691541707
15.0244140625,33.503150939941406,0.5099499225616455,33.503150939941406,0.0003086985379923135,56.93592071533203,436.7900695800781,0.19140625,0.949613630771637,528,3,26.45742709737264,2.2070991483027824,2135.5521008152227,4.083519901565109,54652.068598320104,424.7250230935536,35946.24111429515,641.3921691541707
18.176055908203125,40.42887878417969,0.675792932510376,40.42887878417969,0.0007147578289732337,98.09916687011719,470.697021484375,0.19921875,0.9513466358184814,529,3,26.45742709737264,2.2070991483027824,2135.5521008152227,4.083519901565109,54652.068598320104,424.7250230935536,35946.24111429515,641.3921691541707
10.108370780944824,24.3382625579834,0.28141695261001587,24.3382625579834,0.0004091756709385663,18.720102310180664,431.6269226074219,0.16796875,0.9462424516677856,530,3,26.45742709737264,2.2070991483027824,2135.5521008152227,4.083519901565109,54652.068598320104,424.7250230935536,35946.24111429515,641.3921691541707
9.769070625305176,23.34608268737793,0.3000972867012024,23.346080780029297,0.00031018583104014397,4.429102897644043,436.3495178222656,0.1328125,0.949107825756073,531,3,26.45742709737264,2.2070991483027824,2135.5521008152227,4.083519901565109,54652.068598320104,424.7250230935536,35946.24111429515,641.3921691541707
10.280447959899902,24.16901397705078,0.3452000021934509,24.16901397705078,0.00022698772954754531,3.8267533779144287,438.7939453125,0.140625,0.9491833448410034,532,3,26.45742709737264,2.2070991483027824,2135.5521008152227,4.083519901565109,54652.068598320104,424.7250230935536,35946.24111429515,641.3921691541707
9.630243301391602,22.420461654663086,0.28197938203811646,22.420461654663086,0.0006149730179458857,13.626996994018555,404.9319763183594,0.16015625,0.9486919045448303,533,3,26.45742709737264,2.2070991483027824,2135.5521008152227,4.083519901565109,54652.068598320104,424.7250230935536,35946.24111429515,641.3921691541707
14.588754653930664,33.40589141845703,0.4115993082523346,33.40589141845703,0.0005381808150559664,58.216392517089844,461.7015686035156,0.1796875,0.9490302801132202,534,3,26.45742709737264,2.2070991483027824,2135.5521008152227,4.083519901565109,54652.068598320104,424.7250230935536,35946.24111429515,641.3921691541707
8.602571487426758,20.040542602539062,0.41170966625213623,20.040542602539062,0.0003493326948955655,12.184666633605957,389.4097900390625,0.16015625,0.9505791068077087,535,3,26.45742709737264,2.2070991483027824,2135.5521008152227,4.083519901565109,54652.068598320104,424.7250230935536,35946.24111429515,641.3921691541707
11.553407669067383,26.41326904296875,0.27059489488601685,26.41326904296875,0.00032579770777374506,15.235685348510742,435.296875,0.1484375,0.9509322047233582,536,3,26.45742709737264,2.2070991483027824,2135.5521008152227,4.083519901565109,54652.068598320104,424.7250230935536,35946.24111429515,641.3921691541707
11.967904090881348,25.836244583129883,0.3886599838733673,25.836244583129883,0.0004009363183286041,13.600154876708984,459.5390319824219,0.15234375,0.9509209990501404,537,3,26.45742709737264,2.2070991483027824,2135.5521008152227,4.083519901565109,54652.068598320104,424.7250230935536,35946.24111429515,641.3921691541707
11.121574401855469,25.355613708496094,0.28347712755203247,25.355613708496094,0.00041077128844335675,43.129966735839844,442.097412109375,0.18359375,0.9482178092002869,538,3,26.45742709737264,2.2070991483027824,2135.5521008152227,4.083519901565109,54652.068598320104,424.7250230935536,35946.24111429515,641.3921691541707
12.560340881347656,27.982749938964844,0.46133819222450256,27.982749938964844,0.00027490605134516954,15.726663589477539,474.3338928222656,0.1484375,0.9502221941947937,539,3,26.45742709737264,2.2070991483027824,2135.5521008152227,4.083519901565109,54652.068598320104,424.7250230935536,35946.24111429515,641.3921691541707
15.402416229248047,35.363426208496094,0.4816513657569885,35.363426208496094,0.0010336984414607286,101.91712188720703,460.1180725097656,0.21875,0.9501435160636902,540,3,26.45742709737264,2.2070991483027824,2135.5521008152227,4.083519901565109,54652.068598320104,424.7250230935536,35946.24111429515,641.3921691541707
12.2258939743042,29.09770965576172,0.333068311214447,29.09770965576172,0.00047572844778187573,31.92143440246582,433.1763610839844,0.2109375,0.9463885426521301,541,3,26.45742709737264,2.2070991483027824,2135.5521008152227,4.083519901565109,54652.068598320104,424.7250230935536,35946.24111429515,641.3921691541707
7.487496376037598,17.673757553100586,0.2742903530597687,17.673757553100586,0.0002153501845896244,1.5879743099212646,441.4340515136719,0.11328125,0.951179027557373,542,3,26.45742709737264,2.2070991483027824,2135.5521008152227,4.083519901565109,54652.068598320104,424.7250230935536,35946.24111429515,641.3921691541707
13.045602798461914,30.21077537536621,0.3921829164028168,30.21077537536621,0.0005964513402432203,40.235939025878906,454.67578125,0.203125,0.9478588700294495,543,3,26.45742709737264,2.2070991483027824,2135.5521008152227,4.083519901565109,54652.068598320104,424.7250230935536,35946.24111429515,641.3921691541707
7.607057571411133,17.658435821533203,0.24088986217975616,17.658435821533203,0.0004852882702834904,3.339823007583618,440.557373046875,0.12890625,0.9507835507392883,544,3,26.45742709737264,2.2070991483027824,2135.5521008152227,4.083519901565109,54652.068598320104,424.7250230935536,35946.24111429515,641.3921691541707
14.827840805053711,34.3302001953125,0.3811478018760681,34.330196380615234,0.0004058541380800307,37.92179489135742,486.06646728515625,0.203125,0.9516348242759705,545,3,26.45742709737264,2.2070991483027824,2135.5521008152227,4.083519901565109,54652.068598320104,424.7250230935536,35946.24111429515,641.3921691541707
14.427978515625,33.231842041015625,0.5263702869415283,33.231842041015625,0.0004083376261405647,26.801315307617188,449.6018371582031,0.19140625,0.9495620131492615,546,3,26.45742709737264,2.2070991483027824,2135.5521008152227,4.083519901565109,54652.068598320104,424.7250230935536,35946.24111429515,641.3921691541707
11.30272102355957,26.289409637451172,0.36342817544937134,26.289409637451172,0.0004065175889991224,12.285181045532227,484.1688232421875,0.15234375,0.9499789476394653,547,3,26.45742709737264,2.2070991483027824,2135.5521008152227,4.083519901565109,54652.068598320104,424.7250230935536,35946.24111429515,641.3921691541707
12.44006633758545,28.6563720703125,0.5164821743965149,28.656370162963867,0.0006448131171055138,21.783283233642578,468.80517578125,0.1640625,0.9504078030586243,548,3,26.45742709737264,2.2070991483027824,2135.5521008152227,4.083519901565109,54652.068598320104,424.7250230935536,35946.24111429515,641.3921691541707
8.103836059570312,18.890958786010742,0.23891106247901917,18.890958786010742,0.0004674317315220833,9.615964889526367,448.34991455078125,0.13671875,0.9494205117225647,549,3,26.45742709737264,2.2070991483027824,2135.5521008152227,4.083519901565109,54652.068598320104,424.7250230935536,35946.24111429515,641.3921691541707
7.6852850914001465,18.050752639770508,0.2017623484134674,18.050752639770508,0.0005069058388471603,2.0816469192504883,444.13153076171875,0.11328125,0.9506858587265015,550,3,26.45742709737264,2.2070991483027824,2135.5521008152227,4.083519901565109,54652.068598320104,424.7250230935536,35946.24111429515,641.3921691541707
19.483016967773438,45.176124572753906,0.647956371307373,45.176124572753906,0.0004156998766120523,200.19615173339844,487.814697265625,0.23046875,0.9480168223381042,551,3,26.45742709737264,2.2070991483027824,2135.5521008152227,4.083519901565109,54652.068598320104,424.7250230935536,35946.24111429515,641.3921691541707
12.958227157592773,29.513628005981445,0.49616754055023193,29.513628005981445,0.0008128207991831005,30.391124725341797,455.9969482421875,0.18359375,0.9502788186073303,552,3,26.45742709737264,2.2070991483027824,2135.5521008152227,4.083519901565109,54652.068598320104,424.7250230935536,35946.24111429515,641.3921691541707
13.83826732635498,32.41715621948242,0.582244873046875,32.41716003417969,0.0004689234774559736,20.797405242919922,469.47576904296875,0.18359375,0.948988139629364,553,3,26.45742709737264,2.2070991483027824,2135.5521008152227,4.083519901565109,54652.068598320104,424.7250230935536,35946.24111429515,641.3921691541707
11.227701187133789,25.10407829284668,0.5712783336639404,25.10407829284668,0.00017122352437581867,8.594718933105469,457.8623352050781,0.16015625,0.9522228240966797,554,3,26.45742709737264,2.2070991483027824,2135.5521008152227,4.083519901565109,54652.068598320104,424.7250230935536,35946.24111429515,641.3921691541707
13.248956680297852,30.598657608032227,0.422959566116333,30.598657608032227,0.0003044077311642468,32.30813980102539,480.6697692871094,0.15234375,0.9501089453697205,555,3,26.45742709737264,2.2070991483027824,2135.5521008152227,4.083519901565109,54652.068598320104,424.7250230935536,35946.24111429515,641.3921691541707
9.594940185546875,23.09668731689453,0.35768377780914307,23.09668731689453,0.0002728216350078583,16.689781188964844,438.17193603515625,0.15234375,0.9474619626998901,556,3,26.45742709737264,2.2070991483027824,2135.5521008152227,4.083519901565109,54652.068598320104,424.7250230935536,35946.24111429515,641.3921691541707
13.955577850341797,32.84059524536133,0.44230982661247253,32.84059524536133,0.0002698168100323528,29.07368278503418,446.7649841308594,0.16015625,0.9488138556480408,557,3,26.45742709737264,2.2070991483027824,2135.5521008152227,4.083519901565109,54652.068598320104,424.7250230935536,35946.24111429515,641.3921691541707
10.943632125854492,26.366456985473633,0.43326514959335327,26.366455078125,0.0004991088062524796,9.748320579528809,469.3971862792969,0.14453125,0.9460002183914185,558,3,26.45742709737264,2.2070991483027824,2135.5521008152227,4.083519901565109,54652.068598320104,424.7250230935536,35946.24111429515,641.3921691541707
14.645082473754883,34.62422180175781,0.45644456148147583,34.62422180175781,0.0005562193691730499,77.59588623046875,463.82501220703125,0.171875,0.9487320184707642,559,3,26.45742709737264,2.2070991483027824,2135.5521008152227,4.083519901565109,54652.068598320104,424.7250230935536,35946.24111429515,641.3921691541707
10.69038200378418,24.821353912353516,0.4594203233718872,24.821353912353516,0.00037142966175451875,5.926766395568848,452.2345886230469,0.1484375,0.9503162503242493,560,3,26.45742709737264,2.2070991483027824,2135.5521008152227,4.083519901565109,54652.068598320104,424.7250230935536,35946.24111429515,641.3921691541707
12.882463455200195,31.563270568847656,0.40183308720588684,31.563270568847656,0.00046560121700167656,30.007877349853516,494.9485168457031,0.17578125,0.9492071270942688,561,3,26.45742709737264,2.2070991483027824,2135.5521008152227,4.083519901565109,54652.068598320104,424.7250230935536,35946.24111429515,641.3921691541707
10.365586280822754,23.8579158782959,0.38163694739341736,23.8579158782959,0.0002166178310289979,9.65418815612793,423.7391052246094,0.14453125,0.9468515515327454,562,3,26.45742709737264,2.2070991483027824,2135.5521008152227,4.083519901565109,54652.068598320104,424.7250230935536,35946.24111429515,641.3921691541707
14.595491409301758,35.31242370605469,0.6058845520019531,35.31242370605469,0.0009000120335258543,89.34190368652344,464.30029296875,0.19921875,0.9494602084159851,563,3,26.45742709737264,2.2070991483027824,2135.5521008152227,4.083519901565109,54652.068598320104,424.7250230935536,35946.24111429515,641.3921691541707
10.190096855163574,24.439170837402344,0.22892634570598602,24.439170837402344,0.0006102200131863356,50.70098114013672,467.4822082519531,0.16796875,0.9519227147102356,564,3,26.45742709737264,2.2070991483027824,2135.5521008152227,4.083519901565109,54652.068598320104,424.7250230935536,35946.24111429515,641.3921691541707
8.69453239440918,20.07604217529297,0.16851210594177246,20.07604217529297,0.000583083659876138,4.6605706214904785,453.5330505371094,0.1484375,0.9485189318656921,565,3,26.45742709737264,2.2070991483027824,2135.5521008152227,4.083519901565109,54652.068598320104,424.7250230935536,35946.24111429515,641.3921691541707
12.704530715942383,29.91596794128418,0.44795554876327515,29.91596794128418,9.265819971915334e-05,11.327489852905273,482.01519775390625,0.17578125,0.9491954445838928,566,3,26.45742709737264,2.2070991483027824,2135.5521008152227,4.083519901565109,54652.068598320104,424.7250230935536,35946.24111429515,641.3921691541707
9.1083345413208,22.09213638305664,0.23098036646842957,22.09213638305664,0.0003640917129814625,14.07223129272461,467.2392883300781,0.15234375,0.9504715800285339,567,3,26.45742709737264,2.2070991483027824,2135.5521008152227,4.083519901565109,54652.068598320104,424.7250230935536,35946.24111429515,641.3921691541707
9.878070831298828,22.809921264648438,0.22194841504096985,22.809921264648438,0.00039678538450971246,9.820608139038086,476.8850402832031,0.14453125,0.9498528242111206,568,3,26.45742709737264,2.2070991483027824,2135.5521008152227,4.083519901565109,54652.068598320104,424.7250230935536,35946.24111429515,641.3921691541707
12.505302429199219,29.504669189453125,0.22993780672550201,29.504667282104492,0.0003743585548363626,21.954832077026367,464.1033935546875,0.15625,0.9509551525115967,569,3,26.45742709737264,2.2070991483027824,2135.5521008152227,4.083519901565109,54652.068598320104,424.7250230935536,35946.24111429515,641.3921691541707
14.010854721069336,33.82634735107422,0.3651731014251709,33.82634735107422,0.0003698532818816602,47.17669677734375,491.9049987792969,0.21484375,0.9484807252883911,570,3,26.45742709737264,2.2070991483027824,2135.5521008152227,4.083519901565109,54652.068598320104,424.7250230935536,35946.24111429515,641.3921691541707
17.857120513916016,41.66542053222656,0.5597376823425293,41.66542053222656,0.00021904910681769252,148.71817016601562,507.398193359375,0.171875,0.949860692024231,571,3,26.45742709737264,2.2070991483027824,2135.5521008152227,4.083519901565109,54652.068598320104,424.7250230935536,35946.24111429515,641.3921691541707
6.8460798263549805,16.602449417114258,0.19108542799949646,16.60245132446289,0.00021899587591178715,2.5180282592773438,429.68707275390625,0.1484375,0.9452929496765137,572,3,26.45742709737264,2.2070991483027824,2135.5521008152227,4.083519901565109,54652.068598320104,424.7250230935536,35946.24111429515,641.3921691541707
9.970769882202148,24.173782348632812,0.3242875635623932,24.173782348632812,0.0002983930753543973,15.570812225341797,444.2065734863281,0.1640625,0.9511436820030212,573,3,26.45742709737264,2.2070991483027824,2135.5521008152227,4.083519901565109,54652.068598320104,424.7250230935536,35946.24111429515,641.3921691541707
13.450439453125,32.91978454589844,0.5297516584396362,32.91978454589844,0.00025732762878760695,47.55003356933594,469.6076965332031,0.203125,0.9493850469589233,574,3,26.45742709737264,2.2070991483027824,2135.5521008152227,4.083519901565109,54652.068598320104,424.7250230935536,35946.24111429515,641.3921691541707
11.042509078979492,26.475223541259766,0.33706241846084595,26.475223541259766,0.0005491694901138544,21.926687240600586,463.6424865722656,0.16796875,0.9498911499977112,575,3,26.45742709737264,2.2070991483027824,2135.5521008152227,4.083519901565109,54652.068598320104,424.7250230935536,35946.24111429515,641.3921691541707
14.237007141113281,33.9930305480957,0.46632468700408936,33.9930305480957,0.0004301595618017018,46.980262756347656,490.3937072753906,0.1875,0.9487770795822144,576,3,26.45742709737264,2.2070991483027824,2135.5521008152227,4.083519901565109,54652.068598320104,424.7250230935536,35946.24111429515,641.3921691541707
10.596263885498047,24.806821823120117,0.235670804977417,24.80682373046875,0.0003738559316843748,8.033693313598633,462.2662353515625,0.16015625,0.9487372040748596,577,3,26.45742709737264,2.2070991483027824,2135.5521008152227,4.083519901565109,54652.068598320104,424.7250230935536,35946.24111429515,641.3921691541707
12.83322525024414,30.989410400390625,0.3460386395454407,30.989410400390625,0.0005167374620214105,25.433488845825195,488.5921325683594,0.19921875,0.9535095691680908,578,3,26.45742709737264,2.2070991483027824,2135.5521008152227,4.083519901565109,54652.068598320104,424.7250230935536,35946.24111429515,641.3921691541707
12.941289901733398,31.679744720458984,0.5468283295631409,31.679744720458984,0.00023034116020426154,17.8919620513916,504.7581787109375,0.140625,0.9504512548446655,579,3,26.45742709737264,2.2070991483027824,2135.5521008152227,4.083519901565109,54652.068598320104,424.7250230935536,35946.24111429515,641.3921691541707
12.474058151245117,30.39600372314453,0.39179307222366333,30.39600372314453,0.00010855856817215681,30.58219337463379,515.7261962890625,0.1640625,0.9489374160766602,580,3,26.45742709737264,2.2070991483027824,2135.5521008152227,4.083519901565109,54652.068598320104,424.7250230935536,35946.24111429515,641.3921691541707
10.71681022644043,26.581951141357422,0.3168017268180847,26.581951141357422,0.0008378403726965189,4.891201496124268,516.2927856445312,0.14453125,0.9492281079292297,581,3,26.45742709737264,2.2070991483027824,2135.5521008152227,4.083519901565109,54652.068598320104,424.7250230935536,35946.24111429515,641.3921691541707
15.453676223754883,37.15544128417969,0.5635999441146851,37.15544128417969,0.00028639804804697633,46.21677780151367,520.9725341796875,0.1953125,0.9513515830039978,582,3,26.45742709737264,2.2070991483027824,2135.5521008152227,4.083519901565109,54652.068598320104,424.7250230935536,35946.24111429515,641.3921691541707
13.130526542663574,31.773298263549805,0.5164093971252441,31.773298263549805,0.00033017777604982257,48.264747619628906,495.4557189941406,0.203125,0.9504886269569397,583,3,26.45742709737264,2.2070991483027824,2135.5521008152227,4.083519901565109,54652.068598320104,424.7250230935536,35946.24111429515,641.3921691541707
12.345720291137695,29.12970733642578,0.34096288681030273,29.12970733642578,0.0006656906334683299,40.107330322265625,477.1354675292969,0.21875,0.950985848903656,584,3,26.45742709737264,2.2070991483027824,2135.5521008152227,4.083519901565109,54652.068598320104,424.7250230935536,35946.24111429515,641.3921691541707
14.289731979370117,35.02881622314453,0.4776895046234131,35.0288200378418,0.000549862626940012,49.35725784301758,479.95916748046875,0.171875,0.9476821422576904,585,3,26.45742709737264,2.2070991483027824,2135.5521008152227,4.083519901565109,54652.068598320104,424.7250230935536,35946.24111429515,641.3921691541707
14.136414527893066,34.55152130126953,0.5695812106132507,34.55152130126953,0.00037066161166876554,14.448650360107422,506.2644348144531,0.1640625,0.948700487613678,586,3,26.45742709737264,2.2070991483027824,2135.5521008152227,4.083519901565109,54652.068598320104,424.7250230935536,35946.24111429515,641.3921691541707
10.416891098022461,25.73928451538086,0.3318020701408386,25.73928451538086,0.00046071322867646813,11.240520477294922,483.43023681640625,0.16015625,0.9500142931938171,587,3,26.45742709737264,2.2070991483027824,2135.5521008152227,4.083519901565109,54652.068598320104,424.7250230935536,35946.24111429515,641.3921691541707
16.9442195892334,40.831764221191406,0.4517149329185486,40.831764221191406,0.000402504374505952,107.34567260742188,513.8430786132812,0.21484375,0.9508325457572937,588,3,26.45742709737264,2.2070991483027824,2135.5521008152227,4.083519901565109,54652.068598320104,424.7250230935536,35946.24111429515,641.3921691541707
8.059249877929688,19.954195022583008,0.19806797802448273,19.954195022583008,0.0004775627749040723,9.518852233886719,465.54827880859375,0.16015625,0.9472463726997375,589,3,26.45742709737264,2.2070991483027824,2135.5521008152227,4.083519901565109,54652.068598320104,424.7250230935536,35946.24111429515,641.3921691541707
11.878313064575195,28.72968292236328,0.3478420078754425,28.72968292236328,0.0006441358709707856,42.00832748413086,502.83673095703125,0.171875,0.9484927654266357,590,3,26.45742709737264,2.2070991483027824,2135.5521008152227,4.083519901565109,54652.068598320104,424.7250230935536,35946.24111429515,641.3921691541707
10.421442031860352,25.536327362060547,0.29369649291038513,25.536327362060547,0.0003003383753821254,12.577451705932617,473.3087463378906,0.171875,0.9480893015861511,591,3,26.45742709737264,2.2070991483027824,2135.5521008152227,4.083519901565109,54652.068598320104,424.7250230935536,35946.24111429515,641.3921691541707
13.971973419189453,34.87123107910156,0.3658313751220703,34.87123107910156,0.0005837151547893882,28.745285034179688,549.1626586914062,0.17578125,0.9487442374229431,592,3,26.45742709737264,2.2070991483027824,2135.5521008152227,4.083519901565109,54652.068598320104,424.7250230935536,35946.24111429515,641.3921691541707
10.62797737121582,26.581554412841797,0.4217621982097626,26.581554412841797,0.0003699969965964556,35.52854919433594,495.9146423339844,0.1640625,0.9482618570327759,593,3,26.45742709737264,2.2070991483027824,2135.5521008152227,4.083519901565109,54652.068598320104,424.7250230935536,35946.24111429515,641.3921691541707
8.725136756896973,22.01384162902832,0.23700404167175293,22.01384162902832,0.0004849433316849172,10.238546371459961,445.974853515625,0.16796875,0.9516198039054871,594,3,26.45742709737264,2.2070991483027824,2135.5521008152227,4.083519901565109,54652.068598320104,424.7250230935536,35946.24111429515,641.3921691541707
11.206571578979492,27.677072525024414,0.27000167965888977,27.677072525024414,0.0005009076558053493,6.202651023864746,497.26177978515625,0.1640625,0.9474788904190063,595,3,26.45742709737264,2.2070991483027824,2135.5521008152227,4.083519901565109,54652.068598320104,424.7250230935536,35946.24111429515,641.3921691541707
12.704025268554688,30.368762969970703,0.27573156356811523,30.368762969970703,0.0006651667645201087,47.60691833496094,470.8277282714844,0.1953125,0.9476536512374878,596,3,26.45742709737264,2.2070991483027824,2135.5521008152227,4.083519901565109,54652.068598320104,424.7250230935536,35946.24111429515,641.3921691541707
9.665739059448242,23.665904998779297,0.2797483503818512,23.665904998779297,0.00019893884018529207,2.0448851585388184,474.5644836425781,0.1171875,0.948866605758667,597,3,26.45742709737264,2.2070991483027824,2135.5521008152227,4.083519901565109,54652.068598320104,424.7250230935536,35946.24111429515,641.3921691541707
9.992810249328613,25.01874351501465,0.3428393602371216,25.01874351501465,0.00027388741727918386,7.567074775695801,496.0226745605469,0.14453125,0.9494330883026123,598,3,26.45742709737264,2.2070991483027824,2135.5521008152227,4.083519901565109,54652.068598320104,424.7250230935536,35946.24111429515,641.3921691541707
14.429630279541016,37.099143981933594,0.4902403652667999,37.09914779663086,0.0005029767053201795,56.81981658935547,533.2521362304688,0.171875,0.9494962692260742,599,3,26.45742709737264,2.2070991483027824,2135.5521008152227,4.083519901565109,54652.068598320104,424.7250230935536,35946.24111429515,641.3921691541707
11.210824966430664,28.06552505493164,0.26296722888946533,28.06552505493164,0.0009935570415109396,13.185322761535645,551.9623413085938,0.171875,0.9468054175376892,600,3,26.45742709737264,2.2070991483027824,2135.5521008152227,4.083519901565109,54652.068598320104,424.7250230935536,35946.24111429515,641.3921691541707
10.77237606048584,27.342571258544922,0.2502034306526184,27.342571258544922,0.0007309972424991429,43.17577362060547,472.20587158203125,0.19140625,0.9496678113937378,601,3,26.45742709737264,2.2070991483027824,2135.5521008152227,4.083519901565109,54652.068598320104,424.7250230935536,35946.24111429515,641.3921691541707
14.02878189086914,34.546409606933594,0.6949316263198853,34.546409606933594,0.0005890955217182636,33.49702835083008,543.4881591796875,0.171875,0.9497067928314209,602,3,26.45742709737264,2.2070991483027824,2135.5521008152227,4.083519901565109,54652.068598320104,424.7250230935536,35946.24111429515,641.3921691541707
14.276626586914062,36.44855499267578,0.383741557598114,36.44855499267578,0.0011501226108521223,58.892738342285156,539.1780395507812,0.1640625,0.9492074251174927,603,3,26.45742709737264,2.2070991483027824,2135.5521008152227,4.083519901565109,54652.068598320104,424.7250230935536,35946.24111429515,641.3921691541707
17.110095977783203,42.11493682861328,0.3935825824737549,42.11493682861328,0.0019275881350040436,128.568359375,515.9823608398438,0.24609375,0.9477633237838745,604,3,26.45742709737264,2.2070991483027824,2135.5521008152227,4.083519901565109,54652.068598320104,424.7250230935536,35946.24111429515,641.3921691541707
17.49394989013672,44.151161193847656,0.4686490297317505,44.151161193847656,0.0006093066185712814,162.52120971679688,524.57763671875,0.19140625,0.9471601843833923,605,3,26.45742709737264,2.2070991483027824,2135.5521008152227,4.083519901565109,54652.068598320104,424.7250230935536,35946.24111429515,641.3921691541707
12.705188751220703,31.773836135864258,0.604351818561554,31.773836135864258,0.0007083200034685433,11.380134582519531,539.8362426757812,0.17578125,0.9483669996261597,606,3,26.45742709737264,2.2070991483027824,2135.5521008152227,4.083519901565109,54652.068598320104,424.7250230935536,35946.24111429515,641.3921691541707
10.25319766998291,25.906211853027344,0.2242150455713272,25.906211853027344,0.00037995041930116713,17.836267471313477,522.7274169921875,0.171875,0.9464719891548157,607,3,26.45742709737264,2.2070991483027824,2135.5521008152227,4.083519901565109,54652.068598320104,424.7250230935536,35946.24111429515,641.3921691541707
10.040283203125,25.06798553466797,0.23756225407123566,25.06798553466797,0.00033238145988434553,7.287374973297119,451.243408203125,0.171875,0.9481881260871887,608,3,26.45742709737264,2.2070991483027824,2135.5521008152227,4.083519901565109,54652.068598320104,424.7250230935536,35946.24111429515,641.3921691541707
17.24646759033203,43.9815788269043,0.5444906949996948,43.9815788269043,0.0013953323941677809,99.38644409179688,565.3048706054688,0.21484375,0.9520292282104492,609,3,26.45742709737264,2.2070991483027824,2135.5521008152227,4.083519901565109,54652.068598320104,424.7250230935536,35946.24111429515,641.3921691541707
11.58793830871582,29.456193923950195,0.4448939263820648,29.456193923950195,0.0006436354015022516,31.31270980834961,529.8628540039062,0.1796875,0.9497568011283875,610,3,26.45742709737264,2.2070991483027824,2135.5521008152227,4.083519901565109,54652.068598320104,424.7250230935536,35946.24111429515,641.3921691541707
10.01138687133789,24.87151527404785,0.24114423990249634,24.87151527404785,0.0008973999647423625,38.396636962890625,443.1559753417969,0.21875,0.9458531737327576,611,3,26.45742709737264,2.2070991483027824,2135.5521008152227,4.083519901565109,54652.068598320104,424.7250230935536,35946.24111429515,641.3921691541707
11.643513679504395,28.4422607421875,0.3167881369590759,28.4422607421875,0.0011733935680240393,17.37627410888672,550.8392944335938,0.1640625,0.9461134076118469,612,3,26.45742709737264,2.2070991483027824,2135.5521008152227,4.083519901565109,54652.068598320104,424.7250230935536,35946.24111429515,641.3921691541707
10.386178970336914,25.779138565063477,0.3690008819103241,25.779138565063477,0.00034137145848944783,2.7493438720703125,507.68572998046875,0.1328125,0.9507517218589783,613,3,26.45742709737264,2.2070991483027824,2135.5521008152227,4.083519901565109,54652.068598320104,424.7250230935536,35946.24111429515,641.3921691541707
12.852431297302246,32.87815856933594,0.42143988609313965,32.87815856933594,0.0003637016052380204,5.974696159362793,526.784912109375,0.1328125,0.9489110708236694,614,3,26.45742709737264,2.2070991483027824,2135.5521008152227,4.083519901565109,54652.068598320104,424.7250230935536,35946.24111429515,641.3921691541707
9.577529907226562,24.16413116455078,0.31167832016944885,24.16413116455078,0.0003733416087925434,7.684403419494629,499.7442321777344,0.15234375,0.9520076513290405,615,3,26.45742709737264,2.2070991483027824,2135.5521008152227,4.083519901565109,54652.068598320104,424.7250230935536,35946.24111429515,641.3921691541707
12.36972427368164,31.28107452392578,0.25243932008743286,31.28107452392578,0.00024673592997714877,12.639364242553711,536.1500854492188,0.15234375,0.9466205835342407,616,3,26.45742709737264,2.2070991483027824,2135.5521008152227,4.083519901565109,54652.068598320104,424.7250230935536,35946.24111429515,641.3921691541707
10.919178009033203,26.73126220703125,0.4538024365901947,26.73126220703125,0.0008182066376321018,25.697383880615234,548.0269775390625,0.15625,0.9500185251235962,617,3,26.45742709737264,2.2070991483027824,2135.5521008152227,4.083519901565109,54652.068598320104,424.7250230935536,35946.24111429515,641.3921691541707
15.928153991699219,39.80849075317383,0.5767121315002441,39.80849075317383,0.000861356733366847,88.36386108398438,569.7345581054688,0.203125,0.948053240776062,618,3,26.45742709737264,2.2070991483027824,2135.5521008152227,4.083519901565109,54652.068598320104,424.7250230935536,35946.24111429515,641.3921691541707
14.652325630187988,38.091773986816406,0.42617061734199524,38.091773986816406,0.00047605708823539317,17.71230697631836,555.523193359375,0.15625,0.9508164525032043,619,3,26.45742709737264,2.2070991483027824,2135.5521008152227,4.083519901565109,54652.068598320104,424.7250230935536,35946.24111429515,641.3921691541707
14.944414138793945,37.61555480957031,0.36075806617736816,37.61555480957031,0.0008865110576152802,63.37727355957031,526.7568359375,0.171875,0.9462047219276428,620,3,26.45742709737264,2.2070991483027824,2135.5521008152227,4.083519901565109,54652.068598320104,424.7250230935536,35946.24111429515,641.3921691541707
11.16758918762207,28.857393264770508,0.3146264851093292,28.857393264770508,0.001279497635550797,27.930095672607422,531.6339111328125,0.203125,0.9492470026016235,621,3,26.45742709737264,2.2070991483027824,2135.5521008152227,4.083519901565109,54652.068598320104,424.7250230935536,35946.24111429515,641.3921691541707
14.72947883605957,36.610923767089844,0.503978431224823,36.61092758178711,0.0004656174569390714,6.175934791564941,546.3519897460938,0.14453125,0.9495404362678528,622,3,26.45742709737264,2.2070991483027824,2135.5521008152227,4.083519901565109,54652.068598320104,424.7250230935536,35946.24111429515,641.3921691541707
11.794546127319336,30.394649505615234,0.34019845724105835,30.394649505615234,0.000299894658382982,8.509547233581543,542.3956909179688,0.15625,0.9480568766593933,623,3,26.45742709737264,2.2070991483027824,2135.5521008152227,4.083519901565109,54652.068598320104,424.7250230935536,35946.24111429515,641.3921691541707
16.051288604736328,40.46642303466797,0.4652920961380005,40.46642303466797,0.0003526593209244311,32.914615631103516,582.128662109375,0.18359375,0.9494749307632446,624,3,26.45742709737264,2.2070991483027824,2135.5521008152227,4.083519901565109,54652.068598320104,424.7250230935536,35946.24111429515,641.3921691541707
14.336087226867676,37.591575622558594,0.4324280321598053,37.591575622558594,0.0004164126003161073,69.35995483398438,571.4153442382812,0.1640625,0.9476355314254761,625,3,26.45742709737264,2.2070991483027824,2135.5521008152227,4.083519901565109,54652.068598320104,424.7250230935536,35946.24111429515,641.3921691541707
13.670187950134277,35.531463623046875,0.3434268832206726,35.531463623046875,0.00024111123639158905,43.236305236816406,537.8389892578125,0.15234375,0.950805127620697,626,3,26.45742709737264,2.2070991483027824,2135.5521008152227,4.083519901565109,54652.068598320104,424.7250230935536,35946.24111429515,641.3921691541707
10.907356262207031,27.006744384765625,0.370120644569397,27.006744384765625,0.00094981724396348,12.857444763183594,488.454345703125,0.16015625,0.9489364624023438,627,3,26.45742709737264,2.2070991483027824,2135.5521008152227,4.083519901565109,54652.068598320104,424.7250230935536,35946.24111429515,641.3921691541707
12.141592025756836,31.358091354370117,0.31854140758514404,31.358089447021484,0.0004467660328373313,7.191161632537842,511.61602783203125,0.14453125,0.9462118744850159,628,3,26.45742709737264,2.2070991483027824,2135.5521008152227,4.083519901565109,54652.068598320104,424.7250230935536,35946.24111429515,641.3921691541707
8.503520011901855,22.145723342895508,0.2035040408372879,22.145723342895508,0.0005306230159476399,3.6257286071777344,528.1558227539062,0.13671875,0.9506235718727112,629,3,26.45742709737264,2.2070991483027824,2135.5521008152227,4.083519901565109,54652.068598320104,424.7250230935536,35946.24111429515,641.3921691541707
11.364279747009277,31.039087295532227,0.20105206966400146,31.039087295532227,0.00040834659012034535,26.916135787963867,539.2377319335938,0.1328125,0.9479103684425354,630,3,26.45742709737264,2.2070991483027824,2135.5521008152227,4.083519901565109,54652.068598320104,424.7250230935536,35946.24111429515,641.3921691541707
14.99393367767334,38.06120300292969,0.5993645787239075,38.06120681762695,0.00032512523466721177,18.658700942993164,546.5071411132812,0.16015625,0.9474920630455017,631,3,26.45742709737264,2.2070991483027824,2135.5521008152227,4.083519901565109,54652.068598320104,424.7250230935536,35946.24111429515,641.3921691541707
14.001924514770508,36.24418640136719,0.40439140796661377,36.24418640136719,0.0005422306712716818,53.480926513671875,584.342529296875,0.18359375,0.949174165725708,632,3,26.45742709737264,2.2070991483027824,2135.5521008152227,4.083519901565109,54652.068598320104,424.7250230935536,35946.24111429515,641.3921691541707
11.324739456176758,29.348081588745117,0.32968950271606445,29.348081588745117,0.0005629835650324821,9.99294662475586,589.9683227539062,0.15234375,0.95206218957901,633,3,26.45742709737264,2.2070991483027824,2135.5521008152227,4.083519901565109,54652.068598320104,424.7250230935536,35946.24111429515,641.3921691541707
12.787346839904785,31.832744598388672,0.40298062562942505,31.832748413085938,0.0003417475672904402,27.773162841796875,568.9032592773438,0.171875,0.9507940411567688,634,3,26.45742709737264,2.2070991483027824,2135.5521008152227,4.083519901565109,54652.068598320104,424.7250230935536,35946.24111429515,641.3921691541707
14.255617141723633,36.52186584472656,0.36444008350372314,36.52186965942383,0.0007984311087056994,42.64640808105469,580.3245239257812,0.18359375,0.9498438239097595,635,3,26.45742709737264,2.2070991483027824,2135.5521008152227,4.083519901565109,54652.068598320104,424.7250230935536,35946.24111429515,641.3921691541707
10.029963493347168,26.792360305786133,0.3595396876335144,26.792360305786133,0.0005094966618344188,4.22443962097168,540.9700927734375,0.13671875,0.9489749670028687,636,3,26.45742709737264,2.2070991483027824,2135.5521008152227,4.083519901565109,54652.068598320104,424.7250230935536,35946.24111429515,641.3921691541707
12.790042877197266,34.204002380371094,0.3398793637752533,34.204002380371094,0.00048783374950289726,40.70306396484375,569.92431640625,0.1640625,0.9481067061424255,637,3,26.45742709737264,2.2070991483027824,2135.5521008152227,4.083519901565109,54652.068598320104,424.7250230935536,35946.24111429515,641.3921691541707
16.32018280029297,41.89670944213867,0.5912501811981201,41.89670944213867,0.00033670407719910145,94.74217987060547,576.5259399414062,0.17578125,0.9475108981132507,638,3,26.45742709737264,2.2070991483027824,2135.5521008152227,4.083519901565109,54652.068598320104,424.7250230935536,35946.24111429515,641.3921691541707
12.840200424194336,34.1025390625,0.38133740425109863,34.1025390625,0.00030502831214107573,41.2963981628418,548.349365234375,0.171875,0.9515584111213684,639,3,26.45742709737264,2.2070991483027824,2135.5521008152227,4.083519901565109,54652.068598320104,424.7250230935536,35946.24111429515,641.3921691541707
14.074068069458008,36.915401458740234,0.35962456464767456,36.915401458740234,0.00031551605206914246,7.854245662689209,553.8341064453125,0.17578125,0.9518489241600037,640,3,26.45742709737264,2.2070991483027824,2135.5521008152227,4.083519901565109,54652.068598320104,424.7250230935536,35946.24111429515,641.3921691541707
9.927209854125977,24.844242095947266,0.1763550043106079,24.844242095947266,0.0003589837288018316,8.944414138793945,542.8289184570312,0.140625,0.9460641741752625,641,3,26.45742709737264,2.2070991483027824,2135.5521008152227,4.083519901565109,54652.068598320104,424.7250230935536,35946.24111429515,641.3921691541707
7.982234001159668,20.99887466430664,0.15593573451042175,20.998872756958008,0.00025421890313737094,3.295956611633301,556.3253173828125,0.125,0.9491949677467346,642,3,26.45742709737264,2.2070991483027824,2135.5521008152227,4.083519901565109,54652.068598320104,424.7250230935536,35946.24111429515,641.3921691541707
12.060744285583496,31.54224967956543,0.31821316480636597,31.54224967956543,0.00031862605828791857,28.662063598632812,506.82781982421875,0.1484375,0.9489850997924805,643,3,26.45742709737264,2.2070991483027824,2135.5521008152227,4.083519901565109,54652.068598320104,424.7250230935536,35946.24111429515,641.3921691541707
12.452756881713867,33.61396026611328,0.3365691304206848,33.61396026611328,0.0007401498733088374,59.23035430908203,515.371826171875,0.18359375,0.9485083818435669,644,3,26.45742709737264,2.2070991483027824,2135.5521008152227,4.083519901565109,54652.068598320104,424.7250230935536,35946.24111429515,641.3921691541707
18.19818115234375,48.187400817871094,0.4963458180427551,48.187400817871094,0.0004621549742296338,212.39990234375,570.119384765625,0.19921875,0.9496009349822998,645,3,26.45742709737264,2.2070991483027824,2135.5521008152227,4.083519901565109,54652.068598320104,424.7250230935536,35946.24111429515,641.3921691541707
12.233329772949219,32.53034210205078,0.27244237065315247,32.53034210205078,0.000299094885122031,13.683732032775879,548.1820678710938,0.1328125,0.9516963362693787,646,3,26.45742709737264,2.2070991483027824,2135.5521008152227,4.083519901565109,54652.068598320104,424.7250230935536,35946.24111429515,641.3921691541707
10.412511825561523,26.73906707763672,0.33377891778945923,26.73906707763672,0.000615294964518398,6.500753879547119,523.1674194335938,0.1484375,0.9482110142707825,647,3,26.45742709737264,2.2070991483027824,2135.5521008152227,4.083519901565109,54652.068598320104,424.7250230935536,35946.24111429515,641.3921691541707
10.36915397644043,25.83352279663086,0.3495301902294159,25.83352279663086,0.0002712524146772921,18.069169998168945,546.1874389648438,0.14453125,0.9540413022041321,648,3,26.45742709737264,2.2070991483027824,2135.5521008152227,4.083519901565109,54652.068598320104,424.7250230935536,35946.24111429515,641.3921691541707
11.275171279907227,29.74288558959961,0.45198971033096313,29.74288558959961,0.00031504358048550785,9.787778854370117,536.0762329101562,0.15234375,0.9490941762924194,649,3,26.45742709737264,2.2070991483027824,2135.5521008152227,4.083519901565109,54652.068598320104,424.7250230935536,35946.24111429515,641.3921691541707
15.812429428100586,41.94713592529297,0.4428005814552307,41.94713592529297,0.0010463146027177572,81.9004135131836,556.2841796875,0.20703125,0.9492075443267822,650,3,26.45742709737264,2.2070991483027824,2135.5521008152227,4.083519901565109,54652.068598320104,424.7250230935536,35946.24111429515,641.3921691541707
13.16864013671875,33.97401428222656,0.35650336742401123,33.97401428222656,0.00046645820839330554,65.8033447265625,540.8013916015625,0.18359375,0.9503179788589478,651,3,26.45742709737264,2.2070991483027824,2135.5521008152227,4.083519901565109,54652.068598320104,424.7250230935536,35946.24111429515,641.3921691541707
10.88206672668457,28.172176361083984,0.3060407042503357,28.172176361083984,0.001205261331051588,17.945051193237305,503.11541748046875,0.171875,0.9485918283462524,652,3,26.45742709737264,2.2070991483027824,2135.5521008152227,4.083519901565109,54652.068598320104,424.7250230935536,35946.24111429515,641.3921691541707
11.366678237915039,30.301301956176758,0.37644803524017334,30.301300048828125,0.0001653760118642822,9.97140121459961,554.7249755859375,0.14453125,0.9490560293197632,653,3,26.45742709737264,2.2070991483027824,2135.5521008152227,4.083519901565109,54652.068598320104,424.7250230935536,35946.24111429515,641.3921691541707
6.5992817878723145,18.126508712768555,0.2280629575252533,18.126508712768555,0.00043636682676151395,6.85317325592041,486.4498596191406,0.15625,0.9502047896385193,654,3,26.45742709737264,2.2070991483027824,2135.5521008152227,4.083519901565109,54652.068598320104,424.7250230935536,35946.24111429515,641.3921691541707
10.911599159240723,29.35660743713379,0.3670005798339844,29.356609344482422,0.0013881963677704334,24.522945404052734,510.3917541503906,0.16796875,0.947392463684082,655,3,26.45742709737264,2.2070991483027824,2135.5521008152227,4.083519901565109,54652.068598320104,424.7250230935536,35946.24111429515,641.3921691541707
15.222469329833984,40.05176544189453,0.5432268381118774,40.05176544189453,0.0005461396649479866,35.21272659301758,583.6199951171875,0.1796875,0.9481844305992126,656,3,26.45742709737264,2.2070991483027824,2135.5521008152227,4.083519901565109,54652.068598320104,424.7250230935536,35946.24111429515,641.3921691541707
15.050718307495117,39.30572509765625,0.4483029842376709,39.30572509765625,0.0007272624643519521,62.029762268066406,578.5389404296875,0.171875,0.9496858716011047,657,3,26.45742709737264,2.2070991483027824,2135.5521008152227,4.083519901565109,54652.068598320104,424.7250230935536,35946.24111429515,641.3921691541707
18.5048828125,47.494441986083984,0.5426357388496399,47.49443817138672,0.0005834507755935192,108.09550476074219,602.64306640625,0.19140625,0.9498903751373291,658,3,26.45742709737264,2.2070991483027824,2135.5521008152227,4.083519901565109,54652.068598320104,424.7250230935536,35946.24111429515,641.3921691541707
10.792924880981445,28.590961456298828,0.3869023323059082,28.590961456298828,0.00017867906717583537,9.733173370361328,564.2528686523438,0.15625,0.9478402137756348,659,3,26.45742709737264,2.2070991483027824,2135.5521008152227,4.083519901565109,54652.068598320104,424.7250230935536,35946.24111429515,641.3921691541707
9.476068496704102,25.96811294555664,0.30117449164390564,25.96811294555664,0.0002883691340684891,3.701319456100464,549.86767578125,0.1328125,0.9519854784011841,660,3,26.45742709737264,2.2070991483027824,2135.5521008152227,4.083519901565109,54652.068598320104,424.7250230935536,35946.24111429515,641.3921691541707
11.079258918762207,29.764759063720703,0.18795934319496155,29.764759063720703,0.00031342596048489213,31.974924087524414,508.775634765625,0.18359375,0.9472846388816833,661,3,26.45742709737264,2.2070991483027824,2135.5521008152227,4.083519901565109,54652.068598320104,424.7250230935536,35946.24111429515,641.3921691541707
11.326090812683105,30.167926788330078,0.31606370210647583,30.16792869567871,0.00022169268049765378,21.22562026977539,574.9839477539062,0.14453125,0.9488222002983093,662,3,26.45742709737264,2.2070991483027824,2135.5521008152227,4.083519901565109,54652.068598320104,424.7250230935536,35946.24111429515,641.3921691541707
13.53693962097168,37.322608947753906,0.33655351400375366,37.322608947753906,0.0003109248646069318,33.46162796020508,537.6640625,0.16015625,0.9484314322471619,663,3,26.45742709737264,2.2070991483027824,2135.5521008152227,4.083519901565109,54652.068598320104,424.7250230935536,35946.24111429515,641.3921691541707
5.734508514404297,15.924276351928711,0.1776319444179535,15.924277305603027,0.000169295264640823,2.5821638107299805,434.19830322265625,0.125,0.9472628235816956,664,3,26.45742709737264,2.2070991483027824,2135.5521008152227,4.083519901565109,54652.068598320104,424.7250230935536,35946.24111429515,641.3921691541707
19.070087432861328,50.854698181152344,0.4777042269706726,50.854698181152344,0.0007812284165993333,219.77755737304688,591.6304931640625,0.20703125,0.9485047459602356,665,3,26.45742709737264,2.2070991483027824,2135.5521008152227,4.083519901565109,54652.068598320104,424.7250230935536,35946.24111429515,641.3921691541707
8.945416450500488,23.63878631591797,0.24548305571079254,23.63878631591797,0.00030334305483847857,4.923210144042969,545.8731689453125,0.1328125,0.9485217332839966,666,3,26.45742709737264,2.2070991483027824,2135.5521008152227,4.083519901565109,54652.068598320104,424.7250230935536,35946.24111429515,641.3921691541707
16.970014572143555,44.80533218383789,0.5015438199043274,44.80533218383789,0.0006029671058058739,153.53868103027344,589.3973388671875,0.20703125,0.9489209055900574,667,3,26.45742709737264,2.2070991483027824,2135.5521008152227,4.083519901565109,54652.068598320104,424.7250230935536,35946.24111429515,641.3921691541707
12.2426176071167,33.340370178222656,0.20999467372894287,33.340370178222656,0.0003416067629586905,15.396087646484375,500.2644348144531,0.17578125,0.9482674598693848,668,3,26.45742709737264,2.2070991483027824,2135.5521008152227,4.083519901565109,54652.068598320104,424.7250230935536,35946.24111429515,641.3921691541707
14.304361343383789,37.780487060546875,0.5699707269668579,37.780487060546875,0.000197504079551436,20.23932456970215,604.8214111328125,0.1640625,0.9507663249969482,669,3,26.45742709737264,2.2070991483027824,2135.5521008152227,4.083519901565109,54652.068598320104,424.7250230935536,35946.24111429515,641.3921691541707
14.925198554992676,39.93427276611328,0.4371640384197235,39.93427276611328,9.256902558263391e-05,92.3236312866211,599.513916015625,0.17578125,0.947970986366272,670,3,26.45742709737264,2.2070991483027824,2135.5521008152227,4.083519901565109,54652.068598320104,424.7250230935536,35946.24111429515,641.3921691541707
10.23726749420166,27.554492950439453,0.23928464949131012,27.554492950439453,0.0003030562656931579,23.555713653564453,540.9771728515625,0.171875,0.9457196593284607,671,3,26.45742709737264,2.2070991483027824,2135.5521008152227,4.083519901565109,54652.068598320104,424.7250230935536,35946.24111429515,641.3921691541707
10.311726570129395,27.431798934936523,0.18371909856796265,27.431798934936523,0.0002246979420306161,5.722504138946533,588.4141235351562,0.1484375,0.9477031230926514,672,3,26.45742709737264,2.2070991483027824,2135.5521008152227,4.083519901565109,54652.068598320104,424.7250230935536,35946.24111429515,641.3921691541707
10.936212539672852,29.039554595947266,0.3399869203567505,29.039554595947266,0.0002512278442736715,11.740829467773438,559.4054565429688,0.171875,0.948903501033783,673,3,26.45742709737264,2.2070991483027824,2135.5521008152227,4.083519901565109,54652.068598320104,424.7250230935536,35946.24111429515,641.3921691541707
10.561967849731445,27.89006233215332,0.23399393260478973,27.89006233215332,0.00044877163600176573,10.76346492767334,526.7281494140625,0.16015625,0.951156497001648,674,3,26.45742709737264,2.2070991483027824,2135.5521008152227,4.083519901565109,54652.068598320104,424.7250230935536,35946.24111429515,641.3921691541707
17.41459846496582,47.63328170776367,0.3629586398601532,47.63328170776367,0.00029340782202780247,154.893798828125,579.5653076171875,0.16796875,0.9461802244186401,675,3,26.45742709737264,2.2070991483027824,2135.5521008152227,4.083519901565109,54652.068598320104,424.7250230935536,35946.24111429515,641.3921691541707
12.071697235107422,32.936363220214844,0.25376707315444946,32.936363220214844,0.00013022686471231282,28.423973083496094,559.8832397460938,0.16796875,0.9477130770683289,676,3,26.45742709737264,2.2070991483027824,2135.5521008152227,4.083519901565109,54652.068598320104,424.7250230935536,35946.24111429515,641.3921691541707
10.286676406860352,27.68462371826172,0.34079933166503906,27.68462371826172,0.0002695110742934048,18.8081111907959,588.1587524414062,0.1328125,0.948257565498352,677,3,26.45742709737264,2.2070991483027824,2135.5521008152227,4.083519901565109,54652.068598320104,424.7250230935536,35946.24111429515,641.3921691541707
12.389958381652832,32.50785827636719,0.26157891750335693,32.50785827636719,0.00021159280731808394,35.24205017089844,551.350830078125,0.14453125,0.9486267566680908,678,3,26.45742709737264,2.2070991483027824,2135.5521008152227,4.083519901565109,54652.068598320104,424.7250230935536,35946.24111429515,641.3921691541707
16.068708419799805,44.52374267578125,0.6016160249710083,44.52374267578125,0.0002854846534319222,61.314849853515625,573.0147094726562,0.171875,0.9491849541664124,679,3,26.45742709737264,2.2070991483027824,2135.5521008152227,4.083519901565109,54652.068598320104,424.7250230935536,35946.24111429515,641.3921691541707
10.008228302001953,26.030675888061523,0.24136555194854736,26.030675888061523,0.0004745966871269047,5.504526138305664,604.8867797851562,0.13671875,0.9474233984947205,680,3,26.45742709737264,2.2070991483027824,2135.5521008152227,4.083519901565109,54652.068598320104,424.7250230935536,35946.24111429515,641.3921691541707
14.94177532196045,40.361228942871094,0.46805959939956665,40.361228942871094,0.000697233306709677,58.66718673706055,595.1632690429688,0.203125,0.9504830241203308,681,3,26.45742709737264,2.2070991483027824,2135.5521008152227,4.083519901565109,54652.068598320104,424.7250230935536,35946.24111429515,641.3921691541707
16.31536102294922,44.01192855834961,0.6164525747299194,44.01192855834961,0.00017559132538735867,48.792396545410156,586.3414306640625,0.17578125,0.9487954378128052,682,3,26.45742709737264,2.2070991483027824,2135.5521008152227,4.083519901565109,54652.068598320104,424.7250230935536,35946.24111429515,641.3921691541707
9.440109252929688,24.974205017089844,0.1583056002855301,24.974205017089844,0.0007909261621534824,5.405064582824707,515.9953002929688,0.140625,0.9498059749603271,683,3,26.45742709737264,2.2070991483027824,2135.5521008152227,4.083519901565109,54652.068598320104,424.7250230935536,35946.24111429515,641.3921691541707
10.393526077270508,27.03329849243164,0.4027474522590637,27.03329849243164,0.0001041744981193915,6.821047782897949,556.7219848632812,0.14453125,0.9503539800643921,684,3,26.45742709737264,2.2070991483027824,2135.5521008152227,4.083519901565109,54652.068598320104,424.7250230935536,35946.24111429515,641.3921691541707
11.188841819763184,28.963048934936523,0.37306496500968933,28.963048934936523,0.00015739032824058086,2.423255443572998,582.130126953125,0.12109375,0.9491533637046814,685,3,26.45742709737264,2.2070991483027824,2135.5521008152227,4.083519901565109,54652.068598320104,424.7250230935536,35946.24111429515,641.3921691541707
11.971311569213867,33.12586212158203,0.2880173623561859,33.12586212158203,0.0002561837318353355,27.422210693359375,549.7252807617188,0.18359375,0.9469886422157288,686,3,26.45742709737264,2.2070991483027824,2135.5521008152227,4.083519901565109,54652.068598320104,424.7250230935536,35946.24111429515,641.3921691541707
10.849381446838379,28.333209991455078,0.2681620121002197,28.333209991455078,0.0002492665662430227,5.83159875869751,622.201904296875,0.14453125,0.9522789120674133,687,3,26.45742709737264,2.2070991483027824,2135.5521008152227,4.083519901565109,54652.068598320104,424.7250230935536,35946.24111429515,641.3921691541707
17.02875518798828,45.88290786743164,0.6408600807189941,45.882904052734375,0.0004125508130528033,59.593624114990234,653.6795043945312,0.19140625,0.9485129714012146,688,3,26.45742709737264,2.2070991483027824,2135.5521008152227,4.083519901565109,54652.068598320104,424.7250230935536,35946.24111429515,641.3921691541707
14.365310668945312,38.269989013671875,0.260651171207428,38.269989013671875,0.0008700500475242734,67.94971466064453,555.5984497070312,0.1796875,0.9497000575065613,689,3,26.45742709737264,2.2070991483027824,2135.5521008152227,4.083519901565109,54652.068598320104,424.7250230935536,35946.24111429515,641.3921691541707
10.46229362487793,28.276655197143555,0.23369832336902618,28.276657104492188,0.00014817358169239014,11.91638469696045,569.1975708007812,0.1328125,0.9532966613769531,690,3,26.45742709737264,2.2070991483027824,2135.5521008152227,4.083519901565109,54652.068598320104,424.7250230935536,35946.24111429515,641.3921691541707
11.151884078979492,29.760833740234375,0.24241840839385986,29.76083755493164,0.00031339956331066787,4.268259525299072,585.1580200195312,0.12890625,0.9474536180496216,691,3,26.45742709737264,2.2070991483027824,2135.5521008152227,4.083519901565109,54652.068598320104,424.7250230935536,35946.24111429515,641.3921691541707
7.62108850479126,20.14491844177246,0.21053053438663483,20.14491844177246,0.0005296890158206224,3.7316231727600098,518.417236328125,0.1328125,0.9521464705467224,692,3,26.45742709737264,2.2070991483027824,2135.5521008152227,4.083519901565109,54652.068598320104,424.7250230935536,35946.24111429515,641.3921691541707
12.025911331176758,32.673500061035156,0.36895501613616943,32.673500061035156,0.0008083092980086803,19.721759796142578,583.087890625,0.1796875,0.9473732709884644,693,3,26.45742709737264,2.2070991483027824,2135.5521008152227,4.083519901565109,54652.068598320104,424.7250230935536,35946.24111429515,641.3921691541707
14.702030181884766,39.21763229370117,0.5348493456840515,39.21763229370117,0.00021246910910122097,38.986385345458984,615.2681884765625,0.15625,0.9486459493637085,694,3,26.45742709737264,2.2070991483027824,2135.5521008152227,4.083519901565109,54652.068598320104,424.7250230935536,35946.24111429515,641.3921691541707
11.24718952178955,30.060312271118164,0.34511151909828186,30.06031036376953,0.00036717209150083363,18.741043090820312,609.3047485351562,0.1875,0.9515857696533203,695,3,26.45742709737264,2.2070991483027824,2135.5521008152227,4.083519901565109,54652.068598320104,424.7250230935536,35946.24111429515,641.3921691541707
12.139165878295898,32.924049377441406,0.314921498298645,32.924049377441406,0.00019649972091428936,14.544743537902832,606.406982421875,0.17578125,0.9519169926643372,696,3,26.45742709737264,2.2070991483027824,2135.5521008152227,4.083519901565109,54652.068598320104,424.7250230935536,35946.24111429515,641.3921691541707
10.753496170043945,29.970121383666992,0.28861141204833984,29.970121383666992,0.0005398167413659394,24.832481384277344,576.8512573242188,0.16015625,0.9480237364768982,697,3,26.45742709737264,2.2070991483027824,2135.5521008152227,4.083519901565109,54652.068598320104,424.7250230935536,35946.24111429515,641.3921691541707
7.812244415283203,21.63734245300293,0.1832415759563446,21.63734245300293,0.0002714104193728417,4.318953514099121,604.6998291015625,0.1640625,0.9470733404159546,698,3,26.45742709737264,2.2070991483027824,2135.5521008152227,4.083519901565109,54652.068598320104,424.7250230935536,35946.24111429515,641.3921691541707
13.350205421447754,36.200340270996094,0.3243202567100525,36.200340270996094,0.000294654571916908,18.588176727294922,617.5407104492188,0.1796875,0.9501214027404785,699,3,26.45742709737264,2.2070991483027824,2135.5521008152227,4.083519901565109,54652.068598320104,424.7250230935536,35946.24111429515,641.3921691541707
13.551254272460938,37.93561553955078,0.33076930046081543,37.93561553955078,0.00018712220480665565,18.484981536865234,628.1041259765625,0.16015625,0.9477357268333435,700,3,26.45742709737264,2.2070991483027824,2135.5521008152227,4.083519901565109,54652.068598320104,424.7250230935536,35946.24111429515,641.3921691541707
13.989781379699707,37.52079772949219,0.49644455313682556,37.52079772949219,0.00035709692747332156,34.94776916503906,638.8387451171875,0.19140625,0.9484807252883911,701,3,26.45742709737264,2.2070991483027824,2135.5521008152227,4.083519901565109,54652.068598320104,424.7250230935536,35946.24111429515,641.3921691541707
14.105362892150879,37.9049072265625,0.3875923156738281,37.9049072265625,0.000745234196074307,20.846099853515625,625.4776611328125,0.19921875,0.9482070207595825,702,3,26.45742709737264,2.2070991483027824,2135.5521008152227,4.083519901565109,54652.068598320104,424.7250230935536,35946.24111429515,641.3921691541707
9.68130111694336,21.578704833984375,0.2878650724887848,21.578706741333008,0.0001333052641712129,23.309293746948242,436.9326477050781,0.171875,0.9516421556472778,703,4,26.577244159714073,3.7028545162603996,2159.17968211015,3.9678555271209137,48239.62726896923,594.6269447774197,31600.459003354947,855.9638559125244
14.11711311340332,31.91062355041504,0.3297857344150543,31.910625457763672,0.00011161329894093797,28.902294158935547,469.88116455078125,0.15234375,0.9506164789199829,704,4,26.577244159714073,3.7028545162603996,2159.17968211015,3.9678555271209137,48239.62726896923,594.6269447774197,31600.459003354947,855.9638559125244
10.982845306396484,25.064102172851562,0.37742799520492554,25.06410026550293,0.00035773601848632097,23.04130744934082,456.5106506347656,0.18359375,0.9509662985801697,705,4,26.577244159714073,3.7028545162603996,2159.17968211015,3.9678555271209137,48239.62726896923,594.6269447774197,31600.459003354947,855.9638559125244
7.991521835327148,18.181312561035156,0.24831195175647736,18.181312561035156,5.645807323162444e-05,4.3144755363464355,415.40313720703125,0.12109375,0.9469743967056274,706,4,26.577244159714073,3.7028545162603996,2159.17968211015,3.9678555271209137,48239.62726896923,594.6269447774197,31600.459003354947,855.9638559125244
11.138309478759766,25.68035125732422,0.3826325237751007,25.68035125732422,0.00019023832282982767,5.176494598388672,459.6828308105469,0.12890625,0.9505428075790405,707,4,26.577244159714073,3.7028545162603996,2159.17968211015,3.9678555271209137,48239.62726896923,594.6269447774197,31600.459003354947,855.9638559125244
12.100564002990723,27.17110824584961,0.25398698449134827,27.17110824584961,0.0001613349304534495,26.49393081665039,429.04095458984375,0.16015625,0.952046811580658,708,4,26.577244159714073,3.7028545162603996,2159.17968211015,3.9678555271209137,48239.62726896923,594.6269447774197,31600.459003354947,855.9638559125244
10.84233570098877,24.129955291748047,0.28385162353515625,24.129955291748047,0.00042043725261464715,18.96743392944336,438.67486572265625,0.1796875,0.948948085308075,709,4,26.577244159714073,3.7028545162603996,2159.17968211015,3.9678555271209137,48239.62726896923,594.6269447774197,31600.459003354947,855.9638559125244
16.942405700683594,38.15934753417969,0.4994077682495117,38.15934753417969,0.00019428189261816442,97.1796875,467.767822265625,0.2109375,0.9469107389450073,710,4,26.577244159714073,3.7028545162603996,2159.17968211015,3.9678555271209137,48239.62726896923,594.6269447774197,31600.459003354947,855.9638559125244
12.089871406555176,27.139312744140625,0.5551844239234924,27.139312744140625,0.00017844472313299775,13.886117935180664,447.03778076171875,0.15234375,0.9497362971305847,711,4,26.577244159714073,3.7028545162603996,2159.17968211015,3.9678555271209137,48239.62726896923,594.6269447774197,31600.459003354947,855.9638559125244
9.393482208251953,21.7564697265625,0.20721527934074402,21.7564697265625,0.0002386236155871302,7.538543224334717,459.7472839355469,0.1484375,0.949536144733429,712,4,26.577244159714073,3.7028545162603996,2159.17968211015,3.9678555271209137,48239.62726896923,594.6269447774197,31600.459003354947,855.9638559125244
5.467391490936279,12.776288032531738,0.10855259746313095,12.776288032531738,0.0003118581953458488,4.205401420593262,361.0103759765625,0.140625,0.9491938948631287,713,4,26.577244159714073,3.7028545162603996,2159.17968211015,3.9678555271209137,48239.62726896923,594.6269447774197,31600.459003354947,855.9638559125244
13.09000015258789,29.861942291259766,0.4076215326786041,29.861942291259766,0.0004914103192277253,75.86685180664062,442.3680114746094,0.1875,0.9493474364280701,714,4,26.577244159714073,3.7028545162603996,2159.17968211015,3.9678555271209137,48239.62726896923,594.6269447774197,31600.459003354947,855.9638559125244
9.830360412597656,22.655166625976562,0.29526418447494507,22.655166625976562,0.00045601697638630867,23.840890884399414,447.986083984375,0.17578125,0.9517335295677185,715,4,26.577244159714073,3.7028545162603996,2159.17968211015,3.9678555271209137,48239.62726896923,594.6269447774197,31600.459003354947,855.9638559125244
12.266111373901367,28.72229766845703,0.4468385577201843,28.72229766845703,0.0003408444463275373,24.338199615478516,444.9548034667969,0.171875,0.9498468041419983,716,4,26.577244159714073,3.7028545162603996,2159.17968211015,3.9678555271209137,48239.62726896923,594.6269447774197,31600.459003354947,855.9638559125244
11.047983169555664,25.237930297851562,0.33165067434310913,25.237930297851562,0.0003923149488400668,13.826069831848145,451.5250244140625,0.1640625,0.9513016939163208,717,4,26.577244159714073,3.7028545162603996,2159.17968211015,3.9678555271209137,48239.62726896923,594.6269447774197,31600.459003354947,855.9638559125244
11.710819244384766,27.226886749267578,0.37737566232681274,27.226886749267578,0.0003338198293931782,10.552652359008789,441.541259765625,0.1484375,0.9471808671951294,718,4,26.577244159714073,3.7028545162603996,2159.17968211015,3.9678555271209137,48239.62726896923,594.6269447774197,31600.459003354947,855.9638559125244
13.900083541870117,31.031164169311523,0.5779323577880859,31.03116226196289,0.00037802354199811816,34.64198303222656,497.0770263671875,0.16015625,0.9501827359199524,719,4,26.577244159714073,3.7028545162603996,2159.17968211015,3.9678555271209137,48239.62726896923,594.6269447774197,31600.459003354947,855.9638559125244
11.5517578125,27.114727020263672,0.4897506535053253,27.114727020263672,0.0004093408933840692,11.930185317993164,481.13653564453125,0.1640625,0.9497474431991577,720,4,26.577244159714073,3.7028545162603996,2159.17968211015,3.9678555271209137,48239.62726896923,594.6269447774197,31600.459003354947,855.9638559125244
10.762998580932617,24.249862670898438,0.35384178161621094,24.249862670898438,5.871201210538857e-05,4.2267656326293945,447.61090087890625,0.14453125,0.9488247632980347,721,4,26.577244159714073,3.7028545162603996,2159.17968211015,3.9678555271209137,48239.62726896923,594.6269447774197,31600.459003354947,855.9638559125244
11.143485069274902,25.198394775390625,0.3633410334587097,25.198394775390625,0.00021334338816814125,7.183712005615234,467.9619445800781,0.1328125,0.9482525587081909,722,4,26.577244159714073,3.7028545162603996,2159.17968211015,3.9678555271209137,48239.62726896923,594.6269447774197,31600.459003354947,855.9638559125244
8.635822296142578,18.575275421142578,0.3256748914718628,18.575275421142578,0.00017183361342176795,0.9420299530029297,408.6141662597656,0.09765625,0.9476518034934998,723,4,26.577244159714073,3.7028545162603996,2159.17968211015,3.9678555271209137,48239.62726896923,594.6269447774197,31600.459003354947,855.9638559125244
13.614113807678223,31.76460075378418,0.3765753507614136,31.76460075378418,0.00031943415524438024,28.992198944091797,441.2835388183594,0.16015625,0.9502558708190918,724,4,26.577244159714073,3.7028545162603996,2159.17968211015,3.9678555271209137,48239.62726896923,594.6269447774197,31600.459003354947,855.9638559125244
9.112263679504395,21.461353302001953,0.22816744446754456,21.461353302001953,0.00027847406454384327,11.477703094482422,447.76556396484375,0.13671875,0.9493501782417297,725,4,26.577244159714073,3.7028545162603996,2159.17968211015,3.9678555271209137,48239.62726896923,594.6269447774197,31600.459003354947,855.9638559125244
11.544404983520508,27.333778381347656,0.37197479605674744,27.333778381347656,5.8302382967667654e-05,30.924341201782227,434.62432861328125,0.16015625,0.9516897201538086,726,4,26.577244159714073,3.7028545162603996,2159.17968211015,3.9678555271209137,48239.62726896923,594.6269447774197,31600.459003354947,855.9638559125244
18.056333541870117,41.209754943847656,0.46330973505973816,41.209754943847656,0.0003136181621812284,138.2495880126953,456.1459655761719,0.18359375,0.949458658695221,727,4,26.577244159714073,3.7028545162603996,2159.17968211015,3.9678555271209137,48239.62726896923,594.6269447774197,31600.459003354947,855.9638559125244
5.355841636657715,12.533132553100586,0.09167234599590302,12.533132553100586,9.10207090782933e-05,3.5690555572509766,411.51324462890625,0.125,0.9484430551528931,728,4,26.577244159714073,3.7028545162603996,2159.17968211015,3.9678555271209137,48239.62726896923,594.6269447774197,31600.459003354947,855.9638559125244
10.454465866088867,24.73674201965332,0.28297337889671326,24.73674201965332,0.00035635355743579566,20.172561645507812,448.41534423828125,0.1953125,0.9503875970840454,729,4,26.577244159714073,3.7028545162603996,2159.17968211015,3.9678555271209137,48239.62726896923,594.6269447774197,31600.459003354947,855.9638559125244
11.230401039123535,25.38077163696289,0.36793842911720276,25.38077163696289,0.0003139299515169114,6.042599678039551,491.80145263671875,0.14453125,0.9511373043060303,730,4,26.577244159714073,3.7028545162603996,2159.17968211015,3.9678555271209137,48239.62726896923,594.6269447774197,31600.459003354947,855.9638559125244
11.544694900512695,26.62350082397461,0.41515690088272095,26.62350082397461,8.586612239014357e-05,9.137235641479492,464.85260009765625,0.16015625,0.9503719210624695,731,4,26.577244159714073,3.7028545162603996,2159.17968211015,3.9678555271209137,48239.62726896923,594.6269447774197,31600.459003354947,855.9638559125244
10.764974594116211,24.481616973876953,0.30660927295684814,24.481618881225586,0.0001824856735765934,17.34337615966797,434.8406982421875,0.15234375,0.9493997693061829,732,4,26.577244159714073,3.7028545162603996,2159.17968211015,3.9678555271209137,48239.62726896923,594.6269447774197,31600.459003354947,855.9638559125244
8.424753189086914,19.739368438720703,0.30267566442489624,19.739368438720703,9.48808592511341e-05,3.0728330612182617,459.541259765625,0.12890625,0.9482483863830566,733,4,26.577244159714073,3.7028545162603996,2159.17968211015,3.9678555271209137,48239.62726896923,594.6269447774197,31600.459003354947,855.9638559125244
12.338696479797363,27.36062240600586,0.3954404592514038,27.36062240600586,0.00022553556482307613,7.679515361785889,475.609130859375,0.14453125,0.946790874004364,734,4,26.577244159714073,3.7028545162603996,2159.17968211015,3.9678555271209137,48239.62726896923,594.6269447774197,31600.459003354947,855.9638559125244
12.441410064697266,28.822490692138672,0.33442482352256775,28.822490692138672,0.00011936455848626792,17.337276458740234,453.2022399902344,0.1484375,0.9486619234085083,735,4,26.577244159714073,3.7028545162603996,2159.17968211015,3.9678555271209137,48239.62726896923,594.6269447774197,31600.459003354947,855.9638559125244
9.021600723266602,19.54117202758789,0.22305743396282196,19.541173934936523,0.00011189436190761626,2.3046083450317383,442.2046813964844,0.12109375,0.9466708898544312,736,4,26.577244159714073,3.7028545162603996,2159.17968211015,3.9678555271209137,48239.62726896923,594.6269447774197,31600.459003354947,855.9638559125244
8.621127128601074,19.396827697753906,0.23536176979541779,19.396827697753906,0.0003043721371795982,1.3541020154953003,473.0374755859375,0.12109375,0.9509516358375549,737,4,26.577244159714073,3.7028545162603996,2159.17968211015,3.9678555271209137,48239.62726896923,594.6269447774197,31600.459003354947,855.9638559125244
4.448733806610107,10.285938262939453,0.1081215888261795,10.285938262939453,0.0001782395993359387,2.2839627265930176,386.8778991699219,0.1328125,0.9464876055717468,738,4,26.577244159714073,3.7028545162603996,2159.17968211015,3.9678555271209137,48239.62726896923,594.6269447774197,31600.459003354947,855.9638559125244
11.400003433227539,25.854692459106445,0.25535327196121216,25.854692459106445,0.00033962581073865294,26.073928833007812,464.4244689941406,0.1796875,0.9482056498527527,739,4,26.577244159714073,3.7028545162603996,2159.17968211015,3.9678555271209137,48239.62726896923,594.6269447774197,31600.459003354947,855.9638559125244
15.521074295043945,35.43270492553711,0.41815781593322754,35.432701110839844,0.0006466694176197052,73.1528091430664,481.8357849121094,0.18359375,0.9491714835166931,740,4,26.577244159714073,3.7028545162603996,2159.17968211015,3.9678555271209137,48239.62726896923,594.6269447774197,31600.459003354947,855.9638559125244
8.913650512695312,21.499034881591797,0.32492542266845703,21.499034881591797,0.00014944026770535856,7.067861557006836,424.9201354980469,0.13671875,0.9487529397010803,741,4,26.577244159714073,3.7028545162603996,2159.17968211015,3.9678555271209137,48239.62726896923,594.6269447774197,31600.459003354947,855.9638559125244
12.968316078186035,30.075820922851562,0.371616005897522,30.07581901550293,7.997550710570067e-05,29.696121215820312,476.1083679199219,0.140625,0.9489052295684814,742,4,26.577244159714073,3.7028545162603996,2159.17968211015,3.9678555271209137,48239.62726896923,594.6269447774197,31600.459003354947,855.9638559125244
8.831069946289062,20.633968353271484,0.42687511444091797,20.633970260620117,0.00011395852197892964,3.190413475036621,466.3360290527344,0.14453125,0.9530158042907715,743,4,26.577244159714073,3.7028545162603996,2159.17968211015,3.9678555271209137,48239.62726896923,594.6269447774197,31600.459003354947,855.9638559125244
14.08344841003418,34.326419830322266,0.4445704519748688,34.326416015625,0.0001279121934203431,46.5672607421875,475.0078430175781,0.1796875,0.9521310329437256,744,4,26.577244159714073,3.7028545162603996,2159.17968211015,3.9678555271209137,48239.62726896923,594.6269447774197,31600.459003354947,855.9638559125244
8.514688491821289,20.372093200683594,0.4586330056190491,20.372093200683594,0.00025685387663543224,7.9326982498168945,469.7977600097656,0.1484375,0.9499963521957397,745,4,26.577244159714073,3.7028545162603996,2159.17968211015,3.9678555271209137,48239.62726896923,594.6269447774197,31600.459003354947,855.9638559125244
9.350616455078125,21.645042419433594,0.27513736486434937,21.645042419433594,7.443007780238986e-05,18.097354888916016,425.9052429199219,0.14453125,0.9489710330963135,746,4,26.577244159714073,3.7028545162603996,2159.17968211015,3.9678555271209137,48239.62726896923,594.6269447774197,31600.459003354947,855.9638559125244
7.523952960968018,17.595590591430664,0.17981845140457153,17.595590591430664,0.0001781440805643797,3.389099597930908,398.47833251953125,0.140625,0.9494978189468384,747,4,26.577244159714073,3.7028545162603996,2159.17968211015,3.9678555271209137,48239.62726896923,594.6269447774197,31600.459003354947,855.9638559125244
16.377803802490234,38.45533752441406,0.3790757656097412,38.45533752441406,0.00017093101632781327,86.34832763671875,501.0133056640625,0.16796875,0.950571596622467,748,4,26.577244159714073,3.7028545162603996,2159.17968211015,3.9678555271209137,48239.62726896923,594.6269447774197,31600.459003354947,855.9638559125244
8.187141418457031,20.033418655395508,0.2674570679664612,20.033418655395508,0.00020409468561410904,1.7328150272369385,503.5828552246094,0.10546875,0.9486727118492126,749,4,26.577244159714073,3.7028545162603996,2159.17968211015,3.9678555271209137,48239.62726896923,594.6269447774197,31600.459003354947,855.9638559125244
7.436339855194092,18.05078125,0.2289879322052002,18.05078125,0.00019189727026969194,5.273972511291504,491.2427978515625,0.12890625,0.9487152695655823,750,4,26.577244159714073,3.7028545162603996,2159.17968211015,3.9678555271209137,48239.62726896923,594.6269447774197,31600.459003354947,855.9638559125244
11.17862319946289,26.730674743652344,0.21094194054603577,26.730674743652344,0.0003745743597391993,23.853649139404297,484.9112548828125,0.17578125,0.9490699768066406,751,4,26.577244159714073,3.7028545162603996,2159.17968211015,3.9678555271209137,48239.62726896923,594.6269447774197,31600.459003354947,855.9638559125244
11.226541519165039,25.1892032623291,0.32251954078674316,25.1892032623291,0.000298982544336468,18.90715789794922,466.8525390625,0.171875,0.9503321051597595,752,4,26.577244159714073,3.7028545162603996,2159.17968211015,3.9678555271209137,48239.62726896923,594.6269447774197,31600.459003354947,855.9638559125244
11.443989753723145,26.826194763183594,0.477062851190567,26.826194763183594,0.0003608435217756778,16.792613983154297,477.6978759765625,0.15625,0.9518143534660339,753,4,26.577244159714073,3.7028545162603996,2159.17968211015,3.9678555271209137,48239.62726896923,594.6269447774197,31600.459003354947,855.9638559125244
10.57437515258789,25.20252799987793,0.3370314836502075,25.202526092529297,6.705149280605838e-05,8.64715576171875,481.014404296875,0.15234375,0.9470363259315491,754,4,26.577244159714073,3.7028545162603996,2159.17968211015,3.9678555271209137,48239.62726896923,594.6269447774197,31600.459003354947,855.9638559125244
10.051765441894531,24.093467712402344,0.371604323387146,24.093467712402344,0.00017354288138449192,4.692776679992676,504.05889892578125,0.1484375,0.9492194652557373,755,4,26.577244159714073,3.7028545162603996,2159.17968211015,3.9678555271209137,48239.62726896923,594.6269447774197,31600.459003354947,855.9638559125244
8.950883865356445,21.999958038330078,0.22392842173576355,21.999958038330078,0.00036148299113847315,6.786007881164551,452.744873046875,0.12890625,0.9508453607559204,756,4,26.577244159714073,3.7028545162603996,2159.17968211015,3.9678555271209137,48239.62726896923,594.6269447774197,31600.459003354947,855.9638559125244
13.356969833374023,32.88536834716797,0.4434785544872284,32.88536834716797,6.049216608516872e-05,21.969684600830078,510.94525146484375,0.16796875,0.9492437839508057,757,4,26.577244159714073,3.7028545162603996,2159.17968211015,3.9678555271209137,48239.62726896923,594.6269447774197,31600.459003354947,855.9638559125244
11.542985916137695,27.359317779541016,0.45974522829055786,27.359317779541016,0.00039468114846386015,16.436471939086914,489.1021728515625,0.171875,0.9510418176651001,758,4,26.577244159714073,3.7028545162603996,2159.17968211015,3.9678555271209137,48239.62726896923,594.6269447774197,31600.459003354947,855.9638559125244
10.688409805297852,25.544151306152344,0.3683154284954071,25.544151306152344,7.831478433217853e-05,11.480592727661133,491.364013671875,0.140625,0.9510965347290039,759,4,26.577244159714073,3.7028545162603996,2159.17968211015,3.9678555271209137,48239.62726896923,594.6269447774197,31600.459003354947,855.9638559125244
12.487356185913086,30.225431442260742,0.36595791578292847,30.225433349609375,6.830408528912812e-05,23.096731185913086,480.4840393066406,0.1484375,0.947414219379425,760,4,26.577244159714073,3.7028545162603996,2159.17968211015,3.9678555271209137,48239.62726896923,594.6269447774197,31600.459003354947,855.9638559125244
10.91103744506836,25.12505340576172,0.2883338928222656,25.125051498413086,0.00020366947865113616,4.1421308517456055,445.1417541503906,0.13671875,0.9482396245002747,761,4,26.577244159714073,3.7028545162603996,2159.17968211015,3.9678555271209137,48239.62726896923,594.6269447774197,31600.459003354947,855.9638559125244
15.085138320922852,36.09956359863281,0.501924455165863,36.09956359863281,0.00015587868983857334,62.869625091552734,489.4685974121094,0.17578125,0.9437805414199829,762,4,26.577244159714073,3.7028545162603996,2159.17968211015,3.9678555271209137,48239.62726896923,594.6269447774197,31600.459003354947,855.9638559125244
11.299367904663086,26.532520294189453,0.40795329213142395,26.532520294189453,8.209510997403413e-05,3.402482748031616,490.6736755371094,0.1328125,0.9488199949264526,763,4,26.577244159714073,3.7028545162603996,2159.17968211015,3.9678555271209137,48239.62726896923,594.6269447774197,31600.459003354947,855.9638559125244
13.285324096679688,31.80443572998047,0.34804773330688477,31.80443572998047,4.5131935621611774e-05,13.387775421142578,500.60736083984375,0.16015625,0.9484283924102783,764,4,26.577244159714073,3.7028545162603996,2159.17968211015,3.9678555271209137,48239.62726896923,594.6269447774197,31600.459003354947,855.9638559125244
17.325572967529297,42.36685562133789,0.4770526885986328,42.366859436035156,6.404987652786076e-05,144.2976837158203,498.07330322265625,0.17578125,0.9490446448326111,765,4,26.577244159714073,3.7028545162603996,2159.17968211015,3.9678555271209137,48239.62726896923,594.6269447774197,31600.459003354947,855.9638559125244
8.26092529296875,19.867080688476562,0.32377198338508606,19.867080688476562,0.00014683800691273063,12.768861770629883,480.8082580566406,0.1875,0.9499229788780212,766,4,26.577244159714073,3.7028545162603996,2159.17968211015,3.9678555271209137,48239.62726896923,594.6269447774197,31600.459003354947,855.9638559125244
12.651634216308594,31.018569946289062,0.37828969955444336,31.018569946289062,0.00028856389690190554,34.868995666503906,490.6802062988281,0.171875,0.9494543075561523,767,4,26.577244159714073,3.7028545162603996,2159.17968211015,3.9678555271209137,48239.62726896923,594.6269447774197,31600.459003354947,855.9638559125244
5.742910385131836,13.457648277282715,0.16875621676445007,13.457648277282715,5.219552986091003e-05,2.1366405487060547,470.14129638671875,0.1171875,0.9486770033836365,768,4,26.577244159714073,3.7028545162603996,2159.17968211015,3.9678555271209137,48239.62726896923,594.6269447774197,31600.459003354947,855.9638559125244
15.87251091003418,36.98058319091797,0.3977319598197937,36.98058319091797,7.93298750068061e-05,42.99516296386719,506.8709411621094,0.19921875,0.9491897821426392,769,4,26.577244159714073,3.7028545162603996,2159.17968211015,3.9678555271209137,48239.62726896923,594.6269447774197,31600.459003354947,855.9638559125244
13.23138427734375,32.23439025878906,0.42628854513168335,32.23439025878906,0.00024132382532116026,37.06037139892578,514.7474975585938,0.15234375,0.9497613906860352,770,4,26.577244159714073,3.7028545162603996,2159.17968211015,3.9678555271209137,48239.62726896923,594.6269447774197,31600.459003354947,855.9638559125244
11.793686866760254,28.978275299072266,0.3213351368904114,28.978275299072266,5.063472781330347e-05,4.432482719421387,496.5941467285156,0.1328125,0.9498992562294006,771,4,26.577244159714073,3.7028545162603996,2159.17968211015,3.9678555271209137,48239.62726896923,594.6269447774197,31600.459003354947,855.9638559125244
10.435988426208496,24.55649185180664,0.3958320915699005,24.55649185180664,5.0454618758521974e-05,3.878373146057129,499.10400390625,0.13671875,0.9490147233009338,772,4,26.577244159714073,3.7028545162603996,2159.17968211015,3.9678555271209137,48239.62726896923,594.6269447774197,31600.459003354947,855.9638559125244
13.23994255065918,32.40316390991211,0.4599013924598694,32.40316390991211,0.00021567073417827487,16.477333068847656,509.70892333984375,0.1796875,0.9486292600631714,773,4,26.577244159714073,3.7028545162603996,2159.17968211015,3.9678555271209137,48239.62726896923,594.6269447774197,31600.459003354947,855.9638559125244
7.710155010223389,18.212657928466797,0.13363973796367645,18.212657928466797,0.00010118713544216007,4.954286575317383,445.1091613769531,0.140625,0.9510072469711304,774,4,26.577244159714073,3.7028545162603996,2159.17968211015,3.9678555271209137,48239.62726896923,594.6269447774197,31600.459003354947,855.9638559125244
10.615567207336426,25.981124877929688,0.20956340432167053,25.981124877929688,0.00013159806258045137,22.37726593017578,423.7544250488281,0.16015625,0.9484625458717346,775,4,26.577244159714073,3.7028545162603996,2159.17968211015,3.9678555271209137,48239.62726896923,594.6269447774197,31600.459003354947,855.9638559125244
9.294071197509766,22.97991371154785,0.21255749464035034,22.97991180419922,2.072072311420925e-05,6.983098030090332,485.173095703125,0.125,0.9500507712364197,776,4,26.577244159714073,3.7028545162603996,2159.17968211015,3.9678555271209137,48239.62726896923,594.6269447774197,31600.459003354947,855.9638559125244
12.178918838500977,27.898086547851562,0.5472545027732849,27.89808464050293,7.743095920886844e-05,1.5396876335144043,549.0814819335938,0.11328125,0.9476007223129272,777,4,26.577244159714073,3.7028545162603996,2159.17968211015,3.9678555271209137,48239.62726896923,594.6269447774197,31600.459003354947,855.9638559125244
11.65539836883545,28.209693908691406,0.4496057629585266,28.209693908691406,0.00015577154408674687,10.385765075683594,479.9088134765625,0.16796875,0.9502670168876648,778,4,26.577244159714073,3.7028545162603996,2159.17968211015,3.9678555271209137,48239.62726896923,594.6269447774197,31600.459003354947,855.9638559125244
16.636768341064453,39.714691162109375,0.42036736011505127,39.714691162109375,0.0003485025081317872,97.63450622558594,529.4508666992188,0.20703125,0.9504268169403076,779,4,26.577244159714073,3.7028545162603996,2159.17968211015,3.9678555271209137,48239.62726896923,594.6269447774197,31600.459003354947,855.9638559125244
10.311027526855469,26.328943252563477,0.29617559909820557,26.328943252563477,0.00012163293285993859,11.23188591003418,499.8375549316406,0.1328125,0.9496973752975464,780,4,26.577244159714073,3.7028545162603996,2159.17968211015,3.9678555271209137,48239.62726896923,594.6269447774197,31600.459003354947,855.9638559125244
6.119054794311523,15.23104476928711,0.1331847608089447,15.23104476928711,0.00035202340222895145,6.64069938659668,421.4056701660156,0.12890625,0.9492654204368591,781,4,26.577244159714073,3.7028545162603996,2159.17968211015,3.9678555271209137,48239.62726896923,594.6269447774197,31600.459003354947,855.9638559125244
13.424524307250977,32.39260482788086,0.37209293246269226,32.39260482788086,0.0002555848332121968,30.738719940185547,521.3831176757812,0.18359375,0.9475422501564026,782,4,26.577244159714073,3.7028545162603996,2159.17968211015,3.9678555271209137,48239.62726896923,594.6269447774197,31600.459003354947,855.9638559125244
15.336139678955078,37.462913513183594,0.4318595230579376,37.462913513183594,7.799590093782172e-05,26.497570037841797,528.9163208007812,0.16015625,0.9499053359031677,783,4,26.577244159714073,3.7028545162603996,2159.17968211015,3.9678555271209137,48239.62726896923,594.6269447774197,31600.459003354947,855.9638559125244
9.274295806884766,23.830181121826172,0.2633942663669586,23.830181121826172,6.52262824587524e-05,2.1533565521240234,502.6975402832031,0.12890625,0.9502511024475098,784,4,26.577244159714073,3.7028545162603996,2159.17968211015,3.9678555271209137,48239.62726896923,594.6269447774197,31600.459003354947,855.9638559125244
9.995967864990234,24.972148895263672,0.3706546425819397,24.972148895263672,0.00011040352546842769,4.530915260314941,490.4241027832031,0.1328125,0.9494642019271851,785,4,26.577244159714073,3.7028545162603996,2159.17968211015,3.9678555271209137,48239.62726896923,594.6269447774197,31600.459003354947,855.9638559125244
8.341926574707031,20.536006927490234,0.33461931347846985,20.536006927490234,0.00021564275084529072,5.470580101013184,458.27362060546875,0.13671875,0.9497193098068237,786,4,26.577244159714073,3.7028545162603996,2159.17968211015,3.9678555271209137,48239.62726896923,594.6269447774197,31600.459003354947,855.9638559125244
10.690366744995117,25.964218139648438,0.30744653940200806,25.964218139648438,0.000173877808265388,7.0204315185546875,493.3382568359375,0.15625,0.9498757123947144,787,4,26.577244159714073,3.7028545162603996,2159.17968211015,3.9678555271209137,48239.62726896923,594.6269447774197,31600.459003354947,855.9638559125244
12.000738143920898,29.434152603149414,0.288419246673584,29.434152603149414,0.0002672145492397249,43.88674545288086,473.2000732421875,0.16015625,0.9489284753799438,788,4,26.577244159714073,3.7028545162603996,2159.17968211015,3.9678555271209137,48239.62726896923,594.6269447774197,31600.459003354947,855.9638559125244
15.357538223266602,37.94765853881836,0.5222250819206238,37.947662353515625,0.00026723890914581716,56.887916564941406,514.3619995117188,0.17578125,0.9472886323928833,789,4,26.577244159714073,3.7028545162603996,2159.17968211015,3.9678555271209137,48239.62726896923,594.6269447774197,31600.459003354947,855.9638559125244
9.84986686706543,24.103809356689453,0.32966291904449463,24.103809356689453,8.200448064599186e-05,3.9139628410339355,476.4885559082031,0.140625,0.949096143245697,790,4,26.577244159714073,3.7028545162603996,2159.17968211015,3.9678555271209137,48239.62726896923,594.6269447774197,31600.459003354947,855.9638559125244
14.03424072265625,35.248680114746094,0.337502121925354,35.248680114746094,0.0001761437888490036,12.79336929321289,546.7432861328125,0.13671875,0.9489547610282898,791,4,26.577244159714073,3.7028545162603996,2159.17968211015,3.9678555271209137,48239.62726896923,594.6269447774197,31600.459003354947,855.9638559125244
10.6228666305542,26.886859893798828,0.2108682245016098,26.886859893798828,0.00011561339488252997,6.596789360046387,447.88421630859375,0.15234375,0.9476231932640076,792,4,26.577244159714073,3.7028545162603996,2159.17968211015,3.9678555271209137,48239.62726896923,594.6269447774197,31600.459003354947,855.9638559125244
10.062094688415527,24.344404220581055,0.3336202800273895,24.344404220581055,0.00016471254639327526,2.2781381607055664,563.1214599609375,0.15234375,0.9490806460380554,793,4,26.577244159714073,3.7028545162603996,2159.17968211015,3.9678555271209137,48239.62726896923,594.6269447774197,31600.459003354947,855.9638559125244
8.90894889831543,21.254907608032227,0.25690481066703796,21.25490951538086,5.037750815972686e-05,3.7093234062194824,459.892578125,0.125,0.9495284557342529,794,4,26.577244159714073,3.7028545162603996,2159.17968211015,3.9678555271209137,48239.62726896923,594.6269447774197,31600.459003354947,855.9638559125244
7.46763801574707,18.456607818603516,0.33627936244010925,18.456607818603516,9.54077549977228e-05,2.3776938915252686,459.0441589355469,0.109375,0.9491292834281921,795,4,26.577244159714073,3.7028545162603996,2159.17968211015,3.9678555271209137,48239.62726896923,594.6269447774197,31600.459003354947,855.9638559125244
6.924850940704346,17.312124252319336,0.1840214729309082,17.312124252319336,5.538777622859925e-05,3.225996255874634,422.3799743652344,0.1171875,0.9451923370361328,796,4,26.577244159714073,3.7028545162603996,2159.17968211015,3.9678555271209137,48239.62726896923,594.6269447774197,31600.459003354947,855.9638559125244
11.22658920288086,27.20449447631836,0.3205208480358124,27.204492568969727,0.00025053980061784387,8.103307723999023,519.3469848632812,0.16015625,0.9478015303611755,797,4,26.577244159714073,3.7028545162603996,2159.17968211015,3.9678555271209137,48239.62726896923,594.6269447774197,31600.459003354947,855.9638559125244
14.537165641784668,36.225013732910156,0.4529229402542114,36.225013732910156,0.00015660549979656935,69.24942016601562,520.9539794921875,0.19140625,0.9523591995239258,798,4,26.577244159714073,3.7028545162603996,2159.17968211015,3.9678555271209137,48239.62726896923,594.6269447774197,31600.459003354947,855.9638559125244
11.650960922241211,28.316787719726562,0.3433767557144165,28.316787719726562,0.00026892212918028235,10.345121383666992,497.04791259765625,0.16015625,0.9494311213493347,799,4,26.577244159714073,3.7028545162603996,2159.17968211015,3.9678555271209137,48239.62726896923,594.6269447774197,31600.459003354947,855.9638559125244
17.21207618713379,42.414207458496094,0.5912042260169983,42.414207458496094,0.0002758295158855617,119.0115966796875,534.4378051757812,0.1796875,0.9506243467330933,800,4,26.577244159714073,3.7028545162603996,2159.17968211015,3.9678555271209137,48239.62726896923,594.6269447774197,31600.459003354947,855.9638559125244
10.429019927978516,24.53407096862793,0.2275402843952179,24.53407096862793,0.00010513939196243882,10.61724853515625,468.1544494628906,0.16796875,0.9474373459815979,801,4,26.577244159714073,3.7028545162603996,2159.17968211015,3.9678555271209137,48239.62726896923,594.6269447774197,31600.459003354947,855.9638559125244
7.871501922607422,20.047107696533203,0.2266445755958557,20.047107696533203,0.00017686214414425194,6.211939334869385,466.6874084472656,0.140625,0.9490419626235962,802,4,26.577244159714073,3.7028545162603996,2159.17968211015,3.9678555271209137,48239.62726896923,594.6269447774197,31600.459003354947,855.9638559125244
12.6644868850708,29.77884864807129,0.4941018521785736,29.77884864807129,6.34122989140451e-05,10.83941650390625,545.928955078125,0.14453125,0.950191080570221,803,4,26.577244159714073,3.7028545162603996,2159.17968211015,3.9678555271209137,48239.62726896923,594.6269447774197,31600.459003354947,855.9638559125244
9.227245330810547,22.853553771972656,0.2784295082092285,22.853553771972656,5.5173113651108e-05,5.3938517570495605,498.97735595703125,0.14453125,0.9485913515090942,804,4,26.577244159714073,3.7028545162603996,2159.17968211015,3.9678555271209137,48239.62726896923,594.6269447774197,31600.459003354947,855.9638559125244
14.07420825958252,34.38538360595703,0.3705517649650574,34.38538360595703,9.553514973958954e-05,36.57672119140625,538.709228515625,0.16796875,0.9487024545669556,805,4,26.577244159714073,3.7028545162603996,2159.17968211015,3.9678555271209137,48239.62726896923,594.6269447774197,31600.459003354947,855.9638559125244
12.675018310546875,30.93269920349121,0.5530270338058472,30.93269920349121,6.748229498043656e-05,6.353248119354248,542.6976318359375,0.15625,0.9475098252296448,806,4,26.577244159714073,3.7028545162603996,2159.17968211015,3.9678555271209137,48239.62726896923,594.6269447774197,31600.459003354947,855.9638559125244
15.11467170715332,38.45921325683594,0.3688920736312866,38.45921325683594,6.38104829704389e-05,75.08502197265625,501.5424499511719,0.1953125,0.9512497186660767,807,4,26.577244159714073,3.7028545162603996,2159.17968211015,3.9678555271209137,48239.62726896923,594.6269447774197,31600.459003354947,855.9638559125244
8.954802513122559,22.908451080322266,0.24607443809509277,22.908451080322266,7.985765114426613e-05,2.6119132041931152,492.8421630859375,0.11328125,0.9480566382408142,808,4,26.577244159714073,3.7028545162603996,2159.17968211015,3.9678555271209137,48239.62726896923,594.6269447774197,31600.459003354947,855.9638559125244
10.95341968536377,26.406234741210938,0.25546735525131226,26.406234741210938,5.665471326210536e-05,9.085943222045898,530.1702270507812,0.14453125,0.9514663815498352,809,4,26.577244159714073,3.7028545162603996,2159.17968211015,3.9678555271209137,48239.62726896923,594.6269447774197,31600.459003354947,855.9638559125244
17.16170883178711,42.47951126098633,0.8573950529098511,42.479515075683594,0.00010960891813738272,59.26261901855469,533.71337890625,0.15625,0.9498971104621887,810,4,26.577244159714073,3.7028545162603996,2159.17968211015,3.9678555271209137,48239.62726896923,594.6269447774197,31600.459003354947,855.9638559125244
9.435342788696289,24.130290985107422,0.2634966969490051,24.130290985107422,0.00021043946617282927,13.114461898803711,517.4591674804688,0.15234375,0.950721263885498,811,4,26.577244159714073,3.7028545162603996,2159.17968211015,3.9678555271209137,48239.62726896923,594.6269447774197,31600.459003354947,855.9638559125244
9.8265380859375,25.223365783691406,0.22227616608142853,25.223365783691406,0.00010669598123058677,1.1242790222167969,552.6380615234375,0.10546875,0.9506164789199829,812,4,26.577244159714073,3.7028545162603996,2159.17968211015,3.9678555271209137,48239.62726896923,594.6269447774197,31600.459003354947,855.9638559125244
13.298057556152344,33.28822326660156,0.2909156084060669,33.28822326660156,0.00021212580031715333,48.39679718017578,514.40576171875,0.171875,0.9468455910682678,813,4,26.577244159714073,3.7028545162603996,2159.17968211015,3.9678555271209137,48239.62726896923,594.6269447774197,31600.459003354947,855.9638559125244
12.295024871826172,31.31509780883789,0.38343197107315063,31.31509780883789,0.00014268863014876842,2.6123578548431396,532.0390014648438,0.12109375,0.9478209018707275,814,4,26.577244159714073,3.7028545162603996,2159.17968211015,3.9678555271209137,48239.62726896923,594.6269447774197,31600.459003354947,855.9638559125244
13.591365814208984,34.2750244140625,0.3538580536842346,34.2750244140625,0.00011006223212461919,14.382616996765137,546.0725708007812,0.15625,0.9474339485168457,815,4,26.577244159714073,3.7028545162603996,2159.17968211015,3.9678555271209137,48239.62726896923,594.6269447774197,31600.459003354947,855.9638559125244
10.435078620910645,25.794361114501953,0.2865670323371887,25.794361114501953,7.479264604626223e-05,3.0509185791015625,565.1126098632812,0.1171875,0.9471153616905212,816,4,26.577244159714073,3.7028545162603996,2159.17968211015,3.9678555271209137,48239.62726896923,594.6269447774197,31600.459003354947,855.9638559125244
9.785856246948242,24.989818572998047,0.34715110063552856,24.989818572998047,9.922550816554576e-05,3.7809109687805176,513.4473876953125,0.12890625,0.9513742327690125,817,4,26.577244159714073,3.7028545162603996,2159.17968211015,3.9678555271209137,48239.62726896923,594.6269447774197,31600.459003354947,855.9638559125244
15.951251983642578,40.952816009521484,0.594820499420166,40.952816009521484,0.00010241116979159415,55.10258102416992,543.8748779296875,0.15234375,0.9501827955245972,818,4,26.577244159714073,3.7028545162603996,2159.17968211015,3.9678555271209137,48239.62726896923,594.6269447774197,31600.459003354947,855.9638559125244
10.68742561340332,26.606237411499023,0.36447590589523315,26.606239318847656,5.4021209507482126e-05,10.32420539855957,488.1515808105469,0.1328125,0.9505959749221802,819,4,26.577244159714073,3.7028545162603996,2159.17968211015,3.9678555271209137,48239.62726896923,594.6269447774197,31600.459003354947,855.9638559125244
10.54704475402832,27.748401641845703,0.450610876083374,27.748401641845703,0.00011167940101586282,4.275349140167236,540.5465698242188,0.13671875,0.949874997138977,820,4,26.577244159714073,3.7028545162603996,2159.17968211015,3.9678555271209137,48239.62726896923,594.6269447774197,31600.459003354947,855.9638559125244
14.705412864685059,38.656822204589844,0.36412549018859863,38.656822204589844,0.00026984632131643593,23.38968276977539,541.9856567382812,0.16796875,0.9481789469718933,821,4,26.577244159714073,3.7028545162603996,2159.17968211015,3.9678555271209137,48239.62726896923,594.6269447774197,31600.459003354947,855.9638559125244
12.781351089477539,32.579566955566406,0.3505042493343353,32.579566955566406,0.0001277032570214942,15.106590270996094,556.7785034179688,0.14453125,0.9475551247596741,822,4,26.577244159714073,3.7028545162603996,2159.17968211015,3.9678555271209137,48239.62726896923,594.6269447774197,31600.459003354947,855.9638559125244
10.12126350402832,25.755413055419922,0.2539026737213135,25.755413055419922,0.00023237246205098927,3.32220196723938,494.2374267578125,0.1328125,0.9505733847618103,823,4,26.577244159714073,3.7028545162603996,2159.17968211015,3.9678555271209137,48239.62726896923,594.6269447774197,31600.459003354947,855.9638559125244
11.260477066040039,29.156291961669922,0.3139128088951111,29.156293869018555,0.0002729586558416486,2.0018951892852783,569.4134521484375,0.125,0.9505062103271484,824,4,26.577244159714073,3.7028545162603996,2159.17968211015,3.9678555271209137,48239.62726896923,594.6269447774197,31600.459003354947,855.9638559125244
9.117090225219727,23.942079544067383,0.2855381369590759,23.942079544067383,6.209328421391547e-05,9.729194641113281,500.2458801269531,0.140625,0.9498755931854248,825,4,26.577244159714073,3.7028545162603996,2159.17968211015,3.9678555271209137,48239.62726896923,594.6269447774197,31600.459003354947,855.9638559125244
7.303699016571045,17.685136795043945,0.26430127024650574,17.685136795043945,6.899851723574102e-05,2.0821900367736816,556.4291381835938,0.109375,0.9483529329299927,826,4,26.577244159714073,3.7028545162603996,2159.17968211015,3.9678555271209137,48239.62726896923,594.6269447774197,31600.459003354947,855.9638559125244
11.277124404907227,28.271839141845703,0.3112790584564209,28.271839141845703,6.672156450804323e-05,10.452579498291016,537.8480224609375,0.1484375,0.950852632522583,827,4,26.577244159714073,3.7028545162603996,2159.17968211015,3.9678555271209137,48239.62726896923,594.6269447774197,31600.459003354947,855.9638559125244
12.768762588500977,33.55641174316406,0.3845459818840027,33.55641174316406,0.00011937543604290113,10.492181777954102,578.3070678710938,0.13671875,0.948067843914032,828,4,26.577244159714073,3.7028545162603996,2159.17968211015,3.9678555271209137,48239.62726896923,594.6269447774197,31600.459003354947,855.9638559125244
9.585482597351074,25.488218307495117,0.3696131110191345,25.488218307495117,0.00012437658733688295,15.094008445739746,491.4654846191406,0.1328125,0.9482009410858154,829,4,26.577244159714073,3.7028545162603996,2159.17968211015,3.9678555271209137,48239.62726896923,594.6269447774197,31600.459003354947,855.9638559125244
13.634928703308105,34.875640869140625,0.4143190085887909,34.875640869140625,0.00011750528938136995,24.662673950195312,542.2166137695312,0.17578125,0.9516652226448059,830,4,26.577244159714073,3.7028545162603996,2159.17968211015,3.9678555271209137,48239.62726896923,594.6269447774197,31600.459003354947,855.9638559125244
15.807079315185547,39.474403381347656,0.4157332479953766,39.474403381347656,0.00011956684465985745,18.74355697631836,571.49072265625,0.19921875,0.9505624771118164,831,4,26.577244159714073,3.7028545162603996,2159.17968211015,3.9678555271209137,48239.62726896923,594.6269447774197,31600.459003354947,855.9638559125244
14.189534187316895,37.199363708496094,0.6301587820053101,37.199363708496094,0.00024173140991479158,22.77499771118164,607.4419555664062,0.140625,0.948794960975647,832,4,26.577244159714073,3.7028545162603996,2159.17968211015,3.9678555271209137,48239.62726896923,594.6269447774197,31600.459003354947,855.9638559125244
10.173263549804688,27.229034423828125,0.3253686726093292,27.229034423828125,6.89959415467456e-05,7.04520320892334,545.668212890625,0.15234375,0.9469825029373169,833,4,26.577244159714073,3.7028545162603996,2159.17968211015,3.9678555271209137,48239.62726896923,594.6269447774197,31600.459003354947,855.9638559125244
11.477958679199219,30.05694007873535,0.30352407693862915,30.05694007873535,0.00013549056893680245,34.39696502685547,543.23193359375,0.15234375,0.9478883147239685,834,4,26.577244159714073,3.7028545162603996,2159.17968211015,3.9678555271209137,48239.62726896923,594.6269447774197,31600.459003354947,855.9638559125244
13.340963363647461,34.075416564941406,0.4983218014240265,34.075416564941406,0.00022954406449571252,27.72846221923828,583.0455322265625,0.171875,0.9505272507667542,835,4,26.577244159714073,3.7028545162603996,2159.17968211015,3.9678555271209137,48239.62726896923,594.6269447774197,31600.459003354947,855.9638559125244
7.239019870758057,19.23051643371582,0.1653641164302826,19.230518341064453,2.25173425860703e-05,0.47959887981414795,479.803955078125,0.0859375,0.9481051564216614,836,4,26.577244159714073,3.7028545162603996,2159.17968211015,3.9678555271209137,48239.62726896923,594.6269447774197,31600.459003354947,855.9638559125244
17.047924041748047,42.76181411743164,0.5040149688720703,42.761817932128906,7.748915231786668e-05,95.48739624023438,565.9215698242188,0.171875,0.9491255879402161,837,4,26.577244159714073,3.7028545162603996,2159.17968211015,3.9678555271209137,48239.62726896923,594.6269447774197,31600.459003354947,855.9638559125244
11.768606185913086,31.008974075317383,0.6115553975105286,31.008974075317383,5.660456736222841e-05,9.188547134399414,570.8375854492188,0.13671875,0.9476330876350403,838,4,26.577244159714073,3.7028545162603996,2159.17968211015,3.9678555271209137,48239.62726896923,594.6269447774197,31600.459003354947,855.9638559125244
11.878573417663574,29.986814498901367,0.30391931533813477,29.986814498901367,8.80876905284822e-05,12.016692161560059,575.6395874023438,0.15625,0.9518938660621643,839,4,26.577244159714073,3.7028545162603996,2159.17968211015,3.9678555271209137,48239.62726896923,594.6269447774197,31600.459003354947,855.9638559125244
8.900235176086426,22.65667724609375,0.2148943543434143,22.65667724609375,5.545165186049417e-05,2.50941801071167,522.8273315429688,0.1171875,0.9464725255966187,840,4,26.577244159714073,3.7028545162603996,2159.17968211015,3.9678555271209137,48239.62726896923,594.6269447774197,31600.459003354947,855.9638559125244
9.081398963928223,23.057979583740234,0.19647419452667236,23.057979583740234,5.219414742896333e-05,5.074684143066406,538.0802612304688,0.11328125,0.9499316811561584,841,4,26.577244159714073,3.7028545162603996,2159.17968211015,3.9678555271209137,48239.62726896923,594.6269447774197,31600.459003354947,855.9638559125244
9.5335693359375,25.313316345214844,0.22062580287456512,25.313316345214844,4.8884299758356065e-05,7.436720848083496,470.7121276855469,0.1640625,0.9484401345252991,842,4,26.577244159714073,3.7028545162603996,2159.17968211015,3.9678555271209137,48239.62726896923,594.6269447774197,31600.459003354947,855.9638559125244
11.759696960449219,31.314281463623047,0.22066634893417358,31.314281463623047,6.737759395036846e-05,16.001731872558594,551.2576904296875,0.14453125,0.9488542675971985,843,4,26.577244159714073,3.7028545162603996,2159.17968211015,3.9678555271209137,48239.62726896923,594.6269447774197,31600.459003354947,855.9638559125244
9.807934761047363,25.86857032775879,0.34504327178001404,25.86857032775879,0.00010595034109428525,6.753864765167236,557.2026977539062,0.14453125,0.951171338558197,844,4,26.577244159714073,3.7028545162603996,2159.17968211015,3.9678555271209137,48239.62726896923,594.6269447774197,31600.459003354947,855.9638559125244
10.531582832336426,28.474384307861328,0.2914232313632965,28.474384307861328,7.432061102008447e-05,3.2916040420532227,520.34912109375,0.12890625,0.9460809230804443,845,4,26.577244159714073,3.7028545162603996,2159.17968211015,3.9678555271209137,48239.62726896923,594.6269447774197,31600.459003354947,855.9638559125244
13.229377746582031,33.587913513183594,0.3075609803199768,33.587913513183594,0.00011119969713035971,18.816438674926758,549.0039672851562,0.13671875,0.9534239172935486,846,4,26.577244159714073,3.7028545162603996,2159.17968211015,3.9678555271209137,48239.62726896923,594.6269447774197,31600.459003354947,855.9638559125244
14.383529663085938,37.8773193359375,0.28382816910743713,37.8773193359375,0.00019177491776645184,26.912986755371094,523.4622192382812,0.15625,0.9483184218406677,847,4,26.577244159714073,3.7028545162603996,2159.17968211015,3.9678555271209137,48239.62726896923,594.6269447774197,31600.459003354947,855.9638559125244
10.82745361328125,29.087474822998047,0.2529721260070801,29.08747673034668,0.00036873313365504146,26.039981842041016,525.5470581054688,0.1484375,0.9507412314414978,848,4,26.577244159714073,3.7028545162603996,2159.17968211015,3.9678555271209137,48239.62726896923,594.6269447774197,31600.459003354947,855.9638559125244
7.727494239807129,20.611385345458984,0.1945667564868927,20.611385345458984,5.450540265883319e-05,4.845569610595703,402.8890380859375,0.15234375,0.9481397867202759,849,4,26.577244159714073,3.7028545162603996,2159.17968211015,3.9678555271209137,48239.62726896923,594.6269447774197,31600.459003354947,855.9638559125244
6.958926677703857,18.555198669433594,0.3397483229637146,18.555198669433594,1.9894807337550446e-05,1.946063756942749,505.99383544921875,0.12890625,0.946682333946228,850,4,26.577244159714073,3.7028545162603996,2159.17968211015,3.9678555271209137,48239.62726896923,594.6269447774197,31600.459003354947,855.9638559125244
9.03203296661377,23.71270179748535,0.1944078803062439,23.71270179748535,0.000203737014089711,2.0561890602111816,552.1343994140625,0.11328125,0.9477580189704895,851,4,26.577244159714073,3.7028545162603996,2159.17968211015,3.9678555271209137,48239.62726896923,594.6269447774197,31600.459003354947,855.9638559125244
11.432543754577637,29.74785804748535,0.3048454225063324,29.747859954833984,0.00034128432162106037,7.791689872741699,571.9697875976562,0.14453125,0.9506946206092834,852,4,26.577244159714073,3.7028545162603996,2159.17968211015,3.9678555271209137,48239.62726896923,594.6269447774197,31600.459003354947,855.9638559125244
7.200989246368408,19.597118377685547,0.13462799787521362,19.597116470336914,6.521895556943491e-05,2.1256961822509766,463.0910949707031,0.1171875,0.9477370977401733,853,4,26.577244159714073,3.7028545162603996,2159.17968211015,3.9678555271209137,48239.62726896923,594.6269447774197,31600.459003354947,855.9638559125244
12.178692817687988,31.860218048095703,0.23908936977386475,31.860218048095703,0.0001225793530466035,6.925662994384766,584.853271484375,0.12890625,0.9479806423187256,854,4,26.577244159714073,3.7028545162603996,2159.17968211015,3.9678555271209137,48239.62726896923,594.6269447774197,31600.459003354947,855.9638559125244
12.705378532409668,32.87454605102539,0.43008050322532654,32.87454605102539,0.00019930671260226518,12.777826309204102,569.2413330078125,0.16796875,0.9467617869377136,855,4,26.577244159714073,3.7028545162603996,2159.17968211015,3.9678555271209137,48239.62726896923,594.6269447774197,31600.459003354947,855.9638559125244
13.398344039916992,34.70778274536133,0.5087993144989014,34.70778274536133,0.0001304446195717901,11.22169303894043,577.5810546875,0.16796875,0.9493691325187683,856,4,26.577244159714073,3.7028545162603996,2159.17968211015,3.9678555271209137,48239.62726896923,594.6269447774197,31600.459003354947,855.9638559125244
9.238426208496094,23.497028350830078,0.27641069889068604,23.497028350830078,1.81025498022791e-05,1.6886318922042847,600.97314453125,0.1171875,0.9477929472923279,857,4,26.577244159714073,3.7028545162603996,2159.17968211015,3.9678555271209137,48239.62726896923,594.6269447774197,31600.459003354947,855.9638559125244
10.544309616088867,27.93252182006836,0.3170892000198364,27.93252182006836,9.751965262694284e-05,11.216620445251465,599.81201171875,0.15625,0.9481304287910461,858,4,26.577244159714073,3.7028545162603996,2159.17968211015,3.9678555271209137,48239.62726896923,594.6269447774197,31600.459003354947,855.9638559125244
8.84695053100586,23.33296775817871,0.23581045866012573,23.332965850830078,0.00016437924932688475,2.586482524871826,549.53466796875,0.125,0.9506863951683044,859,4,26.577244159714073,3.7028545162603996,2159.17968211015,3.9678555271209137,48239.62726896923,594.6269447774197,31600.459003354947,855.9638559125244
10.05419921875,26.864423751831055,0.3490062355995178,26.864425659179688,9.492129174759611e-05,13.21523666381836,584.078369140625,0.14453125,0.9495049118995667,860,4,26.577244159714073,3.7028545162603996,2159.17968211015,3.9678555271209137,48239.62726896923,594.6269447774197,31600.459003354947,855.9638559125244
10.190210342407227,27.291385650634766,0.34992530941963196,27.291385650634766,0.000198690831894055,9.738633155822754,580.7291870117188,0.14453125,0.9483215808868408,861,4,26.577244159714073,3.7028545162603996,2159.17968211015,3.9678555271209137,48239.62726896923,594.6269447774197,31600.459003354947,855.9638559125244
9.169515609741211,24.13917350769043,0.2905740737915039,24.13917350769043,6.351029151119292e-05,1.4125573635101318,587.70166015625,0.109375,0.9492779970169067,862,4,26.577244159714073,3.7028545162603996,2159.17968211015,3.9678555271209137,48239.62726896923,594.6269447774197,31600.459003354947,855.9638559125244
10.849653244018555,28.16997528076172,0.22015070915222168,28.16997528076172,6.085546192480251e-05,9.94986343383789,539.4450073242188,0.1328125,0.9502353668212891,863,4,26.577244159714073,3.7028545162603996,2159.17968211015,3.9678555271209137,48239.62726896923,594.6269447774197,31600.459003354947,855.9638559125244
11.158750534057617,29.203086853027344,0.27868935465812683,29.20308494567871,0.00013633741764351726,9.049970626831055,547.1629638671875,0.15234375,0.9498478770256042,864,4,26.577244159714073,3.7028545162603996,2159.17968211015,3.9678555271209137,48239.62726896923,594.6269447774197,31600.459003354947,855.9638559125244
11.18262004852295,29.91830825805664,0.6107317209243774,29.91830825805664,0.00018975138664245605,17.54367446899414,604.2853393554688,0.1640625,0.9480130076408386,865,4,26.577244159714073,3.7028545162603996,2159.17968211015,3.9678555271209137,48239.62726896923,594.6269447774197,31600.459003354947,855.9638559125244
16.85456657409668,44.912559509277344,0.4921059310436249,44.912559509277344,0.00022281016572378576,23.823097229003906,590.3615112304688,0.17578125,0.9476004242897034,866,4,26.577244159714073,3.7028545162603996,2159.17968211015,3.9678555271209137,48239.62726896923,594.6269447774197,31600.459003354947,855.9638559125244
10.539779663085938,28.298425674438477,0.3273269832134247,28.29842758178711,0.00010879572801059112,12.931068420410156,521.7728271484375,0.17578125,0.9504497051239014,867,4,26.577244159714073,3.7028545162603996,2159.17968211015,3.9678555271209137,48239.62726896923,594.6269447774197,31600.459003354947,855.9638559125244
9.884012222290039,26.77587127685547,0.2715720534324646,26.77587127685547,0.00012232872541062534,9.600118637084961,555.9055786132812,0.13671875,0.9501418471336365,868,4,26.577244159714073,3.7028545162603996,2159.17968211015,3.9678555271209137,48239.62726896923,594.6269447774197,31600.459003354947,855.9638559125244
11.204777717590332,30.021957397460938,0.2723613977432251,30.021957397460938,6.117724115028977e-05,4.791980743408203,552.286865234375,0.140625,0.9492920637130737,869,4,26.577244159714073,3.7028545162603996,2159.17968211015,3.9678555271209137,48239.62726896923,594.6269447774197,31600.459003354947,855.9638559125244
12.585287094116211,33.88901138305664,0.42132818698883057,33.889015197753906,0.0002800209913402796,6.911407470703125,621.387451171875,0.1328125,0.9493012428283691,870,4,26.577244159714073,3.7028545162603996,2159.17968211015,3.9678555271209137,48239.62726896923,594.6269447774197,31600.459003354947,855.9638559125244
7.941800117492676,20.962459564208984,0.14628764986991882,20.962459564208984,0.0001000429765554145,9.994821548461914,550.677001953125,0.1640625,0.9513047933578491,871,4,26.577244159714073,3.7028545162603996,2159.17968211015,3.9678555271209137,48239.62726896923,594.6269447774197,31600.459003354947,855.9638559125244
10.975699424743652,29.108726501464844,0.18725457787513733,29.108726501464844,0.00022169033763930202,17.71221351623535,562.669921875,0.15234375,0.9489752650260925,872,4,26.577244159714073,3.7028545162603996,2159.17968211015,3.9678555271209137,48239.62726896923,594.6269447774197,31600.459003354947,855.9638559125244
10.38969898223877,28.63294792175293,0.30927568674087524,28.63294792175293,7.563954568468034e-05,2.768860101699829,626.4275512695312,0.13671875,0.9478657245635986,873,4,26.577244159714073,3.7028545162603996,2159.17968211015,3.9678555271209137,48239.62726896923,594.6269447774197,31600.459003354947,855.9638559125244
10.439346313476562,28.88237190246582,0.2543652057647705,28.882373809814453,7.970756269060075e-05,11.772663116455078,535.4857788085938,0.140625,0.946182370185852,874,4,26.577244159714073,3.7028545162603996,2159.17968211015,3.9678555271209137,48239.62726896923,594.6269447774197,31600.459003354947,855.9638559125244
9.169296264648438,25.341285705566406,0.17331324517726898,25.341285705566406,0.00025158224161714315,5.3409223556518555,555.6978759765625,0.1484375,0.949459433555603,875,4,26.577244159714073,3.7028545162603996,2159.17968211015,3.9678555271209137,48239.62726896923,594.6269447774197,31600.459003354947,855.9638559125244
8.177356719970703,22.71698570251465,0.3244985342025757,22.71698570251465,3.7711404729634523e-05,2.253700017929077,547.5146484375,0.125,0.9531455636024475,876,4,26.577244159714073,3.7028545162603996,2159.17968211015,3.9678555271209137,48239.62726896923,594.6269447774197,31600.459003354947,855.9638559125244
9.089397430419922,24.785072326660156,0.16257530450820923,24.785072326660156,7.36663569114171e-05,5.093391418457031,536.8856811523438,0.14453125,0.9484001398086548,877,4,26.577244159714073,3.7028545162603996,2159.17968211015,3.9678555271209137,48239.62726896923,594.6269447774197,31600.459003354947,855.9638559125244
12.278225898742676,33.20329284667969,0.3814379572868347,33.20329284667969,0.00022604413970839232,31.414356231689453,585.9039916992188,0.171875,0.948650598526001,878,4,26.577244159714073,3.7028545162603996,2159.17968211015,3.9678555271209137,48239.62726896923,594.6269447774197,31600.459003354947,855.9638559125244
19.014381408691406,50.58481216430664,0.6187964677810669,50.58481216430664,0.00021476621623151004,121.25479125976562,646.9528198242188,0.1796875,0.9485416412353516,879,4,26.577244159714073,3.7028545162603996,2159.17968211015,3.9678555271209137,48239.62726896923,594.6269447774197,31600.459003354947,855.9638559125244
12.671263694763184,35.71277618408203,0.4004089832305908,35.71277618408203,0.000379294331651181,20.590456008911133,590.1521606445312,0.15625,0.946099042892456,880,4,26.577244159714073,3.7028545162603996,2159.17968211015,3.9678555271209137,48239.62726896923,594.6269447774197,31600.459003354947,855.9638559125244
11.432294845581055,31.428329467773438,0.27259087562561035,31.428329467773438,8.589164644945413e-05,17.51201629638672,581.0075073242188,0.15234375,0.9467318654060364,881,4,26.577244159714073,3.7028545162603996,2159.17968211015,3.9678555271209137,48239.62726896923,594.6269447774197,31600.459003354947,855.9638559125244
12.513849258422852,34.50169372558594,0.4071674346923828,34.50169372558594,5.9177698858547956e-05,1.6054682731628418,616.2092895507812,0.109375,0.9477795362472534,882,4,26.577244159714073,3.7028545162603996,2159.17968211015,3.9678555271209137,48239.62726896923,594.6269447774197,31600.459003354947,855.9638559125244
7.851856708526611,22.192188262939453,0.14679037034511566,22.192188262939453,0.0003092868719249964,5.711764335632324,503.948974609375,0.140625,0.9489656090736389,883,4,26.577244159714073,3.7028545162603996,2159.17968211015,3.9678555271209137,48239.62726896923,594.6269447774197,31600.459003354947,855.9638559125244
13.804851531982422,37.265953063964844,0.2577890455722809,37.265953063964844,0.00012456235708668828,86.88235473632812,555.0283203125,0.17578125,0.9495471715927124,884,4,26.577244159714073,3.7028545162603996,2159.17968211015,3.9678555271209137,48239.62726896923,594.6269447774197,31600.459003354947,855.9638559125244
7.448834419250488,20.209938049316406,0.23478440940380096,20.209938049316406,0.00016265976591967046,2.882136821746826,583.25146484375,0.1171875,0.9480957388877869,885,4,26.577244159714073,3.7028545162603996,2159.17968211015,3.9678555271209137,48239.62726896923,594.6269447774197,31600.459003354947,855.9638559125244
9.63890552520752,26.30084228515625,0.21980807185173035,26.30084228515625,6.705701525788754e-05,5.60416316986084,584.5971069335938,0.1328125,0.9475042223930359,886,4,26.577244159714073,3.7028545162603996,2159.17968211015,3.9678555271209137,48239.62726896923,594.6269447774197,31600.459003354947,855.9638559125244
10.893115997314453,30.129175186157227,0.3147839903831482,30.129173278808594,0.00010475887393113226,10.612767219543457,622.6644287109375,0.1640625,0.949059009552002,887,4,26.577244159714073,3.7028545162603996,2159.17968211015,3.9678555271209137,48239.62726896923,594.6269447774197,31600.459003354947,855.9638559125244
8.738617897033691,24.260046005249023,0.2814940810203552,24.260046005249023,6.985053914831951e-05,5.549640655517578,594.6215209960938,0.1484375,0.9491775631904602,888,4,26.577244159714073,3.7028545162603996,2159.17968211015,3.9678555271209137,48239.62726896923,594.6269447774197,31600.459003354947,855.9638559125244
9.158355712890625,25.694026947021484,0.27569425106048584,25.694026947021484,0.0003325703728478402,10.32889175415039,550.8901977539062,0.15625,0.9490208029747009,889,4,26.577244159714073,3.7028545162603996,2159.17968211015,3.9678555271209137,48239.62726896923,594.6269447774197,31600.459003354947,855.9638559125244
12.058361053466797,32.77155303955078,0.20011436939239502,32.77155303955078,9.10713424673304e-05,34.283390045166016,584.2153930664062,0.1640625,0.9494501948356628,890,4,26.577244159714073,3.7028545162603996,2159.17968211015,3.9678555271209137,48239.62726896923,594.6269447774197,31600.459003354947,855.9638559125244
10.55832290649414,28.274154663085938,0.3462880253791809,28.274154663085938,0.00015814503422006965,7.2752790451049805,589.4126586914062,0.1328125,0.9488808512687683,891,4,26.577244159714073,3.7028545162603996,2159.17968211015,3.9678555271209137,48239.62726896923,594.6269447774197,31600.459003354947,855.9638559125244
15.855716705322266,43.587345123291016,0.35141393542289734,43.58734893798828,7.19571253284812e-05,33.06339645385742,608.3599243164062,0.171875,0.9497724771499634,892,4,26.577244159714073,3.7028545162603996,2159.17968211015,3.9678555271209137,48239.62726896923,594.6269447774197,31600.459003354947,855.9638559125244
11.798651695251465,31.218650817871094,0.26927152276039124,31.218650817871094,7.291907968465239e-05,6.526925086975098,592.0426025390625,0.12109375,0.9503746032714844,893,4,26.577244159714073,3.7028545162603996,2159.17968211015,3.9678555271209137,48239.62726896923,594.6269447774197,31600.459003354947,855.9638559125244
13.403301239013672,37.3173828125,0.3881204128265381,37.3173828125,9.354861504107248e-06,6.620687484741211,635.6652221679688,0.12890625,0.9474812150001526,894,4,26.577244159714073,3.7028545162603996,2159.17968211015,3.9678555271209137,48239.62726896923,594.6269447774197,31600.459003354947,855.9638559125244
8.054056167602539,22.775413513183594,0.15368135273456573,22.775413513183594,6.755266804248095e-05,1.4278825521469116,552.31201171875,0.10546875,0.9500686526298523,895,4,26.577244159714073,3.7028545162603996,2159.17968211015,3.9678555271209137,48239.62726896923,594.6269447774197,31600.459003354947,855.9638559125244
7.918124198913574,21.6650447845459,0.11349507421255112,21.66504669189453,6.438997661462054e-05,3.3191161155700684,551.9444580078125,0.11328125,0.9522758722305298,896,4,26.577244159714073,3.7028545162603996,2159.17968211015,3.9678555271209137,48239.62726896923,594.6269447774197,31600.459003354947,855.9638559125244
11.677270889282227,31.68108367919922,0.38471218943595886,31.68108367919922,0.00017896946519613266,7.090328693389893,599.7979736328125,0.1484375,0.9499241709709167,897,4,26.577244159714073,3.7028545162603996,2159.17968211015,3.9678555271209137,48239.62726896923,594.6269447774197,31600.459003354947,855.9638559125244
12.598685264587402,35.07054138183594,0.321301132440567,35.07054138183594,0.0001646949676796794,34.80903244018555,619.6564331054688,0.1640625,0.9470045566558838,898,4,26.577244159714073,3.7028545162603996,2159.17968211015,3.9678555271209137,48239.62726896923,594.6269447774197,31600.459003354947,855.9638559125244
11.811347961425781,33.29179382324219,0.4353795647621155,33.29179382324219,7.83231807872653e-05,8.160466194152832,644.6760864257812,0.13671875,0.9496200680732727,899,4,26.577244159714073,3.7028545162603996,2159.17968211015,3.9678555271209137,48239.62726896923,594.6269447774197,31600.459003354947,855.9638559125244
9.809688568115234,27.517343521118164,0.17961013317108154,27.51734161376953,6.513258267659694e-05,4.404170036315918,628.53955078125,0.140625,0.947138249874115,900,4,26.577244159714073,3.7028545162603996,2159.17968211015,3.9678555271209137,48239.62726896923,594.6269447774197,31600.459003354947,855.9638559125244
9.526500701904297,26.663087844848633,0.19817416369915009,26.663087844848633,7.180358079494908e-05,6.4276018142700195,590.8658447265625,0.1171875,0.9494093656539917,901,4,26.577244159714073,3.7028545162603996,2159.17968211015,3.9678555271209137,48239.62726896923,594.6269447774197,31600.459003354947,855.9638559125244
10.320602416992188,28.78402328491211,0.33391088247299194,28.78402328491211,0.00013090280117467046,3.5440855026245117,635.3225708007812,0.12890625,0.9464157819747925,902,4,26.577244159714073,3.7028545162603996,2159.17968211015,3.9678555271209137,48239.62726896923,594.6269447774197,31600.459003354947,855.9638559125244
6.722844123840332,18.70394515991211,0.15778648853302002,18.70394515991211,9.158075408777222e-05,4.9194793701171875,598.092041015625,0.13671875,0.9471039772033691,903,4,26.577244159714073,3.7028545162603996,2159.17968211015,3.9678555271209137,48239.62726896923,594.6269447774197,31600.459003354947,855.9638559125244
12.461212158203125,33.45386505126953,0.28220900893211365,33.45386505126953,0.00019797938875854015,37.795230865478516,613.2244873046875,0.1640625,0.9468244314193726,904,4,26.577244159714073,3.7028545162603996,2159.17968211015,3.9678555271209137,48239.62726896923,594.6269447774197,31600.459003354947,855.9638559125244
11.091901779174805,31.29108238220215,0.18436768651008606,31.29108428955078,0.00015502117457799613,26.371891021728516,625.1076049804688,0.18359375,0.9482797980308533,905,4,26.577244159714073,3.7028545162603996,2159.17968211015,3.9678555271209137,48239.62726896923,594.6269447774197,31600.459003354947,855.9638559125244
9.166088104248047,24.796140670776367,0.21400901675224304,24.796140670776367,0.0001762736210366711,4.669661998748779,637.4536743164062,0.1328125,0.947608470916748,906,4,26.577244159714073,3.7028545162603996,2159.17968211015,3.9678555271209137,48239.62726896923,594.6269447774197,31600.459003354947,855.9638559125244
15.413813591003418,41.65928649902344,0.7410537600517273,41.65928649902344,6.135139119578525e-05,11.762611389160156,661.152099609375,0.1484375,0.9491882920265198,907,4,26.577244159714073,3.7028545162603996,2159.17968211015,3.9678555271209137,48239.62726896923,594.6269447774197,31600.459003354947,855.9638559125244
9.540437698364258,27.01786994934082,0.2069544792175293,27.01786994934082,0.0001600982213858515,17.462467193603516,586.5386962890625,0.15625,0.947553277015686,908,4,26.577244159714073,3.7028545162603996,2159.17968211015,3.9678555271209137,48239.62726896923,594.6269447774197,31600.459003354947,855.9638559125244
12.975893020629883,36.195213317871094,0.3191037178039551,36.195213317871094,0.00016732510994188488,9.266458511352539,622.5187377929688,0.17578125,0.9464316964149475,909,4,26.577244159714073,3.7028545162603996,2159.17968211015,3.9678555271209137,48239.62726896923,594.6269447774197,31600.459003354947,855.9638559125244
9.908452033996582,27.2017765045166,0.2759157121181488,27.2017765045166,0.00015850213821977377,11.49032211303711,565.8929443359375,0.14453125,0.947249174118042,910,4,26.577244159714073,3.7028545162603996,2159.17968211015,3.9678555271209137,48239.62726896923,594.6269447774197,31600.459003354947,855.9638559125244
6.286113739013672,17.902420043945312,0.1218186467885971,17.902420043945312,8.003489347174764e-05,0.9478944540023804,573.7178955078125,0.1015625,0.9520952105522156,911,4,26.577244159714073,3.7028545162603996,2159.17968211015,3.9678555271209137,48239.62726896923,594.6269447774197,31600.459003354947,855.9638559125244
9.245002746582031,25.478288650512695,0.15397831797599792,25.478286743164062,2.7300229703541845e-05,4.315299987792969,623.2175903320312,0.13671875,0.9498359560966492,912,4,26.577244159714073,3.7028545162603996,2159.17968211015,3.9678555271209137,48239.62726896923,594.6269447774197,31600.459003354947,855.9638559125244
10.740839004516602,30.55023956298828,0.18150895833969116,30.55023956298828,9.038011194206774e-05,25.907562255859375,622.0853271484375,0.1796875,0.9482252597808838,913,4,26.577244159714073,3.7028545162603996,2159.17968211015,3.9678555271209137,48239.62726896923,594.6269447774197,31600.459003354947,855.9638559125244
9.918903350830078,27.488582611083984,0.235260471701622,27.488582611083984,1.9143988538417034e-05,1.5499829053878784,579.170166015625,0.12109375,0.9480596780776978,914,4,26.577244159714073,3.7028545162603996,2159.17968211015,3.9678555271209137,48239.62726896923,594.6269447774197,31600.459003354947,855.9638559125244
11.058061599731445,30.780742645263672,0.26164430379867554,30.780742645263672,0.00030671621789224446,8.065889358520508,709.971435546875,0.1796875,0.9514516592025757,915,4,26.577244159714073,3.7028545162603996,2159.17968211015,3.9678555271209137,48239.62726896923,594.6269447774197,31600.459003354947,855.9638559125244
10.472500801086426,29.460283279418945,0.331356942653656,29.460283279418945,0.0001344191114185378,16.279067993164062,630.864990234375,0.15234375,0.9506229162216187,916,4,26.577244159714073,3.7028545162603996,2159.17968211015,3.9678555271209137,48239.62726896923,594.6269447774197,31600.459003354947,855.9638559125244
11.032400131225586,32.17686080932617,0.4366168975830078,32.17686080932617,5.929727922193706e-05,2.243516445159912,622.914794921875,0.11328125,0.9493104815483093,917,4,26.577244159714073,3.7028545162603996,2159.17968211015,3.9678555271209137,48239.62726896923,594.6269447774197,31600.459003354947,855.9638559125244
8.055782318115234,22.057453155517578,0.2673080265522003,22.057453155517578,7.769442163407803e-06,2.9565041065216064,609.7529296875,0.11328125,0.9483926892280579,918,4,26.577244159714073,3.7028545162603996,2159.17968211015,3.9678555271209137,48239.62726896923,594.6269447774197,31600.459003354947,855.9638559125244
11.628084182739258,32.07233810424805,0.25464168190956116,32.07233810424805,5.5847151088528335e-05,15.17222785949707,594.1201171875,0.15625,0.9492276310920715,919,4,26.577244159714073,3.7028545162603996,2159.17968211015,3.9678555271209137,48239.62726896923,594.6269447774197,31600.459003354947,855.9638559125244
10.072229385375977,27.29520034790039,0.3087734282016754,27.29520034790039,0.00027409318136051297,4.175877094268799,598.188720703125,0.125,0.9501632452011108,920,4,26.577244159714073,3.7028545162603996,2159.17968211015,3.9678555271209137,48239.62726896923,594.6269447774197,31600.459003354947,855.9638559125244
13.637130737304688,38.974952697753906,0.35506200790405273,38.974952697753906,7.24999699741602e-05,16.522497177124023,660.3367309570312,0.1640625,0.9483287930488586,921,4,26.577244159714073,3.7028545162603996,2159.17968211015,3.9678555271209137,48239.62726896923,594.6269447774197,31600.459003354947,855.9638559125244
10.548385620117188,29.393169403076172,0.3323018550872803,29.393169403076172,7.101411756593734e-05,4.05450439453125,655.4369506835938,0.12109375,0.9490234851837158,922,4,26.577244159714073,3.7028545162603996,2159.17968211015,3.9678555271209137,48239.62726896923,594.6269447774197,31600.459003354947,855.9638559125244
7.893482685089111,21.807750701904297,0.23469334840774536,21.807750701904297,7.167752482928336e-05,1.4477336406707764,579.8168334960938,0.10546875,0.9480664730072021,923,4,26.577244159714073,3.7028545162603996,2159.17968211015,3.9678555271209137,48239.62726896923,594.6269447774197,31600.459003354947,855.9638559125244
13.749805450439453,37.39376449584961,0.5055691599845886,37.39376449584961,6.396793469320983e-05,3.943756103515625,681.0638427734375,0.140625,0.9482842683792114,924,4,26.577244159714073,3.7028545162603996,2159.17968211015,3.9678555271209137,48239.62726896923,594.6269447774197,31600.459003354947,855.9638559125244
8.288375854492188,23.868144989013672,0.24282026290893555,23.868144989013672,7.74860309320502e-05,0.8447898626327515,613.4385375976562,0.09375,0.9509488344192505,925,4,26.577244159714073,3.7028545162603996,2159.17968211015,3.9678555271209137,48239.62726896923,594.6269447774197,31600.459003354947,855.9638559125244
9.330717086791992,26.95877456665039,0.13611935079097748,26.95877456665039,0.00018229788111057132,4.081294059753418,595.8614501953125,0.1328125,0.9476547837257385,926,4,26.577244159714073,3.7028545162603996,2159.17968211015,3.9678555271209137,48239.62726896923,594.6269447774197,31600.459003354947,855.9638559125244
13.795154571533203,36.256126403808594,0.464316189289093,36.256126403808594,7.701265712967142e-05,14.292532920837402,634.5828247070312,0.140625,0.9499390721321106,927,4,26.577244159714073,3.7028545162603996,2159.17968211015,3.9678555271209137,48239.62726896923,594.6269447774197,31600.459003354947,855.9638559125244
13.639558792114258,37.381710052490234,0.2692815661430359,37.381710052490234,8.220155723392963e-05,18.507003784179688,680.0181274414062,0.15625,0.9468977451324463,928,4,26.577244159714073,3.7028545162603996,2159.17968211015,3.9678555271209137,48239.62726896923,594.6269447774197,31600.459003354947,855.9638559125244
13.565971374511719,38.25382995605469,0.2774263620376587,38.25382995605469,0.00014403909153770655,9.646001815795898,650.2429809570312,0.14453125,0.9482203722000122,929,4,26.577244159714073,3.7028545162603996,2159.17968211015,3.9678555271209137,48239.62726896923,594.6269447774197,31600.459003354947,855.9638559125244
10.172670364379883,29.120542526245117,0.26053616404533386,29.12054443359375,6.071765164961107e-05,3.6285605430603027,700.5762939453125,0.12890625,0.9495434165000916,930,4,26.577244159714073,3.7028545162603996,2159.17968211015,3.9678555271209137,48239.62726896923,594.6269447774197,31600.459003354947,855.9638559125244
6.255465507507324,17.877912521362305,0.14321108162403107,17.877912521362305,2.016109647229314e-05,2.153352737426758,510.0545959472656,0.109375,0.9476393461227417,931,4,26.577244159714073,3.7028545162603996,2159.17968211015,3.9678555271209137,48239.62726896923,594.6269447774197,31600.459003354947,855.9638559125244
15.47921085357666,43.72288513183594,0.28413262963294983,43.72288513183594,0.00014799536438658834,91.45246887207031,622.77783203125,0.19921875,0.9467142224311829,932,4,26.577244159714073,3.7028545162603996,2159.17968211015,3.9678555271209137,48239.62726896923,594.6269447774197,31600.459003354947,855.9638559125244
10.655292510986328,29.041213989257812,0.23370982706546783,29.041210174560547,0.00011361220822436735,5.85063362121582,620.85888671875,0.1484375,0.9511739611625671,933,4,26.577244159714073,3.7028545162603996,2159.17968211015,3.9678555271209137,48239.62726896923,594.6269447774197,31600.459003354947,855.9638559125244
12.832597732543945,33.97968292236328,0.464373916387558,33.97968292236328,0.00024988618679344654,13.414582252502441,632.7786254882812,0.15625,0.9512647986412048,934,4,26.577244159714073,3.7028545162603996,2159.17968211015,3.9678555271209137,48239.62726896923,594.6269447774197,31600.459003354947,855.9638559125244
13.325035095214844,37.6845588684082,0.30144912004470825,37.68455505371094,9.373003558721393e-05,9.069689750671387,637.1060180664062,0.1328125,0.9491114020347595,935,4,26.577244159714073,3.7028545162603996,2159.17968211015,3.9678555271209137,48239.62726896923,594.6269447774197,31600.459003354947,855.9638559125244
9.798008918762207,27.430824279785156,0.22275924682617188,27.430824279785156,7.731321966275573e-05,5.078441619873047,614.7642211914062,0.12109375,0.9490444660186768,936,4,26.577244159714073,3.7028545162603996,2159.17968211015,3.9678555271209137,48239.62726896923,594.6269447774197,31600.459003354947,855.9638559125244
12.337453842163086,28.396818161010742,0.47131192684173584,28.396818161010742,6.840619607828557e-05,12.633295059204102,500.68707275390625,0.16015625,0.9508984088897705,937,5,26.44819024880548,4.409708655907708,1849.4576873956785,4.435410415578171,40651.42363499031,355.27640976956627,17249.651003756422,526.5345275537687
11.559478759765625,26.753053665161133,0.3679145574569702,26.753053665161133,1.4845776604488492e-05,6.343533039093018,471.2966003417969,0.1171875,0.9479981660842896,938,5,26.44819024880548,4.409708655907708,1849.4576873956785,4.435410415578171,40651.42363499031,355.27640976956627,17249.651003756422,526.5345275537687
14.860443115234375,35.052223205566406,0.3735780119895935,35.052223205566406,5.476242949953303e-05,37.14104461669922,521.5690307617188,0.17578125,0.9506784081459045,939,5,26.44819024880548,4.409708655907708,1849.4576873956785,4.435410415578171,40651.42363499031,355.27640976956627,17249.651003756422,526.5345275537687
6.560009479522705,15.503589630126953,0.0988980233669281,15.503589630126953,1.0341092092858162e-05,0.8383735418319702,401.73492431640625,0.09765625,0.9519705772399902,940,5,26.44819024880548,4.409708655907708,1849.4576873956785,4.435410415578171,40651.42363499031,355.27640976956627,17249.651003756422,526.5345275537687
10.758842468261719,24.876102447509766,0.3179774284362793,24.876102447509766,6.674136966466904e-05,7.513461112976074,508.58404541015625,0.15234375,0.9473324418067932,941,5,26.44819024880548,4.409708655907708,1849.4576873956785,4.435410415578171,40651.42363499031,355.27640976956627,17249.651003756422,526.5345275537687
12.323331832885742,28.582250595092773,0.3122538626194,28.582252502441406,6.334809586405754e-05,19.864091873168945,487.91876220703125,0.14453125,0.9484748840332031,942,5,26.44819024880548,4.409708655907708,1849.4576873956785,4.435410415578171,40651.42363499031,355.27640976956627,17249.651003756422,526.5345275537687
8.14708423614502,19.38768196105957,0.15979212522506714,19.38768196105957,4.265366806066595e-05,2.2293589115142822,479.39453125,0.11328125,0.9495890736579895,943,5,26.44819024880548,4.409708655907708,1849.4576873956785,4.435410415578171,40651.42363499031,355.27640976956627,17249.651003756422,526.5345275537687
9.797355651855469,23.117042541503906,0.4083612561225891,23.117042541503906,4.962239108863287e-05,5.689003944396973,538.2174682617188,0.11328125,0.9494583606719971,944,5,26.44819024880548,4.409708655907708,1849.4576873956785,4.435410415578171,40651.42363499031,355.27640976956627,17249.651003756422,526.5345275537687
9.318222999572754,20.9371280670166,0.18610265851020813,20.9371280670166,3.1983141525415704e-05,1.2926138639450073,435.6024475097656,0.10546875,0.950157880783081,945,5,26.44819024880548,4.409708655907708,1849.4576873956785,4.435410415578171,40651.42363499031,355.27640976956627,17249.651003756422,526.5345275537687
11.313864707946777,26.06399154663086,0.40871840715408325,26.06399154663086,5.0458169425837696e-05,9.062721252441406,487.1400451660156,0.1171875,0.948357105255127,946,5,26.44819024880548,4.409708655907708,1849.4576873956785,4.435410415578171,40651.42363499031,355.27640976956627,17249.651003756422,526.5345275537687
8.996065139770508,20.35235595703125,0.1784147024154663,20.35235595703125,5.427221913123503e-05,2.135741710662842,466.2794189453125,0.12109375,0.9468405246734619,947,5,26.44819024880548,4.409708655907708,1849.4576873956785,4.435410415578171,40651.42363499031,355.27640976956627,17249.651003756422,526.5345275537687
13.194156646728516,30.200092315673828,0.39382538199424744,30.200092315673828,0.00015300148515962064,7.076847076416016,492.9683532714844,0.125,0.9513648748397827,948,5,26.44819024880548,4.409708655907708,1849.4576873956785,4.435410415578171,40651.42363499031,355.27640976956627,17249.651003756422,526.5345275537687
9.661052703857422,22.852306365966797,0.3380456864833832,22.852306365966797,0.00015051959780976176,8.517030715942383,474.22857666015625,0.14453125,0.9511222243309021,949,5,26.44819024880548,4.409708655907708,1849.4576873956785,4.435410415578171,40651.42363499031,355.27640976956627,17249.651003756422,526.5345275537687
10.203845977783203,23.467018127441406,0.15125049650669098,23.467018127441406,4.829026147490367e-05,34.91021728515625,468.4314270019531,0.15625,0.9473044276237488,950,5,26.44819024880548,4.409708655907708,1849.4576873956785,4.435410415578171,40651.42363499031,355.27640976956627,17249.651003756422,526.5345275537687
9.296575546264648,22.418004989624023,0.28984254598617554,22.418004989624023,5.92954529565759e-05,2.5369491577148438,512.4949951171875,0.125,0.9485204219818115,951,5,26.44819024880548,4.409708655907708,1849.4576873956785,4.435410415578171,40651.42363499031,355.27640976956627,17249.651003756422,526.5345275537687
10.401838302612305,24.254165649414062,0.30615413188934326,24.254165649414062,4.9811293138191104e-05,0.32235556840896606,501.17401123046875,0.09375,0.9488672614097595,952,5,26.44819024880548,4.409708655907708,1849.4576873956785,4.435410415578171,40651.42363499031,355.27640976956627,17249.651003756422,526.5345275537687
12.398026466369629,29.88931655883789,0.4465576410293579,29.88931655883789,4.751190135721117e-05,7.878414154052734,506.5372314453125,0.140625,0.949023962020874,953,5,26.44819024880548,4.409708655907708,1849.4576873956785,4.435410415578171,40651.42363499031,355.27640976956627,17249.651003756422,526.5345275537687
10.624385833740234,25.404388427734375,0.18058264255523682,25.404388427734375,1.882257856777869e-05,3.9719510078430176,485.94305419921875,0.1171875,0.9504764676094055,954,5,26.44819024880548,4.409708655907708,1849.4576873956785,4.435410415578171,40651.42363499031,355.27640976956627,17249.651003756422,526.5345275537687
9.497714042663574,23.164438247680664,0.22398900985717773,23.164438247680664,3.056288551306352e-05,3.6156363487243652,500.2184143066406,0.11328125,0.9488977193832397,955,5,26.44819024880548,4.409708655907708,1849.4576873956785,4.435410415578171,40651.42363499031,355.27640976956627,17249.651003756422,526.5345275537687
13.047780990600586,31.205583572387695,0.3698682487010956,31.205583572387695,1.4271961845224723e-05,32.646907806396484,462.2064514160156,0.16015625,0.9452739357948303,956,5,26.44819024880548,4.409708655907708,1849.4576873956785,4.435410415578171,40651.42363499031,355.27640976956627,17249.651003756422,526.5345275537687
13.544014930725098,33.584991455078125,0.4545689821243286,33.584991455078125,5.5348391470033675e-05,7.434450149536133,535.4923095703125,0.12890625,0.9476625323295593,957,5,26.44819024880548,4.409708655907708,1849.4576873956785,4.435410415578171,40651.42363499031,355.27640976956627,17249.651003756422,526.5345275537687
11.130208015441895,26.223674774169922,0.3060290813446045,26.223674774169922,5.432512261904776e-05,8.472297668457031,477.8620910644531,0.140625,0.9491792917251587,958,5,26.44819024880548,4.409708655907708,1849.4576873956785,4.435410415578171,40651.42363499031,355.27640976956627,17249.651003756422,526.5345275537687
9.67068862915039,22.944107055664062,0.2848256826400757,22.944107055664062,5.434487684397027e-05,1.820288896560669,488.66351318359375,0.1171875,0.9478155970573425,959,5,26.44819024880548,4.409708655907708,1849.4576873956785,4.435410415578171,40651.42363499031,355.27640976956627,17249.651003756422,526.5345275537687
17.01854133605957,40.77064514160156,0.49180668592453003,40.77064514160156,5.077192327007651e-05,81.43952941894531,528.2752075195312,0.14453125,0.9488733410835266,960,5,26.44819024880548,4.409708655907708,1849.4576873956785,4.435410415578171,40651.42363499031,355.27640976956627,17249.651003756422,526.5345275537687
7.310833930969238,17.718032836914062,0.17907294631004333,17.718032836914062,1.1199705113540404e-05,8.967808723449707,426.19512939453125,0.1484375,0.950497567653656,961,5,26.44819024880548,4.409708655907708,1849.4576873956785,4.435410415578171,40651.42363499031,355.27640976956627,17249.651003756422,526.5345275537687
6.078350067138672,14.540273666381836,0.1192939430475235,14.540273666381836,7.030153938103467e-05,3.12925386428833,391.793212890625,0.12109375,0.9490264654159546,962,5,26.44819024880548,4.409708655907708,1849.4576873956785,4.435410415578171,40651.42363499031,355.27640976956627,17249.651003756422,526.5345275537687
7.673274993896484,18.2082462310791,0.23400677740573883,18.2082462310791,8.815839464659803e-06,3.6951370239257812,478.0879211425781,0.140625,0.9518922567367554,963,5,26.44819024880548,4.409708655907708,1849.4576873956785,4.435410415578171,40651.42363499031,355.27640976956627,17249.651003756422,526.5345275537687
10.1492280960083,24.156625747680664,0.48048263788223267,24.156625747680664,4.4563599658431485e-05,1.3486756086349487,523.7608642578125,0.10546875,0.952750563621521,964,5,26.44819024880548,4.409708655907708,1849.4576873956785,4.435410415578171,40651.42363499031,355.27640976956627,17249.651003756422,526.5345275537687
8.93565559387207,21.614274978637695,0.20971164107322693,21.614274978637695,9.078103175852448e-06,2.1219286918640137,515.9887084960938,0.11328125,0.9479547739028931,965,5,26.44819024880548,4.409708655907708,1849.4576873956785,4.435410415578171,40651.42363499031,355.27640976956627,17249.651003756422,526.5345275537687
10.312589645385742,24.472991943359375,0.2930893003940582,24.472991943359375,1.4716400983161293e-05,6.030330657958984,496.483154296875,0.12890625,0.9494933485984802,966,5,26.44819024880548,4.409708655907708,1849.4576873956785,4.435410415578171,40651.42363499031,355.27640976956627,17249.651003756422,526.5345275537687
8.472009658813477,20.567062377929688,0.2005421221256256,20.567062377929688,5.1514030928956345e-05,2.369478225708008,510.9069519042969,0.10546875,0.9484816789627075,967,5,26.44819024880548,4.409708655907708,1849.4576873956785,4.435410415578171,40651.42363499031,355.27640976956627,17249.651003756422,526.5345275537687
10.41513729095459,24.82617950439453,0.2638736665248871,24.82617950439453,2.0754938304889947e-05,10.258075714111328,531.5215454101562,0.15234375,0.9486688375473022,968,5,26.44819024880548,4.409708655907708,1849.4576873956785,4.435410415578171,40651.42363499031,355.27640976956627,17249.651003756422,526.5345275537687
10.859481811523438,26.07099151611328,0.3592008948326111,26.07099151611328,5.115456224302761e-05,0.7959623336791992,563.2047119140625,0.09375,0.9490626454353333,969,5,26.44819024880548,4.409708655907708,1849.4576873956785,4.435410415578171,40651.42363499031,355.27640976956627,17249.651003756422,526.5345275537687
15.164894104003906,36.992897033691406,0.44849252700805664,36.992897033691406,6.487871723948047e-05,11.718997955322266,554.2703857421875,0.16015625,0.9478984475135803,970,5,26.44819024880548,4.409708655907708,1849.4576873956785,4.435410415578171,40651.42363499031,355.27640976956627,17249.651003756422,526.5345275537687
9.580801963806152,22.277973175048828,0.4001435935497284,22.277973175048828,5.5968586821109056e-05,7.797189712524414,507.7310485839844,0.12890625,0.9503207802772522,971,5,26.44819024880548,4.409708655907708,1849.4576873956785,4.435410415578171,40651.42363499031,355.27640976956627,17249.651003756422,526.5345275537687
10.808639526367188,25.940017700195312,0.32743212580680847,25.940017700195312,7.082886440912262e-05,11.046926498413086,518.1302490234375,0.125,0.9462841749191284,972,5,26.44819024880548,4.409708655907708,1849.4576873956785,4.435410415578171,40651.42363499031,355.27640976956627,17249.651003756422,526.5345275537687
11.694953918457031,29.684160232543945,0.30589109659194946,29.684160232543945,5.063351636636071e-05,5.8605852127075195,534.7894897460938,0.140625,0.9494780898094177,973,5,26.44819024880548,4.409708655907708,1849.4576873956785,4.435410415578171,40651.42363499031,355.27640976956627,17249.651003756422,526.5345275537687
11.669130325317383,28.199668884277344,0.29926246404647827,28.199668884277344,5.8686608099378645e-05,4.966244697570801,544.6119384765625,0.15234375,0.9466947317123413,974,5,26.44819024880548,4.409708655907708,1849.4576873956785,4.435410415578171,40651.42363499031,355.27640976956627,17249.651003756422,526.5345275537687
9.316540718078613,22.323715209960938,0.2633868455886841,22.323715209960938,5.1278635510243475e-05,4.395647048950195,520.1886596679688,0.1328125,0.9480089545249939,975,5,26.44819024880548,4.409708655907708,1849.4576873956785,4.435410415578171,40651.42363499031,355.27640976956627,17249.651003756422,526.5345275537687
5.554128646850586,13.099325180053711,0.11304323375225067,13.099325180053711,1.730862095428165e-05,1.0369703769683838,421.6924133300781,0.1015625,0.9466582536697388,976,5,26.44819024880548,4.409708655907708,1849.4576873956785,4.435410415578171,40651.42363499031,355.27640976956627,17249.651003756422,526.5345275537687
7.343123435974121,18.307870864868164,0.1157652735710144,18.307870864868164,5.600041913567111e-05,4.6318182945251465,429.0635681152344,0.125,0.9497385621070862,977,5,26.44819024880548,4.409708655907708,1849.4576873956785,4.435410415578171,40651.42363499031,355.27640976956627,17249.651003756422,526.5345275537687
8.960550308227539,21.6114501953125,0.34073567390441895,21.611452102661133,3.416310573811643e-05,1.4319469928741455,517.2872314453125,0.109375,0.9490609169006348,978,5,26.44819024880548,4.409708655907708,1849.4576873956785,4.435410415578171,40651.42363499031,355.27640976956627,17249.651003756422,526.5345275537687
8.44876480102539,20.81826400756836,0.16410666704177856,20.81826400756836,8.34235834190622e-05,4.44008731842041,455.3536682128906,0.15625,0.9513110518455505,979,5,26.44819024880548,4.409708655907708,1849.4576873956785,4.435410415578171,40651.42363499031,355.27640976956627,17249.651003756422,526.5345275537687
14.811683654785156,35.3890380859375,0.5685009956359863,35.3890380859375,5.737013998441398e-05,11.541284561157227,517.486572265625,0.1328125,0.9499635100364685,980,5,26.44819024880548,4.409708655907708,1849.4576873956785,4.435410415578171,40651.42363499031,355.27640976956627,17249.651003756422,526.5345275537687
8.125818252563477,20.18306541442871,0.16393384337425232,20.18306541442871,7.486165122827515e-05,1.062501072883606,539.596923828125,0.10546875,0.9464804530143738,981,5,26.44819024880548,4.409708655907708,1849.4576873956785,4.435410415578171,40651.42363499031,355.27640976956627,17249.651003756422,526.5345275537687
11.324420928955078,28.052318572998047,0.19996732473373413,28.052318572998047,0.00030254118610173464,21.680217742919922,490.80584716796875,0.15234375,0.9467720985412598,982,5,26.44819024880548,4.409708655907708,1849.4576873956785,4.435410415578171,40651.42363499031,355.27640976956627,17249.651003756422,526.5345275537687
16.65336036682129,40.90263748168945,0.44725117087364197,40.90263748168945,0.0005268738605082035,65.05802154541016,529.6412963867188,0.1953125,0.9497173428535461,983,5,26.44819024880548,4.409708655907708,1849.4576873956785,4.435410415578171,40651.42363499031,355.27640976956627,17249.651003756422,526.5345275537687
4.973606109619141,12.250038146972656,0.19684162735939026,12.250038146972656,8.044029527809471e-05,0.9866541624069214,486.0276184082031,0.1015625,0.9488504528999329,984,5,26.44819024880548,4.409708655907708,1849.4576873956785,4.435410415578171,40651.42363499031,355.27640976956627,17249.651003756422,526.5345275537687
12.946067810058594,31.09122085571289,0.35693812370300293,31.09122085571289,6.530787504743785e-05,9.547189712524414,529.69970703125,0.13671875,0.9499016404151917,985,5,26.44819024880548,4.409708655907708,1849.4576873956785,4.435410415578171,40651.42363499031,355.27640976956627,17249.651003756422,526.5345275537687
9.431158065795898,23.85605239868164,0.2013770341873169,23.85605239868164,0.00011960188567172736,6.227560997009277,489.6590270996094,0.12109375,0.9512647986412048,986,5,26.44819024880548,4.409708655907708,1849.4576873956785,4.435410415578171,40651.42363499031,355.27640976956627,17249.651003756422,526.5345275537687
11.359539031982422,28.9389591217041,0.36868929862976074,28.9389591217041,0.00011985407036263496,17.954885482788086,549.5839233398438,0.1484375,0.9481827616691589,987,5,26.44819024880548,4.409708655907708,1849.4576873956785,4.435410415578171,40651.42363499031,355.27640976956627,17249.651003756422,526.5345275537687
12.543703079223633,30.537704467773438,0.38152700662612915,30.537704467773438,3.871252920362167e-05,4.84080696105957,505.6140441894531,0.1171875,0.9496178030967712,988,5,26.44819024880548,4.409708655907708,1849.4576873956785,4.435410415578171,40651.42363499031,355.27640976956627,17249.651003756422,526.5345275537687
9.012944221496582,23.66816520690918,0.20561596751213074,23.66816520690918,6.031258817529306e-05,0.4246053099632263,580.0657958984375,0.07421875,0.9501792788505554,989,5,26.44819024880548,4.409708655907708,1849.4576873956785,4.435410415578171,40651.42363499031,355.27640976956627,17249.651003756422,526.5345275537687
13.223806381225586,32.579437255859375,0.33997783064842224,32.579437255859375,4.6445478801615536e-05,9.994977951049805,554.2089233398438,0.12890625,0.9470354318618774,990,5,26.44819024880548,4.409708655907708,1849.4576873956785,4.435410415578171,40651.42363499031,355.27640976956627,17249.651003756422,526.5345275537687
12.018739700317383,29.961559295654297,0.3949185609817505,29.961559295654297,1.6122907254612073e-05,3.5283498764038086,564.8167114257812,0.109375,0.9498830437660217,991,5,26.44819024880548,4.409708655907708,1849.4576873956785,4.435410415578171,40651.42363499031,355.27640976956627,17249.651003756422,526.5345275537687
4.349270820617676,10.604898452758789,0.08245114982128143,10.604898452758789,2.4991959435283206e-05,1.224316120147705,371.8089599609375,0.10546875,0.9494442343711853,992,5,26.44819024880548,4.409708655907708,1849.4576873956785,4.435410415578171,40651.42363499031,355.27640976956627,17249.651003756422,526.5345275537687
10.365706443786621,25.16963005065918,0.2799292802810669,25.16963005065918,4.102127059013583e-05,5.5799736976623535,531.7512817382812,0.14453125,0.9496479630470276,993,5,26.44819024880548,4.409708655907708,1849.4576873956785,4.435410415578171,40651.42363499031,355.27640976956627,17249.651003756422,526.5345275537687
5.912121772766113,15.114237785339355,0.11258779466152191,15.114237785339355,4.5087341277394444e-05,0.9912981986999512,379.7113342285156,0.1015625,0.9503714442253113,994,5,26.44819024880548,4.409708655907708,1849.4576873956785,4.435410415578171,40651.42363499031,355.27640976956627,17249.651003756422,526.5345275537687
10.905348777770996,26.06488037109375,0.31893157958984375,26.06488037109375,2.0895202396786772e-05,5.838446617126465,491.1064758300781,0.12109375,0.9494423866271973,995,5,26.44819024880548,4.409708655907708,1849.4576873956785,4.435410415578171,40651.42363499031,355.27640976956627,17249.651003756422,526.5345275537687
11.43553352355957,27.91854476928711,0.2276577651500702,27.918542861938477,0.00012953206896781921,4.531291961669922,500.80242919921875,0.12890625,0.9471338391304016,996,5,26.44819024880548,4.409708655907708,1849.4576873956785,4.435410415578171,40651.42363499031,355.27640976956627,17249.651003756422,526.5345275537687
10.812247276306152,27.73931312561035,0.3400724232196808,27.739315032958984,6.596388993784785e-05,7.422091484069824,542.131591796875,0.13671875,0.9483645558357239,997,5,26.44819024880548,4.409708655907708,1849.4576873956785,4.435410415578171,40651.42363499031,355.27640976956627,17249.651003756422,526.5345275537687
12.307132720947266,30.913297653198242,0.3243327736854553,30.913297653198242,0.00014356493193190545,9.097436904907227,552.7409057617188,0.1328125,0.9467204809188843,998,5,26.44819024880548,4.409708655907708,1849.4576873956785,4.435410415578171,40651.42363499031,355.27640976956627,17249.651003756422,526.5345275537687
12.702384948730469,31.87830352783203,0.4134184718132019,31.87830352783203,8.378943311981857e-05,19.70387077331543,548.8557739257812,0.14453125,0.9467085599899292,999,5,26.44819024880548,4.409708655907708,1849.4576873956785,4.435410415578171,40651.42363499031,355.27640976956627,17249.651003756422,526.5345275537687
12.50102710723877,30.73150634765625,0.32548046112060547,30.73150634765625,0.0001836810406530276,5.402038097381592,575.005859375,0.140625,0.9493829607963562,1000,5,26.44819024880548,4.409708655907708,1849.4576873956785,4.435410415578171,40651.42363499031,355.27640976956627,17249.651003756422,526.5345275537687
10.696236610412598,26.237098693847656,0.2662424147129059,26.237098693847656,3.837973781628534e-05,5.114818096160889,553.8782348632812,0.140625,0.9503796100616455,1001,5,26.44819024880548,4.409708655907708,1849.4576873956785,4.435410415578171,40651.42363499031,355.27640976956627,17249.651003756422,526.5345275537687
13.038208961486816,33.846839904785156,0.3708663582801819,33.846839904785156,6.580588524229825e-05,14.049897193908691,560.5166015625,0.13671875,0.9496910572052002,1002,5,26.44819024880548,4.409708655907708,1849.4576873956785,4.435410415578171,40651.42363499031,355.27640976956627,17249.651003756422,526.5345275537687
15.784566879272461,38.473785400390625,0.45970073342323303,38.47378158569336,8.726482337806374e-05,8.106245040893555,545.9988403320312,0.1328125,0.9515565633773804,1003,5,26.44819024880548,4.409708655907708,1849.4576873956785,4.435410415578171,40651.42363499031,355.27640976956627,17249.651003756422,526.5345275537687
11.844552993774414,30.44767189025879,0.3483532667160034,30.44767189025879,0.00018841229029931128,31.127960205078125,488.1153259277344,0.16015625,0.9471023678779602,1004,5,26.44819024880548,4.409708655907708,1849.4576873956785,4.435410415578171,40651.42363499031,355.27640976956627,17249.651003756422,526.5345275537687
10.789785385131836,25.092243194580078,0.2818272113800049,25.092243194580078,5.3941366786602885e-05,1.942399024963379,548.91796875,0.1171875,0.9470635652542114,1005,5,26.44819024880548,4.409708655907708,1849.4576873956785,4.435410415578171,40651.42363499031,355.27640976956627,17249.651003756422,526.5345275537687
7.247143268585205,17.82151985168457,0.18733051419258118,17.821521759033203,3.9183512853924185e-05,0.3555601239204407,507.3013610839844,0.09765625,0.9508503675460815,1006,5,26.44819024880548,4.409708655907708,1849.4576873956785,4.435410415578171,40651.42363499031,355.27640976956627,17249.651003756422,526.5345275537687
6.646598815917969,16.720046997070312,0.15898549556732178,16.720046997070312,9.792207856662571e-05,2.343101978302002,551.8682861328125,0.12890625,0.9481874108314514,1007,5,26.44819024880548,4.409708655907708,1849.4576873956785,4.435410415578171,40651.42363499031,355.27640976956627,17249.651003756422,526.5345275537687
12.030736923217773,30.040485382080078,0.2953543961048126,30.040485382080078,4.615934449248016e-05,15.553730010986328,572.52294921875,0.14453125,0.9492092728614807,1008,5,26.44819024880548,4.409708655907708,1849.4576873956785,4.435410415578171,40651.42363499031,355.27640976956627,17249.651003756422,526.5345275537687
8.651763916015625,21.76886558532715,0.2891121506690979,21.768863677978516,6.109990499680862e-05,3.008171796798706,496.1199951171875,0.12890625,0.9487959742546082,1009,5,26.44819024880548,4.409708655907708,1849.4576873956785,4.435410415578171,40651.42363499031,355.27640976956627,17249.651003756422,526.5345275537687
14.248631477355957,35.34165954589844,0.5148161053657532,35.34165954589844,0.0001811896509025246,15.47244644165039,548.2472534179688,0.1640625,0.9512678980827332,1010,5,26.44819024880548,4.409708655907708,1849.4576873956785,4.435410415578171,40651.42363499031,355.27640976956627,17249.651003756422,526.5345275537687
9.528840065002441,23.06270980834961,0.32741183042526245,23.062707901000977,7.137522334232926e-05,2.435250997543335,580.7969360351562,0.1171875,0.9443982839584351,1011,5,26.44819024880548,4.409708655907708,1849.4576873956785,4.435410415578171,40651.42363499031,355.27640976956627,17249.651003756422,526.5345275537687
12.987557411193848,32.072898864746094,0.2987450361251831,32.072898864746094,6.762705015717074e-05,30.70209503173828,547.6407470703125,0.15625,0.949151337146759,1012,5,26.44819024880548,4.409708655907708,1849.4576873956785,4.435410415578171,40651.42363499031,355.27640976956627,17249.651003756422,526.5345275537687
11.966156959533691,29.230741500854492,0.26893186569213867,29.230741500854492,2.5564289899193682e-05,0.7732061147689819,518.39990234375,0.09765625,0.9476077556610107,1013,5,26.44819024880548,4.409708655907708,1849.4576873956785,4.435410415578171,40651.42363499031,355.27640976956627,17249.651003756422,526.5345275537687
14.715571403503418,35.61247634887695,0.42424431443214417,35.61247634887695,5.9420650359243155e-05,43.31182098388672,560.3390502929688,0.15625,0.9481074810028076,1014,5,26.44819024880548,4.409708655907708,1849.4576873956785,4.435410415578171,40651.42363499031,355.27640976956627,17249.651003756422,526.5345275537687
9.201756477355957,23.869869232177734,0.24426484107971191,23.869869232177734,6.242109520826489e-05,4.107048988342285,512.1795043945312,0.11328125,0.9488465189933777,1015,5,26.44819024880548,4.409708655907708,1849.4576873956785,4.435410415578171,40651.42363499031,355.27640976956627,17249.651003756422,526.5345275537687
12.253503799438477,30.853824615478516,0.5547730922698975,30.853824615478516,6.724616105202585e-05,7.577552795410156,570.8368530273438,0.12890625,0.9481169581413269,1016,5,26.44819024880548,4.409708655907708,1849.4576873956785,4.435410415578171,40651.42363499031,355.27640976956627,17249.651003756422,526.5345275537687
15.203574180603027,38.58620071411133,0.38832664489746094,38.58620071411133,9.38828889047727e-05,61.39222717285156,592.9736328125,0.15234375,0.9473788738250732,1017,5,26.44819024880548,4.409708655907708,1849.4576873956785,4.435410415578171,40651.42363499031,355.27640976956627,17249.651003756422,526.5345275537687
10.929035186767578,27.440494537353516,0.2087148129940033,27.440494537353516,4.316546255722642e-05,9.333019256591797,539.8314208984375,0.1328125,0.9492558240890503,1018,5,26.44819024880548,4.409708655907708,1849.4576873956785,4.435410415578171,40651.42363499031,355.27640976956627,17249.651003756422,526.5345275537687
16.37429428100586,41.47113037109375,0.4948224127292633,41.47113037109375,5.510727351065725e-05,26.15645980834961,598.2420654296875,0.1640625,0.9487587809562683,1019,5,26.44819024880548,4.409708655907708,1849.4576873956785,4.435410415578171,40651.42363499031,355.27640976956627,17249.651003756422,526.5345275537687
6.926702976226807,17.891521453857422,0.2022821605205536,17.891521453857422,6.811125786043704e-05,4.055522918701172,476.1792297363281,0.125,0.9503254890441895,1020,5,26.44819024880548,4.409708655907708,1849.4576873956785,4.435410415578171,40651.42363499031,355.27640976956627,17249.651003756422,526.5345275537687
11.653474807739258,28.742565155029297,0.25846627354621887,28.742565155029297,6.635504541918635e-05,5.999196529388428,561.1996459960938,0.13671875,0.9492585062980652,1021,5,26.44819024880548,4.409708655907708,1849.4576873956785,4.435410415578171,40651.42363499031,355.27640976956627,17249.651003756422,526.5345275537687
7.5748467445373535,18.824604034423828,0.17580580711364746,18.824604034423828,3.641171133494936e-05,1.6041479110717773,521.7855224609375,0.1171875,0.9517926573753357,1022,5,26.44819024880548,4.409708655907708,1849.4576873956785,4.435410415578171,40651.42363499031,355.27640976956627,17249.651003756422,526.5345275537687
7.753004550933838,20.48907470703125,0.24781157076358795,20.48907470703125,1.573429472045973e-05,2.0573291778564453,481.04486083984375,0.12109375,0.9487212300300598,1023,5,26.44819024880548,4.409708655907708,1849.4576873956785,4.435410415578171,40651.42363499031,355.27640976956627,17249.651003756422,526.5345275537687
6.568939208984375,16.348424911499023,0.13556542992591858,16.348424911499023,1.2595281077665277e-05,0.6602382659912109,482.7265319824219,0.09765625,0.9486923217773438,1024,5,26.44819024880548,4.409708655907708,1849.4576873956785,4.435410415578171,40651.42363499031,355.27640976956627,17249.651003756422,526.5345275537687
13.708944320678711,33.776371002197266,0.6493476033210754,33.776371002197266,4.8957637773128226e-05,13.255045890808105,541.6551513671875,0.12109375,0.9500874280929565,1025,5,26.44819024880548,4.409708655907708,1849.4576873956785,4.435410415578171,40651.42363499031,355.27640976956627,17249.651003756422,526.5345275537687
16.29910659790039,41.4091796875,0.4676324725151062,41.4091796875,1.605425131856464e-05,35.284934997558594,583.7504272460938,0.15625,0.950634777545929,1026,5,26.44819024880548,4.409708655907708,1849.4576873956785,4.435410415578171,40651.42363499031,355.27640976956627,17249.651003756422,526.5345275537687
9.21461296081543,24.036579132080078,0.218695268034935,24.036579132080078,7.268025365192443e-05,2.7589774131774902,470.9617614746094,0.125,0.9481048583984375,1027,5,26.44819024880548,4.409708655907708,1849.4576873956785,4.435410415578171,40651.42363499031,355.27640976956627,17249.651003756422,526.5345275537687
11.167510986328125,28.87027931213379,0.3996783494949341,28.87027931213379,6.224929529707879e-05,5.978784084320068,576.9784545898438,0.13671875,0.9471219778060913,1028,5,26.44819024880548,4.409708655907708,1849.4576873956785,4.435410415578171,40651.42363499031,355.27640976956627,17249.651003756422,526.5345275537687
11.312507629394531,27.60582733154297,0.22322887182235718,27.60582733154297,4.716182593256235e-05,4.600225448608398,554.421875,0.14453125,0.9489229321479797,1029,5,26.44819024880548,4.409708655907708,1849.4576873956785,4.435410415578171,40651.42363499031,355.27640976956627,17249.651003756422,526.5345275537687
11.702341079711914,30.62519645690918,0.22809846699237823,30.62519645690918,7.905818347353488e-05,9.563319206237793,560.6016235351562,0.13671875,0.949100911617279,1030,5,26.44819024880548,4.409708655907708,1849.4576873956785,4.435410415578171,40651.42363499031,355.27640976956627,17249.651003756422,526.5345275537687
15.235376358032227,38.54969787597656,0.5801526308059692,38.54969787597656,1.3940446478954982e-05,32.476402282714844,561.3148193359375,0.15234375,0.948083758354187,1031,5,26.44819024880548,4.409708655907708,1849.4576873956785,4.435410415578171,40651.42363499031,355.27640976956627,17249.651003756422,526.5345275537687
7.8896803855896,19.775161743164062,0.21317054331302643,19.775161743164062,6.8756035034311935e-06,1.3364574909210205,519.3201293945312,0.109375,0.9489713311195374,1032,5,26.44819024880548,4.409708655907708,1849.4576873956785,4.435410415578171,40651.42363499031,355.27640976956627,17249.651003756422,526.5345275537687
12.039897918701172,29.729022979736328,0.41598448157310486,29.729021072387695,6.575320185220335e-06,7.993669509887695,585.3178100585938,0.1328125,0.9508876204490662,1033,5,26.44819024880548,4.409708655907708,1849.4576873956785,4.435410415578171,40651.42363499031,355.27640976956627,17249.651003756422,526.5345275537687
9.850420951843262,24.569067001342773,0.24643276631832123,24.569067001342773,5.322698143572779e-06,4.905484199523926,585.857421875,0.125,0.9496734738349915,1034,5,26.44819024880548,4.409708655907708,1849.4576873956785,4.435410415578171,40651.42363499031,355.27640976956627,17249.651003756422,526.5345275537687
6.343947410583496,16.63155746459961,0.10758968442678452,16.63155746459961,3.7840904951735865e-06,0.3211308717727661,490.1587219238281,0.08203125,0.9503394961357117,1035,5,26.44819024880548,4.409708655907708,1849.4576873956785,4.435410415578171,40651.42363499031,355.27640976956627,17249.651003756422,526.5345275537687
9.247451782226562,22.849674224853516,0.36974453926086426,22.849674224853516,1.2649317795876414e-05,1.917880892753601,523.4830322265625,0.12109375,0.9480647444725037,1036,5,26.44819024880548,4.409708655907708,1849.4576873956785,4.435410415578171,40651.42363499031,355.27640976956627,17249.651003756422,526.5345275537687
9.828737258911133,25.008821487426758,0.3735707700252533,25.008819580078125,1.4028085388417821e-05,3.5614800453186035,526.1378784179688,0.125,0.9468525648117065,1037,5,26.44819024880548,4.409708655907708,1849.4576873956785,4.435410415578171,40651.42363499031,355.27640976956627,17249.651003756422,526.5345275537687
7.558926105499268,18.152198791503906,0.16581329703330994,18.152198791503906,4.502582305576652e-05,1.4318429231643677,530.9439086914062,0.11328125,0.9518330097198486,1038,5,26.44819024880548,4.409708655907708,1849.4576873956785,4.435410415578171,40651.42363499031,355.27640976956627,17249.651003756422,526.5345275537687
5.058995246887207,13.239418983459473,0.09805599600076675,13.239418029785156,5.948656053078594e-06,0.22294734418392181,491.0296630859375,0.078125,0.950570285320282,1039,5,26.44819024880548,4.409708655907708,1849.4576873956785,4.435410415578171,40651.42363499031,355.27640976956627,17249.651003756422,526.5345275537687
12.654914855957031,30.55085563659668,0.2336646318435669,30.55085563659668,5.888274608878419e-05,27.835844039916992,540.68603515625,0.16796875,0.9493330717086792,1040,5,26.44819024880548,4.409708655907708,1849.4576873956785,4.435410415578171,40651.42363499031,355.27640976956627,17249.651003756422,526.5345275537687
16.99356460571289,43.517730712890625,0.4683171808719635,43.517730712890625,6.164544902276248e-05,67.71519470214844,600.1239013671875,0.18359375,0.9490319490432739,1041,5,26.44819024880548,4.409708655907708,1849.4576873956785,4.435410415578171,40651.42363499031,355.27640976956627,17249.651003756422,526.5345275537687
8.981332778930664,22.55319595336914,0.3024793267250061,22.55319595336914,6.93168158250046e-06,0.9069262146949768,561.4954833984375,0.09765625,0.9491008520126343,1042,5,26.44819024880548,4.409708655907708,1849.4576873956785,4.435410415578171,40651.42363499031,355.27640976956627,17249.651003756422,526.5345275537687
14.580790519714355,37.31907653808594,0.583398163318634,37.31907653808594,5.499109101947397e-05,16.744129180908203,607.8886108398438,0.15234375,0.9508887529373169,1043,5,26.44819024880548,4.409708655907708,1849.4576873956785,4.435410415578171,40651.42363499031,355.27640976956627,17249.651003756422,526.5345275537687
11.733521461486816,29.70914077758789,0.3839985132217407,29.709142684936523,8.013774277060293e-06,6.045747756958008,553.8109741210938,0.13671875,0.9484187364578247,1044,5,26.44819024880548,4.409708655907708,1849.4576873956785,4.435410415578171,40651.42363499031,355.27640976956627,17249.651003756422,526.5345275537687
14.383000373840332,36.29132080078125,0.40386176109313965,36.29132080078125,5.9179001254960895e-05,10.044189453125,546.8069458007812,0.1484375,0.9476954936981201,1045,5,26.44819024880548,4.409708655907708,1849.4576873956785,4.435410415578171,40651.42363499031,355.27640976956627,17249.651003756422,526.5345275537687
11.291584014892578,27.219276428222656,0.3282346725463867,27.219276428222656,1.4759563782718033e-05,0.8973574638366699,547.2061157226562,0.09375,0.9465854167938232,1046,5,26.44819024880548,4.409708655907708,1849.4576873956785,4.435410415578171,40651.42363499031,355.27640976956627,17249.651003756422,526.5345275537687
14.860652923583984,37.84357452392578,0.4666951298713684,37.84357452392578,3.8615515222772956e-05,5.6745147705078125,608.80126953125,0.14453125,0.9502367973327637,1047,5,26.44819024880548,4.409708655907708,1849.4576873956785,4.435410415578171,40651.42363499031,355.27640976956627,17249.651003756422,526.5345275537687
6.2674407958984375,16.461883544921875,0.13507197797298431,16.461883544921875,5.2401643188204616e-05,1.1160621643066406,470.2395935058594,0.1015625,0.9479275941848755,1048,5,26.44819024880548,4.409708655907708,1849.4576873956785,4.435410415578171,40651.42363499031,355.27640976956627,17249.651003756422,526.5345275537687
10.63751220703125,26.55626678466797,0.26276329159736633,26.556264877319336,1.9173661712557077e-05,4.788352012634277,571.6347045898438,0.14453125,0.9470368027687073,1049,5,26.44819024880548,4.409708655907708,1849.4576873956785,4.435410415578171,40651.42363499031,355.27640976956627,17249.651003756422,526.5345275537687
7.915800094604492,20.081676483154297,0.15581366419792175,20.081676483154297,1.034565684676636e-05,2.009026288986206,579.9365844726562,0.11328125,0.9467166662216187,1050,5,26.44819024880548,4.409708655907708,1849.4576873956785,4.435410415578171,40651.42363499031,355.27640976956627,17249.651003756422,526.5345275537687
12.599183082580566,32.14459991455078,0.3086716830730438,32.14460372924805,7.474342964997049e-06,22.989200592041016,587.721435546875,0.15234375,0.9517681002616882,1051,5,26.44819024880548,4.409708655907708,1849.4576873956785,4.435410415578171,40651.42363499031,355.27640976956627,17249.651003756422,526.5345275537687
10.762648582458496,27.806682586669922,0.2729960083961487,27.806686401367188,5.1923125283792615e-06,3.5994226932525635,574.8992309570312,0.12109375,0.9476398825645447,1052,5,26.44819024880548,4.409708655907708,1849.4576873956785,4.435410415578171,40651.42363499031,355.27640976956627,17249.651003756422,526.5345275537687
10.096931457519531,25.956680297851562,0.22722145915031433,25.956680297851562,1.2974522178410552e-05,5.248194217681885,561.4818725585938,0.125,0.9533803462982178,1053,5,26.44819024880548,4.409708655907708,1849.4576873956785,4.435410415578171,40651.42363499031,355.27640976956627,17249.651003756422,526.5345275537687
14.815086364746094,37.07826232910156,0.5216063261032104,37.07826232910156,5.546571628656238e-05,14.381204605102539,597.534423828125,0.14453125,0.9486407041549683,1054,5,26.44819024880548,4.409708655907708,1849.4576873956785,4.435410415578171,40651.42363499031,355.27640976956627,17249.651003756422,526.5345275537687
10.716861724853516,26.79962921142578,0.2679646611213684,26.79962921142578,3.700879460666329e-05,8.505727767944336,524.2802734375,0.1328125,0.9482265114784241,1055,5,26.44819024880548,4.409708655907708,1849.4576873956785,4.435410415578171,40651.42363499031,355.27640976956627,17249.651003756422,526.5345275537687
11.590506553649902,29.802995681762695,0.2958264946937561,29.802995681762695,5.8991179685108364e-05,13.928295135498047,519.0668334960938,0.15234375,0.9511203169822693,1056,5,26.44819024880548,4.409708655907708,1849.4576873956785,4.435410415578171,40651.42363499031,355.27640976956627,17249.651003756422,526.5345275537687
12.647043228149414,32.155364990234375,0.2840205132961273,32.155364990234375,6.964045496715698e-06,9.335301399230957,598.5187377929688,0.1328125,0.9502390623092651,1057,5,26.44819024880548,4.409708655907708,1849.4576873956785,4.435410415578171,40651.42363499031,355.27640976956627,17249.651003756422,526.5345275537687
7.146595001220703,17.66069793701172,0.16682112216949463,17.66069793701172,1.098447864933405e-05,2.8061583042144775,525.4100952148438,0.1171875,0.9498766660690308,1058,5,26.44819024880548,4.409708655907708,1849.4576873956785,4.435410415578171,40651.42363499031,355.27640976956627,17249.651003756422,526.5345275537687
11.14670181274414,28.09760856628418,0.33693927526474,28.09760856628418,5.957771645626053e-05,5.318559646606445,584.9251098632812,0.14453125,0.9461373090744019,1059,5,26.44819024880548,4.409708655907708,1849.4576873956785,4.435410415578171,40651.42363499031,355.27640976956627,17249.651003756422,526.5345275537687
14.336344718933105,38.28138732910156,0.36897528171539307,38.28138732910156,4.367692599771544e-05,12.445160865783691,656.969482421875,0.13671875,0.9450936913490295,1060,5,26.44819024880548,4.409708655907708,1849.4576873956785,4.435410415578171,40651.42363499031,355.27640976956627,17249.651003756422,526.5345275537687
5.461827278137207,13.856757164001465,0.06691672652959824,13.856757164001465,7.118245321180439e-06,2.7293455600738525,431.24407958984375,0.12109375,0.9496286511421204,1061,5,26.44819024880548,4.409708655907708,1849.4576873956785,4.435410415578171,40651.42363499031,355.27640976956627,17249.651003756422,526.5345275537687
10.45926284790039,26.215118408203125,0.4581274688243866,26.215116500854492,6.538482557516545e-05,3.164722442626953,577.0647583007812,0.12890625,0.9495980143547058,1062,5,26.44819024880548,4.409708655907708,1849.4576873956785,4.435410415578171,40651.42363499031,355.27640976956627,17249.651003756422,526.5345275537687
9.463385581970215,26.121496200561523,0.2916528582572937,26.121496200561523,1.5987741790013388e-05,4.218245983123779,523.0407104492188,0.12890625,0.9477394223213196,1063,5,26.44819024880548,4.409708655907708,1849.4576873956785,4.435410415578171,40651.42363499031,355.27640976956627,17249.651003756422,526.5345275537687
10.281881332397461,25.938562393188477,0.13864284753799438,25.938562393188477,8.942070053308271e-06,18.536048889160156,490.39404296875,0.13671875,0.9515050053596497,1064,5,26.44819024880548,4.409708655907708,1849.4576873956785,4.435410415578171,40651.42363499031,355.27640976956627,17249.651003756422,526.5345275537687
12.24647331237793,31.141855239868164,0.285523921251297,31.141855239868164,2.1523688701563515e-05,7.715633392333984,537.8244018554688,0.1484375,0.9511035084724426,1065,5,26.44819024880548,4.409708655907708,1849.4576873956785,4.435410415578171,40651.42363499031,355.27640976956627,17249.651003756422,526.5345275537687
13.086433410644531,34.24950408935547,0.3338567018508911,34.24950408935547,2.3159660486271605e-05,21.514816284179688,586.387939453125,0.13671875,0.9476944804191589,1066,5,26.44819024880548,4.409708655907708,1849.4576873956785,4.435410415578171,40651.42363499031,355.27640976956627,17249.651003756422,526.5345275537687
11.888200759887695,31.734668731689453,0.25950443744659424,31.734668731689453,1.5609293768648058e-05,6.096025466918945,648.6272583007812,0.13671875,0.9488549828529358,1067,5,26.44819024880548,4.409708655907708,1849.4576873956785,4.435410415578171,40651.42363499031,355.27640976956627,17249.651003756422,526.5345275537687
10.221318244934082,26.296844482421875,0.3319683074951172,26.296844482421875,2.30304867727682e-05,8.852134704589844,605.0552368164062,0.12890625,0.9482608437538147,1068,5,26.44819024880548,4.409708655907708,1849.4576873956785,4.435410415578171,40651.42363499031,355.27640976956627,17249.651003756422,526.5345275537687
9.105067253112793,23.491466522216797,0.11968815326690674,23.491466522216797,7.810399984009564e-05,14.484380722045898,561.3600463867188,0.1640625,0.9491039514541626,1069,5,26.44819024880548,4.409708655907708,1849.4576873956785,4.435410415578171,40651.42363499031,355.27640976956627,17249.651003756422,526.5345275537687
5.888887405395508,15.527095794677734,0.13627803325653076,15.52709674835205,1.0920033673755825e-05,1.3896934986114502,520.4146118164062,0.1171875,0.9485107660293579,1070,5,26.44819024880548,4.409708655907708,1849.4576873956785,4.435410415578171,40651.42363499031,355.27640976956627,17249.651003756422,526.5345275537687
13.38126277923584,33.177284240722656,0.35702401399612427,33.17728805541992,5.216058707446791e-05,7.650005340576172,606.3529663085938,0.15234375,0.9462546110153198,1071,5,26.44819024880548,4.409708655907708,1849.4576873956785,4.435410415578171,40651.42363499031,355.27640976956627,17249.651003756422,526.5345275537687
9.641039848327637,25.66687774658203,0.4164159595966339,25.66687774658203,1.1528960385476239e-05,3.773405075073242,594.0635375976562,0.1328125,0.9488847851753235,1072,5,26.44819024880548,4.409708655907708,1849.4576873956785,4.435410415578171,40651.42363499031,355.27640976956627,17249.651003756422,526.5345275537687
8.275148391723633,20.884624481201172,0.22567398846149445,20.884624481201172,1.604999488336034e-05,0.4885975420475006,551.0881958007812,0.0859375,0.9517078399658203,1073,5,26.44819024880548,4.409708655907708,1849.4576873956785,4.435410415578171,40651.42363499031,355.27640976956627,17249.651003756422,526.5345275537687
10.144378662109375,26.415672302246094,0.28951096534729004,26.415672302246094,3.9179885789053515e-06,1.2859916687011719,615.5881958007812,0.1015625,0.9505586624145508,1074,5,26.44819024880548,4.409708655907708,1849.4576873956785,4.435410415578171,40651.42363499031,355.27640976956627,17249.651003756422,526.5345275537687
14.932215690612793,38.176361083984375,0.4509984254837036,38.176361083984375,1.3448699974105693e-05,44.567054748535156,631.89892578125,0.16015625,0.9511777758598328,1075,5,26.44819024880548,4.409708655907708,1849.4576873956785,4.435410415578171,40651.42363499031,355.27640976956627,17249.651003756422,526.5345275537687
8.477716445922852,22.591176986694336,0.3637012243270874,22.591176986694336,1.0002342605730519e-05,1.9735090732574463,572.227294921875,0.125,0.9492002725601196,1076,5,26.44819024880548,4.409708655907708,1849.4576873956785,4.435410415578171,40651.42363499031,355.27640976956627,17249.651003756422,526.5345275537687
11.394478797912598,30.759740829467773,0.25359463691711426,30.759740829467773,7.670173545193393e-06,3.4222421646118164,659.1050415039062,0.12109375,0.9478507041931152,1077,5,26.44819024880548,4.409708655907708,1849.4576873956785,4.435410415578171,40651.42363499031,355.27640976956627,17249.651003756422,526.5345275537687
11.736288070678711,30.94144058227539,0.3539621829986572,30.94144058227539,1.6379650332964957e-05,3.739950180053711,637.9260864257812,0.13671875,0.9470588564872742,1078,5,26.44819024880548,4.409708655907708,1849.4576873956785,4.435410415578171,40651.42363499031,355.27640976956627,17249.651003756422,526.5345275537687
10.170761108398438,26.03327178955078,0.47091612219810486,26.03327178955078,4.948616697220132e-05,3.388181686401367,610.7269897460938,0.125,0.949896514415741,1079,5,26.44819024880548,4.409708655907708,1849.4576873956785,4.435410415578171,40651.42363499031,355.27640976956627,17249.651003756422,526.5345275537687
13.797996520996094,35.436683654785156,0.3593458831310272,35.436683654785156,1.0998266589012928e-05,7.17596435546875,659.0048217773438,0.15234375,0.9491881728172302,1080,5,26.44819024880548,4.409708655907708,1849.4576873956785,4.435410415578171,40651.42363499031,355.27640976956627,17249.651003756422,526.5345275537687
12.041213035583496,32.50920104980469,0.32289421558380127,32.50920104980469,1.0979774742736481e-05,21.301864624023438,611.9921875,0.1484375,0.9491656422615051,1081,5,26.44819024880548,4.409708655907708,1849.4576873956785,4.435410415578171,40651.42363499031,355.27640976956627,17249.651003756422,526.5345275537687
10.224615097045898,26.463420867919922,0.34827089309692383,26.463420867919922,6.295535422395915e-05,4.019166946411133,577.4097900390625,0.11328125,0.9488022327423096,1082,5,26.44819024880548,4.409708655907708,1849.4576873956785,4.435410415578171,40651.42363499031,355.27640976956627,17249.651003756422,526.5345275537687
9.575967788696289,24.998186111450195,0.1803261935710907,24.998186111450195,5.79144307266688e-06,0.6979525089263916,667.3135986328125,0.08984375,0.9485915899276733,1083,5,26.44819024880548,4.409708655907708,1849.4576873956785,4.435410415578171,40651.42363499031,355.27640976956627,17249.651003756422,526.5345275537687
5.855121612548828,15.718052864074707,0.18955212831497192,15.718052864074707,6.4723844843683764e-06,0.6686413288116455,542.9249877929688,0.08984375,0.9486628770828247,1084,5,26.44819024880548,4.409708655907708,1849.4576873956785,4.435410415578171,40651.42363499031,355.27640976956627,17249.651003756422,526.5345275537687
13.150833129882812,34.58509063720703,0.3473626673221588,34.58509063720703,4.9985705118160695e-05,2.1240978240966797,614.7940673828125,0.10546875,0.9475935697555542,1085,5,26.44819024880548,4.409708655907708,1849.4576873956785,4.435410415578171,40651.42363499031,355.27640976956627,17249.651003756422,526.5345275537687
8.60260009765625,23.012237548828125,0.28086358308792114,23.012239456176758,3.88699809263926e-05,5.089994430541992,630.542724609375,0.13671875,0.9467802047729492,1086,5,26.44819024880548,4.409708655907708,1849.4576873956785,4.435410415578171,40651.42363499031,355.27640976956627,17249.651003756422,526.5345275537687
12.641322135925293,32.947105407714844,0.43764859437942505,32.947105407714844,1.214389249071246e-05,10.086491584777832,641.6076049804688,0.125,0.9507073163986206,1087,5,26.44819024880548,4.409708655907708,1849.4576873956785,4.435410415578171,40651.42363499031,355.27640976956627,17249.651003756422,526.5345275537687
15.317378997802734,40.38716506958008,0.3577316999435425,40.38716506958008,1.0744091923697852e-05,9.299246788024902,634.8746948242188,0.1484375,0.9477540850639343,1088,5,26.44819024880548,4.409708655907708,1849.4576873956785,4.435410415578171,40651.42363499031,355.27640976956627,17249.651003756422,526.5345275537687
11.042892456054688,28.436351776123047,0.28385671973228455,28.436351776123047,1.8661354260984808e-05,1.0550320148468018,645.5215454101562,0.1015625,0.9502160549163818,1089,5,26.44819024880548,4.409708655907708,1849.4576873956785,4.435410415578171,40651.42363499031,355.27640976956627,17249.651003756422,526.5345275537687
10.152593612670898,27.777198791503906,0.29084452986717224,27.777198791503906,1.0987988389388192e-05,13.132797241210938,590.4759521484375,0.14453125,0.9498224258422852,1090,5,26.44819024880548,4.409708655907708,1849.4576873956785,4.435410415578171,40651.42363499031,355.27640976956627,17249.651003756422,526.5345275537687
10.749801635742188,27.79924774169922,0.22455087304115295,27.79924774169922,5.910397885600105e-05,5.669164180755615,586.4180908203125,0.1328125,0.9482520818710327,1091,5,26.44819024880548,4.409708655907708,1849.4576873956785,4.435410415578171,40651.42363499031,355.27640976956627,17249.651003756422,526.5345275537687
13.711989402770996,36.683692932128906,0.3704161047935486,36.683692932128906,5.6898883485700935e-05,10.384279251098633,689.3756103515625,0.1328125,0.9499045610427856,1092,5,26.44819024880548,4.409708655907708,1849.4576873956785,4.435410415578171,40651.42363499031,355.27640976956627,17249.651003756422,526.5345275537687
9.584659576416016,26.106760025024414,0.18884405493736267,26.106760025024414,1.773693111317698e-05,6.077874183654785,582.827392578125,0.12109375,0.9486438632011414,1093,5,26.44819024880548,4.409708655907708,1849.4576873956785,4.435410415578171,40651.42363499031,355.27640976956627,17249.651003756422,526.5345275537687
11.991640090942383,30.664443969726562,0.29430994391441345,30.66444206237793,7.503830420318991e-05,7.355387210845947,638.2484741210938,0.1484375,0.9497902989387512,1094,5,26.44819024880548,4.409708655907708,1849.4576873956785,4.435410415578171,40651.42363499031,355.27640976956627,17249.651003756422,526.5345275537687
11.484919548034668,29.660566329956055,0.29047805070877075,29.660566329956055,1.8043327145278454e-05,8.125808715820312,655.9579467773438,0.13671875,0.9499136805534363,1095,5,26.44819024880548,4.409708655907708,1849.4576873956785,4.435410415578171,40651.42363499031,355.27640976956627,17249.651003756422,526.5345275537687
13.975768089294434,36.303489685058594,0.3492053151130676,36.303489685058594,5.8245939726475626e-05,5.785608291625977,615.2863159179688,0.12109375,0.9483578205108643,1096,5,26.44819024880548,4.409708655907708,1849.4576873956785,4.435410415578171,40651.42363499031,355.27640976956627,17249.651003756422,526.5345275537687
13.62337589263916,35.84424591064453,0.38288143277168274,35.84424591064453,0.0001442533393856138,3.476043462753296,644.0936279296875,0.13671875,0.9498111009597778,1097,5,26.44819024880548,4.409708655907708,1849.4576873956785,4.435410415578171,40651.42363499031,355.27640976956627,17249.651003756422,526.5345275537687
12.699551582336426,33.82905960083008,0.31693994998931885,33.82905960083008,8.91130002855789e-06,14.385010719299316,619.6475830078125,0.1640625,0.9490687847137451,1098,5,26.44819024880548,4.409708655907708,1849.4576873956785,4.435410415578171,40651.42363499031,355.27640976956627,17249.651003756422,526.5345275537687
9.50879192352295,25.627609252929688,0.18652677536010742,25.627609252929688,1.7851858501671813e-05,8.870323181152344,605.4310913085938,0.140625,0.9490431547164917,1099,5,26.44819024880548,4.409708655907708,1849.4576873956785,4.435410415578171,40651.42363499031,355.27640976956627,17249.651003756422,526.5345275537687
10.227340698242188,25.773868560791016,0.2614281177520752,25.773868560791016,6.097848199715372e-06,0.9287809133529663,613.8095092773438,0.1015625,0.9491450190544128,1100,5,26.44819024880548,4.409708655907708,1849.4576873956785,4.435410415578171,40651.42363499031,355.27640976956627,17249.651003756422,526.5345275537687
8.798440933227539,23.173873901367188,0.13873788714408875,23.173873901367188,6.200596999406116e-06,2.791484832763672,530.4014282226562,0.12109375,0.9476994872093201,1101,5,26.44819024880548,4.409708655907708,1849.4576873956785,4.435410415578171,40651.42363499031,355.27640976956627,17249.651003756422,526.5345275537687
18.01693344116211,46.70262145996094,0.37099045515060425,46.70262145996094,5.979958950774744e-05,72.75898742675781,588.0623779296875,0.1875,0.9476560354232788,1102,5,26.44819024880548,4.409708655907708,1849.4576873956785,4.435410415578171,40651.42363499031,355.27640976956627,17249.651003756422,526.5345275537687
6.7975358963012695,17.258699417114258,0.1740698516368866,17.25870132446289,6.600887718377635e-05,2.691028356552124,529.8884887695312,0.12109375,0.9497318267822266,1103,5,26.44819024880548,4.409708655907708,1849.4576873956785,4.435410415578171,40651.42363499031,355.27640976956627,17249.651003756422,526.5345275537687
11.355927467346191,28.67434310913086,0.35932910442352295,28.67434310913086,5.710994082619436e-05,4.299280166625977,618.288818359375,0.12890625,0.9503551125526428,1104,5,26.44819024880548,4.409708655907708,1849.4576873956785,4.435410415578171,40651.42363499031,355.27640976956627,17249.651003756422,526.5345275537687
16.036069869995117,42.054954528808594,0.4884169399738312,42.054954528808594,1.0212462257186417e-05,25.079792022705078,660.8228149414062,0.1640625,0.9475111365318298,1105,5,26.44819024880548,4.409708655907708,1849.4576873956785,4.435410415578171,40651.42363499031,355.27640976956627,17249.651003756422,526.5345275537687
9.976691246032715,26.135597229003906,0.23256756365299225,26.135597229003906,9.97632923827041e-06,1.6207449436187744,605.42919921875,0.10546875,0.9499863982200623,1106,5,26.44819024880548,4.409708655907708,1849.4576873956785,4.435410415578171,40651.42363499031,355.27640976956627,17249.651003756422,526.5345275537687
15.308478355407715,39.818389892578125,0.29253220558166504,39.818389892578125,0.0001031091742333956,42.02909851074219,586.1954345703125,0.1796875,0.9468051791191101,1107,5,26.44819024880548,4.409708655907708,1849.4576873956785,4.435410415578171,40651.42363499031,355.27640976956627,17249.651003756422,526.5345275537687
15.35992431640625,40.205230712890625,0.43252313137054443,40.205230712890625,8.616716513643041e-06,10.683859825134277,622.0703125,0.125,0.9493524432182312,1108,5,26.44819024880548,4.409708655907708,1849.4576873956785,4.435410415578171,40651.42363499031,355.27640976956627,17249.651003756422,526.5345275537687
11.883234024047852,30.77898406982422,0.37330490350723267,30.77898406982422,1.8919141439255327e-05,1.1777594089508057,670.1741943359375,0.10546875,0.9486703276634216,1109,5,26.44819024880548,4.409708655907708,1849.4576873956785,4.435410415578171,40651.42363499031,355.27640976956627,17249.651003756422,526.5345275537687
9.256513595581055,24.28127670288086,0.29166150093078613,24.28127670288086,1.0159777957596816e-05,4.431371688842773,620.093505859375,0.1328125,0.9508841633796692,1110,5,26.44819024880548,4.409708655907708,1849.4576873956785,4.435410415578171,40651.42363499031,355.27640976956627,17249.651003756422,526.5345275537687
11.923772811889648,29.85231590270996,0.3354855477809906,29.85231590270996,5.910937761655077e-05,6.275347709655762,593.4281005859375,0.13671875,0.9472386837005615,1111,5,26.44819024880548,4.409708655907708,1849.4576873956785,4.435410415578171,40651.42363499031,355.27640976956627,17249.651003756422,526.5345275537687
9.53027629852295,24.281612396240234,0.27037209272384644,24.281612396240234,2.385499101364985e-05,3.2747764587402344,637.3106689453125,0.125,0.9498027563095093,1112,5,26.44819024880548,4.409708655907708,1849.4576873956785,4.435410415578171,40651.42363499031,355.27640976956627,17249.651003756422,526.5345275537687
11.037717819213867,29.629087448120117,0.2257308065891266,29.629087448120117,2.0725923604913987e-05,2.2930474281311035,592.111328125,0.11328125,0.9517738223075867,1113,5,26.44819024880548,4.409708655907708,1849.4576873956785,4.435410415578171,40651.42363499031,355.27640976956627,17249.651003756422,526.5345275537687
7.558412551879883,20.014448165893555,0.22269928455352783,20.014448165893555,4.0362692743656226e-06,0.4201681613922119,545.7679443359375,0.0859375,0.9484541416168213,1114,5,26.44819024880548,4.409708655907708,1849.4576873956785,4.435410415578171,40651.42363499031,355.27640976956627,17249.651003756422,526.5345275537687
7.070309638977051,18.2927188873291,0.29681122303009033,18.29271697998047,8.599878128734417e-06,2.586040496826172,534.9716186523438,0.11328125,0.9509278535842896,1115,5,26.44819024880548,4.409708655907708,1849.4576873956785,4.435410415578171,40651.42363499031,355.27640976956627,17249.651003756422,526.5345275537687
10.582719802856445,27.343341827392578,0.2720959186553955,27.343341827392578,8.132382390613202e-06,0.8164047002792358,665.0843505859375,0.1015625,0.9505329728126526,1116,5,26.44819024880548,4.409708655907708,1849.4576873956785,4.435410415578171,40651.42363499031,355.27640976956627,17249.651003756422,526.5345275537687
15.049853324890137,39.43164825439453,0.5896700620651245,39.43164825439453,7.264532177941874e-05,13.45341682434082,642.253173828125,0.1796875,0.9472078680992126,1117,5,26.44819024880548,4.409708655907708,1849.4576873956785,4.435410415578171,40651.42363499031,355.27640976956627,17249.651003756422,526.5345275537687
10.238000869750977,26.489437103271484,0.26702970266342163,26.489437103271484,3.1692372886027442e-06,2.4648256301879883,628.4683227539062,0.11328125,0.9491007924079895,1118,5,26.44819024880548,4.409708655907708,1849.4576873956785,4.435410415578171,40651.42363499031,355.27640976956627,17249.651003756422,526.5345275537687
12.31637191772461,32.07653045654297,0.3381105661392212,32.07653045654297,7.816197467036545e-06,15.992433547973633,601.1355590820312,0.13671875,0.9484682679176331,1119,5,26.44819024880548,4.409708655907708,1849.4576873956785,4.435410415578171,40651.42363499031,355.27640976956627,17249.651003756422,526.5345275537687
8.762645721435547,22.03398895263672,0.26937708258628845,22.03398895263672,6.054076038708445e-06,4.823570251464844,607.7525024414062,0.12109375,0.9498035907745361,1120,5,26.44819024880548,4.409708655907708,1849.4576873956785,4.435410415578171,40651.42363499031,355.27640976956627,17249.651003756422,526.5345275537687
10.724214553833008,28.292041778564453,0.28914815187454224,28.292041778564453,8.923267159843817e-06,1.5183236598968506,612.5598754882812,0.10546875,0.9500139951705933,1121,5,26.44819024880548,4.409708655907708,1849.4576873956785,4.435410415578171,40651.42363499031,355.27640976956627,17249.651003756422,526.5345275537687
9.56235408782959,25.21086311340332,0.19393616914749146,25.21086311340332,1.2008251360384747e-05,2.4818334579467773,564.0197143554688,0.125,0.9501689672470093,1122,5,26.44819024880548,4.409708655907708,1849.4576873956785,4.435410415578171,40651.42363499031,355.27640976956627,17249.651003756422,526.5345275537687
15.628308296203613,40.41898727416992,0.3723491430282593,40.41898727416992,9.834091542870738e-06,36.46728515625,648.4268798828125,0.15625,0.9498858451843262,1123,5,26.44819024880548,4.409708655907708,1849.4576873956785,4.435410415578171,40651.42363499031,355.27640976956627,17249.651003756422,526.5345275537687
11.189021110534668,29.472227096557617,0.35394319891929626,29.472227096557617,1.4541036762238946e-05,3.412804126739502,676.6956787109375,0.12109375,0.9501832127571106,1124,5,26.44819024880548,4.409708655907708,1849.4576873956785,4.435410415578171,40651.42363499031,355.27640976956627,17249.651003756422,526.5345275537687
10.292993545532227,26.762361526489258,0.23059368133544922,26.762361526489258,1.370301288261544e-05,1.4463114738464355,646.2109375,0.109375,0.9483329057693481,1125,5,26.44819024880548,4.409708655907708,1849.4576873956785,4.435410415578171,40651.42363499031,355.27640976956627,17249.651003756422,526.5345275537687
10.774641036987305,28.28961944580078,0.22647815942764282,28.289621353149414,4.9644069804344326e-05,2.043242931365967,590.1176147460938,0.1171875,0.9495710134506226,1126,5,26.44819024880548,4.409708655907708,1849.4576873956785,4.435410415578171,40651.42363499031,355.27640976956627,17249.651003756422,526.5345275537687
11.725504875183105,31.656024932861328,0.27753201127052307,31.656024932861328,9.42453698371537e-06,5.437957286834717,644.5714111328125,0.12109375,0.9493134021759033,1127,5,26.44819024880548,4.409708655907708,1849.4576873956785,4.435410415578171,40651.42363499031,355.27640976956627,17249.651003756422,526.5345275537687
9.110881805419922,24.643526077270508,0.3728971481323242,24.643526077270508,2.5299692424596287e-05,0.9459102749824524,624.8228759765625,0.09765625,0.94926917552948,1128,5,26.44819024880548,4.409708655907708,1849.4576873956785,4.435410415578171,40651.42363499031,355.27640976956627,17249.651003756422,526.5345275537687
9.053315162658691,23.764862060546875,0.15229494869709015,23.764862060546875,1.4334176739794202e-05,1.2817845344543457,630.8253173828125,0.109375,0.9493251442909241,1129,5,26.44819024880548,4.409708655907708,1849.4576873956785,4.435410415578171,40651.42363499031,355.27640976956627,17249.651003756422,526.5345275537687
9.78452205657959,25.48546028137207,0.2732972502708435,25.48546028137207,6.657527410425246e-05,1.352373719215393,616.0988159179688,0.11328125,0.9501005411148071,1130,5,26.44819024880548,4.409708655907708,1849.4576873956785,4.435410415578171,40651.42363499031,355.27640976956627,17249.651003756422,526.5345275537687
12.247186660766602,32.56856918334961,0.3071638345718384,32.568565368652344,4.2200899770250544e-05,9.217010498046875,631.6797485351562,0.1484375,0.9493383765220642,1131,5,26.44819024880548,4.409708655907708,1849.4576873956785,4.435410415578171,40651.42363499031,355.27640976956627,17249.651003756422,526.5345275537687
8.852742195129395,23.59942626953125,0.156291663646698,23.59942626953125,1.4350994206324685e-06,0.40525490045547485,555.0685424804688,0.09375,0.9489514827728271,1132,5,26.44819024880548,4.409708655907708,1849.4576873956785,4.435410415578171,40651.42363499031,355.27640976956627,17249.651003756422,526.5345275537687
7.13669490814209,19.084766387939453,0.1484314501285553,19.084766387939453,5.747635896113934e-06,0.4364757537841797,559.4058837890625,0.09375,0.9507378935813904,1133,5,26.44819024880548,4.409708655907708,1849.4576873956785,4.435410415578171,40651.42363499031,355.27640976956627,17249.651003756422,526.5345275537687
11.184900283813477,30.450088500976562,0.20502740144729614,30.450088500976562,4.669048394134734e-06,8.42776870727539,656.4871826171875,0.125,0.9489884972572327,1134,5,26.44819024880548,4.409708655907708,1849.4576873956785,4.435410415578171,40651.42363499031,355.27640976956627,17249.651003756422,526.5345275537687
9.416471481323242,24.620426177978516,0.2524399757385254,24.620426177978516,1.3488746844814159e-05,0.8728342652320862,634.28759765625,0.09375,0.9471472501754761,1135,5,26.44819024880548,4.409708655907708,1849.4576873956785,4.435410415578171,40651.42363499031,355.27640976956627,17249.651003756422,526.5345275537687
11.492819786071777,31.096162796020508,0.2941111624240875,31.096160888671875,1.2729916306852829e-05,10.9691162109375,601.4647216796875,0.12890625,0.947681725025177,1136,5,26.44819024880548,4.409708655907708,1849.4576873956785,4.435410415578171,40651.42363499031,355.27640976956627,17249.651003756422,526.5345275537687
10.471076011657715,27.248796463012695,0.36561092734336853,27.248796463012695,1.5694149624323472e-05,3.586149215698242,618.1970825195312,0.1171875,0.9465082883834839,1137,5,26.44819024880548,4.409708655907708,1849.4576873956785,4.435410415578171,40651.42363499031,355.27640976956627,17249.651003756422,526.5345275537687
14.818510055541992,38.3803825378418,0.41489386558532715,38.3803825378418,5.873201644135406e-06,39.080650329589844,677.23681640625,0.15234375,0.9494470953941345,1138,5,26.44819024880548,4.409708655907708,1849.4576873956785,4.435410415578171,40651.42363499031,355.27640976956627,17249.651003756422,526.5345275537687
11.699094772338867,30.23386573791504,0.1777670979499817,30.233867645263672,1.2230275387992151e-05,4.480824947357178,584.6756591796875,0.1328125,0.9473792910575867,1139,5,26.44819024880548,4.409708655907708,1849.4576873956785,4.435410415578171,40651.42363499031,355.27640976956627,17249.651003756422,526.5345275537687
16.40433120727539,42.763450622558594,0.4662022888660431,42.763450622558594,6.0305501392576844e-05,42.03219223022461,672.0595092773438,0.15625,0.9491171836853027,1140,5,26.44819024880548,4.409708655907708,1849.4576873956785,4.435410415578171,40651.42363499031,355.27640976956627,17249.651003756422,526.5345275537687
6.419581890106201,17.441036224365234,0.1240774393081665,17.441036224365234,1.0622008630889468e-05,1.1373299360275269,488.7267761230469,0.1015625,0.9488912224769592,1141,5,26.44819024880548,4.409708655907708,1849.4576873956785,4.435410415578171,40651.42363499031,355.27640976956627,17249.651003756422,526.5345275537687
8.724291801452637,22.274616241455078,0.12790510058403015,22.274616241455078,2.30512114285375e-06,1.7433964014053345,565.34521484375,0.10546875,0.9529010653495789,1142,5,26.44819024880548,4.409708655907708,1849.4576873956785,4.435410415578171,40651.42363499031,355.27640976956627,17249.651003756422,526.5345275537687
11.37661361694336,31.239891052246094,0.2550920248031616,31.239891052246094,1.692946898401715e-05,2.0797622203826904,639.6630859375,0.10546875,0.9496403336524963,1143,5,26.44819024880548,4.409708655907708,1849.4576873956785,4.435410415578171,40651.42363499031,355.27640976956627,17249.651003756422,526.5345275537687
13.740312576293945,36.32991027832031,0.25866633653640747,36.32990646362305,3.6025903682457283e-06,18.258731842041016,611.3711547851562,0.14453125,0.9504314661026001,1144,5,26.44819024880548,4.409708655907708,1849.4576873956785,4.435410415578171,40651.42363499031,355.27640976956627,17249.651003756422,526.5345275537687
14.088428497314453,37.8277587890625,0.4767589569091797,37.8277587890625,7.23324319551466e-06,5.508386135101318,646.738037109375,0.125,0.9479983448982239,1145,5,26.44819024880548,4.409708655907708,1849.4576873956785,4.435410415578171,40651.42363499031,355.27640976956627,17249.651003756422,526.5345275537687
18.027969360351562,45.59593963623047,0.7381082773208618,45.59593963623047,5.286608484311728e-06,10.91606616973877,682.9923095703125,0.1328125,0.9488315582275391,1146,5,26.44819024880548,4.409708655907708,1849.4576873956785,4.435410415578171,40651.42363499031,355.27640976956627,17249.651003756422,526.5345275537687
9.24128532409668,24.966632843017578,0.30104753375053406,24.966632843017578,5.885830432816874e-06,0.7674086093902588,595.3063354492188,0.09765625,0.9484676122665405,1147,5,26.44819024880548,4.409708655907708,1849.4576873956785,4.435410415578171,40651.42363499031,355.27640976956627,17249.651003756422,526.5345275537687
12.146121978759766,32.910526275634766,0.2915763854980469,32.910526275634766,2.4749406293267384e-06,7.176713943481445,670.7613525390625,0.12890625,0.9510716199874878,1148,5,26.44819024880548,4.409708655907708,1849.4576873956785,4.435410415578171,40651.42363499031,355.27640976956627,17249.651003756422,526.5345275537687
8.04907512664795,21.474992752075195,0.16310448944568634,21.474990844726562,7.14158204573323e-06,3.9757142066955566,626.8753662109375,0.125,0.9512330889701843,1149,5,26.44819024880548,4.409708655907708,1849.4576873956785,4.435410415578171,40651.42363499031,355.27640976956627,17249.651003756422,526.5345275537687
12.757089614868164,33.70771789550781,0.2737290859222412,33.70771789550781,2.239910372736631e-06,1.2075251340866089,688.5772705078125,0.109375,0.9467066526412964,1150,5,26.44819024880548,4.409708655907708,1849.4576873956785,4.435410415578171,40651.42363499031,355.27640976956627,17249.651003756422,526.5345275537687
12.407678604125977,32.612152099609375,0.34758228063583374,32.612152099609375,1.0720104910433292e-05,8.246834754943848,623.478759765625,0.125,0.9508079290390015,1151,5,26.44819024880548,4.409708655907708,1849.4576873956785,4.435410415578171,40651.42363499031,355.27640976956627,17249.651003756422,526.5345275537687
8.536149978637695,22.623979568481445,0.16863442957401276,22.623977661132812,7.928971172077581e-06,3.0898385047912598,560.6987915039062,0.1171875,0.9507102370262146,1152,5,26.44819024880548,4.409708655907708,1849.4576873956785,4.435410415578171,40651.42363499031,355.27640976956627,17249.651003756422,526.5345275537687
15.1072998046875,41.116615295410156,0.29052338004112244,41.116615295410156,6.294018021435477e-06,7.267091751098633,682.3275756835938,0.12890625,0.9455960392951965,1153,5,26.44819024880548,4.409708655907708,1849.4576873956785,4.435410415578171,40651.42363499031,355.27640976956627,17249.651003756422,526.5345275537687
16.435701370239258,44.309410095214844,0.5792415142059326,44.309410095214844,1.9221170077798888e-05,77.417724609375,677.8726196289062,0.16015625,0.9483934640884399,1154,5,26.44819024880548,4.409708655907708,1849.4576873956785,4.435410415578171,40651.42363499031,355.27640976956627,17249.651003756422,526.5345275537687
8.957283973693848,23.98395347595215,0.12406758219003677,23.98395347595215,2.253661023132736e-06,2.0246329307556152,633.021484375,0.12109375,0.9474250674247742,1155,5,26.44819024880548,4.409708655907708,1849.4576873956785,4.435410415578171,40651.42363499031,355.27640976956627,17249.651003756422,526.5345275537687
13.716083526611328,37.238304138183594,0.7571277022361755,37.238304138183594,4.882555003860034e-06,9.129806518554688,711.288330078125,0.1328125,0.9506881237030029,1156,5,26.44819024880548,4.409708655907708,1849.4576873956785,4.435410415578171,40651.42363499031,355.27640976956627,17249.651003756422,526.5345275537687
10.498079299926758,27.925716400146484,0.3505140542984009,27.925716400146484,5.969329322397243e-06,7.770397186279297,656.2676391601562,0.16015625,0.950381338596344,1157,5,26.44819024880548,4.409708655907708,1849.4576873956785,4.435410415578171,40651.42363499031,355.27640976956627,17249.651003756422,526.5345275537687
14.56608772277832,39.183902740478516,0.28161847591400146,39.183902740478516,8.585342584410682e-06,7.620718479156494,681.1077880859375,0.125,0.94913649559021,1158,5,26.44819024880548,4.409708655907708,1849.4576873956785,4.435410415578171,40651.42363499031,355.27640976956627,17249.651003756422,526.5345275537687
11.241166114807129,29.991994857788086,0.20040251314640045,29.991994857788086,1.3800802662444767e-05,0.9197713136672974,649.0164794921875,0.09765625,0.9502609372138977,1159,5,26.44819024880548,4.409708655907708,1849.4576873956785,4.435410415578171,40651.42363499031,355.27640976956627,17249.651003756422,526.5345275537687
11.84450912475586,31.717870712280273,0.3113791346549988,31.717870712280273,3.017489007106633e-06,4.60651969909668,675.3146362304688,0.11328125,0.9501698017120361,1160,5,26.44819024880548,4.409708655907708,1849.4576873956785,4.435410415578171,40651.42363499031,355.27640976956627,17249.651003756422,526.5345275537687
11.391294479370117,30.67304039001465,0.3188726007938385,30.673038482666016,2.594207444417407e-06,6.26187801361084,636.7594604492188,0.125,0.9516217112541199,1161,5,26.44819024880548,4.409708655907708,1849.4576873956785,4.435410415578171,40651.42363499031,355.27640976956627,17249.651003756422,526.5345275537687
6.049488067626953,16.925884246826172,0.14428399503231049,16.925884246826172,2.998597665282432e-06,1.9396636486053467,533.741943359375,0.11328125,0.9497084617614746,1162,5,26.44819024880548,4.409708655907708,1849.4576873956785,4.435410415578171,40651.42363499031,355.27640976956627,17249.651003756422,526.5345275537687
12.303413391113281,32.26887893676758,0.23734711110591888,32.26887893676758,7.318566531466786e-06,3.698531150817871,641.408447265625,0.12109375,0.9474363327026367,1163,5,26.44819024880548,4.409708655907708,1849.4576873956785,4.435410415578171,40651.42363499031,355.27640976956627,17249.651003756422,526.5345275537687
6.756588935852051,17.856510162353516,0.1168196052312851,17.856510162353516,2.6933294066111557e-06,0.8651725649833679,616.1334228515625,0.1015625,0.9474954605102539,1164,5,26.44819024880548,4.409708655907708,1849.4576873956785,4.435410415578171,40651.42363499031,355.27640976956627,17249.651003756422,526.5345275537687
10.576997756958008,28.489778518676758,0.39727163314819336,28.489778518676758,4.366565008240286e-06,0.8388546705245972,634.0916137695312,0.1015625,0.9481732845306396,1165,5,26.44819024880548,4.409708655907708,1849.4576873956785,4.435410415578171,40651.42363499031,355.27640976956627,17249.651003756422,526.5345275537687
12.415428161621094,34.219913482666016,0.24989670515060425,34.219913482666016,2.0796320313820615e-05,11.0857572555542,653.962646484375,0.15625,0.9510105848312378,1166,5,26.44819024880548,4.409708655907708,1849.4576873956785,4.435410415578171,40651.42363499031,355.27640976956627,17249.651003756422,526.5345275537687
9.246004104614258,25.254793167114258,0.25773799419403076,25.254793167114258,5.870619588677073e-06,1.037693977355957,665.962646484375,0.1015625,0.9471943974494934,1167,5,26.44819024880548,4.409708655907708,1849.4576873956785,4.435410415578171,40651.42363499031,355.27640976956627,17249.651003756422,526.5345275537687
8.100547790527344,22.258041381835938,0.17533239722251892,22.258041381835938,9.726746611704584e-06,4.419241905212402,573.9634399414062,0.12890625,0.9497987031936646,1168,5,26.44819024880548,4.409708655907708,1849.4576873956785,4.435410415578171,40651.42363499031,355.27640976956627,17249.651003756422,526.5345275537687
13.587418556213379,35.935699462890625,0.3946179151535034,35.935699462890625,1.3419527022051625e-05,12.70617961883545,706.7710571289062,0.1328125,0.9474961757659912,1169,5,26.44819024880548,4.409708655907708,1849.4576873956785,4.435410415578171,40651.42363499031,355.27640976956627,17249.651003756422,526.5345275537687
11.622467041015625,32.03406524658203,0.3534020185470581,32.0340690612793,5.082009010948241e-06,5.184684753417969,678.6607666015625,0.140625,0.9490393400192261,1170,5,26.44819024880548,4.409708655907708,1849.4576873956785,4.435410415578171,40651.42363499031,355.27640976956627,17249.651003756422,526.5345275537687
