level,layer,group,noise_rms,noise_energy_share,expected_noise_energy,signal_norm,snr,geometry_power,damping,lambda,task,method,source,beta,seed,epoch,research_only
layer,patch_embed,patch_head,0.7202276534097609,0.026717111089316622,76586.4086151123,1.272787019126431,0.00459917447261767,inverse,0.001,0.001,vit,inverse_dp_kfm_a,public,0.4,42,1,True
layer,blocks.0.attn.q_proj,attention_qkv,0.7200303927519281,0.006705334772741336,19221.296310424805,0.17410573988306854,0.0012558036824355174,inverse,0.001,0.001,vit,inverse_dp_kfm_a,public,0.4,42,1,True
layer,blocks.0.attn.k_proj,attention_qkv,0.7206542229661298,0.006705334772741336,19221.296310424805,0.2865197041204688,0.002066632035029251,inverse,0.001,0.001,vit,inverse_dp_kfm_a,public,0.4,42,1,True
layer,blocks.0.attn.v_proj,attention_qkv,0.720329147671216,0.006705334772741336,19221.296310424805,0.6046611800717518,0.0043613480926584635,inverse,0.001,0.001,vit,inverse_dp_kfm_a,public,0.4,42,1,True
layer,blocks.0.attn.out_proj,attention_out,0.7204808729174818,0.006705334772741336,19221.296310424805,0.6549178568494824,0.004723843434896073,inverse,0.001,0.001,vit,inverse_dp_kfm_a,public,0.4,42,1,True
layer,blocks.0.mlp.fc1,mlp_fc1,0.7201037777829117,0.026821339090965342,76885.18524169922,0.894169994474054,0.003224770109641468,inverse,0.001,0.001,vit,inverse_dp_kfm_a,public,0.4,42,1,True
layer,blocks.0.mlp.fc2,mlp_fc2,0.7201899399233512,0.026717111089316622,76586.4086151123,1.5584753686415174,0.005631500026280111,inverse,0.001,0.001,vit,inverse_dp_kfm_a,public,0.4,42,1,True
layer,blocks.1.attn.q_proj,attention_qkv,0.7202587102661369,0.006705334772741336,19221.296310424805,0.11322984239065045,0.0008167131832142436,inverse,0.001,0.001,vit,inverse_dp_kfm_a,public,0.4,42,1,True
layer,blocks.1.attn.k_proj,attention_qkv,0.7206367669684423,0.006705334772741336,19221.296310424805,0.16408091833711785,0.0011834958548956626,inverse,0.001,0.001,vit,inverse_dp_kfm_a,public,0.4,42,1,True
layer,blocks.1.attn.v_proj,attention_qkv,0.7201097295193027,0.006705334772741336,19221.296310424805,0.7180533801031461,0.005179232341934368,inverse,0.001,0.001,vit,inverse_dp_kfm_a,public,0.4,42,1,True
layer,blocks.1.attn.out_proj,attention_out,0.7200767051969829,0.006705334772741336,19221.296310424805,1.0318484876062564,0.0074425985686728665,inverse,0.001,0.001,vit,inverse_dp_kfm_a,public,0.4,42,1,True
layer,blocks.1.mlp.fc1,mlp_fc1,0.7201402344294024,0.026821339090965342,76885.18524169922,1.3401496302983198,0.004833168745250806,inverse,0.001,0.001,vit,inverse_dp_kfm_a,public,0.4,42,1,True
layer,blocks.1.mlp.fc2,mlp_fc2,0.7201416203323052,0.026717111089316622,76586.4086151123,1.1396619946724633,0.004118131529112857,inverse,0.001,0.001,vit,inverse_dp_kfm_a,public,0.4,42,1,True
layer,blocks.2.attn.q_proj,attention_qkv,0.7202964471123294,0.006705334772741336,19221.296310424805,0.17579219977134572,0.0012679679140076678,inverse,0.001,0.001,vit,inverse_dp_kfm_a,public,0.4,42,1,True
layer,blocks.2.attn.k_proj,attention_qkv,0.720111690242561,0.006705334772741336,19221.296310424805,0.22676205746015793,0.0016356073440564017,inverse,0.001,0.001,vit,inverse_dp_kfm_a,public,0.4,42,1,True
layer,blocks.2.attn.v_proj,attention_qkv,0.7198586056386119,0.006705334772741336,19221.296310424805,1.0056073137564223,0.007253324149723866,inverse,0.001,0.001,vit,inverse_dp_kfm_a,public,0.4,42,1,True
layer,blocks.2.attn.out_proj,attention_out,0.7205797709397889,0.006705334772741336,19221.296310424805,1.1351858917358706,0.008187958788999038,inverse,0.001,0.001,vit,inverse_dp_kfm_a,public,0.4,42,1,True
layer,blocks.2.mlp.fc1,mlp_fc1,0.7203307359020756,0.026821339090965342,76885.18524169922,1.4296499153562043,0.005155946120741714,inverse,0.001,0.001,vit,inverse_dp_kfm_a,public,0.4,42,1,True
layer,blocks.2.mlp.fc2,mlp_fc2,0.7202133477698326,0.026717111089316622,76586.4086151123,1.333648919940232,0.004819096970546616,inverse,0.001,0.001,vit,inverse_dp_kfm_a,public,0.4,42,1,True
layer,blocks.3.attn.q_proj,attention_qkv,0.7203182709819183,0.006705334772741336,19221.296310424805,0.2125020576743308,0.0015327516871745646,inverse,0.001,0.001,vit,inverse_dp_kfm_a,public,0.4,42,1,True
layer,blocks.3.attn.k_proj,attention_qkv,0.7202375455543524,0.006705334772741336,19221.296310424805,0.28605430142980565,0.002063275141608376,inverse,0.001,0.001,vit,inverse_dp_kfm_a,public,0.4,42,1,True
layer,blocks.3.attn.v_proj,attention_qkv,0.7200075404532013,0.006705334772741336,19221.296310424805,1.0003833335000412,0.007215644210812378,inverse,0.001,0.001,vit,inverse_dp_kfm_a,public,0.4,42,1,True
layer,blocks.3.attn.out_proj,attention_out,0.7206038929379852,0.006705334772741336,19221.296310424805,1.0087003232450948,0.007275633653754538,inverse,0.001,0.001,vit,inverse_dp_kfm_a,public,0.4,42,1,True
layer,blocks.3.mlp.fc1,mlp_fc1,0.7202736101497716,0.026821339090965342,76885.18524169922,1.2756479779513643,0.004600547429621335,inverse,0.001,0.001,vit,inverse_dp_kfm_a,public,0.4,42,1,True
layer,blocks.3.mlp.fc2,mlp_fc2,0.7202341277441597,0.026717111089316622,76586.4086151123,1.2413665702980294,0.0044856377033088875,inverse,0.001,0.001,vit,inverse_dp_kfm_a,public,0.4,42,1,True
layer,blocks.4.attn.q_proj,attention_qkv,0.7205135671343433,0.006705334772741336,19221.296310424805,0.2584407187490712,0.0018641017034495115,inverse,0.001,0.001,vit,inverse_dp_kfm_a,public,0.4,42,1,True
layer,blocks.4.attn.k_proj,attention_qkv,0.7207759177383409,0.006705334772741336,19221.296310424805,0.3849792497677394,0.002776808851013676,inverse,0.001,0.001,vit,inverse_dp_kfm_a,public,0.4,42,1,True
layer,blocks.4.attn.v_proj,attention_qkv,0.7204321529271979,0.006705334772741336,19221.296310424805,0.8059440329739227,0.00581317701027736,inverse,0.001,0.001,vit,inverse_dp_kfm_a,public,0.4,42,1,True
layer,blocks.4.attn.out_proj,attention_out,0.7201463846509418,0.006705334772741336,19221.296310424805,0.826205128209783,0.005959317844143367,inverse,0.001,0.001,vit,inverse_dp_kfm_a,public,0.4,42,1,True
layer,blocks.4.mlp.fc1,mlp_fc1,0.720195380235245,0.026821339090965342,76885.18524169922,1.22267657858724,0.004409509275365462,inverse,0.001,0.001,vit,inverse_dp_kfm_a,public,0.4,42,1,True
layer,blocks.4.mlp.fc2,mlp_fc2,0.7201408616368851,0.026717111089316622,76586.4086151123,1.171839430189538,0.004234403645186139,inverse,0.001,0.001,vit,inverse_dp_kfm_a,public,0.4,42,1,True
layer,blocks.5.attn.q_proj,attention_qkv,0.720113015520476,0.006705334772741336,19221.296310424805,0.1864932528941155,0.0013451533182714096,inverse,0.001,0.001,vit,inverse_dp_kfm_a,public,0.4,42,1,True
layer,blocks.5.attn.k_proj,attention_qkv,0.7202464043662147,0.006705334772741336,19221.296310424805,0.2769866968042825,0.001997871604153214,inverse,0.001,0.001,vit,inverse_dp_kfm_a,public,0.4,42,1,True
layer,blocks.5.attn.v_proj,attention_qkv,0.7202488471110263,0.006705334772741336,19221.296310424805,0.8617783610216478,0.006215903277749854,inverse,0.001,0.001,vit,inverse_dp_kfm_a,public,0.4,42,1,True
layer,blocks.5.attn.out_proj,attention_out,0.7200598236063742,0.006705334772741336,19221.296310424805,0.8363744259988448,0.006032667761382531,inverse,0.001,0.001,vit,inverse_dp_kfm_a,public,0.4,42,1,True
layer,blocks.5.mlp.fc1,mlp_fc1,0.720040045167104,0.026821339090965342,76885.18524169922,1.2666329079981193,0.004568035124018139,inverse,0.001,0.001,vit,inverse_dp_kfm_a,public,0.4,42,1,True
layer,blocks.5.mlp.fc2,mlp_fc2,0.7201785008220194,0.026717111089316622,76586.4086151123,1.0949828645208353,0.0039566849463270265,inverse,0.001,0.001,vit,inverse_dp_kfm_a,public,0.4,42,1,True
layer,blocks.6.attn.q_proj,attention_qkv,0.7200801820565649,0.006705334772741336,19221.296310424805,0.20171987470368866,0.001454981103112719,inverse,0.001,0.001,vit,inverse_dp_kfm_a,public,0.4,42,1,True
layer,blocks.6.attn.k_proj,attention_qkv,0.7199540368677584,0.006705334772741336,19221.296310424805,0.3088139535121843,0.0022274377643639372,inverse,0.001,0.001,vit,inverse_dp_kfm_a,public,0.4,42,1,True
layer,blocks.6.attn.v_proj,attention_qkv,0.7202868888925408,0.006705334772741336,19221.296310424805,0.9152795864977096,0.006601801158042453,inverse,0.001,0.001,vit,inverse_dp_kfm_a,public,0.4,42,1,True
layer,blocks.6.attn.out_proj,attention_out,0.7201129924394335,0.006705334772741336,19221.296310424805,0.9535907005598496,0.006878134598569773,inverse,0.001,0.001,vit,inverse_dp_kfm_a,public,0.4,42,1,True
layer,blocks.6.mlp.fc1,mlp_fc1,0.7199826436411159,0.026821339090965342,76885.18524169922,1.2501250016290706,0.004508500356176837,inverse,0.001,0.001,vit,inverse_dp_kfm_a,public,0.4,42,1,True
layer,blocks.6.mlp.fc2,mlp_fc2,0.7203362933050551,0.026717111089316622,76586.4086151123,1.134912910050879,0.004100970866384795,inverse,0.001,0.001,vit,inverse_dp_kfm_a,public,0.4,42,1,True
layer,blocks.7.attn.q_proj,attention_qkv,0.720594978131982,0.006705334772741336,19221.296310424805,0.20023368529888566,0.0014442613983597253,inverse,0.001,0.001,vit,inverse_dp_kfm_a,public,0.4,42,1,True
layer,blocks.7.attn.k_proj,attention_qkv,0.7204406111965251,0.006705334772741336,19221.296310424805,0.26524926089198986,0.001913210895948489,inverse,0.001,0.001,vit,inverse_dp_kfm_a,public,0.4,42,1,True
layer,blocks.7.attn.v_proj,attention_qkv,0.7206698631608643,0.006705334772741336,19221.296310424805,0.9803907893156,0.007071440403258777,inverse,0.001,0.001,vit,inverse_dp_kfm_a,public,0.4,42,1,True
layer,blocks.7.attn.out_proj,attention_out,0.7205737769489632,0.006705334772741336,19221.296310424805,1.0056586947404793,0.0072536947545587815,inverse,0.001,0.001,vit,inverse_dp_kfm_a,public,0.4,42,1,True
layer,blocks.7.mlp.fc1,mlp_fc1,0.7202825845052799,0.026821339090965342,76885.18524169922,1.305263345281616,0.004707353464204082,inverse,0.001,0.001,vit,inverse_dp_kfm_a,public,0.4,42,1,True
layer,blocks.7.mlp.fc2,mlp_fc2,0.7202270619882338,0.026717111089316622,76586.40861511229,1.5509564790106027,0.005604330763290084,inverse,0.001,0.001,vit,inverse_dp_kfm_a,public,0.4,42,1,True
layer,blocks.8.attn.q_proj,attention_qkv,0.7205178148362863,0.006705334772741336,19221.296310424805,0.20922047585967465,0.0015090820337224377,inverse,0.001,0.001,vit,inverse_dp_kfm_a,public,0.4,42,1,True
layer,blocks.8.attn.k_proj,attention_qkv,0.7204493202669069,0.006705334772741336,19221.296310424805,0.31480183483073926,0.0022706276294130663,inverse,0.001,0.001,vit,inverse_dp_kfm_a,public,0.4,42,1,True
layer,blocks.8.attn.v_proj,attention_qkv,0.7199298170236915,0.006705334772741336,19221.296310424805,1.064210986400642,0.007676025365434986,inverse,0.001,0.001,vit,inverse_dp_kfm_a,public,0.4,42,1,True
layer,blocks.8.attn.out_proj,attention_out,0.7205092791994192,0.006705334772741336,19221.296310424805,1.046154408088635,0.007545785445995039,inverse,0.001,0.001,vit,inverse_dp_kfm_a,public,0.4,42,1,True
layer,blocks.8.mlp.fc1,mlp_fc1,0.720064249418227,0.026821339090965342,76885.18524169922,1.2789421339757951,0.004612427604475927,inverse,0.001,0.001,vit,inverse_dp_kfm_a,public,0.4,42,1,True
layer,blocks.8.mlp.fc2,mlp_fc2,0.7201097605420146,0.026717111089316622,76586.4086151123,1.2673310787593073,0.004579459609656687,inverse,0.001,0.001,vit,inverse_dp_kfm_a,public,0.4,42,1,True
layer,blocks.9.attn.q_proj,attention_qkv,0.7198414727654017,0.006705334772741336,19221.296310424805,0.21212394912809582,0.0015300244358786503,inverse,0.001,0.001,vit,inverse_dp_kfm_a,public,0.4,42,1,True
layer,blocks.9.attn.k_proj,attention_qkv,0.7204488170234092,0.006705334772741336,19221.296310424805,0.3399098526523354,0.0024517287307334076,inverse,0.001,0.001,vit,inverse_dp_kfm_a,public,0.4,42,1,True
layer,blocks.9.attn.v_proj,attention_qkv,0.7201050805176431,0.006705334772741336,19221.296310424805,1.0716064370682727,0.007729367858266753,inverse,0.001,0.001,vit,inverse_dp_kfm_a,public,0.4,42,1,True
layer,blocks.9.attn.out_proj,attention_out,0.7203859467869865,0.006705334772741336,19221.296310424805,1.0360416709676152,0.007472843494026034,inverse,0.001,0.001,vit,inverse_dp_kfm_a,public,0.4,42,1,True
layer,blocks.9.mlp.fc1,mlp_fc1,0.7203310785257804,0.026821339090965342,76885.18524169922,1.202815077493425,0.004337879970584754,inverse,0.001,0.001,vit,inverse_dp_kfm_a,public,0.4,42,1,True
layer,blocks.9.mlp.fc2,mlp_fc2,0.7200438330808299,0.026717111089316622,76586.4086151123,1.1165172360262037,0.004034498696956983,inverse,0.001,0.001,vit,inverse_dp_kfm_a,public,0.4,42,1,True
layer,blocks.10.attn.q_proj,attention_qkv,0.720607873958383,0.006705334772741336,19221.296310424805,0.19842275544117602,0.001431199379924999,inverse,0.001,0.001,vit,inverse_dp_kfm_a,public,0.4,42,1,True
layer,blocks.10.attn.k_proj,attention_qkv,0.7201054965204979,0.006705334772741336,19221.296310424805,0.3299791648686381,0.0023800998786561584,inverse,0.001,0.001,vit,inverse_dp_kfm_a,public,0.4,42,1,True
layer,blocks.10.attn.v_proj,attention_qkv,0.7201668975647961,0.006705334772741336,19221.296310424805,1.0294662441534466,0.007425415734249909,inverse,0.001,0.001,vit,inverse_dp_kfm_a,public,0.4,42,1,True
layer,blocks.10.attn.out_proj,attention_out,0.7202550628576043,0.006705334772741336,19221.296310424805,0.9874395033717824,0.007122281926772777,inverse,0.001,0.001,vit,inverse_dp_kfm_a,public,0.4,42,1,True
layer,blocks.10.mlp.fc1,mlp_fc1,0.7200289461233149,0.026821339090965342,76885.18524169922,1.0218888470169831,0.0036853804417521945,inverse,0.001,0.001,vit,inverse_dp_kfm_a,public,0.4,42,1,True
layer,blocks.10.mlp.fc2,mlp_fc2,0.7202173365631004,0.026717111089316622,76586.4086151123,0.9613055291201833,0.003473646245190524,inverse,0.001,0.001,vit,inverse_dp_kfm_a,public,0.4,42,1,True
layer,blocks.11.attn.q_proj,attention_qkv,0.7200545154376703,0.006705334772741336,19221.296310424805,0.22884664308377875,0.0016506432084928853,inverse,0.001,0.001,vit,inverse_dp_kfm_a,public,0.4,42,1,True
layer,blocks.11.attn.k_proj,attention_qkv,0.7199043622457916,0.006705334772741336,19221.296310424805,0.32023912642069907,0.002309846157221125,inverse,0.001,0.001,vit,inverse_dp_kfm_a,public,0.4,42,1,True
layer,blocks.11.attn.v_proj,attention_qkv,0.720272471247411,0.006705334772741336,19221.296310424805,0.9263018501222663,0.006681303414876668,inverse,0.001,0.001,vit,inverse_dp_kfm_a,public,0.4,42,1,True
layer,blocks.11.attn.out_proj,attention_out,0.7200391710018932,0.006705334772741336,19221.296310424805,0.7633780016332813,0.005506153365105497,inverse,0.001,0.001,vit,inverse_dp_kfm_a,public,0.4,42,1,True
layer,blocks.11.mlp.fc1,mlp_fc1,0.7202341251352647,0.026821339090965342,76885.18524169922,0.9557198661617013,0.0034467460065036055,inverse,0.001,0.001,vit,inverse_dp_kfm_a,public,0.4,42,1,True
layer,blocks.11.mlp.fc2,mlp_fc2,0.7202171422093732,0.026717111089316622,76586.4086151123,0.9861157045661388,0.0035632970067535387,inverse,0.001,0.001,vit,inverse_dp_kfm_a,public,0.4,42,1,True
layer,head,patch_head,0.7194225931599806,0.0003492361860802786,1001.1091828346252,4.346506882286514,0.13737245166778447,inverse,0.001,0.001,vit,inverse_dp_kfm_a,public,0.4,42,1,True
layer,cls_token,identity,0.7141159629350641,3.474266721627629e-05,99.59220886230469,0.062081773125868704,0.006220874357324297,inverse,0.001,0.001,vit,inverse_dp_kfm_a,public,0.4,42,1,True
layer,pos_embed,identity,0.7202692493818748,0.006844305441606457,19619.665145874023,0.1898448120945506,0.0013553546128165608,inverse,0.001,0.001,vit,inverse_dp_kfm_a,public,0.4,42,1,True
layer,blocks.0.norm1.weight,identity,0.7198966559318914,3.474266721627629e-05,99.59220886230469,0.276952662915437,0.027751909009271113,inverse,0.001,0.001,vit,inverse_dp_kfm_a,public,0.4,42,1,True
layer,blocks.0.norm1.bias,identity,0.7214011287070016,3.474266721627629e-05,99.59220886230469,0.16034970043113747,0.01606776497176179,inverse,0.001,0.001,vit,inverse_dp_kfm_a,public,0.4,42,1,True
layer,blocks.0.norm2.weight,identity,0.7198330597675036,3.474266721627629e-05,99.59220886230469,0.09893978979911902,0.009914214274010921,inverse,0.001,0.001,vit,inverse_dp_kfm_a,public,0.4,42,1,True
layer,blocks.0.norm2.bias,identity,0.719295220760294,3.474266721627629e-05,99.59220886230469,0.08342658544544644,0.008359721057974211,inverse,0.001,0.001,vit,inverse_dp_kfm_a,public,0.4,42,1,True
layer,blocks.1.norm1.weight,identity,0.7201664361592618,3.474266721627629e-05,99.59220886230469,0.15353502921457968,0.01538490410471261,inverse,0.001,0.001,vit,inverse_dp_kfm_a,public,0.4,42,1,True
layer,blocks.1.norm1.bias,identity,0.721503788450501,3.474266721627629e-05,99.59220886230469,0.17966273714014755,0.01800301856997257,inverse,0.001,0.001,vit,inverse_dp_kfm_a,public,0.4,42,1,True
layer,blocks.1.norm2.weight,identity,0.7218347042004147,3.474266721627629e-05,99.59220886230469,0.24850592615719014,0.024901417369959433,inverse,0.001,0.001,vit,inverse_dp_kfm_a,public,0.4,42,1,True
layer,blocks.1.norm2.bias,identity,0.7180172354511912,3.474266721627629e-05,99.59220886230469,0.1626722681941401,0.016300496762632465,inverse,0.001,0.001,vit,inverse_dp_kfm_a,public,0.4,42,1,True
layer,blocks.2.norm1.weight,identity,0.7203505521739182,3.474266721627629e-05,99.59220886230469,0.14546489406540392,0.014576240075290282,inverse,0.001,0.001,vit,inverse_dp_kfm_a,public,0.4,42,1,True
layer,blocks.2.norm1.bias,identity,0.7163903795672324,3.474266721627629e-05,99.59220886230469,0.17782960881648105,0.017819330823824267,inverse,0.001,0.001,vit,inverse_dp_kfm_a,public,0.4,42,1,True
layer,blocks.2.norm2.weight,identity,0.7214467553030348,3.474266721627629e-05,99.59220886230469,0.11565693978027844,0.011589348285317136,inverse,0.001,0.001,vit,inverse_dp_kfm_a,public,0.4,42,1,True
layer,blocks.2.norm2.bias,identity,0.7182306329092334,3.474266721627629e-05,99.59220886230469,0.18272400079111573,0.01830977102868064,inverse,0.001,0.001,vit,inverse_dp_kfm_a,public,0.4,42,1,True
layer,blocks.3.norm1.weight,identity,0.715897813432502,3.474266721627629e-05,99.59220886230469,0.10636902240958229,0.010658656971343779,inverse,0.001,0.001,vit,inverse_dp_kfm_a,public,0.4,42,1,True
layer,blocks.3.norm1.bias,identity,0.7185715588629581,3.474266721627629e-05,99.59220886230469,0.17888669506383148,0.017925255645209255,inverse,0.001,0.001,vit,inverse_dp_kfm_a,public,0.4,42,1,True
layer,blocks.3.norm2.weight,identity,0.7168448718661599,3.474266721627629e-05,99.59220886230469,0.10723259726396339,0.010745191076230854,inverse,0.001,0.001,vit,inverse_dp_kfm_a,public,0.4,42,1,True
layer,blocks.3.norm2.bias,identity,0.7250678974291619,3.474266721627629e-05,99.59220886230469,0.12893530843690376,0.0129199008601546,inverse,0.001,0.001,vit,inverse_dp_kfm_a,public,0.4,42,1,True
layer,blocks.4.norm1.weight,identity,0.7180958293248871,3.474266721627629e-05,99.59220886230469,0.084329343129977,0.008450181459599448,inverse,0.001,0.001,vit,inverse_dp_kfm_a,public,0.4,42,1,True
layer,blocks.4.norm1.bias,identity,0.7217479770181263,3.474266721627629e-05,99.59220886230469,0.1766609393475125,0.01770222485913227,inverse,0.001,0.001,vit,inverse_dp_kfm_a,public,0.4,42,1,True
layer,blocks.4.norm2.weight,identity,0.7172649338843595,3.474266721627629e-05,99.59220886230469,0.08605070076449214,0.008622669277346355,inverse,0.001,0.001,vit,inverse_dp_kfm_a,public,0.4,42,1,True
layer,blocks.4.norm2.bias,identity,0.7225413241951496,3.474266721627629e-05,99.59220886230469,0.12375695838959358,0.012401006772557434,inverse,0.001,0.001,vit,inverse_dp_kfm_a,public,0.4,42,1,True
layer,blocks.5.norm1.weight,identity,0.7156588038331706,3.474266721627629e-05,99.59220886230469,0.09523061353335194,0.00954253804189487,inverse,0.001,0.001,vit,inverse_dp_kfm_a,public,0.4,42,1,True
layer,blocks.5.norm1.bias,identity,0.7180342609535993,3.474266721627629e-05,99.59220886230469,0.14016844391131517,0.014045511823028302,inverse,0.001,0.001,vit,inverse_dp_kfm_a,public,0.4,42,1,True
layer,blocks.5.norm2.weight,identity,0.7226680856316783,3.474266721627629e-05,99.59220886230469,0.08441476829357288,0.008458741447224263,inverse,0.001,0.001,vit,inverse_dp_kfm_a,public,0.4,42,1,True
layer,blocks.5.norm2.bias,identity,0.7219805237184768,3.474266721627629e-05,99.59220886230469,0.11183636732700336,0.011206509651557579,inverse,0.001,0.001,vit,inverse_dp_kfm_a,public,0.4,42,1,True
layer,blocks.6.norm1.weight,identity,0.7238994584660878,3.474266721627629e-05,99.59220886230469,0.08679941144505911,0.008697693472682263,inverse,0.001,0.001,vit,inverse_dp_kfm_a,public,0.4,42,1,True
layer,blocks.6.norm1.bias,identity,0.7182448204604617,3.474266721627629e-05,99.59220886230469,0.14706439049765002,0.014736516849599165,inverse,0.001,0.001,vit,inverse_dp_kfm_a,public,0.4,42,1,True
layer,blocks.6.norm2.weight,identity,0.7218172330493724,3.474266721627629e-05,99.59220886230469,0.07379645273279983,0.007394738219480338,inverse,0.001,0.001,vit,inverse_dp_kfm_a,public,0.4,42,1,True
layer,blocks.6.norm2.bias,identity,0.7207453810932937,3.474266721627629e-05,99.59220886230469,0.11263305402228974,0.01128634126048215,inverse,0.001,0.001,vit,inverse_dp_kfm_a,public,0.4,42,1,True
layer,blocks.7.norm1.weight,identity,0.7214836546319633,3.474266721627629e-05,99.59220886230469,0.09674804152587617,0.00969459118748788,inverse,0.001,0.001,vit,inverse_dp_kfm_a,public,0.4,42,1,True
layer,blocks.7.norm1.bias,identity,0.7190386683256822,3.474266721627629e-05,99.59220886230469,0.13296779951366672,0.013323974698134587,inverse,0.001,0.001,vit,inverse_dp_kfm_a,public,0.4,42,1,True
layer,blocks.7.norm2.weight,identity,0.7169024323897683,3.474266721627629e-05,99.59220886230469,0.05836573326418635,0.005848510361865177,inverse,0.001,0.001,vit,inverse_dp_kfm_a,public,0.4,42,1,True
layer,blocks.7.norm2.bias,identity,0.7183353431527848,3.474266721627629e-05,99.59220886230469,0.08849351236051739,0.008867450043943945,inverse,0.001,0.001,vit,inverse_dp_kfm_a,public,0.4,42,1,True
layer,blocks.8.norm1.weight,identity,0.7194275706080325,3.474266721627629e-05,99.59220886230469,0.12497002602811103,0.012522561634575515,inverse,0.001,0.001,vit,inverse_dp_kfm_a,public,0.4,42,1,True
layer,blocks.8.norm1.bias,identity,0.7214316652373783,3.474266721627629e-05,99.59220886230469,0.14619038543392102,0.014648937590577366,inverse,0.001,0.001,vit,inverse_dp_kfm_a,public,0.4,42,1,True
layer,blocks.8.norm2.weight,identity,0.7213060314688632,3.474266721627629e-05,99.59220886230469,0.05778489526596142,0.00579030776830215,inverse,0.001,0.001,vit,inverse_dp_kfm_a,public,0.4,42,1,True
layer,blocks.8.norm2.bias,identity,0.7169370991880998,3.474266721627629e-05,99.59220886230469,0.09173097283654566,0.00919185822116116,inverse,0.001,0.001,vit,inverse_dp_kfm_a,public,0.4,42,1,True
layer,blocks.9.norm1.weight,identity,0.7232845781269153,3.474266721627629e-05,99.59220886230469,0.13488411972633224,0.013515998647695824,inverse,0.001,0.001,vit,inverse_dp_kfm_a,public,0.4,42,1,True
layer,blocks.9.norm1.bias,identity,0.7192420332762735,3.474266721627629e-05,99.59220886230469,0.16128373839316323,0.016161359798619462,inverse,0.001,0.001,vit,inverse_dp_kfm_a,public,0.4,42,1,True
layer,blocks.9.norm2.weight,identity,0.7178842162365565,3.474266721627629e-05,99.59220886230469,0.1484557745425315,0.014875939821756308,inverse,0.001,0.001,vit,inverse_dp_kfm_a,public,0.4,42,1,True
layer,blocks.9.norm2.bias,identity,0.7202040711169818,3.474266721627629e-05,99.59220886230469,0.08149293883754498,0.008165960925272563,inverse,0.001,0.001,vit,inverse_dp_kfm_a,public,0.4,42,1,True
layer,blocks.10.norm1.weight,identity,0.7213290639844787,3.474266721627629e-05,99.59220886230469,0.11011066441862762,0.011033586417723576,inverse,0.001,0.001,vit,inverse_dp_kfm_a,public,0.4,42,1,True
layer,blocks.10.norm1.bias,identity,0.7198469624059669,3.474266721627629e-05,99.59220886230469,0.15187275361915215,0.015218336574409711,inverse,0.001,0.001,vit,inverse_dp_kfm_a,public,0.4,42,1,True
layer,blocks.10.norm2.weight,identity,0.7199312728641792,3.474266721627629e-05,99.59220886230469,0.17990155895411644,0.018026949595516553,inverse,0.001,0.001,vit,inverse_dp_kfm_a,public,0.4,42,1,True
layer,blocks.10.norm2.bias,identity,0.7191252260302871,3.474266721627629e-05,99.59220886230469,0.06749081606503411,0.006762884915716332,inverse,0.001,0.001,vit,inverse_dp_kfm_a,public,0.4,42,1,True
layer,blocks.11.norm1.weight,identity,0.720534980469304,3.474266721627629e-05,99.59220886230469,0.07548094138761631,0.007563531598765849,inverse,0.001,0.001,vit,inverse_dp_kfm_a,public,0.4,42,1,True
layer,blocks.11.norm1.bias,identity,0.7171724590845555,3.474266721627629e-05,99.59220886230469,0.1497402724933225,0.015004652324021822,inverse,0.001,0.001,vit,inverse_dp_kfm_a,public,0.4,42,1,True
layer,blocks.11.norm2.weight,identity,0.7189673708469886,3.474266721627629e-05,99.59220886230469,0.05262241793971218,0.005273004199120584,inverse,0.001,0.001,vit,inverse_dp_kfm_a,public,0.4,42,1,True
layer,blocks.11.norm2.bias,identity,0.7201426606340551,3.474266721627629e-05,99.59220886230469,0.05608744810087503,0.005620215887698331,inverse,0.001,0.001,vit,inverse_dp_kfm_a,public,0.4,42,1,True
layer,norm.weight,identity,0.7178287927595061,3.474266721627629e-05,99.59220886230469,0.048097890299838006,0.004819626072873578,inverse,0.001,0.001,vit,inverse_dp_kfm_a,public,0.4,42,1,True
layer,norm.bias,identity,0.7239602659211286,3.474266721627629e-05,99.59220886230469,0.03611224343718548,0.0036186100665709106,inverse,0.001,0.001,vit,inverse_dp_kfm_a,public,0.4,42,1,True
group,attention_out,attention_out,0.7203239793270806,0.08046401727289565,230655.55572509766,3.2956517604461126,0.0068621365402808405,inverse,0.001,0.001,vit,inverse_dp_kfm_a,public,0.4,42,1,True
group,attention_qkv,attention_qkv,0.7202747158740023,0.2413920518186876,691966.667175293,3.4444852505663937,0.004140776044738887,inverse,0.001,0.001,vit,inverse_dp_kfm_a,public,0.4,42,1,True
group,identity,identity,0.7203475488319954,0.008616181469636556,24698.867797851562,0.9764237773642155,0.00621297811476456,inverse,0.001,0.001,vit,inverse_dp_kfm_a,public,0.4,42,1,True
group,mlp_fc1,mlp_fc1,0.7201693034537399,0.3218560690915826,922622.2229003906,4.209630959336531,0.004382602369257974,inverse,0.001,0.001,vit,inverse_dp_kfm_a,public,0.4,42,1,True
group,mlp_fc2,mlp_fc2,0.7201888962336431,0.3206053330717978,919036.9033813477,4.256194366396129,0.004439713824828954,inverse,0.001,0.001,vit,inverse_dp_kfm_a,public,0.4,42,1,True
group,patch_head,patch_head,0.7202224131669441,0.027066347275396748,77587.51779794693,4.531607443829783,0.016268831178494193,inverse,0.001,0.001,vit,inverse_dp_kfm_a,public,0.4,42,1,True
layer,patch_embed,patch_head,0.7200552613970899,0.026717111089316622,76586.4086151123,1.2382491486185818,0.0044743730015221386,inverse,0.001,0.001,vit,inverse_dp_kfm_a,public,0.4,42,2,True
layer,blocks.0.attn.q_proj,attention_qkv,0.720161505780558,0.006705334772741336,19221.296310424805,0.1626145884672177,0.0011729193945703305,inverse,0.001,0.001,vit,inverse_dp_kfm_a,public,0.4,42,2,True
layer,blocks.0.attn.k_proj,attention_qkv,0.7201277774501376,0.006705334772741336,19221.296310424805,0.24918283182355574,0.0017973256827367979,inverse,0.001,0.001,vit,inverse_dp_kfm_a,public,0.4,42,2,True
layer,blocks.0.attn.v_proj,attention_qkv,0.7200005611446327,0.006705334772741336,19221.296310424805,0.5643492128457744,0.004070582739818277,inverse,0.001,0.001,vit,inverse_dp_kfm_a,public,0.4,42,2,True
layer,blocks.0.attn.out_proj,attention_out,0.7205378435639925,0.006705334772741336,19221.296310424805,0.6115758808448807,0.004411222994540886,inverse,0.001,0.001,vit,inverse_dp_kfm_a,public,0.4,42,2,True
layer,blocks.0.mlp.fc1,mlp_fc1,0.7203078426903693,0.026821339090965342,76885.18524169922,0.7955096467029671,0.0028689575209108714,inverse,0.001,0.001,vit,inverse_dp_kfm_a,public,0.4,42,2,True
layer,blocks.0.mlp.fc2,mlp_fc2,0.7201981744188256,0.026717111089316622,76586.4086151123,1.3317568148910426,0.004812259910527169,inverse,0.001,0.001,vit,inverse_dp_kfm_a,public,0.4,42,2,True
layer,blocks.1.attn.q_proj,attention_qkv,0.7201575912201154,0.006705334772741336,19221.296310424805,0.10697570479991317,0.0007716028438183049,inverse,0.001,0.001,vit,inverse_dp_kfm_a,public,0.4,42,2,True
layer,blocks.1.attn.k_proj,attention_qkv,0.7207909814515229,0.006705334772741336,19221.296310424805,0.15888189620937823,0.0011459959359529312,inverse,0.001,0.001,vit,inverse_dp_kfm_a,public,0.4,42,2,True
layer,blocks.1.attn.v_proj,attention_qkv,0.7200244241489152,0.006705334772741336,19221.296310424805,0.6262291120598172,0.004516914982247065,inverse,0.001,0.001,vit,inverse_dp_kfm_a,public,0.4,42,2,True
layer,blocks.1.attn.out_proj,attention_out,0.720072975506068,0.006705334772741336,19221.296310424805,0.8390350745458286,0.006051858698138631,inverse,0.001,0.001,vit,inverse_dp_kfm_a,public,0.4,42,2,True
layer,blocks.1.mlp.fc1,mlp_fc1,0.7201090027225364,0.026821339090965342,76885.18524169922,1.0952006517998225,0.003949775040328083,inverse,0.001,0.001,vit,inverse_dp_kfm_a,public,0.4,42,2,True
layer,blocks.1.mlp.fc2,mlp_fc2,0.7201410162983605,0.026717111089316622,76586.4086151123,0.9537015496809068,0.0034461695129471104,inverse,0.001,0.001,vit,inverse_dp_kfm_a,public,0.4,42,2,True
layer,blocks.2.attn.q_proj,attention_qkv,0.7202113433776701,0.006705334772741336,19221.296310424805,0.16251613894738132,0.0011722092900693084,inverse,0.001,0.001,vit,inverse_dp_kfm_a,public,0.4,42,2,True
layer,blocks.2.attn.k_proj,attention_qkv,0.7207585001785056,0.006705334772741336,19221.296310424805,0.20927618577364612,0.0015094838626061977,inverse,0.001,0.001,vit,inverse_dp_kfm_a,public,0.4,42,2,True
layer,blocks.2.attn.v_proj,attention_qkv,0.7207298419278093,0.006705334772741336,19221.296310424805,0.876661037818496,0.006323250228737985,inverse,0.001,0.001,vit,inverse_dp_kfm_a,public,0.4,42,2,True
layer,blocks.2.attn.out_proj,attention_out,0.7203772604377559,0.006705334772741336,19221.296310424805,0.9637981846288917,0.006951759948836311,inverse,0.001,0.001,vit,inverse_dp_kfm_a,public,0.4,42,2,True
layer,blocks.2.mlp.fc1,mlp_fc1,0.7203990065711293,0.026821339090965342,76885.18524169922,1.1715475830464759,0.004225115639284181,inverse,0.001,0.001,vit,inverse_dp_kfm_a,public,0.4,42,2,True
layer,blocks.2.mlp.fc2,mlp_fc2,0.720312927457643,0.026717111089316622,76586.4086151123,1.0882366831968144,0.003932307839657301,inverse,0.001,0.001,vit,inverse_dp_kfm_a,public,0.4,42,2,True
layer,blocks.3.attn.q_proj,attention_qkv,0.720699945980144,0.006705334772741336,19221.296310424805,0.1925705154981225,0.001388987879741726,inverse,0.001,0.001,vit,inverse_dp_kfm_a,public,0.4,42,2,True
layer,blocks.3.attn.k_proj,attention_qkv,0.7203193970201649,0.006705334772741336,19221.296310424805,0.2553430763370938,0.0018417587827023714,inverse,0.001,0.001,vit,inverse_dp_kfm_a,public,0.4,42,2,True
layer,blocks.3.attn.v_proj,attention_qkv,0.7199323568315065,0.006705334772741336,19221.296310424805,0.8192511902911055,0.005909159929467098,inverse,0.001,0.001,vit,inverse_dp_kfm_a,public,0.4,42,2,True
layer,blocks.3.attn.out_proj,attention_out,0.7199940404306863,0.006705334772741336,19221.296310424805,0.8577440209093159,0.006186804069575179,inverse,0.001,0.001,vit,inverse_dp_kfm_a,public,0.4,42,2,True
layer,blocks.3.mlp.fc1,mlp_fc1,0.7202068713650331,0.026821339090965342,76885.18524169922,1.1332813270653814,0.004087110696982011,inverse,0.001,0.001,vit,inverse_dp_kfm_a,public,0.4,42,2,True
layer,blocks.3.mlp.fc2,mlp_fc2,0.720199955492708,0.026717111089316622,76586.4086151123,1.0863908607050208,0.003925638020152805,inverse,0.001,0.001,vit,inverse_dp_kfm_a,public,0.4,42,2,True
layer,blocks.4.attn.q_proj,attention_qkv,0.7205148249938655,0.006705334772741336,19221.296310424805,0.2445750568436524,0.001764090358091656,inverse,0.001,0.001,vit,inverse_dp_kfm_a,public,0.4,42,2,True
layer,blocks.4.attn.k_proj,attention_qkv,0.7202040157729791,0.006705334772741336,19221.296310424805,0.36767400949507334,0.0026519882421443715,inverse,0.001,0.001,vit,inverse_dp_kfm_a,public,0.4,42,2,True
layer,blocks.4.attn.v_proj,attention_qkv,0.7201475827443399,0.006705334772741336,19221.296310424805,0.7106891960872139,0.005126115371686564,inverse,0.001,0.001,vit,inverse_dp_kfm_a,public,0.4,42,2,True
layer,blocks.4.attn.out_proj,attention_out,0.720235082175191,0.006705334772741336,19221.296310424805,0.7477400747129369,0.00539335888615601,inverse,0.001,0.001,vit,inverse_dp_kfm_a,public,0.4,42,2,True
layer,blocks.4.mlp.fc1,mlp_fc1,0.7201334835011037,0.026821339090965342,76885.18524169922,1.0413610596550809,0.0037556058012162582,inverse,0.001,0.001,vit,inverse_dp_kfm_a,public,0.4,42,2,True
layer,blocks.4.mlp.fc2,mlp_fc2,0.720134236009116,0.026717111089316622,76586.4086151123,1.0239348844435443,0.0036999553824705405,inverse,0.001,0.001,vit,inverse_dp_kfm_a,public,0.4,42,2,True
layer,blocks.5.attn.q_proj,attention_qkv,0.7199271538292324,0.006705334772741336,19221.296310424805,0.17331916756455326,0.0012501302312629334,inverse,0.001,0.001,vit,inverse_dp_kfm_a,public,0.4,42,2,True
layer,blocks.5.attn.k_proj,attention_qkv,0.7201870428295744,0.006705334772741336,19221.296310424805,0.25250368930788675,0.0018212786268526396,inverse,0.001,0.001,vit,inverse_dp_kfm_a,public,0.4,42,2,True
layer,blocks.5.attn.v_proj,attention_qkv,0.7200714921242763,0.006705334772741336,19221.296310424805,0.7609810711038072,0.0054888645945717,inverse,0.001,0.001,vit,inverse_dp_kfm_a,public,0.4,42,2,True
layer,blocks.5.attn.out_proj,attention_out,0.720294644864143,0.006705334772741336,19221.296310424805,0.7554707652936861,0.0054491194240084365,inverse,0.001,0.001,vit,inverse_dp_kfm_a,public,0.4,42,2,True
layer,blocks.5.mlp.fc1,mlp_fc1,0.7201647927423362,0.026821339090965342,76885.18524169922,1.0921310418290058,0.003938704677261413,inverse,0.001,0.001,vit,inverse_dp_kfm_a,public,0.4,42,2,True
layer,blocks.5.mlp.fc2,mlp_fc2,0.7202144094673198,0.026717111089316622,76586.4086151123,0.9642274571037412,0.0034842045368692312,inverse,0.001,0.001,vit,inverse_dp_kfm_a,public,0.4,42,2,True
layer,blocks.6.attn.q_proj,attention_qkv,0.7201398231181475,0.006705334772741336,19221.296310424805,0.18289371270583163,0.0013191902694566048,inverse,0.001,0.001,vit,inverse_dp_kfm_a,public,0.4,42,2,True
layer,blocks.6.attn.k_proj,attention_qkv,0.7202335027486281,0.006705334772741336,19221.296310424805,0.26860480872105674,0.0019374140573328322,inverse,0.001,0.001,vit,inverse_dp_kfm_a,public,0.4,42,2,True
layer,blocks.6.attn.v_proj,attention_qkv,0.720370406074797,0.006705334772741336,19221.296310424805,0.799151397276718,0.0057641825490509675,inverse,0.001,0.001,vit,inverse_dp_kfm_a,public,0.4,42,2,True
layer,blocks.6.attn.out_proj,attention_out,0.7202331653159257,0.006705334772741336,19221.296310424805,0.8668068940033957,0.006252173479065259,inverse,0.001,0.001,vit,inverse_dp_kfm_a,public,0.4,42,2,True
layer,blocks.6.mlp.fc1,mlp_fc1,0.7203529445630229,0.026821339090965342,76885.18524169922,1.0945519923271516,0.0039474356890953945,inverse,0.001,0.001,vit,inverse_dp_kfm_a,public,0.4,42,2,True
layer,blocks.6.mlp.fc2,mlp_fc2,0.7202415807552193,0.026717111089316622,76586.4086151123,1.0166644485947858,0.0036736838991367694,inverse,0.001,0.001,vit,inverse_dp_kfm_a,public,0.4,42,2,True
layer,blocks.7.attn.q_proj,attention_qkv,0.7200883277697833,0.006705334772741336,19221.296310424805,0.19240822691041706,0.0013878173117512949,inverse,0.001,0.001,vit,inverse_dp_kfm_a,public,0.4,42,2,True
layer,blocks.7.attn.k_proj,attention_qkv,0.7201928311035113,0.006705334772741336,19221.296310424805,0.2489564423547118,0.0017956927628294463,inverse,0.001,0.001,vit,inverse_dp_kfm_a,public,0.4,42,2,True
layer,blocks.7.attn.v_proj,attention_qkv,0.7198441586739274,0.006705334772741336,19221.296310424805,0.8649065712307842,0.006238466680327532,inverse,0.001,0.001,vit,inverse_dp_kfm_a,public,0.4,42,2,True
layer,blocks.7.attn.out_proj,attention_out,0.7202861481472229,0.006705334772741336,19221.296310424805,0.902846606147877,0.006512123571781057,inverse,0.001,0.001,vit,inverse_dp_kfm_a,public,0.4,42,2,True
layer,blocks.7.mlp.fc1,mlp_fc1,0.7200845956436657,0.026821339090965342,76885.18524169922,1.1428888574586111,0.004121759675398902,inverse,0.001,0.001,vit,inverse_dp_kfm_a,public,0.4,42,2,True
layer,blocks.7.mlp.fc2,mlp_fc2,0.7202808554100688,0.026717111089316622,76586.4086151123,1.200491836406445,0.004337938182600198,inverse,0.001,0.001,vit,inverse_dp_kfm_a,public,0.4,42,2,True
layer,blocks.8.attn.q_proj,attention_qkv,0.7202084928121113,0.006705334772741336,19221.296310424805,0.18605834320389997,0.0013420163671814206,inverse,0.001,0.001,vit,inverse_dp_kfm_a,public,0.4,42,2,True
layer,blocks.8.attn.k_proj,attention_qkv,0.720242931454621,0.006705334772741336,19221.296310424805,0.2840786585884666,0.002049025068308107,inverse,0.001,0.001,vit,inverse_dp_kfm_a,public,0.4,42,2,True
layer,blocks.8.attn.v_proj,attention_qkv,0.7200844478561212,0.006705334772741336,19221.296310424805,0.9738850251784316,0.007024515111961653,inverse,0.001,0.001,vit,inverse_dp_kfm_a,public,0.4,42,2,True
layer,blocks.8.attn.out_proj,attention_out,0.7201501640458153,0.006705334772741336,19221.296310424805,0.9666298910361201,0.006972184705286971,inverse,0.001,0.001,vit,inverse_dp_kfm_a,public,0.4,42,2,True
layer,blocks.8.mlp.fc1,mlp_fc1,0.7201845204080515,0.026821339090965342,76885.18524169922,1.1628439031457982,0.004193726343108907,inverse,0.001,0.001,vit,inverse_dp_kfm_a,public,0.4,42,2,True
layer,blocks.8.mlp.fc2,mlp_fc2,0.7203067783778568,0.026717111089316622,76586.4086151123,1.0848453875154154,0.003920053503077334,inverse,0.001,0.001,vit,inverse_dp_kfm_a,public,0.4,42,2,True
layer,blocks.9.attn.q_proj,attention_qkv,0.7202627606257305,0.006705334772741336,19221.296310424805,0.19973364064270635,0.0014406546366238168,inverse,0.001,0.001,vit,inverse_dp_kfm_a,public,0.4,42,2,True
layer,blocks.9.attn.k_proj,attention_qkv,0.720598603516219,0.006705334772741336,19221.296310424805,0.3098466767009597,0.002234886672046545,inverse,0.001,0.001,vit,inverse_dp_kfm_a,public,0.4,42,2,True
layer,blocks.9.attn.v_proj,attention_qkv,0.720089408650087,0.006705334772741336,19221.296310424805,0.9225580597435794,0.006654299906853443,inverse,0.001,0.001,vit,inverse_dp_kfm_a,public,0.4,42,2,True
layer,blocks.9.attn.out_proj,attention_out,0.7204638154074748,0.006705334772741336,19221.296310424805,0.9283866625290322,0.00669634091507259,inverse,0.001,0.001,vit,inverse_dp_kfm_a,public,0.4,42,2,True
layer,blocks.9.mlp.fc1,mlp_fc1,0.720193519354885,0.026821339090965342,76885.18524169922,1.1148143650678335,0.004020510713272426,inverse,0.001,0.001,vit,inverse_dp_kfm_a,public,0.4,42,2,True
layer,blocks.9.mlp.fc2,mlp_fc2,0.7202620328829552,0.026717111089316622,76586.4086151123,0.9602149764413845,0.0034697055685761306,inverse,0.001,0.001,vit,inverse_dp_kfm_a,public,0.4,42,2,True
layer,blocks.10.attn.q_proj,attention_qkv,0.7204250611243104,0.006705334772741336,19221.296310424805,0.1777042996846671,0.0012817596598395182,inverse,0.001,0.001,vit,inverse_dp_kfm_a,public,0.4,42,2,True
layer,blocks.10.attn.k_proj,attention_qkv,0.7196192143079966,0.006705334772741336,19221.296310424805,0.29735396122817404,0.0021447782235549553,inverse,0.001,0.001,vit,inverse_dp_kfm_a,public,0.4,42,2,True
layer,blocks.10.attn.v_proj,attention_qkv,0.7201811307604602,0.006705334772741336,19221.296310424805,0.9501494299350429,0.0068533131290088615,inverse,0.001,0.001,vit,inverse_dp_kfm_a,public,0.4,42,2,True
layer,blocks.10.attn.out_proj,attention_out,0.7200738639738837,0.006705334772741336,19221.296310424805,0.9620182711816289,0.0069389216480256,inverse,0.001,0.001,vit,inverse_dp_kfm_a,public,0.4,42,2,True
layer,blocks.10.mlp.fc1,mlp_fc1,0.7201589554695054,0.026821339090965342,76885.18524169922,1.0122816576550357,0.0036507326932440454,inverse,0.001,0.001,vit,inverse_dp_kfm_a,public,0.4,42,2,True
layer,blocks.10.mlp.fc2,mlp_fc2,0.7202738184290219,0.026717111089316622,76586.4086151123,0.8157655004925227,0.002947742088132268,inverse,0.001,0.001,vit,inverse_dp_kfm_a,public,0.4,42,2,True
layer,blocks.11.attn.q_proj,attention_qkv,0.7196763756842535,0.006705334772741336,19221.296310424805,0.25680137216168636,0.0018522772944288273,inverse,0.001,0.001,vit,inverse_dp_kfm_a,public,0.4,42,2,True
layer,blocks.11.attn.k_proj,attention_qkv,0.7199633873550363,0.006705334772741336,19221.296310424805,0.3399100748612901,0.002451730333499774,inverse,0.001,0.001,vit,inverse_dp_kfm_a,public,0.4,42,2,True
layer,blocks.11.attn.v_proj,attention_qkv,0.7203899499378497,0.006705334772741336,19221.296310424805,0.8313801706857223,0.00599664480075266,inverse,0.001,0.001,vit,inverse_dp_kfm_a,public,0.4,42,2,True
layer,blocks.11.attn.out_proj,attention_out,0.7198186249887044,0.006705334772741336,19221.296310424805,0.718639140452542,0.005183457360617214,inverse,0.001,0.001,vit,inverse_dp_kfm_a,public,0.4,42,2,True
layer,blocks.11.mlp.fc1,mlp_fc1,0.7202100667236445,0.026821339090965342,76885.18524169922,0.9253163163622095,0.003337097439423173,inverse,0.001,0.001,vit,inverse_dp_kfm_a,public,0.4,42,2,True
layer,blocks.11.mlp.fc2,mlp_fc2,0.7201732588200824,0.026717111089316622,76586.4086151123,0.850099531202785,0.003071806990752885,inverse,0.001,0.001,vit,inverse_dp_kfm_a,public,0.4,42,2,True
layer,head,patch_head,0.7189960659098026,0.0003492361860802786,1001.1091828346251,3.473807556224753,0.10979056827574404,inverse,0.001,0.001,vit,inverse_dp_kfm_a,public,0.4,42,2,True
layer,cls_token,identity,0.7152104047730433,3.474266721627629e-05,99.59220886230469,0.05295691680862554,0.005306522498154316,inverse,0.001,0.001,vit,inverse_dp_kfm_a,public,0.4,42,2,True
layer,pos_embed,identity,0.7199688138306861,0.006844305441606457,19619.665145874023,0.18256182578939395,0.001303359359562773,inverse,0.001,0.001,vit,inverse_dp_kfm_a,public,0.4,42,2,True
layer,blocks.0.norm1.weight,identity,0.7169253236502254,3.474266721627629e-05,99.59220886230469,0.24213970542861632,0.02426349326938397,inverse,0.001,0.001,vit,inverse_dp_kfm_a,public,0.4,42,2,True
layer,blocks.0.norm1.bias,identity,0.7197689869258335,3.474266721627629e-05,99.59220886230469,0.14507922608179866,0.014537594399613657,inverse,0.001,0.001,vit,inverse_dp_kfm_a,public,0.4,42,2,True
layer,blocks.0.norm2.weight,identity,0.7266318369770224,3.474266721627629e-05,99.59220886230469,0.08534509570143836,0.008551964459778577,inverse,0.001,0.001,vit,inverse_dp_kfm_a,public,0.4,42,2,True
layer,blocks.0.norm2.bias,identity,0.7162264204315456,3.474266721627629e-05,99.59220886230469,0.06471309334477356,0.006484544540237822,inverse,0.001,0.001,vit,inverse_dp_kfm_a,public,0.4,42,2,True
layer,blocks.1.norm1.weight,identity,0.7157387600120085,3.474266721627629e-05,99.59220886230469,0.13737657004234988,0.013765753438468023,inverse,0.001,0.001,vit,inverse_dp_kfm_a,public,0.4,42,2,True
layer,blocks.1.norm1.bias,identity,0.7196196702061021,3.474266721627629e-05,99.59220886230469,0.1439798983570794,0.014427436791210045,inverse,0.001,0.001,vit,inverse_dp_kfm_a,public,0.4,42,2,True
layer,blocks.1.norm2.weight,identity,0.7213795952389972,3.474266721627629e-05,99.59220886230469,0.1468004538717008,0.014710069206343282,inverse,0.001,0.001,vit,inverse_dp_kfm_a,public,0.4,42,2,True
layer,blocks.1.norm2.bias,identity,0.715185956048747,3.474266721627629e-05,99.59220886230469,0.11524636062424067,0.011548206397531997,inverse,0.001,0.001,vit,inverse_dp_kfm_a,public,0.4,42,2,True
layer,blocks.2.norm1.weight,identity,0.7212839069188606,3.474266721627629e-05,99.59220886230469,0.13622016782058338,0.013649876707409548,inverse,0.001,0.001,vit,inverse_dp_kfm_a,public,0.4,42,2,True
layer,blocks.2.norm1.bias,identity,0.7232180945300334,3.474266721627629e-05,99.59220886230469,0.14644326546169906,0.014674277312706343,inverse,0.001,0.001,vit,inverse_dp_kfm_a,public,0.4,42,2,True
layer,blocks.2.norm2.weight,identity,0.7199446144968231,3.474266721627629e-05,99.59220886230469,0.09646564128360641,0.009666293406397183,inverse,0.001,0.001,vit,inverse_dp_kfm_a,public,0.4,42,2,True
layer,blocks.2.norm2.bias,identity,0.7188078892538922,3.474266721627629e-05,99.59220886230469,0.13343445374134152,0.013370735561629814,inverse,0.001,0.001,vit,inverse_dp_kfm_a,public,0.4,42,2,True
layer,blocks.3.norm1.weight,identity,0.717583679563228,3.474266721627629e-05,99.59220886230469,0.0995135854962692,0.009971711197165913,inverse,0.001,0.001,vit,inverse_dp_kfm_a,public,0.4,42,2,True
layer,blocks.3.norm1.bias,identity,0.7135626694587358,3.474266721627629e-05,99.59220886230469,0.13562784425353452,0.013590523207920702,inverse,0.001,0.001,vit,inverse_dp_kfm_a,public,0.4,42,2,True
layer,blocks.3.norm2.weight,identity,0.7170663444881128,3.474266721627629e-05,99.59220886230469,0.09514975300296595,0.00953443545115575,inverse,0.001,0.001,vit,inverse_dp_kfm_a,public,0.4,42,2,True
layer,blocks.3.norm2.bias,identity,0.7156169136988616,3.474266721627629e-05,99.59220886230469,0.11569473272310014,0.01159313530906096,inverse,0.001,0.001,vit,inverse_dp_kfm_a,public,0.4,42,2,True
layer,blocks.4.norm1.weight,identity,0.7199075476279626,3.474266721627629e-05,99.59220886230469,0.07659099546051401,0.0076747640357539455,inverse,0.001,0.001,vit,inverse_dp_kfm_a,public,0.4,42,2,True
layer,blocks.4.norm1.bias,identity,0.7193581622105943,3.474266721627629e-05,99.59220886230469,0.14287730627082904,0.014316952079021868,inverse,0.001,0.001,vit,inverse_dp_kfm_a,public,0.4,42,2,True
layer,blocks.4.norm2.weight,identity,0.7192126097931189,3.474266721627629e-05,99.59220886230469,0.07600625683227771,0.0076161705814278705,inverse,0.001,0.001,vit,inverse_dp_kfm_a,public,0.4,42,2,True
layer,blocks.4.norm2.bias,identity,0.7169164833604049,3.474266721627629e-05,99.59220886230469,0.10170942770846629,0.0101917445148821,inverse,0.001,0.001,vit,inverse_dp_kfm_a,public,0.4,42,2,True
layer,blocks.5.norm1.weight,identity,0.7191136536134366,3.474266721627629e-05,99.59220886230469,0.07414772269822316,0.007429937058211471,inverse,0.001,0.001,vit,inverse_dp_kfm_a,public,0.4,42,2,True
layer,blocks.5.norm1.bias,identity,0.7195532465872327,3.474266721627629e-05,99.59220886230469,0.11423174660442081,0.011446537485375082,inverse,0.001,0.001,vit,inverse_dp_kfm_a,public,0.4,42,2,True
layer,blocks.5.norm2.weight,identity,0.7195198695094748,3.474266721627629e-05,99.59220886230469,0.07101622110771993,0.007116146440395426,inverse,0.001,0.001,vit,inverse_dp_kfm_a,public,0.4,42,2,True
layer,blocks.5.norm2.bias,identity,0.720620680956005,3.474266721627629e-05,99.59220886230469,0.09440892606059915,0.00946020124203223,inverse,0.001,0.001,vit,inverse_dp_kfm_a,public,0.4,42,2,True
layer,blocks.6.norm1.weight,identity,0.7169758538019747,3.474266721627629e-05,99.59220886230469,0.06800778791333968,0.006814687832299637,inverse,0.001,0.001,vit,inverse_dp_kfm_a,public,0.4,42,2,True
layer,blocks.6.norm1.bias,identity,0.7141502684928493,3.474266721627629e-05,99.59220886230469,0.11625606103134897,0.011649382943479305,inverse,0.001,0.001,vit,inverse_dp_kfm_a,public,0.4,42,2,True
layer,blocks.6.norm2.weight,identity,0.721506524723181,3.474266721627629e-05,99.59220886230469,0.06157183549727303,0.0061697763013597185,inverse,0.001,0.001,vit,inverse_dp_kfm_a,public,0.4,42,2,True
layer,blocks.6.norm2.bias,identity,0.7186826863680121,3.474266721627629e-05,99.59220886230469,0.084285450164834,0.008445783186039005,inverse,0.001,0.001,vit,inverse_dp_kfm_a,public,0.4,42,2,True
layer,blocks.7.norm1.weight,identity,0.7210168400435194,3.474266721627629e-05,99.59220886230469,0.07559573558887406,0.007575034496750516,inverse,0.001,0.001,vit,inverse_dp_kfm_a,public,0.4,42,2,True
layer,blocks.7.norm1.bias,identity,0.7209307252678557,3.474266721627629e-05,99.59220886230469,0.10236127136491943,0.010257062196437234,inverse,0.001,0.001,vit,inverse_dp_kfm_a,public,0.4,42,2,True
layer,blocks.7.norm2.weight,identity,0.7240715920773113,3.474266721627629e-05,99.59220886230469,0.05144095250540472,0.005154616020847286,inverse,0.001,0.001,vit,inverse_dp_kfm_a,public,0.4,42,2,True
layer,blocks.7.norm2.bias,identity,0.7223389042964989,3.474266721627629e-05,99.59220886230469,0.07286550430427734,0.007301452977848388,inverse,0.001,0.001,vit,inverse_dp_kfm_a,public,0.4,42,2,True
layer,blocks.8.norm1.weight,identity,0.7159235814948345,3.474266721627629e-05,99.59220886230469,0.0917905335109963,0.00919782647003259,inverse,0.001,0.001,vit,inverse_dp_kfm_a,public,0.4,42,2,True
layer,blocks.8.norm1.bias,identity,0.7186624148092075,3.474266721627629e-05,99.59220886230469,0.1091169131179254,0.010934008044348794,inverse,0.001,0.001,vit,inverse_dp_kfm_a,public,0.4,42,2,True
layer,blocks.8.norm2.weight,identity,0.7173235839005981,3.474266721627629e-05,99.59220886230469,0.04776754419773394,0.004786523899850024,inverse,0.001,0.001,vit,inverse_dp_kfm_a,public,0.4,42,2,True
layer,blocks.8.norm2.bias,identity,0.7205906442342012,3.474266721627629e-05,99.59220886230469,0.0706388059648761,0.007078327736676665,inverse,0.001,0.001,vit,inverse_dp_kfm_a,public,0.4,42,2,True
layer,blocks.9.norm1.weight,identity,0.7196421115932766,3.474266721627629e-05,99.59220886230469,0.0860906044303291,0.008626667805079537,inverse,0.001,0.001,vit,inverse_dp_kfm_a,public,0.4,42,2,True
layer,blocks.9.norm1.bias,identity,0.7178677275958909,3.474266721627629e-05,99.59220886230469,0.11599542495604416,0.01162326603032076,inverse,0.001,0.001,vit,inverse_dp_kfm_a,public,0.4,42,2,True
layer,blocks.9.norm2.weight,identity,0.7247642421242889,3.474266721627629e-05,99.59220886230469,0.25066342893685944,0.02511760890319236,inverse,0.001,0.001,vit,inverse_dp_kfm_a,public,0.4,42,2,True
layer,blocks.9.norm2.bias,identity,0.7188324011138731,3.474266721627629e-05,99.59220886230469,0.07230371057968754,0.007245158706608401,inverse,0.001,0.001,vit,inverse_dp_kfm_a,public,0.4,42,2,True
layer,blocks.10.norm1.weight,identity,0.722374955377241,3.474266721627629e-05,99.59220886230469,0.08574545634556856,0.008592082406469657,inverse,0.001,0.001,vit,inverse_dp_kfm_a,public,0.4,42,2,True
layer,blocks.10.norm1.bias,identity,0.7211095277604967,3.474266721627629e-05,99.59220886230469,0.10008676273535137,0.010029146148026295,inverse,0.001,0.001,vit,inverse_dp_kfm_a,public,0.4,42,2,True
layer,blocks.10.norm2.weight,identity,0.7185766567413228,3.474266721627629e-05,99.59220886230469,0.0772401180119248,0.007739809050280919,inverse,0.001,0.001,vit,inverse_dp_kfm_a,public,0.4,42,2,True
layer,blocks.10.norm2.bias,identity,0.7237273146539503,3.474266721627629e-05,99.59220886230469,0.05540774964512846,0.0055521070293141775,inverse,0.001,0.001,vit,inverse_dp_kfm_a,public,0.4,42,2,True
layer,blocks.11.norm1.weight,identity,0.7204283767559857,3.474266721627629e-05,99.59220886230469,0.06370981354885928,0.0063840113685616475,inverse,0.001,0.001,vit,inverse_dp_kfm_a,public,0.4,42,2,True
layer,blocks.11.norm1.bias,identity,0.716302599278222,3.474266721627629e-05,99.59220886230469,0.09061483970570547,0.009080016635081992,inverse,0.001,0.001,vit,inverse_dp_kfm_a,public,0.4,42,2,True
layer,blocks.11.norm2.weight,identity,0.7197767103831738,3.474266721627629e-05,99.59220886230469,0.06586494296265497,0.0065999650798033395,inverse,0.001,0.001,vit,inverse_dp_kfm_a,public,0.4,42,2,True
layer,blocks.11.norm2.bias,identity,0.7177793851107442,3.474266721627629e-05,99.59220886230469,0.05516846872810424,0.005528129999568345,inverse,0.001,0.001,vit,inverse_dp_kfm_a,public,0.4,42,2,True
layer,norm.weight,identity,0.7256929912148831,3.474266721627629e-05,99.59220886230469,0.036849491292575885,0.003692485634997278,inverse,0.001,0.001,vit,inverse_dp_kfm_a,public,0.4,42,2,True
layer,norm.bias,identity,0.7215944608358688,3.474266721627629e-05,99.59220886230469,0.017841359720046444,0.001787784910028411,inverse,0.001,0.001,vit,inverse_dp_kfm_a,public,0.4,42,2,True
group,attention_out,attention_out,0.7202164617168062,0.08046401727289565,230655.55572509766,2.947781958893227,0.006137809381341821,inverse,0.001,0.001,vit,inverse_dp_kfm_a,public,0.4,42,2,True
group,attention_qkv,attention_qkv,0.7202182865001847,0.2413920518186876,691966.667175293,3.0625000770979938,0.0036815738880499357,inverse,0.001,0.001,vit,inverse_dp_kfm_a,public,0.4,42,2,True
group,identity,identity,0.7200398570804417,0.008616181469636556,24698.867797851562,0.7988173314445375,0.00508286945997657,inverse,0.001,0.001,vit,inverse_dp_kfm_a,public,0.4,42,2,True
group,mlp_fc1,mlp_fc1,0.7202109258849564,0.3218560690915826,922622.2229003906,3.709967700360088,0.003862408223078837,inverse,0.001,0.001,vit,inverse_dp_kfm_a,public,0.4,42,2,True
group,mlp_fc2,mlp_fc2,0.7202295615884318,0.3206053330717978,919036.9033813477,3.6067429653830727,0.0037622592455932627,inverse,0.001,0.001,vit,inverse_dp_kfm_a,public,0.4,42,2,True
group,patch_head,patch_head,0.7200465957018847,0.027066347275396748,77587.51779794693,3.6898754025948444,0.013246946197034412,inverse,0.001,0.001,vit,inverse_dp_kfm_a,public,0.4,42,2,True
layer,patch_embed,patch_head,0.7202399637095485,0.026717111089316622,76586.4086151123,1.185392502282021,0.004283377230127379,inverse,0.001,0.001,vit,inverse_dp_kfm_a,public,0.4,42,3,True
layer,blocks.0.attn.q_proj,attention_qkv,0.7206744601501572,0.006705334772741336,19221.296310424805,0.15320269485826313,0.0011050325422428048,inverse,0.001,0.001,vit,inverse_dp_kfm_a,public,0.4,42,3,True
layer,blocks.0.attn.k_proj,attention_qkv,0.7201666038701189,0.006705334772741336,19221.296310424805,0.23377915914961542,0.0016862208513857046,inverse,0.001,0.001,vit,inverse_dp_kfm_a,public,0.4,42,3,True
layer,blocks.0.attn.v_proj,attention_qkv,0.7200412497621398,0.006705334772741336,19221.296310424805,0.5276513472862704,0.0038058854659770965,inverse,0.001,0.001,vit,inverse_dp_kfm_a,public,0.4,42,3,True
layer,blocks.0.attn.out_proj,attention_out,0.7205194239694647,0.006705334772741336,19221.296310424805,0.5866339168901918,0.0042313196197152824,inverse,0.001,0.001,vit,inverse_dp_kfm_a,public,0.4,42,3,True
layer,blocks.0.mlp.fc1,mlp_fc1,0.7202023695120553,0.026821339090965342,76885.18524169922,0.7297728946054011,0.002631881892586049,inverse,0.001,0.001,vit,inverse_dp_kfm_a,public,0.4,42,3,True
layer,blocks.0.mlp.fc2,mlp_fc2,0.720233307097793,0.026717111089316622,76586.4086151123,1.2189191413128484,0.004404524649189743,inverse,0.001,0.001,vit,inverse_dp_kfm_a,public,0.4,42,3,True
layer,blocks.1.attn.q_proj,attention_qkv,0.7199100726234199,0.006705334772741336,19221.296310424805,0.09586275055325054,0.000691446446475695,inverse,0.001,0.001,vit,inverse_dp_kfm_a,public,0.4,42,3,True
layer,blocks.1.attn.k_proj,attention_qkv,0.7199766633913965,0.006705334772741336,19221.296310424805,0.1414986522502722,0.0010206126959105201,inverse,0.001,0.001,vit,inverse_dp_kfm_a,public,0.4,42,3,True
layer,blocks.1.attn.v_proj,attention_qkv,0.7204290935757988,0.006705334772741336,19221.296310424805,0.5556057457225323,0.004007517167034772,inverse,0.001,0.001,vit,inverse_dp_kfm_a,public,0.4,42,3,True
layer,blocks.1.attn.out_proj,attention_out,0.7204283155448161,0.006705334772741336,19221.296310424805,0.7342306006678025,0.005295916680832734,inverse,0.001,0.001,vit,inverse_dp_kfm_a,public,0.4,42,3,True
layer,blocks.1.mlp.fc1,mlp_fc1,0.7202798494931856,0.026821339090965342,76885.18524169922,0.9661015407892759,0.0034841868893714305,inverse,0.001,0.001,vit,inverse_dp_kfm_a,public,0.4,42,3,True
layer,blocks.1.mlp.fc2,mlp_fc2,0.7200758372874387,0.026717111089316622,76586.4086151123,0.8224351487133954,0.0029718426449244256,inverse,0.001,0.001,vit,inverse_dp_kfm_a,public,0.4,42,3,True
layer,blocks.2.attn.q_proj,attention_qkv,0.7204178598635307,0.006705334772741336,19221.296310424805,0.1481341615590778,0.0010684738234668528,inverse,0.001,0.001,vit,inverse_dp_kfm_a,public,0.4,42,3,True
layer,blocks.2.attn.k_proj,attention_qkv,0.7201293616138269,0.006705334772741336,19221.296310424805,0.192972479269911,0.0013918871958995783,inverse,0.001,0.001,vit,inverse_dp_kfm_a,public,0.4,42,3,True
layer,blocks.2.attn.v_proj,attention_qkv,0.7202501872967679,0.006705334772741336,19221.296310424805,0.7654235736917158,0.005520907829406295,inverse,0.001,0.001,vit,inverse_dp_kfm_a,public,0.4,42,3,True
layer,blocks.2.attn.out_proj,attention_out,0.7202367460622573,0.006705334772741336,19221.296310424805,0.8482561709063244,0.006118369352947482,inverse,0.001,0.001,vit,inverse_dp_kfm_a,public,0.4,42,3,True
layer,blocks.2.mlp.fc1,mlp_fc1,0.7199275385886136,0.026821339090965342,76885.18524169922,1.0134794036903687,0.0036550522920200603,inverse,0.001,0.001,vit,inverse_dp_kfm_a,public,0.4,42,3,True
layer,blocks.2.mlp.fc2,mlp_fc2,0.7201018989544876,0.026717111089316622,76586.4086151123,0.9435948779453943,0.003409649383537716,inverse,0.001,0.001,vit,inverse_dp_kfm_a,public,0.4,42,3,True
layer,blocks.3.attn.q_proj,attention_qkv,0.7198716204294098,0.006705334772741336,19221.296310424805,0.16470134720570326,0.001187970933421976,inverse,0.001,0.001,vit,inverse_dp_kfm_a,public,0.4,42,3,True
layer,blocks.3.attn.k_proj,attention_qkv,0.720755895686563,0.006705334772741336,19221.296310424805,0.22518052236568123,0.001624199922354632,inverse,0.001,0.001,vit,inverse_dp_kfm_a,public,0.4,42,3,True
layer,blocks.3.attn.v_proj,attention_qkv,0.720104709265235,0.006705334772741336,19221.296310424805,0.7043641994245949,0.0050804939343597755,inverse,0.001,0.001,vit,inverse_dp_kfm_a,public,0.4,42,3,True
layer,blocks.3.attn.out_proj,attention_out,0.7198868235617044,0.006705334772741336,19221.296310424805,0.7482850445014065,0.00539728968744743,inverse,0.001,0.001,vit,inverse_dp_kfm_a,public,0.4,42,3,True
layer,blocks.3.mlp.fc1,mlp_fc1,0.7204285593950288,0.026821339090965342,76885.18524169922,0.983520349287237,0.003547006770755205,inverse,0.001,0.001,vit,inverse_dp_kfm_a,public,0.4,42,3,True
layer,blocks.3.mlp.fc2,mlp_fc2,0.7201184335442743,0.026717111089316622,76586.4086151123,0.9447423828817377,0.0034137958552813226,inverse,0.001,0.001,vit,inverse_dp_kfm_a,public,0.4,42,3,True
layer,blocks.4.attn.q_proj,attention_qkv,0.7203846426731874,0.006705334772741336,19221.296310424805,0.21658287580852006,0.0015621861357097268,inverse,0.001,0.001,vit,inverse_dp_kfm_a,public,0.4,42,3,True
layer,blocks.4.attn.k_proj,attention_qkv,0.720168707245222,0.006705334772741336,19221.296310424805,0.3179140063794043,0.0022930753470690687,inverse,0.001,0.001,vit,inverse_dp_kfm_a,public,0.4,42,3,True
layer,blocks.4.attn.v_proj,attention_qkv,0.7199415543159202,0.006705334772741336,19221.296310424805,0.6334756722583755,0.004569183546100572,inverse,0.001,0.001,vit,inverse_dp_kfm_a,public,0.4,42,3,True
layer,blocks.4.attn.out_proj,attention_out,0.72004458060079,0.006705334772741336,19221.296310424805,0.674039393374009,0.00486176476935324,inverse,0.001,0.001,vit,inverse_dp_kfm_a,public,0.4,42,3,True
layer,blocks.4.mlp.fc1,mlp_fc1,0.7201608448403651,0.026821339090965342,76885.18524169922,0.9059370335209356,0.003267207225661766,inverse,0.001,0.001,vit,inverse_dp_kfm_a,public,0.4,42,3,True
layer,blocks.4.mlp.fc2,mlp_fc2,0.7201159338940358,0.026717111089316622,76586.4086151123,0.8932290801434005,0.0032276542122615806,inverse,0.001,0.001,vit,inverse_dp_kfm_a,public,0.4,42,3,True
layer,blocks.5.attn.q_proj,attention_qkv,0.7204676668970014,0.006705334772741336,19221.296310424805,0.15661236970258438,0.0011296261152535633,inverse,0.001,0.001,vit,inverse_dp_kfm_a,public,0.4,42,3,True
layer,blocks.5.attn.k_proj,attention_qkv,0.7203914019740844,0.006705334772741336,19221.296310424805,0.22999933725011576,0.0016589574523528526,inverse,0.001,0.001,vit,inverse_dp_kfm_a,public,0.4,42,3,True
layer,blocks.5.attn.v_proj,attention_qkv,0.720612680172652,0.006705334772741336,19221.296310424805,0.6542183270814427,0.004718797811131646,inverse,0.001,0.001,vit,inverse_dp_kfm_a,public,0.4,42,3,True
layer,blocks.5.attn.out_proj,attention_out,0.7202777167826152,0.006705334772741336,19221.296310424805,0.6629081743837186,0.0047814766306199016,inverse,0.001,0.001,vit,inverse_dp_kfm_a,public,0.4,42,3,True
layer,blocks.5.mlp.fc1,mlp_fc1,0.7201922627181662,0.026821339090965342,76885.18524169922,0.9094094160465972,0.00327973016363463,inverse,0.001,0.001,vit,inverse_dp_kfm_a,public,0.4,42,3,True
layer,blocks.5.mlp.fc2,mlp_fc2,0.7200259883215064,0.026717111089316622,76586.4086151123,0.8155767017245602,0.0029470598699284146,inverse,0.001,0.001,vit,inverse_dp_kfm_a,public,0.4,42,3,True
layer,blocks.6.attn.q_proj,attention_qkv,0.7200604860467275,0.006705334772741336,19221.296310424805,0.15331770784711585,0.0011058621170461746,inverse,0.001,0.001,vit,inverse_dp_kfm_a,public,0.4,42,3,True
layer,blocks.6.attn.k_proj,attention_qkv,0.7206408194778743,0.006705334772741336,19221.296310424805,0.23073481770243628,0.0016642623840627652,inverse,0.001,0.001,vit,inverse_dp_kfm_a,public,0.4,42,3,True
layer,blocks.6.attn.v_proj,attention_qkv,0.7204004956811095,0.006705334772741336,19221.296310424805,0.6859090441155693,0.004947379127159514,inverse,0.001,0.001,vit,inverse_dp_kfm_a,public,0.4,42,3,True
layer,blocks.6.attn.out_proj,attention_out,0.7205443616215866,0.006705334772741336,19221.296310424805,0.7664407663368377,0.005528244717152498,inverse,0.001,0.001,vit,inverse_dp_kfm_a,public,0.4,42,3,True
layer,blocks.6.mlp.fc1,mlp_fc1,0.7202651256001298,0.026821339090965342,76885.18524169922,0.935849339062721,0.003375084149980115,inverse,0.001,0.001,vit,inverse_dp_kfm_a,public,0.4,42,3,True
layer,blocks.6.mlp.fc2,mlp_fc2,0.7202045451989157,0.026717111089316622,76586.4086151123,0.8615820327540558,0.003113298636427146,inverse,0.001,0.001,vit,inverse_dp_kfm_a,public,0.4,42,3,True
layer,blocks.7.attn.q_proj,attention_qkv,0.7200603047074641,0.006705334772741336,19221.296310424805,0.15165136383287475,0.001093842978844909,inverse,0.001,0.001,vit,inverse_dp_kfm_a,public,0.4,42,3,True
layer,blocks.7.attn.k_proj,attention_qkv,0.719994634237056,0.006705334772741336,19221.296310424805,0.20543580433712616,0.0014817836549440144,inverse,0.001,0.001,vit,inverse_dp_kfm_a,public,0.4,42,3,True
layer,blocks.7.attn.v_proj,attention_qkv,0.7203367105658494,0.006705334772741336,19221.296310424805,0.7286537529439179,0.005255691551478927,inverse,0.001,0.001,vit,inverse_dp_kfm_a,public,0.4,42,3,True
layer,blocks.7.attn.out_proj,attention_out,0.7206427951631407,0.006705334772741336,19221.296310424805,0.746327569881323,0.005383170659333682,inverse,0.001,0.001,vit,inverse_dp_kfm_a,public,0.4,42,3,True
layer,blocks.7.mlp.fc1,mlp_fc1,0.7201900815691543,0.026821339090965342,76885.18524169922,0.947487168737836,0.003417055280200694,inverse,0.001,0.001,vit,inverse_dp_kfm_a,public,0.4,42,3,True
layer,blocks.7.mlp.fc2,mlp_fc2,0.7202256491340063,0.026717111089316622,76586.4086151123,0.953585555553663,0.0034457503719431738,inverse,0.001,0.001,vit,inverse_dp_kfm_a,public,0.4,42,3,True
layer,blocks.8.attn.q_proj,attention_qkv,0.719940204305638,0.006705334772741336,19221.296310424805,0.16053368484174727,0.0011579100879419893,inverse,0.001,0.001,vit,inverse_dp_kfm_a,public,0.4,42,3,True
layer,blocks.8.attn.k_proj,attention_qkv,0.7200726475019239,0.006705334772741336,19221.296310424805,0.23667770813743735,0.0017071277353004513,inverse,0.001,0.001,vit,inverse_dp_kfm_a,public,0.4,42,3,True
layer,blocks.8.attn.v_proj,attention_qkv,0.7203968256260913,0.006705334772741336,19221.296310424805,0.7974374919920022,0.005751820357147721,inverse,0.001,0.001,vit,inverse_dp_kfm_a,public,0.4,42,3,True
layer,blocks.8.attn.out_proj,attention_out,0.7201563702489712,0.006705334772741336,19221.296310424805,0.8010752914946422,0.005778059365778024,inverse,0.001,0.001,vit,inverse_dp_kfm_a,public,0.4,42,3,True
layer,blocks.8.mlp.fc1,mlp_fc1,0.7202438914358801,0.026821339090965342,76885.18524169922,0.9534848888928755,0.0034386856958951275,inverse,0.001,0.001,vit,inverse_dp_kfm_a,public,0.4,42,3,True
layer,blocks.8.mlp.fc2,mlp_fc2,0.7202654962795063,0.026717111089316622,76586.4086151123,0.8796125803078282,0.003178451433234857,inverse,0.001,0.001,vit,inverse_dp_kfm_a,public,0.4,42,3,True
layer,blocks.9.attn.q_proj,attention_qkv,0.7203726881606501,0.006705334772741336,19221.296310424805,0.17064323623440425,0.0012308290616369183,inverse,0.001,0.001,vit,inverse_dp_kfm_a,public,0.4,42,3,True
layer,blocks.9.attn.k_proj,attention_qkv,0.7200326968888884,0.006705334772741336,19221.296310424805,0.2588611292387541,0.0018671340735565087,inverse,0.001,0.001,vit,inverse_dp_kfm_a,public,0.4,42,3,True
layer,blocks.9.attn.v_proj,attention_qkv,0.7197926833714066,0.006705334772741336,19221.296310424805,0.7387085371123998,0.0053282154957977924,inverse,0.001,0.001,vit,inverse_dp_kfm_a,public,0.4,42,3,True
layer,blocks.9.attn.out_proj,attention_out,0.7203678987356221,0.006705334772741336,19221.296310424805,0.745829458102596,0.0053795778392094805,inverse,0.001,0.001,vit,inverse_dp_kfm_a,public,0.4,42,3,True
layer,blocks.9.mlp.fc1,mlp_fc1,0.7201495914424286,0.026821339090965342,76885.18524169922,0.9167265278193982,0.0033061188855551342,inverse,0.001,0.001,vit,inverse_dp_kfm_a,public,0.4,42,3,True
layer,blocks.9.mlp.fc2,mlp_fc2,0.720228038653619,0.026717111089316622,76586.4086151123,0.7875166059390187,0.002845665626982216,inverse,0.001,0.001,vit,inverse_dp_kfm_a,public,0.4,42,3,True
layer,blocks.10.attn.q_proj,attention_qkv,0.7204028408254994,0.006705334772741336,19221.296310424805,0.14877017031977402,0.0010730612778740427,inverse,0.001,0.001,vit,inverse_dp_kfm_a,public,0.4,42,3,True
layer,blocks.10.attn.k_proj,attention_qkv,0.720167824144661,0.006705334772741336,19221.296310424805,0.24419867839734086,0.001761375585797615,inverse,0.001,0.001,vit,inverse_dp_kfm_a,public,0.4,42,3,True
layer,blocks.10.attn.v_proj,attention_qkv,0.7201444535043756,0.006705334772741336,19221.296310424805,0.7626942909456037,0.005501221842457931,inverse,0.001,0.001,vit,inverse_dp_kfm_a,public,0.4,42,3,True
layer,blocks.10.attn.out_proj,attention_out,0.720162210469504,0.006705334772741336,19221.296310424805,0.7774326008506299,0.005607527492484385,inverse,0.001,0.001,vit,inverse_dp_kfm_a,public,0.4,42,3,True
layer,blocks.10.mlp.fc1,mlp_fc1,0.7200955632379025,0.026821339090965342,76885.18524169922,0.8659627217363122,0.003123042283208778,inverse,0.001,0.001,vit,inverse_dp_kfm_a,public,0.4,42,3,True
layer,blocks.10.mlp.fc2,mlp_fc2,0.720265952888752,0.026717111089316622,76586.4086151123,0.6839564450069315,0.002471454355668394,inverse,0.001,0.001,vit,inverse_dp_kfm_a,public,0.4,42,3,True
layer,blocks.11.attn.q_proj,attention_qkv,0.7202761980584761,0.006705334772741336,19221.296310424805,0.22962480685830985,0.0016562560098528527,inverse,0.001,0.001,vit,inverse_dp_kfm_a,public,0.4,42,3,True
layer,blocks.11.attn.k_proj,attention_qkv,0.7198476436978668,0.006705334772741336,19221.296310424805,0.2964587743275047,0.0021383213485140543,inverse,0.001,0.001,vit,inverse_dp_kfm_a,public,0.4,42,3,True
layer,blocks.11.attn.v_proj,attention_qkv,0.7203056678313083,0.006705334772741336,19221.296310424805,0.7065970557539891,0.005096599257496658,inverse,0.001,0.001,vit,inverse_dp_kfm_a,public,0.4,42,3,True
layer,blocks.11.attn.out_proj,attention_out,0.7201624287050299,0.006705334772741336,19221.296310424805,0.62636549627968,0.004517898705159612,inverse,0.001,0.001,vit,inverse_dp_kfm_a,public,0.4,42,3,True
layer,blocks.11.mlp.fc1,mlp_fc1,0.7202467353108765,0.026821339090965342,76885.18524169922,0.7422481856977668,0.00267687327685566,inverse,0.001,0.001,vit,inverse_dp_kfm_a,public,0.4,42,3,True
layer,blocks.11.mlp.fc2,mlp_fc2,0.72028504794468,0.026717111089316622,76586.4086151123,0.6968945066606204,0.002518205620403669,inverse,0.001,0.001,vit,inverse_dp_kfm_a,public,0.4,42,3,True
layer,head,patch_head,0.7173985581533733,0.0003492361860802786,1001.1091828346252,2.6923335914398585,0.08509188554857657,inverse,0.001,0.001,vit,inverse_dp_kfm_a,public,0.4,42,3,True
layer,cls_token,identity,0.7170487583105086,3.474266721627629e-05,99.59220886230469,0.04646758410575195,0.00465626202112824,inverse,0.001,0.001,vit,inverse_dp_kfm_a,public,0.4,42,3,True
layer,pos_embed,identity,0.7202348663195954,0.006844305441606457,19619.665145874023,0.17415646977840374,0.0012433511986013504,inverse,0.001,0.001,vit,inverse_dp_kfm_a,public,0.4,42,3,True
layer,blocks.0.norm1.weight,identity,0.7188956605967206,3.474266721627629e-05,99.59220886230469,0.21961361472936017,0.022006277134180283,inverse,0.001,0.001,vit,inverse_dp_kfm_a,public,0.4,42,3,True
layer,blocks.0.norm1.bias,identity,0.7204967458064494,3.474266721627629e-05,99.59220886230469,0.13410851143815042,0.013438279190464836,inverse,0.001,0.001,vit,inverse_dp_kfm_a,public,0.4,42,3,True
layer,blocks.0.norm2.weight,identity,0.7176196475046446,3.474266721627629e-05,99.59220886230469,0.07488040527365636,0.007503355164945154,inverse,0.001,0.001,vit,inverse_dp_kfm_a,public,0.4,42,3,True
layer,blocks.0.norm2.bias,identity,0.7205544499361359,3.474266721627629e-05,99.59220886230469,0.05843359686737812,0.005855310601736477,inverse,0.001,0.001,vit,inverse_dp_kfm_a,public,0.4,42,3,True
layer,blocks.1.norm1.weight,identity,0.7193914572754311,3.474266721627629e-05,99.59220886230469,0.11440558094066157,0.011463956471823005,inverse,0.001,0.001,vit,inverse_dp_kfm_a,public,0.4,42,3,True
layer,blocks.1.norm1.bias,identity,0.7189759074838535,3.474266721627629e-05,99.59220886230469,0.12108980992847239,0.012133746437783716,inverse,0.001,0.001,vit,inverse_dp_kfm_a,public,0.4,42,3,True
layer,blocks.1.norm2.weight,identity,0.7224622605439603,3.474266721627629e-05,99.59220886230469,0.11775028051397404,0.01179911049144786,inverse,0.001,0.001,vit,inverse_dp_kfm_a,public,0.4,42,3,True
layer,blocks.1.norm2.bias,identity,0.7141215683943706,3.474266721627629e-05,99.59220886230469,0.0988683666079224,0.009907057347327587,inverse,0.001,0.001,vit,inverse_dp_kfm_a,public,0.4,42,3,True
layer,blocks.2.norm1.weight,identity,0.7185305291031603,3.474266721627629e-05,99.59220886230469,0.10516509985885888,0.010538018488470307,inverse,0.001,0.001,vit,inverse_dp_kfm_a,public,0.4,42,3,True
layer,blocks.2.norm1.bias,identity,0.7203444953986233,3.474266721627629e-05,99.59220886230469,0.12319877857277184,0.012345074631215376,inverse,0.001,0.001,vit,inverse_dp_kfm_a,public,0.4,42,3,True
layer,blocks.2.norm2.weight,identity,0.7226812528621283,3.474266721627629e-05,99.59220886230469,0.0840833286228456,0.008425529693680319,inverse,0.001,0.001,vit,inverse_dp_kfm_a,public,0.4,42,3,True
layer,blocks.2.norm2.bias,identity,0.7182613102007984,3.474266721627629e-05,99.59220886230469,0.10971727936750829,0.010994167456990892,inverse,0.001,0.001,vit,inverse_dp_kfm_a,public,0.4,42,3,True
layer,blocks.3.norm1.weight,identity,0.7188469885769783,3.474266721627629e-05,99.59220886230469,0.0854340985482118,0.008560882947433544,inverse,0.001,0.001,vit,inverse_dp_kfm_a,public,0.4,42,3,True
layer,blocks.3.norm1.bias,identity,0.7147986804414109,3.474266721627629e-05,99.59220886230469,0.11336971418611028,0.011360157939556092,inverse,0.001,0.001,vit,inverse_dp_kfm_a,public,0.4,42,3,True
layer,blocks.3.norm2.weight,identity,0.7192107265710592,3.474266721627629e-05,99.59220886230469,0.08301357163244129,0.008318335206553128,inverse,0.001,0.001,vit,inverse_dp_kfm_a,public,0.4,42,3,True
layer,blocks.3.norm2.bias,identity,0.7243844031311027,3.474266721627629e-05,99.59220886230469,0.09637971618161571,0.00965768332268485,inverse,0.001,0.001,vit,inverse_dp_kfm_a,public,0.4,42,3,True
layer,blocks.4.norm1.weight,identity,0.7125426018991577,3.474266721627629e-05,99.59220886230469,0.07156993509719757,0.007171631085646283,inverse,0.001,0.001,vit,inverse_dp_kfm_a,public,0.4,42,3,True
layer,blocks.4.norm1.bias,identity,0.7208822967393165,3.474266721627629e-05,99.59220886230469,0.1176864452021326,0.011792713904582967,inverse,0.001,0.001,vit,inverse_dp_kfm_a,public,0.4,42,3,True
layer,blocks.4.norm2.weight,identity,0.7131738286075306,3.474266721627629e-05,99.59220886230469,0.06981936487223177,0.006996216034257439,inverse,0.001,0.001,vit,inverse_dp_kfm_a,public,0.4,42,3,True
layer,blocks.4.norm2.bias,identity,0.7170029075858136,3.474266721627629e-05,99.59220886230469,0.08614417242615577,0.008632035560458164,inverse,0.001,0.001,vit,inverse_dp_kfm_a,public,0.4,42,3,True
layer,blocks.5.norm1.weight,identity,0.7218551736756922,3.474266721627629e-05,99.59220886230469,0.06704158425926397,0.006717869857667917,inverse,0.001,0.001,vit,inverse_dp_kfm_a,public,0.4,42,3,True
layer,blocks.5.norm1.bias,identity,0.7208390151719061,3.474266721627629e-05,99.59220886230469,0.09320065028361442,0.009339126546205154,inverse,0.001,0.001,vit,inverse_dp_kfm_a,public,0.4,42,3,True
layer,blocks.5.norm2.weight,identity,0.7171832963174583,3.474266721627629e-05,99.59220886230469,0.06201562959520658,0.00621424647649742,inverse,0.001,0.001,vit,inverse_dp_kfm_a,public,0.4,42,3,True
layer,blocks.5.norm2.bias,identity,0.7180369801658056,3.474266721627629e-05,99.59220886230469,0.07869121805077373,0.007885215835027307,inverse,0.001,0.001,vit,inverse_dp_kfm_a,public,0.4,42,3,True
layer,blocks.6.norm1.weight,identity,0.7147536759819375,3.474266721627629e-05,99.59220886230469,0.057506698269824304,0.005762431171478066,inverse,0.001,0.001,vit,inverse_dp_kfm_a,public,0.4,42,3,True
layer,blocks.6.norm1.bias,identity,0.719019824748425,3.474266721627629e-05,99.59220886230469,0.09639749275145283,0.009659464615355664,inverse,0.001,0.001,vit,inverse_dp_kfm_a,public,0.4,42,3,True
layer,blocks.6.norm2.weight,identity,0.7171472179685923,3.474266721627629e-05,99.59220886230469,0.05175288199107169,0.005185872765636846,inverse,0.001,0.001,vit,inverse_dp_kfm_a,public,0.4,42,3,True
layer,blocks.6.norm2.bias,identity,0.7180579141275972,3.474266721627629e-05,99.59220886230469,0.06754899964565475,0.006768715173559748,inverse,0.001,0.001,vit,inverse_dp_kfm_a,public,0.4,42,3,True
layer,blocks.7.norm1.weight,identity,0.7175317884381802,3.474266721627629e-05,99.59220886230469,0.057700840192200634,0.005781885069873393,inverse,0.001,0.001,vit,inverse_dp_kfm_a,public,0.4,42,3,True
layer,blocks.7.norm1.bias,identity,0.7160031215107986,3.474266721627629e-05,99.59220886230469,0.08129630185741399,0.008146257010809326,inverse,0.001,0.001,vit,inverse_dp_kfm_a,public,0.4,42,3,True
layer,blocks.7.norm2.weight,identity,0.7184665881340571,3.474266721627629e-05,99.59220886230469,0.04204245936268398,0.004212844514571195,inverse,0.001,0.001,vit,inverse_dp_kfm_a,public,0.4,42,3,True
layer,blocks.7.norm2.bias,identity,0.7187222937380855,3.474266721627629e-05,99.59220886230469,0.05650846300803952,0.0056624034849294975,inverse,0.001,0.001,vit,inverse_dp_kfm_a,public,0.4,42,3,True
layer,blocks.8.norm1.weight,identity,0.711912583429075,3.474266721627629e-05,99.59220886230469,0.07596056878715225,0.0076115924327370904,inverse,0.001,0.001,vit,inverse_dp_kfm_a,public,0.4,42,3,True
layer,blocks.8.norm1.bias,identity,0.7201644329306602,3.474266721627629e-05,99.59220886230469,0.08573534692460112,0.008591069396781024,inverse,0.001,0.001,vit,inverse_dp_kfm_a,public,0.4,42,3,True
layer,blocks.8.norm2.weight,identity,0.7256273316981081,3.474266721627629e-05,99.59220886230469,0.035904474696103826,0.0035977906993304148,inverse,0.001,0.001,vit,inverse_dp_kfm_a,public,0.4,42,3,True
layer,blocks.8.norm2.bias,identity,0.7215629775107629,3.474266721627629e-05,99.59220886230469,0.05275089103423321,0.005285877784056561,inverse,0.001,0.001,vit,inverse_dp_kfm_a,public,0.4,42,3,True
layer,blocks.9.norm1.weight,identity,0.7179730969686418,3.474266721627629e-05,99.59220886230469,0.0687635922306577,0.006890422842110416,inverse,0.001,0.001,vit,inverse_dp_kfm_a,public,0.4,42,3,True
layer,blocks.9.norm1.bias,identity,0.7209356227659446,3.474266721627629e-05,99.59220886230469,0.08847887515655706,0.00886598332992798,inverse,0.001,0.001,vit,inverse_dp_kfm_a,public,0.4,42,3,True
layer,blocks.9.norm2.weight,identity,0.7217737562666496,3.474266721627629e-05,99.59220886230469,0.187450167754097,0.01878335432677418,inverse,0.001,0.001,vit,inverse_dp_kfm_a,public,0.4,42,3,True
layer,blocks.9.norm2.bias,identity,0.7151028477383192,3.474266721627629e-05,99.59220886230469,0.05473359513167678,0.005484553699013785,inverse,0.001,0.001,vit,inverse_dp_kfm_a,public,0.4,42,3,True
layer,blocks.10.norm1.weight,identity,0.7122572511784651,3.474266721627629e-05,99.59220886230469,0.06604080994019428,0.006617587746099567,inverse,0.001,0.001,vit,inverse_dp_kfm_a,public,0.4,42,3,True
layer,blocks.10.norm1.bias,identity,0.7193202360401401,3.474266721627629e-05,99.59220886230469,0.0813176953096536,0.008148400731449873,inverse,0.001,0.001,vit,inverse_dp_kfm_a,public,0.4,42,3,True
layer,blocks.10.norm2.weight,identity,0.7215850753882994,3.474266721627629e-05,99.59220886230469,0.05026065067768529,0.005036344441215106,inverse,0.001,0.001,vit,inverse_dp_kfm_a,public,0.4,42,3,True
layer,blocks.10.norm2.bias,identity,0.7204858128638836,3.474266721627629e-05,99.59220886230469,0.04400620232944824,0.004409620438505452,inverse,0.001,0.001,vit,inverse_dp_kfm_a,public,0.4,42,3,True
layer,blocks.11.norm1.weight,identity,0.7220381026502785,3.474266721627629e-05,99.59220886230469,0.054889521005203896,0.005500178176528325,inverse,0.001,0.001,vit,inverse_dp_kfm_a,public,0.4,42,3,True
layer,blocks.11.norm1.bias,identity,0.7188285487712726,3.474266721627629e-05,99.59220886230469,0.07321789324289323,0.007336763942752625,inverse,0.001,0.001,vit,inverse_dp_kfm_a,public,0.4,42,3,True
layer,blocks.11.norm2.weight,identity,0.7208963646960967,3.474266721627629e-05,99.59220886230469,0.059606274688557906,0.005972818221442987,inverse,0.001,0.001,vit,inverse_dp_kfm_a,public,0.4,42,3,True
layer,blocks.11.norm2.bias,identity,0.7210786989000476,3.474266721627629e-05,99.59220886230469,0.04208744395456563,0.004217352174066419,inverse,0.001,0.001,vit,inverse_dp_kfm_a,public,0.4,42,3,True
layer,norm.weight,identity,0.72103111439115,3.474266721627629e-05,99.59220886230469,0.03328707898263775,0.0033355158148186707,inverse,0.001,0.001,vit,inverse_dp_kfm_a,public,0.4,42,3,True
layer,norm.bias,identity,0.7169129941168543,3.474266721627629e-05,99.59220886230469,0.014439226207112705,0.0014468757499776295,inverse,0.001,0.001,vit,inverse_dp_kfm_a,public,0.4,42,3,True
group,attention_out,attention_out,0.7202912316871448,0.08046401727289565,230655.55572509766,2.5313635425210195,0.005270751743356793,inverse,0.001,0.001,vit,inverse_dp_kfm_a,public,0.4,42,3,True
group,attention_qkv,attention_qkv,0.720228564149686,0.2413920518186876,691966.667175293,2.606279372834747,0.003133129744468096,inverse,0.001,0.001,vit,inverse_dp_kfm_a,public,0.4,42,3,True
group,identity,identity,0.7201250387717587,0.008616181469636556,24698.867797851562,0.6683844188903149,0.004252925689729664,inverse,0.001,0.001,vit,inverse_dp_kfm_a,public,0.4,42,3,True
group,mlp_fc1,mlp_fc1,0.7202006532859132,0.3218560690915826,922622.2229003906,3.153957918748531,0.0032835523067860097,inverse,0.001,0.001,vit,inverse_dp_kfm_a,public,0.4,42,3,True
group,mlp_fc2,mlp_fc2,0.720180160318508,0.3206053330717978,919036.9033813477,3.0702344777993846,0.003202617475407788,inverse,0.001,0.001,vit,inverse_dp_kfm_a,public,0.4,42,3,True
group,patch_head,patch_head,0.720208628962946,0.027066347275396748,77587.51779794693,2.944089501801494,0.010569515491550753,inverse,0.001,0.001,vit,inverse_dp_kfm_a,public,0.4,42,3,True
layer,patch_embed,patch_head,0.7203180034914083,0.026717111089316622,76586.4086151123,1.0663084040888477,0.00385307071672449,inverse,0.001,0.001,vit,inverse_dp_kfm_a,public,0.4,42,4,True
layer,blocks.0.attn.q_proj,attention_qkv,0.7202841015458153,0.006705334772741336,19221.296310424805,0.13974206028131228,0.0010079426101072717,inverse,0.001,0.001,vit,inverse_dp_kfm_a,public,0.4,42,4,True
layer,blocks.0.attn.k_proj,attention_qkv,0.7204863967132641,0.006705334772741336,19221.296310424805,0.21087955621719845,0.0015210487800447242,inverse,0.001,0.001,vit,inverse_dp_kfm_a,public,0.4,42,4,True
layer,blocks.0.attn.v_proj,attention_qkv,0.7202051416634986,0.006705334772741336,19221.296310424805,0.4733875837825121,0.0034144874909499854,inverse,0.001,0.001,vit,inverse_dp_kfm_a,public,0.4,42,4,True
layer,blocks.0.attn.out_proj,attention_out,0.7202668971775645,0.006705334772741336,19221.296310424805,0.5354502295168744,0.003862137861967326,inverse,0.001,0.001,vit,inverse_dp_kfm_a,public,0.4,42,4,True
layer,blocks.0.mlp.fc1,mlp_fc1,0.7203914299682523,0.026821339090965342,76885.18524169922,0.6521879253431716,0.0023520763842593546,inverse,0.001,0.001,vit,inverse_dp_kfm_a,public,0.4,42,4,True
layer,blocks.0.mlp.fc2,mlp_fc2,0.72017427777388,0.026717111089316622,76586.4086151123,1.0872220544877822,0.00392864151183682,inverse,0.001,0.001,vit,inverse_dp_kfm_a,public,0.4,42,4,True
layer,blocks.1.attn.q_proj,attention_qkv,0.7200016496202014,0.006705334772741336,19221.296310424805,0.08467900552384375,0.0006107794437635412,inverse,0.001,0.001,vit,inverse_dp_kfm_a,public,0.4,42,4,True
layer,blocks.1.attn.k_proj,attention_qkv,0.7198358417145573,0.006705334772741336,19221.296310424805,0.11984575025171666,0.0008644329278944645,inverse,0.001,0.001,vit,inverse_dp_kfm_a,public,0.4,42,4,True
layer,blocks.1.attn.v_proj,attention_qkv,0.7203434910748104,0.006705334772741336,19221.296310424805,0.4873384663438781,0.0035151135226107245,inverse,0.001,0.001,vit,inverse_dp_kfm_a,public,0.4,42,4,True
layer,blocks.1.attn.out_proj,attention_out,0.7201023378665905,0.006705334772741336,19221.296310424805,0.6416251507988228,0.004627964750947101,inverse,0.001,0.001,vit,inverse_dp_kfm_a,public,0.4,42,4,True
layer,blocks.1.mlp.fc1,mlp_fc1,0.7202193010600755,0.026821339090965342,76885.18524169922,0.8545010130625754,0.0030817063227483424,inverse,0.001,0.001,vit,inverse_dp_kfm_a,public,0.4,42,4,True
layer,blocks.1.mlp.fc2,mlp_fc2,0.7200170609569699,0.026717111089316622,76586.4086151123,0.7119568917912076,0.002572633058889709,inverse,0.001,0.001,vit,inverse_dp_kfm_a,public,0.4,42,4,True
layer,blocks.2.attn.q_proj,attention_qkv,0.7202910672408325,0.006705334772741336,19221.296310424805,0.1312647856041622,0.0009467970513006978,inverse,0.001,0.001,vit,inverse_dp_kfm_a,public,0.4,42,4,True
layer,blocks.2.attn.k_proj,attention_qkv,0.7206430026742664,0.006705334772741336,19221.296310424805,0.1708952433480519,0.0012326467585234845,inverse,0.001,0.001,vit,inverse_dp_kfm_a,public,0.4,42,4,True
layer,blocks.2.attn.v_proj,attention_qkv,0.7198210248564686,0.006705334772741336,19221.296310424805,0.6690345065044099,0.004825665124590027,inverse,0.001,0.001,vit,inverse_dp_kfm_a,public,0.4,42,4,True
layer,blocks.2.attn.out_proj,attention_out,0.7201685890555068,0.006705334772741336,19221.296310424805,0.7404311231858086,0.005340640301181875,inverse,0.001,0.001,vit,inverse_dp_kfm_a,public,0.4,42,4,True
layer,blocks.2.mlp.fc1,mlp_fc1,0.7202589969335185,0.026821339090965342,76885.18524169922,0.8880849588002916,0.0032028247957994463,inverse,0.001,0.001,vit,inverse_dp_kfm_a,public,0.4,42,4,True
layer,blocks.2.mlp.fc2,mlp_fc2,0.7202413661478493,0.026717111089316622,76586.4086151123,0.8236940325308795,0.002976391580630366,inverse,0.001,0.001,vit,inverse_dp_kfm_a,public,0.4,42,4,True
layer,blocks.3.attn.q_proj,attention_qkv,0.7204422656867895,0.006705334772741336,19221.296310424805,0.14122229830748356,0.0010186193882846916,inverse,0.001,0.001,vit,inverse_dp_kfm_a,public,0.4,42,4,True
layer,blocks.3.attn.k_proj,attention_qkv,0.7205976411985052,0.006705334772741336,19221.296310424805,0.19604728102657437,0.0014140653697574319,inverse,0.001,0.001,vit,inverse_dp_kfm_a,public,0.4,42,4,True
layer,blocks.3.attn.v_proj,attention_qkv,0.7201287613516054,0.006705334772741336,19221.296310424805,0.6029360107059201,0.004348904654298003,inverse,0.001,0.001,vit,inverse_dp_kfm_a,public,0.4,42,4,True
layer,blocks.3.attn.out_proj,attention_out,0.7202782965339176,0.006705334772741336,19221.296310424805,0.6474500987513849,0.004669979397297849,inverse,0.001,0.001,vit,inverse_dp_kfm_a,public,0.4,42,4,True
layer,blocks.3.mlp.fc1,mlp_fc1,0.7201252143730236,0.026821339090965342,76885.18524169922,0.8410298060711787,0.0030331232279060686,inverse,0.001,0.001,vit,inverse_dp_kfm_a,public,0.4,42,4,True
layer,blocks.3.mlp.fc2,mlp_fc2,0.7202055008617114,0.026717111089316622,76586.4086151123,0.8129105177182285,0.0029374257007885995,inverse,0.001,0.001,vit,inverse_dp_kfm_a,public,0.4,42,4,True
layer,blocks.4.attn.q_proj,attention_qkv,0.7203124987060356,0.006705334772741336,19221.296310424805,0.18273083733725748,0.001318015469086608,inverse,0.001,0.001,vit,inverse_dp_kfm_a,public,0.4,42,4,True
layer,blocks.4.attn.k_proj,attention_qkv,0.7202494348863109,0.006705334772741336,19221.296310424805,0.2652902932925346,0.0019135068576998815,inverse,0.001,0.001,vit,inverse_dp_kfm_a,public,0.4,42,4,True
layer,blocks.4.attn.v_proj,attention_qkv,0.7203022747680816,0.006705334772741336,19221.296310424805,0.5561908292737204,0.004011737304053851,inverse,0.001,0.001,vit,inverse_dp_kfm_a,public,0.4,42,4,True
layer,blocks.4.attn.out_proj,attention_out,0.7204683348402685,0.006705334772741336,19221.296310424805,0.5905349170608774,0.004259457062988658,inverse,0.001,0.001,vit,inverse_dp_kfm_a,public,0.4,42,4,True
layer,blocks.4.mlp.fc1,mlp_fc1,0.7203237905953759,0.026821339090965342,76885.18524169922,0.7716765933641023,0.0027830050526960705,inverse,0.001,0.001,vit,inverse_dp_kfm_a,public,0.4,42,4,True
layer,blocks.4.mlp.fc2,mlp_fc2,0.7202158316051959,0.026717111089316622,76586.4086151123,0.768992706407831,0.002778730118859544,inverse,0.001,0.001,vit,inverse_dp_kfm_a,public,0.4,42,4,True
layer,blocks.5.attn.q_proj,attention_qkv,0.7202196078076041,0.006705334772741336,19221.296310424805,0.13528744988800953,0.0009758120431341085,inverse,0.001,0.001,vit,inverse_dp_kfm_a,public,0.4,42,4,True
layer,blocks.5.attn.k_proj,attention_qkv,0.7200039716856278,0.006705334772741336,19221.296310424805,0.19965836299048947,0.0014401116680064557,inverse,0.001,0.001,vit,inverse_dp_kfm_a,public,0.4,42,4,True
layer,blocks.5.attn.v_proj,attention_qkv,0.7201491389770065,0.006705334772741336,19221.296310424805,0.5573285690833523,0.004019943683944302,inverse,0.001,0.001,vit,inverse_dp_kfm_a,public,0.4,42,4,True
layer,blocks.5.attn.out_proj,attention_out,0.719903839849565,0.006705334772741336,19221.296310424805,0.5659821396383726,0.004082360843634204,inverse,0.001,0.001,vit,inverse_dp_kfm_a,public,0.4,42,4,True
layer,blocks.5.mlp.fc1,mlp_fc1,0.7203180336879259,0.026821339090965342,76885.18524169922,0.7455831212513985,0.0026889005206207064,inverse,0.001,0.001,vit,inverse_dp_kfm_a,public,0.4,42,4,True
layer,blocks.5.mlp.fc2,mlp_fc2,0.720330760837814,0.026717111089316622,76586.4086151123,0.6761253105320625,0.0024431568060962966,inverse,0.001,0.001,vit,inverse_dp_kfm_a,public,0.4,42,4,True
layer,blocks.6.attn.q_proj,attention_qkv,0.7202026340587074,0.006705334772741336,19221.296310424805,0.12890059907168902,0.0009297444592641664,inverse,0.001,0.001,vit,inverse_dp_kfm_a,public,0.4,42,4,True
layer,blocks.6.attn.k_proj,attention_qkv,0.7202567075299966,0.006705334772741336,19221.296310424805,0.19590276829071637,0.0014130230168403432,inverse,0.001,0.001,vit,inverse_dp_kfm_a,public,0.4,42,4,True
layer,blocks.6.attn.v_proj,attention_qkv,0.7204534684349986,0.006705334772741336,19221.296310424805,0.5729110676797501,0.0041323383650848835,inverse,0.001,0.001,vit,inverse_dp_kfm_a,public,0.4,42,4,True
layer,blocks.6.attn.out_proj,attention_out,0.7203759810583692,0.006705334772741336,19221.296310424805,0.6447106790596265,0.004650220293784331,inverse,0.001,0.001,vit,inverse_dp_kfm_a,public,0.4,42,4,True
layer,blocks.6.mlp.fc1,mlp_fc1,0.7201120021557209,0.026821339090965342,76885.18524169922,0.7606181144616759,0.002743123316065421,inverse,0.001,0.001,vit,inverse_dp_kfm_a,public,0.4,42,4,True
layer,blocks.6.mlp.fc2,mlp_fc2,0.720151176839701,0.026717111089316622,76586.4086151123,0.6966765387405621,0.002517418000417983,inverse,0.001,0.001,vit,inverse_dp_kfm_a,public,0.4,42,4,True
layer,blocks.7.attn.q_proj,attention_qkv,0.720217834980535,0.006705334772741336,19221.296310424805,0.12144101490991484,0.0008759393792818226,inverse,0.001,0.001,vit,inverse_dp_kfm_a,public,0.4,42,4,True
layer,blocks.7.attn.k_proj,attention_qkv,0.7205821134214605,0.006705334772741336,19221.296310424805,0.16747452017986164,0.0012079734952864943,inverse,0.001,0.001,vit,inverse_dp_kfm_a,public,0.4,42,4,True
layer,blocks.7.attn.v_proj,attention_qkv,0.7202321773298418,0.006705334772741336,19221.296310424805,0.5924251636044376,0.004273091183102723,inverse,0.001,0.001,vit,inverse_dp_kfm_a,public,0.4,42,4,True
layer,blocks.7.attn.out_proj,attention_out,0.7203603576670098,0.006705334772741336,19221.296310424805,0.5891576496077728,0.0042495229991233955,inverse,0.001,0.001,vit,inverse_dp_kfm_a,public,0.4,42,4,True
layer,blocks.7.mlp.fc1,mlp_fc1,0.7201818367784194,0.026821339090965342,76885.18524169922,0.7415899946326873,0.0026744995505103087,inverse,0.001,0.001,vit,inverse_dp_kfm_a,public,0.4,42,4,True
layer,blocks.7.mlp.fc2,mlp_fc2,0.7202277171574769,0.026717111089316622,76586.4086151123,0.7331206341527805,0.002649107553170146,inverse,0.001,0.001,vit,inverse_dp_kfm_a,public,0.4,42,4,True
layer,blocks.8.attn.q_proj,attention_qkv,0.7203258869990696,0.006705334772741336,19221.296310424805,0.13069852735402832,0.0009427126989053925,inverse,0.001,0.001,vit,inverse_dp_kfm_a,public,0.4,42,4,True
layer,blocks.8.attn.k_proj,attention_qkv,0.7203095135053749,0.006705334772741336,19221.296310424805,0.1906469698475752,0.001375113577189079,inverse,0.001,0.001,vit,inverse_dp_kfm_a,public,0.4,42,4,True
layer,blocks.8.attn.v_proj,attention_qkv,0.7202884991527345,0.006705334772741336,19221.296310424805,0.6120803400666547,0.004414861598005465,inverse,0.001,0.001,vit,inverse_dp_kfm_a,public,0.4,42,4,True
layer,blocks.8.attn.out_proj,attention_out,0.7204986249247535,0.006705334772741336,19221.296310424805,0.6118601647222617,0.004413273499827568,inverse,0.001,0.001,vit,inverse_dp_kfm_a,public,0.4,42,4,True
layer,blocks.8.mlp.fc1,mlp_fc1,0.7201498326015524,0.026821339090965342,76885.18524169922,0.7288732100702796,0.0026286372346184363,inverse,0.001,0.001,vit,inverse_dp_kfm_a,public,0.4,42,4,True
layer,blocks.8.mlp.fc2,mlp_fc2,0.7201769875120535,0.026717111089316622,76586.4086151123,0.6639401615599334,0.0023991261668333957,inverse,0.001,0.001,vit,inverse_dp_kfm_a,public,0.4,42,4,True
layer,blocks.9.attn.q_proj,attention_qkv,0.7197905340980508,0.006705334772741336,19221.296310424805,0.13705245818639716,0.0009885428349054378,inverse,0.001,0.001,vit,inverse_dp_kfm_a,public,0.4,42,4,True
layer,blocks.9.attn.k_proj,attention_qkv,0.7200356614341643,0.006705334772741336,19221.296310424805,0.20765367860478998,0.001497780914278381,inverse,0.001,0.001,vit,inverse_dp_kfm_a,public,0.4,42,4,True
layer,blocks.9.attn.v_proj,attention_qkv,0.720291535320998,0.006705334772741336,19221.296310424805,0.5652474810352601,0.004077061839823411,inverse,0.001,0.001,vit,inverse_dp_kfm_a,public,0.4,42,4,True
layer,blocks.9.attn.out_proj,attention_out,0.7204266986183698,0.006705334772741336,19221.296310424805,0.5633962297942698,0.004063708988118978,inverse,0.001,0.001,vit,inverse_dp_kfm_a,public,0.4,42,4,True
layer,blocks.9.mlp.fc1,mlp_fc1,0.7203027363590538,0.026821339090965342,76885.18524169922,0.688347257565419,0.0024824828332070015,inverse,0.001,0.001,vit,inverse_dp_kfm_a,public,0.4,42,4,True
layer,blocks.9.mlp.fc2,mlp_fc2,0.7201208427549204,0.026717111089316622,76586.4086151123,0.5834669043336276,0.0021083386707308302,inverse,0.001,0.001,vit,inverse_dp_kfm_a,public,0.4,42,4,True
layer,blocks.10.attn.q_proj,attention_qkv,0.7200170079645344,0.006705334772741336,19221.296310424805,0.11621701743523331,0.0008382593161768116,inverse,0.001,0.001,vit,inverse_dp_kfm_a,public,0.4,42,4,True
layer,blocks.10.attn.k_proj,attention_qkv,0.7201921691488014,0.006705334772741336,19221.296310424805,0.18655321495473812,0.0013455858173756126,inverse,0.001,0.001,vit,inverse_dp_kfm_a,public,0.4,42,4,True
layer,blocks.10.attn.v_proj,attention_qkv,0.7200229442525278,0.006705334772741336,19221.296310424805,0.5495820031190592,0.0039640686388669735,inverse,0.001,0.001,vit,inverse_dp_kfm_a,public,0.4,42,4,True
layer,blocks.10.attn.out_proj,attention_out,0.72003342983209,0.006705334772741336,19221.296310424805,0.5493454359696908,0.003962362308578723,inverse,0.001,0.001,vit,inverse_dp_kfm_a,public,0.4,42,4,True
layer,blocks.10.mlp.fc1,mlp_fc1,0.7200266251984851,0.026821339090965342,76885.18524169922,0.6309611871660271,0.0022755234343484108,inverse,0.001,0.001,vit,inverse_dp_kfm_a,public,0.4,42,4,True
layer,blocks.10.mlp.fc2,mlp_fc2,0.7202929624781103,0.026717111089316622,76586.4086151123,0.5050294185852477,0.0018249073686125406,inverse,0.001,0.001,vit,inverse_dp_kfm_a,public,0.4,42,4,True
layer,blocks.11.attn.q_proj,attention_qkv,0.719939422896524,0.006705334772741336,19221.296310424805,0.17955805560647276,0.001295130577504288,inverse,0.001,0.001,vit,inverse_dp_kfm_a,public,0.4,42,4,True
layer,blocks.11.attn.k_proj,attention_qkv,0.7195171000587118,0.006705334772741336,19221.296310424805,0.2324526689235696,0.0016766530375290098,inverse,0.001,0.001,vit,inverse_dp_kfm_a,public,0.4,42,4,True
layer,blocks.11.attn.v_proj,attention_qkv,0.7199691139077328,0.006705334772741336,19221.296310424805,0.5517199262412512,0.003979489220241344,inverse,0.001,0.001,vit,inverse_dp_kfm_a,public,0.4,42,4,True
layer,blocks.11.attn.out_proj,attention_out,0.7202744408801256,0.006705334772741336,19221.296310424805,0.4877822989983684,0.0035183148339647794,inverse,0.001,0.001,vit,inverse_dp_kfm_a,public,0.4,42,4,True
layer,blocks.11.mlp.fc1,mlp_fc1,0.7200690050614287,0.026821339090965342,76885.18524169922,0.5240349168092213,0.001889900294774277,inverse,0.001,0.001,vit,inverse_dp_kfm_a,public,0.4,42,4,True
layer,blocks.11.mlp.fc2,mlp_fc2,0.7201235517075941,0.026717111089316622,76586.4086151123,0.5063813566074233,0.0018297925526588215,inverse,0.001,0.001,vit,inverse_dp_kfm_a,public,0.4,42,4,True
layer,head,patch_head,0.7179996798188536,0.0003492361860802786,1001.1091828346252,1.9460792367387256,0.06150632752476725,inverse,0.001,0.001,vit,inverse_dp_kfm_a,public,0.4,42,4,True
layer,cls_token,identity,0.7228234777706155,3.474266721627629e-05,99.59220886230469,0.03925999040425285,0.003934028544568841,inverse,0.001,0.001,vit,inverse_dp_kfm_a,public,0.4,42,4,True
layer,pos_embed,identity,0.7201746335969738,0.006844305441606457,19619.665145874023,0.15752339322967668,0.001124603065444988,inverse,0.001,0.001,vit,inverse_dp_kfm_a,public,0.4,42,4,True
layer,blocks.0.norm1.weight,identity,0.7147692961991168,3.474266721627629e-05,99.59220886230469,0.19728088715132716,0.019768436857975205,inverse,0.001,0.001,vit,inverse_dp_kfm_a,public,0.4,42,4,True
layer,blocks.0.norm1.bias,identity,0.7177438108972682,3.474266721627629e-05,99.59220886230469,0.1185924651557204,0.011883501200317446,inverse,0.001,0.001,vit,inverse_dp_kfm_a,public,0.4,42,4,True
layer,blocks.0.norm2.weight,identity,0.7209054923813855,3.474266721627629e-05,99.59220886230469,0.06633849345179295,0.006647416979877208,inverse,0.001,0.001,vit,inverse_dp_kfm_a,public,0.4,42,4,True
layer,blocks.0.norm2.bias,identity,0.713976861568668,3.474266721627629e-05,99.59220886230469,0.05175241249774597,0.005185825720282893,inverse,0.001,0.001,vit,inverse_dp_kfm_a,public,0.4,42,4,True
layer,blocks.1.norm1.weight,identity,0.7217680303782349,3.474266721627629e-05,99.59220886230469,0.09031651533652851,0.009050123184477493,inverse,0.001,0.001,vit,inverse_dp_kfm_a,public,0.4,42,4,True
layer,blocks.1.norm1.bias,identity,0.7184075345694566,3.474266721627629e-05,99.59220886230469,0.10220332902442342,0.010241235659815362,inverse,0.001,0.001,vit,inverse_dp_kfm_a,public,0.4,42,4,True
layer,blocks.1.norm2.weight,identity,0.71634014610284,3.474266721627629e-05,99.59220886230469,0.10015066015575645,0.010035548958450066,inverse,0.001,0.001,vit,inverse_dp_kfm_a,public,0.4,42,4,True
layer,blocks.1.norm2.bias,identity,0.7177526778204772,3.474266721627629e-05,99.59220886230469,0.08741527041581619,0.008759405326033205,inverse,0.001,0.001,vit,inverse_dp_kfm_a,public,0.4,42,4,True
layer,blocks.2.norm1.weight,identity,0.7207904211153019,3.474266721627629e-05,99.59220886230469,0.08597585396721623,0.008615169289854745,inverse,0.001,0.001,vit,inverse_dp_kfm_a,public,0.4,42,4,True
layer,blocks.2.norm1.bias,identity,0.7165788173709562,3.474266721627629e-05,99.59220886230469,0.10575186122134678,0.010596814629913777,inverse,0.001,0.001,vit,inverse_dp_kfm_a,public,0.4,42,4,True
layer,blocks.2.norm2.weight,identity,0.721345673364481,3.474266721627629e-05,99.59220886230469,0.0711394835682089,0.0071284978962425725,inverse,0.001,0.001,vit,inverse_dp_kfm_a,public,0.4,42,4,True
layer,blocks.2.norm2.bias,identity,0.7146299605285329,3.474266721627629e-05,99.59220886230469,0.09601617296383735,0.009621254648576716,inverse,0.001,0.001,vit,inverse_dp_kfm_a,public,0.4,42,4,True
layer,blocks.3.norm1.weight,identity,0.7179256021757493,3.474266721627629e-05,99.59220886230469,0.06790916249031716,0.00680480511899798,inverse,0.001,0.001,vit,inverse_dp_kfm_a,public,0.4,42,4,True
layer,blocks.3.norm1.bias,identity,0.7228140904797462,3.474266721627629e-05,99.59220886230469,0.09600087783236005,0.00961972200724887,inverse,0.001,0.001,vit,inverse_dp_kfm_a,public,0.4,42,4,True
layer,blocks.3.norm2.weight,identity,0.7187955695977898,3.474266721627629e-05,99.59220886230469,0.07110652838102753,0.0071251956374868185,inverse,0.001,0.001,vit,inverse_dp_kfm_a,public,0.4,42,4,True
layer,blocks.3.norm2.bias,identity,0.7227343624774015,3.474266721627629e-05,99.59220886230469,0.07928315158314671,0.00794453025127817,inverse,0.001,0.001,vit,inverse_dp_kfm_a,public,0.4,42,4,True
layer,blocks.4.norm1.weight,identity,0.723321156368762,3.474266721627629e-05,99.59220886230469,0.06438726020058622,0.006451894586001948,inverse,0.001,0.001,vit,inverse_dp_kfm_a,public,0.4,42,4,True
layer,blocks.4.norm1.bias,identity,0.7211191661998216,3.474266721627629e-05,99.59220886230469,0.09775843267755466,0.009795836949164187,inverse,0.001,0.001,vit,inverse_dp_kfm_a,public,0.4,42,4,True
layer,blocks.4.norm2.weight,identity,0.7155144264400678,3.474266721627629e-05,99.59220886230469,0.057237897259747865,0.0057354960949393095,inverse,0.001,0.001,vit,inverse_dp_kfm_a,public,0.4,42,4,True
layer,blocks.4.norm2.bias,identity,0.7105361602840206,3.474266721627629e-05,99.59220886230469,0.07197959029453972,0.007212680388592644,inverse,0.001,0.001,vit,inverse_dp_kfm_a,public,0.4,42,4,True
layer,blocks.5.norm1.weight,identity,0.7175520213472371,3.474266721627629e-05,99.59220886230469,0.054535142036136124,0.0054646678015752995,inverse,0.001,0.001,vit,inverse_dp_kfm_a,public,0.4,42,4,True
layer,blocks.5.norm1.bias,identity,0.7224320260311429,3.474266721627629e-05,99.59220886230469,0.0765595303940259,0.007671611093828933,inverse,0.001,0.001,vit,inverse_dp_kfm_a,public,0.4,42,4,True
layer,blocks.5.norm2.weight,identity,0.7195890118007295,3.474266721627629e-05,99.59220886230469,0.051422088046961925,0.005152725716819494,inverse,0.001,0.001,vit,inverse_dp_kfm_a,public,0.4,42,4,True
layer,blocks.5.norm2.bias,identity,0.7156002394170525,3.474266721627629e-05,99.59220886230469,0.06370778772724761,0.006383808372076812,inverse,0.001,0.001,vit,inverse_dp_kfm_a,public,0.4,42,4,True
layer,blocks.6.norm1.weight,identity,0.7214029663086481,3.474266721627629e-05,99.59220886230469,0.05054693612021448,0.005065031536937938,inverse,0.001,0.001,vit,inverse_dp_kfm_a,public,0.4,42,4,True
layer,blocks.6.norm1.bias,identity,0.7174646537781068,3.474266721627629e-05,99.59220886230469,0.08066455033026335,0.008082952651452776,inverse,0.001,0.001,vit,inverse_dp_kfm_a,public,0.4,42,4,True
layer,blocks.6.norm2.weight,identity,0.7202530417467635,3.474266721627629e-05,99.59220886230469,0.043286532023399896,0.0043375062199964695,inverse,0.001,0.001,vit,inverse_dp_kfm_a,public,0.4,42,4,True
layer,blocks.6.norm2.bias,identity,0.7175243603048599,3.474266721627629e-05,99.59220886230469,0.054006498844710524,0.005411695363641767,inverse,0.001,0.001,vit,inverse_dp_kfm_a,public,0.4,42,4,True
layer,blocks.7.norm1.weight,identity,0.7202680223285816,3.474266721627629e-05,99.59220886230469,0.046709498064275025,0.004680502893537019,inverse,0.001,0.001,vit,inverse_dp_kfm_a,public,0.4,42,4,True
layer,blocks.7.norm1.bias,identity,0.7182707382821932,3.474266721627629e-05,99.59220886230469,0.06695526986824307,0.00670922076543465,inverse,0.001,0.001,vit,inverse_dp_kfm_a,public,0.4,42,4,True
layer,blocks.7.norm2.weight,identity,0.7239550230985322,3.474266721627629e-05,99.59220886230469,0.033704643558741886,0.0033773576732776165,inverse,0.001,0.001,vit,inverse_dp_kfm_a,public,0.4,42,4,True
layer,blocks.7.norm2.bias,identity,0.7194683338557825,3.474266721627629e-05,99.59220886230469,0.04449336784808948,0.004458436626093122,inverse,0.001,0.001,vit,inverse_dp_kfm_a,public,0.4,42,4,True
layer,blocks.8.norm1.weight,identity,0.7227894022030253,3.474266721627629e-05,99.59220886230469,0.0681608294772109,0.006830023288945837,inverse,0.001,0.001,vit,inverse_dp_kfm_a,public,0.4,42,4,True
layer,blocks.8.norm1.bias,identity,0.7139701420952558,3.474266721627629e-05,99.59220886230469,0.06679304723493072,0.006692965324120114,inverse,0.001,0.001,vit,inverse_dp_kfm_a,public,0.4,42,4,True
layer,blocks.8.norm2.weight,identity,0.7167200000669894,3.474266721627629e-05,99.59220886230469,0.025726194320627477,0.0025778809866828186,inverse,0.001,0.001,vit,inverse_dp_kfm_a,public,0.4,42,4,True
layer,blocks.8.norm2.bias,identity,0.7200384726757901,3.474266721627629e-05,99.59220886230469,0.038944788831837204,0.00390244392189298,inverse,0.001,0.001,vit,inverse_dp_kfm_a,public,0.4,42,4,True
layer,blocks.9.norm1.weight,identity,0.7191444579580176,3.474266721627629e-05,99.59220886230469,0.05638716761146741,0.005650249137780504,inverse,0.001,0.001,vit,inverse_dp_kfm_a,public,0.4,42,4,True
layer,blocks.9.norm1.bias,identity,0.7196153249121182,3.474266721627629e-05,99.59220886230469,0.06959334043660045,0.006973567363883654,inverse,0.001,0.001,vit,inverse_dp_kfm_a,public,0.4,42,4,True
layer,blocks.9.norm2.weight,identity,0.7158513893531853,3.474266721627629e-05,99.59220886230469,0.10922608442170345,0.010944947502583199,inverse,0.001,0.001,vit,inverse_dp_kfm_a,public,0.4,42,4,True
layer,blocks.9.norm2.bias,identity,0.7202024983149212,3.474266721627629e-05,99.59220886230469,0.039559831152117655,0.0039640739431738604,inverse,0.001,0.001,vit,inverse_dp_kfm_a,public,0.4,42,4,True
layer,blocks.10.norm1.weight,identity,0.7170528341705131,3.474266721627629e-05,99.59220886230469,0.04895347770743255,0.004905359799479024,inverse,0.001,0.001,vit,inverse_dp_kfm_a,public,0.4,42,4,True
layer,blocks.10.norm1.bias,identity,0.7180456441123483,3.474266721627629e-05,99.59220886230469,0.06395311353709662,0.00640839112741444,inverse,0.001,0.001,vit,inverse_dp_kfm_a,public,0.4,42,4,True
layer,blocks.10.norm2.weight,identity,0.7149465003565171,3.474266721627629e-05,99.59220886230469,0.05548274888435923,0.005559622292178914,inverse,0.001,0.001,vit,inverse_dp_kfm_a,public,0.4,42,4,True
layer,blocks.10.norm2.bias,identity,0.7163568163977728,3.474266721627629e-05,99.59220886230469,0.03207574946520262,0.003214135120391592,inverse,0.001,0.001,vit,inverse_dp_kfm_a,public,0.4,42,4,True
layer,blocks.11.norm1.weight,identity,0.7234839424204134,3.474266721627629e-05,99.59220886230469,0.04630742519503578,0.004640213374148536,inverse,0.001,0.001,vit,inverse_dp_kfm_a,public,0.4,42,4,True
layer,blocks.11.norm1.bias,identity,0.7200672173508642,3.474266721627629e-05,99.59220886230469,0.0571078039228508,0.005722460154391654,inverse,0.001,0.001,vit,inverse_dp_kfm_a,public,0.4,42,4,True
layer,blocks.11.norm2.weight,identity,0.7183092661681169,3.474266721627629e-05,99.59220886230469,0.03966658764790919,0.003974771426729963,inverse,0.001,0.001,vit,inverse_dp_kfm_a,public,0.4,42,4,True
layer,blocks.11.norm2.bias,identity,0.7148963748194893,3.474266721627629e-05,99.59220886230469,0.028188956181866134,0.002824660860055861,inverse,0.001,0.001,vit,inverse_dp_kfm_a,public,0.4,42,4,True
layer,norm.weight,identity,0.7221380700062177,3.474266721627629e-05,99.59220886230469,0.025394765339988495,0.0025446703043340564,inverse,0.001,0.001,vit,inverse_dp_kfm_a,public,0.4,42,4,True
layer,norm.bias,identity,0.7244339099628196,3.474266721627629e-05,99.59220886230469,0.011722108485097115,0.0011746082693364392,inverse,0.001,0.001,vit,inverse_dp_kfm_a,public,0.4,42,4,True
group,attention_out,attention_out,0.7202683235439649,0.08046401727289565,230655.55572509766,2.0828418779853646,0.0043368493995906325,inverse,0.001,0.001,vit,inverse_dp_kfm_a,public,0.4,42,4,True
group,attention_qkv,attention_qkv,0.7202012001255134,0.2413920518186876,691966.667175293,2.1414774556830287,0.0025743697254568183,inverse,0.001,0.001,vit,inverse_dp_kfm_a,public,0.4,42,4,True
group,identity,identity,0.7200974701865308,0.008616181469636556,24698.867797851562,0.5548755894028949,0.0035306697494435833,inverse,0.001,0.001,vit,inverse_dp_kfm_a,public,0.4,42,4,True
group,mlp_fc1,mlp_fc1,0.7202086320877245,0.3218560690915826,922622.2229003906,2.5730449467478254,0.0026787699417721808,inverse,0.001,0.001,vit,inverse_dp_kfm_a,public,0.4,42,4,True
group,mlp_fc2,mlp_fc2,0.7201911623275923,0.3206053330717978,919036.9033813477,2.5311267789458363,0.002640264420629779,inverse,0.001,0.001,vit,inverse_dp_kfm_a,public,0.4,42,4,True
group,patch_head,patch_head,0.720293079577689,0.027066347275396748,77587.51779794693,2.2212158649110094,0.007974341635975907,inverse,0.001,0.001,vit,inverse_dp_kfm_a,public,0.4,42,4,True
layer,patch_embed,patch_head,0.7202127487943945,0.026717111089316622,76586.4086151123,0.9943627638058514,0.003593097486927739,inverse,0.001,0.001,vit,inverse_dp_kfm_a,public,0.4,42,5,True
layer,blocks.0.attn.q_proj,attention_qkv,0.7204925496858731,0.006705334772741336,19221.296310424805,0.12851182598611066,0.0009269402859334709,inverse,0.001,0.001,vit,inverse_dp_kfm_a,public,0.4,42,5,True
layer,blocks.0.attn.k_proj,attention_qkv,0.7205178155516316,0.006705334772741336,19221.296310424805,0.19139430528967077,0.0013805040175090162,inverse,0.001,0.001,vit,inverse_dp_kfm_a,public,0.4,42,5,True
layer,blocks.0.attn.v_proj,attention_qkv,0.7200010734921266,0.006705334772741336,19221.296310424805,0.43440876447228416,0.0031333379730785612,inverse,0.001,0.001,vit,inverse_dp_kfm_a,public,0.4,42,5,True
layer,blocks.0.attn.out_proj,attention_out,0.7201212029126922,0.006705334772741336,19221.296310424805,0.49667529436459157,0.0035824589359127416,inverse,0.001,0.001,vit,inverse_dp_kfm_a,public,0.4,42,5,True
layer,blocks.0.mlp.fc1,mlp_fc1,0.7202622566152704,0.026821339090965342,76885.18524169922,0.5918712171938744,0.0021345478172599317,inverse,0.001,0.001,vit,inverse_dp_kfm_a,public,0.4,42,5,True
layer,blocks.0.mlp.fc2,mlp_fc2,0.7203821026818412,0.026717111089316622,76586.4086151123,0.9822227626642812,0.0035492299878812903,inverse,0.001,0.001,vit,inverse_dp_kfm_a,public,0.4,42,5,True
layer,blocks.1.attn.q_proj,attention_qkv,0.7199048679310243,0.006705334772741336,19221.296310424805,0.0766665677516319,0.0005529866974337146,inverse,0.001,0.001,vit,inverse_dp_kfm_a,public,0.4,42,5,True
layer,blocks.1.attn.k_proj,attention_qkv,0.7204099589503871,0.006705334772741336,19221.296310424805,0.1060906074042538,0.00076521874315896,inverse,0.001,0.001,vit,inverse_dp_kfm_a,public,0.4,42,5,True
layer,blocks.1.attn.v_proj,attention_qkv,0.7204335243479213,0.006705334772741336,19221.296310424805,0.4390773429597104,0.0031670118660828213,inverse,0.001,0.001,vit,inverse_dp_kfm_a,public,0.4,42,5,True
layer,blocks.1.attn.out_proj,attention_out,0.7202502677893257,0.006705334772741336,19221.296310424805,0.5709148120409517,0.0041179396141650774,inverse,0.001,0.001,vit,inverse_dp_kfm_a,public,0.4,42,5,True
layer,blocks.1.mlp.fc1,mlp_fc1,0.7198909030403959,0.026821339090965342,76885.18524169922,0.7700962985031611,0.0027773058146725624,inverse,0.001,0.001,vit,inverse_dp_kfm_a,public,0.4,42,5,True
layer,blocks.1.mlp.fc2,mlp_fc2,0.7202157866245585,0.026717111089316622,76586.4086151123,0.637311286165622,0.0023029035921939326,inverse,0.001,0.001,vit,inverse_dp_kfm_a,public,0.4,42,5,True
layer,blocks.2.attn.q_proj,attention_qkv,0.7202183064915123,0.006705334772741336,19221.296310424805,0.11907843413282887,0.0008588983693650415,inverse,0.001,0.001,vit,inverse_dp_kfm_a,public,0.4,42,5,True
layer,blocks.2.attn.k_proj,attention_qkv,0.7200964414722202,0.006705334772741336,19221.296310424805,0.1555560274950658,0.0011220068464402265,inverse,0.001,0.001,vit,inverse_dp_kfm_a,public,0.4,42,5,True
layer,blocks.2.attn.v_proj,attention_qkv,0.7202332116861436,0.006705334772741336,19221.296310424805,0.6009762602413949,0.004334769210793052,inverse,0.001,0.001,vit,inverse_dp_kfm_a,public,0.4,42,5,True
layer,blocks.2.attn.out_proj,attention_out,0.7202774190439801,0.006705334772741336,19221.296310424805,0.6655185538705408,0.004800304982713907,inverse,0.001,0.001,vit,inverse_dp_kfm_a,public,0.4,42,5,True
layer,blocks.2.mlp.fc1,mlp_fc1,0.7203277583284721,0.026821339090965342,76885.18524169922,0.8022427775430844,0.0028932401508489185,inverse,0.001,0.001,vit,inverse_dp_kfm_a,public,0.4,42,5,True
layer,blocks.2.mlp.fc2,mlp_fc2,0.7203312828002754,0.026717111089316622,76586.4086151123,0.7413475845838865,0.0026788353708188583,inverse,0.001,0.001,vit,inverse_dp_kfm_a,public,0.4,42,5,True
layer,blocks.3.attn.q_proj,attention_qkv,0.7199378941635308,0.006705334772741336,19221.296310424805,0.12623090406030057,0.0009104882714524784,inverse,0.001,0.001,vit,inverse_dp_kfm_a,public,0.4,42,5,True
layer,blocks.3.attn.k_proj,attention_qkv,0.7200618975292733,0.006705334772741336,19221.296310424805,0.17582132539169504,0.001268177993590986,inverse,0.001,0.001,vit,inverse_dp_kfm_a,public,0.4,42,5,True
layer,blocks.3.attn.v_proj,attention_qkv,0.7198205511612855,0.006705334772741336,19221.296310424805,0.5381549093184638,0.003881646390847108,inverse,0.001,0.001,vit,inverse_dp_kfm_a,public,0.4,42,5,True
layer,blocks.3.attn.out_proj,attention_out,0.7204737538950122,0.006705334772741336,19221.296310424805,0.5789190290140138,0.0041756730648631135,inverse,0.001,0.001,vit,inverse_dp_kfm_a,public,0.4,42,5,True
layer,blocks.3.mlp.fc1,mlp_fc1,0.7202537120506187,0.026821339090965342,76885.18524169922,0.7498325622237381,0.002704225872975372,inverse,0.001,0.001,vit,inverse_dp_kfm_a,public,0.4,42,5,True
layer,blocks.3.mlp.fc2,mlp_fc2,0.7202899227341745,0.026717111089316622,76586.4086151123,0.7268952010445802,0.002626612153231299,inverse,0.001,0.001,vit,inverse_dp_kfm_a,public,0.4,42,5,True
layer,blocks.4.attn.q_proj,attention_qkv,0.7200313365471176,0.006705334772741336,19221.296310424805,0.16226443845352514,0.0011703938047942818,inverse,0.001,0.001,vit,inverse_dp_kfm_a,public,0.4,42,5,True
layer,blocks.4.attn.k_proj,attention_qkv,0.7201704693715049,0.006705334772741336,19221.296310424805,0.2350932099580927,0.0016956989412252532,inverse,0.001,0.001,vit,inverse_dp_kfm_a,public,0.4,42,5,True
layer,blocks.4.attn.v_proj,attention_qkv,0.7203844848888347,0.006705334772741336,19221.296310424805,0.5031919716805071,0.003629462942650643,inverse,0.001,0.001,vit,inverse_dp_kfm_a,public,0.4,42,5,True
layer,blocks.4.attn.out_proj,attention_out,0.7201829446658182,0.006705334772741336,19221.296310424805,0.5315774871152511,0.0038342042385707087,inverse,0.001,0.001,vit,inverse_dp_kfm_a,public,0.4,42,5,True
layer,blocks.4.mlp.fc1,mlp_fc1,0.7200653616220638,0.026821339090965342,76885.18524169922,0.6887401625080003,0.0024838998211652147,inverse,0.001,0.001,vit,inverse_dp_kfm_a,public,0.4,42,5,True
layer,blocks.4.mlp.fc2,mlp_fc2,0.7202784428002706,0.026717111089316622,76586.4086151123,0.6903464237640397,0.0024945443359546716,inverse,0.001,0.001,vit,inverse_dp_kfm_a,public,0.4,42,5,True
layer,blocks.5.attn.q_proj,attention_qkv,0.7205397480924038,0.006705334772741336,19221.296310424805,0.1199534908732637,0.0008652100479904343,inverse,0.001,0.001,vit,inverse_dp_kfm_a,public,0.4,42,5,True
layer,blocks.5.attn.k_proj,attention_qkv,0.7199234693419467,0.006705334772741336,19221.296310424805,0.17792294137419346,0.0012833366959500206,inverse,0.001,0.001,vit,inverse_dp_kfm_a,public,0.4,42,5,True
layer,blocks.5.attn.v_proj,attention_qkv,0.7199585886412121,0.006705334772741336,19221.296310424805,0.49282537284926325,0.003554689916813869,inverse,0.001,0.001,vit,inverse_dp_kfm_a,public,0.4,42,5,True
layer,blocks.5.attn.out_proj,attention_out,0.7203904253163144,0.006705334772741336,19221.296310424805,0.4997573706754935,0.0036046895802520794,inverse,0.001,0.001,vit,inverse_dp_kfm_a,public,0.4,42,5,True
layer,blocks.5.mlp.fc1,mlp_fc1,0.720209974951281,0.026821339090965342,76885.18524169922,0.6458268754465715,0.0023291356417839133,inverse,0.001,0.001,vit,inverse_dp_kfm_a,public,0.4,42,5,True
layer,blocks.5.mlp.fc2,mlp_fc2,0.7202815960741823,0.026717111089316622,76586.4086151123,0.5851596775511457,0.0021144554516634995,inverse,0.001,0.001,vit,inverse_dp_kfm_a,public,0.4,42,5,True
layer,blocks.6.attn.q_proj,attention_qkv,0.7202526053975085,0.006705334772741336,19221.296310424805,0.11289562752239894,0.0008143025317184521,inverse,0.001,0.001,vit,inverse_dp_kfm_a,public,0.4,42,5,True
layer,blocks.6.attn.k_proj,attention_qkv,0.7200866461393511,0.006705334772741336,19221.296310424805,0.17166682377810813,0.0012382120750145463,inverse,0.001,0.001,vit,inverse_dp_kfm_a,public,0.4,42,5,True
layer,blocks.6.attn.v_proj,attention_qkv,0.7197560590501537,0.006705334772741336,19221.296310424805,0.4977185354878911,0.003589983708187267,inverse,0.001,0.001,vit,inverse_dp_kfm_a,public,0.4,42,5,True
layer,blocks.6.attn.out_proj,attention_out,0.7202690174999892,0.006705334772741336,19221.296310424805,0.5574870193617735,0.004021086566673259,inverse,0.001,0.001,vit,inverse_dp_kfm_a,public,0.4,42,5,True
layer,blocks.6.mlp.fc1,mlp_fc1,0.7204046747585411,0.026821339090965342,76885.18524169922,0.6486794974590473,0.002339423450877026,inverse,0.001,0.001,vit,inverse_dp_kfm_a,public,0.4,42,5,True
layer,blocks.6.mlp.fc2,mlp_fc2,0.7202844687175765,0.026717111089316622,76586.4086151123,0.5893172802329854,0.0021294788136512156,inverse,0.001,0.001,vit,inverse_dp_kfm_a,public,0.4,42,5,True
layer,blocks.7.attn.q_proj,attention_qkv,0.7202113660885023,0.006705334772741336,19221.296310424805,0.10325956593261862,0.0007447987828084585,inverse,0.001,0.001,vit,inverse_dp_kfm_a,public,0.4,42,5,True
layer,blocks.7.attn.k_proj,attention_qkv,0.7199492921989316,0.006705334772741336,19221.296310424805,0.14396870055798294,0.0010384288561514174,inverse,0.001,0.001,vit,inverse_dp_kfm_a,public,0.4,42,5,True
layer,blocks.7.attn.v_proj,attention_qkv,0.7199138317476892,0.006705334772741336,19221.296310424805,0.49931552782477934,0.003601502621112435,inverse,0.001,0.001,vit,inverse_dp_kfm_a,public,0.4,42,5,True
layer,blocks.7.attn.out_proj,attention_out,0.7202158064228967,0.006705334772741336,19221.296310424805,0.49002684387925916,0.0035345044652124766,inverse,0.001,0.001,vit,inverse_dp_kfm_a,public,0.4,42,5,True
layer,blocks.7.mlp.fc1,mlp_fc1,0.7203139873429957,0.026821339090965342,76885.18524169922,0.6122053456231208,0.0022078816239963286,inverse,0.001,0.001,vit,inverse_dp_kfm_a,public,0.4,42,5,True
layer,blocks.7.mlp.fc2,mlp_fc2,0.7202889120527731,0.026717111089316622,76586.4086151123,0.5905179392349943,0.00213381735588128,inverse,0.001,0.001,vit,inverse_dp_kfm_a,public,0.4,42,5,True
layer,blocks.8.attn.q_proj,attention_qkv,0.7203995456778505,0.006705334772741336,19221.296310424805,0.1086767380573054,0.0007838721913424765,inverse,0.001,0.001,vit,inverse_dp_kfm_a,public,0.4,42,5,True
layer,blocks.8.attn.k_proj,attention_qkv,0.7200683755676944,0.006705334772741336,19221.296310424805,0.1578720337672528,0.0011387119200759915,inverse,0.001,0.001,vit,inverse_dp_kfm_a,public,0.4,42,5,True
layer,blocks.8.attn.v_proj,attention_qkv,0.7204161967143095,0.006705334772741336,19221.296310424805,0.49332599965023977,0.003558300877489913,inverse,0.001,0.001,vit,inverse_dp_kfm_a,public,0.4,42,5,True
layer,blocks.8.attn.out_proj,attention_out,0.7204196768775095,0.006705334772741336,19221.296310424805,0.4893179245990747,0.003529391116030519,inverse,0.001,0.001,vit,inverse_dp_kfm_a,public,0.4,42,5,True
layer,blocks.8.mlp.fc1,mlp_fc1,0.7201660445343553,0.026821339090965342,76885.18524169922,0.5875659810886447,0.0021190212431265,inverse,0.001,0.001,vit,inverse_dp_kfm_a,public,0.4,42,5,True
layer,blocks.8.mlp.fc2,mlp_fc2,0.7202129777900896,0.026717111089316622,76586.4086151123,0.5274601623069272,0.0019059601310750169,inverse,0.001,0.001,vit,inverse_dp_kfm_a,public,0.4,42,5,True
layer,blocks.9.attn.q_proj,attention_qkv,0.7199295918487637,0.006705334772741336,19221.296310424805,0.11227931748361758,0.000809857161814259,inverse,0.001,0.001,vit,inverse_dp_kfm_a,public,0.4,42,5,True
layer,blocks.9.attn.k_proj,attention_qkv,0.7201599643173096,0.006705334772741336,19221.296310424805,0.16974165738544228,0.0012243260822446653,inverse,0.001,0.001,vit,inverse_dp_kfm_a,public,0.4,42,5,True
layer,blocks.9.attn.v_proj,attention_qkv,0.7202019012143592,0.006705334772741336,19221.296310424805,0.45322142087170547,0.0032690313924836597,inverse,0.001,0.001,vit,inverse_dp_kfm_a,public,0.4,42,5,True
layer,blocks.9.attn.out_proj,attention_out,0.7201543993324296,0.006705334772741336,19221.296310424805,0.4454487943724024,0.0032129683759135204,inverse,0.001,0.001,vit,inverse_dp_kfm_a,public,0.4,42,5,True
layer,blocks.9.mlp.fc1,mlp_fc1,0.7204784657663997,0.026821339090965342,76885.18524169922,0.5430062449101086,0.0019583192443901466,inverse,0.001,0.001,vit,inverse_dp_kfm_a,public,0.4,42,5,True
layer,blocks.9.mlp.fc2,mlp_fc2,0.7201400114123324,0.026717111089316622,76586.4086151123,0.45129970581884427,0.0016307568000862175,inverse,0.001,0.001,vit,inverse_dp_kfm_a,public,0.4,42,5,True
layer,blocks.10.attn.q_proj,attention_qkv,0.720185426367982,0.006705334772741336,19221.296310424805,0.09686633934319233,0.0006986852112568349,inverse,0.001,0.001,vit,inverse_dp_kfm_a,public,0.4,42,5,True
layer,blocks.10.attn.k_proj,attention_qkv,0.7204396060421563,0.006705334772741336,19221.296310424805,0.1548652323601986,0.0011170242245303608,inverse,0.001,0.001,vit,inverse_dp_kfm_a,public,0.4,42,5,True
layer,blocks.10.attn.v_proj,attention_qkv,0.7203103082486643,0.006705334772741336,19221.296310424805,0.42496149982219633,0.0030651959937016,inverse,0.001,0.001,vit,inverse_dp_kfm_a,public,0.4,42,5,True
layer,blocks.10.attn.out_proj,attention_out,0.719770065110529,0.006705334772741336,19221.296310424805,0.41979865208729966,0.0030279569962872017,inverse,0.001,0.001,vit,inverse_dp_kfm_a,public,0.4,42,5,True
layer,blocks.10.mlp.fc1,mlp_fc1,0.7205018625874291,0.026821339090965342,76885.18524169922,0.4834485948832901,0.0017435281746898722,inverse,0.001,0.001,vit,inverse_dp_kfm_a,public,0.4,42,5,True
layer,blocks.10.mlp.fc2,mlp_fc2,0.7200880362420676,0.026717111089316622,76586.4086151123,0.3917953578536414,0.0014157397751961025,inverse,0.001,0.001,vit,inverse_dp_kfm_a,public,0.4,42,5,True
layer,blocks.11.attn.q_proj,attention_qkv,0.7200778171495088,0.006705334772741336,19221.296310424805,0.14556103263205178,0.0010499141551634946,inverse,0.001,0.001,vit,inverse_dp_kfm_a,public,0.4,42,5,True
layer,blocks.11.attn.k_proj,attention_qkv,0.7205526786580443,0.006705334772741336,19221.296310424805,0.18876012869293146,0.0013615040197341463,inverse,0.001,0.001,vit,inverse_dp_kfm_a,public,0.4,42,5,True
layer,blocks.11.attn.v_proj,attention_qkv,0.7201953017110164,0.006705334772741336,19221.296310424805,0.43104968846302977,0.003109109363356472,inverse,0.001,0.001,vit,inverse_dp_kfm_a,public,0.4,42,5,True
layer,blocks.11.attn.out_proj,attention_out,0.7202242476737565,0.006705334772741336,19221.296310424805,0.3852924040327826,0.0027790675949211207,inverse,0.001,0.001,vit,inverse_dp_kfm_a,public,0.4,42,5,True
layer,blocks.11.mlp.fc1,mlp_fc1,0.7199293129998998,0.026821339090965342,76885.18524169922,0.39931224110446495,0.0014400954935700307,inverse,0.001,0.001,vit,inverse_dp_kfm_a,public,0.4,42,5,True
layer,blocks.11.mlp.fc2,mlp_fc2,0.7202714728836519,0.026717111089316622,76586.4086151123,0.39058208623263263,0.001411355657677741,inverse,0.001,0.001,vit,inverse_dp_kfm_a,public,0.4,42,5,True
layer,head,patch_head,0.7215592401430071,0.0003492361860802786,1001.1091828346252,1.4825732507701757,0.046857103359338625,inverse,0.001,0.001,vit,inverse_dp_kfm_a,public,0.4,42,5,True
layer,cls_token,identity,0.7207425993548757,3.474266721627629e-05,99.59220886230469,0.035043351488630005,0.003511502260548072,inverse,0.001,0.001,vit,inverse_dp_kfm_a,public,0.4,42,5,True
layer,pos_embed,identity,0.7203343699700097,0.006844305441606457,19619.665145874023,0.14542400374245434,0.0010382221779567191,inverse,0.001,0.001,vit,inverse_dp_kfm_a,public,0.4,42,5,True
layer,blocks.0.norm1.weight,identity,0.721700581434986,3.474266721627629e-05,99.59220886230469,0.17684717150658075,0.01772088616348174,inverse,0.001,0.001,vit,inverse_dp_kfm_a,public,0.4,42,5,True
layer,blocks.0.norm1.bias,identity,0.7217209000792877,3.474266721627629e-05,99.59220886230469,0.1086879466427037,0.010891023664046894,inverse,0.001,0.001,vit,inverse_dp_kfm_a,public,0.4,42,5,True
layer,blocks.0.norm2.weight,identity,0.72145301035746,3.474266721627629e-05,99.59220886230469,0.059648088821506635,0.0059770081866185425,inverse,0.001,0.001,vit,inverse_dp_kfm_a,public,0.4,42,5,True
layer,blocks.0.norm2.bias,identity,0.714175097155697,3.474266721627629e-05,99.59220886230469,0.04703463100860839,0.004713082684581714,inverse,0.001,0.001,vit,inverse_dp_kfm_a,public,0.4,42,5,True
layer,blocks.1.norm1.weight,identity,0.7201260556350098,3.474266721627629e-05,99.59220886230469,0.07846972415184186,0.00786302114491472,inverse,0.001,0.001,vit,inverse_dp_kfm_a,public,0.4,42,5,True
layer,blocks.1.norm1.bias,identity,0.7198292697663107,3.474266721627629e-05,99.59220886230469,0.09021201800552017,0.009039652079447031,inverse,0.001,0.001,vit,inverse_dp_kfm_a,public,0.4,42,5,True
layer,blocks.1.norm2.weight,identity,0.7219071410756541,3.474266721627629e-05,99.59220886230469,0.08856943828627391,0.008875058164988387,inverse,0.001,0.001,vit,inverse_dp_kfm_a,public,0.4,42,5,True
layer,blocks.1.norm2.bias,identity,0.7202009784704063,3.474266721627629e-05,99.59220886230469,0.07745178076552038,0.0077610186151812885,inverse,0.001,0.001,vit,inverse_dp_kfm_a,public,0.4,42,5,True
layer,blocks.2.norm1.weight,identity,0.7147536825910189,3.474266721627629e-05,99.59220886230469,0.07303936560484105,0.007318874666243383,inverse,0.001,0.001,vit,inverse_dp_kfm_a,public,0.4,42,5,True
layer,blocks.2.norm1.bias,identity,0.7203985732710589,3.474266721627629e-05,99.59220886230469,0.09348230267985479,0.009367349389742468,inverse,0.001,0.001,vit,inverse_dp_kfm_a,public,0.4,42,5,True
layer,blocks.2.norm2.weight,identity,0.721578451930332,3.474266721627629e-05,99.59220886230469,0.06459427947059466,0.006472638852852328,inverse,0.001,0.001,vit,inverse_dp_kfm_a,public,0.4,42,5,True
layer,blocks.2.norm2.bias,identity,0.7190201493579259,3.474266721627629e-05,99.59220886230469,0.08617455197456379,0.008635079728563607,inverse,0.001,0.001,vit,inverse_dp_kfm_a,public,0.4,42,5,True
layer,blocks.3.norm1.weight,identity,0.71851678759155,3.474266721627629e-05,99.59220886230469,0.06333836717465746,0.006346790762447376,inverse,0.001,0.001,vit,inverse_dp_kfm_a,public,0.4,42,5,True
layer,blocks.3.norm1.bias,identity,0.7173638231745778,3.474266721627629e-05,99.59220886230469,0.08545209172305716,0.008562685944905536,inverse,0.001,0.001,vit,inverse_dp_kfm_a,public,0.4,42,5,True
layer,blocks.3.norm2.weight,identity,0.7194469351673098,3.474266721627629e-05,99.59220886230469,0.06143121302739793,0.0061556852940823385,inverse,0.001,0.001,vit,inverse_dp_kfm_a,public,0.4,42,5,True
layer,blocks.3.norm2.bias,identity,0.7214167067866659,3.474266721627629e-05,99.59220886230469,0.06965436262980178,0.006979682063541867,inverse,0.001,0.001,vit,inverse_dp_kfm_a,public,0.4,42,5,True
layer,blocks.4.norm1.weight,identity,0.7194166310675911,3.474266721627629e-05,99.59220886230469,0.059087785681306855,0.005920863278673826,inverse,0.001,0.001,vit,inverse_dp_kfm_a,public,0.4,42,5,True
layer,blocks.4.norm1.bias,identity,0.7180620483013157,3.474266721627629e-05,99.59220886230469,0.08681196112165562,0.008698951007018034,inverse,0.001,0.001,vit,inverse_dp_kfm_a,public,0.4,42,5,True
layer,blocks.4.norm2.weight,identity,0.7166136360928212,3.474266721627629e-05,99.59220886230469,0.050856522986845155,0.005096053540708389,inverse,0.001,0.001,vit,inverse_dp_kfm_a,public,0.4,42,5,True
layer,blocks.4.norm2.bias,identity,0.7211923070394939,3.474266721627629e-05,99.59220886230469,0.06360864938365723,0.0063738742618152,inverse,0.001,0.001,vit,inverse_dp_kfm_a,public,0.4,42,5,True
layer,blocks.5.norm1.weight,identity,0.7161909802410248,3.474266721627629e-05,99.59220886230469,0.04770667035106892,0.004780424065185475,inverse,0.001,0.001,vit,inverse_dp_kfm_a,public,0.4,42,5,True
layer,blocks.5.norm1.bias,identity,0.7217660613756091,3.474266721627629e-05,99.59220886230469,0.06726279756461906,0.006740036431035465,inverse,0.001,0.001,vit,inverse_dp_kfm_a,public,0.4,42,5,True
layer,blocks.5.norm2.weight,identity,0.7176578472853912,3.474266721627629e-05,99.59220886230469,0.044425754143962805,0.0044516614272380175,inverse,0.001,0.001,vit,inverse_dp_kfm_a,public,0.4,42,5,True
layer,blocks.5.norm2.bias,identity,0.7241689516287614,3.474266721627629e-05,99.59220886230469,0.05499493579906262,0.00551074121548453,inverse,0.001,0.001,vit,inverse_dp_kfm_a,public,0.4,42,5,True
layer,blocks.6.norm1.weight,identity,0.719698586702706,3.474266721627629e-05,99.59220886230469,0.0451453858456988,0.004523771777420361,inverse,0.001,0.001,vit,inverse_dp_kfm_a,public,0.4,42,5,True
layer,blocks.6.norm1.bias,identity,0.7213602509681853,3.474266721627629e-05,99.59220886230469,0.06961711086537159,0.006975949268319687,inverse,0.001,0.001,vit,inverse_dp_kfm_a,public,0.4,42,5,True
layer,blocks.6.norm2.weight,identity,0.7202068836797184,3.474266721627629e-05,99.59220886230469,0.03800093323436105,0.003807865323574731,inverse,0.001,0.001,vit,inverse_dp_kfm_a,public,0.4,42,5,True
layer,blocks.6.norm2.bias,identity,0.7179837764468324,3.474266721627629e-05,99.59220886230469,0.04622268462144031,0.004631721985537001,inverse,0.001,0.001,vit,inverse_dp_kfm_a,public,0.4,42,5,True
layer,blocks.7.norm1.weight,identity,0.717847603023422,3.474266721627629e-05,99.59220886230469,0.040130180794180806,0.004021225556028507,inverse,0.001,0.001,vit,inverse_dp_kfm_a,public,0.4,42,5,True
layer,blocks.7.norm1.bias,identity,0.7203717942138457,3.474266721627629e-05,99.59220886230469,0.056576909027605954,0.005669262085554817,inverse,0.001,0.001,vit,inverse_dp_kfm_a,public,0.4,42,5,True
layer,blocks.7.norm2.weight,identity,0.7201997177724552,3.474266721627629e-05,99.59220886230469,0.027378977615095366,0.0027434973455120566,inverse,0.001,0.001,vit,inverse_dp_kfm_a,public,0.4,42,5,True
layer,blocks.7.norm2.bias,identity,0.7107371898169971,3.474266721627629e-05,99.59220886230469,0.036663555831763,0.0036738540611544507,inverse,0.001,0.001,vit,inverse_dp_kfm_a,public,0.4,42,5,True
layer,blocks.8.norm1.weight,identity,0.7219412728081674,3.474266721627629e-05,99.59220886230469,0.05546351234623583,0.00555769470408486,inverse,0.001,0.001,vit,inverse_dp_kfm_a,public,0.4,42,5,True
layer,blocks.8.norm1.bias,identity,0.7189042910473773,3.474266721627629e-05,99.59220886230469,0.05527875307051649,0.005539180989306279,inverse,0.001,0.001,vit,inverse_dp_kfm_a,public,0.4,42,5,True
layer,blocks.8.norm2.weight,identity,0.7211654710195654,3.474266721627629e-05,99.59220886230469,0.02056993290150989,0.0020612002794998057,inverse,0.001,0.001,vit,inverse_dp_kfm_a,public,0.4,42,5,True
layer,blocks.8.norm2.bias,identity,0.7236843898814884,3.474266721627629e-05,99.59220886230469,0.03138733209529276,0.0031451525873874777,inverse,0.001,0.001,vit,inverse_dp_kfm_a,public,0.4,42,5,True
layer,blocks.9.norm1.weight,identity,0.723704297857399,3.474266721627629e-05,99.59220886230469,0.04552447499403193,0.00456175822405784,inverse,0.001,0.001,vit,inverse_dp_kfm_a,public,0.4,42,5,True
layer,blocks.9.norm1.bias,identity,0.7230408708362622,3.474266721627629e-05,99.59220886230469,0.0560691161620102,0.005618378944539943,inverse,0.001,0.001,vit,inverse_dp_kfm_a,public,0.4,42,5,True
layer,blocks.9.norm2.weight,identity,0.7206778388738863,3.474266721627629e-05,99.59220886230469,0.07210872051434492,0.007225619820453143,inverse,0.001,0.001,vit,inverse_dp_kfm_a,public,0.4,42,5,True
layer,blocks.9.norm2.bias,identity,0.7146484210582352,3.474266721627629e-05,99.59220886230469,0.0307341262740616,0.0030796984107628335,inverse,0.001,0.001,vit,inverse_dp_kfm_a,public,0.4,42,5,True
layer,blocks.10.norm1.weight,identity,0.7204263562675522,3.474266721627629e-05,99.59220886230469,0.03942332115041108,0.0039503950238006505,inverse,0.001,0.001,vit,inverse_dp_kfm_a,public,0.4,42,5,True
layer,blocks.10.norm1.bias,identity,0.7230556074683262,3.474266721627629e-05,99.59220886230469,0.0511151123078582,0.005121965359832928,inverse,0.001,0.001,vit,inverse_dp_kfm_a,public,0.4,42,5,True
layer,blocks.10.norm2.weight,identity,0.7184055777420345,3.474266721627629e-05,99.59220886230469,0.04885204638200891,0.004895195922070463,inverse,0.001,0.001,vit,inverse_dp_kfm_a,public,0.4,42,5,True
layer,blocks.10.norm2.bias,identity,0.7172074256274389,3.474266721627629e-05,99.59220886230469,0.025484186197859294,0.0025536306785909333,inverse,0.001,0.001,vit,inverse_dp_kfm_a,public,0.4,42,5,True
layer,blocks.11.norm1.weight,identity,0.7183710468360317,3.474266721627629e-05,99.59220886230469,0.038840256179937895,0.0038919692775495483,inverse,0.001,0.001,vit,inverse_dp_kfm_a,public,0.4,42,5,True
layer,blocks.11.norm1.bias,identity,0.7209825591527209,3.474266721627629e-05,99.59220886230469,0.04532509430845149,0.004541779377903452,inverse,0.001,0.001,vit,inverse_dp_kfm_a,public,0.4,42,5,True
layer,blocks.11.norm2.weight,identity,0.7197931328392503,3.474266721627629e-05,99.59220886230469,0.02717715941214986,0.0027232742490969544,inverse,0.001,0.001,vit,inverse_dp_kfm_a,public,0.4,42,5,True
layer,blocks.11.norm2.bias,identity,0.7209325145245681,3.474266721627629e-05,99.59220886230469,0.02051553548417287,0.002055749412335776,inverse,0.001,0.001,vit,inverse_dp_kfm_a,public,0.4,42,5,True
layer,norm.weight,identity,0.7166176423566436,3.474266721627629e-05,99.59220886230469,0.020038957562142506,0.0020079941497981764,inverse,0.001,0.001,vit,inverse_dp_kfm_a,public,0.4,42,5,True
layer,norm.bias,identity,0.7191769596066663,3.474266721627629e-05,99.59220886230469,0.00908237880395091,0.0009100954202846522,inverse,0.001,0.001,vit,inverse_dp_kfm_a,public,0.4,42,5,True
group,attention_out,attention_out,0.7202341943180884,0.08046401727289565,230655.55572509766,1.7894192254739352,0.00372589094526892,inverse,0.001,0.001,vit,inverse_dp_kfm_a,public,0.4,42,5,True
group,attention_qkv,attention_qkv,0.7201810734077605,0.2413920518186876,691966.667175293,1.8372892380157335,0.002208690910428815,inverse,0.001,0.001,vit,inverse_dp_kfm_a,public,0.4,42,5,True
group,identity,identity,0.7203857461831266,0.008616181469636556,24698.867797851562,0.4836985068449672,0.0030777704382460008,inverse,0.001,0.001,vit,inverse_dp_kfm_a,public,0.4,42,5,True
group,mlp_fc1,mlp_fc1,0.7202356517475875,0.3218560690915826,922622.2229003906,2.208215688454532,0.002298950050856417,inverse,0.001,0.001,vit,inverse_dp_kfm_a,public,0.4,42,5,True
group,mlp_fc2,mlp_fc2,0.7202567259492085,0.3206053330717978,919036.9033813477,2.1819464090329745,0.0022760280201728905,inverse,0.001,0.001,vit,inverse_dp_kfm_a,public,0.4,42,5,True
group,patch_head,patch_head,0.7202365586330658,0.027066347275396748,77587.51779794693,1.7872251300267037,0.006416280377056187,inverse,0.001,0.001,vit,inverse_dp_kfm_a,public,0.4,42,5,True
