task,method,source,beta,seed,epoch,layer,research_only,cosA,relative_error_A,group,trace_S,trace_R,trace_R_block,layer_dimension,trace_S_per_dim,d_total,tau_layer,operator_state_bytes,condition_S,log_eigenvalue_spread_S,effective_rank_S,A_condition_raw,A_eigenvalue_min,A_eigenvalue_max,damping,lambda
vit,dp_kfm_a,pink,0.1,42,1,patch_embed,True,0.621153982490905,0.8487813064691657,patch_head,147648.0,590.5759025803851,113390.57329543395,147648,1.0,5526346,1.302118824422114,79679648,2.0876130985721764,0.10579023891961414,146701.77976871387,1572.1722681460901,0.01675302459148114,26.33864067029613,0.0001,0.0001
vit,dp_kfm_a,pink,0.1,42,1,blocks.0.attn.q_proj,True,0.3396325371922061,1.7188422276091564,attention_qkv,37056.0,155.91247023482538,29935.194285086473,37056,1.0,5526346,1.2378740437459286,79679648,3.19566944903266,0.31584141015167067,35555.793158514156,111075.55905783542,0.0001,11.107555905783542,0.0001,0.0001
vit,dp_kfm_a,pink,0.1,42,1,blocks.0.attn.k_proj,True,0.3396325371922061,1.7188422276091564,attention_qkv,37056.0,155.91247023482538,29935.194285086473,37056,1.0,5526346,1.2378740437459286,79679648,3.19566944903266,0.31584141015167067,35555.793158514156,111075.55905783542,0.0001,11.107555905783542,0.0001,0.0001
vit,dp_kfm_a,pink,0.1,42,1,blocks.0.attn.v_proj,True,0.3396325371922061,1.7188422276091564,attention_qkv,37056.0,155.91247023482538,29935.194285086473,37056,1.0,5526346,1.2378740437459286,79679648,3.19566944903266,0.31584141015167067,35555.793158514156,111075.55905783542,0.0001,11.107555905783542,0.0001,0.0001
vit,dp_kfm_a,pink,0.1,42,1,blocks.0.attn.out_proj,True,0.10836942728802505,4.822867426418404,attention_out,37056.0,131.39791270306392,25228.399238988273,37056,1.0,5526346,1.4688208969966359,79679648,3.0991856127620805,0.2861696446495507,35615.09879701381,81747.762158209,0.00010197658056382294,8.336357253638838,0.0001,0.0001
vit,dp_kfm_a,pink,0.1,42,1,blocks.0.mlp.fc1,True,0.3641099132362489,1.9164945556238355,mlp_fc1,148224.0,176.15602680546007,135287.82858659333,148224,1.0,5526346,1.0956196248291963,79679648,3.6450091491242476,0.3357525391366707,141828.2375355449,413986.54614816816,0.00010000003122115586,41.3986675399553,0.0001,0.0001
vit,dp_kfm_a,pink,0.1,42,1,blocks.0.mlp.fc2,True,0.1190921571486446,7.593671423422714,mlp_fc2,147648.0,614.7561578767385,118033.18231233378,147648,1.0,5526346,1.2509024759605387,79679648,3.879485026495241,0.2145195908337724,144404.01051629696,772219.5632792313,0.00015906761511146707,122.83512427324595,0.0001,0.0001
vit,dp_kfm_a,pink,0.1,42,1,blocks.1.attn.q_proj,True,0.36522506393233223,2.1311724236103684,attention_qkv,37056.0,155.5375970474106,29863.218633102835,37056,1.0,5526346,1.2408575396800698,79679648,3.581743366067122,0.21292787421409942,36266.38931995926,347491.87291249563,0.0001,34.74918729124956,0.0001,0.0001
vit,dp_kfm_a,pink,0.1,42,1,blocks.1.attn.k_proj,True,0.36522506393233223,2.1311724236103684,attention_qkv,37056.0,155.5375970474106,29863.218633102835,37056,1.0,5526346,1.2408575396800698,79679648,3.581743366067122,0.21292787421409942,36266.38931995926,347491.87291249563,0.0001,34.74918729124956,0.0001,0.0001
vit,dp_kfm_a,pink,0.1,42,1,blocks.1.attn.v_proj,True,0.36522506393233223,2.1311724236103684,attention_qkv,37056.0,155.5375970474106,29863.218633102835,37056,1.0,5526346,1.2408575396800698,79679648,3.581743366067122,0.21292787421409942,36266.38931995926,347491.87291249563,0.0001,34.74918729124956,0.0001,0.0001
vit,dp_kfm_a,pink,0.1,42,1,blocks.1.attn.out_proj,True,0.144290203191076,3.923907957708787,attention_out,37056.0,128.7812120533792,24725.992714248805,37056,1.0,5526346,1.4986658140785507,79679648,3.296831944629224,0.16060020783852802,36532.992910864574,151693.89275451435,0.0002720687868649474,41.27117337654216,0.0001,0.0001
vit,dp_kfm_a,pink,0.1,42,1,blocks.1.mlp.fc1,True,0.23393590191609723,2.4326963686227363,mlp_fc1,148224.0,167.4534435978885,128604.24468317837,148224,1.0,5526346,1.1525591582545014,79679648,3.7811556390799024,0.17380158944862456,146087.17453902264,597372.9327486379,0.00010001871796404898,59.748474879942805,0.0001,0.0001
vit,dp_kfm_a,pink,0.1,42,1,blocks.1.mlp.fc2,True,0.040200446112319925,3.058799579063516,mlp_fc2,147648.0,486.975277011303,93499.25318617017,147648,1.0,5526346,1.579135607703861,79679648,3.5292310449840034,0.20779004878729299,144395.1721539542,299778.794303037,0.00010051576812282654,30.13249577630458,0.0001,0.0001
vit,dp_kfm_a,pink,0.1,42,1,blocks.2.attn.q_proj,True,0.3826682523551794,1.5533921232480628,attention_qkv,37056.0,162.11233276655827,31125.567891179187,37056,1.0,5526346,1.19053249500715,79679648,3.497322808696691,0.17455198702808133,36491.12125494719,273751.9381263095,0.0001,27.375193812630947,0.0001,0.0001
vit,dp_kfm_a,pink,0.1,42,1,blocks.2.attn.k_proj,True,0.3826682523551794,1.5533921232480628,attention_qkv,37056.0,162.11233276655827,31125.567891179187,37056,1.0,5526346,1.19053249500715,79679648,3.497322808696691,0.17455198702808133,36491.12125494719,273751.9381263095,0.0001,27.375193812630947,0.0001,0.0001
vit,dp_kfm_a,pink,0.1,42,1,blocks.2.attn.v_proj,True,0.3826682523551794,1.5533921232480628,attention_qkv,37056.0,162.11233276655827,31125.567891179187,37056,1.0,5526346,1.19053249500715,79679648,3.497322808696691,0.17455198702808133,36491.12125494719,273751.9381263095,0.0001,27.375193812630947,0.0001,0.0001
vit,dp_kfm_a,pink,0.1,42,1,blocks.2.attn.out_proj,True,0.11636580509920338,1.8886769977209008,attention_out,37056.0,130.01210871737874,24962.324873736718,37056,1.0,5526346,1.484477114508963,79679648,2.71845164004195,0.18695748098173953,36373.54879595467,22040.22963867986,0.000549152033099884,12.103436916069365,0.0001,0.0001
vit,dp_kfm_a,pink,0.1,42,1,blocks.2.mlp.fc1,True,0.2224458376863884,1.7094821731045011,mlp_fc1,148224.0,173.80946092313744,133485.66598896956,148224,1.0,5526346,1.1104113606643602,79679648,3.6278338782238406,0.1546999006822257,146551.89967110413,394887.98603890644,0.0001,39.48879860389064,0.0001,0.0001
vit,dp_kfm_a,pink,0.1,42,1,blocks.2.mlp.fc2,True,0.17132748893572655,1.8734494675448976,mlp_fc2,147648.0,498.569969731891,95725.43418852307,147648,1.0,5526346,1.5424113899470007,79679648,3.017564426806208,0.17027292368496444,145457.99042289326,62598.72867392469,0.00015470411829847489,9.684281126104977,0.0001,0.0001
vit,dp_kfm_a,pink,0.1,42,1,blocks.3.attn.q_proj,True,0.270330807126886,1.9068547056821001,attention_qkv,37056.0,173.0360001883147,33222.91203615642,37056,1.0,5526346,1.1153748340805296,79679648,3.6394228215352444,0.14805648325137685,36665.056961069604,407685.38292372716,0.0001,40.76853829237272,0.0001,0.0001
vit,dp_kfm_a,pink,0.1,42,1,blocks.3.attn.k_proj,True,0.270330807126886,1.9068547056821001,attention_qkv,37056.0,173.0360001883147,33222.91203615642,37056,1.0,5526346,1.1153748340805296,79679648,3.6394228215352444,0.14805648325137685,36665.056961069604,407685.38292372716,0.0001,40.76853829237272,0.0001,0.0001
vit,dp_kfm_a,pink,0.1,42,1,blocks.3.attn.v_proj,True,0.270330807126886,1.9068547056821001,attention_qkv,37056.0,173.0360001883147,33222.91203615642,37056,1.0,5526346,1.1153748340805296,79679648,3.6394228215352444,0.14805648325137685,36665.056961069604,407685.38292372716,0.0001,40.76853829237272,0.0001,0.0001
vit,dp_kfm_a,pink,0.1,42,1,blocks.3.attn.out_proj,True,0.03096319252827678,2.2956173677552303,attention_out,37056.0,124.47345336025712,23898.90304516937,37056,1.0,5526346,1.5505314168589024,79679648,2.9642490235123047,0.15979276394060749,36555.15479893178,52377.75196585233,0.0002696739417544203,14.124914832866734,0.0001,0.0001
vit,dp_kfm_a,pink,0.1,42,1,blocks.3.mlp.fc1,True,0.18025118275917792,2.483678467698164,mlp_fc1,148224.0,172.0016085346916,132097.23535464314,148224,1.0,5526346,1.1220825296007226,79679648,3.787185300904475,0.1403643049044012,146794.80439636516,606967.6569222288,0.0001,60.696765692222876,0.0001,0.0001
vit,dp_kfm_a,pink,0.1,42,1,blocks.3.mlp.fc2,True,0.15470164973298836,2.2165783745061423,mlp_fc2,147648.0,478.9018306605906,91949.15148683339,147648,1.0,5526346,1.6057570691246932,79679648,3.2062258739507583,0.17103778557066462,145437.165511534,114799.8036096853,0.00010183579647969382,11.690729436304732,0.0001,0.0001
vit,dp_kfm_a,pink,0.1,42,1,blocks.4.attn.q_proj,True,0.2960674035963436,2.3393084714450256,attention_qkv,37056.0,171.03175739183317,32838.09741923197,37056,1.0,5526346,1.1284454006856612,79679648,3.6720204842955506,0.14551905944447782,36670.47063608144,445708.53684608714,0.00010003516147046757,44.586525452164175,0.0001,0.0001
vit,dp_kfm_a,pink,0.1,42,1,blocks.4.attn.k_proj,True,0.2960674035963436,2.3393084714450256,attention_qkv,37056.0,171.03175739183317,32838.09741923197,37056,1.0,5526346,1.1284454006856612,79679648,3.6720204842955506,0.14551905944447782,36670.47063608144,445708.53684608714,0.00010003516147046757,44.586525452164175,0.0001,0.0001
vit,dp_kfm_a,pink,0.1,42,1,blocks.4.attn.v_proj,True,0.2960674035963436,2.3393084714450256,attention_qkv,37056.0,171.03175739183317,32838.09741923197,37056,1.0,5526346,1.1284454006856612,79679648,3.6720204842955506,0.14551905944447782,36670.47063608144,445708.53684608714,0.00010003516147046757,44.586525452164175,0.0001,0.0001
vit,dp_kfm_a,pink,0.1,42,1,blocks.4.attn.out_proj,True,0.11981143461313551,4.686292724752977,attention_out,37056.0,119.44112334499033,22932.695682238143,37056,1.0,5526346,1.6158588817232094,79679648,2.8550733639107584,0.16005158167574496,36512.02093918365,35989.24397024307,0.00046914543479104125,16.884189510220544,0.0001,0.0001
vit,dp_kfm_a,pink,0.1,42,1,blocks.4.mlp.fc1,True,0.17858730292916236,3.2551235253766895,mlp_fc1,148224.0,170.91967719510953,131266.3120858441,148224,1.0,5526346,1.1291853762377821,79679648,3.859339102743462,0.1360679786220846,146875.7217586943,733042.9097912195,0.0001,73.30429097912196,0.0001,0.0001
vit,dp_kfm_a,pink,0.1,42,1,blocks.4.mlp.fc2,True,0.18460710087757812,3.471254232152399,mlp_fc2,147648.0,476.31746038002535,91452.95239296487,147648,1.0,5526346,1.614469474594655,79679648,3.1609111065731845,0.1650850151128894,145550.54844407315,99568.6972026946,0.00015542775788898985,15.475739362142557,0.0001,0.0001
vit,dp_kfm_a,pink,0.1,42,1,blocks.5.attn.q_proj,True,0.28522367273552746,2.4959241243811983,attention_qkv,37056.0,172.35408179271374,33091.98370420104,37056,1.0,5526346,1.1197878111881134,79679648,3.751079783731222,0.1386582544725539,36706.280397323266,551522.220910101,0.00010001728088311847,55.16175288204688,0.0001,0.0001
vit,dp_kfm_a,pink,0.1,42,1,blocks.5.attn.k_proj,True,0.28522367273552746,2.4959241243811983,attention_qkv,37056.0,172.35408179271374,33091.98370420104,37056,1.0,5526346,1.1197878111881134,79679648,3.751079783731222,0.1386582544725539,36706.280397323266,551522.220910101,0.00010001728088311847,55.16175288204688,0.0001,0.0001
vit,dp_kfm_a,pink,0.1,42,1,blocks.5.attn.v_proj,True,0.28522367273552746,2.4959241243811983,attention_qkv,37056.0,172.35408179271374,33091.98370420104,37056,1.0,5526346,1.1197878111881134,79679648,3.751079783731222,0.1386582544725539,36706.280397323266,551522.220910101,0.00010001728088311847,55.16175288204688,0.0001,0.0001
vit,dp_kfm_a,pink,0.1,42,1,blocks.5.attn.out_proj,True,0.114549298883827,4.858133705609881,attention_out,37056.0,124.81461431526725,23964.405948531312,37056,1.0,5526346,1.5462932851156705,79679648,2.7638492818706086,0.13763746840297622,36649.31787988713,26010.192366515246,0.0007845074714706651,20.40519024592047,0.0001,0.0001
vit,dp_kfm_a,pink,0.1,42,1,blocks.5.mlp.fc1,True,0.1660334225184072,4.195165251919726,mlp_fc1,148224.0,168.63045827171644,129508.19195267823,148224,1.0,5526346,1.1445144725220198,79679648,4.008260100427552,0.12921895432194308,146987.86518669908,1070431.6859959166,0.0001,107.04316859959167,0.0001,0.0001
vit,dp_kfm_a,pink,0.1,42,1,blocks.5.mlp.fc2,True,0.13436147271293303,3.893999695710711,mlp_fc2,147648.0,455.4448872757191,87445.41835693807,147648,1.0,5526346,1.6884589584479397,79679648,3.3864227967265195,0.18516273670034336,145001.62557642587,198340.67668736927,0.00010120769296466831,20.073602308579815,0.0001,0.0001
vit,dp_kfm_a,pink,0.1,42,1,blocks.6.attn.q_proj,True,0.1664079526767589,3.630027224261625,attention_qkv,37056.0,164.79023078577154,31639.724310868136,37056,1.0,5526346,1.1711859318341593,79679648,3.839787493622647,0.13908837415682837,36695.95710602992,696741.8503820731,0.0001,69.67418503820731,0.0001,0.0001
vit,dp_kfm_a,pink,0.1,42,1,blocks.6.attn.k_proj,True,0.1664079526767589,3.630027224261625,attention_qkv,37056.0,164.79023078577154,31639.724310868136,37056,1.0,5526346,1.1711859318341593,79679648,3.839787493622647,0.13908837415682837,36695.95710602992,696741.8503820731,0.0001,69.67418503820731,0.0001,0.0001
vit,dp_kfm_a,pink,0.1,42,1,blocks.6.attn.v_proj,True,0.1664079526767589,3.630027224261625,attention_qkv,37056.0,164.79023078577154,31639.724310868136,37056,1.0,5526346,1.1711859318341593,79679648,3.839787493622647,0.13908837415682837,36695.95710602992,696741.8503820731,0.0001,69.67418503820731,0.0001,0.0001
vit,dp_kfm_a,pink,0.1,42,1,blocks.6.attn.out_proj,True,0.07248219260873141,4.5861542909055775,attention_out,37056.0,108.74097884602627,20878.267938437042,37056,1.0,5526346,1.7748598738777386,79679648,3.1300275234758996,0.162657171434663,36473.83555318689,90257.13936121143,0.00024389856861959037,22.01358709789836,0.0001,0.0001
vit,dp_kfm_a,pink,0.1,42,1,blocks.6.mlp.fc1,True,0.13727009054607686,4.071613246199397,mlp_fc1,148224.0,168.6771200969476,129544.02823445575,148224,1.0,5526346,1.1441978609136365,79679648,4.094530888160995,0.13775929246151405,146803.63765841475,1324468.1428175261,0.0001,132.4468142817526,0.0001,0.0001
vit,dp_kfm_a,pink,0.1,42,1,blocks.6.mlp.fc2,True,0.10025464659780577,3.651300849771205,mlp_fc2,147648.0,448.4070217987268,86094.14818535555,147648,1.0,5526346,1.7149597633758185,79679648,3.3530501231200565,0.1832610139800034,145008.8148652105,179638.92825416574,0.00010332785112139016,18.561704434252526,0.0001,0.0001
vit,dp_kfm_a,pink,0.1,42,1,blocks.7.attn.q_proj,True,0.16329605700408437,3.9595461603797273,attention_qkv,37056.0,164.82725289276095,31646.832555410103,37056,1.0,5526346,1.1709228699307914,79679648,3.91701254664654,0.14131204201751227,36681.8526233368,850255.8456429964,0.00010000467892526675,85.02956284785903,0.0001,0.0001
vit,dp_kfm_a,pink,0.1,42,1,blocks.7.attn.k_proj,True,0.16329605700408437,3.9595461603797273,attention_qkv,37056.0,164.82725289276095,31646.832555410103,37056,1.0,5526346,1.1709228699307914,79679648,3.91701254664654,0.14131204201751227,36681.8526233368,850255.8456429964,0.00010000467892526675,85.02956284785903,0.0001,0.0001
vit,dp_kfm_a,pink,0.1,42,1,blocks.7.attn.v_proj,True,0.16329605700408437,3.9595461603797273,attention_qkv,37056.0,164.82725289276095,31646.832555410103,37056,1.0,5526346,1.1709228699307914,79679648,3.91701254664654,0.14131204201751227,36681.8526233368,850255.8456429964,0.00010000467892526675,85.02956284785903,0.0001,0.0001
vit,dp_kfm_a,pink,0.1,42,1,blocks.7.attn.out_proj,True,0.09858226395399361,4.509750689347321,attention_out,37056.0,109.08070382312071,20943.495134039178,37056,1.0,5526346,1.7693321846635515,79679648,3.0393076186846315,0.15665919376614118,36508.748194869666,67258.40860451855,0.0002864435349113614,19.26573631319102,0.0001,0.0001
vit,dp_kfm_a,pink,0.1,42,1,blocks.7.mlp.fc1,True,0.15540215586619216,4.020683547920182,mlp_fc1,148224.0,173.2443683115879,133051.6748632995,148224,1.0,5526346,1.1140333269181986,79679648,4.2897020878316425,0.14552886029551218,146654.3351952462,2109945.9126896793,0.0001,210.99459126896792,0.0001,0.0001
vit,dp_kfm_a,pink,0.1,42,1,blocks.7.mlp.fc2,True,0.998581504800731,0.15563722430145224,mlp_fc2,147648.0,462.0611408408645,88715.73904144598,147648,1.0,5526346,1.6642819142950747,79679648,4.754743510982923,0.1996549556705561,144392.36786616727,5905694.047948589,0.00010774316504658366,636.2981685227516,0.0001,0.0001
vit,dp_kfm_a,pink,0.1,42,1,blocks.8.attn.q_proj,True,0.29995861146002356,3.4067457186357095,attention_qkv,37056.0,166.23465516256596,31917.053791212664,37056,1.0,5526346,1.1610094165459024,79679648,4.113073491109318,0.14432624384533538,36658.02606903563,1385685.5692031567,0.00010005932463958457,138.6507622172862,0.0001,0.0001
vit,dp_kfm_a,pink,0.1,42,1,blocks.8.attn.k_proj,True,0.29995861146002356,3.4067457186357095,attention_qkv,37056.0,166.23465516256596,31917.053791212664,37056,1.0,5526346,1.1610094165459024,79679648,4.113073491109318,0.14432624384533538,36658.02606903563,1385685.5692031567,0.00010005932463958457,138.6507622172862,0.0001,0.0001
vit,dp_kfm_a,pink,0.1,42,1,blocks.8.attn.v_proj,True,0.29995861146002356,3.4067457186357095,attention_qkv,37056.0,166.23465516256596,31917.053791212664,37056,1.0,5526346,1.1610094165459024,79679648,4.113073491109318,0.14432624384533538,36658.02606903563,1385685.5692031567,0.00010005932463958457,138.6507622172862,0.0001,0.0001
vit,dp_kfm_a,pink,0.1,42,1,blocks.8.attn.out_proj,True,0.24995600739235924,1.4483544418616243,attention_out,37056.0,91.72866027362925,17611.902772536814,37056,1.0,5526346,2.104031601729224,79679648,2.89871413764209,0.1464598894635651,36530.720726347936,41884.55316874544,0.00012463224590691488,5.220165930228332,0.0001,0.0001
vit,dp_kfm_a,pink,0.1,42,1,blocks.8.mlp.fc1,True,0.2404947275668351,3.3779677045983925,mlp_fc1,148224.0,178.53695139660832,137116.3786725952,148224,1.0,5526346,1.0810087127076733,79679648,4.41386724237342,0.1489732342048632,146567.77449641848,2806678.486610691,0.0001,280.6678486610691,0.0001,0.0001
vit,dp_kfm_a,pink,0.1,42,1,blocks.8.mlp.fc2,True,0.11895514113759215,3.2658339932484397,mlp_fc2,147648.0,471.89973754798734,90604.74960921357,147648,1.0,5526346,1.6295834449829518,79679648,3.3877012339997097,0.20019559458848277,144583.2621255713,199090.7227672925,0.0001009674646328453,20.101685509734214,0.0001,0.0001
vit,dp_kfm_a,pink,0.1,42,1,blocks.9.attn.q_proj,True,0.2604439110064746,3.619839984250382,attention_qkv,37056.0,171.3399081516338,32897.26236511369,37056,1.0,5526346,1.1264159184047027,79679648,4.116016369429532,0.1388942384237577,36691.83963028406,1395632.0455505603,0.0001,139.56320455505605,0.0001,0.0001
vit,dp_kfm_a,pink,0.1,42,1,blocks.9.attn.k_proj,True,0.2604439110064746,3.619839984250382,attention_qkv,37056.0,171.3399081516338,32897.26236511369,37056,1.0,5526346,1.1264159184047027,79679648,4.116016369429532,0.1388942384237577,36691.83963028406,1395632.0455505603,0.0001,139.56320455505605,0.0001,0.0001
vit,dp_kfm_a,pink,0.1,42,1,blocks.9.attn.v_proj,True,0.2604439110064746,3.619839984250382,attention_qkv,37056.0,171.3399081516338,32897.26236511369,37056,1.0,5526346,1.1264159184047027,79679648,4.116016369429532,0.1388942384237577,36691.83963028406,1395632.0455505603,0.0001,139.56320455505605,0.0001,0.0001
vit,dp_kfm_a,pink,0.1,42,1,blocks.9.attn.out_proj,True,0.3917987070551383,1.2324320075525947,attention_out,37056.0,89.65619646141762,17213.989720592184,37056,1.0,5526346,2.1526677197716615,79679648,2.774951535363341,0.13900683722368767,36578.773228685386,27074.0998050691,0.00012091865491817738,3.2737637315494443,0.0001,0.0001
vit,dp_kfm_a,pink,0.1,42,1,blocks.9.mlp.fc1,True,0.24250496336023913,3.349540734600931,mlp_fc1,148224.0,183.07712844183413,140603.23464332861,148224,1.0,5526346,1.054200498132231,79679648,4.419122714329192,0.1420741439573616,146726.0356311334,2840276.4719761913,0.0001,284.02764719761916,0.0001,0.0001
vit,dp_kfm_a,pink,0.1,42,1,blocks.9.mlp.fc2,True,0.12760597757906111,4.12959558397756,mlp_fc2,147648.0,482.6098254059223,92661.08647793709,147648,1.0,5526346,1.5934196933375637,79679648,3.3894933293703984,0.20034965764223533,144629.72094388618,200146.42418658748,0.0001064686528574935,21.309320157390424,0.0001,0.0001
vit,dp_kfm_a,pink,0.1,42,1,blocks.10.attn.q_proj,True,0.2531010967175296,3.0870658864225646,attention_qkv,37056.0,176.4067568378365,33870.09731286461,37056,1.0,5526346,1.0940624013479086,79679648,4.071971844116272,0.13430773639203183,36723.09931682634,1253278.714817831,0.0001,125.32787148178312,0.0001,0.0001
vit,dp_kfm_a,pink,0.1,42,1,blocks.10.attn.k_proj,True,0.2531010967175296,3.0870658864225646,attention_qkv,37056.0,176.4067568378365,33870.09731286461,37056,1.0,5526346,1.0940624013479086,79679648,4.071971844116272,0.13430773639203183,36723.09931682634,1253278.714817831,0.0001,125.32787148178312,0.0001,0.0001
vit,dp_kfm_a,pink,0.1,42,1,blocks.10.attn.v_proj,True,0.2531010967175296,3.0870658864225646,attention_qkv,37056.0,176.4067568378365,33870.09731286461,37056,1.0,5526346,1.0940624013479086,79679648,4.071971844116272,0.13430773639203183,36723.09931682634,1253278.714817831,0.0001,125.32787148178312,0.0001,0.0001
vit,dp_kfm_a,pink,0.1,42,1,blocks.10.attn.out_proj,True,0.37076967401987454,2.050561253646849,attention_out,37056.0,94.52602699469394,18148.997182981235,37056,1.0,5526346,2.0417657034377816,79679648,2.9556860033467998,0.16769147783621574,36417.55574976736,50884.19988320645,0.00011425757090382522,5.813905076039876,0.0001,0.0001
vit,dp_kfm_a,pink,0.1,42,1,blocks.10.mlp.fc1,True,0.2990270676149086,2.695934457813629,mlp_fc1,148224.0,184.71637460260862,141862.17569480342,148224,1.0,5526346,1.0448451059913473,79679648,4.321486943397301,0.13691011921362792,146856.1817740975,2271601.0039288714,0.00010005350044987441,227.28163206853247,0.0001,0.0001
vit,dp_kfm_a,pink,0.1,42,1,blocks.10.mlp.fc2,True,0.300434291083462,3.977497475627046,mlp_fc2,147648.0,482.88418503700797,92713.76352710553,147648,1.0,5526346,1.5925143623021414,79679648,3.2671167013734603,0.1907309908514926,144925.8432126586,138562.74471585333,0.00010636320576658664,14.737977727795325,0.0001,0.0001
vit,dp_kfm_a,pink,0.1,42,1,blocks.11.attn.q_proj,True,0.3644568428462474,2.784838827888831,attention_qkv,37056.0,178.2592516466951,34225.77631616546,37056,1.0,5526346,1.0826927534876039,79679648,4.113870098882222,0.13209493390894242,36737.081700164345,1388371.6637975674,0.0001000771165820922,138.94423285714248,0.0001,0.0001
vit,dp_kfm_a,pink,0.1,42,1,blocks.11.attn.k_proj,True,0.3644568428462474,2.784838827888831,attention_qkv,37056.0,178.2592516466951,34225.77631616546,37056,1.0,5526346,1.0826927534876039,79679648,4.113870098882222,0.13209493390894242,36737.081700164345,1388371.6637975674,0.0001000771165820922,138.94423285714248,0.0001,0.0001
vit,dp_kfm_a,pink,0.1,42,1,blocks.11.attn.v_proj,True,0.3644568428462474,2.784838827888831,attention_qkv,37056.0,178.2592516466951,34225.77631616546,37056,1.0,5526346,1.0826927534876039,79679648,4.113870098882222,0.13209493390894242,36737.081700164345,1388371.6637975674,0.0001000771165820922,138.94423285714248,0.0001,0.0001
vit,dp_kfm_a,pink,0.1,42,1,blocks.11.attn.out_proj,True,0.6801204466225397,1.2942010208110768,attention_out,37056.0,92.2871005164,17719.1232991488,37056,1.0,5526346,2.091299855776731,79679648,2.9579934640574472,0.13663524525996715,36600.999155265265,51282.84383435438,0.00011604230949567273,5.950979636044403,0.0001,0.0001
vit,dp_kfm_a,pink,0.1,42,1,blocks.11.mlp.fc1,True,0.5142852613469918,1.7317356690908488,mlp_fc1,148224.0,178.18675215890093,136847.4256580359,148224,1.0,5526346,1.0831332726009233,79679648,4.24883209853498,0.13405628350275745,146897.3575927965,1917324.8176234332,0.0001,191.73248176234333,0.0001,0.0001
vit,dp_kfm_a,pink,0.1,42,1,blocks.11.mlp.fc2,True,0.8415028137170562,0.6481983922810607,mlp_fc2,147648.0,442.11280972721414,84885.65946762511,147648,1.0,5526346,1.7393750714313774,79679648,3.5678933378027367,0.20343545373159513,144447.0362715664,334286.33715914487,0.00010003688075112634,33.44096244712019,0.0001,0.0001
vit,dp_kfm_a,pink,0.1,42,1,head,True,0.012687905704597671,2.473683721071092,patch_head,1930.0,157.22081152558974,1572.2081152558974,1930,1.0,5526346,1.2275728520113047,79679648,5.517020226537853,0.18809154766703862,1891.1918294080083,26124366.131336764,0.00010028851981361271,2619.97401038064,0.0001,0.0001
vit,dp_kfm_a,pink,0.1,42,1,identity,True,,,identity,47616.0,47616.0,,47616,1.0,5526346,1.0,79679648,,,,,,,0.0001,0.0001
vit,dp_kfm_a,pink,0.1,42,2,patch_embed,True,0.621153982490905,0.8487813064691657,patch_head,147648.0,590.5759025803851,113390.57329543395,147648,1.0,5526346,1.302118824422114,79679648,2.0876130985721764,0.10579023891961414,146701.77976871387,1572.1722681460901,0.01675302459148114,26.33864067029613,0.0001,0.0001
vit,dp_kfm_a,pink,0.1,42,2,blocks.0.attn.q_proj,True,0.3386581227028058,1.7076636189590082,attention_qkv,37056.0,155.91247023482538,29935.194285086473,37056,1.0,5526346,1.2378740437459286,79679648,3.19566944903266,0.31584141015167067,35555.793158514156,111075.55905783542,0.0001,11.107555905783542,0.0001,0.0001
vit,dp_kfm_a,pink,0.1,42,2,blocks.0.attn.k_proj,True,0.3386581227028058,1.7076636189590082,attention_qkv,37056.0,155.91247023482538,29935.194285086473,37056,1.0,5526346,1.2378740437459286,79679648,3.19566944903266,0.31584141015167067,35555.793158514156,111075.55905783542,0.0001,11.107555905783542,0.0001,0.0001
vit,dp_kfm_a,pink,0.1,42,2,blocks.0.attn.v_proj,True,0.3386581227028058,1.7076636189590082,attention_qkv,37056.0,155.91247023482538,29935.194285086473,37056,1.0,5526346,1.2378740437459286,79679648,3.19566944903266,0.31584141015167067,35555.793158514156,111075.55905783542,0.0001,11.107555905783542,0.0001,0.0001
vit,dp_kfm_a,pink,0.1,42,2,blocks.0.attn.out_proj,True,0.09895021016360923,4.47242606807067,attention_out,37056.0,131.39791270306392,25228.399238988273,37056,1.0,5526346,1.4688208969966359,79679648,3.0991856127620805,0.2861696446495507,35615.09879701381,81747.762158209,0.00010197658056382294,8.336357253638838,0.0001,0.0001
vit,dp_kfm_a,pink,0.1,42,2,blocks.0.mlp.fc1,True,0.3609785909902016,1.8629928652412655,mlp_fc1,148224.0,176.15602680546007,135287.82858659333,148224,1.0,5526346,1.0956196248291963,79679648,3.6450091491242476,0.3357525391366707,141828.2375355449,413986.54614816816,0.00010000003122115586,41.3986675399553,0.0001,0.0001
vit,dp_kfm_a,pink,0.1,42,2,blocks.0.mlp.fc2,True,0.11921534571820486,7.274711460059764,mlp_fc2,147648.0,614.7561578767385,118033.18231233378,147648,1.0,5526346,1.2509024759605387,79679648,3.879485026495241,0.2145195908337724,144404.01051629696,772219.5632792313,0.00015906761511146707,122.83512427324595,0.0001,0.0001
vit,dp_kfm_a,pink,0.1,42,2,blocks.1.attn.q_proj,True,0.36137052875024683,2.1485501847640776,attention_qkv,37056.0,155.5375970474106,29863.218633102835,37056,1.0,5526346,1.2408575396800698,79679648,3.581743366067122,0.21292787421409942,36266.38931995926,347491.87291249563,0.0001,34.74918729124956,0.0001,0.0001
vit,dp_kfm_a,pink,0.1,42,2,blocks.1.attn.k_proj,True,0.36137052875024683,2.1485501847640776,attention_qkv,37056.0,155.5375970474106,29863.218633102835,37056,1.0,5526346,1.2408575396800698,79679648,3.581743366067122,0.21292787421409942,36266.38931995926,347491.87291249563,0.0001,34.74918729124956,0.0001,0.0001
vit,dp_kfm_a,pink,0.1,42,2,blocks.1.attn.v_proj,True,0.36137052875024683,2.1485501847640776,attention_qkv,37056.0,155.5375970474106,29863.218633102835,37056,1.0,5526346,1.2408575396800698,79679648,3.581743366067122,0.21292787421409942,36266.38931995926,347491.87291249563,0.0001,34.74918729124956,0.0001,0.0001
vit,dp_kfm_a,pink,0.1,42,2,blocks.1.attn.out_proj,True,0.13665474334941077,4.003868598214369,attention_out,37056.0,128.7812120533792,24725.992714248805,37056,1.0,5526346,1.4986658140785507,79679648,3.296831944629224,0.16060020783852802,36532.992910864574,151693.89275451435,0.0002720687868649474,41.27117337654216,0.0001,0.0001
vit,dp_kfm_a,pink,0.1,42,2,blocks.1.mlp.fc1,True,0.21665959162271137,2.5372685079562713,mlp_fc1,148224.0,167.4534435978885,128604.24468317837,148224,1.0,5526346,1.1525591582545014,79679648,3.7811556390799024,0.17380158944862456,146087.17453902264,597372.9327486379,0.00010001871796404898,59.748474879942805,0.0001,0.0001
vit,dp_kfm_a,pink,0.1,42,2,blocks.1.mlp.fc2,True,0.046976318708257324,3.401689889588122,mlp_fc2,147648.0,486.975277011303,93499.25318617017,147648,1.0,5526346,1.579135607703861,79679648,3.5292310449840034,0.20779004878729299,144395.1721539542,299778.794303037,0.00010051576812282654,30.13249577630458,0.0001,0.0001
vit,dp_kfm_a,pink,0.1,42,2,blocks.2.attn.q_proj,True,0.40318827796705115,1.5674861976580885,attention_qkv,37056.0,162.11233276655827,31125.567891179187,37056,1.0,5526346,1.19053249500715,79679648,3.497322808696691,0.17455198702808133,36491.12125494719,273751.9381263095,0.0001,27.375193812630947,0.0001,0.0001
vit,dp_kfm_a,pink,0.1,42,2,blocks.2.attn.k_proj,True,0.40318827796705115,1.5674861976580885,attention_qkv,37056.0,162.11233276655827,31125.567891179187,37056,1.0,5526346,1.19053249500715,79679648,3.497322808696691,0.17455198702808133,36491.12125494719,273751.9381263095,0.0001,27.375193812630947,0.0001,0.0001
vit,dp_kfm_a,pink,0.1,42,2,blocks.2.attn.v_proj,True,0.40318827796705115,1.5674861976580885,attention_qkv,37056.0,162.11233276655827,31125.567891179187,37056,1.0,5526346,1.19053249500715,79679648,3.497322808696691,0.17455198702808133,36491.12125494719,273751.9381263095,0.0001,27.375193812630947,0.0001,0.0001
vit,dp_kfm_a,pink,0.1,42,2,blocks.2.attn.out_proj,True,0.1416902039166081,2.016438511378539,attention_out,37056.0,130.01210871737874,24962.324873736718,37056,1.0,5526346,1.484477114508963,79679648,2.71845164004195,0.18695748098173953,36373.54879595467,22040.22963867986,0.000549152033099884,12.103436916069365,0.0001,0.0001
vit,dp_kfm_a,pink,0.1,42,2,blocks.2.mlp.fc1,True,0.23491419268623084,1.789202106104371,mlp_fc1,148224.0,173.80946092313744,133485.66598896956,148224,1.0,5526346,1.1104113606643602,79679648,3.6278338782238406,0.1546999006822257,146551.89967110413,394887.98603890644,0.0001,39.48879860389064,0.0001,0.0001
vit,dp_kfm_a,pink,0.1,42,2,blocks.2.mlp.fc2,True,0.19449935674744717,2.0724051549330884,mlp_fc2,147648.0,498.569969731891,95725.43418852307,147648,1.0,5526346,1.5424113899470007,79679648,3.017564426806208,0.17027292368496444,145457.99042289326,62598.72867392469,0.00015470411829847489,9.684281126104977,0.0001,0.0001
vit,dp_kfm_a,pink,0.1,42,2,blocks.3.attn.q_proj,True,0.2714035296559603,1.9199919652572306,attention_qkv,37056.0,173.0360001883147,33222.91203615642,37056,1.0,5526346,1.1153748340805296,79679648,3.6394228215352444,0.14805648325137685,36665.056961069604,407685.38292372716,0.0001,40.76853829237272,0.0001,0.0001
vit,dp_kfm_a,pink,0.1,42,2,blocks.3.attn.k_proj,True,0.2714035296559603,1.9199919652572306,attention_qkv,37056.0,173.0360001883147,33222.91203615642,37056,1.0,5526346,1.1153748340805296,79679648,3.6394228215352444,0.14805648325137685,36665.056961069604,407685.38292372716,0.0001,40.76853829237272,0.0001,0.0001
vit,dp_kfm_a,pink,0.1,42,2,blocks.3.attn.v_proj,True,0.2714035296559603,1.9199919652572306,attention_qkv,37056.0,173.0360001883147,33222.91203615642,37056,1.0,5526346,1.1153748340805296,79679648,3.6394228215352444,0.14805648325137685,36665.056961069604,407685.38292372716,0.0001,40.76853829237272,0.0001,0.0001
vit,dp_kfm_a,pink,0.1,42,2,blocks.3.attn.out_proj,True,0.02340611600298845,2.035926530143381,attention_out,37056.0,124.47345336025712,23898.90304516937,37056,1.0,5526346,1.5505314168589024,79679648,2.9642490235123047,0.15979276394060749,36555.15479893178,52377.75196585233,0.0002696739417544203,14.124914832866734,0.0001,0.0001
vit,dp_kfm_a,pink,0.1,42,2,blocks.3.mlp.fc1,True,0.15802980725242888,2.2414051108840045,mlp_fc1,148224.0,172.0016085346916,132097.23535464314,148224,1.0,5526346,1.1220825296007226,79679648,3.787185300904475,0.1403643049044012,146794.80439636516,606967.6569222288,0.0001,60.696765692222876,0.0001,0.0001
vit,dp_kfm_a,pink,0.1,42,2,blocks.3.mlp.fc2,True,0.15192250436659754,1.9147815294191382,mlp_fc2,147648.0,478.9018306605906,91949.15148683339,147648,1.0,5526346,1.6057570691246932,79679648,3.2062258739507583,0.17103778557066462,145437.165511534,114799.8036096853,0.00010183579647969382,11.690729436304732,0.0001,0.0001
vit,dp_kfm_a,pink,0.1,42,2,blocks.4.attn.q_proj,True,0.2891422857209376,2.232975808111544,attention_qkv,37056.0,171.03175739183317,32838.09741923197,37056,1.0,5526346,1.1284454006856612,79679648,3.6720204842955506,0.14551905944447782,36670.47063608144,445708.53684608714,0.00010003516147046757,44.586525452164175,0.0001,0.0001
vit,dp_kfm_a,pink,0.1,42,2,blocks.4.attn.k_proj,True,0.2891422857209376,2.232975808111544,attention_qkv,37056.0,171.03175739183317,32838.09741923197,37056,1.0,5526346,1.1284454006856612,79679648,3.6720204842955506,0.14551905944447782,36670.47063608144,445708.53684608714,0.00010003516147046757,44.586525452164175,0.0001,0.0001
vit,dp_kfm_a,pink,0.1,42,2,blocks.4.attn.v_proj,True,0.2891422857209376,2.232975808111544,attention_qkv,37056.0,171.03175739183317,32838.09741923197,37056,1.0,5526346,1.1284454006856612,79679648,3.6720204842955506,0.14551905944447782,36670.47063608144,445708.53684608714,0.00010003516147046757,44.586525452164175,0.0001,0.0001
vit,dp_kfm_a,pink,0.1,42,2,blocks.4.attn.out_proj,True,0.12629254169454276,3.8434505229786375,attention_out,37056.0,119.44112334499033,22932.695682238143,37056,1.0,5526346,1.6158588817232094,79679648,2.8550733639107584,0.16005158167574496,36512.02093918365,35989.24397024307,0.00046914543479104125,16.884189510220544,0.0001,0.0001
vit,dp_kfm_a,pink,0.1,42,2,blocks.4.mlp.fc1,True,0.16483148064861142,2.944708348545148,mlp_fc1,148224.0,170.91967719510953,131266.3120858441,148224,1.0,5526346,1.1291853762377821,79679648,3.859339102743462,0.1360679786220846,146875.7217586943,733042.9097912195,0.0001,73.30429097912196,0.0001,0.0001
vit,dp_kfm_a,pink,0.1,42,2,blocks.4.mlp.fc2,True,0.18997700070846651,2.9494725119190135,mlp_fc2,147648.0,476.31746038002535,91452.95239296487,147648,1.0,5526346,1.614469474594655,79679648,3.1609111065731845,0.1650850151128894,145550.54844407315,99568.6972026946,0.00015542775788898985,15.475739362142557,0.0001,0.0001
vit,dp_kfm_a,pink,0.1,42,2,blocks.5.attn.q_proj,True,0.2707677599776061,2.3668524087164995,attention_qkv,37056.0,172.35408179271374,33091.98370420104,37056,1.0,5526346,1.1197878111881134,79679648,3.751079783731222,0.1386582544725539,36706.280397323266,551522.220910101,0.00010001728088311847,55.16175288204688,0.0001,0.0001
vit,dp_kfm_a,pink,0.1,42,2,blocks.5.attn.k_proj,True,0.2707677599776061,2.3668524087164995,attention_qkv,37056.0,172.35408179271374,33091.98370420104,37056,1.0,5526346,1.1197878111881134,79679648,3.751079783731222,0.1386582544725539,36706.280397323266,551522.220910101,0.00010001728088311847,55.16175288204688,0.0001,0.0001
vit,dp_kfm_a,pink,0.1,42,2,blocks.5.attn.v_proj,True,0.2707677599776061,2.3668524087164995,attention_qkv,37056.0,172.35408179271374,33091.98370420104,37056,1.0,5526346,1.1197878111881134,79679648,3.751079783731222,0.1386582544725539,36706.280397323266,551522.220910101,0.00010001728088311847,55.16175288204688,0.0001,0.0001
vit,dp_kfm_a,pink,0.1,42,2,blocks.5.attn.out_proj,True,0.10333873793180923,3.717654507574812,attention_out,37056.0,124.81461431526725,23964.405948531312,37056,1.0,5526346,1.5462932851156705,79679648,2.7638492818706086,0.13763746840297622,36649.31787988713,26010.192366515246,0.0007845074714706651,20.40519024592047,0.0001,0.0001
vit,dp_kfm_a,pink,0.1,42,2,blocks.5.mlp.fc1,True,0.15466826473912035,3.7272717592957507,mlp_fc1,148224.0,168.63045827171644,129508.19195267823,148224,1.0,5526346,1.1445144725220198,79679648,4.008260100427552,0.12921895432194308,146987.86518669908,1070431.6859959166,0.0001,107.04316859959167,0.0001,0.0001
vit,dp_kfm_a,pink,0.1,42,2,blocks.5.mlp.fc2,True,0.1260202696829967,3.5439687447026147,mlp_fc2,147648.0,455.4448872757191,87445.41835693807,147648,1.0,5526346,1.6884589584479397,79679648,3.3864227967265195,0.18516273670034336,145001.62557642587,198340.67668736927,0.00010120769296466831,20.073602308579815,0.0001,0.0001
vit,dp_kfm_a,pink,0.1,42,2,blocks.6.attn.q_proj,True,0.1541455883122976,3.3546564817997426,attention_qkv,37056.0,164.79023078577154,31639.724310868136,37056,1.0,5526346,1.1711859318341593,79679648,3.839787493622647,0.13908837415682837,36695.95710602992,696741.8503820731,0.0001,69.67418503820731,0.0001,0.0001
vit,dp_kfm_a,pink,0.1,42,2,blocks.6.attn.k_proj,True,0.1541455883122976,3.3546564817997426,attention_qkv,37056.0,164.79023078577154,31639.724310868136,37056,1.0,5526346,1.1711859318341593,79679648,3.839787493622647,0.13908837415682837,36695.95710602992,696741.8503820731,0.0001,69.67418503820731,0.0001,0.0001
vit,dp_kfm_a,pink,0.1,42,2,blocks.6.attn.v_proj,True,0.1541455883122976,3.3546564817997426,attention_qkv,37056.0,164.79023078577154,31639.724310868136,37056,1.0,5526346,1.1711859318341593,79679648,3.839787493622647,0.13908837415682837,36695.95710602992,696741.8503820731,0.0001,69.67418503820731,0.0001,0.0001
vit,dp_kfm_a,pink,0.1,42,2,blocks.6.attn.out_proj,True,0.05164510981921955,3.441175383702204,attention_out,37056.0,108.74097884602627,20878.267938437042,37056,1.0,5526346,1.7748598738777386,79679648,3.1300275234758996,0.162657171434663,36473.83555318689,90257.13936121143,0.00024389856861959037,22.01358709789836,0.0001,0.0001
vit,dp_kfm_a,pink,0.1,42,2,blocks.6.mlp.fc1,True,0.10575408091552384,3.415525359597618,mlp_fc1,148224.0,168.6771200969476,129544.02823445575,148224,1.0,5526346,1.1441978609136365,79679648,4.094530888160995,0.13775929246151405,146803.63765841475,1324468.1428175261,0.0001,132.4468142817526,0.0001,0.0001
vit,dp_kfm_a,pink,0.1,42,2,blocks.6.mlp.fc2,True,0.07011560113314462,2.8972035914871896,mlp_fc2,147648.0,448.4070217987268,86094.14818535555,147648,1.0,5526346,1.7149597633758185,79679648,3.3530501231200565,0.1832610139800034,145008.8148652105,179638.92825416574,0.00010332785112139016,18.561704434252526,0.0001,0.0001
vit,dp_kfm_a,pink,0.1,42,2,blocks.7.attn.q_proj,True,0.15064032228378427,3.5746756519553293,attention_qkv,37056.0,164.82725289276095,31646.832555410103,37056,1.0,5526346,1.1709228699307914,79679648,3.91701254664654,0.14131204201751227,36681.8526233368,850255.8456429964,0.00010000467892526675,85.02956284785903,0.0001,0.0001
vit,dp_kfm_a,pink,0.1,42,2,blocks.7.attn.k_proj,True,0.15064032228378427,3.5746756519553293,attention_qkv,37056.0,164.82725289276095,31646.832555410103,37056,1.0,5526346,1.1709228699307914,79679648,3.91701254664654,0.14131204201751227,36681.8526233368,850255.8456429964,0.00010000467892526675,85.02956284785903,0.0001,0.0001
vit,dp_kfm_a,pink,0.1,42,2,blocks.7.attn.v_proj,True,0.15064032228378427,3.5746756519553293,attention_qkv,37056.0,164.82725289276095,31646.832555410103,37056,1.0,5526346,1.1709228699307914,79679648,3.91701254664654,0.14131204201751227,36681.8526233368,850255.8456429964,0.00010000467892526675,85.02956284785903,0.0001,0.0001
vit,dp_kfm_a,pink,0.1,42,2,blocks.7.attn.out_proj,True,0.08403794802777527,3.536915907807733,attention_out,37056.0,109.08070382312071,20943.495134039178,37056,1.0,5526346,1.7693321846635515,79679648,3.0393076186846315,0.15665919376614118,36508.748194869666,67258.40860451855,0.0002864435349113614,19.26573631319102,0.0001,0.0001
vit,dp_kfm_a,pink,0.1,42,2,blocks.7.mlp.fc1,True,0.14136372161310956,3.588507259182311,mlp_fc1,148224.0,173.2443683115879,133051.6748632995,148224,1.0,5526346,1.1140333269181986,79679648,4.2897020878316425,0.14552886029551218,146654.3351952462,2109945.9126896793,0.0001,210.99459126896792,0.0001,0.0001
vit,dp_kfm_a,pink,0.1,42,2,blocks.7.mlp.fc2,True,0.9985524064454753,0.07021658034377651,mlp_fc2,147648.0,462.0611408408645,88715.73904144598,147648,1.0,5526346,1.6642819142950747,79679648,4.754743510982923,0.1996549556705561,144392.36786616727,5905694.047948589,0.00010774316504658366,636.2981685227516,0.0001,0.0001
vit,dp_kfm_a,pink,0.1,42,2,blocks.8.attn.q_proj,True,0.274500677757277,3.150333358346559,attention_qkv,37056.0,166.23465516256596,31917.053791212664,37056,1.0,5526346,1.1610094165459024,79679648,4.113073491109318,0.14432624384533538,36658.02606903563,1385685.5692031567,0.00010005932463958457,138.6507622172862,0.0001,0.0001
vit,dp_kfm_a,pink,0.1,42,2,blocks.8.attn.k_proj,True,0.274500677757277,3.150333358346559,attention_qkv,37056.0,166.23465516256596,31917.053791212664,37056,1.0,5526346,1.1610094165459024,79679648,4.113073491109318,0.14432624384533538,36658.02606903563,1385685.5692031567,0.00010005932463958457,138.6507622172862,0.0001,0.0001
vit,dp_kfm_a,pink,0.1,42,2,blocks.8.attn.v_proj,True,0.274500677757277,3.150333358346559,attention_qkv,37056.0,166.23465516256596,31917.053791212664,37056,1.0,5526346,1.1610094165459024,79679648,4.113073491109318,0.14432624384533538,36658.02606903563,1385685.5692031567,0.00010005932463958457,138.6507622172862,0.0001,0.0001
vit,dp_kfm_a,pink,0.1,42,2,blocks.8.attn.out_proj,True,0.22084941796827762,1.3206869475075964,attention_out,37056.0,91.72866027362925,17611.902772536814,37056,1.0,5526346,2.104031601729224,79679648,2.89871413764209,0.1464598894635651,36530.720726347936,41884.55316874544,0.00012463224590691488,5.220165930228332,0.0001,0.0001
vit,dp_kfm_a,pink,0.1,42,2,blocks.8.mlp.fc1,True,0.21316048243863248,3.078504638109619,mlp_fc1,148224.0,178.53695139660832,137116.3786725952,148224,1.0,5526346,1.0810087127076733,79679648,4.41386724237342,0.1489732342048632,146567.77449641848,2806678.486610691,0.0001,280.6678486610691,0.0001,0.0001
vit,dp_kfm_a,pink,0.1,42,2,blocks.8.mlp.fc2,True,0.09783679076835103,2.6643331414008635,mlp_fc2,147648.0,471.89973754798734,90604.74960921357,147648,1.0,5526346,1.6295834449829518,79679648,3.3877012339997097,0.20019559458848277,144583.2621255713,199090.7227672925,0.0001009674646328453,20.101685509734214,0.0001,0.0001
vit,dp_kfm_a,pink,0.1,42,2,blocks.9.attn.q_proj,True,0.21857849848456096,3.3702190511053303,attention_qkv,37056.0,171.3399081516338,32897.26236511369,37056,1.0,5526346,1.1264159184047027,79679648,4.116016369429532,0.1388942384237577,36691.83963028406,1395632.0455505603,0.0001,139.56320455505605,0.0001,0.0001
vit,dp_kfm_a,pink,0.1,42,2,blocks.9.attn.k_proj,True,0.21857849848456096,3.3702190511053303,attention_qkv,37056.0,171.3399081516338,32897.26236511369,37056,1.0,5526346,1.1264159184047027,79679648,4.116016369429532,0.1388942384237577,36691.83963028406,1395632.0455505603,0.0001,139.56320455505605,0.0001,0.0001
vit,dp_kfm_a,pink,0.1,42,2,blocks.9.attn.v_proj,True,0.21857849848456096,3.3702190511053303,attention_qkv,37056.0,171.3399081516338,32897.26236511369,37056,1.0,5526346,1.1264159184047027,79679648,4.116016369429532,0.1388942384237577,36691.83963028406,1395632.0455505603,0.0001,139.56320455505605,0.0001,0.0001
vit,dp_kfm_a,pink,0.1,42,2,blocks.9.attn.out_proj,True,0.29283953280809494,1.1850156536695169,attention_out,37056.0,89.65619646141762,17213.989720592184,37056,1.0,5526346,2.1526677197716615,79679648,2.774951535363341,0.13900683722368767,36578.773228685386,27074.0998050691,0.00012091865491817738,3.2737637315494443,0.0001,0.0001
vit,dp_kfm_a,pink,0.1,42,2,blocks.9.mlp.fc1,True,0.2084385044354452,3.0735001263861723,mlp_fc1,148224.0,183.07712844183413,140603.23464332861,148224,1.0,5526346,1.054200498132231,79679648,4.419122714329192,0.1420741439573616,146726.0356311334,2840276.4719761913,0.0001,284.02764719761916,0.0001,0.0001
vit,dp_kfm_a,pink,0.1,42,2,blocks.9.mlp.fc2,True,0.10523366476172831,3.4886378966581186,mlp_fc2,147648.0,482.6098254059223,92661.08647793709,147648,1.0,5526346,1.5934196933375637,79679648,3.3894933293703984,0.20034965764223533,144629.72094388618,200146.42418658748,0.0001064686528574935,21.309320157390424,0.0001,0.0001
vit,dp_kfm_a,pink,0.1,42,2,blocks.10.attn.q_proj,True,0.21568800250571696,2.874159150166048,attention_qkv,37056.0,176.4067568378365,33870.09731286461,37056,1.0,5526346,1.0940624013479086,79679648,4.071971844116272,0.13430773639203183,36723.09931682634,1253278.714817831,0.0001,125.32787148178312,0.0001,0.0001
vit,dp_kfm_a,pink,0.1,42,2,blocks.10.attn.k_proj,True,0.21568800250571696,2.874159150166048,attention_qkv,37056.0,176.4067568378365,33870.09731286461,37056,1.0,5526346,1.0940624013479086,79679648,4.071971844116272,0.13430773639203183,36723.09931682634,1253278.714817831,0.0001,125.32787148178312,0.0001,0.0001
vit,dp_kfm_a,pink,0.1,42,2,blocks.10.attn.v_proj,True,0.21568800250571696,2.874159150166048,attention_qkv,37056.0,176.4067568378365,33870.09731286461,37056,1.0,5526346,1.0940624013479086,79679648,4.071971844116272,0.13430773639203183,36723.09931682634,1253278.714817831,0.0001,125.32787148178312,0.0001,0.0001
vit,dp_kfm_a,pink,0.1,42,2,blocks.10.attn.out_proj,True,0.3604674092638994,1.9633714563238616,attention_out,37056.0,94.52602699469394,18148.997182981235,37056,1.0,5526346,2.0417657034377816,79679648,2.9556860033467998,0.16769147783621574,36417.55574976736,50884.19988320645,0.00011425757090382522,5.813905076039876,0.0001,0.0001
vit,dp_kfm_a,pink,0.1,42,2,blocks.10.mlp.fc1,True,0.2691835409383254,2.5096101474857497,mlp_fc1,148224.0,184.71637460260862,141862.17569480342,148224,1.0,5526346,1.0448451059913473,79679648,4.321486943397301,0.13691011921362792,146856.1817740975,2271601.0039288714,0.00010005350044987441,227.28163206853247,0.0001,0.0001
vit,dp_kfm_a,pink,0.1,42,2,blocks.10.mlp.fc2,True,0.22448161836503158,3.22023628802798,mlp_fc2,147648.0,482.88418503700797,92713.76352710553,147648,1.0,5526346,1.5925143623021414,79679648,3.2671167013734603,0.1907309908514926,144925.8432126586,138562.74471585333,0.00010636320576658664,14.737977727795325,0.0001,0.0001
vit,dp_kfm_a,pink,0.1,42,2,blocks.11.attn.q_proj,True,0.3212899923883397,2.682031338537316,attention_qkv,37056.0,178.2592516466951,34225.77631616546,37056,1.0,5526346,1.0826927534876039,79679648,4.113870098882222,0.13209493390894242,36737.081700164345,1388371.6637975674,0.0001000771165820922,138.94423285714248,0.0001,0.0001
vit,dp_kfm_a,pink,0.1,42,2,blocks.11.attn.k_proj,True,0.3212899923883397,2.682031338537316,attention_qkv,37056.0,178.2592516466951,34225.77631616546,37056,1.0,5526346,1.0826927534876039,79679648,4.113870098882222,0.13209493390894242,36737.081700164345,1388371.6637975674,0.0001000771165820922,138.94423285714248,0.0001,0.0001
vit,dp_kfm_a,pink,0.1,42,2,blocks.11.attn.v_proj,True,0.3212899923883397,2.682031338537316,attention_qkv,37056.0,178.2592516466951,34225.77631616546,37056,1.0,5526346,1.0826927534876039,79679648,4.113870098882222,0.13209493390894242,36737.081700164345,1388371.6637975674,0.0001000771165820922,138.94423285714248,0.0001,0.0001
vit,dp_kfm_a,pink,0.1,42,2,blocks.11.attn.out_proj,True,0.5278011037246165,1.352661614978482,attention_out,37056.0,92.2871005164,17719.1232991488,37056,1.0,5526346,2.091299855776731,79679648,2.9579934640574472,0.13663524525996715,36600.999155265265,51282.84383435438,0.00011604230949567273,5.950979636044403,0.0001,0.0001
vit,dp_kfm_a,pink,0.1,42,2,blocks.11.mlp.fc1,True,0.4900047633483123,1.693087349316698,mlp_fc1,148224.0,178.18675215890093,136847.4256580359,148224,1.0,5526346,1.0831332726009233,79679648,4.24883209853498,0.13405628350275745,146897.3575927965,1917324.8176234332,0.0001,191.73248176234333,0.0001,0.0001
vit,dp_kfm_a,pink,0.1,42,2,blocks.11.mlp.fc2,True,0.8394608901670917,0.6146475802198758,mlp_fc2,147648.0,442.11280972721414,84885.65946762511,147648,1.0,5526346,1.7393750714313774,79679648,3.5678933378027367,0.20343545373159513,144447.0362715664,334286.33715914487,0.00010003688075112634,33.44096244712019,0.0001,0.0001
vit,dp_kfm_a,pink,0.1,42,2,head,True,0.03017451442466654,3.246240494594976,patch_head,1930.0,157.22081152558974,1572.2081152558974,1930,1.0,5526346,1.2275728520113047,79679648,5.517020226537853,0.18809154766703862,1891.1918294080083,26124366.131336764,0.00010028851981361271,2619.97401038064,0.0001,0.0001
vit,dp_kfm_a,pink,0.1,42,2,identity,True,,,identity,47616.0,47616.0,,47616,1.0,5526346,1.0,79679648,,,,,,,0.0001,0.0001
vit,dp_kfm_a,pink,0.1,42,3,patch_embed,True,0.6221872413942543,0.8483407050135697,patch_head,147648.0,590.5313302769707,113382.01541317838,147648,1.0,5526346,1.3022171061429102,79679648,2.087010998655383,0.1057920584504276,146701.69687890162,1567.6437606017382,0.016736147377343698,26.236317012603994,0.0001,0.0001
vit,dp_kfm_a,pink,0.1,42,3,blocks.0.attn.q_proj,True,0.3416080070062331,1.6987739499120076,attention_qkv,37056.0,156.1175220792893,29974.564239223546,37056,1.0,5526346,1.2362481637517841,79679648,3.193918429344564,0.3120710020355419,35583.343480868265,110468.43549644607,0.00010000425370751259,11.047313450058581,0.0001,0.0001
vit,dp_kfm_a,pink,0.1,42,3,blocks.0.attn.k_proj,True,0.3416080070062331,1.6987739499120076,attention_qkv,37056.0,156.1175220792893,29974.564239223546,37056,1.0,5526346,1.2362481637517841,79679648,3.193918429344564,0.3120710020355419,35583.343480868265,110468.43549644607,0.00010000425370751259,11.047313450058581,0.0001,0.0001
vit,dp_kfm_a,pink,0.1,42,3,blocks.0.attn.v_proj,True,0.3416080070062331,1.6987739499120076,attention_qkv,37056.0,156.1175220792893,29974.564239223546,37056,1.0,5526346,1.2362481637517841,79679648,3.193918429344564,0.3120710020355419,35583.343480868265,110468.43549644607,0.00010000425370751259,11.047313450058581,0.0001,0.0001
vit,dp_kfm_a,pink,0.1,42,3,blocks.0.attn.out_proj,True,0.09883392084154467,4.360613370521554,attention_out,37056.0,132.02244337086586,25348.309127206245,37056,1.0,5526346,1.4618726564379765,79679648,3.0958627629345226,0.28281757286241344,35649.19306466989,80875.5049423329,0.00010264311427933803,8.301313696195043,0.0001,0.0001
vit,dp_kfm_a,pink,0.1,42,3,blocks.0.mlp.fc1,True,0.36616832734128485,1.8602799571652169,mlp_fc1,148224.0,176.25938305292675,135367.20618464774,148224,1.0,5526346,1.0949771674966458,79679648,3.6451251396233273,0.33299332766607326,141914.1248718933,414118.30269763764,0.0001,41.41183026976377,0.0001,0.0001
vit,dp_kfm_a,pink,0.1,42,3,blocks.0.mlp.fc2,True,0.11932787121729148,7.219431930049998,mlp_fc2,147648.0,614.6201794165157,118007.07444797101,147648,1.0,5526346,1.2511792254039615,79679648,3.881629913535137,0.21463251926803117,144400.56108264058,776499.6434070474,0.00015878724457743024,123.2982387919622,0.0001,0.0001
vit,dp_kfm_a,pink,0.1,42,3,blocks.1.attn.q_proj,True,0.3610453810568149,2.1399791297501847,attention_qkv,37056.0,155.76139002482597,29906.186884766586,37056,1.0,5526346,1.2390747153016468,79679648,3.5816374126342487,0.21182302895715957,36274.42639060179,347389.0931978043,0.00010000000881179865,34.73891238090317,0.0001,0.0001
vit,dp_kfm_a,pink,0.1,42,3,blocks.1.attn.k_proj,True,0.3610453810568149,2.1399791297501847,attention_qkv,37056.0,155.76139002482597,29906.186884766586,37056,1.0,5526346,1.2390747153016468,79679648,3.5816374126342487,0.21182302895715957,36274.42639060179,347389.0931978043,0.00010000000881179865,34.73891238090317,0.0001,0.0001
vit,dp_kfm_a,pink,0.1,42,3,blocks.1.attn.v_proj,True,0.3610453810568149,2.1399791297501847,attention_qkv,37056.0,155.76139002482597,29906.186884766586,37056,1.0,5526346,1.2390747153016468,79679648,3.5816374126342487,0.21182302895715957,36274.42639060179,347389.0931978043,0.00010000000881179865,34.73891238090317,0.0001,0.0001
vit,dp_kfm_a,pink,0.1,42,3,blocks.1.attn.out_proj,True,0.12478051605882391,4.070285601702554,attention_out,37056.0,128.95783484385015,24759.90429001923,37056,1.0,5526346,1.4966132165113963,79679648,3.293594810596773,0.16020379966552314,36535.15204150599,150210.986088267,0.00028082572371327167,42.18310887792176,0.0001,0.0001
vit,dp_kfm_a,pink,0.1,42,3,blocks.1.mlp.fc1,True,0.2084316441186151,2.522085448813221,mlp_fc1,148224.0,167.72357727651024,128811.70734835987,148224,1.0,5526346,1.1507028596332576,79679648,3.7761569854946515,0.17272058857081887,146113.16851315723,589522.5315419107,0.0001,58.95225315419107,0.0001,0.0001
vit,dp_kfm_a,pink,0.1,42,3,blocks.1.mlp.fc2,True,0.04984443964679592,3.494159059545483,mlp_fc2,147648.0,487.6887980608679,93636.24922768664,147648,1.0,5526346,1.576825227599388,79679648,3.5315072544878454,0.20683415157440735,144423.94177951379,301717.86591417127,0.0001008191462063341,30.41893763666394,0.0001,0.0001
vit,dp_kfm_a,pink,0.1,42,3,blocks.2.attn.q_proj,True,0.4099547742719842,1.5430566364754807,attention_qkv,37056.0,162.52041499457448,31203.9196789583,37056,1.0,5526346,1.1875431157768275,79679648,3.4930570898656623,0.17341592774259887,36498.683667805766,270431.2261195283,0.0001,27.043122611952832,0.0001,0.0001
vit,dp_kfm_a,pink,0.1,42,3,blocks.2.attn.k_proj,True,0.4099547742719842,1.5430566364754807,attention_qkv,37056.0,162.52041499457448,31203.9196789583,37056,1.0,5526346,1.1875431157768275,79679648,3.4930570898656623,0.17341592774259887,36498.683667805766,270431.2261195283,0.0001,27.043122611952832,0.0001,0.0001
vit,dp_kfm_a,pink,0.1,42,3,blocks.2.attn.v_proj,True,0.4099547742719842,1.5430566364754807,attention_qkv,37056.0,162.52041499457448,31203.9196789583,37056,1.0,5526346,1.1875431157768275,79679648,3.4930570898656623,0.17341592774259887,36498.683667805766,270431.2261195283,0.0001,27.043122611952832,0.0001,0.0001
vit,dp_kfm_a,pink,0.1,42,3,blocks.2.attn.out_proj,True,0.14945319859482273,1.923736330620494,attention_out,37056.0,130.37815811878687,25032.60635880708,37056,1.0,5526346,1.4803093001525507,79679648,2.7076154325946447,0.1865631172469533,36377.43068968737,21177.26191066977,0.00055273559638405,11.705426491975283,0.0001,0.0001
vit,dp_kfm_a,pink,0.1,42,3,blocks.2.mlp.fc1,True,0.23775602196454915,1.7629808887449308,mlp_fc1,148224.0,174.16181436585111,133756.27343297366,148224,1.0,5526346,1.1081648448756778,79679648,3.6215175808169624,0.15359421114547006,146577.81787180644,388066.34338400007,0.0001,38.80663433840001,0.0001,0.0001
vit,dp_kfm_a,pink,0.1,42,3,blocks.2.mlp.fc2,True,0.19185558676315248,2.0699506651845994,mlp_fc2,147648.0,499.4661719731221,95897.50501883944,147648,1.0,5526346,1.539643810034411,79679648,3.0122579613768576,0.16979437510544892,145472.01421877745,61506.58419700071,0.00015555302996750618,9.567535534794994,0.0001,0.0001
vit,dp_kfm_a,pink,0.1,42,3,blocks.3.attn.q_proj,True,0.2754875047767979,1.8726626162868816,attention_qkv,37056.0,173.47810898365142,33307.796924861075,37056,1.0,5526346,1.1125323023793643,79679648,3.6300289469020894,0.14702833605560311,36671.21962358264,397283.8239335821,0.00010000829336572847,39.7316772134081,0.0001,0.0001
vit,dp_kfm_a,pink,0.1,42,3,blocks.3.attn.k_proj,True,0.2754875047767979,1.8726626162868816,attention_qkv,37056.0,173.47810898365142,33307.796924861075,37056,1.0,5526346,1.1125323023793643,79679648,3.6300289469020894,0.14702833605560311,36671.21962358264,397283.8239335821,0.00010000829336572847,39.7316772134081,0.0001,0.0001
vit,dp_kfm_a,pink,0.1,42,3,blocks.3.attn.v_proj,True,0.2754875047767979,1.8726626162868816,attention_qkv,37056.0,173.47810898365142,33307.796924861075,37056,1.0,5526346,1.1125323023793643,79679648,3.6300289469020894,0.14702833605560311,36671.21962358264,397283.8239335821,0.00010000829336572847,39.7316772134081,0.0001,0.0001
vit,dp_kfm_a,pink,0.1,42,3,blocks.3.attn.out_proj,True,0.020920447775549345,1.9421370485278833,attention_out,37056.0,124.73698170075029,23949.500486544057,37056,1.0,5526346,1.5472556524015932,79679648,2.952728569980463,0.1587094866030392,36562.52243933897,50377.343454565584,0.00027493372603286457,13.850430743601057,0.0001,0.0001
vit,dp_kfm_a,pink,0.1,42,3,blocks.3.mlp.fc1,True,0.1608191499527985,2.1609510702366217,mlp_fc1,148224.0,172.40387874047335,132406.17887268352,148224,1.0,5526346,1.1194643729015568,79679648,3.7791133143116453,0.13944904108292083,146816.39296433443,594154.1591222977,0.0001,59.41541591222977,0.0001,0.0001
vit,dp_kfm_a,pink,0.1,42,3,blocks.3.mlp.fc2,True,0.16876397747662544,1.8010674656793682,mlp_fc2,147648.0,479.9337306327013,92147.27628147865,147648,1.0,5526346,1.6023045493931418,79679648,3.1915942686343173,0.16947904721926488,145477.7010845214,109667.20247383964,0.00010215110235814126,11.202625625236195,0.0001,0.0001
vit,dp_kfm_a,pink,0.1,42,3,blocks.4.attn.q_proj,True,0.2985211306566279,2.1302305219486537,attention_qkv,37056.0,171.62542366619562,32952.08134390956,37056,1.0,5526346,1.124542016428621,79679648,3.6636132767641976,0.14436896049442144,36677.55370133225,435608.3962825876,0.00010005096667074584,43.58304113796622,0.0001,0.0001
vit,dp_kfm_a,pink,0.1,42,3,blocks.4.attn.k_proj,True,0.2985211306566279,2.1302305219486537,attention_qkv,37056.0,171.62542366619562,32952.08134390956,37056,1.0,5526346,1.124542016428621,79679648,3.6636132767641976,0.14436896049442144,36677.55370133225,435608.3962825876,0.00010005096667074584,43.58304113796622,0.0001,0.0001
vit,dp_kfm_a,pink,0.1,42,3,blocks.4.attn.v_proj,True,0.2985211306566279,2.1302305219486537,attention_qkv,37056.0,171.62542366619562,32952.08134390956,37056,1.0,5526346,1.124542016428621,79679648,3.6636132767641976,0.14436896049442144,36677.55370133225,435608.3962825876,0.00010005096667074584,43.58304113796622,0.0001,0.0001
vit,dp_kfm_a,pink,0.1,42,3,blocks.4.attn.out_proj,True,0.15329376636981337,3.2755521714136013,attention_out,37056.0,120.10078891615785,23059.351471902308,37056,1.0,5526346,1.6069836155258976,79679648,2.8589789461341257,0.15868023237523612,36521.39350079015,36484.59853100117,0.00046595538691650144,17.000195225005868,0.0001,0.0001
vit,dp_kfm_a,pink,0.1,42,3,blocks.4.mlp.fc1,True,0.18362361950840594,2.67473159419892,mlp_fc1,148224.0,171.43314313329623,131660.6539263715,148224,1.0,5526346,1.1258033100981801,79679648,3.843230897796797,0.13482966997364806,146905.26173290043,703015.2931827243,0.0001,70.30152931827243,0.0001,0.0001
vit,dp_kfm_a,pink,0.1,42,3,blocks.4.mlp.fc2,True,0.23902052272868565,2.4905284278845077,mlp_fc2,147648.0,477.80351530704917,91738.27493895344,147648,1.0,5526346,1.6094481839586723,79679648,3.08704474227228,0.16201043554897182,145623.82238322234,78601.21150623047,0.00018850022720643886,14.8163462276258,0.0001,0.0001
vit,dp_kfm_a,pink,0.1,42,3,blocks.5.attn.q_proj,True,0.30222011740012517,2.139336377281617,attention_qkv,37056.0,173.0933944160238,33233.931727876574,37056,1.0,5526346,1.1150049986086203,79679648,3.7231087276456916,0.13702046310166258,36716.27127888294,511749.22429848847,0.0001,51.17492242984885,0.0001,0.0001
vit,dp_kfm_a,pink,0.1,42,3,blocks.5.attn.k_proj,True,0.30222011740012517,2.139336377281617,attention_qkv,37056.0,173.0933944160238,33233.931727876574,37056,1.0,5526346,1.1150049986086203,79679648,3.7231087276456916,0.13702046310166258,36716.27127888294,511749.22429848847,0.0001,51.17492242984885,0.0001,0.0001
vit,dp_kfm_a,pink,0.1,42,3,blocks.5.attn.v_proj,True,0.30222011740012517,2.139336377281617,attention_qkv,37056.0,173.0933944160238,33233.931727876574,37056,1.0,5526346,1.1150049986086203,79679648,3.7231087276456916,0.13702046310166258,36716.27127888294,511749.22429848847,0.0001,51.17492242984885,0.0001,0.0001
vit,dp_kfm_a,pink,0.1,42,3,blocks.5.attn.out_proj,True,0.14722782525863973,3.0586537208774036,attention_out,37056.0,125.58300698676716,24111.937341459296,37056,1.0,5526346,1.5368321290502038,79679648,2.727991960710546,0.13555121942903378,36663.96835016533,22826.055104748335,0.0008193638895952581,18.702845294742293,0.0001,0.0001
vit,dp_kfm_a,pink,0.1,42,3,blocks.5.mlp.fc1,True,0.17546583820199332,3.4569918708880567,mlp_fc1,148224.0,169.38417762903867,130087.0484191017,148224,1.0,5526346,1.1394216549711116,79679648,3.9911600510203296,0.12759731163205845,147026.05116036074,1025631.7093186176,0.00010004284816139748,102.60711736487701,0.0001,0.0001
vit,dp_kfm_a,pink,0.1,42,3,blocks.5.mlp.fc2,True,0.1616906368017336,3.1550123371960734,mlp_fc2,147648.0,459.25187775940503,88176.36052980577,147648,1.0,5526346,1.674462396869866,79679648,3.3570565909523666,0.18163188624750523,145107.42571690335,181796.96283826706,0.00010634463672820442,19.333131971326388,0.0001,0.0001
vit,dp_kfm_a,pink,0.1,42,3,blocks.6.attn.q_proj,True,0.18131583791540498,3.035784901068907,attention_qkv,37056.0,165.92494750602833,31857.58992115744,37056,1.0,5526346,1.1631765017914981,79679648,3.8158935035260213,0.13715528317839423,36708.43328947216,654579.5847233661,0.0001,65.45795847233661,0.0001,0.0001
vit,dp_kfm_a,pink,0.1,42,3,blocks.6.attn.k_proj,True,0.18131583791540498,3.035784901068907,attention_qkv,37056.0,165.92494750602833,31857.58992115744,37056,1.0,5526346,1.1631765017914981,79679648,3.8158935035260213,0.13715528317839423,36708.43328947216,654579.5847233661,0.0001,65.45795847233661,0.0001,0.0001
vit,dp_kfm_a,pink,0.1,42,3,blocks.6.attn.v_proj,True,0.18131583791540498,3.035784901068907,attention_qkv,37056.0,165.92494750602833,31857.58992115744,37056,1.0,5526346,1.1631765017914981,79679648,3.8158935035260213,0.13715528317839423,36708.43328947216,654579.5847233661,0.0001,65.45795847233661,0.0001,0.0001
vit,dp_kfm_a,pink,0.1,42,3,blocks.6.attn.out_proj,True,0.05761959903302996,2.9642962442542733,attention_out,37056.0,109.60221809957055,21043.625875117545,37056,1.0,5526346,1.760913267509467,79679648,3.1066987407032243,0.16169541650988106,36483.57279587534,83751.27239666453,0.0002638848732604982,22.10069390179928,0.0001,0.0001
vit,dp_kfm_a,pink,0.1,42,3,blocks.6.mlp.fc1,True,0.11767451838462399,3.208547179060984,mlp_fc1,148224.0,169.43869888409108,130128.92074298195,148224,1.0,5526346,1.1390550167764604,79679648,4.086485718350092,0.13608391042185577,146846.0220322035,1298673.129155348,0.00010005583216423873,129.93982064697423,0.0001,0.0001
vit,dp_kfm_a,pink,0.1,42,3,blocks.6.mlp.fc2,True,0.07263424810373664,2.562186565064901,mlp_fc2,147648.0,450.8225788223383,86557.93513388895,147648,1.0,5526346,1.7057708201058184,79679648,3.3363749758128547,0.18205943788137063,145056.00806352415,170902.5534206067,0.00010405525333700482,17.78330849212223,0.0001,0.0001
vit,dp_kfm_a,pink,0.1,42,3,blocks.7.attn.q_proj,True,0.15813105912224976,3.3508078993219588,attention_qkv,37056.0,165.66128547183536,31806.96681059239,37056,1.0,5526346,1.1650277821417279,79679648,3.904453362113728,0.13925283593071794,36694.8022373535,823383.9485281953,0.0001,82.33839485281953,0.0001,0.0001
vit,dp_kfm_a,pink,0.1,42,3,blocks.7.attn.k_proj,True,0.15813105912224976,3.3508078993219588,attention_qkv,37056.0,165.66128547183536,31806.96681059239,37056,1.0,5526346,1.1650277821417279,79679648,3.904453362113728,0.13925283593071794,36694.8022373535,823383.9485281953,0.0001,82.33839485281953,0.0001,0.0001
vit,dp_kfm_a,pink,0.1,42,3,blocks.7.attn.v_proj,True,0.15813105912224976,3.3508078993219588,attention_qkv,37056.0,165.66128547183536,31806.96681059239,37056,1.0,5526346,1.1650277821417279,79679648,3.904453362113728,0.13925283593071794,36694.8022373535,823383.9485281953,0.0001,82.33839485281953,0.0001,0.0001
vit,dp_kfm_a,pink,0.1,42,3,blocks.7.attn.out_proj,True,0.10373940688249617,3.1655075111701367,attention_out,37056.0,109.71695114670808,21065.654620167952,37056,1.0,5526346,1.7590718479037022,79679648,3.021035462549514,0.15479555209939377,36524.452836159704,63322.52627475553,0.00029661035338581176,18.78211689563759,0.0001,0.0001
vit,dp_kfm_a,pink,0.1,42,3,blocks.7.mlp.fc1,True,0.15718215479340542,3.482828214752357,mlp_fc1,148224.0,174.10895914138106,133715.68062058065,148224,1.0,5526346,1.1085012566371093,79679648,4.280954543661825,0.14360352289053321,146705.55774951875,2067312.6590720143,0.00010000525061872674,206.7421205777632,0.0001,0.0001
vit,dp_kfm_a,pink,0.1,42,3,blocks.7.mlp.fc2,True,0.9986048551820309,0.05690673174962148,mlp_fc2,147648.0,464.3866511887961,89162.23702824886,147648,1.0,5526346,1.655947685040937,79679648,4.737961189740584,0.19579184816682843,144520.96990586654,5700526.76976919,0.0001107184258792417,631.1533506313232,0.0001,0.0001
vit,dp_kfm_a,pink,0.1,42,3,blocks.8.attn.q_proj,True,0.2684666471875258,2.9891040712505443,attention_qkv,37056.0,167.07127944125472,32077.685652720906,37056,1.0,5526346,1.15519555871877,79679648,4.094772334840354,0.14231238301037025,36671.372489940615,1325249.3637070423,0.00010004678777626342,132.5869418414266,0.0001,0.0001
vit,dp_kfm_a,pink,0.1,42,3,blocks.8.attn.k_proj,True,0.2684666471875258,2.9891040712505443,attention_qkv,37056.0,167.07127944125472,32077.685652720906,37056,1.0,5526346,1.15519555871877,79679648,4.094772334840354,0.14231238301037025,36671.372489940615,1325249.3637070423,0.00010004678777626342,132.5869418414266,0.0001,0.0001
vit,dp_kfm_a,pink,0.1,42,3,blocks.8.attn.v_proj,True,0.2684666471875258,2.9891040712505443,attention_qkv,37056.0,167.07127944125472,32077.685652720906,37056,1.0,5526346,1.15519555871877,79679648,4.094772334840354,0.14231238301037025,36671.372489940615,1325249.3637070423,0.00010004678777626342,132.5869418414266,0.0001,0.0001
vit,dp_kfm_a,pink,0.1,42,3,blocks.8.attn.out_proj,True,0.2084732864712123,1.2669701576095307,attention_out,37056.0,93.98195981796238,18044.536285048776,37056,1.0,5526346,2.0535856070019167,79679648,2.8753280668374943,0.14895335575541305,36527.98477709168,38625.49306038006,0.00013452435834820722,5.1960696698307585,0.0001,0.0001
vit,dp_kfm_a,pink,0.1,42,3,blocks.8.mlp.fc1,True,0.2313923309892227,2.8895045984956003,mlp_fc1,148224.0,178.93631693468035,137423.0914058345,148224,1.0,5526346,1.0785960240282217,79679648,4.395961979613515,0.147095439752832,146618.28630635876,2694879.035266118,0.0001,269.48790352661183,0.0001,0.0001
vit,dp_kfm_a,pink,0.1,42,3,blocks.8.mlp.fc2,True,0.1018166545456754,2.265016911002672,mlp_fc2,147648.0,471.05545798967415,90442.64793401744,147648,1.0,5526346,1.6325041711264006,79679648,3.3318770160380713,0.1956656174359445,144719.47459767913,168612.44518923454,0.0001014245175236783,17.101435901805765,0.0001,0.0001
vit,dp_kfm_a,pink,0.1,42,3,blocks.9.attn.q_proj,True,0.23075586067942128,3.115949102358675,attention_qkv,37056.0,171.49661420317315,32927.34992700924,37056,1.0,5526346,1.125386649157701,79679648,4.092904583687378,0.13706509470729286,36702.601575059285,1319216.887758668,0.0001,131.9216887758668,0.0001,0.0001
vit,dp_kfm_a,pink,0.1,42,3,blocks.9.attn.k_proj,True,0.23075586067942128,3.115949102358675,attention_qkv,37056.0,171.49661420317315,32927.34992700924,37056,1.0,5526346,1.125386649157701,79679648,4.092904583687378,0.13706509470729286,36702.601575059285,1319216.887758668,0.0001,131.9216887758668,0.0001,0.0001
vit,dp_kfm_a,pink,0.1,42,3,blocks.9.attn.v_proj,True,0.23075586067942128,3.115949102358675,attention_qkv,37056.0,171.49661420317315,32927.34992700924,37056,1.0,5526346,1.125386649157701,79679648,4.092904583687378,0.13706509470729286,36702.601575059285,1319216.887758668,0.0001,131.9216887758668,0.0001,0.0001
vit,dp_kfm_a,pink,0.1,42,3,blocks.9.attn.out_proj,True,0.22861671391318464,1.1882342314645415,attention_out,37056.0,91.02176928217801,17476.17970217818,37056,1.0,5526346,2.120371879409174,79679648,2.780921635088552,0.1395092934881421,36584.28963760864,27662.25041290555,0.00012562530365887927,3.475078608009218,0.0001,0.0001
vit,dp_kfm_a,pink,0.1,42,3,blocks.9.mlp.fc1,True,0.23199292180394465,2.829493940271278,mlp_fc1,148224.0,182.99341109697556,140538.93972247723,148224,1.0,5526346,1.0546827825277356,79679648,4.394487316131076,0.14032126122708063,146768.1464174085,2685852.4649326215,0.0001,268.58524649326216,0.0001,0.0001
vit,dp_kfm_a,pink,0.1,42,3,blocks.9.mlp.fc2,True,0.10715867971277601,2.5988208507448225,mlp_fc2,147648.0,477.20404071411514,91623.17581711011,147648,1.0,5526346,1.6114700094517742,79679648,3.279784694763714,0.19400716954369912,144808.22437952604,144030.12873679615,0.00011736779121138852,16.904498077729702,0.0001,0.0001
vit,dp_kfm_a,pink,0.1,42,3,blocks.10.attn.q_proj,True,0.2216818264985827,2.6967591826050397,attention_qkv,37056.0,175.91195632650496,33775.09561468895,37056,1.0,5526346,1.0971397512161052,79679648,4.058522187496923,0.13223243317322464,36733.882416798995,1212493.0153567623,0.00010013733747821437,121.41582226875786,0.0001,0.0001
vit,dp_kfm_a,pink,0.1,42,3,blocks.10.attn.k_proj,True,0.2216818264985827,2.6967591826050397,attention_qkv,37056.0,175.91195632650496,33775.09561468895,37056,1.0,5526346,1.0971397512161052,79679648,4.058522187496923,0.13223243317322464,36733.882416798995,1212493.0153567623,0.00010013733747821437,121.41582226875786,0.0001,0.0001
vit,dp_kfm_a,pink,0.1,42,3,blocks.10.attn.v_proj,True,0.2216818264985827,2.6967591826050397,attention_qkv,37056.0,175.91195632650496,33775.09561468895,37056,1.0,5526346,1.0971397512161052,79679648,4.058522187496923,0.13223243317322464,36733.882416798995,1212493.0153567623,0.00010013733747821437,121.41582226875786,0.0001,0.0001
vit,dp_kfm_a,pink,0.1,42,3,blocks.10.attn.out_proj,True,0.3222955438135458,2.0529852557571324,attention_out,37056.0,95.15208805154857,18269.200905897327,37056,1.0,5526346,2.028331736613519,79679648,2.968763986017274,0.16591274718337357,36431.960660037395,53181.028186485506,0.00011775988249947036,6.2625916304415545,0.0001,0.0001
vit,dp_kfm_a,pink,0.1,42,3,blocks.10.mlp.fc1,True,0.28079545313447674,2.4170091026204656,mlp_fc1,148224.0,184.44107015458266,141650.74187871948,148224,1.0,5526346,1.046404685454514,79679648,4.319506899228631,0.1350385757335562,146896.2120090259,2261214.2832705504,0.00010001097492753826,226.14624498996244,0.0001,0.0001
vit,dp_kfm_a,pink,0.1,42,3,blocks.10.mlp.fc2,True,0.2252618869203756,2.7923164523467765,mlp_fc2,147648.0,476.18643359176275,91427.79524961844,147648,1.0,5526346,1.6149137097409791,79679648,3.2322462073482825,0.18668473573709918,145025.42006103013,124464.16943167918,0.00010881411007391596,13.543457832797264,0.0001,0.0001
vit,dp_kfm_a,pink,0.1,42,3,blocks.11.attn.q_proj,True,0.3299942617523468,2.611273540161737,attention_qkv,37056.0,177.70569401623462,34119.49325111705,37056,1.0,5526346,1.0860653681832397,79679648,4.1130725199678455,0.1303858939235489,36745.84917302596,1385682.2974520053,0.0001,138.56822974520054,0.0001,0.0001
vit,dp_kfm_a,pink,0.1,42,3,blocks.11.attn.k_proj,True,0.3299942617523468,2.611273540161737,attention_qkv,37056.0,177.70569401623462,34119.49325111705,37056,1.0,5526346,1.0860653681832397,79679648,4.1130725199678455,0.1303858939235489,36745.84917302596,1385682.2974520053,0.0001,138.56822974520054,0.0001,0.0001
vit,dp_kfm_a,pink,0.1,42,3,blocks.11.attn.v_proj,True,0.3299942617523468,2.611273540161737,attention_qkv,37056.0,177.70569401623462,34119.49325111705,37056,1.0,5526346,1.0860653681832397,79679648,4.1130725199678455,0.1303858939235489,36745.84917302596,1385682.2974520053,0.0001,138.56822974520054,0.0001,0.0001
vit,dp_kfm_a,pink,0.1,42,3,blocks.11.attn.out_proj,True,0.4635096316712715,1.4278433183767727,attention_out,37056.0,94.8247290034313,18206.34796865881,37056,1.0,5526346,2.0353340529242763,79679648,2.948124005872013,0.1372791209896157,36603.821775470606,49597.23565980521,0.0001288499515345074,6.390601411011444,0.0001,0.0001
vit,dp_kfm_a,pink,0.1,42,3,blocks.11.mlp.fc1,True,0.5039124504950246,1.6927076952058804,mlp_fc1,148224.0,177.89468501776722,136623.11809364523,148224,1.0,5526346,1.0849115586602496,79679648,4.263197838273471,0.1324085169323256,146931.42292424498,1983146.8303938704,0.0001,198.31468303938703,0.0001,0.0001
vit,dp_kfm_a,pink,0.1,42,3,blocks.11.mlp.fc2,True,0.8757856871251714,0.5211798290628945,mlp_fc2,147648.0,436.768942697848,83859.63699798682,147648,1.0,5526346,1.7606563215095306,79679648,3.563792351185309,0.19816543743214832,144593.8607276366,330463.8162926421,0.00010025747351439805,33.13146730942647,0.0001,0.0001
vit,dp_kfm_a,pink,0.1,42,3,head,True,0.05484071376803892,3.247566612401554,patch_head,1930.0,160.07046202580904,1600.7046202580905,1930,1.0,5526346,1.205719016222253,79679648,5.5326993268665525,0.18665653322374787,1892.1056609859465,26876375.015670616,0.00010042276199582719,2698.9998115092867,0.0001,0.0001
vit,dp_kfm_a,pink,0.1,42,3,identity,True,,,identity,47616.0,47616.0,,47616,1.0,5526346,1.0,79679648,,,,,,,0.0001,0.0001
vit,dp_kfm_a,pink,0.1,42,4,patch_embed,True,0.6221872413942543,0.8483407050135697,patch_head,147648.0,590.5313302769707,113382.01541317838,147648,1.0,5526346,1.3022171061429102,79679648,2.087010998655383,0.1057920584504276,146701.69687890162,1567.6437606017382,0.016736147377343698,26.236317012603994,0.0001,0.0001
vit,dp_kfm_a,pink,0.1,42,4,blocks.0.attn.q_proj,True,0.34102934680613384,1.7006539296157421,attention_qkv,37056.0,156.1175220792893,29974.564239223546,37056,1.0,5526346,1.2362481637517841,79679648,3.193918429344564,0.3120710020355419,35583.343480868265,110468.43549644607,0.00010000425370751259,11.047313450058581,0.0001,0.0001
vit,dp_kfm_a,pink,0.1,42,4,blocks.0.attn.k_proj,True,0.34102934680613384,1.7006539296157421,attention_qkv,37056.0,156.1175220792893,29974.564239223546,37056,1.0,5526346,1.2362481637517841,79679648,3.193918429344564,0.3120710020355419,35583.343480868265,110468.43549644607,0.00010000425370751259,11.047313450058581,0.0001,0.0001
vit,dp_kfm_a,pink,0.1,42,4,blocks.0.attn.v_proj,True,0.34102934680613384,1.7006539296157421,attention_qkv,37056.0,156.1175220792893,29974.564239223546,37056,1.0,5526346,1.2362481637517841,79679648,3.193918429344564,0.3120710020355419,35583.343480868265,110468.43549644607,0.00010000425370751259,11.047313450058581,0.0001,0.0001
vit,dp_kfm_a,pink,0.1,42,4,blocks.0.attn.out_proj,True,0.09931182314473135,4.380622463749275,attention_out,37056.0,132.02244337086586,25348.309127206245,37056,1.0,5526346,1.4618726564379765,79679648,3.0958627629345226,0.28281757286241344,35649.19306466989,80875.5049423329,0.00010264311427933803,8.301313696195043,0.0001,0.0001
vit,dp_kfm_a,pink,0.1,42,4,blocks.0.mlp.fc1,True,0.3685135550195436,1.8697259211631914,mlp_fc1,148224.0,176.25938305292675,135367.20618464774,148224,1.0,5526346,1.0949771674966458,79679648,3.6451251396233273,0.33299332766607326,141914.1248718933,414118.30269763764,0.0001,41.41183026976377,0.0001,0.0001
vit,dp_kfm_a,pink,0.1,42,4,blocks.0.mlp.fc2,True,0.12098111646755064,7.3159269688746225,mlp_fc2,147648.0,614.6201794165157,118007.07444797101,147648,1.0,5526346,1.2511792254039615,79679648,3.881629913535137,0.21463251926803117,144400.56108264058,776499.6434070474,0.00015878724457743024,123.2982387919622,0.0001,0.0001
vit,dp_kfm_a,pink,0.1,42,4,blocks.1.attn.q_proj,True,0.3601637901890213,2.13077913159465,attention_qkv,37056.0,155.76139002482597,29906.186884766586,37056,1.0,5526346,1.2390747153016468,79679648,3.5816374126342487,0.21182302895715957,36274.42639060179,347389.0931978043,0.00010000000881179865,34.73891238090317,0.0001,0.0001
vit,dp_kfm_a,pink,0.1,42,4,blocks.1.attn.k_proj,True,0.3601637901890213,2.13077913159465,attention_qkv,37056.0,155.76139002482597,29906.186884766586,37056,1.0,5526346,1.2390747153016468,79679648,3.5816374126342487,0.21182302895715957,36274.42639060179,347389.0931978043,0.00010000000881179865,34.73891238090317,0.0001,0.0001
vit,dp_kfm_a,pink,0.1,42,4,blocks.1.attn.v_proj,True,0.3601637901890213,2.13077913159465,attention_qkv,37056.0,155.76139002482597,29906.186884766586,37056,1.0,5526346,1.2390747153016468,79679648,3.5816374126342487,0.21182302895715957,36274.42639060179,347389.0931978043,0.00010000000881179865,34.73891238090317,0.0001,0.0001
vit,dp_kfm_a,pink,0.1,42,4,blocks.1.attn.out_proj,True,0.12207504854606652,4.131443431670341,attention_out,37056.0,128.95783484385015,24759.90429001923,37056,1.0,5526346,1.4966132165113963,79679648,3.293594810596773,0.16020379966552314,36535.15204150599,150210.986088267,0.00028082572371327167,42.18310887792176,0.0001,0.0001
vit,dp_kfm_a,pink,0.1,42,4,blocks.1.mlp.fc1,True,0.20880062955602188,2.5465927106415864,mlp_fc1,148224.0,167.72357727651024,128811.70734835987,148224,1.0,5526346,1.1507028596332576,79679648,3.7761569854946515,0.17272058857081887,146113.16851315723,589522.5315419107,0.0001,58.95225315419107,0.0001,0.0001
vit,dp_kfm_a,pink,0.1,42,4,blocks.1.mlp.fc2,True,0.05237604764138129,3.614695060698078,mlp_fc2,147648.0,487.6887980608679,93636.24922768664,147648,1.0,5526346,1.576825227599388,79679648,3.5315072544878454,0.20683415157440735,144423.94177951379,301717.86591417127,0.0001008191462063341,30.41893763666394,0.0001,0.0001
vit,dp_kfm_a,pink,0.1,42,4,blocks.2.attn.q_proj,True,0.41593924745388583,1.5429737110762807,attention_qkv,37056.0,162.52041499457448,31203.9196789583,37056,1.0,5526346,1.1875431157768275,79679648,3.4930570898656623,0.17341592774259887,36498.683667805766,270431.2261195283,0.0001,27.043122611952832,0.0001,0.0001
vit,dp_kfm_a,pink,0.1,42,4,blocks.2.attn.k_proj,True,0.41593924745388583,1.5429737110762807,attention_qkv,37056.0,162.52041499457448,31203.9196789583,37056,1.0,5526346,1.1875431157768275,79679648,3.4930570898656623,0.17341592774259887,36498.683667805766,270431.2261195283,0.0001,27.043122611952832,0.0001,0.0001
vit,dp_kfm_a,pink,0.1,42,4,blocks.2.attn.v_proj,True,0.41593924745388583,1.5429737110762807,attention_qkv,37056.0,162.52041499457448,31203.9196789583,37056,1.0,5526346,1.1875431157768275,79679648,3.4930570898656623,0.17341592774259887,36498.683667805766,270431.2261195283,0.0001,27.043122611952832,0.0001,0.0001
vit,dp_kfm_a,pink,0.1,42,4,blocks.2.attn.out_proj,True,0.1514534988303172,1.9429315056611736,attention_out,37056.0,130.37815811878687,25032.60635880708,37056,1.0,5526346,1.4803093001525507,79679648,2.7076154325946447,0.1865631172469533,36377.43068968737,21177.26191066977,0.00055273559638405,11.705426491975283,0.0001,0.0001
vit,dp_kfm_a,pink,0.1,42,4,blocks.2.mlp.fc1,True,0.23874316102652446,1.7742616165562433,mlp_fc1,148224.0,174.16181436585111,133756.27343297366,148224,1.0,5526346,1.1081648448756778,79679648,3.6215175808169624,0.15359421114547006,146577.81787180644,388066.34338400007,0.0001,38.80663433840001,0.0001,0.0001
vit,dp_kfm_a,pink,0.1,42,4,blocks.2.mlp.fc2,True,0.1951043928156821,2.0695267598082134,mlp_fc2,147648.0,499.4661719731221,95897.50501883944,147648,1.0,5526346,1.539643810034411,79679648,3.0122579613768576,0.16979437510544892,145472.01421877745,61506.58419700071,0.00015555302996750618,9.567535534794994,0.0001,0.0001
vit,dp_kfm_a,pink,0.1,42,4,blocks.3.attn.q_proj,True,0.2751318967014692,1.8652452455731097,attention_qkv,37056.0,173.47810898365142,33307.796924861075,37056,1.0,5526346,1.1125323023793643,79679648,3.6300289469020894,0.14702833605560311,36671.21962358264,397283.8239335821,0.00010000829336572847,39.7316772134081,0.0001,0.0001
vit,dp_kfm_a,pink,0.1,42,4,blocks.3.attn.k_proj,True,0.2751318967014692,1.8652452455731097,attention_qkv,37056.0,173.47810898365142,33307.796924861075,37056,1.0,5526346,1.1125323023793643,79679648,3.6300289469020894,0.14702833605560311,36671.21962358264,397283.8239335821,0.00010000829336572847,39.7316772134081,0.0001,0.0001
vit,dp_kfm_a,pink,0.1,42,4,blocks.3.attn.v_proj,True,0.2751318967014692,1.8652452455731097,attention_qkv,37056.0,173.47810898365142,33307.796924861075,37056,1.0,5526346,1.1125323023793643,79679648,3.6300289469020894,0.14702833605560311,36671.21962358264,397283.8239335821,0.00010000829336572847,39.7316772134081,0.0001,0.0001
vit,dp_kfm_a,pink,0.1,42,4,blocks.3.attn.out_proj,True,0.020264328744673987,1.8966212267847051,attention_out,37056.0,124.73698170075029,23949.500486544057,37056,1.0,5526346,1.5472556524015932,79679648,2.952728569980463,0.1587094866030392,36562.52243933897,50377.343454565584,0.00027493372603286457,13.850430743601057,0.0001,0.0001
vit,dp_kfm_a,pink,0.1,42,4,blocks.3.mlp.fc1,True,0.16050299807801954,2.1315372174691576,mlp_fc1,148224.0,172.40387874047335,132406.17887268352,148224,1.0,5526346,1.1194643729015568,79679648,3.7791133143116453,0.13944904108292083,146816.39296433443,594154.1591222977,0.0001,59.41541591222977,0.0001,0.0001
vit,dp_kfm_a,pink,0.1,42,4,blocks.3.mlp.fc2,True,0.16643672246874758,1.7585007315355314,mlp_fc2,147648.0,479.9337306327013,92147.27628147865,147648,1.0,5526346,1.6023045493931418,79679648,3.1915942686343173,0.16947904721926488,145477.7010845214,109667.20247383964,0.00010215110235814126,11.202625625236195,0.0001,0.0001
vit,dp_kfm_a,pink,0.1,42,4,blocks.4.attn.q_proj,True,0.29865325476185767,2.108787151470502,attention_qkv,37056.0,171.62542366619562,32952.08134390956,37056,1.0,5526346,1.124542016428621,79679648,3.6636132767641976,0.14436896049442144,36677.55370133225,435608.3962825876,0.00010005096667074584,43.58304113796622,0.0001,0.0001
vit,dp_kfm_a,pink,0.1,42,4,blocks.4.attn.k_proj,True,0.29865325476185767,2.108787151470502,attention_qkv,37056.0,171.62542366619562,32952.08134390956,37056,1.0,5526346,1.124542016428621,79679648,3.6636132767641976,0.14436896049442144,36677.55370133225,435608.3962825876,0.00010005096667074584,43.58304113796622,0.0001,0.0001
vit,dp_kfm_a,pink,0.1,42,4,blocks.4.attn.v_proj,True,0.29865325476185767,2.108787151470502,attention_qkv,37056.0,171.62542366619562,32952.08134390956,37056,1.0,5526346,1.124542016428621,79679648,3.6636132767641976,0.14436896049442144,36677.55370133225,435608.3962825876,0.00010005096667074584,43.58304113796622,0.0001,0.0001
vit,dp_kfm_a,pink,0.1,42,4,blocks.4.attn.out_proj,True,0.16021366005515023,3.1142772184493994,attention_out,37056.0,120.10078891615785,23059.351471902308,37056,1.0,5526346,1.6069836155258976,79679648,2.8589789461341257,0.15868023237523612,36521.39350079015,36484.59853100117,0.00046595538691650144,17.000195225005868,0.0001,0.0001
vit,dp_kfm_a,pink,0.1,42,4,blocks.4.mlp.fc1,True,0.1883909883303094,2.649679831373343,mlp_fc1,148224.0,171.43314313329623,131660.6539263715,148224,1.0,5526346,1.1258033100981801,79679648,3.843230897796797,0.13482966997364806,146905.26173290043,703015.2931827243,0.0001,70.30152931827243,0.0001,0.0001
vit,dp_kfm_a,pink,0.1,42,4,blocks.4.mlp.fc2,True,0.2514988180680591,2.432644164518571,mlp_fc2,147648.0,477.80351530704917,91738.27493895344,147648,1.0,5526346,1.6094481839586723,79679648,3.08704474227228,0.16201043554897182,145623.82238322234,78601.21150623047,0.00018850022720643886,14.8163462276258,0.0001,0.0001
vit,dp_kfm_a,pink,0.1,42,4,blocks.5.attn.q_proj,True,0.3051219743220701,2.117873877100017,attention_qkv,37056.0,173.0933944160238,33233.931727876574,37056,1.0,5526346,1.1150049986086203,79679648,3.7231087276456916,0.13702046310166258,36716.27127888294,511749.22429848847,0.0001,51.17492242984885,0.0001,0.0001
vit,dp_kfm_a,pink,0.1,42,4,blocks.5.attn.k_proj,True,0.3051219743220701,2.117873877100017,attention_qkv,37056.0,173.0933944160238,33233.931727876574,37056,1.0,5526346,1.1150049986086203,79679648,3.7231087276456916,0.13702046310166258,36716.27127888294,511749.22429848847,0.0001,51.17492242984885,0.0001,0.0001
vit,dp_kfm_a,pink,0.1,42,4,blocks.5.attn.v_proj,True,0.3051219743220701,2.117873877100017,attention_qkv,37056.0,173.0933944160238,33233.931727876574,37056,1.0,5526346,1.1150049986086203,79679648,3.7231087276456916,0.13702046310166258,36716.27127888294,511749.22429848847,0.0001,51.17492242984885,0.0001,0.0001
vit,dp_kfm_a,pink,0.1,42,4,blocks.5.attn.out_proj,True,0.1476205477731981,2.9462733695645076,attention_out,37056.0,125.58300698676716,24111.937341459296,37056,1.0,5526346,1.5368321290502038,79679648,2.727991960710546,0.13555121942903378,36663.96835016533,22826.055104748335,0.0008193638895952581,18.702845294742293,0.0001,0.0001
vit,dp_kfm_a,pink,0.1,42,4,blocks.5.mlp.fc1,True,0.17715549932305114,3.3961130100250814,mlp_fc1,148224.0,169.38417762903867,130087.0484191017,148224,1.0,5526346,1.1394216549711116,79679648,3.9911600510203296,0.12759731163205845,147026.05116036074,1025631.7093186176,0.00010004284816139748,102.60711736487701,0.0001,0.0001
vit,dp_kfm_a,pink,0.1,42,4,blocks.5.mlp.fc2,True,0.15958754711838607,3.03674920689239,mlp_fc2,147648.0,459.25187775940503,88176.36052980577,147648,1.0,5526346,1.674462396869866,79679648,3.3570565909523666,0.18163188624750523,145107.42571690335,181796.96283826706,0.00010634463672820442,19.333131971326388,0.0001,0.0001
vit,dp_kfm_a,pink,0.1,42,4,blocks.6.attn.q_proj,True,0.18267549507890682,2.9810647152784306,attention_qkv,37056.0,165.92494750602833,31857.58992115744,37056,1.0,5526346,1.1631765017914981,79679648,3.8158935035260213,0.13715528317839423,36708.43328947216,654579.5847233661,0.0001,65.45795847233661,0.0001,0.0001
vit,dp_kfm_a,pink,0.1,42,4,blocks.6.attn.k_proj,True,0.18267549507890682,2.9810647152784306,attention_qkv,37056.0,165.92494750602833,31857.58992115744,37056,1.0,5526346,1.1631765017914981,79679648,3.8158935035260213,0.13715528317839423,36708.43328947216,654579.5847233661,0.0001,65.45795847233661,0.0001,0.0001
vit,dp_kfm_a,pink,0.1,42,4,blocks.6.attn.v_proj,True,0.18267549507890682,2.9810647152784306,attention_qkv,37056.0,165.92494750602833,31857.58992115744,37056,1.0,5526346,1.1631765017914981,79679648,3.8158935035260213,0.13715528317839423,36708.43328947216,654579.5847233661,0.0001,65.45795847233661,0.0001,0.0001
vit,dp_kfm_a,pink,0.1,42,4,blocks.6.attn.out_proj,True,0.05609160893102425,2.756735280875544,attention_out,37056.0,109.60221809957055,21043.625875117545,37056,1.0,5526346,1.760913267509467,79679648,3.1066987407032243,0.16169541650988106,36483.57279587534,83751.27239666453,0.0002638848732604982,22.10069390179928,0.0001,0.0001
vit,dp_kfm_a,pink,0.1,42,4,blocks.6.mlp.fc1,True,0.1171184710098793,3.1443139804922584,mlp_fc1,148224.0,169.43869888409108,130128.92074298195,148224,1.0,5526346,1.1390550167764604,79679648,4.086485718350092,0.13608391042185577,146846.0220322035,1298673.129155348,0.00010005583216423873,129.93982064697423,0.0001,0.0001
vit,dp_kfm_a,pink,0.1,42,4,blocks.6.mlp.fc2,True,0.07011929522699795,2.4911028986117905,mlp_fc2,147648.0,450.8225788223383,86557.93513388895,147648,1.0,5526346,1.7057708201058184,79679648,3.3363749758128547,0.18205943788137063,145056.00806352415,170902.5534206067,0.00010405525333700482,17.78330849212223,0.0001,0.0001
vit,dp_kfm_a,pink,0.1,42,4,blocks.7.attn.q_proj,True,0.15951400144005554,3.309811804674774,attention_qkv,37056.0,165.66128547183536,31806.96681059239,37056,1.0,5526346,1.1650277821417279,79679648,3.904453362113728,0.13925283593071794,36694.8022373535,823383.9485281953,0.0001,82.33839485281953,0.0001,0.0001
vit,dp_kfm_a,pink,0.1,42,4,blocks.7.attn.k_proj,True,0.15951400144005554,3.309811804674774,attention_qkv,37056.0,165.66128547183536,31806.96681059239,37056,1.0,5526346,1.1650277821417279,79679648,3.904453362113728,0.13925283593071794,36694.8022373535,823383.9485281953,0.0001,82.33839485281953,0.0001,0.0001
vit,dp_kfm_a,pink,0.1,42,4,blocks.7.attn.v_proj,True,0.15951400144005554,3.309811804674774,attention_qkv,37056.0,165.66128547183536,31806.96681059239,37056,1.0,5526346,1.1650277821417279,79679648,3.904453362113728,0.13925283593071794,36694.8022373535,823383.9485281953,0.0001,82.33839485281953,0.0001,0.0001
vit,dp_kfm_a,pink,0.1,42,4,blocks.7.attn.out_proj,True,0.1084715718233205,3.054938115134679,attention_out,37056.0,109.71695114670808,21065.654620167952,37056,1.0,5526346,1.7590718479037022,79679648,3.021035462549514,0.15479555209939377,36524.452836159704,63322.52627475553,0.00029661035338581176,18.78211689563759,0.0001,0.0001
vit,dp_kfm_a,pink,0.1,42,4,blocks.7.mlp.fc1,True,0.16000754853037175,3.4518028792879027,mlp_fc1,148224.0,174.10895914138106,133715.68062058065,148224,1.0,5526346,1.1085012566371093,79679648,4.280954543661825,0.14360352289053321,146705.55774951875,2067312.6590720143,0.00010000525061872674,206.7421205777632,0.0001,0.0001
vit,dp_kfm_a,pink,0.1,42,4,blocks.7.mlp.fc2,True,0.9985909247152962,0.06997076949563993,mlp_fc2,147648.0,464.3866511887961,89162.23702824886,147648,1.0,5526346,1.655947685040937,79679648,4.737961189740584,0.19579184816682843,144520.96990586654,5700526.76976919,0.0001107184258792417,631.1533506313232,0.0001,0.0001
vit,dp_kfm_a,pink,0.1,42,4,blocks.8.attn.q_proj,True,0.2715389665877663,2.942208040970272,attention_qkv,37056.0,167.07127944125472,32077.685652720906,37056,1.0,5526346,1.15519555871877,79679648,4.094772334840354,0.14231238301037025,36671.372489940615,1325249.3637070423,0.00010004678777626342,132.5869418414266,0.0001,0.0001
vit,dp_kfm_a,pink,0.1,42,4,blocks.8.attn.k_proj,True,0.2715389665877663,2.942208040970272,attention_qkv,37056.0,167.07127944125472,32077.685652720906,37056,1.0,5526346,1.15519555871877,79679648,4.094772334840354,0.14231238301037025,36671.372489940615,1325249.3637070423,0.00010004678777626342,132.5869418414266,0.0001,0.0001
vit,dp_kfm_a,pink,0.1,42,4,blocks.8.attn.v_proj,True,0.2715389665877663,2.942208040970272,attention_qkv,37056.0,167.07127944125472,32077.685652720906,37056,1.0,5526346,1.15519555871877,79679648,4.094772334840354,0.14231238301037025,36671.372489940615,1325249.3637070423,0.00010004678777626342,132.5869418414266,0.0001,0.0001
vit,dp_kfm_a,pink,0.1,42,4,blocks.8.attn.out_proj,True,0.20642699256674396,1.240020729221211,attention_out,37056.0,93.98195981796238,18044.536285048776,37056,1.0,5526346,2.0535856070019167,79679648,2.8753280668374943,0.14895335575541305,36527.98477709168,38625.49306038006,0.00013452435834820722,5.1960696698307585,0.0001,0.0001
vit,dp_kfm_a,pink,0.1,42,4,blocks.8.mlp.fc1,True,0.23636204337579492,2.8493551328206737,mlp_fc1,148224.0,178.93631693468035,137423.0914058345,148224,1.0,5526346,1.0785960240282217,79679648,4.395961979613515,0.147095439752832,146618.28630635876,2694879.035266118,0.0001,269.48790352661183,0.0001,0.0001
vit,dp_kfm_a,pink,0.1,42,4,blocks.8.mlp.fc2,True,0.10593230419247467,2.222731166559463,mlp_fc2,147648.0,471.05545798967415,90442.64793401744,147648,1.0,5526346,1.6325041711264006,79679648,3.3318770160380713,0.1956656174359445,144719.47459767913,168612.44518923454,0.0001014245175236783,17.101435901805765,0.0001,0.0001
vit,dp_kfm_a,pink,0.1,42,4,blocks.9.attn.q_proj,True,0.23581050954618724,3.0695819865229512,attention_qkv,37056.0,171.49661420317315,32927.34992700924,37056,1.0,5526346,1.125386649157701,79679648,4.092904583687378,0.13706509470729286,36702.601575059285,1319216.887758668,0.0001,131.9216887758668,0.0001,0.0001
vit,dp_kfm_a,pink,0.1,42,4,blocks.9.attn.k_proj,True,0.23581050954618724,3.0695819865229512,attention_qkv,37056.0,171.49661420317315,32927.34992700924,37056,1.0,5526346,1.125386649157701,79679648,4.092904583687378,0.13706509470729286,36702.601575059285,1319216.887758668,0.0001,131.9216887758668,0.0001,0.0001
vit,dp_kfm_a,pink,0.1,42,4,blocks.9.attn.v_proj,True,0.23581050954618724,3.0695819865229512,attention_qkv,37056.0,171.49661420317315,32927.34992700924,37056,1.0,5526346,1.125386649157701,79679648,4.092904583687378,0.13706509470729286,36702.601575059285,1319216.887758668,0.0001,131.9216887758668,0.0001,0.0001
vit,dp_kfm_a,pink,0.1,42,4,blocks.9.attn.out_proj,True,0.2018205707939761,1.160924266822909,attention_out,37056.0,91.02176928217801,17476.17970217818,37056,1.0,5526346,2.120371879409174,79679648,2.780921635088552,0.1395092934881421,36584.28963760864,27662.25041290555,0.00012562530365887927,3.475078608009218,0.0001,0.0001
vit,dp_kfm_a,pink,0.1,42,4,blocks.9.mlp.fc1,True,0.23482981497586847,2.7849655657118855,mlp_fc1,148224.0,182.99341109697556,140538.93972247723,148224,1.0,5526346,1.0546827825277356,79679648,4.394487316131076,0.14032126122708063,146768.1464174085,2685852.4649326215,0.0001,268.58524649326216,0.0001,0.0001
vit,dp_kfm_a,pink,0.1,42,4,blocks.9.mlp.fc2,True,0.10439627066950977,2.5065548557851325,mlp_fc2,147648.0,477.20404071411514,91623.17581711011,147648,1.0,5526346,1.6114700094517742,79679648,3.279784694763714,0.19400716954369912,144808.22437952604,144030.12873679615,0.00011736779121138852,16.904498077729702,0.0001,0.0001
vit,dp_kfm_a,pink,0.1,42,4,blocks.10.attn.q_proj,True,0.22135153852685205,2.6576557677157755,attention_qkv,37056.0,175.91195632650496,33775.09561468895,37056,1.0,5526346,1.0971397512161052,79679648,4.058522187496923,0.13223243317322464,36733.882416798995,1212493.0153567623,0.00010013733747821437,121.41582226875786,0.0001,0.0001
vit,dp_kfm_a,pink,0.1,42,4,blocks.10.attn.k_proj,True,0.22135153852685205,2.6576557677157755,attention_qkv,37056.0,175.91195632650496,33775.09561468895,37056,1.0,5526346,1.0971397512161052,79679648,4.058522187496923,0.13223243317322464,36733.882416798995,1212493.0153567623,0.00010013733747821437,121.41582226875786,0.0001,0.0001
vit,dp_kfm_a,pink,0.1,42,4,blocks.10.attn.v_proj,True,0.22135153852685205,2.6576557677157755,attention_qkv,37056.0,175.91195632650496,33775.09561468895,37056,1.0,5526346,1.0971397512161052,79679648,4.058522187496923,0.13223243317322464,36733.882416798995,1212493.0153567623,0.00010013733747821437,121.41582226875786,0.0001,0.0001
vit,dp_kfm_a,pink,0.1,42,4,blocks.10.attn.out_proj,True,0.31505326423190955,2.0127585401582566,attention_out,37056.0,95.15208805154857,18269.200905897327,37056,1.0,5526346,2.028331736613519,79679648,2.968763986017274,0.16591274718337357,36431.960660037395,53181.028186485506,0.00011775988249947036,6.2625916304415545,0.0001,0.0001
vit,dp_kfm_a,pink,0.1,42,4,blocks.10.mlp.fc1,True,0.27808512539644054,2.3879780650134586,mlp_fc1,148224.0,184.44107015458266,141650.74187871948,148224,1.0,5526346,1.046404685454514,79679648,4.319506899228631,0.1350385757335562,146896.2120090259,2261214.2832705504,0.00010001097492753826,226.14624498996244,0.0001,0.0001
vit,dp_kfm_a,pink,0.1,42,4,blocks.10.mlp.fc2,True,0.22123074689959676,2.7414720086404625,mlp_fc2,147648.0,476.18643359176275,91427.79524961844,147648,1.0,5526346,1.6149137097409791,79679648,3.2322462073482825,0.18668473573709918,145025.42006103013,124464.16943167918,0.00010881411007391596,13.543457832797264,0.0001,0.0001
vit,dp_kfm_a,pink,0.1,42,4,blocks.11.attn.q_proj,True,0.3281366424207099,2.5892448614722814,attention_qkv,37056.0,177.70569401623462,34119.49325111705,37056,1.0,5526346,1.0860653681832397,79679648,4.1130725199678455,0.1303858939235489,36745.84917302596,1385682.2974520053,0.0001,138.56822974520054,0.0001,0.0001
vit,dp_kfm_a,pink,0.1,42,4,blocks.11.attn.k_proj,True,0.3281366424207099,2.5892448614722814,attention_qkv,37056.0,177.70569401623462,34119.49325111705,37056,1.0,5526346,1.0860653681832397,79679648,4.1130725199678455,0.1303858939235489,36745.84917302596,1385682.2974520053,0.0001,138.56822974520054,0.0001,0.0001
vit,dp_kfm_a,pink,0.1,42,4,blocks.11.attn.v_proj,True,0.3281366424207099,2.5892448614722814,attention_qkv,37056.0,177.70569401623462,34119.49325111705,37056,1.0,5526346,1.0860653681832397,79679648,4.1130725199678455,0.1303858939235489,36745.84917302596,1385682.2974520053,0.0001,138.56822974520054,0.0001,0.0001
vit,dp_kfm_a,pink,0.1,42,4,blocks.11.attn.out_proj,True,0.44531516086971557,1.381674809939705,attention_out,37056.0,94.8247290034313,18206.34796865881,37056,1.0,5526346,2.0353340529242763,79679648,2.948124005872013,0.1372791209896157,36603.821775470606,49597.23565980521,0.0001288499515345074,6.390601411011444,0.0001,0.0001
vit,dp_kfm_a,pink,0.1,42,4,blocks.11.mlp.fc1,True,0.5033068376101643,1.6795485166267958,mlp_fc1,148224.0,177.89468501776722,136623.11809364523,148224,1.0,5526346,1.0849115586602496,79679648,4.263197838273471,0.1324085169323256,146931.42292424498,1983146.8303938704,0.0001,198.31468303938703,0.0001,0.0001
vit,dp_kfm_a,pink,0.1,42,4,blocks.11.mlp.fc2,True,0.8760872647213297,0.518129874394904,mlp_fc2,147648.0,436.768942697848,83859.63699798682,147648,1.0,5526346,1.7606563215095306,79679648,3.563792351185309,0.19816543743214832,144593.8607276366,330463.8162926421,0.00010025747351439805,33.13146730942647,0.0001,0.0001
vit,dp_kfm_a,pink,0.1,42,4,head,True,0.05750187951936749,3.2135666459021603,patch_head,1930.0,160.07046202580904,1600.7046202580905,1930,1.0,5526346,1.205719016222253,79679648,5.5326993268665525,0.18665653322374787,1892.1056609859465,26876375.015670616,0.00010042276199582719,2698.9998115092867,0.0001,0.0001
vit,dp_kfm_a,pink,0.1,42,4,identity,True,,,identity,47616.0,47616.0,,47616,1.0,5526346,1.0,79679648,,,,,,,0.0001,0.0001
vit,dp_kfm_a,pink,0.1,42,5,patch_embed,True,0.620146898053799,0.8490321621520888,patch_head,147648.0,590.5361006040675,113382.93131598097,147648,1.0,5526346,1.3022065868850004,79679648,2.0878485602693875,0.10579140941731704,146701.71343303338,1573.9464201531296,0.01674156372048245,26.35032428561886,0.0001,0.0001
vit,dp_kfm_a,pink,0.1,42,5,blocks.0.attn.q_proj,True,0.34189283300595796,1.698628786218495,attention_qkv,37056.0,156.30323501829727,30010.221123513074,37056,1.0,5526346,1.2347793056068668,79679648,3.1936463902824617,0.30857310461437204,35609.291796573365,110374.38107853639,0.0001,11.037438107853639,0.0001,0.0001
vit,dp_kfm_a,pink,0.1,42,5,blocks.0.attn.k_proj,True,0.34189283300595796,1.698628786218495,attention_qkv,37056.0,156.30323501829727,30010.221123513074,37056,1.0,5526346,1.2347793056068668,79679648,3.1936463902824617,0.30857310461437204,35609.291796573365,110374.38107853639,0.0001,11.037438107853639,0.0001,0.0001
vit,dp_kfm_a,pink,0.1,42,5,blocks.0.attn.v_proj,True,0.34189283300595796,1.698628786218495,attention_qkv,37056.0,156.30323501829727,30010.221123513074,37056,1.0,5526346,1.2347793056068668,79679648,3.1936463902824617,0.30857310461437204,35609.291796573365,110374.38107853639,0.0001,11.037438107853639,0.0001,0.0001
vit,dp_kfm_a,pink,0.1,42,5,blocks.0.attn.out_proj,True,0.10256330648229252,4.394857635793763,attention_out,37056.0,131.98365156515356,25340.861100509486,37056,1.0,5526346,1.4623023208652912,79679648,3.0956934982469733,0.28378954065921785,35642.45167860431,80831.2975580015,0.0001028728451845156,8.315345559747803,0.0001,0.0001
vit,dp_kfm_a,pink,0.1,42,5,blocks.0.mlp.fc1,True,0.3707293362940227,1.885387715469538,mlp_fc1,148224.0,176.36954303375305,135451.80904992233,148224,1.0,5526346,1.0942932474631648,79679648,3.644599987865341,0.33086788263050587,141979.26863261563,413522.07072037813,0.00010000002034887408,41.35221548674636,0.0001,0.0001
vit,dp_kfm_a,pink,0.1,42,5,blocks.0.mlp.fc2,True,0.12213836762017714,7.495001589610137,mlp_fc2,147648.0,614.7483163774064,118031.67674446202,147648,1.0,5526346,1.2509184320041236,79679648,3.8818081577305836,0.214229515859429,144408.5583700476,776856.2852329812,0.00016000878218755513,124.30382813487729,0.0001,0.0001
vit,dp_kfm_a,pink,0.1,42,5,blocks.1.attn.q_proj,True,0.3587796111151969,2.13874850140364,attention_qkv,37056.0,155.97336709332285,29946.886481917987,37056,1.0,5526346,1.2373907391799983,79679648,3.5843053980821664,0.21058274667456836,36283.344486616596,349985.5090900065,0.0001,34.998550909000656,0.0001,0.0001
vit,dp_kfm_a,pink,0.1,42,5,blocks.1.attn.k_proj,True,0.3587796111151969,2.13874850140364,attention_qkv,37056.0,155.97336709332285,29946.886481917987,37056,1.0,5526346,1.2373907391799983,79679648,3.5843053980821664,0.21058274667456836,36283.344486616596,349985.5090900065,0.0001,34.998550909000656,0.0001,0.0001
vit,dp_kfm_a,pink,0.1,42,5,blocks.1.attn.v_proj,True,0.3587796111151969,2.13874850140364,attention_qkv,37056.0,155.97336709332285,29946.886481917987,37056,1.0,5526346,1.2373907391799983,79679648,3.5843053980821664,0.21058274667456836,36283.344486616596,349985.5090900065,0.0001,34.998550909000656,0.0001,0.0001
vit,dp_kfm_a,pink,0.1,42,5,blocks.1.attn.out_proj,True,0.11582141008130523,4.213214253476987,attention_out,37056.0,129.05224719162203,24778.03146079143,37056,1.0,5526346,1.4955183206800402,79679648,3.2882415059032883,0.16003429512279296,36535.605975087026,147787.2844963351,0.00028817834058424325,42.589094405605316,0.0001,0.0001
vit,dp_kfm_a,pink,0.1,42,5,blocks.1.mlp.fc1,True,0.20767307197053764,2.5744269377523152,mlp_fc1,148224.0,167.97704537092156,129006.37084486775,148224,1.0,5526346,1.1489665125007025,79679648,3.777627622199725,0.17159848756253632,146138.8810359411,591822.4742116554,0.00010000210107427586,59.18349088414198,0.0001,0.0001
vit,dp_kfm_a,pink,0.1,42,5,blocks.1.mlp.fc2,True,0.05320502729467313,3.730172419726036,mlp_fc2,147648.0,488.4178825250895,93776.23344481719,147648,1.0,5526346,1.5744714260344415,79679648,3.532312126305923,0.20633353980262403,144438.84160279096,302406.2219130684,0.00010095828700818282,30.530414144959785,0.0001,0.0001
vit,dp_kfm_a,pink,0.1,42,5,blocks.2.attn.q_proj,True,0.4256302643062105,1.5330348521704513,attention_qkv,37056.0,162.86352291037497,31269.796398791994,37056,1.0,5526346,1.1850412943984354,79679648,3.4895600751800373,0.17230271426489252,36505.9383947298,267736.01439311146,0.00010000806592139455,26.775760976957727,0.0001,0.0001
vit,dp_kfm_a,pink,0.1,42,5,blocks.2.attn.k_proj,True,0.4256302643062105,1.5330348521704513,attention_qkv,37056.0,162.86352291037497,31269.796398791994,37056,1.0,5526346,1.1850412943984354,79679648,3.4895600751800373,0.17230271426489252,36505.9383947298,267736.01439311146,0.00010000806592139455,26.775760976957727,0.0001,0.0001
vit,dp_kfm_a,pink,0.1,42,5,blocks.2.attn.v_proj,True,0.4256302643062105,1.5330348521704513,attention_qkv,37056.0,162.86352291037497,31269.796398791994,37056,1.0,5526346,1.1850412943984354,79679648,3.4895600751800373,0.17230271426489252,36505.9383947298,267736.01439311146,0.00010000806592139455,26.775760976957727,0.0001,0.0001
vit,dp_kfm_a,pink,0.1,42,5,blocks.2.attn.out_proj,True,0.16056448455530925,1.9244866612811582,attention_out,37056.0,130.8095986098347,25115.442933088263,37056,1.0,5526346,1.4754268956642882,79679648,2.686784166787385,0.18552519655042823,36385.17814752071,19603.23758143025,0.0005823783811126779,11.416501767240558,0.0001,0.0001
vit,dp_kfm_a,pink,0.1,42,5,blocks.2.mlp.fc1,True,0.2396684756856151,1.7889307943926382,mlp_fc1,148224.0,174.48657739611437,134005.69144021583,148224,1.0,5526346,1.1061022737689272,79679648,3.623580278303095,0.15262941091846388,146599.6572182022,390282.3155612381,0.0001,39.028231556123814,0.0001,0.0001
vit,dp_kfm_a,pink,0.1,42,5,blocks.2.mlp.fc2,True,0.19233411407053774,2.074158695241219,mlp_fc2,147648.0,500.61625665696556,96118.32127813739,147648,1.0,5526346,1.5361067280061134,79679648,3.0148454724470146,0.16896571931448542,145495.60636297625,62036.96893420832,0.00015510151875177766,9.62202810045256,0.0001,0.0001
vit,dp_kfm_a,pink,0.1,42,5,blocks.3.attn.q_proj,True,0.27902661312157573,1.8622025638757171,attention_qkv,37056.0,173.80687290306886,33370.91959738922,37056,1.0,5526346,1.110427894917798,79679648,3.6299116108277514,0.14630604442441228,36675.379373254545,397155.4256618569,0.00010003637298201556,39.72998829334067,0.0001,0.0001
vit,dp_kfm_a,pink,0.1,42,5,blocks.3.attn.k_proj,True,0.27902661312157573,1.8622025638757171,attention_qkv,37056.0,173.80687290306886,33370.91959738922,37056,1.0,5526346,1.110427894917798,79679648,3.6299116108277514,0.14630604442441228,36675.379373254545,397155.4256618569,0.00010003637298201556,39.72998829334067,0.0001,0.0001
vit,dp_kfm_a,pink,0.1,42,5,blocks.3.attn.v_proj,True,0.27902661312157573,1.8622025638757171,attention_qkv,37056.0,173.80687290306886,33370.91959738922,37056,1.0,5526346,1.110427894917798,79679648,3.6299116108277514,0.14630604442441228,36675.379373254545,397155.4256618569,0.00010003637298201556,39.72998829334067,0.0001,0.0001
vit,dp_kfm_a,pink,0.1,42,5,blocks.3.attn.out_proj,True,0.02063574560228385,1.853288030055114,attention_out,37056.0,125.03979311491031,24007.64027806278,37056,1.0,5526346,1.5435086318691758,79679648,2.9467390222254917,0.15826106626099448,36566.59901124402,49364.72737233004,0.0002768649827875955,13.6673643942545,0.0001,0.0001
vit,dp_kfm_a,pink,0.1,42,5,blocks.3.mlp.fc1,True,0.15906678438422073,2.0875591887830933,mlp_fc1,148224.0,172.70656533206954,132638.6421750294,148224,1.0,5526346,1.1175023927371348,79679648,3.7740381524525795,0.13882316756868113,146831.40845501004,586223.0114822184,0.0001,58.62230114822184,0.0001,0.0001
vit,dp_kfm_a,pink,0.1,42,5,blocks.3.mlp.fc2,True,0.16947672964362437,1.73136113388414,mlp_fc2,147648.0,481.2074599259215,92391.83230577693,147648,1.0,5526346,1.5980633386655771,79679648,3.191848953279778,0.16886208369937952,145497.6700701961,109754.74676062778,0.00010154075774027414,11.144580151666043,0.0001,0.0001
vit,dp_kfm_a,pink,0.1,42,5,blocks.4.attn.q_proj,True,0.3005680277423153,2.0762820515158276,attention_qkv,37056.0,171.86882109504077,32998.81365024783,37056,1.0,5526346,1.1229494609337782,79679648,3.659453317033061,0.14350269165493737,36682.788398246485,430687.3471753478,0.0001000065627330212,43.071561203609896,0.0001,0.0001
vit,dp_kfm_a,pink,0.1,42,5,blocks.4.attn.k_proj,True,0.3005680277423153,2.0762820515158276,attention_qkv,37056.0,171.86882109504077,32998.81365024783,37056,1.0,5526346,1.1229494609337782,79679648,3.659453317033061,0.14350269165493737,36682.788398246485,430687.3471753478,0.0001000065627330212,43.071561203609896,0.0001,0.0001
vit,dp_kfm_a,pink,0.1,42,5,blocks.4.attn.v_proj,True,0.3005680277423153,2.0762820515158276,attention_qkv,37056.0,171.86882109504077,32998.81365024783,37056,1.0,5526346,1.1229494609337782,79679648,3.659453317033061,0.14350269165493737,36682.788398246485,430687.3471753478,0.0001000065627330212,43.071561203609896,0.0001,0.0001
vit,dp_kfm_a,pink,0.1,42,5,blocks.4.attn.out_proj,True,0.14909809330472346,3.1396116955072033,attention_out,37056.0,120.18149041496484,23074.84615967325,37056,1.0,5526346,1.6059045310022875,79679648,2.858719906149793,0.1573353715533261,36530.118165878,36451.55485514697,0.0004775404188129017,17.407090771908344,0.0001,0.0001
vit,dp_kfm_a,pink,0.1,42,5,blocks.4.mlp.fc1,True,0.19119153258454777,2.6057617623168667,mlp_fc1,148224.0,171.66966654179205,131842.3039040963,148224,1.0,5526346,1.1242521983522067,79679648,3.8382305083913195,0.1340893856413332,146922.18687757602,693921.7999127688,0.0001,69.39217999127688,0.0001,0.0001
vit,dp_kfm_a,pink,0.1,42,5,blocks.4.mlp.fc2,True,0.24842858480591218,2.414760267454363,mlp_fc2,147648.0,478.90430580879956,91949.62671528952,147648,1.0,5526346,1.6057487699996162,79679648,3.104975832199437,0.16155833251008395,145636.48775460626,83287.96321090158,0.0001766360539605476,14.711657163984915,0.0001,0.0001
vit,dp_kfm_a,pink,0.1,42,5,blocks.5.attn.q_proj,True,0.31290000957862973,2.078109686627836,attention_qkv,37056.0,173.42056916875845,33296.74928040162,37056,1.0,5526346,1.1129014333483618,79679648,3.7201163574561567,0.13666961538633654,36718.47354933676,507650.991994797,0.00010000848475068993,50.76940649158427,0.0001,0.0001
vit,dp_kfm_a,pink,0.1,42,5,blocks.5.attn.k_proj,True,0.31290000957862973,2.078109686627836,attention_qkv,37056.0,173.42056916875845,33296.74928040162,37056,1.0,5526346,1.1129014333483618,79679648,3.7201163574561567,0.13666961538633654,36718.47354933676,507650.991994797,0.00010000848475068993,50.76940649158427,0.0001,0.0001
vit,dp_kfm_a,pink,0.1,42,5,blocks.5.attn.v_proj,True,0.31290000957862973,2.078109686627836,attention_qkv,37056.0,173.42056916875845,33296.74928040162,37056,1.0,5526346,1.1129014333483618,79679648,3.7201163574561567,0.13666961538633654,36718.47354933676,507650.991994797,0.00010000848475068993,50.76940649158427,0.0001,0.0001
vit,dp_kfm_a,pink,0.1,42,5,blocks.5.attn.out_proj,True,0.16193255904769752,2.8131702130211265,attention_out,37056.0,126.10234749105139,24211.650718281868,37056,1.0,5526346,1.530502832341768,79679648,2.7335839409534115,0.1345432657510702,36670.30819830493,23298.295238299317,0.000802274138330077,18.69161973686632,0.0001,0.0001
vit,dp_kfm_a,pink,0.1,42,5,blocks.5.mlp.fc1,True,0.18719637277191487,3.273993436005224,mlp_fc1,148224.0,169.90437466345924,130486.5597415367,148224,1.0,5526346,1.1359330822545788,79679648,3.983373855200753,0.12715515909887729,147037.81714571023,1005797.8097663921,0.0001,100.57978097663921,0.0001,0.0001
vit,dp_kfm_a,pink,0.1,42,5,blocks.5.mlp.fc2,True,0.17432554263641584,2.811349150009172,mlp_fc2,147648.0,461.5590337242745,88619.3344750607,147648,1.0,5526346,1.6660924038145555,79679648,3.339193522498339,0.1799360296210999,145161.13039742163,172351.82745057857,0.00010694934819358099,18.432915605811917,0.0001,0.0001
vit,dp_kfm_a,pink,0.1,42,5,blocks.6.attn.q_proj,True,0.19958817246407404,2.8864735120266336,attention_qkv,37056.0,166.68833892822718,32004.16107421962,37056,1.0,5526346,1.1578494407044402,79679648,3.8099107019825693,0.13609915456287996,36714.932824622105,644388.7748791355,0.0001,64.43887748791356,0.0001,0.0001
vit,dp_kfm_a,pink,0.1,42,5,blocks.6.attn.k_proj,True,0.19958817246407404,2.8864735120266336,attention_qkv,37056.0,166.68833892822718,32004.16107421962,37056,1.0,5526346,1.1578494407044402,79679648,3.8099107019825693,0.13609915456287996,36714.932824622105,644388.7748791355,0.0001,64.43887748791356,0.0001,0.0001
vit,dp_kfm_a,pink,0.1,42,5,blocks.6.attn.v_proj,True,0.19958817246407404,2.8864735120266336,attention_qkv,37056.0,166.68833892822718,32004.16107421962,37056,1.0,5526346,1.1578494407044402,79679648,3.8099107019825693,0.13609915456287996,36714.932824622105,644388.7748791355,0.0001,64.43887748791356,0.0001,0.0001
vit,dp_kfm_a,pink,0.1,42,5,blocks.6.attn.out_proj,True,0.0706994212220547,2.6928347456771324,attention_out,37056.0,110.2889907838293,21175.486230495226,37056,1.0,5526346,1.7499480104799172,79679648,3.0703847222274323,0.16079100746867456,36491.432622626584,74460.84564062949,0.0002903210768537663,21.61755288982962,0.0001,0.0001
vit,dp_kfm_a,pink,0.1,42,5,blocks.6.mlp.fc1,True,0.12457745957393553,3.03986561631858,mlp_fc1,148224.0,170.29562333186755,130787.03871887428,148224,1.0,5526346,1.133323312859819,79679648,4.072520430747098,0.13495967511940254,146874.9423077867,1254968.1884713224,0.0001,125.49681884713225,0.0001,0.0001
vit,dp_kfm_a,pink,0.1,42,5,blocks.6.mlp.fc2,True,0.0876269825208688,2.1859738410888934,mlp_fc2,147648.0,453.5365515626192,87079.01790002288,147648,1.0,5526346,1.6955634498487058,79679648,3.283206607913478,0.17930543563543996,145145.49753457983,145539.91996224612,0.00010570417790743145,15.3841775923226,0.0001,0.0001
vit,dp_kfm_a,pink,0.1,42,5,blocks.7.attn.q_proj,True,0.16897078581962036,3.1852151391979135,attention_qkv,37056.0,166.6417963516778,31995.224899522138,37056,1.0,5526346,1.1581728247377767,79679648,3.890591059600671,0.13723560414264324,36706.90988890339,794613.327094853,0.0001,79.4613327094853,0.0001,0.0001
vit,dp_kfm_a,pink,0.1,42,5,blocks.7.attn.k_proj,True,0.16897078581962036,3.1852151391979135,attention_qkv,37056.0,166.6417963516778,31995.224899522138,37056,1.0,5526346,1.1581728247377767,79679648,3.890591059600671,0.13723560414264324,36706.90988890339,794613.327094853,0.0001,79.4613327094853,0.0001,0.0001
vit,dp_kfm_a,pink,0.1,42,5,blocks.7.attn.v_proj,True,0.16897078581962036,3.1852151391979135,attention_qkv,37056.0,166.6417963516778,31995.224899522138,37056,1.0,5526346,1.1581728247377767,79679648,3.890591059600671,0.13723560414264324,36706.90988890339,794613.327094853,0.0001,79.4613327094853,0.0001,0.0001
vit,dp_kfm_a,pink,0.1,42,5,blocks.7.attn.out_proj,True,0.11088645221790684,2.764656473809305,attention_out,37056.0,110.24933283068644,21167.871903491796,37056,1.0,5526346,1.7505774869077577,79679648,2.953795245475314,0.15272737843486783,36540.938803116165,50559.628130970596,0.00033464980523806965,16.91976970693854,0.0001,0.0001
vit,dp_kfm_a,pink,0.1,42,5,blocks.7.mlp.fc1,True,0.17298766693838252,3.2931498340948093,mlp_fc1,148224.0,175.35360546824847,134671.56899961483,148224,1.0,5526346,1.1006332004673083,79679648,4.259752211373909,0.14169525765266364,146755.73783666414,1967176.6938735046,0.0001,196.71766938735047,0.0001,0.0001
vit,dp_kfm_a,pink,0.1,42,5,blocks.7.mlp.fc2,True,0.9988337372205329,0.07547979232241843,mlp_fc2,147648.0,469.1452875681401,90075.8952130829,147648,1.0,5526346,1.6391510697809324,79679648,4.739428191298397,0.19131712889401417,144670.67179549357,5718201.762984623,0.00011374958370658244,650.4430700897467,0.0001,0.0001
vit,dp_kfm_a,pink,0.1,42,5,blocks.8.attn.q_proj,True,0.2847213751679646,2.777205787529919,attention_qkv,37056.0,168.27058618535435,32307.952547588036,37056,1.0,5526346,1.1469621897400748,79679648,4.076524726122536,0.13971351848031183,36687.6693690211,1267362.3719937599,0.0001,126.73623719937599,0.0001,0.0001
vit,dp_kfm_a,pink,0.1,42,5,blocks.8.attn.k_proj,True,0.2847213751679646,2.777205787529919,attention_qkv,37056.0,168.27058618535435,32307.952547588036,37056,1.0,5526346,1.1469621897400748,79679648,4.076524726122536,0.13971351848031183,36687.6693690211,1267362.3719937599,0.0001,126.73623719937599,0.0001,0.0001
vit,dp_kfm_a,pink,0.1,42,5,blocks.8.attn.v_proj,True,0.2847213751679646,2.777205787529919,attention_qkv,37056.0,168.27058618535435,32307.952547588036,37056,1.0,5526346,1.1469621897400748,79679648,4.076524726122536,0.13971351848031183,36687.6693690211,1267362.3719937599,0.0001,126.73623719937599,0.0001,0.0001
vit,dp_kfm_a,pink,0.1,42,5,blocks.8.attn.out_proj,True,0.21563468463121122,1.226978042004761,attention_out,37056.0,95.10693395256015,18260.53131889155,37056,1.0,5526346,2.0292947315100016,79679648,2.8550824205350844,0.14693310496040196,36545.66415726629,35990.38560715939,0.00014303407945036588,5.147851674383741,0.0001,0.0001
vit,dp_kfm_a,pink,0.1,42,5,blocks.8.mlp.fc1,True,0.25058959574093626,2.690064460944641,mlp_fc1,148224.0,180.03371245857875,138265.89116818848,148224,1.0,5526346,1.0720214417863791,79679648,4.376172608703217,0.14457538155145222,146683.42271932427,2575991.5539061096,0.0001,257.599155390611,0.0001,0.0001
vit,dp_kfm_a,pink,0.1,42,5,blocks.8.mlp.fc2,True,0.10830285402561296,2.3194902636613985,mlp_fc2,147648.0,474.28327869065123,91062.38950860503,147648,1.0,5526346,1.6213938684976836,79679648,3.3445742561562137,0.19150052991520183,144836.39278291096,175149.30804657022,0.00010331162333165813,18.09495933970782,0.0001,0.0001
vit,dp_kfm_a,pink,0.1,42,5,blocks.9.attn.q_proj,True,0.24970269866709707,2.902724330381437,attention_qkv,37056.0,172.13345544852052,33049.62344611594,37056,1.0,5526346,1.1212230620544301,79679648,4.077437995967495,0.13567582063505146,36711.29428487237,1270204.5267199536,0.0001,127.02045267199537,0.0001,0.0001
vit,dp_kfm_a,pink,0.1,42,5,blocks.9.attn.k_proj,True,0.24970269866709707,2.902724330381437,attention_qkv,37056.0,172.13345544852052,33049.62344611594,37056,1.0,5526346,1.1212230620544301,79679648,4.077437995967495,0.13567582063505146,36711.29428487237,1270204.5267199536,0.0001,127.02045267199537,0.0001,0.0001
vit,dp_kfm_a,pink,0.1,42,5,blocks.9.attn.v_proj,True,0.24970269866709707,2.902724330381437,attention_qkv,37056.0,172.13345544852052,33049.62344611594,37056,1.0,5526346,1.1212230620544301,79679648,4.077437995967495,0.13567582063505146,36711.29428487237,1270204.5267199536,0.0001,127.02045267199537,0.0001,0.0001
vit,dp_kfm_a,pink,0.1,42,5,blocks.9.attn.out_proj,True,0.20276164128697377,1.165095762263484,attention_out,37056.0,92.27783745670475,17717.344791687312,37056,1.0,5526346,2.0915097852239164,79679648,2.7731852737547222,0.1409678246482838,36581.06908669563,26902.26542874575,0.00013162618484646773,3.5410425621128265,0.0001,0.0001
vit,dp_kfm_a,pink,0.1,42,5,blocks.9.mlp.fc1,True,0.2524580232852026,2.640795060280072,mlp_fc1,148224.0,183.54602545548346,140963.3475498113,148224,1.0,5526346,1.0515073781688042,79679648,4.377798351200652,0.13899704855249861,146802.15481670207,2585577.343483834,0.0001,258.5577343483834,0.0001,0.0001
vit,dp_kfm_a,pink,0.1,42,5,blocks.9.mlp.fc2,True,0.11602046252170703,2.1733627637363653,mlp_fc2,147648.0,478.0359294171082,91782.89844808477,147648,1.0,5526346,1.6086656936805526,79679648,3.2187331859547363,0.18830950239916222,144968.3968978707,119357.51744697648,0.00012156629725651016,14.50985144575824,0.0001,0.0001
vit,dp_kfm_a,pink,0.1,42,5,blocks.10.attn.q_proj,True,0.238333869577735,2.524160882522085,attention_qkv,37056.0,176.2022766229223,33830.83711160108,37056,1.0,5526346,1.095332045073545,79679648,4.045837839918663,0.1306865124058739,36742.52643603733,1175126.7690781835,0.00010004790567944012,117.56897215411931,0.0001,0.0001
vit,dp_kfm_a,pink,0.1,42,5,blocks.10.attn.k_proj,True,0.238333869577735,2.524160882522085,attention_qkv,37056.0,176.2022766229223,33830.83711160108,37056,1.0,5526346,1.095332045073545,79679648,4.045837839918663,0.1306865124058739,36742.52643603733,1175126.7690781835,0.00010004790567944012,117.56897215411931,0.0001,0.0001
vit,dp_kfm_a,pink,0.1,42,5,blocks.10.attn.v_proj,True,0.238333869577735,2.524160882522085,attention_qkv,37056.0,176.2022766229223,33830.83711160108,37056,1.0,5526346,1.095332045073545,79679648,4.045837839918663,0.1306865124058739,36742.52643603733,1175126.7690781835,0.00010004790567944012,117.56897215411931,0.0001,0.0001
vit,dp_kfm_a,pink,0.1,42,5,blocks.10.attn.out_proj,True,0.3329503881710148,1.9145145533332741,attention_out,37056.0,95.33521768494002,18304.361795508485,37056,1.0,5526346,2.024435509633162,79679648,2.9494742005726016,0.1636391170453295,36449.77965608375,49824.85195194733,0.00012041127430027852,5.999473915356697,0.0001,0.0001
vit,dp_kfm_a,pink,0.1,42,5,blocks.10.mlp.fc1,True,0.29563698619772105,2.283825508265688,mlp_fc1,148224.0,184.77365474551524,141906.1668445557,148224,1.0,5526346,1.0445212022558883,79679648,4.30574161406748,0.13354657701111725,146930.33341519476,2190179.169915979,0.00010024668211683566,219.55819502548212,0.0001,0.0001
vit,dp_kfm_a,pink,0.1,42,5,blocks.10.mlp.fc2,True,0.24189734005961616,2.4951741062443404,mlp_fc2,147648.0,476.1579533876514,91422.32705042907,147648,1.0,5526346,1.6150103017893707,79679648,3.2040044245637516,0.1829139087302366,145124.06908705155,114006.88286369969,0.00010857353112015811,12.378129844514119,0.0001,0.0001
vit,dp_kfm_a,pink,0.1,42,5,blocks.11.attn.q_proj,True,0.34769406193504726,2.418959665985796,attention_qkv,37056.0,177.8964563917975,34156.11962722512,37056,1.0,5526346,1.08490075583596,79679648,4.093309250843816,0.12909606853142164,36752.96697370307,1320521.7833761515,0.00010011863411024294,132.2088372644424,0.0001,0.0001
vit,dp_kfm_a,pink,0.1,42,5,blocks.11.attn.k_proj,True,0.34769406193504726,2.418959665985796,attention_qkv,37056.0,177.8964563917975,34156.11962722512,37056,1.0,5526346,1.08490075583596,79679648,4.093309250843816,0.12909606853142164,36752.96697370307,1320521.7833761515,0.00010011863411024294,132.2088372644424,0.0001,0.0001
vit,dp_kfm_a,pink,0.1,42,5,blocks.11.attn.v_proj,True,0.34769406193504726,2.418959665985796,attention_qkv,37056.0,177.8964563917975,34156.11962722512,37056,1.0,5526346,1.08490075583596,79679648,4.093309250843816,0.12909606853142164,36752.96697370307,1320521.7833761515,0.00010011863411024294,132.2088372644424,0.0001,0.0001
vit,dp_kfm_a,pink,0.1,42,5,blocks.11.attn.out_proj,True,0.4562193155874234,1.3362676717051947,attention_out,37056.0,95.4846736673668,18333.057344134428,37056,1.0,5526346,2.0212667916983245,79679648,2.9359478323461765,0.13493096062198243,36620.43371100902,47586.45415762678,0.00013185350714193492,6.274440873132002,0.0001,0.0001
vit,dp_kfm_a,pink,0.1,42,5,blocks.11.mlp.fc1,True,0.5233652179696928,1.608375851488162,mlp_fc1,148224.0,178.3261488522978,136954.4823185647,148224,1.0,5526346,1.082286592528032,79679648,4.254939468219227,0.1311836965996193,146959.09137658912,1945063.8434407779,0.0001,194.5063843440778,0.0001,0.0001
vit,dp_kfm_a,pink,0.1,42,5,blocks.11.mlp.fc2,True,0.8869413547053745,0.48703362362331876,mlp_fc2,147648.0,436.7346732963126,83853.05727289202,147648,1.0,5526346,1.7607944755012717,79679648,3.558607236565118,0.19361786743345866,144735.99854943427,325687.11395010893,0.00010024367146525084,32.64807205128044,0.0001,0.0001
vit,dp_kfm_a,pink,0.1,42,5,head,True,0.06819133397242265,3.162261907262882,patch_head,1930.0,161.32029832903635,1613.2029832903636,1930,1.0,5526346,1.1963776536437358,79679648,5.526770564812405,0.18518806452032407,1892.7967240689927,26589756.42704898,0.0001,2658.9756427048983,0.0001,0.0001
vit,dp_kfm_a,pink,0.1,42,5,identity,True,,,identity,47616.0,47616.0,,47616,1.0,5526346,1.0,79679648,,,,,,,0.0001,0.0001
