task,method,source,beta,seed,epoch,layer,research_only,cosA,relative_error_A,group,trace_S,trace_R,layer_dimension,trace_S_per_dim,d_total,tau_layer,operator_state_bytes,condition_S,log_eigenvalue_spread_S,effective_rank_S,A_condition_raw,A_eigenvalue_min,A_eigenvalue_max
vit,dp_kfm_a,pink,0.5,42,1,patch_embed,True,0.621153982490905,0.8487813064691657,patch_head,147648.0,47486.41677188944,147648,1.0,5526346,3.109268082055062,79679648,38.62731626719892,0.5239639239248499,108924.11308553256,1492.0695620062106,0.01765302459148114,26.33954067029613
vit,dp_kfm_a,pink,0.5,42,1,blocks.0.attn.q_proj,True,0.3396325371922061,1.7188422276091564,attention_qkv,37056.0,22357.497784340834,37056,1.0,5526346,1.6574305567394032,79679648,105.39665984168352,1.347000133264691,24039.4140297072,11108.455905783541,0.001,11.108455905783542
vit,dp_kfm_a,pink,0.5,42,1,blocks.0.attn.k_proj,True,0.3396325371922061,1.7188422276091564,attention_qkv,37056.0,22357.497784340834,37056,1.0,5526346,1.6574305567394032,79679648,105.39665984168352,1.347000133264691,24039.4140297072,11108.455905783541,0.001,11.108455905783542
vit,dp_kfm_a,pink,0.5,42,1,blocks.0.attn.v_proj,True,0.3396325371922061,1.7188422276091564,attention_qkv,37056.0,22357.497784340834,37056,1.0,5526346,1.6574305567394032,79679648,105.39665984168352,1.347000133264691,24039.4140297072,11108.455905783541,0.001,11.108455905783542
vit,dp_kfm_a,pink,0.5,42,1,blocks.0.attn.out_proj,True,0.10836942728802505,4.822867426418404,attention_out,37056.0,11057.649856573635,37056,1.0,5526346,3.3511641696603975,79679648,91.21847675403629,1.1685718033011716,19023.374311791427,8320.81050132666,0.001001976580563823,8.337257253638837
vit,dp_kfm_a,pink,0.5,42,1,blocks.0.mlp.fc1,True,0.3641099132362489,1.9164945556238355,mlp_fc1,148224.0,163519.64672734612,148224,1.0,5526346,0.9064598839743692,79679648,203.4688336021342,1.4797410039982506,98029.81583926629,41399.56624741298,0.0010000000312211559,41.39956753995529
vit,dp_kfm_a,pink,0.5,42,1,blocks.0.mlp.fc2,True,0.1190921571486446,7.593671423422714,mlp_fc2,147648.0,73635.89660746598,147648,1.0,5526346,2.00510901343503,79679648,340.56579863719026,1.0094561267592337,90511.33403381702,115985.06320138722,0.001059067615111467,122.83602427324595
vit,dp_kfm_a,pink,0.5,42,1,blocks.1.attn.q_proj,True,0.36522506393233223,2.1311724236103684,attention_qkv,37056.0,19043.191227967625,37056,1.0,5526346,1.9458923431687234,79679648,186.41375295629223,0.9751125233504453,22842.854775779993,34750.087291249554,0.001,34.75008729124956
vit,dp_kfm_a,pink,0.5,42,1,blocks.1.attn.k_proj,True,0.36522506393233223,2.1311724236103684,attention_qkv,37056.0,19043.191227967625,37056,1.0,5526346,1.9458923431687234,79679648,186.41375295629223,0.9751125233504453,22842.854775779993,34750.087291249554,0.001,34.75008729124956
vit,dp_kfm_a,pink,0.5,42,1,blocks.1.attn.v_proj,True,0.36522506393233223,2.1311724236103684,attention_qkv,37056.0,19043.191227967625,37056,1.0,5526346,1.9458923431687234,79679648,186.41375295629223,0.9751125233504453,22842.854775779993,34750.087291249554,0.001,34.75008729124956
vit,dp_kfm_a,pink,0.5,42,1,blocks.1.attn.out_proj,True,0.144290203191076,3.923907957708787,attention_out,37056.0,7453.970323618278,37056,1.0,5526346,4.971310374363339,79679648,187.65130683115407,0.7373904400654905,18850.771712681984,35213.01295543993,0.0011720687868649474,41.27207337654215
vit,dp_kfm_a,pink,0.5,42,1,blocks.1.mlp.fc1,True,0.23393590191609723,2.4326963686227363,mlp_fc1,148224.0,96978.16402602711,148224,1.0,5526346,1.528426543115618,79679648,244.43456489258097,0.8340296013418638,103968.48081998034,59748.25651422537,0.001000018717964049,59.7493748799428
vit,dp_kfm_a,pink,0.5,42,1,blocks.1.mlp.fc2,True,0.040200446112319925,3.058799579063516,mlp_fc2,147648.0,25072.35179784117,147648,1.0,5526346,5.88887716599099,79679648,173.5449853588014,0.8625338461742945,84633.20252307883,30117.86194318659,0.0010005157681228266,30.13339577630458
vit,dp_kfm_a,pink,0.5,42,1,blocks.2.attn.q_proj,True,0.3826682523551794,1.5533921232480628,attention_qkv,37056.0,21353.743340408604,37056,1.0,5526346,1.7353397673314421,79679648,165.45722653492942,0.8409674401439104,24732.234821869282,27376.09381263095,0.001,27.37609381263095
vit,dp_kfm_a,pink,0.5,42,1,blocks.2.attn.k_proj,True,0.3826682523551794,1.5533921232480628,attention_qkv,37056.0,21353.743340408604,37056,1.0,5526346,1.7353397673314421,79679648,165.45722653492942,0.8409674401439104,24732.234821869282,27376.09381263095,0.001,27.37609381263095
vit,dp_kfm_a,pink,0.5,42,1,blocks.2.attn.v_proj,True,0.3826682523551794,1.5533921232480628,attention_qkv,37056.0,21353.743340408604,37056,1.0,5526346,1.7353397673314421,79679648,165.45722653492942,0.8409674401439104,24732.234821869282,27376.09381263095,0.001,27.37609381263095
vit,dp_kfm_a,pink,0.5,42,1,blocks.2.attn.out_proj,True,0.11636580509920338,1.8886769977209008,attention_out,37056.0,7968.93988767649,37056,1.0,5526346,4.650053899553814,79679648,91.39312481485095,0.855388782256253,21669.925911725222,8352.703263422924,0.001449152033099884,12.104336916069364
vit,dp_kfm_a,pink,0.5,42,1,blocks.2.mlp.fc1,True,0.2224458376863884,1.7094821731045011,mlp_fc1,148224.0,109472.27383622466,148224,1.0,5526346,1.3539866744866342,79679648,198.7201514791357,0.7390275465747004,113115.84125118174,39489.69860389064,0.001,39.48969860389064
vit,dp_kfm_a,pink,0.5,42,1,blocks.2.mlp.fc2,True,0.17132748893572655,1.8734494675448976,mlp_fc2,147648.0,24115.819738203558,147648,1.0,5526346,6.122454123593421,79679648,95.8271457299436,0.7416323033675365,99749.6198454951,9182.841858747848,0.0010547041182984748,9.685181126104977
vit,dp_kfm_a,pink,0.5,42,1,blocks.3.attn.q_proj,True,0.270330807126886,1.9068547056821001,attention_qkv,37056.0,26671.237321430282,37056,1.0,5526346,1.3893618639966727,79679648,201.91443309573665,0.7070598454035585,28002.84781912343,40769.43829237271,0.001,40.76943829237271
vit,dp_kfm_a,pink,0.5,42,1,blocks.3.attn.k_proj,True,0.270330807126886,1.9068547056821001,attention_qkv,37056.0,26671.237321430282,37056,1.0,5526346,1.3893618639966727,79679648,201.91443309573665,0.7070598454035585,28002.84781912343,40769.43829237271,0.001,40.76943829237271
vit,dp_kfm_a,pink,0.5,42,1,blocks.3.attn.v_proj,True,0.270330807126886,1.9068547056821001,attention_qkv,37056.0,26671.237321430282,37056,1.0,5526346,1.3893618639966727,79679648,201.91443309573665,0.7070598454035585,28002.84781912343,40769.43829237271,0.001,40.76943829237271
vit,dp_kfm_a,pink,0.5,42,1,blocks.3.attn.out_proj,True,0.03096319252827678,2.2956173677552303,attention_out,37056.0,6001.834770603586,37056,1.0,5526346,6.1741119868038945,79679648,109.89409254499033,0.7062982277159826,22325.73867259433,12076.711576286898,0.0011696739417544203,14.125814832866734
vit,dp_kfm_a,pink,0.5,42,1,blocks.3.mlp.fc1,True,0.18025118275917792,2.483678467698164,mlp_fc1,148224.0,102982.34089346466,148224,1.0,5526346,1.439314728273053,79679648,246.36896251805516,0.6674637829468092,110331.69361222463,60697.66569222287,0.001,60.69766569222287
vit,dp_kfm_a,pink,0.5,42,1,blocks.3.mlp.fc2,True,0.15470164973298836,2.2165783745061423,mlp_fc2,147648.0,20144.572826260013,147648,1.0,5526346,7.329418264334173,79679648,108.02872448784686,0.7148569835337014,99272.73403207597,11670.205314471123,0.0010018357964796938,11.691629436304732
vit,dp_kfm_a,pink,0.5,42,1,blocks.4.attn.q_proj,True,0.2960674035963436,2.3393084714450256,attention_qkv,37056.0,25346.17052072764,37056,1.0,5526346,1.4619960032895807,79679648,211.1536354123312,0.6951504182363294,27380.760150672184,44585.85774784369,0.0010000351614704677,44.58742545216417
vit,dp_kfm_a,pink,0.5,42,1,blocks.4.attn.k_proj,True,0.2960674035963436,2.3393084714450256,attention_qkv,37056.0,25346.17052072764,37056,1.0,5526346,1.4619960032895807,79679648,211.1536354123312,0.6951504182363294,27380.760150672184,44585.85774784369,0.0010000351614704677,44.58742545216417
vit,dp_kfm_a,pink,0.5,42,1,blocks.4.attn.v_proj,True,0.2960674035963436,2.3393084714450256,attention_qkv,37056.0,25346.17052072764,37056,1.0,5526346,1.4619960032895807,79679648,211.1536354123312,0.6951504182363294,27380.760150672184,44585.85774784369,0.0010000351614704677,44.58742545216417
vit,dp_kfm_a,pink,0.5,42,1,blocks.4.attn.out_proj,True,0.11981143461313551,4.686292724752977,attention_out,37056.0,5366.334697519803,37056,1.0,5526346,6.905271864076319,79679648,111.05212986523996,0.7171758663844179,18994.617959789135,12332.57554760612,0.0013691454347910413,16.885089510220546
vit,dp_kfm_a,pink,0.5,42,1,blocks.4.mlp.fc1,True,0.17858730292916236,3.2551235253766895,mlp_fc1,148224.0,99237.32390617437,148224,1.0,5526346,1.4936315709212487,79679648,270.74931390332637,0.6450920155549399,109796.56880554595,73305.19097912195,0.001,73.30519097912196
vit,dp_kfm_a,pink,0.5,42,1,blocks.4.mlp.fc2,True,0.18460710087757812,3.471254232152399,mlp_fc2,147648.0,19608.228225455627,147648,1.0,5526346,7.529900116539936,79679648,121.09440437204157,0.6972217337346777,97207.66896071947,14663.85477021952,0.00105542775788899,15.476639362142556
vit,dp_kfm_a,pink,0.5,42,1,blocks.5.attn.q_proj,True,0.28522367273552746,2.4959241243811983,attention_qkv,37056.0,25924.87939011353,37056,1.0,5526346,1.4293605552560962,79679648,234.8652797651513,0.6594661201204425,27685.753405706233,55161.69963916279,0.0010000172808831186,55.16265288204688
vit,dp_kfm_a,pink,0.5,42,1,blocks.5.attn.k_proj,True,0.28522367273552746,2.4959241243811983,attention_qkv,37056.0,25924.87939011353,37056,1.0,5526346,1.4293605552560962,79679648,234.8652797651513,0.6594661201204425,27685.753405706233,55161.69963916279,0.0010000172808831186,55.16265288204688
vit,dp_kfm_a,pink,0.5,42,1,blocks.5.attn.v_proj,True,0.28522367273552746,2.4959241243811983,attention_qkv,37056.0,25924.87939011353,37056,1.0,5526346,1.4293605552560962,79679648,234.8652797651513,0.6594661201204425,27685.753405706233,55161.69963916279,0.0010000172808831186,55.16265288204688
vit,dp_kfm_a,pink,0.5,42,1,blocks.5.attn.out_proj,True,0.114549298883827,4.858133705609881,attention_out,37056.0,6042.910181460344,37056,1.0,5526346,6.132144759273083,79679648,110.063528261151,0.6444951650047767,20575.37630143314,12113.980253293186,0.001684507471470665,20.40609024592047
vit,dp_kfm_a,pink,0.5,42,1,blocks.5.mlp.fc1,True,0.1660334225184072,4.195165251919726,mlp_fc1,148224.0,92667.70531504955,148224,1.0,5526346,1.5995216402097303,79679648,327.17589856160197,0.6102092391041841,106720.50469911209,107044.06859959167,0.001,107.04406859959167
vit,dp_kfm_a,pink,0.5,42,1,blocks.5.mlp.fc2,True,0.13436147271293303,3.893999695710711,mlp_fc2,147648.0,17429.245714583027,147648,1.0,5526346,8.471278815953758,79679648,141.5990385460446,0.7329416272163785,89529.92739291469,20050.28771716422,0.0010012076929646683,20.074502308579817
vit,dp_kfm_a,pink,0.5,42,1,blocks.6.attn.q_proj,True,0.1664079526767589,3.630027224261625,attention_qkv,37056.0,21126.949595599483,37056,1.0,5526346,1.753968306324656,79679648,263.96038535774136,0.6620320037998702,26380.40641337307,69675.08503820731,0.001,69.67508503820731
vit,dp_kfm_a,pink,0.5,42,1,blocks.6.attn.k_proj,True,0.1664079526767589,3.630027224261625,attention_qkv,37056.0,21126.949595599483,37056,1.0,5526346,1.753968306324656,79679648,263.96038535774136,0.6620320037998702,26380.40641337307,69675.08503820731,0.001,69.67508503820731
vit,dp_kfm_a,pink,0.5,42,1,blocks.6.attn.v_proj,True,0.1664079526767589,3.630027224261625,attention_qkv,37056.0,21126.949595599483,37056,1.0,5526346,1.753968306324656,79679648,263.96038535774136,0.6620320037998702,26380.40641337307,69675.08503820731,0.001,69.67508503820731
vit,dp_kfm_a,pink,0.5,42,1,blocks.6.attn.out_proj,True,0.07248219260873141,4.5861542909055775,attention_out,37056.0,3930.2098333516196,37056,1.0,5526346,9.428504220193057,79679648,138.72685077134597,0.6632370533956361,14973.047684505213,19245.139124935296,0.0011438985686195904,22.01448709789836
vit,dp_kfm_a,pink,0.5,42,1,blocks.6.mlp.fc1,True,0.13727009054607686,4.071613246199397,mlp_fc1,148224.0,95705.72885500276,148224,1.0,5526346,1.5487474132772563,79679648,363.93366741997454,0.6549773227628829,101810.2648567075,132447.71428175262,0.001,132.4477142817526
vit,dp_kfm_a,pink,0.5,42,1,blocks.6.mlp.fc2,True,0.10025464659780577,3.651300849771205,mlp_fc2,147648.0,16477.269978467935,147648,1.0,5526346,8.960707701757787,79679648,136.01851249632378,0.7229540667459169,87615.70298329886,18501.03574171259,0.0010033278511213902,18.562604434252528
vit,dp_kfm_a,pink,0.5,42,1,blocks.7.attn.q_proj,True,0.16329605700408437,3.9595461603797273,attention_qkv,37056.0,21422.746060337922,37056,1.0,5526346,1.7297502334962318,79679648,291.5991512308283,0.6732266272527127,25725.63904347412,85030.06499853947,0.0010000046789252668,85.03046284785903
vit,dp_kfm_a,pink,0.5,42,1,blocks.7.attn.k_proj,True,0.16329605700408437,3.9595461603797273,attention_qkv,37056.0,21422.746060337922,37056,1.0,5526346,1.7297502334962318,79679648,291.5991512308283,0.6732266272527127,25725.63904347412,85030.06499853947,0.0010000046789252668,85.03046284785903
vit,dp_kfm_a,pink,0.5,42,1,blocks.7.attn.v_proj,True,0.16329605700408437,3.9595461603797273,attention_qkv,37056.0,21422.746060337922,37056,1.0,5526346,1.7297502334962318,79679648,291.5991512308283,0.6732266272527127,25725.63904347412,85030.06499853947,0.0010000046789252668,85.03046284785903
vit,dp_kfm_a,pink,0.5,42,1,blocks.7.attn.out_proj,True,0.09858226395399361,4.509750689347321,attention_out,37056.0,3909.322907007647,37056,1.0,5526346,9.478879305051871,79679648,127.43226801711661,0.6478577770949202,15294.654947983434,16238.982931986242,0.0011864435349113614,19.26663631319102
vit,dp_kfm_a,pink,0.5,42,1,blocks.7.mlp.fc1,True,0.15540215586619216,4.020683547920182,mlp_fc1,148224.0,111941.18736073757,148224,1.0,5526346,1.3241238858967859,79679648,459.34245533040803,0.6922502664185063,97955.77969497831,210995.49126896792,0.001,210.99549126896792
vit,dp_kfm_a,pink,0.5,42,1,blocks.7.mlp.fc2,True,0.998581504800731,0.15563722430145224,mlp_fc2,147648.0,24298.726394332727,147648,1.0,5526346,6.076367855824593,79679648,794.6130863593548,0.8189310950994035,40255.58630644142,631409.9570135395,0.0010077431650465836,636.2990685227516
vit,dp_kfm_a,pink,0.5,42,1,blocks.8.attn.q_proj,True,0.29995861146002356,3.4067457186357095,attention_qkv,37056.0,22975.567785314524,37056,1.0,5526346,1.61284371059963,79679648,372.3485426926509,0.6907691462884988,24202.49833709698,138643.43724534087,0.0010000593246395845,138.6516622172862
vit,dp_kfm_a,pink,0.5,42,1,blocks.8.attn.k_proj,True,0.29995861146002356,3.4067457186357095,attention_qkv,37056.0,22975.567785314524,37056,1.0,5526346,1.61284371059963,79679648,372.3485426926509,0.6907691462884988,24202.49833709698,138643.43724534087,0.0010000593246395845,138.6516622172862
vit,dp_kfm_a,pink,0.5,42,1,blocks.8.attn.v_proj,True,0.29995861146002356,3.4067457186357095,attention_qkv,37056.0,22975.567785314524,37056,1.0,5526346,1.61284371059963,79679648,372.3485426926509,0.6907691462884988,24202.49833709698,138643.43724534087,0.0010000593246395845,138.6516622172862
vit,dp_kfm_a,pink,0.5,42,1,blocks.8.attn.out_proj,True,0.24995600739235924,1.4483544418616243,attention_out,37056.0,2186.6346965263037,37056,1.0,5526346,16.9465892308703,79679648,71.38312870281983,0.5034925369069586,17305.04108914814,5095.55106340334,0.001024632245906915,5.221065930228333
vit,dp_kfm_a,pink,0.5,42,1,blocks.8.mlp.fc1,True,0.2404947275668351,3.3779677045983925,mlp_fc1,148224.0,131765.82361786446,148224,1.0,5526346,1.1249047433564114,79679648,529.7817934405344,0.7128276567478417,96559.76380775103,280668.7486610691,0.001,280.6687486610691
vit,dp_kfm_a,pink,0.5,42,1,blocks.8.mlp.fc2,True,0.11895514113759215,3.2658339932484397,mlp_fc2,147648.0,21341.717410481808,147648,1.0,5526346,6.918281090512608,79679648,141.71505130653517,0.8211283030571351,86450.95846344955,20083.1557668139,0.0010009674646328454,20.102585509734215
vit,dp_kfm_a,pink,0.5,42,1,blocks.9.attn.q_proj,True,0.2604439110064746,3.619839984250382,attention_qkv,37056.0,26007.99536091608,37056,1.0,5526346,1.4247926257202614,79679648,373.58279477922434,0.6624966967740687,25389.447074298492,139564.10455505605,0.001,139.56410455505605
vit,dp_kfm_a,pink,0.5,42,1,blocks.9.attn.k_proj,True,0.2604439110064746,3.619839984250382,attention_qkv,37056.0,26007.99536091608,37056,1.0,5526346,1.4247926257202614,79679648,373.58279477922434,0.6624966967740687,25389.447074298492,139564.10455505605,0.001,139.56410455505605
vit,dp_kfm_a,pink,0.5,42,1,blocks.9.attn.v_proj,True,0.2604439110064746,3.619839984250382,attention_qkv,37056.0,26007.99536091608,37056,1.0,5526346,1.4247926257202614,79679648,373.58279477922434,0.6624966967740687,25389.447074298492,139564.10455505605,0.001,139.56410455505605
vit,dp_kfm_a,pink,0.5,42,1,blocks.9.attn.out_proj,True,0.3917987070551383,1.2324320075525947,attention_out,37056.0,1985.0692060396655,37056,1.0,5526346,18.667359247352884,79679648,56.635375606398405,0.4615206111421585,19186.83586827827,3207.565770077828,0.0010209186549181774,3.274663731549444
vit,dp_kfm_a,pink,0.5,42,1,blocks.9.mlp.fc1,True,0.24250496336023913,3.349540734600931,mlp_fc1,148224.0,145438.7617879851,148224,1.0,5526346,1.0191505907900613,79679648,532.9432870368283,0.6771573072119077,100795.03325320643,284028.54719761916,0.001,284.02854719761916
vit,dp_kfm_a,pink,0.5,42,1,blocks.9.mlp.fc2,True,0.12760597757906111,4.12959558397756,mlp_fc2,147648.0,23214.197428514555,147648,1.0,5526346,6.36024572698087,79679648,145.51033538358914,0.8319670953202786,88715.08216766233,21173.257703444593,0.0010064686528574935,21.310220157390425
vit,dp_kfm_a,pink,0.5,42,1,blocks.10.attn.q_proj,True,0.2531010967175296,3.0870658864225646,attention_qkv,37056.0,29210.769173805515,37056,1.0,5526346,1.2685732367920535,79679648,354.0180383564983,0.6377960517859614,26879.644784582506,125328.77148178311,0.001,125.32877148178312
vit,dp_kfm_a,pink,0.5,42,1,blocks.10.attn.k_proj,True,0.2531010967175296,3.0870658864225646,attention_qkv,37056.0,29210.769173805515,37056,1.0,5526346,1.2685732367920535,79679648,354.0180383564983,0.6377960517859614,26879.644784582506,125328.77148178311,0.001,125.32877148178312
vit,dp_kfm_a,pink,0.5,42,1,blocks.10.attn.v_proj,True,0.2531010967175296,3.0870658864225646,attention_qkv,37056.0,29210.769173805515,37056,1.0,5526346,1.2685732367920535,79679648,354.0180383564983,0.6377960517859614,26879.644784582506,125328.77148178311,0.001,125.32877148178312
vit,dp_kfm_a,pink,0.5,42,1,blocks.10.attn.out_proj,True,0.37076967401987454,2.050561253646849,attention_out,37056.0,2435.991426437176,37056,1.0,5526346,15.211876198676626,79679648,75.71700924061611,0.5541296753907704,17374.495312526225,5733.0654883435445,0.0010142575709038253,5.814805076039876
vit,dp_kfm_a,pink,0.5,42,1,blocks.10.mlp.fc1,True,0.2990270676149086,2.695934457813629,mlp_fc1,148224.0,147920.1377285876,148224,1.0,5526346,1.0020542319394667,79679648,476.7288254357332,0.6497513775882763,106098.40913932788,227270.3730013338,0.0010000535004498743,227.28253206853248
vit,dp_kfm_a,pink,0.5,42,1,blocks.10.mlp.fc2,True,0.300434291083462,3.977497475627046,mlp_fc2,147648.0,22254.088633644114,147648,1.0,5526346,6.6346459938504605,79679648,121.0193547556595,0.7936946239154637,93927.80324126445,14645.684225476169,0.0010063632057665866,14.738877727795325
vit,dp_kfm_a,pink,0.5,42,1,blocks.11.attn.q_proj,True,0.3644568428462474,2.784838827888831,attention_qkv,37056.0,30476.384356538107,37056,1.0,5526346,1.215892264859508,79679648,372.7390759091896,0.6257836054825039,27233.46903142762,138934.4187096366,0.0010000771165820923,138.94513285714248
vit,dp_kfm_a,pink,0.5,42,1,blocks.11.attn.k_proj,True,0.3644568428462474,2.784838827888831,attention_qkv,37056.0,30476.384356538107,37056,1.0,5526346,1.215892264859508,79679648,372.7390759091896,0.6257836054825039,27233.46903142762,138934.4187096366,0.0010000771165820923,138.94513285714248
vit,dp_kfm_a,pink,0.5,42,1,blocks.11.attn.v_proj,True,0.3644568428462474,2.784838827888831,attention_qkv,37056.0,30476.384356538107,37056,1.0,5526346,1.215892264859508,79679648,372.7390759091896,0.6257836054825039,27233.46903142762,138934.4187096366,0.0010000771165820923,138.94513285714248
vit,dp_kfm_a,pink,0.5,42,1,blocks.11.attn.out_proj,True,0.6801204466225397,1.2942010208110768,attention_out,37056.0,2148.607520823595,37056,1.0,5526346,17.246518799206218,79679648,76.53695385973477,0.4654309986543091,17175.494328522804,5857.905306127168,0.0010160423094956728,5.951879636044404
vit,dp_kfm_a,pink,0.5,42,1,blocks.11.mlp.fc1,True,0.5142852613469918,1.7317356690908488,mlp_fc1,148224.0,123518.7613881253,148224,1.0,5526346,1.200012033267116,79679648,437.87370526482096,0.6359432837356667,105096.86688285586,191733.3817623433,0.001,191.73338176234333
vit,dp_kfm_a,pink,0.5,42,1,blocks.11.mlp.fc2,True,0.8415028137170562,0.6481983922810607,mlp_fc2,147648.0,16651.004317323746,147648,1.0,5526346,8.867212883152439,79679648,182.8677914002345,0.7658977896570208,81678.26772027789,33440.62913159968,0.0010000368807511263,33.44186244712019
vit,dp_kfm_a,pink,0.5,42,1,head,True,0.012687905704597671,2.473683721071092,patch_head,1929.9999999999998,1432.066448116038,1930,0.9999999999999999,5526346,1.3477028265965039,79679648,1618.4002019714655,0.9018590836663732,426.4547096366244,2619219.21374128,0.0010002885198136127,2619.97491038064
vit,dp_kfm_a,pink,0.5,42,1,identity,True,,,identity,47616.0,47616.0,47616,1.0,5526346,1.0,79679648,,,,,,
vit,dp_kfm_a,pink,0.5,42,2,patch_embed,True,0.622141685281719,0.8482525697112409,patch_head,147648.0,47464.12357015304,147648,1.0,5526346,3.110728459607454,79679648,38.677823553327315,0.5239439094172266,108904.9286622593,1495.9740348223213,0.017635886213732466,26.382827856824708
vit,dp_kfm_a,pink,0.5,42,2,blocks.0.attn.q_proj,True,0.335301400094359,1.6340617845103662,attention_qkv,37056.0,22368.493966498478,37056,1.0,5526346,1.6566157764353358,79679648,104.95802919878733,1.3442708673852513,24045.586319136553,11016.187893293492,0.001,11.016187893293493
vit,dp_kfm_a,pink,0.5,42,2,blocks.0.attn.k_proj,True,0.335301400094359,1.6340617845103662,attention_qkv,37056.0,22368.493966498478,37056,1.0,5526346,1.6566157764353358,79679648,104.95802919878733,1.3442708673852513,24045.586319136553,11016.187893293492,0.001,11.016187893293493
vit,dp_kfm_a,pink,0.5,42,2,blocks.0.attn.v_proj,True,0.335301400094359,1.6340617845103662,attention_qkv,37056.0,22368.493966498478,37056,1.0,5526346,1.6566157764353358,79679648,104.95802919878733,1.3442708673852513,24045.586319136553,11016.187893293492,0.001,11.016187893293493
vit,dp_kfm_a,pink,0.5,42,2,blocks.0.attn.out_proj,True,0.11249690051915101,4.020223974611307,attention_out,37056.0,11157.381672602605,37056,1.0,5526346,3.321209320193149,79679648,90.98985373387796,1.1644537705295952,19234.121485733285,8279.153482512505,0.0010024807955978233,8.299692370025626
vit,dp_kfm_a,pink,0.5,42,2,blocks.0.mlp.fc1,True,0.36249195614824314,1.8432660648560921,mlp_fc1,148224.0,163331.72023399448,148224,1.0,5526346,0.9075028401565192,79679648,203.46343986573723,1.4742470469661455,98036.76903848442,41397.37136199847,0.001,41.397371361998474
vit,dp_kfm_a,pink,0.5,42,2,blocks.0.mlp.fc2,True,0.12475299008534321,7.547205864567742,mlp_fc2,147648.0,73570.6156508157,147648,1.0,5526346,2.0068881943407115,79679648,340.43985716195084,1.0089736656218482,90471.32973583697,115899.29634444948,0.001060314831249134,122.88974284535831
vit,dp_kfm_a,pink,0.5,42,2,blocks.1.attn.q_proj,True,0.3608058734849033,2.1293446128531164,attention_qkv,37056.0,19086.96916101086,37056,1.0,5526346,1.941429238314832,79679648,187.1017167903384,0.9718500525096027,22875.921859256938,35007.052425892,0.0010000000004420592,35.007052441367186
vit,dp_kfm_a,pink,0.5,42,2,blocks.1.attn.k_proj,True,0.3608058734849033,2.1293446128531164,attention_qkv,37056.0,19086.96916101086,37056,1.0,5526346,1.941429238314832,79679648,187.1017167903384,0.9718500525096027,22875.921859256938,35007.052425892,0.0010000000004420592,35.007052441367186
vit,dp_kfm_a,pink,0.5,42,2,blocks.1.attn.v_proj,True,0.3608058734849033,2.1293446128531164,attention_qkv,37056.0,19086.96916101086,37056,1.0,5526346,1.941429238314832,79679648,187.1017167903384,0.9718500525096027,22875.921859256938,35007.052425892,0.0010000000004420592,35.007052441367186
vit,dp_kfm_a,pink,0.5,42,2,blocks.1.attn.out_proj,True,0.12184448119191711,4.429822969192078,attention_out,37056.0,7496.740143034107,37056,1.0,5526346,4.942948440654176,79679648,189.63513413180627,0.7365403620273245,18772.13610174493,35961.48409718816,0.0011784195768037601,42.37771687104362
vit,dp_kfm_a,pink,0.5,42,2,blocks.1.mlp.fc1,True,0.20407820617475136,2.648284564232107,mlp_fc1,148224.0,97350.39173680899,148224,1.0,5526346,1.5225824709645752,79679648,243.9987846745717,0.8293194910064777,104259.07758275652,59535.40692266801,0.001000007085169677,59.53582874112785
vit,dp_kfm_a,pink,0.5,42,2,blocks.1.mlp.fc2,True,0.05151681735374272,3.8703104401653174,mlp_fc2,147648.0,25146.99202567569,147648,1.0,5526346,5.871398052269942,79679648,175.5619290531623,0.8612509567085159,84613.17976885382,30821.990932867586,0.0010011186993011858,30.85647147258534
vit,dp_kfm_a,pink,0.5,42,2,blocks.2.attn.q_proj,True,0.417651478965715,1.601662719298296,attention_qkv,37056.0,21470.38194509091,37056,1.0,5526346,1.72591247304162,79679648,166.80111090139232,0.8367180992548015,24802.031104230256,27822.61059793858,0.0010000400608085264,27.823725194214447
vit,dp_kfm_a,pink,0.5,42,2,blocks.2.attn.k_proj,True,0.417651478965715,1.601662719298296,attention_qkv,37056.0,21470.38194509091,37056,1.0,5526346,1.72591247304162,79679648,166.80111090139232,0.8367180992548015,24802.031104230256,27822.61059793858,0.0010000400608085264,27.823725194214447
vit,dp_kfm_a,pink,0.5,42,2,blocks.2.attn.v_proj,True,0.417651478965715,1.601662719298296,attention_qkv,37056.0,21470.38194509091,37056,1.0,5526346,1.72591247304162,79679648,166.80111090139232,0.8367180992548015,24802.031104230256,27822.61059793858,0.0010000400608085264,27.823725194214447
vit,dp_kfm_a,pink,0.5,42,2,blocks.2.attn.out_proj,True,0.15207969541592697,2.0821581729109564,attention_out,37056.0,7987.07383477422,37056,1.0,5526346,4.639496362067561,79679648,90.76962965555529,0.8545781481078114,21733.904578127338,8239.125667806662,0.0014522815359085915,11.96553007938616
vit,dp_kfm_a,pink,0.5,42,2,blocks.2.mlp.fc1,True,0.2393623240948725,1.829042546213967,mlp_fc1,148224.0,109707.34189662276,148224,1.0,5526346,1.3510855102083459,79679648,199.41345580020499,0.7352374046671862,113335.73368909056,39765.72635418031,0.0010000390269212416,39.76727828805085
vit,dp_kfm_a,pink,0.5,42,2,blocks.2.mlp.fc2,True,0.1981921824792874,2.076201856869289,mlp_fc2,147648.0,24160.192643754435,147648,1.0,5526346,6.111209549405971,79679648,96.51659144649621,0.7433326550194349,99500.19952044234,9315.452424449864,0.0010497061551782317,9.778487748215003
vit,dp_kfm_a,pink,0.5,42,2,blocks.3.attn.q_proj,True,0.27116208156792204,1.9452195749256578,attention_qkv,37056.0,26824.872790917885,37056,1.0,5526346,1.381404500547942,79679648,203.5880370017081,0.7047472082819216,28023.06674289021,41448.08881020887,0.001,41.44808881020887
vit,dp_kfm_a,pink,0.5,42,2,blocks.3.attn.k_proj,True,0.27116208156792204,1.9452195749256578,attention_qkv,37056.0,26824.872790917885,37056,1.0,5526346,1.381404500547942,79679648,203.5880370017081,0.7047472082819216,28023.06674289021,41448.08881020887,0.001,41.44808881020887
vit,dp_kfm_a,pink,0.5,42,2,blocks.3.attn.v_proj,True,0.27116208156792204,1.9452195749256578,attention_qkv,37056.0,26824.872790917885,37056,1.0,5526346,1.381404500547942,79679648,203.5880370017081,0.7047472082819216,28023.06674289021,41448.08881020887,0.001,41.44808881020887
vit,dp_kfm_a,pink,0.5,42,2,blocks.3.attn.out_proj,True,0.02370729303385529,1.9935345220145182,attention_out,37056.0,6079.6994150817445,37056,1.0,5526346,6.095038170485236,79679648,110.04605318644366,0.7083993829033413,22382.11378388293,12110.133821913587,0.0011743576275359939,14.221628024245838
vit,dp_kfm_a,pink,0.5,42,2,blocks.3.mlp.fc1,True,0.1544211044193255,2.219712093046923,mlp_fc1,148224.0,103378.30192015372,148224,1.0,5526346,1.4338018447476892,79679648,245.93793056463468,0.6650247342923836,110563.80199936031,60485.465690415076,0.0010000679316101964,60.48957456549291
vit,dp_kfm_a,pink,0.5,42,2,blocks.3.mlp.fc2,True,0.1312523372408221,1.6127473261169711,mlp_fc2,147648.0,19971.70218299448,147648,1.0,5526346,7.392860090098852,79679648,104.790037052518,0.7121829752579603,99642.71551048668,10980.951865468096,0.001002847403367725,11.012219064790655
vit,dp_kfm_a,pink,0.5,42,2,blocks.4.attn.q_proj,True,0.288231444547956,2.205260900589481,attention_qkv,37056.0,25677.265974389906,37056,1.0,5526346,1.4431442988112153,79679648,210.29493070270553,0.6926964473695634,27480.407323995336,44223.95787925572,0.001,44.22395787925572
vit,dp_kfm_a,pink,0.5,42,2,blocks.4.attn.k_proj,True,0.288231444547956,2.205260900589481,attention_qkv,37056.0,25677.265974389906,37056,1.0,5526346,1.4431442988112153,79679648,210.29493070270553,0.6926964473695634,27480.407323995336,44223.95787925572,0.001,44.22395787925572
vit,dp_kfm_a,pink,0.5,42,2,blocks.4.attn.v_proj,True,0.288231444547956,2.205260900589481,attention_qkv,37056.0,25677.265974389906,37056,1.0,5526346,1.4431442988112153,79679648,210.29493070270553,0.6926964473695634,27480.407323995336,44223.95787925572,0.001,44.22395787925572
vit,dp_kfm_a,pink,0.5,42,2,blocks.4.attn.out_proj,True,0.12258468955839291,3.76061137426168,attention_out,37056.0,5495.464434646941,37056,1.0,5526346,6.743015161079954,79679648,109.7415943924241,0.7203805782114325,19313.12839414069,12043.21753979133,0.0013522145601535852,16.285014108402876
vit,dp_kfm_a,pink,0.5,42,2,blocks.4.mlp.fc1,True,0.1709028392415061,2.8663839898367844,mlp_fc1,148224.0,100824.8847046475,148224,1.0,5526346,1.4701132605725424,79679648,262.02859488539,0.6409945246040079,110997.7329202093,68658.98453761183,0.0010000651264359564,68.66345605257115
vit,dp_kfm_a,pink,0.5,42,2,blocks.4.mlp.fc2,True,0.20252092055908885,2.8162891933434033,mlp_fc2,147648.0,19929.6138712397,147648,1.0,5526346,7.408472685618355,79679648,113.08331263479597,0.687908449762924,99064.91762648002,12787.835596459008,0.0011007542116196352,14.076263890301744
vit,dp_kfm_a,pink,0.5,42,2,blocks.5.attn.q_proj,True,0.3057066086097901,2.186927992320893,attention_qkv,37056.0,26586.92431812417,37056,1.0,5526346,1.3937678370242743,79679648,222.25012086169622,0.6504461336291282,28095.75072118941,49395.11622303858,0.001,49.395116223038585
vit,dp_kfm_a,pink,0.5,42,2,blocks.5.attn.k_proj,True,0.3057066086097901,2.186927992320893,attention_qkv,37056.0,26586.92431812417,37056,1.0,5526346,1.3937678370242743,79679648,222.25012086169622,0.6504461336291282,28095.75072118941,49395.11622303858,0.001,49.395116223038585
vit,dp_kfm_a,pink,0.5,42,2,blocks.5.attn.v_proj,True,0.3057066086097901,2.186927992320893,attention_qkv,37056.0,26586.92431812417,37056,1.0,5526346,1.3937678370242743,79679648,222.25012086169622,0.6504461336291282,28095.75072118941,49395.11622303858,0.001,49.395116223038585
vit,dp_kfm_a,pink,0.5,42,2,blocks.5.attn.out_proj,True,0.11026672015998736,3.6298378462291234,attention_out,37056.0,6397.172964592087,37056,1.0,5526346,5.792558713841633,79679648,101.17134188413225,0.6406767361821882,21613.452891095138,10235.640418635972,0.0018059491253485569,18.48504586141797
vit,dp_kfm_a,pink,0.5,42,2,blocks.5.mlp.fc1,True,0.1582804173456101,3.559240767890045,mlp_fc1,148224.0,95884.14916997676,148224,1.0,5526346,1.5458655187859964,79679648,314.3733418377676,0.6001620795478145,109315.83975237643,98830.59805824589,0.0010000023783296084,98.83083310998346
vit,dp_kfm_a,pink,0.5,42,2,blocks.5.mlp.fc2,True,0.13975752956744134,3.453764108224209,mlp_fc2,147648.0,18387.050311338335,147648,1.0,5526346,8.029999238592021,79679648,137.33571667113227,0.7293548588639038,91962.70956836417,18861.099073573518,0.0010099895176577166,19.049512355812922
vit,dp_kfm_a,pink,0.5,42,2,blocks.6.attn.q_proj,True,0.18049950523666786,3.245538932031848,attention_qkv,37056.0,21958.75007440866,37056,1.0,5526346,1.6875277451782693,79679648,258.03891389094184,0.6460083519787874,27065.453402181978,66584.0810820169,0.0010000338058734405,66.58633201503511
vit,dp_kfm_a,pink,0.5,42,2,blocks.6.attn.k_proj,True,0.18049950523666786,3.245538932031848,attention_qkv,37056.0,21958.75007440866,37056,1.0,5526346,1.6875277451782693,79679648,258.03891389094184,0.6460083519787874,27065.453402181978,66584.0810820169,0.0010000338058734405,66.58633201503511
vit,dp_kfm_a,pink,0.5,42,2,blocks.6.attn.v_proj,True,0.18049950523666786,3.245538932031848,attention_qkv,37056.0,21958.75007440866,37056,1.0,5526346,1.6875277451782693,79679648,258.03891389094184,0.6460083519787874,27065.453402181978,66584.0810820169,0.0010000338058734405,66.58633201503511
vit,dp_kfm_a,pink,0.5,42,2,blocks.6.attn.out_proj,True,0.0697155201855363,3.8966553755741895,attention_out,37056.0,4072.9643573949083,37056,1.0,5526346,9.098041806509015,79679648,140.94650489167617,0.6641864703500187,15164.242866279092,19865.917241179297,0.001173443185944294,23.311525219195115
vit,dp_kfm_a,pink,0.5,42,2,blocks.6.mlp.fc1,True,0.12591296137625205,3.361473867477744,mlp_fc1,148224.0,99033.18318259573,148224,1.0,5526346,1.496710448322226,79679648,355.65899186942585,0.6403230817514957,104676.63187822403,126493.31849757633,0.0010000933448060258,126.50512599185505
vit,dp_kfm_a,pink,0.5,42,2,blocks.6.mlp.fc2,True,0.08203661243801282,2.981922716339739,mlp_fc2,147648.0,17320.89184068403,147648,1.0,5526346,8.524272384935644,79679648,133.59016775913213,0.7285337920508329,89173.7951684858,17846.33292191307,0.001008435549571325,17.996876547942236
vit,dp_kfm_a,pink,0.5,42,2,blocks.7.attn.q_proj,True,0.17260335336939645,3.4771631393017013,attention_qkv,37056.0,22326.450920892104,37056,1.0,5526346,1.6597353574599998,79679648,284.6018001966506,0.6608634605812557,26397.82072963281,80998.1846751742,0.001,80.9981846751742
vit,dp_kfm_a,pink,0.5,42,2,blocks.7.attn.k_proj,True,0.17260335336939645,3.4771631393017013,attention_qkv,37056.0,22326.450920892104,37056,1.0,5526346,1.6597353574599998,79679648,284.6018001966506,0.6608634605812557,26397.82072963281,80998.1846751742,0.001,80.9981846751742
vit,dp_kfm_a,pink,0.5,42,2,blocks.7.attn.v_proj,True,0.17260335336939645,3.4771631393017013,attention_qkv,37056.0,22326.450920892104,37056,1.0,5526346,1.6597353574599998,79679648,284.6018001966506,0.6608634605812557,26397.82072963281,80998.1846751742,0.001,80.9981846751742
vit,dp_kfm_a,pink,0.5,42,2,blocks.7.attn.out_proj,True,0.1060874561003904,3.6610679756576214,attention_out,37056.0,4028.6250340234465,37056,1.0,5526346,9.198175478493622,79679648,125.50037337806236,0.6480612559194464,15955.36709310686,15750.343718033066,0.0012019709862642705,18.93145617276546
vit,dp_kfm_a,pink,0.5,42,2,blocks.7.mlp.fc1,True,0.15884366458034135,3.4531339596957724,mlp_fc1,148224.0,117409.12225962839,148224,1.0,5526346,1.2624572703322852,79679648,446.88698725538455,0.6802615775520314,101134.54036570157,199707.97937819426,0.001,199.70797937819427
vit,dp_kfm_a,pink,0.5,42,2,blocks.7.mlp.fc2,True,0.9987920236772095,0.08264987848949792,mlp_fc2,147648.0,24932.74355451444,147648,1.0,5526346,5.921851306783531,79679648,787.5968392793576,0.807011097877904,42951.4222206184,620308.7812428342,0.0010147997100362154,629.4891713381463
vit,dp_kfm_a,pink,0.5,42,2,blocks.8.attn.q_proj,True,0.2836038872257576,2.9102614706004393,attention_qkv,37056.0,24253.139880023336,37056,1.0,5526346,1.5278846443516387,79679648,355.62273793819446,0.6706842993196646,25252.78755387827,126467.53173865772,0.0010000640173322172,126.47562785265173
vit,dp_kfm_a,pink,0.5,42,2,blocks.8.attn.k_proj,True,0.2836038872257576,2.9102614706004393,attention_qkv,37056.0,24253.139880023336,37056,1.0,5526346,1.5278846443516387,79679648,355.62273793819446,0.6706842993196646,25252.78755387827,126467.53173865772,0.0010000640173322172,126.47562785265173
vit,dp_kfm_a,pink,0.5,42,2,blocks.8.attn.v_proj,True,0.2836038872257576,2.9102614706004393,attention_qkv,37056.0,24253.139880023336,37056,1.0,5526346,1.5278846443516387,79679648,355.62273793819446,0.6706842993196646,25252.78755387827,126467.53173865772,0.0010000640173322172,126.47562785265173
vit,dp_kfm_a,pink,0.5,42,2,blocks.8.attn.out_proj,True,0.22378144087117924,1.4189406615921265,attention_out,37056.0,2634.951693650495,37056,1.0,5526346,14.063255918237406,79679648,72.75752258059815,0.568573371255303,18201.986937538037,5293.657092066249,0.0010589431349103632,5.605681836213111
vit,dp_kfm_a,pink,0.5,42,2,blocks.8.mlp.fc1,True,0.23102610598738663,2.8898514000550297,mlp_fc1,148224.0,138096.80622232903,148224,1.0,5526346,1.0733340187561375,79679648,510.03788224470367,0.6927200968276478,100424.91404756624,260138.64132466223,0.001,260.1386413246622
vit,dp_kfm_a,pink,0.5,42,2,blocks.8.mlp.fc2,True,0.10544010394441762,2.2643528221538,mlp_fc2,147648.0,21913.8178634278,147648,1.0,5526346,6.7376666594647245,79679648,125.60175628517887,0.7964224024289583,91211.87451058382,15775.80118192147,0.0010013304558824838,15.796790189404852
vit,dp_kfm_a,pink,0.5,42,2,blocks.9.attn.q_proj,True,0.23563560769906824,3.082178970340064,attention_qkv,37056.0,27190.87770235754,37056,1.0,5526346,1.3628099984719184,79679648,354.0332351950643,0.641484636377434,26374.310924514943,125339.53162268372,0.001,125.33953162268372
vit,dp_kfm_a,pink,0.5,42,2,blocks.9.attn.k_proj,True,0.23563560769906824,3.082178970340064,attention_qkv,37056.0,27190.87770235754,37056,1.0,5526346,1.3628099984719184,79679648,354.0332351950643,0.641484636377434,26374.310924514943,125339.53162268372,0.001,125.33953162268372
vit,dp_kfm_a,pink,0.5,42,2,blocks.9.attn.v_proj,True,0.23563560769906824,3.082178970340064,attention_qkv,37056.0,27190.87770235754,37056,1.0,5526346,1.3628099984719184,79679648,354.0332351950643,0.641484636377434,26374.310924514943,125339.53162268372,0.001,125.33953162268372
vit,dp_kfm_a,pink,0.5,42,2,blocks.9.attn.out_proj,True,0.3079764340259142,1.2664826411627879,attention_out,37056.0,2127.865864254115,37056,1.0,5526346,17.414631543510996,79679648,58.63372112981609,0.4861560714269029,19351.290427195083,3437.9132535290414,0.0010275253541395892,3.532543033333616
vit,dp_kfm_a,pink,0.5,42,2,blocks.9.mlp.fc1,True,0.22769267421200806,2.8301944264347485,mlp_fc1,148224.0,151187.93472007365,148224,1.0,5526346,0.9803956927808994,79679648,507.36947346289185,0.6573728046973727,104551.49880214853,257423.78260201213,0.001,257.4237826020121
vit,dp_kfm_a,pink,0.5,42,2,blocks.9.mlp.fc2,True,0.12564503963062093,2.951768201535408,mlp_fc2,147648.0,23551.14676289703,147648,1.0,5526346,6.269248860212945,79679648,129.30867983028514,0.8100884611175945,93313.97763939452,16720.73467945119,0.001018863364157008,17.03614398668239
vit,dp_kfm_a,pink,0.5,42,2,blocks.10.attn.q_proj,True,0.23298969666345024,2.662744197840611,attention_qkv,37056.0,30132.430981455935,37056,1.0,5526346,1.2297713391529863,79679648,337.5543384426552,0.6149791880102184,27756.921869472448,113942.93140145861,0.001,113.94293140145861
vit,dp_kfm_a,pink,0.5,42,2,blocks.10.attn.k_proj,True,0.23298969666345024,2.662744197840611,attention_qkv,37056.0,30132.430981455935,37056,1.0,5526346,1.2297713391529863,79679648,337.5543384426552,0.6149791880102184,27756.921869472448,113942.93140145861,0.001,113.94293140145861
vit,dp_kfm_a,pink,0.5,42,2,blocks.10.attn.v_proj,True,0.23298969666345024,2.662744197840611,attention_qkv,37056.0,30132.430981455935,37056,1.0,5526346,1.2297713391529863,79679648,337.5543384426552,0.6149791880102184,27756.921869472448,113942.93140145861,0.001,113.94293140145861
vit,dp_kfm_a,pink,0.5,42,2,blocks.10.attn.out_proj,True,0.3818816560118564,1.8648592641013004,attention_out,37056.0,2478.086669882755,37056,1.0,5526346,14.953472148636843,79679648,72.73876757574578,0.5581454525374209,18029.50348689373,5290.928308438365,0.001019242204080841,5.392737430726435
vit,dp_kfm_a,pink,0.5,42,2,blocks.10.mlp.fc1,True,0.2870224328521708,2.3760502911093635,mlp_fc1,148224.0,152892.3382083749,148224,1.0,5526346,0.969466500002031,79679648,460.91130501256026,0.6283795081046877,109419.66242416413,212439.23108838138,0.0010000831386563717,212.45689300061468
vit,dp_kfm_a,pink,0.5,42,2,blocks.10.mlp.fc2,True,0.21413581089467756,3.4124490385325252,mlp_fc2,147648.0,22775.84607718087,147648,1.0,5526346,6.48265708767362,79679648,120.88478449907909,0.7832027884150381,95918.09102344725,14613.131123388794,0.0010096996284222,14.754873065370552
vit,dp_kfm_a,pink,0.5,42,2,blocks.11.attn.q_proj,True,0.32815013968213086,2.545858662314311,attention_qkv,37056.0,31348.36730566137,37056,1.0,5526346,1.1820711311273893,79679648,361.175436057276,0.6101054651231411,27879.030718183374,130447.69561116345,0.001,130.44769561116345
vit,dp_kfm_a,pink,0.5,42,2,blocks.11.attn.k_proj,True,0.32815013968213086,2.545858662314311,attention_qkv,37056.0,31348.36730566137,37056,1.0,5526346,1.1820711311273893,79679648,361.175436057276,0.6101054651231411,27879.030718183374,130447.69561116345,0.001,130.44769561116345
vit,dp_kfm_a,pink,0.5,42,2,blocks.11.attn.v_proj,True,0.32815013968213086,2.545858662314311,attention_qkv,37056.0,31348.36730566137,37056,1.0,5526346,1.1820711311273893,79679648,361.175436057276,0.6101054651231411,27879.030718183374,130447.69561116345,0.001,130.44769561116345
vit,dp_kfm_a,pink,0.5,42,2,blocks.11.attn.out_proj,True,0.4954199505002201,1.556202679818134,attention_out,37056.0,2407.2521973547045,37056,1.0,5526346,15.393484754410158,79679648,79.50709581364488,0.5107668344872869,17579.96013250297,6321.378284720107,0.0010287416654581455,6.503065224613918
vit,dp_kfm_a,pink,0.5,42,2,blocks.11.mlp.fc1,True,0.4982965150849889,1.64079064165471,mlp_fc1,148224.0,126727.43698916632,148224,1.0,5526346,1.1696283261269727,79679648,430.43023336249126,0.6202082713780009,107570.43175318907,185270.1857924887,0.0010001228332843339,185.29294313789873
vit,dp_kfm_a,pink,0.5,42,2,blocks.11.mlp.fc2,True,0.8640166926611593,0.5575001860070348,mlp_fc2,147648.0,16960.09682351842,147648,1.0,5526346,8.705610677602843,79679648,178.78271274987742,0.7635707424673152,83258.06867885414,31963.258378205184,0.001000218565381989,31.97024443998223
vit,dp_kfm_a,pink,0.5,42,2,head,True,0.03983178007484162,3.7801385204128057,patch_head,1930.0,1609.7813495755563,1930,1.0,5526346,1.1989205866429464,79679648,1671.2630577258046,0.8891330444019915,489.3911476557614,2793120.2081190064,0.001000073359154114,2793.3251090548124
vit,dp_kfm_a,pink,0.5,42,2,identity,True,,,identity,47616.0,47616.0,47616,1.0,5526346,1.0,79679648,,,,,,
vit,dp_kfm_a,pink,0.5,42,3,patch_embed,True,0.6221872413942543,0.8483407050135697,patch_head,147648.0,47471.20938623935,147648,1.0,5526346,3.110264135019051,79679648,38.570655887304625,0.5239696342112725,108907.73407645918,1487.695495576867,0.0176361473773437,26.237217012603995
vit,dp_kfm_a,pink,0.5,42,3,blocks.0.attn.q_proj,True,0.33182434560650215,1.5881063826047301,attention_qkv,37056.0,22371.686816353045,37056,1.0,5526346,1.6563793469928765,79679648,104.97922134021593,1.3418789304226955,24043.881813017415,11020.636913198048,0.001,11.020636913198048
vit,dp_kfm_a,pink,0.5,42,3,blocks.0.attn.k_proj,True,0.33182434560650215,1.5881063826047301,attention_qkv,37056.0,22371.686816353045,37056,1.0,5526346,1.6563793469928765,79679648,104.97922134021593,1.3418789304226955,24043.881813017415,11020.636913198048,0.001,11.020636913198048
vit,dp_kfm_a,pink,0.5,42,3,blocks.0.attn.v_proj,True,0.33182434560650215,1.5881063826047301,attention_qkv,37056.0,22371.686816353045,37056,1.0,5526346,1.6563793469928765,79679648,104.97922134021593,1.3418789304226955,24043.881813017415,11020.636913198048,0.001,11.020636913198048
vit,dp_kfm_a,pink,0.5,42,3,blocks.0.attn.out_proj,True,0.1082062937522171,3.621949673101448,attention_out,37056.0,11190.135357157014,37056,1.0,5526346,3.311488093510829,79679648,90.59824321521145,1.1614915295743653,19344.210912080678,8208.041673682608,0.0010029811025648718,8.232510687768597
vit,dp_kfm_a,pink,0.5,42,3,blocks.0.mlp.fc1,True,0.36436457067746103,1.813456822533877,mlp_fc1,148224.0,163405.3238418018,148224,1.0,5526346,0.9070940683884979,79679648,204.75353762671858,1.4709797472446196,97987.79166543749,41924.01117065606,0.00100000005422816,41.92401344411804
vit,dp_kfm_a,pink,0.5,42,3,blocks.0.mlp.fc2,True,0.12578260415085327,7.519171620706821,mlp_fc2,147648.0,73774.2109190688,147648,1.0,5526346,2.0013497692570597,79679648,342.3033539392854,1.007893742166758,90442.1112862172,117171.58611808368,0.0010615912235984626,124.38832747806909
vit,dp_kfm_a,pink,0.5,42,3,blocks.1.attn.q_proj,True,0.35611376973724046,2.1060011940215335,attention_qkv,37056.0,19120.27309837287,37056,1.0,5526346,1.938047631921819,79679648,187.41857299669732,0.9679608012409999,22932.137434729637,35125.72150411836,0.001,35.12572150411836
vit,dp_kfm_a,pink,0.5,42,3,blocks.1.attn.k_proj,True,0.35611376973724046,2.1060011940215335,attention_qkv,37056.0,19120.27309837287,37056,1.0,5526346,1.938047631921819,79679648,187.41857299669732,0.9679608012409999,22932.137434729637,35125.72150411836,0.001,35.12572150411836
vit,dp_kfm_a,pink,0.5,42,3,blocks.1.attn.v_proj,True,0.35611376973724046,2.1060011940215335,attention_qkv,37056.0,19120.27309837287,37056,1.0,5526346,1.938047631921819,79679648,187.41857299669732,0.9679608012409999,22932.137434729637,35125.72150411836,0.001,35.12572150411836
vit,dp_kfm_a,pink,0.5,42,3,blocks.1.attn.out_proj,True,0.10916268399385456,4.564441473059026,attention_out,37056.0,7469.466189520763,37056,1.0,5526346,4.960997085974827,79679648,191.12667812479512,0.7357335845512334,18690.46508792704,36529.407091019035,0.0011817097851609282,43.16715780558419
vit,dp_kfm_a,pink,0.5,42,3,blocks.1.mlp.fc1,True,0.19116445740410898,2.66362952311609,mlp_fc1,148224.0,97300.85159347337,148224,1.0,5526346,1.523357684671512,79679648,243.92013660113335,0.8272705082172748,104241.62466392887,59497.03303951555,0.001,59.49703303951555
vit,dp_kfm_a,pink,0.5,42,3,blocks.1.mlp.fc2,True,0.05608107943239091,4.060539943782507,mlp_fc2,147648.0,25087.834809073356,147648,1.0,5526346,5.8852428327773065,79679648,178.01381286192864,0.8595741260682261,84401.41218513636,31688.91756964175,0.0010010983127221788,31.723721910960567
vit,dp_kfm_a,pink,0.5,42,3,blocks.2.attn.q_proj,True,0.4218756337565813,1.5919782678377419,attention_qkv,37056.0,21615.37028639271,37056,1.0,5526346,1.71433565601823,79679648,167.83820210068234,0.8343921882708992,24830.47041633248,28169.662084389485,0.001,28.169662084389486
vit,dp_kfm_a,pink,0.5,42,3,blocks.2.attn.k_proj,True,0.4218756337565813,1.5919782678377419,attention_qkv,37056.0,21615.37028639271,37056,1.0,5526346,1.71433565601823,79679648,167.83820210068234,0.8343921882708992,24830.47041633248,28169.662084389485,0.001,28.169662084389486
vit,dp_kfm_a,pink,0.5,42,3,blocks.2.attn.v_proj,True,0.4218756337565813,1.5919782678377419,attention_qkv,37056.0,21615.37028639271,37056,1.0,5526346,1.71433565601823,79679648,167.83820210068234,0.8343921882708992,24830.47041633248,28169.662084389485,0.001,28.169662084389486
vit,dp_kfm_a,pink,0.5,42,3,blocks.2.attn.out_proj,True,0.1698499229736,2.037487687429511,attention_out,37056.0,8051.171737509677,37056,1.0,5526346,4.602559876764206,79679648,92.0944448113103,0.8542068973550033,21735.80857726063,8481.386765103478,0.0014347690962080845,12.168831623558725
vit,dp_kfm_a,pink,0.5,42,3,blocks.2.mlp.fc1,True,0.23968509168025584,1.8445645684824972,mlp_fc1,148224.0,110500.69404732953,148224,1.0,5526346,1.341385239956166,79679648,201.41887540979394,0.7330382913498055,113363.14641870491,40569.56337134609,0.0010000041162297841,40.56973036499117
vit,dp_kfm_a,pink,0.5,42,3,blocks.2.mlp.fc2,True,0.193273526916668,2.0754843045099647,mlp_fc2,147648.0,24343.31916481619,147648,1.0,5526346,6.065236995840656,79679648,96.56682121961066,0.7438283521675092,99439.83195480859,9325.150960460247,0.001053240026396237,9.821622243744045
vit,dp_kfm_a,pink,0.5,42,3,blocks.3.attn.q_proj,True,0.2700943912429559,1.9307027288474887,attention_qkv,37056.0,26972.272691556587,37056,1.0,5526346,1.3738553077731572,79679648,203.72539062710538,0.7014246796522606,28116.872020253257,41504.034786166674,0.001000016862657678,41.504734654497526
vit,dp_kfm_a,pink,0.5,42,3,blocks.3.attn.k_proj,True,0.2700943912429559,1.9307027288474887,attention_qkv,37056.0,26972.272691556587,37056,1.0,5526346,1.3738553077731572,79679648,203.72539062710538,0.7014246796522606,28116.872020253257,41504.034786166674,0.001000016862657678,41.504734654497526
vit,dp_kfm_a,pink,0.5,42,3,blocks.3.attn.v_proj,True,0.2700943912429559,1.9307027288474887,attention_qkv,37056.0,26972.272691556587,37056,1.0,5526346,1.3738553077731572,79679648,203.72539062710538,0.7014246796522606,28116.872020253257,41504.034786166674,0.001000016862657678,41.504734654497526
vit,dp_kfm_a,pink,0.5,42,3,blocks.3.attn.out_proj,True,0.019381531947642684,2.0824446749739476,attention_out,37056.0,6046.51975986821,37056,1.0,5526346,6.128484065486238,79679648,115.87705004419131,0.7025702554622673,22031.131603633403,13427.490726944017,0.0011659935425052859,15.656367479666331
vit,dp_kfm_a,pink,0.5,42,3,blocks.3.mlp.fc1,True,0.14883787941696322,2.226610652219094,mlp_fc1,148224.0,103636.25783596016,148224,1.0,5526346,1.4302330390452267,79679648,250.15051334908614,0.6633064105361496,110457.06561450509,62575.279328811324,0.0010000220275565377,62.5766577093146
vit,dp_kfm_a,pink,0.5,42,3,blocks.3.mlp.fc2,True,0.140755209353176,1.6227615001526154,mlp_fc2,147648.0,20209.32233743662,147648,1.0,5526346,7.305935228045251,79679648,106.7608125214905,0.7146376644283232,99160.02394469574,11397.87109024884,0.0010027856637128969,11.429621726149223
vit,dp_kfm_a,pink,0.5,42,3,blocks.4.attn.q_proj,True,0.2865678857272608,2.179915678906662,attention_qkv,37056.0,25725.553453512577,37056,1.0,5526346,1.4404354824459709,79679648,212.90184408604702,0.690993301779125,27504.285270228414,45327.19521523947,0.001,45.32719521523948
vit,dp_kfm_a,pink,0.5,42,3,blocks.4.attn.k_proj,True,0.2865678857272608,2.179915678906662,attention_qkv,37056.0,25725.553453512577,37056,1.0,5526346,1.4404354824459709,79679648,212.90184408604702,0.690993301779125,27504.285270228414,45327.19521523947,0.001,45.32719521523948
vit,dp_kfm_a,pink,0.5,42,3,blocks.4.attn.v_proj,True,0.2865678857272608,2.179915678906662,attention_qkv,37056.0,25725.553453512577,37056,1.0,5526346,1.4404354824459709,79679648,212.90184408604702,0.690993301779125,27504.285270228414,45327.19521523947,0.001,45.32719521523948
vit,dp_kfm_a,pink,0.5,42,3,blocks.4.attn.out_proj,True,0.15627172462042704,3.3426987246573483,attention_out,37056.0,5499.037636975448,37056,1.0,5526346,6.73863363851813,79679648,113.15017531360199,0.7171392357916145,19049.093825921605,12802.962173498865,0.0013533603358232935,17.327021186659348
vit,dp_kfm_a,pink,0.5,42,3,blocks.4.mlp.fc1,True,0.1861979320497907,2.658328462728039,mlp_fc1,148224.0,100966.03245401804,148224,1.0,5526346,1.4680580824794138,79679648,259.5019206986571,0.6406198581072199,111193.86941480897,67341.24684629212,0.001,67.34124684629212
vit,dp_kfm_a,pink,0.5,42,3,blocks.4.mlp.fc2,True,0.2555903450632443,2.3115190931930947,mlp_fc2,147648.0,19860.18315725696,147648,1.0,5526346,7.434372524709021,79679648,107.24508045727983,0.6837859518151687,99774.11477016413,11501.507282288423,0.0011104281297347177,12.77159722060177
vit,dp_kfm_a,pink,0.5,42,3,blocks.5.attn.q_proj,True,0.31621262118461446,2.05440947439433,attention_qkv,37056.0,26518.093271225818,37056,1.0,5526346,1.3973855367726844,79679648,218.70081419617856,0.6483682738807554,28201.19548638862,47830.046130071416,0.0010000136912610127,47.830700983717236
vit,dp_kfm_a,pink,0.5,42,3,blocks.5.attn.k_proj,True,0.31621262118461446,2.05440947439433,attention_qkv,37056.0,26518.093271225818,37056,1.0,5526346,1.3973855367726844,79679648,218.70081419617856,0.6483682738807554,28201.19548638862,47830.046130071416,0.0010000136912610127,47.830700983717236
vit,dp_kfm_a,pink,0.5,42,3,blocks.5.attn.v_proj,True,0.31621262118461446,2.05440947439433,attention_qkv,37056.0,26518.093271225818,37056,1.0,5526346,1.3973855367726844,79679648,218.70081419617856,0.6483682738807554,28201.19548638862,47830.046130071416,0.0010000136912610127,47.830700983717236
vit,dp_kfm_a,pink,0.5,42,3,blocks.5.attn.out_proj,True,0.13798208316164215,2.947106222297867,attention_out,37056.0,6197.840402722396,37056,1.0,5526346,5.978856761739651,79679648,99.2802061298639,0.6353263894790614,21832.5442103224,9856.559329188265,0.001736538413851381,17.116293903540623
vit,dp_kfm_a,pink,0.5,42,3,blocks.5.mlp.fc1,True,0.1676245530009289,3.367351888255191,mlp_fc1,148224.0,95888.48875498012,148224,1.0,5526346,1.5457955582004284,79679648,311.5470732841893,0.5987222956039385,109661.24543758156,97061.57887194403,0.0010000462655666562,97.06606948089109
vit,dp_kfm_a,pink,0.5,42,3,blocks.5.mlp.fc2,True,0.1555613888395199,3.071914105368755,mlp_fc2,147648.0,18343.405955868962,147648,1.0,5526346,8.049104967486155,79679648,133.61124752897555,0.724474973360468,92754.42532293044,17851.965466249178,0.0010192061930066405,18.19483376054184
vit,dp_kfm_a,pink,0.5,42,3,blocks.6.attn.q_proj,True,0.19173925917021212,2.9402671776194444,attention_qkv,37056.0,22141.798947063784,37056,1.0,5526346,1.6735767535687962,79679648,249.3644401220189,0.6460923967309018,27249.413325362533,62182.62399736794,0.001000019562269173,62.18384043059646
vit,dp_kfm_a,pink,0.5,42,3,blocks.6.attn.k_proj,True,0.19173925917021212,2.9402671776194444,attention_qkv,37056.0,22141.798947063784,37056,1.0,5526346,1.6735767535687962,79679648,249.3644401220189,0.6460923967309018,27249.413325362533,62182.62399736794,0.001000019562269173,62.18384043059646
vit,dp_kfm_a,pink,0.5,42,3,blocks.6.attn.v_proj,True,0.19173925917021212,2.9402671776194444,attention_qkv,37056.0,22141.798947063784,37056,1.0,5526346,1.6735767535687962,79679648,249.3644401220189,0.6460923967309018,27249.413325362533,62182.62399736794,0.001000019562269173,62.18384043059646
vit,dp_kfm_a,pink,0.5,42,3,blocks.6.attn.out_proj,True,0.053793342839167854,2.920248375342981,attention_out,37056.0,4069.7925996884637,37056,1.0,5526346,9.105132286799229,79679648,130.86682642574354,0.6663339520948002,15949.311377891718,17126.126258745688,0.001203000442423638,20.602737466274146
vit,dp_kfm_a,pink,0.5,42,3,blocks.6.mlp.fc1,True,0.12199579527716388,3.0961519459819486,mlp_fc1,148224.0,99549.39326952807,148224,1.0,5526346,1.4889493057851833,79679648,351.9675330837678,0.640212529164783,105041.37434663562,123881.14434507319,0.001,123.8811443450732
vit,dp_kfm_a,pink,0.5,42,3,blocks.6.mlp.fc2,True,0.08522686602831192,2.3904791839525132,mlp_fc2,147647.99999999997,17289.795168114448,147648,0.9999999999999998,5526346,8.539603769990865,79679648,124.80183197488117,0.7202190986442343,91221.8389864033,15575.49726428647,0.0010093304571828364,15.720823774612281
vit,dp_kfm_a,pink,0.5,42,3,blocks.7.attn.q_proj,True,0.1741079666885334,3.094184649070018,attention_qkv,37056.0,22584.16324629676,37056,1.0,5526346,1.6407957910982713,79679648,273.9489988726732,0.6529683640575413,26759.10349433725,75048.0539833399,0.001,75.0480539833399
vit,dp_kfm_a,pink,0.5,42,3,blocks.7.attn.k_proj,True,0.1741079666885334,3.094184649070018,attention_qkv,37056.0,22584.16324629676,37056,1.0,5526346,1.6407957910982713,79679648,273.9489988726732,0.6529683640575413,26759.10349433725,75048.0539833399,0.001,75.0480539833399
vit,dp_kfm_a,pink,0.5,42,3,blocks.7.attn.v_proj,True,0.1741079666885334,3.094184649070018,attention_qkv,37056.0,22584.16324629676,37056,1.0,5526346,1.6407957910982713,79679648,273.9489988726732,0.6529683640575413,26759.10349433725,75048.0539833399,0.001,75.0480539833399
vit,dp_kfm_a,pink,0.5,42,3,blocks.7.attn.out_proj,True,0.10478448080555569,3.0320010735426894,attention_out,37056.0,4025.9860611187996,37056,1.0,5526346,9.204204743248003,79679648,120.74249239849668,0.6459699792684231,16539.495302129166,14578.749470601027,0.001222476829614277,17.82218343256116
vit,dp_kfm_a,pink,0.5,42,3,blocks.7.mlp.fc1,True,0.16036141354792396,3.207322041101712,mlp_fc1,148224.0,119233.34910744519,148224,1.0,5526346,1.2431421335521688,79679648,436.0501084786776,0.673284551761713,102642.18094590111,190139.6971042665,0.001000000475061097,190.1397874322396
vit,dp_kfm_a,pink,0.5,42,3,blocks.7.mlp.fc2,True,0.9990198855652749,0.044265650195272045,mlp_fc2,147648.0,25149.185028105672,147648,1.0,5526346,5.870886067878335,79679648,788.3813025695853,0.7899876663873896,44539.205270178216,621545.0782413159,0.0010142785113754153,630.4198167113179
vit,dp_kfm_a,pink,0.5,42,3,blocks.8.attn.q_proj,True,0.26419808917284787,2.665457014346981,attention_qkv,37056.0,24666.745999776536,37056,1.0,5526346,1.5022654386734149,79679648,342.3999950163237,0.6535067857516669,25899.11683316597,117237.75658717852,0.0010000415711616528,117.24263029690943
vit,dp_kfm_a,pink,0.5,42,3,blocks.8.attn.k_proj,True,0.26419808917284787,2.665457014346981,attention_qkv,37056.0,24666.745999776536,37056,1.0,5526346,1.5022654386734149,79679648,342.3999950163237,0.6535067857516669,25899.11683316597,117237.75658717852,0.0010000415711616528,117.24263029690943
vit,dp_kfm_a,pink,0.5,42,3,blocks.8.attn.v_proj,True,0.26419808917284787,2.665457014346981,attention_qkv,37056.0,24666.745999776536,37056,1.0,5526346,1.5022654386734149,79679648,342.3999950163237,0.6535067857516669,25899.11683316597,117237.75658717852,0.0010000415711616528,117.24263029690943
vit,dp_kfm_a,pink,0.5,42,3,blocks.8.attn.out_proj,True,0.18664073623322489,1.4032368969612201,attention_out,37056.0,2745.925054784144,37056,1.0,5526346,13.494905818874564,79679648,73.52166033694363,0.5729116829668163,18578.457782004807,5405.43453870091,0.0010932235362605157,5.909348261423339
vit,dp_kfm_a,pink,0.5,42,3,blocks.8.mlp.fc1,True,0.2356989566471571,2.6151446426592617,mlp_fc1,148224.0,138113.62186458524,148224,1.0,5526346,1.0732033379395958,79679648,492.88021005505993,0.6768009140822995,102540.18569317178,242930.90146392002,0.001,242.93090146392
vit,dp_kfm_a,pink,0.5,42,3,blocks.8.mlp.fc2,True,0.10699001714103883,1.8018202777689523,mlp_fc2,147648.0,21484.841669150657,147648,1.0,5526346,6.8721939995491175,79679648,111.29585457248582,0.7748117850514574,94504.12552087977,12386.767245019913,0.001004636159657417,12.444194275607089
vit,dp_kfm_a,pink,0.5,42,3,blocks.9.attn.q_proj,True,0.23993440353972706,2.688000595066322,attention_qkv,37056.0,26962.443613669362,37056,1.0,5526346,1.374356142601757,79679648,335.3383636871894,0.6266634940434789,26912.151720506696,112451.81816040172,0.001,112.45181816040171
vit,dp_kfm_a,pink,0.5,42,3,blocks.9.attn.k_proj,True,0.23993440353972706,2.688000595066322,attention_qkv,37056.0,26962.443613669362,37056,1.0,5526346,1.374356142601757,79679648,335.3383636871894,0.6266634940434789,26912.151720506696,112451.81816040172,0.001,112.45181816040171
vit,dp_kfm_a,pink,0.5,42,3,blocks.9.attn.v_proj,True,0.23993440353972706,2.688000595066322,attention_qkv,37056.0,26962.443613669362,37056,1.0,5526346,1.374356142601757,79679648,335.3383636871894,0.6266634940434789,26912.151720506696,112451.81816040172,0.001,112.45181816040171
vit,dp_kfm_a,pink,0.5,42,3,blocks.9.attn.out_proj,True,0.22594778070749688,1.3206638985229475,attention_out,37056.0,2288.593357633613,37056,1.0,5526346,16.191605151871805,79679648,62.02431251682784,0.5115294379447516,19360.558154588034,3847.0153431851268,0.0010378452173632818,3.992606475047848
vit,dp_kfm_a,pink,0.5,42,3,blocks.9.mlp.fc1,True,0.24167919863941922,2.435748136132956,mlp_fc1,148224.0,148408.38723621782,148224,1.0,5526346,0.9987575686276792,79679648,478.1249731545828,0.6430061611043463,106643.63949512556,228603.4899540705,0.001,228.6034899540705
vit,dp_kfm_a,pink,0.5,42,3,blocks.9.mlp.fc2,True,0.13329605072097983,2.184135705162026,mlp_fc2,147648.0,22319.1368440292,147648,1.0,5526346,6.615309589783652,79679648,114.05169520567385,0.7715447846470881,97065.65623076647,13007.789179287927,0.001033542613844754,13.444104428702753
vit,dp_kfm_a,pink,0.5,42,3,blocks.10.attn.q_proj,True,0.23481899907047726,2.2992508441148503,attention_qkv,37056.0,29317.081419849652,37056,1.0,5526346,1.2639730220522762,79679648,319.3368940765817,0.6002557480761668,28160.502604856716,101976.05191847796,0.001,101.97605191847796
vit,dp_kfm_a,pink,0.5,42,3,blocks.10.attn.k_proj,True,0.23481899907047726,2.2992508441148503,attention_qkv,37056.0,29317.081419849652,37056,1.0,5526346,1.2639730220522762,79679648,319.3368940765817,0.6002557480761668,28160.502604856716,101976.05191847796,0.001,101.97605191847796
vit,dp_kfm_a,pink,0.5,42,3,blocks.10.attn.v_proj,True,0.23481899907047726,2.2992508441148503,attention_qkv,37056.0,29317.081419849652,37056,1.0,5526346,1.2639730220522762,79679648,319.3368940765817,0.6002557480761668,28160.502604856716,101976.05191847796,0.001,101.97605191847796
vit,dp_kfm_a,pink,0.5,42,3,blocks.10.attn.out_proj,True,0.39129713701229596,1.6807056274206,attention_out,37056.0,2403.793415258813,37056,1.0,5526346,15.415634207488763,79679648,70.63778001656704,0.5403635887641138,18463.8964654257,4989.695965668918,0.0010230916438015852,5.104916247586352
vit,dp_kfm_a,pink,0.5,42,3,blocks.10.mlp.fc1,True,0.29656678675725995,2.122633704492191,mlp_fc1,148224.0,149896.7315518785,148224,1.0,5526346,0.9888407736809153,79679648,444.72598049223,0.6145152773633342,110806.74423021731,197781.19772477532,0.0010001605251436351,197.81294657994843
vit,dp_kfm_a,pink,0.5,42,3,blocks.10.mlp.fc2,True,0.22443788976553108,2.9383762937810505,mlp_fc2,147648.0,21395.946881572272,147648,1.0,5526346,6.900746240268762,79679648,116.9034139582377,0.7563655059206928,97008.24601060347,13666.408195091086,0.001020988175744635,13.953241172087578
vit,dp_kfm_a,pink,0.5,42,3,blocks.11.attn.q_proj,True,0.34434471747714135,2.28802046645336,attention_qkv,37056.0,30386.11653415416,37056,1.0,5526346,1.2195043074474112,79679648,348.5758481701825,0.598558392521705,28123.020753298755,121505.12192756211,0.001,121.50512192756212
vit,dp_kfm_a,pink,0.5,42,3,blocks.11.attn.k_proj,True,0.34434471747714135,2.28802046645336,attention_qkv,37056.0,30386.11653415416,37056,1.0,5526346,1.2195043074474112,79679648,348.5758481701825,0.598558392521705,28123.020753298755,121505.12192756211,0.001,121.50512192756212
vit,dp_kfm_a,pink,0.5,42,3,blocks.11.attn.v_proj,True,0.34434471747714135,2.28802046645336,attention_qkv,37056.0,30386.11653415416,37056,1.0,5526346,1.2195043074474112,79679648,348.5758481701825,0.598558392521705,28123.020753298755,121505.12192756211,0.001,121.50512192756212
vit,dp_kfm_a,pink,0.5,42,3,blocks.11.attn.out_proj,True,0.4201215711883562,1.627667072383294,attention_out,37056.0,2560.5774429643925,37056,1.0,5526346,14.471735702357861,79679648,81.00491502337157,0.5237183026911596,18105.270633151762,6561.796257943648,0.0010482162205271883,6.878181273371138
vit,dp_kfm_a,pink,0.5,42,3,blocks.11.mlp.fc1,True,0.5052591612206624,1.5539886008558277,mlp_fc1,148224.0,125717.77303758473,148224,1.0,5526346,1.1790218393041911,79679648,426.6285347613101,0.6093247811536873,108394.39838733705,182011.90667258238,0.0010001536824856602,182.03987871481957
vit,dp_kfm_a,pink,0.5,42,3,blocks.11.mlp.fc2,True,0.8709012611656015,0.4925302695463727,mlp_fc2,147648.0,16013.999642525423,147648,1.0,5526346,9.219932764824001,79679648,166.28921697256297,0.732617316105813,85914.69751349668,27652.103681348126,0.001001308065770882,27.68827445166658
vit,dp_kfm_a,pink,0.5,42,3,head,True,0.05719046911161614,3.351748438150826,patch_head,1929.9999999999998,1612.8691447481497,1930,0.9999999999999999,5526346,1.1966252849987842,79679648,1632.6633253632767,0.8832710222649132,502.4736134520323,2665589.5339862728,0.001,2665.5895339862727
vit,dp_kfm_a,pink,0.5,42,3,identity,True,,,identity,47616.0,47616.0,47616,1.0,5526346,1.0,79679648,,,,,,
vit,dp_kfm_a,pink,0.5,42,4,patch_embed,True,0.6222148527171212,0.8482354594294865,patch_head,147648.0,47456.15094974132,147648,1.0,5526346,3.111251061139943,79679648,38.60244374608711,0.5240250393212451,108889.21996061559,1490.14866316982,0.017652418979770608,26.30472854441873
vit,dp_kfm_a,pink,0.5,42,4,blocks.0.attn.q_proj,True,0.3287991501899521,1.5698161830473563,attention_qkv,37056.0,22365.833221406683,37056,1.0,5526346,1.6568128552677006,79679648,105.31646568756732,1.33845990786981,24041.63723805748,11091.557944920543,0.001,11.091557944920543
vit,dp_kfm_a,pink,0.5,42,4,blocks.0.attn.k_proj,True,0.3287991501899521,1.5698161830473563,attention_qkv,37056.0,22365.833221406683,37056,1.0,5526346,1.6568128552677006,79679648,105.31646568756732,1.33845990786981,24041.63723805748,11091.557944920543,0.001,11.091557944920543
vit,dp_kfm_a,pink,0.5,42,4,blocks.0.attn.v_proj,True,0.3287991501899521,1.5698161830473563,attention_qkv,37056.0,22365.833221406683,37056,1.0,5526346,1.6568128552677006,79679648,105.31646568756732,1.33845990786981,24041.63723805748,11091.557944920543,0.001,11.091557944920543
vit,dp_kfm_a,pink,0.5,42,4,blocks.0.attn.out_proj,True,0.10899472428814665,3.516714446892523,attention_out,37056.0,11170.224779789469,37056,1.0,5526346,3.3173907177809197,79679648,90.44984714129706,1.1605461968231914,19335.30661133049,8181.174847884004,0.0010032435290628454,8.207710726271335
vit,dp_kfm_a,pink,0.5,42,4,blocks.0.mlp.fc1,True,0.36797576112677705,1.8152499327330869,mlp_fc1,148224.0,163611.74849527638,148224,1.0,5526346,0.9059496115847656,79679648,205.56543735742136,1.4676171440649777,97935.58688462366,42257.14903594792,0.001,42.257149035947926
vit,dp_kfm_a,pink,0.5,42,4,blocks.0.mlp.fc2,True,0.13157102381907373,7.6953766035598195,mlp_fc2,147648.0,73950.37914476861,147648,1.0,5526346,1.9965820555288512,79679648,343.8568448103639,1.0062107444787194,90423.46396582178,118237.52972293868,0.0010616983855799888,125.53259442180993
vit,dp_kfm_a,pink,0.5,42,4,blocks.1.attn.q_proj,True,0.34857629600430623,2.095882747815128,attention_qkv,37056.0,19167.510893806044,37056,1.0,5526346,1.9332713676440167,79679648,188.3074035072419,0.9635011775506634,22983.596921104217,35459.67821563922,0.001,35.45967821563922
vit,dp_kfm_a,pink,0.5,42,4,blocks.1.attn.k_proj,True,0.34857629600430623,2.095882747815128,attention_qkv,37056.0,19167.510893806044,37056,1.0,5526346,1.9332713676440167,79679648,188.3074035072419,0.9635011775506634,22983.596921104217,35459.67821563922,0.001,35.45967821563922
vit,dp_kfm_a,pink,0.5,42,4,blocks.1.attn.v_proj,True,0.34857629600430623,2.095882747815128,attention_qkv,37056.0,19167.510893806044,37056,1.0,5526346,1.9332713676440167,79679648,188.3074035072419,0.9635011775506634,22983.596921104217,35459.67821563922,0.001,35.45967821563922
vit,dp_kfm_a,pink,0.5,42,4,blocks.1.attn.out_proj,True,0.09288097625884673,4.673618701774721,attention_out,37056.0,7483.961376541239,37056,1.0,5526346,4.951388460682526,79679648,191.3704380793196,0.7349151224584274,18678.853632438582,36622.6445706707,0.0011867136865943927,43.46059355129675
vit,dp_kfm_a,pink,0.5,42,4,blocks.1.mlp.fc1,True,0.18285207641231246,2.7182005659506148,mlp_fc1,148224.0,97535.51321527705,148224,1.0,5526346,1.5196926238840314,79679648,246.11269410753025,0.8232591016742691,104320.22652382465,60571.45820086675,0.001,60.57145820086675
vit,dp_kfm_a,pink,0.5,42,4,blocks.1.mlp.fc2,True,0.05713992047258051,4.3154251444132345,mlp_fc2,147648.0,25200.867187469215,147648,1.0,5526346,5.8588460032603935,79679648,181.1430682275137,0.8577534011254806,84288.67550801663,32812.811166877684,0.001000811676832761,32.8394445655196
vit,dp_kfm_a,pink,0.5,42,4,blocks.2.attn.q_proj,True,0.4250504252053569,1.5937566896209339,attention_qkv,37056.0,21746.635102779277,37056,1.0,5526346,1.703987758329754,79679648,167.94568906465994,0.8302354622061197,24925.541658668317,28205.754475403435,0.001,28.205754475403435
vit,dp_kfm_a,pink,0.5,42,4,blocks.2.attn.k_proj,True,0.4250504252053569,1.5937566896209339,attention_qkv,37056.0,21746.635102779277,37056,1.0,5526346,1.703987758329754,79679648,167.94568906465994,0.8302354622061197,24925.541658668317,28205.754475403435,0.001,28.205754475403435
vit,dp_kfm_a,pink,0.5,42,4,blocks.2.attn.v_proj,True,0.4250504252053569,1.5937566896209339,attention_qkv,37056.0,21746.635102779277,37056,1.0,5526346,1.703987758329754,79679648,167.94568906465994,0.8302354622061197,24925.541658668317,28205.754475403435,0.001,28.205754475403435
vit,dp_kfm_a,pink,0.5,42,4,blocks.2.attn.out_proj,True,0.1773212007692616,1.9613378974469915,attention_out,37056.0,8094.548299081629,37056,1.0,5526346,4.577895965387495,79679648,89.13297090954109,0.8513146617744717,21902.82033105593,7944.686503161097,0.001460853073720543,11.606019697889
vit,dp_kfm_a,pink,0.5,42,4,blocks.2.mlp.fc1,True,0.23832349646443493,1.8954563506581081,mlp_fc1,148224.0,111311.569790823,148224,1.0,5526346,1.3316135984654869,79679648,204.89451922328044,0.7295756404816466,113533.56906742815,41981.76400773924,0.001,41.981764007739244
vit,dp_kfm_a,pink,0.5,42,4,blocks.2.mlp.fc2,True,0.18775458376767842,2.064887749856844,mlp_fc2,147648.0,24560.496105649654,147648,1.0,5526346,6.011604951499189,79679648,97.86470496343506,0.7405761285215412,99897.52558648941,9577.50047758019,0.0010373691392342771,9.935403426443239
vit,dp_kfm_a,pink,0.5,42,4,blocks.3.attn.q_proj,True,0.26516859093049966,1.9646478092005226,attention_qkv,37056.0,27192.1807490373,37056,1.0,5526346,1.362744692748187,79679648,207.4768580806453,0.6987223271781464,28172.433423574235,43046.646639016224,0.001,43.046646639016224
vit,dp_kfm_a,pink,0.5,42,4,blocks.3.attn.k_proj,True,0.26516859093049966,1.9646478092005226,attention_qkv,37056.0,27192.1807490373,37056,1.0,5526346,1.362744692748187,79679648,207.4768580806453,0.6987223271781464,28172.433423574235,43046.646639016224,0.001,43.046646639016224
vit,dp_kfm_a,pink,0.5,42,4,blocks.3.attn.v_proj,True,0.26516859093049966,1.9646478092005226,attention_qkv,37056.0,27192.1807490373,37056,1.0,5526346,1.362744692748187,79679648,207.4768580806453,0.6987223271781464,28172.433423574235,43046.646639016224,0.001,43.046646639016224
vit,dp_kfm_a,pink,0.5,42,4,blocks.3.attn.out_proj,True,0.020267328002578067,2.0398543086067504,attention_out,37056.0,6065.031894889099,37056,1.0,5526346,6.109778257098116,79679648,117.24994420980879,0.6985822358159157,22090.076275715208,13747.549417203272,0.0011597945904942759,15.94433344662509
vit,dp_kfm_a,pink,0.5,42,4,blocks.3.mlp.fc1,True,0.14863501747670288,2.2388021364407473,mlp_fc1,148224.0,104878.74781526037,148224,1.0,5526346,1.4132891847745028,79679648,252.08070993897218,0.6607347736718044,110809.9977415967,63544.68432333622,0.001,63.54468432333623
vit,dp_kfm_a,pink,0.5,42,4,blocks.3.mlp.fc2,True,0.14446349990760335,1.6201151514716021,mlp_fc2,147648.0,20491.13842996909,147648,1.0,5526346,7.205456178269677,79679648,107.92060100661304,0.7137317406695509,99515.24170029387,11646.856121628567,0.0010017863830377848,11.667661867847764
vit,dp_kfm_a,pink,0.5,42,4,blocks.4.attn.q_proj,True,0.28321564638236896,2.230655603678314,attention_qkv,37056.0,25870.89103179262,37056,1.0,5526346,1.432343399168666,79679648,218.18529762417955,0.685621331513443,27596.617680675103,47604.82409935181,0.0010000442944815833,47.60693273035616
vit,dp_kfm_a,pink,0.5,42,4,blocks.4.attn.k_proj,True,0.28321564638236896,2.230655603678314,attention_qkv,37056.0,25870.89103179262,37056,1.0,5526346,1.432343399168666,79679648,218.18529762417955,0.685621331513443,27596.617680675103,47604.82409935181,0.0010000442944815833,47.60693273035616
vit,dp_kfm_a,pink,0.5,42,4,blocks.4.attn.v_proj,True,0.28321564638236896,2.230655603678314,attention_qkv,37056.0,25870.89103179262,37056,1.0,5526346,1.432343399168666,79679648,218.18529762417955,0.685621331513443,27596.617680675103,47604.82409935181,0.0010000442944815833,47.60693273035616
vit,dp_kfm_a,pink,0.5,42,4,blocks.4.attn.out_proj,True,0.18263704700699654,3.298605172465457,attention_out,37056.0,5486.909637437125,37056,1.0,5526346,6.753528388214618,79679648,116.02594305408263,0.7137965695271271,18870.365389064955,13462.019461589227,0.0013531807278972614,18.216545294000408
vit,dp_kfm_a,pink,0.5,42,4,blocks.4.mlp.fc1,True,0.18914922818140703,2.664028165025775,mlp_fc1,148224.0,101837.58096962469,148224,1.0,5526346,1.455494117090341,79679648,261.8743167331305,0.6369253538387079,111514.64733314968,68578.15776444397,0.001,68.57815776444397
vit,dp_kfm_a,pink,0.5,42,4,blocks.4.mlp.fc2,True,0.26220477264590997,2.3539953514757768,mlp_fc2,147648.0,20350.52166822525,147648,1.0,5526346,7.255243988685241,79679648,111.2848902198284,0.6886733962453155,99267.46754411249,12384.326791239258,0.0010908448316139846,13.509378873241948
vit,dp_kfm_a,pink,0.5,42,4,blocks.5.attn.q_proj,True,0.31159823822143884,2.0783501179335886,attention_qkv,37056.0,26883.785518944314,37056,1.0,5526346,1.3783773112565412,79679648,221.59663269526956,0.6465512492907179,28263.831048769905,49105.06762188221,0.001,49.10506762188221
vit,dp_kfm_a,pink,0.5,42,4,blocks.5.attn.k_proj,True,0.31159823822143884,2.0783501179335886,attention_qkv,37056.0,26883.785518944314,37056,1.0,5526346,1.3783773112565412,79679648,221.59663269526956,0.6465512492907179,28263.831048769905,49105.06762188221,0.001,49.10506762188221
vit,dp_kfm_a,pink,0.5,42,4,blocks.5.attn.v_proj,True,0.31159823822143884,2.0783501179335886,attention_qkv,37056.0,26883.785518944314,37056,1.0,5526346,1.3783773112565412,79679648,221.59663269526956,0.6465512492907179,28263.831048769905,49105.06762188221,0.001,49.10506762188221
vit,dp_kfm_a,pink,0.5,42,4,blocks.5.attn.out_proj,True,0.11561176171383633,3.087822415872434,attention_out,37056.0,6317.865881263255,37056,1.0,5526346,5.865271706684389,79679648,106.67064170527394,0.6342083266743628,21658.883727984175,11378.625801814927,0.001656994625745527,18.854321801976724
vit,dp_kfm_a,pink,0.5,42,4,blocks.5.mlp.fc1,True,0.1566217539171028,3.332396063956736,mlp_fc1,148224.0,96769.53236216045,148224,1.0,5526346,1.5317217762846156,79679648,312.9949503776016,0.5964732343469304,110011.57481097188,97965.83896187726,0.001000066288536742,97.97233297399275
vit,dp_kfm_a,pink,0.5,42,4,blocks.5.mlp.fc2,True,0.14111840055245264,2.98986062634447,mlp_fc2,147648.0,18679.485327932445,147648,1.0,5526346,7.9042863016795195,79679648,134.07943071733936,0.7253516341496545,92762.59399132548,17977.293741485806,0.0010329303199897656,18.569291776942944
vit,dp_kfm_a,pink,0.5,42,4,blocks.6.attn.q_proj,True,0.185101991599245,3.0204241001547953,attention_qkv,37056.0,22450.151353474786,37056,1.0,5526346,1.6505902083490653,79679648,256.310017084876,0.6457499040710778,27262.637861182397,65694.82485804941,0.001,65.69482485804942
vit,dp_kfm_a,pink,0.5,42,4,blocks.6.attn.k_proj,True,0.185101991599245,3.0204241001547953,attention_qkv,37056.0,22450.151353474786,37056,1.0,5526346,1.6505902083490653,79679648,256.310017084876,0.6457499040710778,27262.637861182397,65694.82485804941,0.001,65.69482485804942
vit,dp_kfm_a,pink,0.5,42,4,blocks.6.attn.v_proj,True,0.185101991599245,3.0204241001547953,attention_qkv,37056.0,22450.151353474786,37056,1.0,5526346,1.6505902083490653,79679648,256.310017084876,0.6457499040710778,27262.637861182397,65694.82485804941,0.001,65.69482485804942
vit,dp_kfm_a,pink,0.5,42,4,blocks.6.attn.out_proj,True,0.046952179512369324,2.612988930726722,attention_out,37056.0,4136.265086682401,37056,1.0,5526346,8.958806851937464,79679648,129.45146430873552,0.6695162201057467,16184.050204672232,16757.681611675827,0.0012169438415084535,20.393157435288355
vit,dp_kfm_a,pink,0.5,42,4,blocks.6.mlp.fc1,True,0.11457900287601185,2.9227297503362486,mlp_fc1,148224.0,101249.90531706912,148224,1.0,5526346,1.4639421097316503,79679648,344.80027160205236,0.637597445816523,106284.80942999967,118887.22729684906,0.0010000222966336995,118.88987808180765
vit,dp_kfm_a,pink,0.5,42,4,blocks.6.mlp.fc2,True,0.09480733693836993,2.045945114395346,mlp_fc2,147648.0,17644.947948919427,147648,1.0,5526346,8.36772091521199,79679648,115.48251986620495,0.7190318720404651,93054.21527587442,13336.212394648423,0.001022571998822809,13.637237365121159
vit,dp_kfm_a,pink,0.5,42,4,blocks.7.attn.q_proj,True,0.18102561146976548,2.9599382903209728,attention_qkv,37056.0,22902.90719295779,37056,1.0,5526346,1.6179605360927287,79679648,270.04032992020876,0.6480729496738765,26987.310623745634,72921.77978341519,0.001,72.92177978341519
vit,dp_kfm_a,pink,0.5,42,4,blocks.7.attn.k_proj,True,0.18102561146976548,2.9599382903209728,attention_qkv,37056.0,22902.90719295779,37056,1.0,5526346,1.6179605360927287,79679648,270.04032992020876,0.6480729496738765,26987.310623745634,72921.77978341519,0.001,72.92177978341519
vit,dp_kfm_a,pink,0.5,42,4,blocks.7.attn.v_proj,True,0.18102561146976548,2.9599382903209728,attention_qkv,37056.0,22902.90719295779,37056,1.0,5526346,1.6179605360927287,79679648,270.04032992020876,0.6480729496738765,26987.310623745634,72921.77978341519,0.001,72.92177978341519
vit,dp_kfm_a,pink,0.5,42,4,blocks.7.attn.out_proj,True,0.09521830225522519,2.8509008584372073,attention_out,37056.0,4063.0548248207647,37056,1.0,5526346,9.120231352436813,79679648,117.76710666516547,0.64699972474392,16851.12137623109,13869.09141228446,0.0012505174018414664,17.343540158791757
vit,dp_kfm_a,pink,0.5,42,4,blocks.7.mlp.fc1,True,0.15732276923406824,3.042743634883463,mlp_fc1,148224.0,121355.9263605292,148224,1.0,5526346,1.2213989414876205,79679648,425.2614673524998,0.6684617919622302,104062.78497417591,180847.31561480122,0.001,180.84731561480123
vit,dp_kfm_a,pink,0.5,42,4,blocks.7.mlp.fc2,True,0.9989898618598672,0.05532995654205946,mlp_fc2,147648.0,25944.96435516478,147648,1.0,5526346,5.690815295747678,79679648,780.2720065690739,0.7857607783768169,46350.78266284225,608824.404235329,0.0010313390054216267,627.9043555404786
vit,dp_kfm_a,pink,0.5,42,4,blocks.8.attn.q_proj,True,0.26445231329700797,2.5546293166953973,attention_qkv,37056.0,24755.12227106006,37056,1.0,5526346,1.4969023216387125,79679648,337.4624567364042,0.6453967468091847,26136.39721990921,113880.90970656947,0.001,113.88090970656947
vit,dp_kfm_a,pink,0.5,42,4,blocks.8.attn.k_proj,True,0.26445231329700797,2.5546293166953973,attention_qkv,37056.0,24755.12227106006,37056,1.0,5526346,1.4969023216387125,79679648,337.4624567364042,0.6453967468091847,26136.39721990921,113880.90970656947,0.001,113.88090970656947
vit,dp_kfm_a,pink,0.5,42,4,blocks.8.attn.v_proj,True,0.26445231329700797,2.5546293166953973,attention_qkv,37056.0,24755.12227106006,37056,1.0,5526346,1.4969023216387125,79679648,337.4624567364042,0.6453967468091847,26136.39721990921,113880.90970656947,0.001,113.88090970656947
vit,dp_kfm_a,pink,0.5,42,4,blocks.8.attn.out_proj,True,0.16434762230933697,1.4476754927666873,attention_out,37056.0,2858.911067587942,37056,1.0,5526346,12.961578420578181,79679648,75.87933493462359,0.5802269547946188,18401.384258769795,5757.673470120788,0.0011113680819173268,6.3988945207944194
vit,dp_kfm_a,pink,0.5,42,4,blocks.8.mlp.fc1,True,0.2330106523132942,2.5239062996077393,mlp_fc1,148224.0,138011.3372837826,148224,1.0,5526346,1.0739987229833,79679648,486.45527910501636,0.6684970009611984,103382.24402437065,236638.7385691394,0.001,236.63873856913938
vit,dp_kfm_a,pink,0.5,42,4,blocks.8.mlp.fc2,True,0.09990480105288278,1.9625738942658815,mlp_fc2,147648.0,21480.912497818506,147648,1.0,5526346,6.873451023786554,79679648,119.74986261736753,0.7682185206304033,94415.148618394,14340.029596878398,0.0010081881015965592,14.457447216115304
vit,dp_kfm_a,pink,0.5,42,4,blocks.9.attn.q_proj,True,0.24288909103780792,2.578988790025223,attention_qkv,37056.0,26880.800637404063,37056,1.0,5526346,1.378530368192879,79679648,330.73664091420073,0.622253940157387,27091.765152446445,109386.72564320895,0.001000011886456774,109.38802586379495
vit,dp_kfm_a,pink,0.5,42,4,blocks.9.attn.k_proj,True,0.24288909103780792,2.578988790025223,attention_qkv,37056.0,26880.800637404063,37056,1.0,5526346,1.378530368192879,79679648,330.73664091420073,0.622253940157387,27091.765152446445,109386.72564320895,0.001000011886456774,109.38802586379495
vit,dp_kfm_a,pink,0.5,42,4,blocks.9.attn.v_proj,True,0.24288909103780792,2.578988790025223,attention_qkv,37056.0,26880.800637404063,37056,1.0,5526346,1.378530368192879,79679648,330.73664091420073,0.622253940157387,27091.765152446445,109386.72564320895,0.001000011886456774,109.38802586379495
vit,dp_kfm_a,pink,0.5,42,4,blocks.9.attn.out_proj,True,0.18247349202216903,1.2197382569255386,attention_out,37056.0,2244.638709877723,37056,1.0,5526346,16.508670120020618,79679648,59.1918871665595,0.5012493814479675,19723.063454910327,3503.6795063387117,0.001051704951544394,3.684837085441041
vit,dp_kfm_a,pink,0.5,42,4,blocks.9.mlp.fc1,True,0.24502102392454733,2.3051820169696344,mlp_fc1,148224.0,148162.17372306186,148224,1.0,5526346,1.0004172878635926,79679648,468.4542906984856,0.6387351131487696,107456.71973970675,219449.42247382124,0.0010000726230672897,219.46535956399623
vit,dp_kfm_a,pink,0.5,42,4,blocks.9.mlp.fc2,True,0.12970860952815194,2.16372092497415,mlp_fc2,147648.0,22208.29683006565,147648,1.0,5526346,6.648326124681193,79679648,116.955435843226,0.7570635271638593,97621.61108929987,13678.573973278952,0.0010256216301790667,14.029041336999311
vit,dp_kfm_a,pink,0.5,42,4,blocks.10.attn.q_proj,True,0.23824978172877367,2.1973047810469204,attention_qkv,37056.0,29283.677808526525,37056,1.0,5526346,1.2654148239949017,79679648,314.56632862460435,0.5960868556432541,28319.863284915245,98951.97510436259,0.001,98.95197510436259
vit,dp_kfm_a,pink,0.5,42,4,blocks.10.attn.k_proj,True,0.23824978172877367,2.1973047810469204,attention_qkv,37056.0,29283.677808526525,37056,1.0,5526346,1.2654148239949017,79679648,314.56632862460435,0.5960868556432541,28319.863284915245,98951.97510436259,0.001,98.95197510436259
vit,dp_kfm_a,pink,0.5,42,4,blocks.10.attn.v_proj,True,0.23824978172877367,2.1973047810469204,attention_qkv,37056.0,29283.677808526525,37056,1.0,5526346,1.2654148239949017,79679648,314.56632862460435,0.5960868556432541,28319.863284915245,98951.97510436259,0.001,98.95197510436259
vit,dp_kfm_a,pink,0.5,42,4,blocks.10.attn.out_proj,True,0.4063901802657688,1.5663039343154883,attention_out,37056.0,2321.34938044068,37056,1.0,5526346,15.96312916626336,79679648,69.3432938503864,0.519265036486502,18416.764409917927,4808.4924020210365,0.001023574465545842,4.921850040479925
vit,dp_kfm_a,pink,0.5,42,4,blocks.10.mlp.fc1,True,0.2902791598048797,2.010446078791529,mlp_fc1,148224.0,149206.69292208386,148224,1.0,5526346,0.9934138817579917,79679648,434.5395640376724,0.6101302409802295,111527.70031007455,188824.63271405039,0.0010000459314319968,188.8333056998272
vit,dp_kfm_a,pink,0.5,42,4,blocks.10.mlp.fc2,True,0.22896296479597292,2.842739048948694,mlp_fc2,147648.0,21372.868037363693,147648,1.0,5526346,6.908197802086469,79679648,117.10574828823624,0.747888595200499,97610.27400020979,13713.756282147744,0.0010052715029991266,13.786048389518378
vit,dp_kfm_a,pink,0.5,42,4,blocks.11.attn.q_proj,True,0.33932171027768987,2.1882532824649914,attention_qkv,37056.0,30205.804264569648,37056,1.0,5526346,1.2267840867745208,79679648,341.91125459759127,0.5960278270007268,28229.933973311385,116903.30602049886,0.001,116.90330602049886
vit,dp_kfm_a,pink,0.5,42,4,blocks.11.attn.k_proj,True,0.33932171027768987,2.1882532824649914,attention_qkv,37056.0,30205.804264569648,37056,1.0,5526346,1.2267840867745208,79679648,341.91125459759127,0.5960278270007268,28229.933973311385,116903.30602049886,0.001,116.90330602049886
vit,dp_kfm_a,pink,0.5,42,4,blocks.11.attn.v_proj,True,0.33932171027768987,2.1882532824649914,attention_qkv,37056.0,30205.804264569648,37056,1.0,5526346,1.2267840867745208,79679648,341.91125459759127,0.5960278270007268,28229.933973311385,116903.30602049886,0.001,116.90330602049886
vit,dp_kfm_a,pink,0.5,42,4,blocks.11.attn.out_proj,True,0.40772398992137154,1.522694152880887,attention_out,37056.0,2473.6999313738565,37056,1.0,5526346,14.979989905008262,79679648,80.3685172040301,0.5079157868144402,18143.797979003022,6459.098557574482,0.0010399544973849644,6.7171685940023185
vit,dp_kfm_a,pink,0.5,42,4,blocks.11.mlp.fc1,True,0.4932999230097095,1.5170589909208043,mlp_fc1,148224.0,126050.21449216673,148224,1.0,5526346,1.175912318730812,79679648,420.83374921838316,0.6067727850449578,108883.38483901748,177101.044481201,0.001,177.101044481201
vit,dp_kfm_a,pink,0.5,42,4,blocks.11.mlp.fc2,True,0.8723555667020947,0.4888732023285223,mlp_fc2,147648.0,15806.391134370599,147648,1.0,5526346,9.341031658956178,79679648,162.9868163001025,0.720429632351917,87060.89319689912,26564.702287643362,0.0010030244761001692,26.64504659482045
vit,dp_kfm_a,pink,0.5,42,4,head,True,0.05944803017566185,3.2997082150592765,patch_head,1929.9999999999998,1630.5291734623986,1930,0.9999999999999999,5526346,1.1836648073592455,79679648,1647.2817399429764,0.876080959415622,507.440506504205,2713537.1307495595,0.001,2713.5371307495598
vit,dp_kfm_a,pink,0.5,42,4,identity,True,,,identity,47616.0,47616.0,47616,1.0,5526346,1.0,79679648,,,,,,
vit,dp_kfm_a,pink,0.5,42,5,patch_embed,True,0.620146898053799,0.8490321621520888,patch_head,147648.0,47472.640907151144,147648,1.0,5526346,3.110170346089988,79679648,38.64843030734595,0.5239675069519969,108910.60580776283,1493.7011652217768,0.01764156372048245,26.351224285618862
vit,dp_kfm_a,pink,0.5,42,5,blocks.0.attn.q_proj,True,0.32953749101378194,1.5541543820541268,attention_qkv,37056.0,22364.067466656234,37056,1.0,5526346,1.6569436689121397,79679648,105.65492602155886,1.3354182478614094,24048.291583714028,11162.963392621075,0.001,11.162963392621077
vit,dp_kfm_a,pink,0.5,42,5,blocks.0.attn.k_proj,True,0.32953749101378194,1.5541543820541268,attention_qkv,37056.0,22364.067466656234,37056,1.0,5526346,1.6569436689121397,79679648,105.65492602155886,1.3354182478614094,24048.291583714028,11162.963392621075,0.001,11.162963392621077
vit,dp_kfm_a,pink,0.5,42,5,blocks.0.attn.v_proj,True,0.32953749101378194,1.5541543820541268,attention_qkv,37056.0,22364.067466656234,37056,1.0,5526346,1.6569436689121397,79679648,105.65492602155886,1.3354182478614094,24048.291583714028,11162.963392621075,0.001,11.162963392621077
vit,dp_kfm_a,pink,0.5,42,5,blocks.0.attn.out_proj,True,0.11897973161092529,3.457123639539683,attention_out,37056.0,11207.648925537798,37056,1.0,5526346,3.306313415614227,79679648,90.5613857935593,1.161109438223625,19451.529833323115,8201.364596849882,0.0010035909263669898,8.230815093226006
vit,dp_kfm_a,pink,0.5,42,5,blocks.0.mlp.fc1,True,0.3696069166471555,1.8113157197847176,mlp_fc1,148224.0,163405.26192015645,148224,1.0,5526346,0.9070944121274725,79679648,205.96238870683075,1.4637508949497775,97907.57662925764,42420.505561823644,0.001,42.420505561823646
vit,dp_kfm_a,pink,0.5,42,5,blocks.0.mlp.fc2,True,0.13516897625632554,7.868466080237521,mlp_fc2,147648.0,73975.83606239763,147648,1.0,5526346,1.9958949821866274,79679648,345.7579186189561,1.0063072833391276,90287.28781284284,119548.53828771267,0.001060832720944194,126.82100115665537
vit,dp_kfm_a,pink,0.5,42,5,blocks.1.attn.q_proj,True,0.34740522853171224,2.0913630367743687,attention_qkv,37056.0,19222.38910650419,37056,1.0,5526346,1.9277520496898866,79679648,189.47678401458126,0.9609134949383697,22995.62358837796,35901.451680508275,0.001,35.90145168050827
vit,dp_kfm_a,pink,0.5,42,5,blocks.1.attn.k_proj,True,0.34740522853171224,2.0913630367743687,attention_qkv,37056.0,19222.38910650419,37056,1.0,5526346,1.9277520496898866,79679648,189.47678401458126,0.9609134949383697,22995.62358837796,35901.451680508275,0.001,35.90145168050827
vit,dp_kfm_a,pink,0.5,42,5,blocks.1.attn.v_proj,True,0.34740522853171224,2.0913630367743687,attention_qkv,37056.0,19222.38910650419,37056,1.0,5526346,1.9277520496898866,79679648,189.47678401458126,0.9609134949383697,22995.62358837796,35901.451680508275,0.001,35.90145168050827
vit,dp_kfm_a,pink,0.5,42,5,blocks.1.attn.out_proj,True,0.08889959863887426,4.780047789996399,attention_out,37056.0,7520.222761280852,37056,1.0,5526346,4.92751360914322,79679648,192.28226028234374,0.7361053498485132,18616.813832081305,36972.46761928698,0.0011917651378749751,44.062497969877604
vit,dp_kfm_a,pink,0.5,42,5,blocks.1.mlp.fc1,True,0.18105558688424103,2.7282149008125405,mlp_fc1,148224.0,98131.89171516793,148224,1.0,5526346,1.5104569718295717,79679648,246.1769123930468,0.8203541419929289,104446.92577418579,60603.07219537383,0.001,60.603072195373834
vit,dp_kfm_a,pink,0.5,42,5,blocks.1.mlp.fc2,True,0.059117337996571734,4.342522507543619,mlp_fc2,147648.0,25343.99737262701,147648,1.0,5526346,5.825758179704849,79679648,179.765940286675,0.8587253327211941,84390.85620174288,32315.793287152406,0.0010016305610435466,32.36848616077774
vit,dp_kfm_a,pink,0.5,42,5,blocks.2.attn.q_proj,True,0.42636027748247196,1.5986145644734928,attention_qkv,37056.0,21851.25113263633,37056,1.0,5526346,1.695829670121467,79679648,169.26842142511475,0.8267140193507849,24961.715591388733,28651.798491750244,0.001,28.651798491750245
vit,dp_kfm_a,pink,0.5,42,5,blocks.2.attn.k_proj,True,0.42636027748247196,1.5986145644734928,attention_qkv,37056.0,21851.25113263633,37056,1.0,5526346,1.695829670121467,79679648,169.26842142511475,0.8267140193507849,24961.715591388733,28651.798491750244,0.001,28.651798491750245
vit,dp_kfm_a,pink,0.5,42,5,blocks.2.attn.v_proj,True,0.42636027748247196,1.5986145644734928,attention_qkv,37056.0,21851.25113263633,37056,1.0,5526346,1.695829670121467,79679648,169.26842142511475,0.8267140193507849,24961.715591388733,28651.798491750244,0.001,28.651798491750245
vit,dp_kfm_a,pink,0.5,42,5,blocks.2.attn.out_proj,True,0.18195782555483167,2.016359885517559,attention_out,37056.0,8188.754926081409,37056,1.0,5526346,4.525230066658318,79679648,90.49733474201578,0.8489134281121726,21844.94426711109,8189.767595408456,0.0014914435118226644,12.214575743507446
vit,dp_kfm_a,pink,0.5,42,5,blocks.2.mlp.fc1,True,0.23890911547258142,1.8924404979564964,mlp_fc1,148224.0,112027.91058224993,148224,1.0,5526346,1.3230988530414054,79679648,205.88602449401782,0.7262328403892657,113734.14270053292,42389.05508195131,0.001,42.38905508195131
vit,dp_kfm_a,pink,0.5,42,5,blocks.2.mlp.fc2,True,0.18081172993020694,2.037674358276556,mlp_fc2,147648.0,24633.315778948083,147648,1.0,5526346,5.993833770692847,79679648,98.03680345197179,0.7390484620116115,100261.50453483668,9611.214831080548,0.0010461355517359548,10.05463353016524
vit,dp_kfm_a,pink,0.5,42,5,blocks.3.attn.q_proj,True,0.2663962062860523,1.9723350432612505,attention_qkv,37056.0,27302.353328521305,37056,1.0,5526346,1.3572456393819203,79679648,209.27535279663255,0.6967347369449497,28202.92101687941,43796.17328815502,0.001,43.79617328815502
vit,dp_kfm_a,pink,0.5,42,5,blocks.3.attn.k_proj,True,0.2663962062860523,1.9723350432612505,attention_qkv,37056.0,27302.353328521305,37056,1.0,5526346,1.3572456393819203,79679648,209.27535279663255,0.6967347369449497,28202.92101687941,43796.17328815502,0.001,43.79617328815502
vit,dp_kfm_a,pink,0.5,42,5,blocks.3.attn.v_proj,True,0.2663962062860523,1.9723350432612505,attention_qkv,37056.0,27302.353328521305,37056,1.0,5526346,1.3572456393819203,79679648,209.27535279663255,0.6967347369449497,28202.92101687941,43796.17328815502,0.001,43.79617328815502
vit,dp_kfm_a,pink,0.5,42,5,blocks.3.attn.out_proj,True,0.01945393082036975,2.07553938927609,attention_out,37056.0,6111.21138785613,37056,1.0,5526346,6.063609593612763,79679648,119.54450382251669,0.6987081631715638,22019.39816445,14290.888394171709,0.0011638311332099133,16.632180834365258
vit,dp_kfm_a,pink,0.5,42,5,blocks.3.mlp.fc1,True,0.1465310159326978,2.1835782164904733,mlp_fc1,148224.0,104869.85462372056,148224,1.0,5526346,1.413409034768254,79679648,250.26956178127432,0.6585645529261442,111100.14384998984,62634.85355419108,0.0010000614133492789,62.638700170329436
vit,dp_kfm_a,pink,0.5,42,5,blocks.3.mlp.fc2,True,0.14599219894108253,1.6270374194871986,mlp_fc2,147648.0,20619.17338496886,147648,1.0,5526346,7.16071382898568,79679648,109.20195278792147,0.7138851046855746,99693.83385780435,11925.06649269543,0.0010007583027933655,11.934109303927912
vit,dp_kfm_a,pink,0.5,42,5,blocks.4.attn.q_proj,True,0.27847094668638506,2.220652810159075,attention_qkv,37056.0,25811.2924982185,37056,1.0,5526346,1.4356506944608687,79679648,218.43031237628443,0.6836553562995485,27640.80206117207,47711.80136480119,0.0010000068254589411,47.71212701974241
vit,dp_kfm_a,pink,0.5,42,5,blocks.4.attn.k_proj,True,0.27847094668638506,2.220652810159075,attention_qkv,37056.0,25811.2924982185,37056,1.0,5526346,1.4356506944608687,79679648,218.43031237628443,0.6836553562995485,27640.80206117207,47711.80136480119,0.0010000068254589411,47.71212701974241
vit,dp_kfm_a,pink,0.5,42,5,blocks.4.attn.v_proj,True,0.27847094668638506,2.220652810159075,attention_qkv,37056.0,25811.2924982185,37056,1.0,5526346,1.4356506944608687,79679648,218.43031237628443,0.6836553562995485,27640.80206117207,47711.80136480119,0.0010000068254589411,47.71212701974241
vit,dp_kfm_a,pink,0.5,42,5,blocks.4.attn.out_proj,True,0.141520080901695,3.5775490117885815,attention_out,37056.0,5469.368830892191,37056,1.0,5526346,6.775187621412476,79679648,123.84863877492293,0.7092098731534435,18460.275633437894,15338.485326401345,0.0013297889920505287,20.39694894177707
vit,dp_kfm_a,pink,0.5,42,5,blocks.4.mlp.fc1,True,0.19424851212557342,2.62008983839315,mlp_fc1,148224.0,101208.19560876407,148224,1.0,5526346,1.4645454264690458,79679648,261.6134830921793,0.6355664941265811,111568.15771075759,68441.61453562198,0.001,68.44161453562198
vit,dp_kfm_a,pink,0.5,42,5,blocks.4.mlp.fc2,True,0.2522922205252683,2.2751916782254837,mlp_fc2,147648.0,20153.670642591438,147648,1.0,5526346,7.32610960149217,79679648,110.99816689874937,0.6865532571714275,99603.44935541858,12320.59305488262,0.00107149013784521,13.201393950710917
vit,dp_kfm_a,pink,0.5,42,5,blocks.5.attn.q_proj,True,0.31253050616737105,2.084536558782297,attention_qkv,37056.0,26754.035878704854,37056,1.0,5526346,1.3850620582255815,79679648,224.12452104554777,0.6477946703318738,28208.898597259835,50231.80093389618,0.001,50.23180093389618
vit,dp_kfm_a,pink,0.5,42,5,blocks.5.attn.k_proj,True,0.31253050616737105,2.084536558782297,attention_qkv,37056.0,26754.035878704854,37056,1.0,5526346,1.3850620582255815,79679648,224.12452104554777,0.6477946703318738,28208.898597259835,50231.80093389618,0.001,50.23180093389618
vit,dp_kfm_a,pink,0.5,42,5,blocks.5.attn.v_proj,True,0.31253050616737105,2.084536558782297,attention_qkv,37056.0,26754.035878704854,37056,1.0,5526346,1.3850620582255815,79679648,224.12452104554777,0.6477946703318738,28208.898597259835,50231.80093389618,0.001,50.23180093389618
vit,dp_kfm_a,pink,0.5,42,5,blocks.5.attn.out_proj,True,0.14664736551679078,3.150211316922958,attention_out,37056.0,6307.267971808947,37056,1.0,5526346,5.87512694333363,79679648,111.65016765794242,0.6347414356034483,21321.98380638603,12465.759938046653,0.0016298723942375225,20.31759799621429
vit,dp_kfm_a,pink,0.5,42,5,blocks.5.mlp.fc1,True,0.17806115099671443,3.2780167315416673,mlp_fc1,148224.0,96612.4701961028,148224,1.0,5526346,1.5342118848543749,79679648,314.50875847769873,0.5985755614872078,109734.42407101879,98915.75915918345,0.001,98.91575915918345
vit,dp_kfm_a,pink,0.5,42,5,blocks.5.mlp.fc2,True,0.1776702500900652,2.6464512879429654,mlp_fc2,147648.0,18405.935214288096,147648,1.0,5526346,8.021760279009584,79679648,127.4836326325002,0.72009734515583,93770.52858508064,16252.07658917827,0.0010377298588231626,16.86526514447119
vit,dp_kfm_a,pink,0.5,42,5,blocks.6.attn.q_proj,True,0.20697503633337583,3.00335832299503,attention_qkv,37056.0,22519.020719548418,37056,1.0,5526346,1.6455422489945246,79679648,258.6882803209558,0.6450228688368761,27219.195283252833,66919.62637541341,0.0010000681752350478,66.92418863667086
vit,dp_kfm_a,pink,0.5,42,5,blocks.6.attn.k_proj,True,0.20697503633337583,3.00335832299503,attention_qkv,37056.0,22519.020719548418,37056,1.0,5526346,1.6455422489945246,79679648,258.6882803209558,0.6450228688368761,27219.195283252833,66919.62637541341,0.0010000681752350478,66.92418863667086
vit,dp_kfm_a,pink,0.5,42,5,blocks.6.attn.v_proj,True,0.20697503633337583,3.00335832299503,attention_qkv,37056.0,22519.020719548418,37056,1.0,5526346,1.6455422489945246,79679648,258.6882803209558,0.6450228688368761,27219.195283252833,66919.62637541341,0.0010000681752350478,66.92418863667086
vit,dp_kfm_a,pink,0.5,42,5,blocks.6.attn.out_proj,True,0.06598008164225923,2.644445613373928,attention_out,37056.0,4163.167000743117,37056,1.0,5526346,8.90091605582615,79679648,131.58173622174544,0.6696022517998331,15993.94801970553,17313.753307128998,0.0012158798622785602,21.051443986596972
vit,dp_kfm_a,pink,0.5,42,5,blocks.6.mlp.fc1,True,0.12106974587357593,2.863475209556295,mlp_fc1,148224.0,102135.29500286044,148224,1.0,5526346,1.451251499257419,79679648,341.6166046590314,0.6372819743306141,106645.27844984157,116701.90457876495,0.001,116.70190457876495
vit,dp_kfm_a,pink,0.5,42,5,blocks.6.mlp.fc2,True,0.12246887281584871,1.8350508021928733,mlp_fc2,147648.0,17375.632700343733,147648,1.0,5526346,8.497417190286209,79679648,108.5219940931863,0.7055901934676778,94858.96887935177,11777.02320196156,0.0010247298119718381,12.068266771334043
vit,dp_kfm_a,pink,0.5,42,5,blocks.7.attn.q_proj,True,0.1854476280727666,2.873053119559824,attention_qkv,37056.0,23270.374894463486,37056,1.0,5526346,1.592410958914822,79679648,266.44987885003917,0.6412355248776423,27228.034852562785,70995.53793920056,0.001,70.99553793920056
vit,dp_kfm_a,pink,0.5,42,5,blocks.7.attn.k_proj,True,0.1854476280727666,2.873053119559824,attention_qkv,37056.0,23270.374894463486,37056,1.0,5526346,1.592410958914822,79679648,266.44987885003917,0.6412355248776423,27228.034852562785,70995.53793920056,0.001,70.99553793920056
vit,dp_kfm_a,pink,0.5,42,5,blocks.7.attn.v_proj,True,0.1854476280727666,2.873053119559824,attention_qkv,37056.0,23270.374894463486,37056,1.0,5526346,1.592410958914822,79679648,266.44987885003917,0.6412355248776423,27228.034852562785,70995.53793920056,0.001,70.99553793920056
vit,dp_kfm_a,pink,0.5,42,5,blocks.7.attn.out_proj,True,0.09250896903058715,2.838919645215224,attention_out,37056.0,4095.2538957339602,37056,1.0,5526346,9.04852322797406,79679648,117.86451308141184,0.6453684430525356,16998.2571421632,13892.043443918305,0.0012381950244200748,17.201059071287165
vit,dp_kfm_a,pink,0.5,42,5,blocks.7.mlp.fc1,True,0.1727912962305137,2.941005691900299,mlp_fc1,148224.0,122517.47417129308,148224,1.0,5526346,1.2098192604980276,79679648,418.29898135725466,0.6611699896076343,105052.9334035285,174974.0378045169,0.001,174.9740378045169
vit,dp_kfm_a,pink,0.5,42,5,blocks.7.mlp.fc2,True,0.9992549450645458,0.044275302435794306,mlp_fc2,147648.0,26021.397076019843,147648,1.0,5526346,5.674099648403037,79679648,796.4689615712329,0.7804060436019589,45945.831436566834,634362.806746358,0.0010548083430857523,669.1311810993532
vit,dp_kfm_a,pink,0.5,42,5,blocks.8.attn.q_proj,True,0.25576417408417734,2.5120086522634466,attention_qkv,37056.0,24863.212260927736,37056,1.0,5526346,1.49039470890224,79679648,336.2584534241452,0.6410196375572312,26249.682406873777,113069.74749919804,0.0010000033249383854,113.07012344914173
vit,dp_kfm_a,pink,0.5,42,5,blocks.8.attn.k_proj,True,0.25576417408417734,2.5120086522634466,attention_qkv,37056.0,24863.212260927736,37056,1.0,5526346,1.49039470890224,79679648,336.2584534241452,0.6410196375572312,26249.682406873777,113069.74749919804,0.0010000033249383854,113.07012344914173
vit,dp_kfm_a,pink,0.5,42,5,blocks.8.attn.v_proj,True,0.25576417408417734,2.5120086522634466,attention_qkv,37056.0,24863.212260927736,37056,1.0,5526346,1.49039470890224,79679648,336.2584534241452,0.6410196375572312,26249.682406873777,113069.74749919804,0.0010000033249383854,113.07012344914173
vit,dp_kfm_a,pink,0.5,42,5,blocks.8.attn.out_proj,True,0.15249843365540636,1.5609344349285588,attention_out,37056.0,2988.704571591773,37056,1.0,5526346,12.398682811350643,79679648,80.1053356713787,0.5888201362920359,18232.48463376256,6416.864803024256,0.0011180357233372996,7.174284081606882
vit,dp_kfm_a,pink,0.5,42,5,blocks.8.mlp.fc1,True,0.23077239566774996,2.516766986179207,mlp_fc1,148224.0,138122.22466615366,148224,1.0,5526346,1.07313649456677,79679648,489.04786913027465,0.6645472053347701,103489.62851674508,239167.8183008622,0.001,239.16781830086222
vit,dp_kfm_a,pink,0.5,42,5,blocks.8.mlp.fc2,True,0.1098859780645939,1.9238790068964935,mlp_fc2,147648.0,21848.674252134573,147648,1.0,5526346,6.7577555643027205,79679648,118.61377352400378,0.7776147678918023,94125.47932406707,14069.22726960366,0.001005768160994875,14.15038083756822
vit,dp_kfm_a,pink,0.5,42,5,blocks.9.attn.q_proj,True,0.2349295133107867,2.4794983412955407,attention_qkv,37056.0,27041.396189200812,37056,1.0,5526346,1.370343444574012,79679648,326.4318511786958,0.6232524359091095,27174.949535069034,106557.75346395023,0.001,106.55775346395023
vit,dp_kfm_a,pink,0.5,42,5,blocks.9.attn.k_proj,True,0.2349295133107867,2.4794983412955407,attention_qkv,37056.0,27041.396189200812,37056,1.0,5526346,1.370343444574012,79679648,326.4318511786958,0.6232524359091095,27174.949535069034,106557.75346395023,0.001,106.55775346395023
vit,dp_kfm_a,pink,0.5,42,5,blocks.9.attn.v_proj,True,0.2349295133107867,2.4794983412955407,attention_qkv,37056.0,27041.396189200812,37056,1.0,5526346,1.370343444574012,79679648,326.4318511786958,0.6232524359091095,27174.949535069034,106557.75346395023,0.001,106.55775346395023
vit,dp_kfm_a,pink,0.5,42,5,blocks.9.attn.out_proj,True,0.16862459025593554,1.2463323915908129,attention_out,37056.0,2336.54020859836,37056,1.0,5526346,15.859346166453987,79679648,60.89091124572699,0.5177582856916442,19651.30764399986,3707.7030723350017,0.0010480723515209059,3.8859410777634324
vit,dp_kfm_a,pink,0.5,42,5,blocks.9.mlp.fc1,True,0.24057832346581862,2.2375578600827923,mlp_fc1,148224.0,148167.57704430525,148224,1.0,5526346,1.0003808050102478,79679648,464.2972239068113,0.6401142738756139,107564.07700967035,215571.91212757168,0.0010001134071835466,215.59635953097782
vit,dp_kfm_a,pink,0.5,42,5,blocks.9.mlp.fc2,True,0.14163211978196377,1.9716477529238352,mlp_fc2,147648.0,22369.732588646853,147648,1.0,5526346,6.600347117020733,79679648,109.67352758137015,0.7512080652300243,98351.53309948034,12028.282652141559,0.0010594266606006788,12.743083322919407
vit,dp_kfm_a,pink,0.5,42,5,blocks.10.attn.q_proj,True,0.23324706957543048,2.1990015774659053,attention_qkv,37056.0,29304.12695077468,37056,1.0,5526346,1.264531786333269,79679648,318.0342205126907,0.5967311507815057,28265.499306942802,101145.76541711479,0.0010000077688847716,101.14655120691145
vit,dp_kfm_a,pink,0.5,42,5,blocks.10.attn.k_proj,True,0.23324706957543048,2.1990015774659053,attention_qkv,37056.0,29304.12695077468,37056,1.0,5526346,1.264531786333269,79679648,318.0342205126907,0.5967311507815057,28265.499306942802,101145.76541711479,0.0010000077688847716,101.14655120691145
vit,dp_kfm_a,pink,0.5,42,5,blocks.10.attn.v_proj,True,0.23324706957543048,2.1990015774659053,attention_qkv,37056.0,29304.12695077468,37056,1.0,5526346,1.264531786333269,79679648,318.0342205126907,0.5967311507815057,28265.499306942802,101145.76541711479,0.0010000077688847716,101.14655120691145
vit,dp_kfm_a,pink,0.5,42,5,blocks.10.attn.out_proj,True,0.41152116726401666,1.5886128936183694,attention_out,37056.0,2312.174172121391,37056,1.0,5526346,16.02647432308336,79679648,70.22555468257214,0.5150970300472729,18243.574662517247,4931.628530474929,0.0010221994651573097,5.041108046206002
vit,dp_kfm_a,pink,0.5,42,5,blocks.10.mlp.fc1,True,0.2857697197708909,1.9827796944986131,mlp_fc1,148224.0,149008.8993227282,148224,1.0,5526346,0.994732533920486,79679648,434.06076477792226,0.6108240435995312,111423.34179475193,188408.74751959476,0.0010000110632736134,188.41083193711972
vit,dp_kfm_a,pink,0.5,42,5,blocks.10.mlp.fc2,True,0.22655487750867687,2.668833087782476,mlp_fc2,147648.0,21243.468855816544,147648,1.0,5526346,6.950277330040353,79679648,113.73039807937565,0.7421664587419566,98027.42271987462,12934.603447293252,0.0010040590050754026,12.987105068334134
vit,dp_kfm_a,pink,0.5,42,5,blocks.11.attn.q_proj,True,0.34424094793179383,2.086926946208623,attention_qkv,37056.0,30214.81952279876,37056,1.0,5526346,1.22641804866778,79679648,336.85326003341305,0.59551753522648,28310.44041359047,113470.1187951382,0.001,113.4701187951382
vit,dp_kfm_a,pink,0.5,42,5,blocks.11.attn.k_proj,True,0.34424094793179383,2.086926946208623,attention_qkv,37056.0,30214.81952279876,37056,1.0,5526346,1.22641804866778,79679648,336.85326003341305,0.59551753522648,28310.44041359047,113470.1187951382,0.001,113.4701187951382
vit,dp_kfm_a,pink,0.5,42,5,blocks.11.attn.v_proj,True,0.34424094793179383,2.086926946208623,attention_qkv,37056.0,30214.81952279876,37056,1.0,5526346,1.22641804866778,79679648,336.85326003341305,0.59551753522648,28310.44041359047,113470.1187951382,0.001,113.4701187951382
vit,dp_kfm_a,pink,0.5,42,5,blocks.11.attn.out_proj,True,0.4251254525134749,1.4428740289460829,attention_out,37056.0,2364.918831430324,37056,1.0,5526346,15.669036715982424,79679648,79.26939236464456,0.49396138080514734,17822.59669629907,6283.63656585997,0.0010341149048176837,6.4980022292132
vit,dp_kfm_a,pink,0.5,42,5,blocks.11.mlp.fc1,True,0.5004963939853854,1.4446559248879367,mlp_fc1,148224.0,125875.98541873762,148224,1.0,5526346,1.1775399374783024,79679648,413.5049035968744,0.6067766311959253,109201.82079977615,170986.3052986604,0.001,170.9863052986604
vit,dp_kfm_a,pink,0.5,42,5,blocks.11.mlp.fc2,True,0.8700432320979824,0.49703864417263716,mlp_fc2,147648.0,15394.997165304094,147648,1.0,5526346,9.590648079673326,79679648,157.30603252313637,0.7003513877775864,88962.69335557791,24745.187868170036,0.0010021936737623692,24.799470737541338
vit,dp_kfm_a,pink,0.5,42,5,head,True,0.06027874823113189,3.217509261467965,patch_head,1930.0,1629.478180158198,1930,1.0,5526346,1.184428256543224,79679648,1633.680570543556,0.8723212431640487,510.5933056676214,2668912.206571519,0.001,2668.912206571519
vit,dp_kfm_a,pink,0.5,42,5,identity,True,,,identity,47616.0,47616.0,47616,1.0,5526346,1.0,79679648,,,,,,
