epoch,layer,group,method,damping,A_trace_per_dim,A_eig_p10,A_eig_p50,A_eig_p90,A_eig_p99,A_eig_min,A_eig_max,G_trace_per_dim,G_eig_p10,G_eig_p50,G_eig_p90,G_eig_p99,G_eig_min,G_eig_max,relative_damping_A,relative_damping_G
1,patch_embed,patch_head,dp_kfc_a,0.01,0.2509732962003455,0.025429101682585276,0.04967877377267411,0.25974008470406285,4.191966402854209,0.016652998915899702,26.338540601826764,,,,,,,,0.039844876532271624,
1,blocks.0.attn.q_proj,attention_qkv,dp_kfc_a,0.01,0.9999754015028168,0.12082503571735391,0.34665727605385666,1.6361272475356254,18.878374994462717,-4.871749946707475e-08,24.91914137192401,,,,,,,,0.010000245991022842,
1,blocks.0.attn.k_proj,attention_qkv,dp_kfc_a,0.01,0.9999754015028168,0.12082503571735391,0.34665727605385666,1.6361272475356254,18.878374994462717,-4.871749946707475e-08,24.91914137192401,,,,,,,,0.010000245991022842,
1,blocks.0.attn.v_proj,attention_qkv,dp_kfc_a,0.01,0.9999754015028168,0.12082503571735391,0.34665727605385666,1.6361272475356254,18.878374994462717,-4.871749946707475e-08,24.91914137192401,,,,,,,,0.010000245991022842,
1,blocks.0.attn.out_proj,attention_out,dp_kfc_a,0.01,0.00583482690296049,5.1167451644084634e-06,8.744708017596262e-05,0.0007221546557340784,0.0017554823028315834,1.0402385224834563e-06,1.0798700345829473,,,,,,,,1.7138469000556253,
1,blocks.0.mlp.fc1,mlp,dp_kfc_a,0.01,0.9999764604889667,0.12125227658495125,0.346673576400275,1.6464988222768822,18.868174165460704,-4.1294580834721593e-08,24.911471659875456,,,,,,,,0.01000023540065155,
1,blocks.0.mlp.fc2,mlp,dp_kfc_a,0.01,0.023092593616225864,0.0004912217569234788,0.0012733334826145297,0.035554352436178674,0.3607338655385868,0.00033783329558626597,2.0355226309428955,,,,,,,,0.43303927511085477,
1,blocks.1.attn.q_proj,attention_qkv,dp_kfc_a,0.01,0.9999872677684448,0.10090689329513339,0.3266319191314621,1.6278686436404632,19.014962196099916,-2.8422225421487863e-08,25.636085613352567,,,,,,,,0.01000012732393667,
1,blocks.1.attn.k_proj,attention_qkv,dp_kfc_a,0.01,0.9999872677684448,0.10090689329513339,0.3266319191314621,1.6278686436404632,19.014962196099916,-2.8422225421487863e-08,25.636085613352567,,,,,,,,0.01000012732393667,
1,blocks.1.attn.v_proj,attention_qkv,dp_kfc_a,0.01,0.9999872677684448,0.10090689329513339,0.3266319191314621,1.6278686436404632,19.014962196099916,-2.8422225421487863e-08,25.636085613352567,,,,,,,,0.01000012732393667,
1,blocks.1.attn.out_proj,attention_out,dp_kfc_a,0.01,0.006091875521619346,4.175509066406358e-06,7.920517868579469e-05,0.0007491634975632912,0.002069594451046801,8.063987132637465e-07,1.1271072504415047,,,,,,,,1.6415305868465602,
1,blocks.1.mlp.fc1,mlp,dp_kfc_a,0.01,0.9999872940191952,0.10093058642429324,0.3261125467730007,1.628171846938174,18.997032032376186,-2.7243907758459393e-08,25.620476854584627,,,,,,,,0.010000127061422488,
1,blocks.1.mlp.fc2,mlp,dp_kfc_a,0.01,0.0227455152325836,0.000458265517482853,0.0012211584884934017,0.03417108854911682,0.38159681324419836,0.0002885713188858969,1.9421191497568122,,,,,,,,0.43964710835280246,
1,blocks.2.attn.q_proj,attention_qkv,dp_kfc_a,0.01,0.9999886090273684,0.08687506486260019,0.3139383950718673,1.6956818426183395,19.076278685558975,2.628767515344678e-08,25.538346063624843,,,,,,,,0.010000113911023874,
1,blocks.2.attn.k_proj,attention_qkv,dp_kfc_a,0.01,0.9999886090273684,0.08687506486260019,0.3139383950718673,1.6956818426183395,19.076278685558975,2.628767515344678e-08,25.538346063624843,,,,,,,,0.010000113911023874,
1,blocks.2.attn.v_proj,attention_qkv,dp_kfc_a,0.01,0.9999886090273684,0.08687506486260019,0.3139383950718673,1.6956818426183395,19.076278685558975,2.628767515344678e-08,25.538346063624843,,,,,,,,0.010000113911023874,
1,blocks.2.attn.out_proj,attention_out,dp_kfc_a,0.01,0.0063844285554758035,3.8096386267661697e-06,7.387223741732983e-05,0.0008534697960901208,0.0024690226679952992,8.660802124085982e-07,1.1795348351896442,,,,,,,,1.566310894249602,
1,blocks.2.mlp.fc1,mlp,dp_kfc_a,0.01,0.9999886374399453,0.08687556721840949,0.31314157512661867,1.6951786958918094,19.047687027879228,2.1606144083324756e-08,25.504112650289393,,,,,,,,0.01000011362689164,
1,blocks.2.mlp.fc2,mlp,dp_kfc_a,0.01,0.023058663311284835,0.0004502934400044845,0.0012124018383053328,0.034133919024934456,0.35858389523768874,0.0003073955606915928,2.057327756012633,,,,,,,,0.4336764826739125,
1,blocks.3.attn.q_proj,attention_qkv,dp_kfc_a,0.01,0.9999895222446462,0.07611703253940157,0.2977088310469332,1.7370922470357437,18.56708580814334,5.644688075272669e-09,25.662774687496825,,,,,,,,0.010000104778651384,
1,blocks.3.attn.k_proj,attention_qkv,dp_kfc_a,0.01,0.9999895222446462,0.07611703253940157,0.2977088310469332,1.7370922470357437,18.56708580814334,5.644688075272669e-09,25.662774687496825,,,,,,,,0.010000104778651384,
1,blocks.3.attn.v_proj,attention_qkv,dp_kfc_a,0.01,0.9999895222446462,0.07611703253940157,0.2977088310469332,1.7370922470357437,18.56708580814334,5.644688075272669e-09,25.662774687496825,,,,,,,,0.010000104778651384,
1,blocks.3.attn.out_proj,attention_out,dp_kfc_a,0.01,0.006704056339936784,3.752334878165e-06,7.210665024487978e-05,0.0009041821364934718,0.002667096613684656,8.610849762794331e-07,1.2387528404094066,,,,,,,,1.491634242455411,
1,blocks.3.mlp.fc1,mlp,dp_kfc_a,0.01,0.9999895361421022,0.07625845839510335,0.2983296694141024,1.7350041054680676,18.570445097048303,-2.2288683053029567e-08,25.632613440372584,,,,,,,,0.010000104639673914,
1,blocks.3.mlp.fc2,mlp,dp_kfc_a,0.01,0.02312461590643861,0.0004372199858948055,0.0012057187777243918,0.032343325517737796,0.33895511225704084,0.00029319010129207036,2.061390468795926,,,,,,,,0.4324396150171597,
1,blocks.4.attn.q_proj,attention_qkv,dp_kfc_a,0.01,0.9999904092111737,0.06852593629881547,0.27925973894885686,1.8312427540581493,19.013880223378244,-1.2783389300345124e-09,25.12902625046249,,,,,,,,0.010000095908808104,
1,blocks.4.attn.k_proj,attention_qkv,dp_kfc_a,0.01,0.9999904092111737,0.06852593629881547,0.27925973894885686,1.8312427540581493,19.013880223378244,-1.2783389300345124e-09,25.12902625046249,,,,,,,,0.010000095908808104,
1,blocks.4.attn.v_proj,attention_qkv,dp_kfc_a,0.01,0.9999904092111737,0.06852593629881547,0.27925973894885686,1.8312427540581493,19.013880223378244,-1.2783389300345124e-09,25.12902625046249,,,,,,,,0.010000095908808104,
1,blocks.4.attn.out_proj,attention_out,dp_kfc_a,0.01,0.0073041441012535804,3.4706505855706303e-06,7.299655790798154e-05,0.0009355589288122766,0.00282867965223931,8.638776499767733e-07,1.350456226216468,,,,,,,,1.3690858040826086,
1,blocks.4.mlp.fc1,mlp,dp_kfc_a,0.01,0.9999904530653683,0.06850138638346151,0.27873898680862014,1.8219724353574578,18.97562334252179,-3.5920456275353305e-08,25.064864132873407,,,,,,,,0.010000095470257766,
1,blocks.4.mlp.fc2,mlp,dp_kfc_a,0.01,0.02295165188775261,0.0004113061710769812,0.0011536657104928604,0.031056820087151257,0.34304869689213696,0.00027644300080958766,2.2263919818425078,,,,,,,,0.4356984869283491,
1,blocks.5.attn.q_proj,attention_qkv,dp_kfc_a,0.01,0.9999910160667539,0.06263880722779461,0.2727718175385054,1.828259486076002,18.55315071749138,-2.891475600826175e-09,24.11348942743592,,,,,,,,0.01000008984013958,
1,blocks.5.attn.k_proj,attention_qkv,dp_kfc_a,0.01,0.9999910160667539,0.06263880722779461,0.2727718175385054,1.828259486076002,18.55315071749138,-2.891475600826175e-09,24.11348942743592,,,,,,,,0.01000008984013958,
1,blocks.5.attn.v_proj,attention_qkv,dp_kfc_a,0.01,0.9999910160667539,0.06263880722779461,0.2727718175385054,1.828259486076002,18.55315071749138,-2.891475600826175e-09,24.11348942743592,,,,,,,,0.01000008984013958,
1,blocks.5.attn.out_proj,attention_out,dp_kfc_a,0.01,0.008182667432397537,3.4695589008547547e-06,6.900589245074943e-05,0.0010497988494055392,0.0031441791241790438,8.717331284208554e-07,1.5164816728921011,,,,,,,,1.2220953720307781,
1,blocks.5.mlp.fc1,mlp,dp_kfc_a,0.01,0.99999103521436,0.06267778086166774,0.271205078206009,1.8239148922215795,18.544398160201787,-5.568257881774399e-09,24.09949354639363,,,,,,,,0.010000089648660082,
1,blocks.5.mlp.fc2,mlp,dp_kfc_a,0.01,0.022525662392794465,0.000399004714820062,0.0011281447910537652,0.030624688161119337,0.3455858625476941,0.0002608069417641256,2.2205759933178317,,,,,,,,0.44393811048143966,
1,blocks.6.attn.q_proj,attention_qkv,dp_kfc_a,0.01,0.9999915444789156,0.058527052346583924,0.2582947767181865,1.8104887252477955,18.343704164426754,-6.441460352266101e-09,23.79621093116432,,,,,,,,0.010000084555925808,
1,blocks.6.attn.k_proj,attention_qkv,dp_kfc_a,0.01,0.9999915444789156,0.058527052346583924,0.2582947767181865,1.8104887252477955,18.343704164426754,-6.441460352266101e-09,23.79621093116432,,,,,,,,0.010000084555925808,
1,blocks.6.attn.v_proj,attention_qkv,dp_kfc_a,0.01,0.9999915444789156,0.058527052346583924,0.2582947767181865,1.8104887252477955,18.343704164426754,-6.441460352266101e-09,23.79621093116432,,,,,,,,0.010000084555925808,
1,blocks.6.attn.out_proj,attention_out,dp_kfc_a,0.01,0.007801375119317169,3.0836294003320157e-06,6.872399802207831e-05,0.001080225752335117,0.003448439423140306,6.969951842165351e-07,1.4390714955396537,,,,,,,,1.2818252996498993,
1,blocks.6.mlp.fc1,mlp,dp_kfc_a,0.01,0.999991550037898,0.05861526634041099,0.25750415212351674,1.8049222448138051,18.318395648580694,-1.565236842497961e-08,23.753043799355314,,,,,,,,0.010000084500335045,
1,blocks.6.mlp.fc2,mlp,dp_kfc_a,0.01,0.02345760566786765,0.00039737503781936363,0.001158587998792207,0.03024950508866688,0.363225879013091,0.00026319809389390065,2.3666895368303704,,,,,,,,0.42630096786468075,
1,blocks.7.attn.q_proj,attention_qkv,dp_kfc_a,0.01,0.9999920994506599,0.05384903124105626,0.2452099903739723,1.8254400418122894,18.245185631622242,-1.7823542834170753e-08,24.047695009722826,,,,,,,,0.010000079006117593,
1,blocks.7.attn.k_proj,attention_qkv,dp_kfc_a,0.01,0.9999920994506599,0.05384903124105626,0.2452099903739723,1.8254400418122894,18.245185631622242,-1.7823542834170753e-08,24.047695009722826,,,,,,,,0.010000079006117593,
1,blocks.7.attn.v_proj,attention_qkv,dp_kfc_a,0.01,0.9999920994506599,0.05384903124105626,0.2452099903739723,1.8254400418122894,18.245185631622242,-1.7823542834170753e-08,24.047695009722826,,,,,,,,0.010000079006117593,
1,blocks.7.attn.out_proj,attention_out,dp_kfc_a,0.01,0.008297110115822738,3.075372381547489e-06,6.636900520907902e-05,0.0010422062702848394,0.003883421364297125,6.546965707158878e-07,1.5349987269171608,,,,,,,,1.2052389157677708,
1,blocks.7.mlp.fc1,mlp,dp_kfc_a,0.01,0.9999921037743129,0.0537944024531645,0.24343510563909865,1.821269658377769,18.22626342595089,-8.648019999708466e-08,24.032859572642913,,,,,,,,0.01000007896288038,
1,blocks.7.mlp.fc2,mlp,dp_kfc_a,0.01,0.022635551575832892,0.0003829954427455029,0.0010947324852070563,0.02836223711522565,0.35540667405010706,0.00025259793708766297,2.2944759672854307,,,,,,,,0.441782916864134,
1,blocks.8.attn.q_proj,attention_qkv,dp_kfc_a,0.01,0.9999925543607208,0.049645804377398836,0.23706999966637016,1.8038002097613395,18.38490218870294,1.1507597315974166e-08,24.12866435205523,,,,,,,,0.010000074456947172,
1,blocks.8.attn.k_proj,attention_qkv,dp_kfc_a,0.01,0.9999925543607208,0.049645804377398836,0.23706999966637016,1.8038002097613395,18.38490218870294,1.1507597315974166e-08,24.12866435205523,,,,,,,,0.010000074456947172,
1,blocks.8.attn.v_proj,attention_qkv,dp_kfc_a,0.01,0.9999925543607208,0.049645804377398836,0.23706999966637016,1.8038002097613395,18.38490218870294,1.1507597315974166e-08,24.12866435205523,,,,,,,,0.010000074456947172,
1,blocks.8.attn.out_proj,attention_out,dp_kfc_a,0.01,0.008229840655948055,2.7492727964892434e-06,6.526245760016617e-05,0.0011438205361437447,0.004129408437650892,7.32409332202464e-07,1.5180132266789264,,,,,,,,1.2150903544860951,
1,blocks.8.mlp.fc1,mlp,dp_kfc_a,0.01,0.999992579684974,0.04981192625326273,0.2365530217488225,1.8016488010982312,18.318982563313693,-2.2059668767326767e-08,24.060890569216863,,,,,,,,0.010000074203700875,
1,blocks.8.mlp.fc2,mlp,dp_kfc_a,0.01,0.023025128842659674,0.0003778834260199863,0.001111632342003841,0.028631378594569015,0.380258298729343,0.00024667487452486545,2.352991751672025,,,,,,,,0.43430810174110984,
1,blocks.9.attn.q_proj,attention_qkv,dp_kfc_a,0.01,0.9999929978439845,0.047593332599735576,0.2238585424354049,1.7359829340064483,18.410042248116454,-3.7374675650561764e-08,24.926576966409172,,,,,,,,0.01000007002205046,
1,blocks.9.attn.k_proj,attention_qkv,dp_kfc_a,0.01,0.9999929978439845,0.047593332599735576,0.2238585424354049,1.7359829340064483,18.410042248116454,-3.7374675650561764e-08,24.926576966409172,,,,,,,,0.01000007002205046,
1,blocks.9.attn.v_proj,attention_qkv,dp_kfc_a,0.01,0.9999929978439845,0.047593332599735576,0.2238585424354049,1.7359829340064483,18.410042248116454,-3.7374675650561764e-08,24.926576966409172,,,,,,,,0.01000007002205046,
1,blocks.9.attn.out_proj,attention_out,dp_kfc_a,0.01,0.008511586956739536,2.8314005756247154e-06,6.31386974658081e-05,0.001247351303066183,0.004060186058561939,7.718500503180483e-07,1.5700733758873884,,,,,,,,1.174869040382878,
1,blocks.9.mlp.fc1,mlp,dp_kfc_a,0.01,0.9999929916673375,0.04728203091603955,0.22424421861440622,1.7480362542277947,18.402509445057063,-4.986870155213208e-08,24.93573018161571,,,,,,,,0.010000070083817796,
1,blocks.9.mlp.fc2,mlp,dp_kfc_a,0.01,0.022040667077126794,0.00035755290248786956,0.0010455947130581906,0.026643856784695344,0.3451192903476092,0.00023746104004039023,2.347585713717301,,,,,,,,0.4537067759794679,
1,blocks.10.attn.q_proj,attention_qkv,dp_kfc_a,0.01,0.9999933545453561,0.04511998940529414,0.22197460652389892,1.7923329074120045,17.97765453232293,-1.0852343990781837e-09,25.73325745144739,,,,,,,,0.010000066454988063,
1,blocks.10.attn.k_proj,attention_qkv,dp_kfc_a,0.01,0.9999933545453561,0.04511998940529414,0.22197460652389892,1.7923329074120045,17.97765453232293,-1.0852343990781837e-09,25.73325745144739,,,,,,,,0.010000066454988063,
1,blocks.10.attn.v_proj,attention_qkv,dp_kfc_a,0.01,0.9999933545453561,0.04511998940529414,0.22197460652389892,1.7923329074120045,17.97765453232293,-1.0852343990781837e-09,25.73325745144739,,,,,,,,0.010000066454988063,
1,blocks.10.attn.out_proj,attention_out,dp_kfc_a,0.01,0.008730556559960063,2.7101949758278807e-06,6.122254951358233e-05,0.001246541314881119,0.004380454770194172,6.950064275767295e-07,1.6084221108329755,,,,,,,,1.1454023499328598,
1,blocks.10.mlp.fc1,mlp,dp_kfc_a,0.01,0.9999933780166153,0.04511937687476989,0.22163637012039686,1.786264924566148,17.922780473518387,-1.5366405386709375e-08,25.735708214326657,,,,,,,,0.010000066220272358,
1,blocks.10.mlp.fc2,mlp,dp_kfc_a,0.01,0.02278741551696363,0.00034833123051257047,0.0010583019212386077,0.026540544414780348,0.3509270266691964,0.00022824344481882662,2.47422704581651,,,,,,,,0.43883870869672353,
1,blocks.11.attn.q_proj,attention_qkv,dp_kfc_a,0.01,0.9999936615247184,0.04312774352453851,0.21809019379262803,1.798520611192499,18.03525821283994,-3.0316159645896986e-08,24.982704996016697,,,,,,,,0.010000063385154582,
1,blocks.11.attn.k_proj,attention_qkv,dp_kfc_a,0.01,0.9999936615247184,0.04312774352453851,0.21809019379262803,1.798520611192499,18.03525821283994,-3.0316159645896986e-08,24.982704996016697,,,,,,,,0.010000063385154582,
1,blocks.11.attn.v_proj,attention_qkv,dp_kfc_a,0.01,0.9999936615247184,0.04312774352453851,0.21809019379262803,1.798520611192499,18.03525821283994,-3.0316159645896986e-08,24.982704996016697,,,,,,,,0.010000063385154582,
1,blocks.11.attn.out_proj,attention_out,dp_kfc_a,0.01,0.00911488457416411,2.666373879867283e-06,6.0251764474696745e-05,0.001162070570917171,0.004411920899285602,6.80168144681879e-07,1.6839881976301525,,,,,,,,1.0971065973062044,
1,blocks.11.mlp.fc1,mlp,dp_kfc_a,0.01,0.999993680363492,0.04314249251234686,0.2175801760996836,1.7965908932116255,17.987837603741365,-1.2892558355475261e-08,24.94292421929231,,,,,,,,0.01000006319676446,
1,blocks.11.mlp.fc2,mlp,dp_kfc_a,0.01,0.023383333899991487,0.0003488408368270326,0.0010643611029423133,0.02729575564455647,0.3534555181784497,0.0001769097424871435,2.6423987512990625,,,,,,,,0.42765501458299926,
1,head,patch_head,dp_kfc_a,0.01,0.99998620186252,0.00016028067076160528,0.002641546131684368,0.14615999063997595,0.776329177764352,-6.312609769492629e-08,183.54757993818902,,,,,,,,0.010000137983278713,
2,patch_embed,patch_head,dp_kfc_a,0.01,0.250973296413496,0.02538646585601678,0.049658766759686813,0.2590583874677664,4.1801289558369525,0.016635825843243007,26.381827884779153,,,,,,,,0.03984487649843154,
2,blocks.0.attn.q_proj,attention_qkv,dp_kfc_a,0.01,0.9999008793287327,0.12055638841756133,0.3458409147566161,1.6317435014094284,18.69659975490197,-2.1224418120044702e-08,25.136904760879762,,,,,,,,0.010000991304971486,
2,blocks.0.attn.k_proj,attention_qkv,dp_kfc_a,0.01,0.9999008793287327,0.12055638841756133,0.3458409147566161,1.6317435014094284,18.69659975490197,-2.1224418120044702e-08,25.136904760879762,,,,,,,,0.010000991304971486,
2,blocks.0.attn.v_proj,attention_qkv,dp_kfc_a,0.01,0.9999008793287327,0.12055638841756133,0.3458409147566161,1.6317435014094284,18.69659975490197,-2.1224418120044702e-08,25.136904760879762,,,,,,,,0.010000991304971486,
2,blocks.0.attn.out_proj,attention_out,dp_kfc_a,0.01,0.005840452551920753,5.175703514633874e-06,8.810699150455073e-05,0.0007289844785120592,0.0018178568963343068,1.1155726320279438e-06,1.0806706788041256,,,,,,,,1.7121960860226995,
2,blocks.0.mlp.fc1,mlp,dp_kfc_a,0.01,0.9996565710077632,0.12076979290785064,0.3453708322579013,1.6388800112268984,18.694958231653928,-3.8254140539712134e-08,25.113275316414455,,,,,,,,0.010003435469762286,
2,blocks.0.mlp.fc2,mlp,dp_kfc_a,0.01,0.023225350461667706,0.0004948104125478284,0.0012826201197793064,0.03547358728748265,0.36243430074404154,0.00033361246167288547,2.0647594549312087,,,,,,,,0.43056400877586354,
2,blocks.1.attn.q_proj,attention_qkv,dp_kfc_a,0.01,0.9993395091956144,0.10147684279424307,0.3265923786886164,1.6212938607517018,18.785829520858552,-1.9168226981999223e-08,25.846124270117958,,,,,,,,0.010006609273408166,
2,blocks.1.attn.k_proj,attention_qkv,dp_kfc_a,0.01,0.9993395091956144,0.10147684279424307,0.3265923786886164,1.6212938607517018,18.785829520858552,-1.9168226981999223e-08,25.846124270117958,,,,,,,,0.010006609273408166,
2,blocks.1.attn.v_proj,attention_qkv,dp_kfc_a,0.01,0.9993395091956144,0.10147684279424307,0.3265923786886164,1.6212938607517018,18.785829520858552,-1.9168226981999223e-08,25.846124270117958,,,,,,,,0.010006609273408166,
2,blocks.1.attn.out_proj,attention_out,dp_kfc_a,0.01,0.006079649484919631,4.280038013229834e-06,7.851132160990491e-05,0.0007480155196675076,0.0020161346148678534,8.894959160126116e-07,1.1246606751714117,,,,,,,,1.6448316674842307,
2,blocks.1.mlp.fc1,mlp,dp_kfc_a,0.01,0.9998360053862932,0.10146257428045266,0.32687150888692507,1.6239067729139478,18.770015111621653,-4.092845793731935e-08,25.843443459234834,,,,,,,,0.010001640215123514,
2,blocks.1.mlp.fc2,mlp,dp_kfc_a,0.01,0.022864856112927625,0.0004648492632300017,0.0012267632846846112,0.034364481247504505,0.383205942170636,0.000283680057553303,1.9679946128118875,,,,,,,,0.4373524132673668,
2,blocks.2.attn.q_proj,attention_qkv,dp_kfc_a,0.01,0.9993932194660365,0.08565266903538168,0.31232376845962373,1.7040969334229412,18.79591742091719,3.320550904746576e-09,26.032558499000263,,,,,,,,0.010006071489401216,
2,blocks.2.attn.k_proj,attention_qkv,dp_kfc_a,0.01,0.9993932194660365,0.08565266903538168,0.31232376845962373,1.7040969334229412,18.79591742091719,3.320550904746576e-09,26.032558499000263,,,,,,,,0.010006071489401216,
2,blocks.2.attn.v_proj,attention_qkv,dp_kfc_a,0.01,0.9993932194660365,0.08565266903538168,0.31232376845962373,1.7040969334229412,18.79591742091719,3.320550904746576e-09,26.032558499000263,,,,,,,,0.010006071489401216,
2,blocks.2.attn.out_proj,attention_out,dp_kfc_a,0.01,0.006402605917824099,3.7478644779790303e-06,7.311739580263489e-05,0.0008601390107210193,0.002439089587182931,8.88374818804893e-07,1.1827907147022025,,,,,,,,1.5618640485370465,
2,blocks.2.mlp.fc1,mlp,dp_kfc_a,0.01,0.9993981286651731,0.08551282465610276,0.3115048973947211,1.700629962061791,18.7468643660636,-2.4579853944172014e-08,26.006128169344525,,,,,,,,0.010006022338020892,
2,blocks.2.mlp.fc2,mlp,dp_kfc_a,0.01,0.02315099600712213,0.00045200724259257546,0.0012198485228408862,0.0340083866657499,0.36178558984469483,0.00030764713095383684,2.08769184676908,,,,,,,,0.43194685865453125,
2,blocks.3.attn.q_proj,attention_qkv,dp_kfc_a,0.01,0.9996609496329115,0.07530844080854773,0.29800856705930984,1.7288338724583463,18.280840652929623,-7.869957584278948e-09,26.193107497152656,,,,,,,,0.010003391653612288,
2,blocks.3.attn.k_proj,attention_qkv,dp_kfc_a,0.01,0.9996609496329115,0.07530844080854773,0.29800856705930984,1.7288338724583463,18.280840652929623,-7.869957584278948e-09,26.193107497152656,,,,,,,,0.010003391653612288,
2,blocks.3.attn.v_proj,attention_qkv,dp_kfc_a,0.01,0.9996609496329115,0.07530844080854773,0.29800856705930984,1.7288338724583463,18.280840652929623,-7.869957584278948e-09,26.193107497152656,,,,,,,,0.010003391653612288,
2,blocks.3.attn.out_proj,attention_out,dp_kfc_a,0.01,0.006728832511104031,3.7630173969208415e-06,7.334560456040297e-05,0.0008777167959512487,0.002692888292546631,8.503867546883912e-07,1.2432126380530621,,,,,,,,1.4861419099818334,
2,blocks.3.mlp.fc1,mlp,dp_kfc_a,0.01,0.9995538450275678,0.07551848214281774,0.29944350547775783,1.7248519258733033,18.273386171053264,-5.360499959481566e-08,26.149067217245886,,,,,,,,0.010004463541155403,
2,blocks.3.mlp.fc2,mlp,dp_kfc_a,0.01,0.023166283005933302,0.00043642858238588956,0.0012071092356735807,0.032466854627026684,0.34336517231835567,0.00029119889569830497,2.0909090778490036,,,,,,,,0.4316618249651366,
2,blocks.4.attn.q_proj,attention_qkv,dp_kfc_a,0.01,0.9997404721116773,0.06642347322320612,0.2818058766356546,1.8259172924923488,18.790614547417633,-1.5361429237009145e-08,25.66838644637307,,,,,,,,0.010002595952605326,
2,blocks.4.attn.k_proj,attention_qkv,dp_kfc_a,0.01,0.9997404721116773,0.06642347322320612,0.2818058766356546,1.8259172924923488,18.790614547417633,-1.5361429237009145e-08,25.66838644637307,,,,,,,,0.010002595952605326,
2,blocks.4.attn.v_proj,attention_qkv,dp_kfc_a,0.01,0.9997404721116773,0.06642347322320612,0.2818058766356546,1.8259172924923488,18.790614547417633,-1.5361429237009145e-08,25.66838644637307,,,,,,,,0.010002595952605326,
2,blocks.4.attn.out_proj,attention_out,dp_kfc_a,0.01,0.007350038796171083,3.582168823108865e-06,7.420526617061898e-05,0.0009467868626367205,0.0030661736081082852,8.689747827080695e-07,1.3587631928107962,,,,,,,,1.3605370362411398,
2,blocks.4.mlp.fc1,mlp,dp_kfc_a,0.01,0.9995981674120217,0.06654047944176911,0.2808839863222369,1.8184967886857564,18.72729400569212,1.4905857108765488e-08,25.610963301832783,,,,,,,,0.010004019941223168,
2,blocks.4.mlp.fc2,mlp,dp_kfc_a,0.01,0.023053189005668825,0.00041090789242663494,0.001163978600671488,0.031157011423094197,0.34427650636077267,0.0002779627434382253,2.2448541064340977,,,,,,,,0.43377946528530087,
2,blocks.5.attn.q_proj,attention_qkv,dp_kfc_a,0.01,0.9996617862597649,0.06175552342711422,0.27337789490738945,1.7969457808578546,18.310708098544385,-1.6980302327782273e-08,24.676206175172187,,,,,,,,0.0100033832816747,
2,blocks.5.attn.k_proj,attention_qkv,dp_kfc_a,0.01,0.9996617862597649,0.06175552342711422,0.27337789490738945,1.7969457808578546,18.310708098544385,-1.6980302327782273e-08,24.676206175172187,,,,,,,,0.0100033832816747,
2,blocks.5.attn.v_proj,attention_qkv,dp_kfc_a,0.01,0.9996617862597649,0.06175552342711422,0.27337789490738945,1.7969457808578546,18.310708098544385,-1.6980302327782273e-08,24.676206175172187,,,,,,,,0.0100033832816747,
2,blocks.5.attn.out_proj,attention_out,dp_kfc_a,0.01,0.008243604407101687,3.2910452788696954e-06,7.043117407818082e-05,0.0010698292760596179,0.003054707225165273,9.476460034177094e-07,1.5282584919569877,,,,,,,,1.213061605841398,
2,blocks.5.mlp.fc1,mlp,dp_kfc_a,0.01,0.9997127649079951,0.06192224390691265,0.27268029768139196,1.7936985875075728,18.283638339473587,-3.999594828400835e-08,24.674813006188074,,,,,,,,0.010002873176197078,
2,blocks.5.mlp.fc2,mlp,dp_kfc_a,0.01,0.022664620257642785,0.00039942947439833466,0.0011240271765261386,0.03083095686116057,0.341978018012883,0.00026253359309378704,2.2674062591719495,,,,,,,,0.44121630481004326,
2,blocks.6.attn.q_proj,attention_qkv,dp_kfc_a,0.01,0.9993869683903116,0.05794731371870633,0.2617815238629075,1.7906506979731316,18.259377110677487,-1.7926155026098423e-08,24.315442555183616,,,,,,,,0.010006134076479663,
2,blocks.6.attn.k_proj,attention_qkv,dp_kfc_a,0.01,0.9993869683903116,0.05794731371870633,0.2617815238629075,1.7906506979731316,18.259377110677487,-1.7926155026098423e-08,24.315442555183616,,,,,,,,0.010006134076479663,
2,blocks.6.attn.v_proj,attention_qkv,dp_kfc_a,0.01,0.9993869683903116,0.05794731371870633,0.2617815238629075,1.7906506979731316,18.259377110677487,-1.7926155026098423e-08,24.315442555183616,,,,,,,,0.010006134076479663,
2,blocks.6.attn.out_proj,attention_out,dp_kfc_a,0.01,0.007927003033233595,3.1553205662669826e-06,6.913933045265527e-05,0.0010482167270879246,0.003377916768146123,7.438590994664945e-07,1.4635540932287003,,,,,,,,1.2615108078141841,
2,blocks.6.mlp.fc1,mlp,dp_kfc_a,0.01,0.9994169476736395,0.05822455071200298,0.26123546315046764,1.786364618542631,18.240388506474982,-1.1673050732397934e-08,24.255770070762622,,,,,,,,0.010005833924747,
2,blocks.6.mlp.fc2,mlp,dp_kfc_a,0.01,0.02346979433450223,0.0003964299490621225,0.0011561359459862166,0.03047650693077614,0.3603253871338355,0.00026107301268999083,2.3534334317738357,,,,,,,,0.42607957519675854,
2,blocks.7.attn.q_proj,attention_qkv,dp_kfc_a,0.01,0.9999822670005146,0.05390598239157554,0.24530708346007907,1.8209475695576394,18.218479408985676,4.0781054825225896e-08,24.347962349375404,,,,,,,,0.010000177333139503,
2,blocks.7.attn.k_proj,attention_qkv,dp_kfc_a,0.01,0.9999822670005146,0.05390598239157554,0.24530708346007907,1.8209475695576394,18.218479408985676,4.0781054825225896e-08,24.347962349375404,,,,,,,,0.010000177333139503,
2,blocks.7.attn.v_proj,attention_qkv,dp_kfc_a,0.01,0.9999822670005146,0.05390598239157554,0.24530708346007907,1.8209475695576394,18.218479408985676,4.0781054825225896e-08,24.347962349375404,,,,,,,,0.010000177333139503,
2,blocks.7.attn.out_proj,attention_out,dp_kfc_a,0.01,0.008383525496106258,3.0412591878937323e-06,6.585296447610298e-05,0.0010753792911894478,0.00388255433231304,7.019983940060984e-07,1.5517893664573434,,,,,,,,1.1928156006258366,
2,blocks.7.mlp.fc1,mlp,dp_kfc_a,0.01,0.9996030239552415,0.05383709287005178,0.24399329957768282,1.8149367377228087,18.18520114048363,7.217842236689461e-09,24.364456811288147,,,,,,,,0.01000397133697323,
2,blocks.7.mlp.fc2,mlp,dp_kfc_a,0.01,0.02268878686918801,0.0003830470020131478,0.0010968880007315978,0.028822427393448296,0.36185062039882204,0.00025060719543943685,2.2930284837901476,,,,,,,,0.4407463500651184,
2,blocks.8.attn.q_proj,attention_qkv,dp_kfc_a,0.01,0.9993025604925008,0.04909438491180029,0.2361451755124163,1.853743374538649,18.294546915196495,-2.281163241098918e-08,24.374343884129,,,,,,,,0.010006979262688525,
2,blocks.8.attn.k_proj,attention_qkv,dp_kfc_a,0.01,0.9993025604925008,0.04909438491180029,0.2361451755124163,1.853743374538649,18.294546915196495,-2.281163241098918e-08,24.374343884129,,,,,,,,0.010006979262688525,
2,blocks.8.attn.v_proj,attention_qkv,dp_kfc_a,0.01,0.9993025604925008,0.04909438491180029,0.2361451755124163,1.853743374538649,18.294546915196495,-2.281163241098918e-08,24.374343884129,,,,,,,,0.010006979262688525,
2,blocks.8.attn.out_proj,attention_out,dp_kfc_a,0.01,0.00825056145745788,2.7483472505915916e-06,6.389968574478843e-05,0.0011536144838601146,0.00412166686569002,7.451691207601759e-07,1.5222769523749906,,,,,,,,1.2120387262809562,
2,blocks.8.mlp.fc1,mlp,dp_kfc_a,0.01,0.999763998960584,0.04932050897636259,0.23574370736155573,1.8505620471485507,18.237539977608215,6.36690570439167e-09,24.266645732137363,,,,,,,,0.010002360567490542,
2,blocks.8.mlp.fc2,mlp,dp_kfc_a,0.01,0.023077904791734695,0.0003791769878746018,0.0011093428531371837,0.02890907103533616,0.37826040631435226,0.00024228297694444482,2.369229867525429,,,,,,,,0.4333148996949446,
2,blocks.9.attn.q_proj,attention_qkv,dp_kfc_a,0.01,0.9990363544133043,0.04674360762483087,0.2253763280770273,1.8031596976385722,18.39433071992787,-5.5121717395239696e-08,24.97582150869202,,,,,,,,0.010009645750952293,
2,blocks.9.attn.k_proj,attention_qkv,dp_kfc_a,0.01,0.9990363544133043,0.04674360762483087,0.2253763280770273,1.8031596976385722,18.39433071992787,-5.5121717395239696e-08,24.97582150869202,,,,,,,,0.010009645750952293,
2,blocks.9.attn.v_proj,attention_qkv,dp_kfc_a,0.01,0.9990363544133043,0.04674360762483087,0.2253763280770273,1.8031596976385722,18.39433071992787,-5.5121717395239696e-08,24.97582150869202,,,,,,,,0.010009645750952293,
2,blocks.9.attn.out_proj,attention_out,dp_kfc_a,0.01,0.008628315185082093,2.9260972203792e-06,6.392362058814384e-05,0.0012497960277827159,0.004407575506242835,7.915590404896906e-07,1.5923346118237927,,,,,,,,1.1589748155340314,
2,blocks.9.mlp.fc1,mlp,dp_kfc_a,0.01,0.9995302879130903,0.04689781503514453,0.22469982507077446,1.8072767988719483,18.394519927475244,-4.1976935695267574e-08,24.99459025798611,,,,,,,,0.010004699328200353,
2,blocks.9.mlp.fc2,mlp,dp_kfc_a,0.01,0.022141829028275103,0.0003557180921148187,0.0010469424394525717,0.026735184483402816,0.3396616120179243,0.00023622230835755056,2.351363863467676,,,,,,,,0.45163387302964025,
2,blocks.10.attn.q_proj,attention_qkv,dp_kfc_a,0.01,0.9997723395960318,0.04429180562539778,0.22269528872908642,1.823053531174125,17.994706066634993,-5.149933132747256e-08,25.385277244043714,,,,,,,,0.010002277122450299,
2,blocks.10.attn.k_proj,attention_qkv,dp_kfc_a,0.01,0.9997723395960318,0.04429180562539778,0.22269528872908642,1.823053531174125,17.994706066634993,-5.149933132747256e-08,25.385277244043714,,,,,,,,0.010002277122450299,
2,blocks.10.attn.v_proj,attention_qkv,dp_kfc_a,0.01,0.9997723395960318,0.04429180562539778,0.22269528872908642,1.823053531174125,17.994706066634993,-5.149933132747256e-08,25.385277244043714,,,,,,,,0.010002277122450299,
2,blocks.10.attn.out_proj,attention_out,dp_kfc_a,0.01,0.008818941948292391,2.829916617551438e-06,6.00819137507519e-05,0.0012845040807322483,0.004413142423453055,7.149072142285674e-07,1.6246225168193125,,,,,,,,1.1339228740400424,
2,blocks.10.mlp.fc1,mlp,dp_kfc_a,0.01,0.9994662058168126,0.04451307526251074,0.22248978412080425,1.8162581808238742,17.937539689315553,-2.9260018754306835e-08,25.364694317961792,,,,,,,,0.01000534079271596,
2,blocks.10.mlp.fc2,mlp,dp_kfc_a,0.01,0.022921845553048024,0.00035124019977492637,0.0010646834617918158,0.026894054640264876,0.3511434592672272,0.00022997960195033436,2.4778251576037653,,,,,,,,0.4362650457990829,
2,blocks.11.attn.q_proj,attention_qkv,dp_kfc_a,0.01,0.9994068596647194,0.042580974143290984,0.2174302737324735,1.8209062873115487,18.061918514124685,-1.94199757616605e-08,24.716022192417515,,,,,,,,0.010005934923595377,
2,blocks.11.attn.k_proj,attention_qkv,dp_kfc_a,0.01,0.9994068596647194,0.042580974143290984,0.2174302737324735,1.8209062873115487,18.061918514124685,-1.94199757616605e-08,24.716022192417515,,,,,,,,0.010005934923595377,
2,blocks.11.attn.v_proj,attention_qkv,dp_kfc_a,0.01,0.9994068596647194,0.042580974143290984,0.2174302737324735,1.8209062873115487,18.061918514124685,-1.94199757616605e-08,24.716022192417515,,,,,,,,0.010005934923595377,
2,blocks.11.attn.out_proj,attention_out,dp_kfc_a,0.01,0.009181175228187795,2.7052680541871576e-06,6.079943527860992e-05,0.0012476579951213216,0.004499813340378442,6.592570991803421e-07,1.6968500865489577,,,,,,,,1.0891851807052186,
2,blocks.11.mlp.fc1,mlp,dp_kfc_a,0.01,0.9993654186861503,0.042659185194150726,0.217244960603007,1.8177723031233448,18.009037242399106,6.454737720035477e-09,24.668121239237816,,,,,,,,0.010006349842629977,
2,blocks.11.mlp.fc2,mlp,dp_kfc_a,0.01,0.023429463353487622,0.00034830523450671616,0.0010684162156293902,0.02713758153604194,0.34901014217640036,0.00017822862601361256,2.6332638937346493,,,,,,,,0.42681301953556855,
2,head,patch_head,dp_kfc_a,0.01,0.9999163346027309,0.0001648515237507911,0.002732452272898152,0.15620523618463392,0.7866634795960391,-1.200135628819239e-08,183.3535901867649,,,,,,,,0.010000836723977535,
3,patch_embed,patch_head,dp_kfc_a,0.01,0.25097329472766894,0.02538641941402272,0.049800379434097604,0.2588364311771626,4.190224790281391,0.016636092805501528,26.236216956540122,,,,,,,,0.03984487676607584,
3,blocks.0.attn.q_proj,attention_qkv,dp_kfc_a,0.01,0.9997413075032012,0.12006958425696465,0.3467671917590068,1.6071554490367517,18.710791474308763,5.43774682233294e-08,25.089731358958556,,,,,,,,0.010002587594359234,
3,blocks.0.attn.k_proj,attention_qkv,dp_kfc_a,0.01,0.9997413075032012,0.12006958425696465,0.3467671917590068,1.6071554490367517,18.710791474308763,5.43774682233294e-08,25.089731358958556,,,,,,,,0.010002587594359234,
3,blocks.0.attn.v_proj,attention_qkv,dp_kfc_a,0.01,0.9997413075032012,0.12006958425696465,0.3467671917590068,1.6071554490367517,18.710791474308763,5.43774682233294e-08,25.089731358958556,,,,,,,,0.010002587594359234,
3,blocks.0.attn.out_proj,attention_out,dp_kfc_a,0.01,0.005847709141161964,5.23493006257192e-06,8.687535789685221e-05,0.0007374355786353488,0.001809998678749523,1.0379925129682707e-06,1.0816160305065674,,,,,,,,1.7100713730117159,
3,blocks.0.mlp.fc1,mlp,dp_kfc_a,0.01,0.99915968105583,0.1201683184472998,0.34592124127847057,1.612832036469153,18.69065050976907,2.9846428568001292e-09,25.064712939965318,,,,,,,,0.010008410256739764,
3,blocks.0.mlp.fc2,mlp,dp_kfc_a,0.01,0.023288966702740586,0.0004953124479944344,0.0012940763580963357,0.035641651089395814,0.3619932743777369,0.00033011155797260053,2.07116714524349,,,,,,,,0.42938787828758523,
3,blocks.1.attn.q_proj,attention_qkv,dp_kfc_a,0.01,0.9992452742522245,0.10063464980614505,0.3289192775331734,1.6103756444937418,18.711039323952786,-4.2076216460774967e-08,25.778394063160032,,,,,,,,0.010007552957889547,
3,blocks.1.attn.k_proj,attention_qkv,dp_kfc_a,0.01,0.9992452742522245,0.10063464980614505,0.3289192775331734,1.6103756444937418,18.711039323952786,-4.2076216460774967e-08,25.778394063160032,,,,,,,,0.010007552957889547,
3,blocks.1.attn.v_proj,attention_qkv,dp_kfc_a,0.01,0.9992452742522245,0.10063464980614505,0.3289192775331734,1.6103756444937418,18.711039323952786,-4.2076216460774967e-08,25.778394063160032,,,,,,,,0.010007552957889547,
3,blocks.1.attn.out_proj,attention_out,dp_kfc_a,0.01,0.006086292782939556,4.2698370407689135e-06,8.070096718724999e-05,0.0007788883989281349,0.0022098887566429095,9.210814771656966e-07,1.1253963949361685,,,,,,,,1.6430363041408276,
3,blocks.1.mlp.fc1,mlp,dp_kfc_a,0.01,0.9994046515133714,0.100613403266155,0.32905488649445847,1.6150607216131885,18.680113485245823,-4.91328004255614e-09,25.78082381245983,,,,,,,,0.0100059570313759,
3,blocks.1.mlp.fc2,mlp,dp_kfc_a,0.01,0.02291744013870394,0.0004664667478693109,0.0012290043689237536,0.03429079055636621,0.3855587590862684,0.00028359770938727696,1.9716562960263384,,,,,,,,0.4363489089303468,
3,blocks.2.attn.q_proj,attention_qkv,dp_kfc_a,0.01,0.9987445201898486,0.08553410135632326,0.31275288337054064,1.665249322847382,18.530543041044815,-2.179786063977176e-08,26.0493383541108,,,,,,,,0.010012570580211171,
3,blocks.2.attn.k_proj,attention_qkv,dp_kfc_a,0.01,0.9987445201898486,0.08553410135632326,0.31275288337054064,1.665249322847382,18.530543041044815,-2.179786063977176e-08,26.0493383541108,,,,,,,,0.010012570580211171,
3,blocks.2.attn.v_proj,attention_qkv,dp_kfc_a,0.01,0.9987445201898486,0.08553410135632326,0.31275288337054064,1.665249322847382,18.530543041044815,-2.179786063977176e-08,26.0493383541108,,,,,,,,0.010012570580211171,
3,blocks.2.attn.out_proj,attention_out,dp_kfc_a,0.01,0.006414546989721193,3.87932232210242e-06,7.627714478313167e-05,0.0008393790764075963,0.002524594522980523,8.722621770254364e-07,1.1850633132902493,,,,,,,,1.5589565429989387,
3,blocks.2.mlp.fc1,mlp,dp_kfc_a,0.01,0.9988348277121628,0.08532882180506933,0.3112939293757476,1.6641134226541892,18.481982663694534,-4.79638851294539e-08,26.025456268936804,,,,,,,,0.010011665314980116,
3,blocks.2.mlp.fc2,mlp,dp_kfc_a,0.01,0.023176284876297214,0.00045638094716336927,0.001234115448535526,0.03440485754408682,0.3603893308490638,0.0003099407696300439,2.094119778007859,,,,,,,,0.43147553861090016,
3,blocks.3.attn.q_proj,attention_qkv,dp_kfc_a,0.01,0.9985236065375372,0.07509215874765453,0.2991906694345468,1.7246555399619126,18.00734696162388,7.610828501039759e-10,26.28884690670082,,,,,,,,0.010014785764230275,
3,blocks.3.attn.k_proj,attention_qkv,dp_kfc_a,0.01,0.9985236065375372,0.07509215874765453,0.2991906694345468,1.7246555399619126,18.00734696162388,7.610828501039759e-10,26.28884690670082,,,,,,,,0.010014785764230275,
3,blocks.3.attn.v_proj,attention_qkv,dp_kfc_a,0.01,0.9985236065375372,0.07509215874765453,0.2991906694345468,1.7246555399619126,18.00734696162388,7.610828501039759e-10,26.28884690670082,,,,,,,,0.010014785764230275,
3,blocks.3.attn.out_proj,attention_out,dp_kfc_a,0.01,0.006761046583324531,4.030883040840371e-06,7.623310666776322e-05,0.0008990739111427149,0.0025778336011493285,8.586836202173469e-07,1.2491858640909195,,,,,,,,1.4790609525844765,
3,blocks.3.mlp.fc1,mlp,dp_kfc_a,0.01,0.999173661896602,0.07549001661787942,0.29911579533327987,1.722513546678823,18.016178391190177,-6.234234403377288e-08,26.261323031986322,,,,,,,,0.010008270215027782,
3,blocks.3.mlp.fc2,mlp,dp_kfc_a,0.01,0.02324569808932019,0.00044052532688920596,0.0012179170130594476,0.03258662991515853,0.34389335961070794,0.00029422268809663107,2.0979789216119067,,,,,,,,0.4301871237239512,
3,blocks.4.attn.q_proj,attention_qkv,dp_kfc_a,0.01,0.9993294641143918,0.06705798027581097,0.2782104176000586,1.8029516892251358,18.49008293366316,1.4381864253689611e-08,25.79659194255374,,,,,,,,0.010006709858056696,
3,blocks.4.attn.k_proj,attention_qkv,dp_kfc_a,0.01,0.9993294641143918,0.06705798027581097,0.2782104176000586,1.8029516892251358,18.49008293366316,1.4381864253689611e-08,25.79659194255374,,,,,,,,0.010006709858056696,
3,blocks.4.attn.v_proj,attention_qkv,dp_kfc_a,0.01,0.9993294641143918,0.06705798027581097,0.2782104176000586,1.8029516892251358,18.49008293366316,1.4381864253689611e-08,25.79659194255374,,,,,,,,0.010006709858056696,
3,blocks.4.attn.out_proj,attention_out,dp_kfc_a,0.01,0.007397895214196724,3.4992128951127365e-06,7.31040455826854e-05,0.0009458668930351901,0.003076689931807285,8.671862305586534e-07,1.3674883765579828,,,,,,,,1.3517358262671495,
3,blocks.4.mlp.fc1,mlp,dp_kfc_a,0.01,0.9993986824015879,0.0673318723389711,0.27776015464075116,1.799834789144531,18.426743778043228,-3.698870098634063e-08,25.750943834306806,,,,,,,,0.010006016793988232,
3,blocks.4.mlp.fc2,mlp,dp_kfc_a,0.01,0.02313080703856615,0.0004134786523982508,0.0011723192257279656,0.03185287128197336,0.34523764243397576,0.000277979466345605,2.235518164454293,,,,,,,,0.4323238693456278,
3,blocks.5.attn.q_proj,attention_qkv,dp_kfc_a,0.01,0.9991501125029332,0.061476180267758564,0.2742954395693332,1.776472379442346,18.08594505409758,-4.8698349269986503e-08,24.811891672363682,,,,,,,,0.010008506104202279,
3,blocks.5.attn.k_proj,attention_qkv,dp_kfc_a,0.01,0.9991501125029332,0.061476180267758564,0.2742954395693332,1.776472379442346,18.08594505409758,-4.8698349269986503e-08,24.811891672363682,,,,,,,,0.010008506104202279,
3,blocks.5.attn.v_proj,attention_qkv,dp_kfc_a,0.01,0.9991501125029332,0.061476180267758564,0.2742954395693332,1.776472379442346,18.08594505409758,-4.8698349269986503e-08,24.811891672363682,,,,,,,,0.010008506104202279,
3,blocks.5.attn.out_proj,attention_out,dp_kfc_a,0.01,0.00827085564582225,3.3675354661187668e-06,6.6270336975803e-05,0.0010249057587995657,0.003267430984371999,9.114347782847458e-07,1.533204707913467,,,,,,,,1.2090647483433192,
3,blocks.5.mlp.fc1,mlp,dp_kfc_a,0.01,0.9991141857260868,0.06199527261202509,0.274122026266636,1.772308444722857,18.052332377688277,1.289075284835118e-08,24.835233789830255,,,,,,,,0.010008865996365265,
3,blocks.5.mlp.fc2,mlp,dp_kfc_a,0.01,0.02269646693360162,0.0004006529983540139,0.0011268802633469643,0.031080242265151745,0.3448028257552816,0.00026683390058804496,2.302193654866902,,,,,,,,0.44059720965624033,
3,blocks.6.attn.q_proj,attention_qkv,dp_kfc_a,0.01,0.9990219983412194,0.05777856995981947,0.2641176129603765,1.7790144939719612,18.109505322967774,-2.4489562906513754e-08,24.460900246488468,,,,,,,,0.01000978959082387,
3,blocks.6.attn.k_proj,attention_qkv,dp_kfc_a,0.01,0.9990219983412194,0.05777856995981947,0.2641176129603765,1.7790144939719612,18.109505322967774,-2.4489562906513754e-08,24.460900246488468,,,,,,,,0.01000978959082387,
3,blocks.6.attn.v_proj,attention_qkv,dp_kfc_a,0.01,0.9990219983412194,0.05777856995981947,0.2641176129603765,1.7790144939719612,18.109505322967774,-2.4489562906513754e-08,24.460900246488468,,,,,,,,0.01000978959082387,
3,blocks.6.attn.out_proj,attention_out,dp_kfc_a,0.01,0.008031799269169377,3.240325963148997e-06,7.091920621681052e-05,0.0010762323514401518,0.0034210573268082137,7.093272953896266e-07,1.4835206919103527,,,,,,,,1.2450510358725846,
3,blocks.6.mlp.fc1,mlp,dp_kfc_a,0.01,0.9988864737471151,0.05785053728097405,0.2641277240469556,1.7755991680788403,18.07905132855398,-1.3526036969966546e-08,24.395600502956857,,,,,,,,0.010011147675758465,
3,blocks.6.mlp.fc2,mlp,dp_kfc_a,0.01,0.023512052156525253,0.00039718880673340304,0.0011583377611836861,0.030559352823093622,0.36183219472154604,0.0002622871558888789,2.330102192123244,,,,,,,,0.42531378943137976,
3,blocks.7.attn.q_proj,attention_qkv,dp_kfc_a,0.01,0.9993068154302904,0.053161353107027035,0.24430151451931792,1.7915107066389564,18.077979416811502,-4.163832625814716e-08,24.256498755025145,,,,,,,,0.010006936654078669,
3,blocks.7.attn.k_proj,attention_qkv,dp_kfc_a,0.01,0.9993068154302904,0.053161353107027035,0.24430151451931792,1.7915107066389564,18.077979416811502,-4.163832625814716e-08,24.256498755025145,,,,,,,,0.010006936654078669,
3,blocks.7.attn.v_proj,attention_qkv,dp_kfc_a,0.01,0.9993068154302904,0.053161353107027035,0.24430151451931792,1.7915107066389564,18.077979416811502,-4.163832625814716e-08,24.256498755025145,,,,,,,,0.010006936654078669,
3,blocks.7.attn.out_proj,attention_out,dp_kfc_a,0.01,0.00837872818317759,2.956026661862465e-06,6.840020741699289e-05,0.0010382770455010769,0.0038823703005165114,7.393188773709147e-07,1.5503896903646768,,,,,,,,1.1934985574633539,
3,blocks.7.mlp.fc1,mlp,dp_kfc_a,0.01,0.9992006146228376,0.0532357346479965,0.24386398504043433,1.787393632813083,18.057284107918093,-1.651908003858195e-08,24.285241073236794,,,,,,,,0.010008000249053732,
3,blocks.7.mlp.fc2,mlp,dp_kfc_a,0.01,0.02280269156274312,0.0003855170726708277,0.0011134674920846885,0.02927769504268935,0.3688154030449948,0.0002524476579516239,2.316667867078341,,,,,,,,0.4385447205863543,
3,blocks.8.attn.q_proj,attention_qkv,dp_kfc_a,0.01,0.9985521797071467,0.049296249155134385,0.24369871468634083,1.8533774206049463,18.0109430272658,-2.8302544086084583e-08,24.629581533301987,,,,,,,,0.010014499195157511,
3,blocks.8.attn.k_proj,attention_qkv,dp_kfc_a,0.01,0.9985521797071467,0.049296249155134385,0.24369871468634083,1.8533774206049463,18.0109430272658,-2.8302544086084583e-08,24.629581533301987,,,,,,,,0.010014499195157511,
3,blocks.8.attn.v_proj,attention_qkv,dp_kfc_a,0.01,0.9985521797071467,0.049296249155134385,0.24369871468634083,1.8533774206049463,18.0109430272658,-2.8302544086084583e-08,24.629581533301987,,,,,,,,0.010014499195157511,
3,blocks.8.attn.out_proj,attention_out,dp_kfc_a,0.01,0.00827962230095384,2.8612912531120827e-06,6.52779203390221e-05,0.0011326838451165583,0.004326842809524525,6.777295971559516e-07,1.5271480197889526,,,,,,,,1.2077845626904946,
3,blocks.8.mlp.fc1,mlp,dp_kfc_a,0.01,0.9994805773305152,0.049587013683875414,0.24152060728263183,1.8528666139615595,17.97306802575491,2.0822683763233697e-08,24.523879045434928,,,,,,,,0.010005196926096074,
3,blocks.8.mlp.fc2,mlp,dp_kfc_a,0.01,0.02324848770199075,0.0003818196474389518,0.0011213787095080887,0.028876123688216793,0.3813234019430569,0.00023873082029235017,2.396587595332943,,,,,,,,0.4301355050781952,
3,blocks.9.attn.q_proj,attention_qkv,dp_kfc_a,0.01,0.9986558025365049,0.047426464381381185,0.2275769767877375,1.8110906037655068,18.147911170485372,-5.245265471186758e-09,25.178188434977113,,,,,,,,0.01001346006762371,
3,blocks.9.attn.k_proj,attention_qkv,dp_kfc_a,0.01,0.9986558025365049,0.047426464381381185,0.2275769767877375,1.8110906037655068,18.147911170485372,-5.245265471186758e-09,25.178188434977113,,,,,,,,0.01001346006762371,
3,blocks.9.attn.v_proj,attention_qkv,dp_kfc_a,0.01,0.9986558025365049,0.047426464381381185,0.2275769767877375,1.8110906037655068,18.147911170485372,-5.245265471186758e-09,25.178188434977113,,,,,,,,0.01001346006762371,
3,blocks.9.attn.out_proj,attention_out,dp_kfc_a,0.01,0.008748914511576344,2.877226432690784e-06,6.503068513314009e-05,0.0013167600105339816,0.004228670937072349,7.668570519932381e-07,1.6151570163332458,,,,,,,,1.1429989385275454,
3,blocks.9.mlp.fc1,mlp,dp_kfc_a,0.01,0.9989816521733537,0.04758461511585877,0.22778187530659097,1.8128689940070528,18.131518562156025,-2.5555430195884748e-08,25.203489940848524,,,,,,,,0.010010193859160785,
3,blocks.9.mlp.fc2,mlp,dp_kfc_a,0.01,0.02219654543092777,0.0003601245298576397,0.0010536085366171736,0.02694595827362998,0.3416458424449656,0.0002414498466169283,2.3477501321752046,,,,,,,,0.4505205565036442,
3,blocks.10.attn.q_proj,attention_qkv,dp_kfc_a,0.01,0.9994486280055862,0.0442704527883006,0.2263558500918129,1.8295521002563333,17.782384070334228,-3.0322718483718244e-08,25.51516108374286,,,,,,,,0.010005516761732057,
3,blocks.10.attn.k_proj,attention_qkv,dp_kfc_a,0.01,0.9994486280055862,0.0442704527883006,0.2263558500918129,1.8295521002563333,17.782384070334228,-3.0322718483718244e-08,25.51516108374286,,,,,,,,0.010005516761732057,
3,blocks.10.attn.v_proj,attention_qkv,dp_kfc_a,0.01,0.9994486280055862,0.0442704527883006,0.2263558500918129,1.8295521002563333,17.782384070334228,-3.0322718483718244e-08,25.51516108374286,,,,,,,,0.010005516761732057,
3,blocks.10.attn.out_proj,attention_out,dp_kfc_a,0.01,0.008865531117304282,2.708336261678594e-06,6.115305091445417e-05,0.0013049672497430726,0.004473424375294823,7.114763512154157e-07,1.6328874063064172,,,,,,,,1.1279640066325403,
3,blocks.10.mlp.fc1,mlp,dp_kfc_a,0.01,0.9990913528234848,0.04439241776366032,0.22554035870922698,1.8217881090371035,17.735078023396156,-2.2764801510639535e-08,25.4726129237019,,,,,,,,0.010009094735671041,
3,blocks.10.mlp.fc2,mlp,dp_kfc_a,0.01,0.02308894123068208,0.0003534400624594874,0.0010755160905839705,0.027284605007857655,0.3516209173606399,0.0002361467560455323,2.4862315985530414,,,,,,,,0.4331077765796966,
3,blocks.11.attn.q_proj,attention_qkv,dp_kfc_a,0.01,0.9991922523691247,0.04291359608551791,0.21774104117811846,1.831434744779347,17.86670527998895,-2.7751708130902545e-08,24.851141861508076,,,,,,,,0.010008084006145565,
3,blocks.11.attn.k_proj,attention_qkv,dp_kfc_a,0.01,0.9991922523691247,0.04291359608551791,0.21774104117811846,1.831434744779347,17.86670527998895,-2.7751708130902545e-08,24.851141861508076,,,,,,,,0.010008084006145565,
3,blocks.11.attn.v_proj,attention_qkv,dp_kfc_a,0.01,0.9991922523691247,0.04291359608551791,0.21774104117811846,1.831434744779347,17.86670527998895,-2.7751708130902545e-08,24.851141861508076,,,,,,,,0.010008084006145565,
3,blocks.11.attn.out_proj,attention_out,dp_kfc_a,0.01,0.009136595269405752,2.7241134847965397e-06,5.961857102265089e-05,0.0012612321575336677,0.004457682445474643,6.7370192802473e-07,1.6873637331302296,,,,,,,,1.094499614477331,
3,blocks.11.mlp.fc1,mlp,dp_kfc_a,0.01,0.9990984667768132,0.04295793371900895,0.21750896342443382,1.8275089875393766,17.80278777286873,3.8831588956378465e-10,24.78397422421655,,,,,,,,0.010009023467187326,
3,blocks.11.mlp.fc2,mlp,dp_kfc_a,0.01,0.023458007600168144,0.00035137619159861824,0.001073309188789413,0.02765261298540952,0.35407822591790905,0.00017913051961131906,2.613445103656799,,,,,,,,0.42629366357304455,
3,head,patch_head,dp_kfc_a,0.01,0.9995670597517737,0.00018103047855148587,0.0028258792237885384,0.16831104626997606,0.7749959550165042,-1.0423044160012451e-07,182.66383430664226,,,,,,,,0.010004331277666692,
4,patch_embed,patch_head,dp_kfc_a,0.01,0.2509732966460239,0.025380656992537033,0.04968677624180129,0.2593779226972598,4.192379565384537,0.016652335595804917,26.303728514209585,,,,,,,,0.039844876461515084,
4,blocks.0.attn.q_proj,attention_qkv,dp_kfc_a,0.01,0.9991257406886995,0.12052999893402935,0.34396889559686994,1.621310999538834,18.727449965999206,-5.266125226768916e-08,24.76562867490143,,,,,,,,0.010008750243094507,
4,blocks.0.attn.k_proj,attention_qkv,dp_kfc_a,0.01,0.9991257406886995,0.12052999893402935,0.34396889559686994,1.621310999538834,18.727449965999206,-5.266125226768916e-08,24.76562867490143,,,,,,,,0.010008750243094507,
4,blocks.0.attn.v_proj,attention_qkv,dp_kfc_a,0.01,0.9991257406886995,0.12052999893402935,0.34396889559686994,1.621310999538834,18.727449965999206,-5.266125226768916e-08,24.76562867490143,,,,,,,,0.010008750243094507,
4,blocks.0.attn.out_proj,attention_out,dp_kfc_a,0.01,0.005853089659114084,5.149902889122345e-06,8.878867510953439e-05,0.0007269663297211448,0.001877365279944448,1.1471165413416685e-06,1.082519472729462,,,,,,,,1.7084993708286347,
4,blocks.0.mlp.fc1,mlp,dp_kfc_a,0.01,0.9988950447715008,0.12099123373436496,0.344000554286206,1.6260441235428644,18.706732059705605,-6.699052526912707e-09,24.74885805973612,,,,,,,,0.01001106177505117,
4,blocks.0.mlp.fc2,mlp,dp_kfc_a,0.01,0.02341058403156669,0.0004994111108550052,0.001302219382610648,0.035860021299714134,0.36501181072760575,0.0003331492417287716,2.0918604576020927,,,,,,,,0.4271572202776343,
4,blocks.1.attn.q_proj,attention_qkv,dp_kfc_a,0.01,0.9988778492947317,0.09932397609843784,0.3263787019063486,1.6266741012502843,18.823332004614343,-3.9021619441577543e-08,25.4248156418117,,,,,,,,0.010011234113420982,
4,blocks.1.attn.k_proj,attention_qkv,dp_kfc_a,0.01,0.9988778492947317,0.09932397609843784,0.3263787019063486,1.6266741012502843,18.823332004614343,-3.9021619441577543e-08,25.4248156418117,,,,,,,,0.010011234113420982,
4,blocks.1.attn.v_proj,attention_qkv,dp_kfc_a,0.01,0.9988778492947317,0.09932397609843784,0.3263787019063486,1.6266741012502843,18.823332004614343,-3.9021619441577543e-08,25.4248156418117,,,,,,,,0.010011234113420982,
4,blocks.1.attn.out_proj,attention_out,dp_kfc_a,0.01,0.006103674188172421,4.4070885094578106e-06,8.130277637704677e-05,0.0007352015598480106,0.0020008624271666744,9.496314103318605e-07,1.1285716040884757,,,,,,,,1.6383574371282468,
4,blocks.1.mlp.fc1,mlp,dp_kfc_a,0.01,0.9985682247833885,0.09965859921811389,0.3264540731323075,1.6241913141459305,18.783673442062216,-1.4188170510842684e-08,25.413438293031902,,,,,,,,0.010014338281362018,
4,blocks.1.mlp.fc2,mlp,dp_kfc_a,0.01,0.022986985083611293,0.00046898410408428766,0.0012336360123386782,0.034122053026913984,0.3867792834731304,0.00028197900422634965,1.9606517800479009,,,,,,,,0.4350287766589086,
4,blocks.2.attn.q_proj,attention_qkv,dp_kfc_a,0.01,0.9980929796559823,0.08595053763341542,0.31130424833489667,1.6553552473024822,18.488363809055635,-1.1320142192545733e-08,25.95391422520995,,,,,,,,0.01001910664019173,
4,blocks.2.attn.k_proj,attention_qkv,dp_kfc_a,0.01,0.9980929796559823,0.08595053763341542,0.31130424833489667,1.6553552473024822,18.488363809055635,-1.1320142192545733e-08,25.95391422520995,,,,,,,,0.01001910664019173,
4,blocks.2.attn.v_proj,attention_qkv,dp_kfc_a,0.01,0.9980929796559823,0.08595053763341542,0.31130424833489667,1.6553552473024822,18.488363809055635,-1.1320142192545733e-08,25.95391422520995,,,,,,,,0.01001910664019173,
4,blocks.2.attn.out_proj,attention_out,dp_kfc_a,0.01,0.006421687524120922,3.845507632317539e-06,7.721610486745994e-05,0.0008539560585661349,0.002481706506130976,8.325674076250847e-07,1.1862958682066247,,,,,,,,1.5572230760899444,
4,blocks.2.mlp.fc1,mlp,dp_kfc_a,0.01,0.9984376189622237,0.08594937418136168,0.31105919807323323,1.6535406798592989,18.452130905950675,-2.3935899825254222e-08,25.93755072677562,,,,,,,,0.010015648258920776,
4,blocks.2.mlp.fc2,mlp,dp_kfc_a,0.01,0.023277395787577402,0.00045934634259184895,0.001239052501475779,0.034296383235265675,0.3620114465536909,0.000313515219681568,2.1272208821308074,,,,,,,,0.42960132186852124,
4,blocks.3.attn.q_proj,attention_qkv,dp_kfc_a,0.01,0.9985261957880129,0.07600471999222376,0.29857836577539665,1.7484574221522846,17.871329820993886,-2.9292604076030894e-08,26.220323981215596,,,,,,,,0.010014759795168159,
4,blocks.3.attn.k_proj,attention_qkv,dp_kfc_a,0.01,0.9985261957880129,0.07600471999222376,0.29857836577539665,1.7484574221522846,17.871329820993886,-2.9292604076030894e-08,26.220323981215596,,,,,,,,0.010014759795168159,
4,blocks.3.attn.v_proj,attention_qkv,dp_kfc_a,0.01,0.9985261957880129,0.07600471999222376,0.29857836577539665,1.7484574221522846,17.871329820993886,-2.9292604076030894e-08,26.220323981215596,,,,,,,,0.010014759795168159,
4,blocks.3.attn.out_proj,attention_out,dp_kfc_a,0.01,0.006797554426289096,4.089747861974899e-06,7.358122894490741e-05,0.0009003633403768886,0.002795093518320803,9.112587154772041e-07,1.2559158445529741,,,,,,,,1.4711173126213828,
4,blocks.3.mlp.fc1,mlp,dp_kfc_a,0.01,0.9987091666058555,0.07610621998772325,0.2987176402473221,1.7465188311781592,17.880892416131424,3.6235088123758707e-09,26.171882679304126,,,,,,,,0.010012925017986282,
4,blocks.3.mlp.fc2,mlp,dp_kfc_a,0.01,0.02328822150782855,0.00044137375242489605,0.0012229476539387522,0.03280656907473378,0.3462959097611554,0.0002939799643574142,2.1095344008260306,,,,,,,,0.4294016181801778,
4,blocks.4.attn.q_proj,attention_qkv,dp_kfc_a,0.01,0.9992091031889841,0.06608497814248239,0.2824218592884202,1.8081127101062828,18.336182087570275,-2.403118441398607e-08,25.63580785655272,,,,,,,,0.010007915228238932,
4,blocks.4.attn.k_proj,attention_qkv,dp_kfc_a,0.01,0.9992091031889841,0.06608497814248239,0.2824218592884202,1.8081127101062828,18.336182087570275,-2.403118441398607e-08,25.63580785655272,,,,,,,,0.010007915228238932,
4,blocks.4.attn.v_proj,attention_qkv,dp_kfc_a,0.01,0.9992091031889841,0.06608497814248239,0.2824218592884202,1.8081127101062828,18.336182087570275,-2.403118441398607e-08,25.63580785655272,,,,,,,,0.010007915228238932,
4,blocks.4.attn.out_proj,attention_out,dp_kfc_a,0.01,0.007281832045174586,3.7835216203870372e-06,7.477354829872571e-05,0.0009557974870524734,0.0029432774047438784,9.161568979998283e-07,1.3449852955317543,,,,,,,,1.3732807812597998,
4,blocks.4.mlp.fc1,mlp,dp_kfc_a,0.01,0.9988653187307052,0.06620451515598001,0.28087317665079264,1.8007005454546423,18.265496911096303,-3.6135818647207706e-08,25.566985175840017,,,,,,,,0.010011359702334412,
4,blocks.4.mlp.fc2,mlp,dp_kfc_a,0.01,0.02314006391990208,0.00041824794967785796,0.0011738758761782014,0.0317722342216147,0.34964706467617446,0.0002802562315226584,2.220240984477166,,,,,,,,0.4321509238096485,
4,blocks.5.attn.q_proj,attention_qkv,dp_kfc_a,0.01,0.9990200508443803,0.06211557603083179,0.27281260634789894,1.7932893923733508,18.001332907318613,-2.578059474587684e-08,24.590733225078218,,,,,,,,0.01000980910397936,
4,blocks.5.attn.k_proj,attention_qkv,dp_kfc_a,0.01,0.9990200508443803,0.06211557603083179,0.27281260634789894,1.7932893923733508,18.001332907318613,-2.578059474587684e-08,24.590733225078218,,,,,,,,0.01000980910397936,
4,blocks.5.attn.v_proj,attention_qkv,dp_kfc_a,0.01,0.9990200508443803,0.06211557603083179,0.27281260634789894,1.7932893923733508,18.001332907318613,-2.578059474587684e-08,24.590733225078218,,,,,,,,0.01000980910397936,
4,blocks.5.attn.out_proj,attention_out,dp_kfc_a,0.01,0.008202059592926813,3.477888416719311e-06,6.962247244766063e-05,0.001060576814438735,0.0030387835719466825,8.246047306357825e-07,1.5193610151249972,,,,,,,,1.2192059673187052,
4,blocks.5.mlp.fc1,mlp,dp_kfc_a,0.01,0.9986102114687312,0.06240923478672383,0.2724217323428096,1.7900940747401966,17.94206657608981,-4.170957444503676e-08,24.59479175234598,,,,,,,,0.0100139172273156,
4,blocks.5.mlp.fc2,mlp,dp_kfc_a,0.01,0.0228323321656284,0.0004081773351552038,0.001143930020620458,0.031316999791088096,0.3500596098584799,0.00026743375147059926,2.2746548454402853,,,,,,,,0.4379754081825209,
4,blocks.6.attn.q_proj,attention_qkv,dp_kfc_a,0.01,0.9986714087619682,0.058056380362552985,0.26105820246984646,1.7831669286368854,17.99882237608746,-2.9702079414845836e-08,24.23501243170805,,,,,,,,0.010013303587409985,
4,blocks.6.attn.k_proj,attention_qkv,dp_kfc_a,0.01,0.9986714087619682,0.058056380362552985,0.26105820246984646,1.7831669286368854,17.99882237608746,-2.9702079414845836e-08,24.23501243170805,,,,,,,,0.010013303587409985,
4,blocks.6.attn.v_proj,attention_qkv,dp_kfc_a,0.01,0.9986714087619682,0.058056380362552985,0.26105820246984646,1.7831669286368854,17.99882237608746,-2.9702079414845836e-08,24.23501243170805,,,,,,,,0.010013303587409985,
4,blocks.6.attn.out_proj,attention_out,dp_kfc_a,0.01,0.008058505858429781,3.420731556886761e-06,6.867401002373942e-05,0.0010794649100566262,0.003439750775801362,7.329514131726594e-07,1.4882557229806268,,,,,,,,1.2409248284580294,
4,blocks.6.mlp.fc1,mlp,dp_kfc_a,0.01,0.9984834360952822,0.05825506066650647,0.26085412998800367,1.77851311799109,17.95225508741614,-1.1252410529422492e-08,24.180199356445208,,,,,,,,0.010015188673641384,
4,blocks.6.mlp.fc2,mlp,dp_kfc_a,0.01,0.023534904413351546,0.00040110686272776605,0.0011728944630722182,0.030649816813806418,0.36002792280683815,0.00026572933733432224,2.3204624944987624,,,,,,,,0.42490081218799924,
4,blocks.7.attn.q_proj,attention_qkv,dp_kfc_a,0.01,0.998792775091112,0.05346351669566837,0.24793095792805767,1.767107917700842,17.92764187668661,-1.1158190238984945e-08,23.898557203226588,,,,,,,,0.010012086840623952,
4,blocks.7.attn.k_proj,attention_qkv,dp_kfc_a,0.01,0.998792775091112,0.05346351669566837,0.24793095792805767,1.767107917700842,17.92764187668661,-1.1158190238984945e-08,23.898557203226588,,,,,,,,0.010012086840623952,
4,blocks.7.attn.v_proj,attention_qkv,dp_kfc_a,0.01,0.998792775091112,0.05346351669566837,0.24793095792805767,1.767107917700842,17.92764187668661,-1.1158190238984945e-08,23.898557203226588,,,,,,,,0.010012086840623952,
4,blocks.7.attn.out_proj,attention_out,dp_kfc_a,0.01,0.008381763179852854,2.898123062672289e-06,6.726411685096572e-05,0.0010715316596320885,0.0036717922444659064,7.24151135920863e-07,1.5506912778055677,,,,,,,,1.193066397298946,
4,blocks.7.mlp.fc1,mlp,dp_kfc_a,0.01,0.9989583106238608,0.053601498331512586,0.24968678164022232,1.7635010220605503,17.915630565008907,-2.669754415411231e-08,23.9255792172458,,,,,,,,0.01001042775624429,
4,blocks.7.mlp.fc2,mlp,dp_kfc_a,0.01,0.02295783811983966,0.00038971275525879334,0.001124952078610859,0.029389913226289793,0.37192003865171014,0.0002564375185291891,2.3180121602834736,,,,,,,,0.4355810833668271,
4,blocks.8.attn.q_proj,attention_qkv,dp_kfc_a,0.01,0.9980723064180483,0.04950877750824036,0.23797380932198015,1.8249035179566901,17.955985507473105,-1.4166193375779754e-08,24.227584968935652,,,,,,,,0.010019314167616472,
4,blocks.8.attn.k_proj,attention_qkv,dp_kfc_a,0.01,0.9980723064180483,0.04950877750824036,0.23797380932198015,1.8249035179566901,17.955985507473105,-1.4166193375779754e-08,24.227584968935652,,,,,,,,0.010019314167616472,
4,blocks.8.attn.v_proj,attention_qkv,dp_kfc_a,0.01,0.9980723064180483,0.04950877750824036,0.23797380932198015,1.8249035179566901,17.955985507473105,-1.4166193375779754e-08,24.227584968935652,,,,,,,,0.010019314167616472,
4,blocks.8.attn.out_proj,attention_out,dp_kfc_a,0.01,0.008028029618601416,2.9494585229421856e-06,6.537323365818617e-05,0.0011227755376483199,0.004134198735251246,6.449775618520934e-07,1.4775564250444884,,,,,,,,1.2456356634297179,
4,blocks.8.mlp.fc1,mlp,dp_kfc_a,0.01,0.9989698297619203,0.04995465150768311,0.23732127499412475,1.8216710565884078,17.934749773113772,-2.2256524199468698e-08,24.129109789998314,,,,,,,,0.010010312325831956,
4,blocks.8.mlp.fc2,mlp,dp_kfc_a,0.01,0.02332369084088483,0.0003879373246013183,0.0011360250348336962,0.029137403270942667,0.38347973048007944,0.00023801384886462906,2.3882759186597764,,,,,,,,0.4287486087952549,
4,blocks.9.attn.q_proj,attention_qkv,dp_kfc_a,0.01,0.9984569416762634,0.04806762732488625,0.2326023144792815,1.8124841444519018,18.0825197288205,-1.7242462452160403e-08,24.89362905265807,,,,,,,,0.010015454430324717,
4,blocks.9.attn.k_proj,attention_qkv,dp_kfc_a,0.01,0.9984569416762634,0.04806762732488625,0.2326023144792815,1.8124841444519018,18.0825197288205,-1.7242462452160403e-08,24.89362905265807,,,,,,,,0.010015454430324717,
4,blocks.9.attn.v_proj,attention_qkv,dp_kfc_a,0.01,0.9984569416762634,0.04806762732488625,0.2326023144792815,1.8124841444519018,18.0825197288205,-1.7242462452160403e-08,24.89362905265807,,,,,,,,0.010015454430324717,
4,blocks.9.attn.out_proj,attention_out,dp_kfc_a,0.01,0.008549828340261427,2.889600366050942e-06,6.215481726956383e-05,0.0013316700618610023,0.004043532937442939,7.407936456743149e-07,1.5762325900651153,,,,,,,,1.1696141258076103,
4,blocks.9.mlp.fc1,mlp,dp_kfc_a,0.01,0.9983038327854532,0.04812137160649804,0.23238204048893563,1.8127885484350272,18.052147748304865,-7.092630423530909e-10,24.89290323346071,,,,,,,,0.010016990490859022,
4,blocks.9.mlp.fc2,mlp,dp_kfc_a,0.01,0.02235706653857727,0.00036231753870575705,0.0010679888736945965,0.02746570483596815,0.34530855476263617,0.0002446063536721051,2.3244209731040195,,,,,,,,0.4472858719074317,
4,blocks.10.attn.q_proj,attention_qkv,dp_kfc_a,0.01,0.9985975876373331,0.04428982350649007,0.22526718461737258,1.8288166470439162,17.5936043852727,-2.8125399956386714e-08,25.12300156943491,,,,,,,,0.010014043818851846,
4,blocks.10.attn.k_proj,attention_qkv,dp_kfc_a,0.01,0.9985975876373331,0.04428982350649007,0.22526718461737258,1.8288166470439162,17.5936043852727,-2.8125399956386714e-08,25.12300156943491,,,,,,,,0.010014043818851846,
4,blocks.10.attn.v_proj,attention_qkv,dp_kfc_a,0.01,0.9985975876373331,0.04428982350649007,0.22526718461737258,1.8288166470439162,17.5936043852727,-2.8125399956386714e-08,25.12300156943491,,,,,,,,0.010014043818851846,
4,blocks.10.attn.out_proj,attention_out,dp_kfc_a,0.01,0.008962389714913347,2.8891252387006062e-06,6.117018187330564e-05,0.0013397706805260252,0.00440367228487093,7.222426315486467e-07,1.650507013359008,,,,,,,,1.1157738413628764,
4,blocks.10.mlp.fc1,mlp,dp_kfc_a,0.01,0.9986641230978497,0.044288516270091706,0.22532227646495082,1.8242546771202646,17.560915487030993,-6.162566207000207e-09,25.095049158180633,,,,,,,,0.010013376638563989,
4,blocks.10.mlp.fc2,mlp,dp_kfc_a,0.01,0.0232934871378448,0.00036038789775505773,0.0010855755154263575,0.02783015763705391,0.35829274911926884,0.00023970109558000104,2.4986194192212965,,,,,,,,0.4293045494142891,
4,blocks.11.attn.q_proj,attention_qkv,dp_kfc_a,0.01,0.9985618365860974,0.04348597355124557,0.21696166816913942,1.8645674721244767,17.735622485892808,-4.979989392944416e-09,24.438876084070454,,,,,,,,0.010014402347067653,
4,blocks.11.attn.k_proj,attention_qkv,dp_kfc_a,0.01,0.9985618365860974,0.04348597355124557,0.21696166816913942,1.8645674721244767,17.735622485892808,-4.979989392944416e-09,24.438876084070454,,,,,,,,0.010014402347067653,
4,blocks.11.attn.v_proj,attention_qkv,dp_kfc_a,0.01,0.9985618365860974,0.04348597355124557,0.21696166816913942,1.8645674721244767,17.735622485892808,-4.979989392944416e-09,24.438876084070454,,,,,,,,0.010014402347067653,
4,blocks.11.attn.out_proj,attention_out,dp_kfc_a,0.01,0.008914187067843386,2.6454594945086722e-06,6.222910160295511e-05,0.0012839093355049309,0.004540200570731801,6.499024895696771e-07,1.6436240448101331,,,,,,,,1.1218072858346808,
4,blocks.11.mlp.fc1,mlp,dp_kfc_a,0.01,0.9989696731839156,0.04320317627383913,0.2173221676824806,1.86122728577655,17.67746839458149,-4.518238037656761e-08,24.394813946883435,,,,,,,,0.01001031389484328,
4,blocks.11.mlp.fc2,mlp,dp_kfc_a,0.01,0.023570879632594993,0.0003576301058380146,0.0010912624979979267,0.02813978269512537,0.35931891936299803,0.00018105726456819603,2.6031824877328367,,,,,,,,0.4242523043633679,
4,head,patch_head,dp_kfc_a,0.01,0.9991763176039402,0.0002021618227365242,0.0030403407916654327,0.1742816957882545,0.8793112202376182,-1.279421796086396e-07,181.51908115961677,,,,,,,,0.010008243614080396,
5,patch_embed,patch_head,dp_kfc_a,0.01,0.2509732934875203,0.025386249511090222,0.0497949566481676,0.25894326038026594,4.190240654979588,0.016641490721762933,26.350224239921154,,,,,,,,0.0398448769629636,
5,blocks.0.attn.q_proj,attention_qkv,dp_kfc_a,0.01,0.9984893119396941,0.12024027738954302,0.3433296140578461,1.6199478591439584,19.330588455519205,-1.9433039719297927e-09,24.47548711282581,,,,,,,,0.010015129736915974,
5,blocks.0.attn.k_proj,attention_qkv,dp_kfc_a,0.01,0.9984893119396941,0.12024027738954302,0.3433296140578461,1.6199478591439584,19.330588455519205,-1.9433039719297927e-09,24.47548711282581,,,,,,,,0.010015129736915974,
5,blocks.0.attn.v_proj,attention_qkv,dp_kfc_a,0.01,0.9984893119396941,0.12024027738954302,0.3433296140578461,1.6199478591439584,19.330588455519205,-1.9433039719297927e-09,24.47548711282581,,,,,,,,0.010015129736915974,
5,blocks.0.attn.out_proj,attention_out,dp_kfc_a,0.01,0.005860436557541201,5.063789965833867e-06,8.687146885164233e-05,0.0007421142355439206,0.0018928954370620004,1.2033644171923148e-06,1.0838690719542643,,,,,,,,1.7063575216307079,
5,blocks.0.mlp.fc1,mlp,dp_kfc_a,0.01,0.9982347074567963,0.12048162120988508,0.34305903252737996,1.6328757649739232,19.313433361524424,-5.312013318968258e-08,24.46172346520344,,,,,,,,0.010017684143118016,
5,blocks.0.mlp.fc2,mlp,dp_kfc_a,0.01,0.02346957142868107,0.0005025925728799239,0.0013102501278032684,0.03589615853123293,0.3646938942479963,0.0003355986868167934,2.0764296901964605,,,,,,,,0.42608362195227245,
5,blocks.1.attn.q_proj,attention_qkv,dp_kfc_a,0.01,0.998374665339376,0.10027160265167548,0.3221046664414273,1.6096646115931847,19.373546271196712,-4.193977831711081e-08,25.093887643185813,,,,,,,,0.010016279806740403,
5,blocks.1.attn.k_proj,attention_qkv,dp_kfc_a,0.01,0.998374665339376,0.10027160265167548,0.3221046664414273,1.6096646115931847,19.373546271196712,-4.193977831711081e-08,25.093887643185813,,,,,,,,0.010016279806740403,
5,blocks.1.attn.v_proj,attention_qkv,dp_kfc_a,0.01,0.998374665339376,0.10027160265167548,0.3221046664414273,1.6096646115931847,19.373546271196712,-4.193977831711081e-08,25.093887643185813,,,,,,,,0.010016279806740403,
5,blocks.1.attn.out_proj,attention_out,dp_kfc_a,0.01,0.006106776160678412,4.430136093874875e-06,7.979380102947004e-05,0.000775780902598373,0.0020512673530242867,9.56130956352112e-07,1.1288682105650065,,,,,,,,1.6375252239291318,
5,blocks.1.mlp.fc1,mlp,dp_kfc_a,0.01,0.9980150640319666,0.10050937620874298,0.3223476389386258,1.6094325877651152,19.333909541102063,-1.8268358915953656e-11,25.08460578391008,,,,,,,,0.010019888837749746,
5,blocks.1.mlp.fc2,mlp,dp_kfc_a,0.01,0.02303047586469796,0.00047090760639915974,0.0012469305876089548,0.03429920549775007,0.38653168093417056,0.00029863831573539225,1.944379152515215,,,,,,,,0.4342072677416276,
5,blocks.2.attn.q_proj,attention_qkv,dp_kfc_a,0.01,0.9978726027543063,0.0857390667128797,0.309799947133956,1.6350334080783138,18.958669117252416,-4.8605505203005974e-08,25.572054128848816,,,,,,,,0.010021319327134763,
5,blocks.2.attn.k_proj,attention_qkv,dp_kfc_a,0.01,0.9978726027543063,0.0857390667128797,0.309799947133956,1.6350334080783138,18.958669117252416,-4.8605505203005974e-08,25.572054128848816,,,,,,,,0.010021319327134763,
5,blocks.2.attn.v_proj,attention_qkv,dp_kfc_a,0.01,0.9978726027543063,0.0857390667128797,0.309799947133956,1.6350334080783138,18.958669117252416,-4.8605505203005974e-08,25.572054128848816,,,,,,,,0.010021319327134763,
5,blocks.2.attn.out_proj,attention_out,dp_kfc_a,0.01,0.0063946571143330775,3.9849610366666375e-06,7.687752313695181e-05,0.0008078566836663185,0.0025115967864413847,8.967109296591913e-07,1.180861844680675,,,,,,,,1.5638055053156572,
5,blocks.2.mlp.fc1,mlp,dp_kfc_a,0.01,0.9980451671570695,0.085885138559911,0.3089593050112042,1.6323554128064448,18.92834292416897,-1.672992164559165e-08,25.532635698800835,,,,,,,,0.010019586616991483,
5,blocks.2.mlp.fc2,mlp,dp_kfc_a,0.01,0.023455131892235987,0.0004609549163257435,0.001258004624752774,0.03426411586478506,0.36319387969406436,0.0003157012440101104,2.122418065326096,,,,,,,,0.4263459291529354,
5,blocks.3.attn.q_proj,attention_qkv,dp_kfc_a,0.01,0.9982096256369755,0.07613222442610211,0.29770635974194104,1.7372988005985852,18.359120686046204,-2.7444942353593126e-08,25.909423592941987,,,,,,,,0.010017935855526159,
5,blocks.3.attn.k_proj,attention_qkv,dp_kfc_a,0.01,0.9982096256369755,0.07613222442610211,0.29770635974194104,1.7372988005985852,18.359120686046204,-2.7444942353593126e-08,25.909423592941987,,,,,,,,0.010017935855526159,
5,blocks.3.attn.v_proj,attention_qkv,dp_kfc_a,0.01,0.9982096256369755,0.07613222442610211,0.29770635974194104,1.7372988005985852,18.359120686046204,-2.7444942353593126e-08,25.909423592941987,,,,,,,,0.010017935855526159,
5,blocks.3.attn.out_proj,attention_out,dp_kfc_a,0.01,0.00678192578122524,3.952238033826016e-06,7.511269043892547e-05,0.0009154883108906367,0.0029568377586607474,9.755524468133055e-07,1.2526085061945094,,,,,,,,1.4745074367642776,
5,blocks.3.mlp.fc1,mlp,dp_kfc_a,0.01,0.9978787096053208,0.07623892542157905,0.2980621999768118,1.734966004264902,18.371112300774886,-2.8322901727283787e-08,25.841601429966133,,,,,,,,0.01002125799833447,
5,blocks.3.mlp.fc2,mlp,dp_kfc_a,0.01,0.023452430350708403,0.00044338366718635027,0.0012316254136427321,0.032686806690401644,0.35051857347876914,0.00029258598776680107,2.134230553578537,,,,,,,,0.4263950409599208,
5,blocks.4.attn.q_proj,attention_qkv,dp_kfc_a,0.01,0.9989195453688271,0.06656902147766919,0.27990485341849825,1.8056094548318804,18.864045416836024,-5.0533318822872254e-08,25.285121284093393,,,,,,,,0.010010816232760508,
5,blocks.4.attn.k_proj,attention_qkv,dp_kfc_a,0.01,0.9989195453688271,0.06656902147766919,0.27990485341849825,1.8056094548318804,18.864045416836024,-5.0533318822872254e-08,25.285121284093393,,,,,,,,0.010010816232760508,
5,blocks.4.attn.v_proj,attention_qkv,dp_kfc_a,0.01,0.9989195453688271,0.06656902147766919,0.27990485341849825,1.8056094548318804,18.864045416836024,-5.0533318822872254e-08,25.285121284093393,,,,,,,,0.010010816232760508,
5,blocks.4.attn.out_proj,attention_out,dp_kfc_a,0.01,0.007197407530282909,3.6524376585817143e-06,7.418153334717694e-05,0.0009797487334913617,0.003109813830508698,8.50304107491043e-07,1.328275410941422,,,,,,,,1.3893891596279986,
5,blocks.4.mlp.fc1,mlp,dp_kfc_a,0.01,0.998456664035975,0.06643859272995865,0.2789716414949133,1.7975256678070077,18.781092152113455,-5.408940036760407e-08,25.225412520039864,,,,,,,,0.010015457215316551,
5,blocks.4.mlp.fc2,mlp,dp_kfc_a,0.01,0.023269332452436186,0.00041941467149236286,0.0011844679465178518,0.03211659390416347,0.35453959086484416,0.00028375576403296993,2.2223929120650436,,,,,,,,0.4297501881689369,
5,blocks.5.attn.q_proj,attention_qkv,dp_kfc_a,0.01,0.9986193050374639,0.061267941086637856,0.26981849296073507,1.7880902265007406,18.430579680393986,-2.982611986088381e-08,24.18002121939876,,,,,,,,0.010013826039167992,
5,blocks.5.attn.k_proj,attention_qkv,dp_kfc_a,0.01,0.9986193050374639,0.061267941086637856,0.26981849296073507,1.7880902265007406,18.430579680393986,-2.982611986088381e-08,24.18002121939876,,,,,,,,0.010013826039167992,
5,blocks.5.attn.v_proj,attention_qkv,dp_kfc_a,0.01,0.9986193050374639,0.061267941086637856,0.26981849296073507,1.7880902265007406,18.430579680393986,-2.982611986088381e-08,24.18002121939876,,,,,,,,0.010013826039167992,
5,blocks.5.attn.out_proj,attention_out,dp_kfc_a,0.01,0.00813558105678826,3.564505767713922e-06,6.992225487681076e-05,0.00103205117543958,0.0031953654509330807,8.288880427513584e-07,1.5066768589200146,,,,,,,,1.22916850440032,
5,blocks.5.mlp.fc1,mlp,dp_kfc_a,0.01,0.9982635993413975,0.06142828310952662,0.26968307235154826,1.7857883301522892,18.369460767892583,-3.545228390971228e-08,24.190778127823567,,,,,,,,0.010017394209903557,
5,blocks.5.mlp.fc2,mlp,dp_kfc_a,0.01,0.022943978125207678,0.00040945221206719175,0.0011489507221625005,0.03124882401469507,0.34732278021863094,0.0002695056539447895,2.266722213411303,,,,,,,,0.43584420911792016,
5,blocks.6.attn.q_proj,attention_qkv,dp_kfc_a,0.01,0.9984470343342717,0.056404812357281356,0.26206509761747243,1.7641635835885696,18.502126894759748,3.208875620967736e-08,23.822609559302013,,,,,,,,0.010015553811192035,
5,blocks.6.attn.k_proj,attention_qkv,dp_kfc_a,0.01,0.9984470343342717,0.056404812357281356,0.26206509761747243,1.7641635835885696,18.502126894759748,3.208875620967736e-08,23.822609559302013,,,,,,,,0.010015553811192035,
5,blocks.6.attn.v_proj,attention_qkv,dp_kfc_a,0.01,0.9984470343342717,0.056404812357281356,0.26206509761747243,1.7641635835885696,18.502126894759748,3.208875620967736e-08,23.822609559302013,,,,,,,,0.010015553811192035,
5,blocks.6.attn.out_proj,attention_out,dp_kfc_a,0.01,0.008037966003501547,3.3527532849023987e-06,7.002377986323252e-05,0.0010669084755422216,0.0032987750399176455,7.588781803120979e-07,1.4844748923773015,,,,,,,,1.2440958316623558,
5,blocks.6.mlp.fc1,mlp,dp_kfc_a,0.01,0.9978068495661484,0.05661425127233695,0.2618472264477949,1.7583332314061566,18.446196962897115,-3.772539990549194e-08,23.758208177319528,,,,,,,,0.010021979709147168,
5,blocks.6.mlp.fc2,mlp,dp_kfc_a,0.01,0.02357870871649258,0.00040359248324894784,0.0011782441531824539,0.030662871686046474,0.36066928027239953,0.0002660610034675475,2.287248820484607,,,,,,,,0.4241114354580965,
5,blocks.7.attn.q_proj,attention_qkv,dp_kfc_a,0.01,0.9984460917779201,0.05333025453530032,0.24833587083667819,1.749001742712275,18.35247337913435,4.386808824623925e-09,24.19122017939295,,,,,,,,0.010015563266107967,
5,blocks.7.attn.k_proj,attention_qkv,dp_kfc_a,0.01,0.9984460917779201,0.05333025453530032,0.24833587083667819,1.749001742712275,18.35247337913435,4.386808824623925e-09,24.19122017939295,,,,,,,,0.010015563266107967,
5,blocks.7.attn.v_proj,attention_qkv,dp_kfc_a,0.01,0.9984460917779201,0.05333025453530032,0.24833587083667819,1.749001742712275,18.35247337913435,4.386808824623925e-09,24.19122017939295,,,,,,,,0.010015563266107967,
5,blocks.7.attn.out_proj,attention_out,dp_kfc_a,0.01,0.008372813558816389,2.9830876248636253e-06,6.794581312183913e-05,0.0010864760268767854,0.0038004424349259752,7.168821124828062e-07,1.549138323716399,,,,,,,,1.1943416546604242,
5,blocks.7.mlp.fc1,mlp,dp_kfc_a,0.01,0.9986252083679555,0.05343978598881933,0.24969177448518387,1.7451234242079154,18.35537065867291,-3.5540619118405864e-08,24.19354421654201,,,,,,,,0.01001376684286081,
5,blocks.7.mlp.fc2,mlp,dp_kfc_a,0.01,0.022980301792313126,0.00039063740747022867,0.0011272424225294599,0.029608671443916143,0.3709709088083232,0.0002577821160461806,2.304318201320927,,,,,,,,0.4351552947553101,
5,blocks.8.attn.q_proj,attention_qkv,dp_kfc_a,0.01,0.997612812667313,0.04964111303380484,0.23733886028133538,1.7955241541727704,18.432923992308616,-1.4016212072922803e-08,23.633168374568072,,,,,,,,0.010023928996323778,
5,blocks.8.attn.k_proj,attention_qkv,dp_kfc_a,0.01,0.997612812667313,0.04964111303380484,0.23733886028133538,1.7955241541727704,18.432923992308616,-1.4016212072922803e-08,23.633168374568072,,,,,,,,0.010023928996323778,
5,blocks.8.attn.v_proj,attention_qkv,dp_kfc_a,0.01,0.997612812667313,0.04964111303380484,0.23733886028133538,1.7955241541727704,18.432923992308616,-1.4016212072922803e-08,23.633168374568072,,,,,,,,0.010023928996323778,
5,blocks.8.attn.out_proj,attention_out,dp_kfc_a,0.01,0.00806185359581931,2.897933059538671e-06,6.541536582466113e-05,0.0011742123821747918,0.003956045491423369,6.510994168821763e-07,1.484571975678718,,,,,,,,1.2404095263136221,
5,blocks.8.mlp.fc1,mlp,dp_kfc_a,0.01,0.9984654750231017,0.04977993500910865,0.23710216486071622,1.7908670071302846,18.394829038594416,-3.018035097346126e-08,23.58956708552953,,,,,,,,0.010015368833628052,
5,blocks.8.mlp.fc2,mlp,dp_kfc_a,0.01,0.023414521674311906,0.0003869489596759883,0.0011420323781669392,0.029016152911730594,0.3819674797143025,0.00023431621013199471,2.3911597751681675,,,,,,,,0.4270853848349595,
5,blocks.9.attn.q_proj,attention_qkv,dp_kfc_a,0.01,0.998356186355334,0.047063936413723674,0.23234859181406434,1.8108987020651302,18.497242395413092,-6.782515627277773e-08,24.496826838938443,,,,,,,,0.01001646520217065,
5,blocks.9.attn.k_proj,attention_qkv,dp_kfc_a,0.01,0.998356186355334,0.047063936413723674,0.23234859181406434,1.8108987020651302,18.497242395413092,-6.782515627277773e-08,24.496826838938443,,,,,,,,0.01001646520217065,
5,blocks.9.attn.v_proj,attention_qkv,dp_kfc_a,0.01,0.998356186355334,0.047063936413723674,0.23234859181406434,1.8108987020651302,18.497242395413092,-6.782515627277773e-08,24.496826838938443,,,,,,,,0.01001646520217065,
5,blocks.9.attn.out_proj,attention_out,dp_kfc_a,0.01,0.008455370926588334,2.8950433027761257e-06,6.308448136208601e-05,0.0012774335421268672,0.004220325361698798,7.288845174291564e-07,1.557852992234128,,,,,,,,1.1826802261926208,
5,blocks.9.mlp.fc1,mlp,dp_kfc_a,0.01,0.9981033558054909,0.04715891197270618,0.232039973932425,1.8090499323529237,18.46450236404355,-5.981016559712785e-08,24.482838365477146,,,,,,,,0.010019002482893953,
5,blocks.9.mlp.fc2,mlp,dp_kfc_a,0.01,0.022484405110354,0.00036389935269458143,0.0010713853946764389,0.02767373754875379,0.3514876700921896,0.00024761665762610357,2.3331500730183987,,,,,,,,0.44475270530484395,
5,blocks.10.attn.q_proj,attention_qkv,dp_kfc_a,0.01,0.998161071631575,0.044708025087519976,0.22409517523055675,1.8097151191715257,18.05344486155553,-4.766210571162014e-08,24.892351958696654,,,,,,,,0.010018423162560519,
5,blocks.10.attn.k_proj,attention_qkv,dp_kfc_a,0.01,0.998161071631575,0.044708025087519976,0.22409517523055675,1.8097151191715257,18.05344486155553,-4.766210571162014e-08,24.892351958696654,,,,,,,,0.010018423162560519,
5,blocks.10.attn.v_proj,attention_qkv,dp_kfc_a,0.01,0.998161071631575,0.044708025087519976,0.22409517523055675,1.8097151191715257,18.05344486155553,-4.766210571162014e-08,24.892351958696654,,,,,,,,0.010018423162560519,
5,blocks.10.attn.out_proj,attention_out,dp_kfc_a,0.01,0.008915073968020118,2.852677614751933e-06,6.40734629115577e-05,0.0013090041224280797,0.004492541884029304,7.103760515635372e-07,1.6414640839864432,,,,,,,,1.121695684844758,
5,blocks.10.mlp.fc1,mlp,dp_kfc_a,0.01,0.9981641550138207,0.04467225008558534,0.22374030052825528,1.803577114297196,18.032034738004658,-1.7520471682688844e-08,24.858724751598903,,,,,,,,0.010018392215117702,
5,blocks.10.mlp.fc2,mlp,dp_kfc_a,0.01,0.023333288711024587,0.0003617297193377812,0.0010917991984272445,0.027306400227536852,0.35801120778801776,0.00023656159161997508,2.498368180246741,,,,,,,,0.4285722481664219,
5,blocks.11.attn.q_proj,attention_qkv,dp_kfc_a,0.01,0.9981997118095043,0.043497871861863185,0.21902409751988816,1.833110516620912,18.242389978358755,1.746108982410323e-08,23.873731288648965,,,,,,,,0.010018035350733895,
5,blocks.11.attn.k_proj,attention_qkv,dp_kfc_a,0.01,0.9981997118095043,0.043497871861863185,0.21902409751988816,1.833110516620912,18.242389978358755,1.746108982410323e-08,23.873731288648965,,,,,,,,0.010018035350733895,
5,blocks.11.attn.v_proj,attention_qkv,dp_kfc_a,0.01,0.9981997118095043,0.043497871861863185,0.21902409751988816,1.833110516620912,18.242389978358755,1.746108982410323e-08,23.873731288648965,,,,,,,,0.010018035350733895,
5,blocks.11.attn.out_proj,attention_out,dp_kfc_a,0.01,0.00892123947742786,2.690143194967077e-06,6.188793037189595e-05,0.0012489818751990943,0.004695377593846447,6.58263107634534e-07,1.6452104082581276,,,,,,,,1.1209204758264335,
5,blocks.11.mlp.fc1,mlp,dp_kfc_a,0.01,0.9985413433974272,0.0436402906177064,0.21875969707172002,1.8298863097108657,18.18891422626162,-2.3806785852930405e-08,23.83911900811147,,,,,,,,0.010014607873897439,
5,blocks.11.mlp.fc2,mlp,dp_kfc_a,0.01,0.023702144801437428,0.00035664304509492554,0.0010913630587227306,0.027801022177100822,0.36222061180782217,0.00018062799617040486,2.620651686148194,,,,,,,,0.42190274693594587,
5,head,patch_head,dp_kfc_a,0.01,0.9985002193580638,0.00023336473141956967,0.0032843452536133076,0.208169276194295,1.0705128255028964,4.881522269531762e-08,179.29495279520597,,,,,,,,0.01001502033362497,
6,patch_embed,patch_head,dp_kfc_a,0.01,0.25097329184044787,0.025453289369515558,0.04976263322542919,0.2600326640300465,4.192280021489064,0.016666568367340463,26.385979432268417,,,,,,,,0.039844877224455164,
6,blocks.0.attn.q_proj,attention_qkv,dp_kfc_a,0.01,0.9981571840498732,0.11999976879979853,0.34096895497373886,1.6110401768625777,19.02393122845527,-3.06586703641947e-08,24.544107804668435,,,,,,,,0.010018462181904556,
6,blocks.0.attn.k_proj,attention_qkv,dp_kfc_a,0.01,0.9981571840498732,0.11999976879979853,0.34096895497373886,1.6110401768625777,19.02393122845527,-3.06586703641947e-08,24.544107804668435,,,,,,,,0.010018462181904556,
6,blocks.0.attn.v_proj,attention_qkv,dp_kfc_a,0.01,0.9981571840498732,0.11999976879979853,0.34096895497373886,1.6110401768625777,19.02393122845527,-3.06586703641947e-08,24.544107804668435,,,,,,,,0.010018462181904556,
6,blocks.0.attn.out_proj,attention_out,dp_kfc_a,0.01,0.005857580095976519,5.191133355866515e-06,8.733289715125801e-05,0.0007440775059451546,0.001862567332953423,1.252321011312912e-06,1.083073444605399,,,,,,,,1.707189630555602,
6,blocks.0.mlp.fc1,mlp,dp_kfc_a,0.01,0.9980412332505143,0.11999446600942688,0.3404013157007787,1.6263768658599131,19.017948416711672,-1.2214470986859067e-08,24.54162891072012,,,,,,,,0.010019626110467462,
6,blocks.0.mlp.fc2,mlp,dp_kfc_a,0.01,0.023570519656437038,0.0005058865390594401,0.00131877182743271,0.03611753677400433,0.3678825078093957,0.0003447337192993534,2.07813615853075,,,,,,,,0.42425878367382663,
6,blocks.1.attn.q_proj,attention_qkv,dp_kfc_a,0.01,0.9979643759949838,0.10010847447538235,0.3262115740020717,1.6110553575869628,19.087505437191236,3.5785949045935416e-09,25.135255054816355,,,,,,,,0.010020397762224596,
6,blocks.1.attn.k_proj,attention_qkv,dp_kfc_a,0.01,0.9979643759949838,0.10010847447538235,0.3262115740020717,1.6110553575869628,19.087505437191236,3.5785949045935416e-09,25.135255054816355,,,,,,,,0.010020397762224596,
6,blocks.1.attn.v_proj,attention_qkv,dp_kfc_a,0.01,0.9979643759949838,0.10010847447538235,0.3262115740020717,1.6110553575869628,19.087505437191236,3.5785949045935416e-09,25.135255054816355,,,,,,,,0.010020397762224596,
6,blocks.1.attn.out_proj,attention_out,dp_kfc_a,0.01,0.006060600787439804,4.328625597197085e-06,8.056936141195019e-05,0.0007759463312730404,0.002121781441973728,8.987429504430346e-07,1.119325137633613,,,,,,,,1.6500014356207626,
6,blocks.1.mlp.fc1,mlp,dp_kfc_a,0.01,0.9974192226488974,0.10037340470294107,0.3260904363872927,1.6154952987123194,19.03993076827336,-3.310538746559066e-08,25.136820866599844,,,,,,,,0.010025874549963542,
6,blocks.1.mlp.fc2,mlp,dp_kfc_a,0.01,0.023111480368138988,0.0004755916212471981,0.0012547967809472735,0.034443051455718056,0.3887596145652504,0.0002960595990932018,1.9397048752360695,,,,,,,,0.43268539447545706,
6,blocks.2.attn.q_proj,attention_qkv,dp_kfc_a,0.01,0.9974865283373107,0.08583663229648754,0.30671637093354315,1.6434823843183304,18.81679075379031,-1.4994638378521483e-09,25.390064251716893,,,,,,,,0.010025198051214577,
6,blocks.2.attn.k_proj,attention_qkv,dp_kfc_a,0.01,0.9974865283373107,0.08583663229648754,0.30671637093354315,1.6434823843183304,18.81679075379031,-1.4994638378521483e-09,25.390064251716893,,,,,,,,0.010025198051214577,
6,blocks.2.attn.v_proj,attention_qkv,dp_kfc_a,0.01,0.9974865283373107,0.08583663229648754,0.30671637093354315,1.6434823843183304,18.81679075379031,-1.4994638378521483e-09,25.390064251716893,,,,,,,,0.010025198051214577,
6,blocks.2.attn.out_proj,attention_out,dp_kfc_a,0.01,0.006391824168663404,3.7632907020921538e-06,7.614963149986784e-05,0.0008439636474046021,0.002454699883851494,9.127010075745762e-07,1.179922065105589,,,,,,,,1.5644986057385715,
6,blocks.2.mlp.fc1,mlp,dp_kfc_a,0.01,0.9976560291230988,0.08623466248610244,0.30640113366905775,1.641586375960793,18.80214022872255,2.91190146972397e-08,25.329271295305283,,,,,,,,0.010023494779848737,
6,blocks.2.mlp.fc2,mlp,dp_kfc_a,0.01,0.02354521434075927,0.0004651335201461563,0.001264152389710082,0.03448770821443039,0.36598557651956676,0.0003200842044222966,2.1348904515425597,,,,,,,,0.4247147575415755,
6,blocks.3.attn.q_proj,attention_qkv,dp_kfc_a,0.01,0.9981111181523517,0.07565942780395213,0.295475841656208,1.7457072680821968,18.26110038273822,-1.594549134436578e-08,25.72036039051281,,,,,,,,0.010018924564743303,
6,blocks.3.attn.k_proj,attention_qkv,dp_kfc_a,0.01,0.9981111181523517,0.07565942780395213,0.295475841656208,1.7457072680821968,18.26110038273822,-1.594549134436578e-08,25.72036039051281,,,,,,,,0.010018924564743303,
6,blocks.3.attn.v_proj,attention_qkv,dp_kfc_a,0.01,0.9981111181523517,0.07565942780395213,0.295475841656208,1.7457072680821968,18.26110038273822,-1.594549134436578e-08,25.72036039051281,,,,,,,,0.010018924564743303,
6,blocks.3.attn.out_proj,attention_out,dp_kfc_a,0.01,0.006733971137545612,3.809966704693751e-06,7.63777421391307e-05,0.000912868920481891,0.0029088144305877,9.183774573409341e-07,1.2429919245349694,,,,,,,,1.4850078498620927,
6,blocks.3.mlp.fc1,mlp,dp_kfc_a,0.01,0.9975081598820464,0.07572946751987082,0.29645173629628274,1.7410440368075788,18.27204970656392,-5.1663785256305803e-08,25.636265171147233,,,,,,,,0.010024980648962794,
6,blocks.3.mlp.fc2,mlp,dp_kfc_a,0.01,0.023553035316458373,0.0004485848264847898,0.0012433994418055568,0.032873097183605114,0.3543839886456744,0.0002958951977391623,2.1269990132352747,,,,,,,,0.4245737275743907,
6,blocks.4.attn.q_proj,attention_qkv,dp_kfc_a,0.01,0.9986210752645305,0.06747243931682374,0.27940680288794933,1.753134143947646,18.728714236578213,-2.3380724734669025e-08,25.002989120666783,,,,,,,,0.010013808287944497,
6,blocks.4.attn.k_proj,attention_qkv,dp_kfc_a,0.01,0.9986210752645305,0.06747243931682374,0.27940680288794933,1.753134143947646,18.728714236578213,-2.3380724734669025e-08,25.002989120666783,,,,,,,,0.010013808287944497,
6,blocks.4.attn.v_proj,attention_qkv,dp_kfc_a,0.01,0.9986210752645305,0.06747243931682374,0.27940680288794933,1.753134143947646,18.728714236578213,-2.3380724734669025e-08,25.002989120666783,,,,,,,,0.010013808287944497,
6,blocks.4.attn.out_proj,attention_out,dp_kfc_a,0.01,0.007200363399071856,3.582027132610461e-06,7.51637665958102e-05,0.0009488971360250415,0.0030543113973261343,8.913300255112043e-07,1.3284891794681202,,,,,,,,1.3888187922972088,
6,blocks.4.mlp.fc1,mlp,dp_kfc_a,0.01,0.9980427737063077,0.06751843237903783,0.27883594169956116,1.745947505627486,18.655302471231803,2.1947048553092063e-08,24.958845697502678,,,,,,,,0.010019610645407752,
6,blocks.4.mlp.fc2,mlp,dp_kfc_a,0.01,0.0233419773039276,0.00042365652796301934,0.0011964069638455408,0.03188841744060131,0.3567178909898868,0.0002908930501576786,2.2281415724134948,,,,,,,,0.42841272055891194,
6,blocks.5.attn.q_proj,attention_qkv,dp_kfc_a,0.01,0.9983070749075302,0.061954575186965136,0.26794994641121755,1.7699470160042188,18.398530604895836,-2.782389885802286e-08,23.869193343868268,,,,,,,,0.010016957959479818,
6,blocks.5.attn.k_proj,attention_qkv,dp_kfc_a,0.01,0.9983070749075302,0.061954575186965136,0.26794994641121755,1.7699470160042188,18.398530604895836,-2.782389885802286e-08,23.869193343868268,,,,,,,,0.010016957959479818,
6,blocks.5.attn.v_proj,attention_qkv,dp_kfc_a,0.01,0.9983070749075302,0.061954575186965136,0.26794994641121755,1.7699470160042188,18.398530604895836,-2.782389885802286e-08,23.869193343868268,,,,,,,,0.010016957959479818,
6,blocks.5.attn.out_proj,attention_out,dp_kfc_a,0.01,0.00816457689250578,3.5984295295844955e-06,6.798636736444984e-05,0.0010834929048689384,0.003370466159071951,8.994222412370791e-07,1.511428141661067,,,,,,,,1.2248032116861982,
6,blocks.5.mlp.fc1,mlp,dp_kfc_a,0.01,0.9981842232491687,0.062024752100413146,0.2673609069856296,1.7668054823917037,18.336410169421036,-4.080573665075257e-08,23.879876508970362,,,,,,,,0.010018190797936284,
6,blocks.5.mlp.fc2,mlp,dp_kfc_a,0.01,0.023124195325281593,0.00041331187604630725,0.0011702725812872837,0.03127934703407489,0.3527835919128102,0.0002713419735725978,2.268802861419574,,,,,,,,0.432447480196945,
6,blocks.6.attn.q_proj,attention_qkv,dp_kfc_a,0.01,0.9982472462048803,0.05680906690740976,0.2610054929689437,1.7522456566968079,18.279604965320534,-2.973249075388606e-08,23.580494341280577,,,,,,,,0.010017558313351561,
6,blocks.6.attn.k_proj,attention_qkv,dp_kfc_a,0.01,0.9982472462048803,0.05680906690740976,0.2610054929689437,1.7522456566968079,18.279604965320534,-2.973249075388606e-08,23.580494341280577,,,,,,,,0.010017558313351561,
6,blocks.6.attn.v_proj,attention_qkv,dp_kfc_a,0.01,0.9982472462048803,0.05680906690740976,0.2610054929689437,1.7522456566968079,18.279604965320534,-2.973249075388606e-08,23.580494341280577,,,,,,,,0.010017558313351561,
6,blocks.6.attn.out_proj,attention_out,dp_kfc_a,0.01,0.0079677953479668,3.32971791314776e-06,7.245820224736534e-05,0.0011017588176682523,0.003312521702517637,7.751080407905892e-07,1.4700019329108478,,,,,,,,1.255052315387565,
6,blocks.6.mlp.fc1,mlp,dp_kfc_a,0.01,0.997179309321191,0.05690107281805326,0.2616575387956161,1.746789632144353,18.219235570311202,-2.7291406219059783e-08,23.49519441721889,,,,,,,,0.01002828669480446,
6,blocks.6.mlp.fc2,mlp,dp_kfc_a,0.01,0.023737133949297457,0.000410706529089943,0.0011889173786788641,0.030874018663327625,0.370643264952905,0.0002700232266099553,2.2956954375437513,,,,,,,,0.42128085140185884,
6,blocks.7.attn.q_proj,attention_qkv,dp_kfc_a,0.01,0.9980047535093337,0.053652320602669744,0.24906444621454907,1.7813198322023447,18.132994031553245,-1.100959903587395e-08,23.81632678197362,,,,,,,,0.010019992354581984,
6,blocks.7.attn.k_proj,attention_qkv,dp_kfc_a,0.01,0.9980047535093337,0.053652320602669744,0.24906444621454907,1.7813198322023447,18.132994031553245,-1.100959903587395e-08,23.81632678197362,,,,,,,,0.010019992354581984,
6,blocks.7.attn.v_proj,attention_qkv,dp_kfc_a,0.01,0.9980047535093337,0.053652320602669744,0.24906444621454907,1.7813198322023447,18.132994031553245,-1.100959903587395e-08,23.81632678197362,,,,,,,,0.010019992354581984,
6,blocks.7.attn.out_proj,attention_out,dp_kfc_a,0.01,0.00840326716295212,3.123618550603653e-06,6.853401798999836e-05,0.0011129558172572902,0.0038678119874144164,7.599844492227968e-07,1.5532729633839835,,,,,,,,1.1900133372038286,
6,blocks.7.mlp.fc1,mlp,dp_kfc_a,0.01,0.9979203629061348,0.05373907673742938,0.24838701977097452,1.7709227469457673,18.12425780245757,-4.1670297273486955e-08,23.82210806932849,,,,,,,,0.010020839709972536,
6,blocks.7.mlp.fc2,mlp,dp_kfc_a,0.01,0.023070356609985253,0.00039727917756872145,0.0011339043721339149,0.029637936548480345,0.374157691848816,0.00026382232249792613,2.309681301742058,,,,,,,,0.4334566720859367,
6,blocks.8.attn.q_proj,attention_qkv,dp_kfc_a,0.01,0.9971664720866347,0.04909131139117776,0.23798222370631023,1.822853401411657,18.31524911189479,-2.4616364894466108e-08,23.268236195575856,,,,,,,,0.01002841579608504,
6,blocks.8.attn.k_proj,attention_qkv,dp_kfc_a,0.01,0.9971664720866347,0.04909131139117776,0.23798222370631023,1.822853401411657,18.31524911189479,-2.4616364894466108e-08,23.268236195575856,,,,,,,,0.01002841579608504,
6,blocks.8.attn.v_proj,attention_qkv,dp_kfc_a,0.01,0.9971664720866347,0.04909131139117776,0.23798222370631023,1.822853401411657,18.31524911189479,-2.4616364894466108e-08,23.268236195575856,,,,,,,,0.01002841579608504,
6,blocks.8.attn.out_proj,attention_out,dp_kfc_a,0.01,0.008056383208103883,2.8831717479263676e-06,6.510614322992653e-05,0.0012369150582252336,0.00440276317223665,6.736120331541213e-07,1.4817048806431357,,,,,,,,1.241251780320112,
6,blocks.8.mlp.fc1,mlp,dp_kfc_a,0.01,0.9983498818516114,0.04937763161524536,0.23781084750858777,1.8181608354351473,18.292286590808256,-4.1294336190784636e-08,23.200140007108548,,,,,,,,0.010016528455388087,
6,blocks.8.mlp.fc2,mlp,dp_kfc_a,0.01,0.023525117673658037,0.000392917618658525,0.0011596983485238554,0.02880951614230794,0.3906110995965622,0.00023723135696244828,2.3985717004686196,,,,,,,,0.42507757617711633,
6,blocks.9.attn.q_proj,attention_qkv,dp_kfc_a,0.01,0.9981764091728883,0.047450808944357,0.22969764283898,1.8212101749547334,18.42439470254033,7.366742967633113e-10,24.196368283105294,,,,,,,,0.010018269223860166,
6,blocks.9.attn.k_proj,attention_qkv,dp_kfc_a,0.01,0.9981764091728883,0.047450808944357,0.22969764283898,1.8212101749547334,18.42439470254033,7.366742967633113e-10,24.196368283105294,,,,,,,,0.010018269223860166,
6,blocks.9.attn.v_proj,attention_qkv,dp_kfc_a,0.01,0.9981764091728883,0.047450808944357,0.22969764283898,1.8212101749547334,18.42439470254033,7.366742967633113e-10,24.196368283105294,,,,,,,,0.010018269223860166,
6,blocks.9.attn.out_proj,attention_out,dp_kfc_a,0.01,0.0084558725391739,2.941764033856393e-06,6.375223524192241e-05,0.001277192414267923,0.0043680462188457015,6.884949782068726e-07,1.5568178851080534,,,,,,,,1.1826100681712681,
6,blocks.9.mlp.fc1,mlp,dp_kfc_a,0.01,0.9978543245112959,0.04764696065460733,0.23034941996396816,1.8183483559850036,18.385351489396907,-2.2237170705212236e-08,24.198948638265836,,,,,,,,0.010021502893117741,
6,blocks.9.mlp.fc2,mlp,dp_kfc_a,0.01,0.022557741262367474,0.0003684155031303275,0.0010845299908752574,0.027399787051800985,0.3603970956013568,0.0002466574609649775,2.3466961410244687,,,,,,,,0.44330679582191834,
6,blocks.10.attn.q_proj,attention_qkv,dp_kfc_a,0.01,0.9976169158139995,0.044526233654662205,0.22395797090840597,1.8364599439752092,18.060458861972148,-5.042498600511586e-09,24.352434692458218,,,,,,,,0.010023887768423173,
6,blocks.10.attn.k_proj,attention_qkv,dp_kfc_a,0.01,0.9976169158139995,0.044526233654662205,0.22395797090840597,1.8364599439752092,18.060458861972148,-5.042498600511586e-09,24.352434692458218,,,,,,,,0.010023887768423173,
6,blocks.10.attn.v_proj,attention_qkv,dp_kfc_a,0.01,0.9976169158139995,0.044526233654662205,0.22395797090840597,1.8364599439752092,18.060458861972148,-5.042498600511586e-09,24.352434692458218,,,,,,,,0.010023887768423173,
6,blocks.10.attn.out_proj,attention_out,dp_kfc_a,0.01,0.008862685193965172,2.8687163879851607e-06,6.36201081541129e-05,0.0013638878531056836,0.004642388593896344,6.741549154717217e-07,1.6303217262518965,,,,,,,,1.1283262105269467,
6,blocks.10.mlp.fc1,mlp,dp_kfc_a,0.01,0.9979595183708507,0.04475809778715433,0.22386121568721437,1.8321633560616923,18.03724903548798,-7.656305843650474e-09,24.313955101588046,,,,,,,,0.010020446537074774,
6,blocks.10.mlp.fc2,mlp,dp_kfc_a,0.01,0.02343011083582753,0.0003662769322261761,0.0011026282196994312,0.027379900265011147,0.35948496917088213,0.00023017083665529222,2.500805565157641,,,,,,,,0.4268012247175872,
6,blocks.11.attn.q_proj,attention_qkv,dp_kfc_a,0.01,0.998037553204156,0.043913906534832445,0.21979654041295393,1.8535584966082848,18.183941054234108,-1.1645066560799065e-08,23.615504524347177,,,,,,,,0.010019663055659015,
6,blocks.11.attn.k_proj,attention_qkv,dp_kfc_a,0.01,0.998037553204156,0.043913906534832445,0.21979654041295393,1.8535584966082848,18.183941054234108,-1.1645066560799065e-08,23.615504524347177,,,,,,,,0.010019663055659015,
6,blocks.11.attn.v_proj,attention_qkv,dp_kfc_a,0.01,0.998037553204156,0.043913906534832445,0.21979654041295393,1.8535584966082848,18.183941054234108,-1.1645066560799065e-08,23.615504524347177,,,,,,,,0.010019663055659015,
6,blocks.11.attn.out_proj,attention_out,dp_kfc_a,0.01,0.008927032134496882,2.735501667253226e-06,6.212922597176085e-05,0.0012830275026091402,0.0049199041325505245,6.279723087387986e-07,1.64490284179698,,,,,,,,1.120193122343184,
6,blocks.11.mlp.fc1,mlp,dp_kfc_a,0.01,0.9983791588501609,0.04397584014488865,0.21918355443558205,1.8523209065873185,18.144262245737732,-3.5540379452551404e-08,23.58414575985251,,,,,,,,0.010016234725409391,
6,blocks.11.mlp.fc2,mlp,dp_kfc_a,0.01,0.023761271816401006,0.00036124279737720274,0.0011054969427694594,0.02799241248981477,0.3678608791246916,0.0001881059078736622,2.5991564930079036,,,,,,,,0.42085289361900186,
6,head,patch_head,dp_kfc_a,0.01,0.9979200599608953,0.00025001337971914,0.003442616924159329,0.20871280664874584,1.075857009724363,7.373943650507257e-08,178.80567737614217,,,,,,,,0.010020842752065594,
7,patch_embed,patch_head,dp_kfc_a,0.01,0.25097329461140505,0.02541372186689779,0.04981715436194297,0.25956937564614596,4.195849990154918,0.016647014680086353,26.28799503432289,,,,,,,,0.03984487678453406,
7,blocks.0.attn.q_proj,attention_qkv,dp_kfc_a,0.01,0.9980005578673565,0.12119445694609356,0.3447056367200746,1.6169325516007862,18.904470566579068,-3.603248882098465e-08,24.436997733695932,,,,,,,,0.01002003447910807,
7,blocks.0.attn.k_proj,attention_qkv,dp_kfc_a,0.01,0.9980005578673565,0.12119445694609356,0.3447056367200746,1.6169325516007862,18.904470566579068,-3.603248882098465e-08,24.436997733695932,,,,,,,,0.01002003447910807,
7,blocks.0.attn.v_proj,attention_qkv,dp_kfc_a,0.01,0.9980005578673565,0.12119445694609356,0.3447056367200746,1.6169325516007862,18.904470566579068,-3.603248882098465e-08,24.436997733695932,,,,,,,,0.01002003447910807,
7,blocks.0.attn.out_proj,attention_out,dp_kfc_a,0.01,0.005868842224970489,5.334328262887496e-06,8.704313375610908e-05,0.0007193794221025814,0.0018807574955209479,1.2471039221419355e-06,1.0848868412001231,,,,,,,,1.703913585792517,
7,blocks.0.mlp.fc1,mlp,dp_kfc_a,0.01,0.9977488002011196,0.1213153048620287,0.34544048563778035,1.636480177235031,18.89952114219473,-1.2193600137062258e-09,24.4260190051908,,,,,,,,0.010022562791340131,
7,blocks.0.mlp.fc2,mlp,dp_kfc_a,0.01,0.02363549469714628,0.0005087831188343681,0.0013302617939065355,0.03651492474553571,0.37233321981192063,0.00035064855613024825,2.0876125993171306,,,,,,,,0.4230924771465599,
7,blocks.1.attn.q_proj,attention_qkv,dp_kfc_a,0.01,0.9976308895516273,0.1006428557654602,0.3257633522876314,1.645480516464405,18.902451849142725,-4.1656970058456785e-08,25.006276037088202,,,,,,,,0.010023747364613355,
7,blocks.1.attn.k_proj,attention_qkv,dp_kfc_a,0.01,0.9976308895516273,0.1006428557654602,0.3257633522876314,1.645480516464405,18.902451849142725,-4.1656970058456785e-08,25.006276037088202,,,,,,,,0.010023747364613355,
7,blocks.1.attn.v_proj,attention_qkv,dp_kfc_a,0.01,0.9976308895516273,0.1006428557654602,0.3257633522876314,1.645480516464405,18.902451849142725,-4.1656970058456785e-08,25.006276037088202,,,,,,,,0.010023747364613355,
7,blocks.1.attn.out_proj,attention_out,dp_kfc_a,0.01,0.00607117905769765,4.439977605892734e-06,8.291204067248317e-05,0.0007945445509398668,0.0021954808681569813,9.045837967401547e-07,1.121136151215555,,,,,,,,1.647126514465258,
7,blocks.1.mlp.fc1,mlp,dp_kfc_a,0.01,0.9967506012150661,0.10093223947160034,0.3247421011390998,1.648816334242339,18.844588965958007,-3.17492508466876e-08,24.992606270363204,,,,,,,,0.010032599917983222,
7,blocks.1.mlp.fc2,mlp,dp_kfc_a,0.01,0.02317960020057828,0.000478572861003099,0.0012623578420338456,0.03461437630093083,0.39161414551409285,0.00029377826615500734,1.9430767334488772,,,,,,,,0.43141382566859465,
7,blocks.2.attn.q_proj,attention_qkv,dp_kfc_a,0.01,0.9969968690773366,0.08552086957021589,0.3064082954361339,1.654825951483899,18.583501179476634,-3.3449528426170294e-08,25.31072326731083,,,,,,,,0.010030121768842088,
7,blocks.2.attn.k_proj,attention_qkv,dp_kfc_a,0.01,0.9969968690773366,0.08552086957021589,0.3064082954361339,1.654825951483899,18.583501179476634,-3.3449528426170294e-08,25.31072326731083,,,,,,,,0.010030121768842088,
7,blocks.2.attn.v_proj,attention_qkv,dp_kfc_a,0.01,0.9969968690773366,0.08552086957021589,0.3064082954361339,1.654825951483899,18.583501179476634,-3.3449528426170294e-08,25.31072326731083,,,,,,,,0.010030121768842088,
7,blocks.2.attn.out_proj,attention_out,dp_kfc_a,0.01,0.006431759463579737,4.0455054389816545e-06,7.663315750365007e-05,0.0008357490946742029,0.0024603090018821493,8.83452145684299e-07,1.187761183996909,,,,,,,,1.554784512173638,
7,blocks.2.mlp.fc1,mlp,dp_kfc_a,0.01,0.9970392371706395,0.08567969751730432,0.3047068462411115,1.6531128803692838,18.56228305338483,-5.5380835487886976e-08,25.24401451624459,,,,,,,,0.010029695549773572,
7,blocks.2.mlp.fc2,mlp,dp_kfc_a,0.01,0.023620072663828286,0.00047069097697829596,0.0012789941571724884,0.03422223641097515,0.37264965267635525,0.0003241114840184494,2.1628487592563177,,,,,,,,0.423368722963921,
7,blocks.3.attn.q_proj,attention_qkv,dp_kfc_a,0.01,0.9976438098620874,0.07596430062792162,0.29559761024307396,1.7546444723214494,18.062654476178253,-3.358423606003517e-08,25.60191931863372,,,,,,,,0.010023617548814725,
7,blocks.3.attn.k_proj,attention_qkv,dp_kfc_a,0.01,0.9976438098620874,0.07596430062792162,0.29559761024307396,1.7546444723214494,18.062654476178253,-3.358423606003517e-08,25.60191931863372,,,,,,,,0.010023617548814725,
7,blocks.3.attn.v_proj,attention_qkv,dp_kfc_a,0.01,0.9976438098620874,0.07596430062792162,0.29559761024307396,1.7546444723214494,18.062654476178253,-3.358423606003517e-08,25.60191931863372,,,,,,,,0.010023617548814725,
7,blocks.3.attn.out_proj,attention_out,dp_kfc_a,0.01,0.006782479290087427,3.93712008042693e-06,7.437634032773251e-05,0.0009068156739384412,0.0029475602126387748,9.2677838524624e-07,1.2520903509238137,,,,,,,,1.4743871042282384,
7,blocks.3.mlp.fc1,mlp,dp_kfc_a,0.01,0.9972868441300071,0.07624550926118306,0.29753303094161493,1.7557622650457578,18.08559026707227,-4.754781947195598e-08,25.528945563587417,,,,,,,,0.010027205371112258,
7,blocks.3.mlp.fc2,mlp,dp_kfc_a,0.01,0.023632242105736535,0.00045038319029124815,0.001256937264840855,0.03308205136789818,0.3549245702122592,0.00029779659474862645,2.1163481702198856,,,,,,,,0.4231507089025878,
7,blocks.4.attn.q_proj,attention_qkv,dp_kfc_a,0.01,0.9982333992429349,0.06743958223953184,0.2821560059261078,1.7775877364806771,18.507163634575896,-4.2844394999785337e-08,25.208690595648356,,,,,,,,0.01001769727158403,
7,blocks.4.attn.k_proj,attention_qkv,dp_kfc_a,0.01,0.9982333992429349,0.06743958223953184,0.2821560059261078,1.7775877364806771,18.507163634575896,-4.2844394999785337e-08,25.208690595648356,,,,,,,,0.01001769727158403,
7,blocks.4.attn.v_proj,attention_qkv,dp_kfc_a,0.01,0.9982333992429349,0.06743958223953184,0.2821560059261078,1.7775877364806771,18.507163634575896,-4.2844394999785337e-08,25.208690595648356,,,,,,,,0.01001769727158403,
7,blocks.4.attn.out_proj,attention_out,dp_kfc_a,0.01,0.0071574180855788535,3.6180259777521322e-06,7.408800650478346e-05,0.0009267077692100706,0.0031598197871726477,9.448668239401088e-07,1.3197336414110195,,,,,,,,1.3971518612484761,
7,blocks.4.mlp.fc1,mlp,dp_kfc_a,0.01,0.9977727980193697,0.06736527376665499,0.281522904096228,1.7685042603271994,18.446777747634652,-3.071847715096601e-08,25.161729436816834,,,,,,,,0.010022321734818302,
7,blocks.4.mlp.fc2,mlp,dp_kfc_a,0.01,0.023479834871102605,0.0004299959896049445,0.0012135944852341893,0.03233553280470461,0.3586390181328587,0.000292474764004045,2.2561881445383465,,,,,,,,0.42589737342264383,
7,blocks.5.attn.q_proj,attention_qkv,dp_kfc_a,0.01,0.9979961797054567,0.06174895178339671,0.27308755025000775,1.7697580903066799,18.146248771583757,4.748463645748678e-10,24.192559505757274,,,,,,,,0.010020078436524022,
7,blocks.5.attn.k_proj,attention_qkv,dp_kfc_a,0.01,0.9979961797054567,0.06174895178339671,0.27308755025000775,1.7697580903066799,18.146248771583757,4.748463645748678e-10,24.192559505757274,,,,,,,,0.010020078436524022,
7,blocks.5.attn.v_proj,attention_qkv,dp_kfc_a,0.01,0.9979961797054567,0.06174895178339671,0.27308755025000775,1.7697580903066799,18.146248771583757,4.748463645748678e-10,24.192559505757274,,,,,,,,0.010020078436524022,
7,blocks.5.attn.out_proj,attention_out,dp_kfc_a,0.01,0.008183708069788732,3.5895932638157373e-06,7.029625180991819e-05,0.0010852268697739357,0.00319063567996812,9.096769197396495e-07,1.5152389963661905,,,,,,,,1.2219399708203615,
7,blocks.5.mlp.fc1,mlp,dp_kfc_a,0.01,0.9977315404872202,0.061713619992662866,0.27315487128943317,1.7644839702198003,18.08670023214554,-5.535495850704015e-08,24.192269978979457,,,,,,,,0.010022736171211667,
7,blocks.5.mlp.fc2,mlp,dp_kfc_a,0.01,0.023255636343933517,0.00041913731129209977,0.0011859980749344549,0.031756116050011246,0.35725144230302625,0.000274485082279063,2.2975920685648994,,,,,,,,0.43000328402575005,
7,blocks.6.attn.q_proj,attention_qkv,dp_kfc_a,0.01,0.9978633884321223,0.05692965707158803,0.26505581617980356,1.758185009606662,17.975349340682694,-5.915695270520943e-08,23.969320698852727,,,,,,,,0.010021411864516192,
7,blocks.6.attn.k_proj,attention_qkv,dp_kfc_a,0.01,0.9978633884321223,0.05692965707158803,0.26505581617980356,1.758185009606662,17.975349340682694,-5.915695270520943e-08,23.969320698852727,,,,,,,,0.010021411864516192,
7,blocks.6.attn.v_proj,attention_qkv,dp_kfc_a,0.01,0.9978633884321223,0.05692965707158803,0.26505581617980356,1.758185009606662,17.975349340682694,-5.915695270520943e-08,23.969320698852727,,,,,,,,0.010021411864516192,
7,blocks.6.attn.out_proj,attention_out,dp_kfc_a,0.01,0.007963429008329461,3.262376591066447e-06,6.923377835011764e-05,0.0011586240415251729,0.0035033023299494213,8.269452753191501e-07,1.4684128380730626,,,,,,,,1.2557404592343773,
7,blocks.6.mlp.fc1,mlp,dp_kfc_a,0.01,0.9966985943095055,0.05708944559025655,0.26426988614747743,1.7542634550830074,17.905099444723493,-6.12592158236132e-08,23.877039451119508,,,,,,,,0.01003312341072159,
7,blocks.6.mlp.fc2,mlp,dp_kfc_a,0.01,0.02368495555810136,0.00041451336168695706,0.0012003362726628974,0.030787824486634155,0.37253661621688305,0.0002758620181671123,2.271120481461659,,,,,,,,0.42220894083879895,
7,blocks.7.attn.q_proj,attention_qkv,dp_kfc_a,0.01,0.9978408625088826,0.05360831163972517,0.2473714333243969,1.7943802143192478,17.912779606389474,-6.016207105843854e-08,23.610524070886115,,,,,,,,0.010021638094532315,
7,blocks.7.attn.k_proj,attention_qkv,dp_kfc_a,0.01,0.9978408625088826,0.05360831163972517,0.2473714333243969,1.7943802143192478,17.912779606389474,-6.016207105843854e-08,23.610524070886115,,,,,,,,0.010021638094532315,
7,blocks.7.attn.v_proj,attention_qkv,dp_kfc_a,0.01,0.9978408625088826,0.05360831163972517,0.2473714333243969,1.7943802143192478,17.912779606389474,-6.016207105843854e-08,23.610524070886115,,,,,,,,0.010021638094532315,
7,blocks.7.attn.out_proj,attention_out,dp_kfc_a,0.01,0.008494138884432904,3.1081732619373542e-06,6.834965315899926e-05,0.0011140201706113166,0.004029283580375843,8.079763061868018e-07,1.5706670580751279,,,,,,,,1.177282375065337,
7,blocks.7.mlp.fc1,mlp,dp_kfc_a,0.01,0.9974839176229863,0.053617991746002035,0.24745194257608916,1.7826014433512951,17.91034036997561,-2.3258128474545775e-08,23.62565165711723,,,,,,,,0.010025224290162086,
7,blocks.7.mlp.fc2,mlp,dp_kfc_a,0.01,0.023220595362340675,0.0004016646046291194,0.0011469327053963924,0.029570977253137024,0.37745380888724434,0.0002667243524533775,2.3366003815366847,,,,,,,,0.4306521794104414,
7,blocks.8.attn.q_proj,attention_qkv,dp_kfc_a,0.01,0.9965933240139423,0.04923770312654363,0.24028769056207247,1.8284254284732246,18.06202658435883,-2.8520799389424926e-08,23.59471599037642,,,,,,,,0.010034183210984565,
7,blocks.8.attn.k_proj,attention_qkv,dp_kfc_a,0.01,0.9965933240139423,0.04923770312654363,0.24028769056207247,1.8284254284732246,18.06202658435883,-2.8520799389424926e-08,23.59471599037642,,,,,,,,0.010034183210984565,
7,blocks.8.attn.v_proj,attention_qkv,dp_kfc_a,0.01,0.9965933240139423,0.04923770312654363,0.24028769056207247,1.8284254284732246,18.06202658435883,-2.8520799389424926e-08,23.59471599037642,,,,,,,,0.010034183210984565,
7,blocks.8.attn.out_proj,attention_out,dp_kfc_a,0.01,0.008014114492619894,2.9937586756005482e-06,6.634065887734695e-05,0.0011923859527795547,0.0043630062439773245,6.625924012634713e-07,1.473199660562708,,,,,,,,1.2477984946694842,
7,blocks.8.mlp.fc1,mlp,dp_kfc_a,0.01,0.997923537548342,0.04949871654467199,0.23905877548303545,1.823424355564366,18.03636167104907,1.8456444639036608e-08,23.552571000287383,,,,,,,,0.01002080783119676,
7,blocks.8.mlp.fc2,mlp,dp_kfc_a,0.01,0.023627246496290628,0.0003968832846585004,0.0011671567108948724,0.029476064124706523,0.39619467168644107,0.0002525549946487575,2.418181610400954,,,,,,,,0.42324017746079534,
7,blocks.9.attn.q_proj,attention_qkv,dp_kfc_a,0.01,0.9977494969269155,0.04761720262325771,0.2293549081435889,1.8246474838330975,18.152544857740036,-1.1735310833017993e-08,24.561528756437546,,,,,,,,0.010022555792611434,
7,blocks.9.attn.k_proj,attention_qkv,dp_kfc_a,0.01,0.9977494969269155,0.04761720262325771,0.2293549081435889,1.8246474838330975,18.152544857740036,-1.1735310833017993e-08,24.561528756437546,,,,,,,,0.010022555792611434,
7,blocks.9.attn.v_proj,attention_qkv,dp_kfc_a,0.01,0.9977494969269155,0.04761720262325771,0.2293549081435889,1.8246474838330975,18.152544857740036,-1.1735310833017993e-08,24.561528756437546,,,,,,,,0.010022555792611434,
7,blocks.9.attn.out_proj,attention_out,dp_kfc_a,0.01,0.00852476073645533,3.0066020077508e-06,6.34919314936628e-05,0.0012595630060011373,0.004469330147300664,6.653324256995473e-07,1.569898613828649,,,,,,,,1.1730534509004986,
7,blocks.9.mlp.fc1,mlp,dp_kfc_a,0.01,0.9977524132308565,0.04776992105557714,0.22967158780554578,1.8230920622010074,18.125348874876885,-2.3222897511590588e-08,24.567937570836435,,,,,,,,0.010022526497950183,
7,blocks.9.mlp.fc2,mlp,dp_kfc_a,0.01,0.022584377129178285,0.0003717933797200674,0.001093881084921552,0.02736754279945116,0.3656490102457459,0.00024346907802621904,2.3424802058447134,,,,,,,,0.44278396268366965,
7,blocks.10.attn.q_proj,attention_qkv,dp_kfc_a,0.01,0.9968569658580839,0.04394965242812817,0.2257990155771362,1.864423549596052,17.77884070795163,-5.183772560291736e-08,24.535380692753257,,,,,,,,0.01003152943952406,
7,blocks.10.attn.k_proj,attention_qkv,dp_kfc_a,0.01,0.9968569658580839,0.04394965242812817,0.2257990155771362,1.864423549596052,17.77884070795163,-5.183772560291736e-08,24.535380692753257,,,,,,,,0.01003152943952406,
7,blocks.10.attn.v_proj,attention_qkv,dp_kfc_a,0.01,0.9968569658580839,0.04394965242812817,0.2257990155771362,1.864423549596052,17.77884070795163,-5.183772560291736e-08,24.535380692753257,,,,,,,,0.01003152943952406,
7,blocks.10.attn.out_proj,attention_out,dp_kfc_a,0.01,0.008836520461629777,3.080374947785052e-06,6.14878040017597e-05,0.001354988612388795,0.004575587855914094,7.340642247822639e-07,1.624738983127042,,,,,,,,1.1316671582918099,
7,blocks.10.mlp.fc1,mlp,dp_kfc_a,0.01,0.9975744553798221,0.04404771196652372,0.22660797368296012,1.8618235136616772,17.761446734175536,1.1334494227985014e-08,24.482317031636892,,,,,,,,0.010024314421917053,
7,blocks.10.mlp.fc2,mlp,dp_kfc_a,0.01,0.023527835866361275,0.0003688586819480943,0.0011089992968737986,0.027683945533292346,0.35707894512726446,0.0002353185161961017,2.52025777878135,,,,,,,,0.4250284665704174,
7,blocks.11.attn.q_proj,attention_qkv,dp_kfc_a,0.01,0.9979177191467483,0.04324250355497943,0.21901528937773546,1.8443809952685901,17.85554781459041,-2.5923621609592426e-08,23.890853220264948,,,,,,,,0.010020866257941909,
7,blocks.11.attn.k_proj,attention_qkv,dp_kfc_a,0.01,0.9979177191467483,0.04324250355497943,0.21901528937773546,1.8443809952685901,17.85554781459041,-2.5923621609592426e-08,23.890853220264948,,,,,,,,0.010020866257941909,
7,blocks.11.attn.v_proj,attention_qkv,dp_kfc_a,0.01,0.9979177191467483,0.04324250355497943,0.21901528937773546,1.8443809952685901,17.85554781459041,-2.5923621609592426e-08,23.890853220264948,,,,,,,,0.010020866257941909,
7,blocks.11.attn.out_proj,attention_out,dp_kfc_a,0.01,0.009017160079692891,2.6708257925980606e-06,6.2858614127525e-05,0.001290881236205025,0.005020685484558872,6.370787193796956e-07,1.66190572304661,,,,,,,,1.1089966144130585,
7,blocks.11.mlp.fc1,mlp,dp_kfc_a,0.01,0.9977080340212491,0.043097658532640304,0.2188020984037895,1.842142227437475,17.81904008017027,-2.1342529519864814e-08,23.853351231747634,,,,,,,,0.010022972311544021,
7,blocks.11.mlp.fc2,mlp,dp_kfc_a,0.01,0.02374324874567311,0.0003618618682672234,0.001110517943384805,0.027948229641329182,0.36885778229460026,0.00018519723926469628,2.6100688488303243,,,,,,,,0.42117235543945375,
7,head,patch_head,dp_kfc_a,0.01,0.9972780100962659,0.00029146510306409586,0.0036970297660078614,0.22002432452297666,1.3532978170372918,-3.659314946671623e-08,176.6067915145074,,,,,,,,0.010027294193556633,
8,patch_embed,patch_head,dp_kfc_a,0.01,0.2509732951733474,0.025394921108630127,0.04984084188463122,0.25975031161957457,4.190609104782139,0.01667082881559845,26.273805184932716,,,,,,,,0.039844876695319296,
8,blocks.0.attn.q_proj,attention_qkv,dp_kfc_a,0.01,0.9974364236846489,0.11947357864150486,0.3432495634116779,1.6329925531137044,18.627108824200604,-2.499500785813276e-08,24.69583590715562,,,,,,,,0.010025701651298045,
8,blocks.0.attn.k_proj,attention_qkv,dp_kfc_a,0.01,0.9974364236846489,0.11947357864150486,0.3432495634116779,1.6329925531137044,18.627108824200604,-2.499500785813276e-08,24.69583590715562,,,,,,,,0.010025701651298045,
8,blocks.0.attn.v_proj,attention_qkv,dp_kfc_a,0.01,0.9974364236846489,0.11947357864150486,0.3432495634116779,1.6329925531137044,18.627108824200604,-2.499500785813276e-08,24.69583590715562,,,,,,,,0.010025701651298045,
8,blocks.0.attn.out_proj,attention_out,dp_kfc_a,0.01,0.005891921094147045,5.4658430803278405e-06,9.234005818978311e-05,0.0007653552577126015,0.0018772204464277949,1.2200040128959333e-06,1.0891582873350776,,,,,,,,1.6972392943167325,
8,blocks.0.mlp.fc1,mlp,dp_kfc_a,0.01,0.9972069668028639,0.1196571239114486,0.3445352986477979,1.6451616830491707,18.627832418768154,-4.564534517917481e-08,24.679060185672853,,,,,,,,0.010028008560811512,
8,blocks.0.mlp.fc2,mlp,dp_kfc_a,0.01,0.02380594416425814,0.0005134166509583255,0.0013357599446958022,0.036898693483949876,0.3737114849631245,0.000353012333860611,2.1183347260964807,,,,,,,,0.4200631544374467,
8,blocks.1.attn.q_proj,attention_qkv,dp_kfc_a,0.01,0.9971504575847963,0.10105907869944164,0.32393160307762503,1.6472943817716257,18.629151373514265,-7.767838253622134e-09,25.366795040493933,,,,,,,,0.010028576855112775,
8,blocks.1.attn.k_proj,attention_qkv,dp_kfc_a,0.01,0.9971504575847963,0.10105907869944164,0.32393160307762503,1.6472943817716257,18.629151373514265,-7.767838253622134e-09,25.366795040493933,,,,,,,,0.010028576855112775,
8,blocks.1.attn.v_proj,attention_qkv,dp_kfc_a,0.01,0.9971504575847963,0.10105907869944164,0.32393160307762503,1.6472943817716257,18.629151373514265,-7.767838253622134e-09,25.366795040493933,,,,,,,,0.010028576855112775,
8,blocks.1.attn.out_proj,attention_out,dp_kfc_a,0.01,0.006091741035910145,4.218558153178418e-06,8.125587792313148e-05,0.0007925343810609318,0.002147621523700637,8.672286856961299e-07,1.1248714816827838,,,,,,,,1.6415668264706424,
8,blocks.1.mlp.fc1,mlp,dp_kfc_a,0.01,0.9964457120302428,0.1013613156783338,0.323404851820858,1.649375535459804,18.57967206341927,-7.464404273095049e-09,25.358580689271573,,,,,,,,0.010035669659940785,
8,blocks.1.mlp.fc2,mlp,dp_kfc_a,0.01,0.023253862468721964,0.0004818068295911163,0.0012689277049095474,0.034546506674216555,0.39670231339231377,0.0002868792914211083,1.9680769867481258,,,,,,,,0.4300360859814443,
8,blocks.2.attn.q_proj,attention_qkv,dp_kfc_a,0.01,0.9965797236546334,0.08629434569422673,0.3073674417260659,1.658510198587536,18.328426143207164,-6.220755801880697e-08,25.6780329774714,,,,,,,,0.010034320147843504,
8,blocks.2.attn.k_proj,attention_qkv,dp_kfc_a,0.01,0.9965797236546334,0.08629434569422673,0.3073674417260659,1.658510198587536,18.328426143207164,-6.220755801880697e-08,25.6780329774714,,,,,,,,0.010034320147843504,
8,blocks.2.attn.v_proj,attention_qkv,dp_kfc_a,0.01,0.9965797236546334,0.08629434569422673,0.3073674417260659,1.658510198587536,18.328426143207164,-6.220755801880697e-08,25.6780329774714,,,,,,,,0.010034320147843504,
8,blocks.2.attn.out_proj,attention_out,dp_kfc_a,0.01,0.0064809771828893865,4.25488717852173e-06,7.67045891309464e-05,0.000834141107551484,0.0024772467845884673,9.664001131960516e-07,1.1969150023051929,,,,,,,,1.5429771958465286,
8,blocks.2.mlp.fc1,mlp,dp_kfc_a,0.01,0.9968602969238796,0.08560604649674987,0.30543555202862094,1.6600791583797023,18.313202647163273,-2.8928827137878367e-08,25.62261999969153,,,,,,,,0.010031495918593699,
8,blocks.2.mlp.fc2,mlp,dp_kfc_a,0.01,0.023739730447569503,0.0004717872060177171,0.0012853722228435799,0.03430599841198651,0.37779392173229165,0.0003197794889031984,2.19723126189432,,,,,,,,0.42123477442532675,
8,blocks.3.attn.q_proj,attention_qkv,dp_kfc_a,0.01,0.9973129284196568,0.07638378964866752,0.3001145079819,1.7377835175103333,17.78077916162723,-3.055689201747844e-08,25.94408076730702,,,,,,,,0.010026943113879022,
8,blocks.3.attn.k_proj,attention_qkv,dp_kfc_a,0.01,0.9973129284196568,0.07638378964866752,0.3001145079819,1.7377835175103333,17.78077916162723,-3.055689201747844e-08,25.94408076730702,,,,,,,,0.010026943113879022,
8,blocks.3.attn.v_proj,attention_qkv,dp_kfc_a,0.01,0.9973129284196568,0.07638378964866752,0.3001145079819,1.7377835175103333,17.78077916162723,-3.055689201747844e-08,25.94408076730702,,,,,,,,0.010026943113879022,
8,blocks.3.attn.out_proj,attention_out,dp_kfc_a,0.01,0.006805177637538149,4.15446842305472e-06,7.582914250286707e-05,0.0009359044058045417,0.0028492764914324585,9.115617758912955e-07,1.2562355250352801,,,,,,,,1.4694693559267051,
8,blocks.3.mlp.fc1,mlp,dp_kfc_a,0.01,0.9969766458081458,0.07658623319676847,0.29994948596971505,1.7341757603060481,17.79740010540723,-9.761998813056218e-09,25.87851346204923,,,,,,,,0.010030325225817135,
8,blocks.3.mlp.fc2,mlp,dp_kfc_a,0.01,0.023744336970063274,0.0004554494056646486,0.0012584234253092078,0.03290599350882174,0.36174646691925544,0.0003008164766479801,2.1446174476453996,,,,,,,,0.4211530527303392,
8,blocks.4.attn.q_proj,attention_qkv,dp_kfc_a,0.01,0.9977287384512511,0.06749965569083885,0.2810872207195362,1.7843678546910045,18.18239703345014,1.2814508770825244e-09,25.593920043635652,,,,,,,,0.010022764319210396,
8,blocks.4.attn.k_proj,attention_qkv,dp_kfc_a,0.01,0.9977287384512511,0.06749965569083885,0.2810872207195362,1.7843678546910045,18.18239703345014,1.2814508770825244e-09,25.593920043635652,,,,,,,,0.010022764319210396,
8,blocks.4.attn.v_proj,attention_qkv,dp_kfc_a,0.01,0.9977287384512511,0.06749965569083885,0.2810872207195362,1.7843678546910045,18.18239703345014,1.2814508770825244e-09,25.593920043635652,,,,,,,,0.010022764319210396,
8,blocks.4.attn.out_proj,attention_out,dp_kfc_a,0.01,0.00713242500220604,3.7058223271322104e-06,7.529705733473716e-05,0.0009624576461540388,0.0031301526385842143,9.62675112409991e-07,1.314475124619058,,,,,,,,1.4020476902185481,
8,blocks.4.mlp.fc1,mlp,dp_kfc_a,0.01,0.9973269963511532,0.0675770181647725,0.2805434289486738,1.7764269369259296,18.128572133862644,-3.632878839327058e-08,25.53819689269129,,,,,,,,0.01002680167747014,
8,blocks.4.mlp.fc2,mlp,dp_kfc_a,0.01,0.023572946903483532,0.00043086204414618184,0.0012203023863713177,0.032635348673079406,0.3686328638409228,0.00029293017898500043,2.2729456233256093,,,,,,,,0.4242150988140661,
8,blocks.5.attn.q_proj,attention_qkv,dp_kfc_a,0.01,0.9975355278333852,0.06166091845482708,0.2700397673419316,1.7862787964980373,17.80602899687613,2.785214405730233e-09,24.563890249724547,,,,,,,,0.010024705607949299,
8,blocks.5.attn.k_proj,attention_qkv,dp_kfc_a,0.01,0.9975355278333852,0.06166091845482708,0.2700397673419316,1.7862787964980373,17.80602899687613,2.785214405730233e-09,24.563890249724547,,,,,,,,0.010024705607949299,
8,blocks.5.attn.v_proj,attention_qkv,dp_kfc_a,0.01,0.9975355278333852,0.06166091845482708,0.2700397673419316,1.7862787964980373,17.80602899687613,2.785214405730233e-09,24.563890249724547,,,,,,,,0.010024705607949299,
8,blocks.5.attn.out_proj,attention_out,dp_kfc_a,0.01,0.008131423211865215,3.7728692947290062e-06,7.012102191104998e-05,0.0011068452977978844,0.003372865883024181,8.700349327763477e-07,1.5045882321190416,,,,,,,,1.229797015780484,
8,blocks.5.mlp.fc1,mlp,dp_kfc_a,0.01,0.9973696967480714,0.06142854634410863,0.2703661530824881,1.7811732374547213,17.772082563395053,-5.062488846033675e-08,24.573976430700107,,,,,,,,0.01002637239992858,
8,blocks.5.mlp.fc2,mlp,dp_kfc_a,0.01,0.023332455348082964,0.00042129588251850865,0.0011905624246762426,0.03195249263026455,0.361290498418963,0.000271504725802636,2.310276699340346,,,,,,,,0.42858755543795,
8,blocks.6.attn.q_proj,attention_qkv,dp_kfc_a,0.01,0.9974507156740199,0.057162140204251165,0.26535673986292585,1.7378570895697605,17.64948135734,-5.8770729836824414e-08,24.413737512004435,,,,,,,,0.010025557997863158,
8,blocks.6.attn.k_proj,attention_qkv,dp_kfc_a,0.01,0.9974507156740199,0.057162140204251165,0.26535673986292585,1.7378570895697605,17.64948135734,-5.8770729836824414e-08,24.413737512004435,,,,,,,,0.010025557997863158,
8,blocks.6.attn.v_proj,attention_qkv,dp_kfc_a,0.01,0.9974507156740199,0.057162140204251165,0.26535673986292585,1.7378570895697605,17.64948135734,-5.8770729836824414e-08,24.413737512004435,,,,,,,,0.010025557997863158,
8,blocks.6.attn.out_proj,attention_out,dp_kfc_a,0.01,0.00792677357878507,3.232692234065539e-06,7.091973202250657e-05,0.0011776857127950115,0.0034217354860828354,8.606256275736139e-07,1.461198605637259,,,,,,,,1.2615473244705309,
8,blocks.6.mlp.fc1,mlp,dp_kfc_a,0.01,0.9964304872127395,0.0574344904898836,0.26611750089712166,1.7359359287730438,17.579191176213556,1.0313548075239811e-09,24.319086049093595,,,,,,,,0.010035822998523914,
8,blocks.6.mlp.fc2,mlp,dp_kfc_a,0.01,0.023788388830613252,0.0004178919028034222,0.0012093121463635703,0.031129563081728782,0.3788407691556403,0.0002738459163148273,2.2941303326314926,,,,,,,,0.42037315226372163,
8,blocks.7.attn.q_proj,attention_qkv,dp_kfc_a,0.01,0.9974152025781148,0.05382074737649225,0.2481465201410392,1.7948283698553167,17.633840322217516,-1.0200261869440543e-08,24.01467952679107,,,,,,,,0.010025914959138422,
8,blocks.7.attn.k_proj,attention_qkv,dp_kfc_a,0.01,0.9974152025781148,0.05382074737649225,0.2481465201410392,1.7948283698553167,17.633840322217516,-1.0200261869440543e-08,24.01467952679107,,,,,,,,0.010025914959138422,
8,blocks.7.attn.v_proj,attention_qkv,dp_kfc_a,0.01,0.9974152025781148,0.05382074737649225,0.2481465201410392,1.7948283698553167,17.633840322217516,-1.0200261869440543e-08,24.01467952679107,,,,,,,,0.010025914959138422,
8,blocks.7.attn.out_proj,attention_out,dp_kfc_a,0.01,0.008519983272716027,3.0509569948734106e-06,7.057668245251136e-05,0.0011631836913650693,0.003940808401782652,8.517478452607625e-07,1.5746986892456938,,,,,,,,1.1737112245306285,
8,blocks.7.mlp.fc1,mlp,dp_kfc_a,0.01,0.9968591959365292,0.054167763890294617,0.24728564360943012,1.7816404209990884,17.643630280328615,-7.622577280216051e-08,24.011650621614134,,,,,,,,0.010031506997941872,
8,blocks.7.mlp.fc2,mlp,dp_kfc_a,0.01,0.023397585605991755,0.00040622511414014457,0.0011591294544727646,0.02934235459215045,0.37963303807623366,0.00026848469530036425,2.355364573706675,,,,,,,,0.4273945255889632,
8,blocks.8.attn.q_proj,attention_qkv,dp_kfc_a,0.01,0.9961934852476565,0.04953604443865031,0.24119734257217626,1.8209419287368118,17.783783787632814,-5.838298661225606e-08,24.118212766399928,,,,,,,,0.01003821059672356,
8,blocks.8.attn.k_proj,attention_qkv,dp_kfc_a,0.01,0.9961934852476565,0.04953604443865031,0.24119734257217626,1.8209419287368118,17.783783787632814,-5.838298661225606e-08,24.118212766399928,,,,,,,,0.01003821059672356,
8,blocks.8.attn.v_proj,attention_qkv,dp_kfc_a,0.01,0.9961934852476565,0.04953604443865031,0.24119734257217626,1.8209419287368118,17.783783787632814,-5.838298661225606e-08,24.118212766399928,,,,,,,,0.01003821059672356,
8,blocks.8.attn.out_proj,attention_out,dp_kfc_a,0.01,0.007981629505357826,2.9889740286224078e-06,6.530739227810925e-05,0.0012051630823576617,0.004565537433463603,6.839222935870837e-07,1.46670236086164,,,,,,,,1.2528769962684065,
8,blocks.8.mlp.fc1,mlp,dp_kfc_a,0.01,0.9975599390237443,0.04966215752478287,0.2405917470467632,1.820434350581675,17.768584838365076,-3.867156481303191e-08,24.056487237327026,,,,,,,,0.010024460294372322,
8,blocks.8.mlp.fc2,mlp,dp_kfc_a,0.01,0.023655719243677913,0.00040043696295062413,0.0011688785053265884,0.02946076852788675,0.40062527972516426,0.00026030856278096924,2.4076349612868007,,,,,,,,0.4227307526349063,
8,blocks.9.attn.q_proj,attention_qkv,dp_kfc_a,0.01,0.9970901685675192,0.04738099269293247,0.2266460332587789,1.8206441759205132,17.778206293380155,-1.7218954518791033e-08,24.970480338979794,,,,,,,,0.010029183232612366,
8,blocks.9.attn.k_proj,attention_qkv,dp_kfc_a,0.01,0.9970901685675192,0.04738099269293247,0.2266460332587789,1.8206441759205132,17.778206293380155,-1.7218954518791033e-08,24.970480338979794,,,,,,,,0.010029183232612366,
8,blocks.9.attn.v_proj,attention_qkv,dp_kfc_a,0.01,0.9970901685675192,0.04738099269293247,0.2266460332587789,1.8206441759205132,17.778206293380155,-1.7218954518791033e-08,24.970480338979794,,,,,,,,0.010029183232612366,
8,blocks.9.attn.out_proj,attention_out,dp_kfc_a,0.01,0.008574201029796549,3.1094345527291863e-06,6.409066023435584e-05,0.0012450938578305246,0.004435208345288554,6.743466091811584e-07,1.578615526220425,,,,,,,,1.1662894262974008,
8,blocks.9.mlp.fc1,mlp,dp_kfc_a,0.01,0.9974320802663892,0.047647937333054835,0.22731781473530413,1.821472429644751,17.764444208481134,1.3183122325589878e-08,24.99894768921483,,,,,,,,0.010025745309223712,
8,blocks.9.mlp.fc2,mlp,dp_kfc_a,0.01,0.022634282918896416,0.0003756421878023062,0.0011038918365644359,0.027424146268174295,0.37204599379653325,0.00024902804848410577,2.3376603043562345,,,,,,,,0.4418076789016107,
8,blocks.10.attn.q_proj,attention_qkv,dp_kfc_a,0.01,0.9962043774560326,0.04432473631535315,0.2250009351848782,1.880314396579093,17.480507762991657,-2.0976479738867213e-08,24.685240237111763,,,,,,,,0.01003810084185396,
8,blocks.10.attn.k_proj,attention_qkv,dp_kfc_a,0.01,0.9962043774560326,0.04432473631535315,0.2250009351848782,1.880314396579093,17.480507762991657,-2.0976479738867213e-08,24.685240237111763,,,,,,,,0.01003810084185396,
8,blocks.10.attn.v_proj,attention_qkv,dp_kfc_a,0.01,0.9962043774560326,0.04432473631535315,0.2250009351848782,1.880314396579093,17.480507762991657,-2.0976479738867213e-08,24.685240237111763,,,,,,,,0.01003810084185396,
8,blocks.10.attn.out_proj,attention_out,dp_kfc_a,0.01,0.008854092002564009,2.909839430372264e-06,6.403727995642142e-05,0.001392548037198316,0.004534049913981503,7.77510107158805e-07,1.6264922500021748,,,,,,,,1.1294212887221133,
8,blocks.10.mlp.fc1,mlp,dp_kfc_a,0.01,0.9971781474938665,0.04436407849592066,0.22487746989363866,1.877521449171445,17.46721868560784,-1.6907957009205833e-08,24.63022169172634,,,,,,,,0.01002829837891279,
8,blocks.10.mlp.fc2,mlp,dp_kfc_a,0.01,0.02367396760727091,0.00037151754166185944,0.0011251965443057755,0.028069823369901117,0.3650146724678614,0.00024015979752319767,2.529604349217537,,,,,,,,0.4224049033896934,
8,blocks.11.attn.q_proj,attention_qkv,dp_kfc_a,0.01,0.9979124625112109,0.04348520787601254,0.21892916570716972,1.8501606494301774,17.505371855874895,-1.9195866226954083e-08,24.495080177191365,,,,,,,,0.01002091904417684,
8,blocks.11.attn.k_proj,attention_qkv,dp_kfc_a,0.01,0.9979124625112109,0.04348520787601254,0.21892916570716972,1.8501606494301774,17.505371855874895,-1.9195866226954083e-08,24.495080177191365,,,,,,,,0.01002091904417684,
8,blocks.11.attn.v_proj,attention_qkv,dp_kfc_a,0.01,0.9979124625112109,0.04348520787601254,0.21892916570716972,1.8501606494301774,17.505371855874895,-1.9195866226954083e-08,24.495080177191365,,,,,,,,0.01002091904417684,
8,blocks.11.attn.out_proj,attention_out,dp_kfc_a,0.01,0.008953557062246886,2.744354366405337e-06,6.356037112292858e-05,0.001251908475441688,0.005026318130253036,6.936308168813514e-07,1.64856956518512,,,,,,,,1.1168745483474376,
8,blocks.11.mlp.fc1,mlp,dp_kfc_a,0.01,0.9971474158949185,0.04349159832165289,0.218681937115435,1.8476442888663447,17.45215639903022,-4.433211046453398e-09,24.4114745042311,,,,,,,,0.010028607446197125,
8,blocks.11.mlp.fc2,mlp,dp_kfc_a,0.01,0.02379735782972606,0.0003662771998828944,0.0011222193671999408,0.027918331612891503,0.37769513410930733,0.00018429524207083935,2.606593843567246,,,,,,,,0.42021471759813067,
8,head,patch_head,dp_kfc_a,0.01,0.9967919143949457,0.00037894371452541336,0.004300980172081009,0.2648109392685312,1.649143545550299,-5.0285238842807755e-08,173.36409839883663,,,,,,,,0.010032184105415839,
9,patch_embed,patch_head,dp_kfc_a,0.01,0.2509732959484403,0.02538425896939727,0.049725640232788235,0.25971512848251965,4.190138026382541,0.016601232204667263,26.364793927138283,,,,,,,,0.039844876572264445,
9,blocks.0.attn.q_proj,attention_qkv,dp_kfc_a,0.01,0.9971085759024546,0.11998996987376256,0.341191477904651,1.6494715681646204,18.76067000954176,-3.0779189131175596e-08,24.485390533563546,,,,,,,,0.010028998086742243,
9,blocks.0.attn.k_proj,attention_qkv,dp_kfc_a,0.01,0.9971085759024546,0.11998996987376256,0.341191477904651,1.6494715681646204,18.76067000954176,-3.0779189131175596e-08,24.485390533563546,,,,,,,,0.010028998086742243,
9,blocks.0.attn.v_proj,attention_qkv,dp_kfc_a,0.01,0.9971085759024546,0.11998996987376256,0.341191477904651,1.6494715681646204,18.76067000954176,-3.0779189131175596e-08,24.485390533563546,,,,,,,,0.010028998086742243,
9,blocks.0.attn.out_proj,attention_out,dp_kfc_a,0.01,0.005890445360447005,5.09068568291461e-06,9.097619543022867e-05,0.0007516911636792009,0.001989767106758699,1.2918606551092867e-06,1.0884240603305924,,,,,,,,1.697664503799274,
9,blocks.0.mlp.fc1,mlp,dp_kfc_a,0.01,0.9972001922562951,0.1201335223306134,0.3408667332570454,1.6645004771316325,18.755833462909667,-2.5568307893485438e-08,24.48282736931246,,,,,,,,0.010028076686762064,
9,blocks.0.mlp.fc2,mlp,dp_kfc_a,0.01,0.023974542453962588,0.0005197676259389582,0.0013537310017522528,0.03711497446767516,0.38065142590235657,0.0003603429524538978,2.128567132406793,,,,,,,,0.41710910726253164,
9,blocks.1.attn.q_proj,attention_qkv,dp_kfc_a,0.01,0.9968747428661802,0.1006638282854403,0.3220051350560145,1.6427563981881106,18.8294560788201,-1.3775787055161623e-08,25.213931297771328,,,,,,,,0.010031350549867823,
9,blocks.1.attn.k_proj,attention_qkv,dp_kfc_a,0.01,0.9968747428661802,0.1006638282854403,0.3220051350560145,1.6427563981881106,18.8294560788201,-1.3775787055161623e-08,25.213931297771328,,,,,,,,0.010031350549867823,
9,blocks.1.attn.v_proj,attention_qkv,dp_kfc_a,0.01,0.9968747428661802,0.1006638282854403,0.3220051350560145,1.6427563981881106,18.8294560788201,-1.3775787055161623e-08,25.213931297771328,,,,,,,,0.010031350549867823,
9,blocks.1.attn.out_proj,attention_out,dp_kfc_a,0.01,0.006088980676400007,4.247759175694031e-06,8.183884017461637e-05,0.0007903341745433264,0.002196424250955528,8.741310557830253e-07,1.124242534147766,,,,,,,,1.6423110092562008,
9,blocks.1.mlp.fc1,mlp,dp_kfc_a,0.01,0.9959447223287791,0.10103802334582916,0.3211192797196378,1.6428481578504226,18.777530996553352,-3.934654187328572e-08,25.19412009585405,,,,,,,,0.010040717899099246,
9,blocks.1.mlp.fc2,mlp,dp_kfc_a,0.01,0.023383058112245465,0.00048611339106205664,0.0012797369668638722,0.03478039578170546,0.3974754302343852,0.000300690031009053,1.9867477265049152,,,,,,,,0.4276600584917977,
9,blocks.2.attn.q_proj,attention_qkv,dp_kfc_a,0.01,0.9961015829150541,0.08469643655901829,0.3064806588571354,1.6588365857883376,18.403987464813756,-3.703387777056232e-08,25.75649391078434,,,,,,,,0.010039136742193876,
9,blocks.2.attn.k_proj,attention_qkv,dp_kfc_a,0.01,0.9961015829150541,0.08469643655901829,0.3064806588571354,1.6588365857883376,18.403987464813756,-3.703387777056232e-08,25.75649391078434,,,,,,,,0.010039136742193876,
9,blocks.2.attn.v_proj,attention_qkv,dp_kfc_a,0.01,0.9961015829150541,0.08469643655901829,0.3064806588571354,1.6588365857883376,18.403987464813756,-3.703387777056232e-08,25.75649391078434,,,,,,,,0.010039136742193876,
9,blocks.2.attn.out_proj,attention_out,dp_kfc_a,0.01,0.006534018516621958,4.251951868350176e-06,7.576398502801414e-05,0.000891914811046012,0.0025692472281350354,9.397860954920901e-07,1.20636714145879,,,,,,,,1.5304517387823275,
9,blocks.2.mlp.fc1,mlp,dp_kfc_a,0.01,0.996617732270394,0.08485074472806063,0.306272811472786,1.6662517948232105,18.39503224919362,-1.8595525084761052e-08,25.70822578588412,,,,,,,,0.01003393746288159,
9,blocks.2.mlp.fc2,mlp,dp_kfc_a,0.01,0.023845926378896008,0.0004732349480262822,0.001289833990085181,0.03497220643648032,0.37649377385580407,0.0003141370794521372,2.212405547390194,,,,,,,,0.4193588389524739,
9,blocks.3.attn.q_proj,attention_qkv,dp_kfc_a,0.01,0.9968025159341684,0.0762280625690482,0.29969529431346364,1.757249208103509,17.74334816086707,-3.767669073832553e-08,25.99464080623436,,,,,,,,0.010032077407658177,
9,blocks.3.attn.k_proj,attention_qkv,dp_kfc_a,0.01,0.9968025159341684,0.0762280625690482,0.29969529431346364,1.757249208103509,17.74334816086707,-3.767669073832553e-08,25.99464080623436,,,,,,,,0.010032077407658177,
9,blocks.3.attn.v_proj,attention_qkv,dp_kfc_a,0.01,0.9968025159341684,0.0762280625690482,0.29969529431346364,1.757249208103509,17.74334816086707,-3.767669073832553e-08,25.99464080623436,,,,,,,,0.010032077407658177,
9,blocks.3.attn.out_proj,attention_out,dp_kfc_a,0.01,0.006828584024861185,4.069706868658297e-06,7.581191879028651e-05,0.000921374955040038,0.0029686116747653537,9.431851935932648e-07,1.260366860023977,,,,,,,,1.4644324450856099,
9,blocks.3.mlp.fc1,mlp,dp_kfc_a,0.01,0.996604193368724,0.07624036139247806,0.29882096201127134,1.752683535940815,17.758532623450844,-2.8248882701670462e-08,25.912948444637,,,,,,,,0.01003407377426135,
9,blocks.3.mlp.fc2,mlp,dp_kfc_a,0.01,0.023836721411829884,0.0004578312896503805,0.0012614761214558446,0.032568431153145616,0.3567418006660017,0.00030312478677134924,2.172504723760312,,,,,,,,0.41952078170604107,
9,blocks.4.attn.q_proj,attention_qkv,dp_kfc_a,0.01,0.9975779726715286,0.06739899729914864,0.28426973723998966,1.7972224251149398,18.084468848648413,-1.9240721904099205e-09,25.89658600446038,,,,,,,,0.010024279077874837,
9,blocks.4.attn.k_proj,attention_qkv,dp_kfc_a,0.01,0.9975779726715286,0.06739899729914864,0.28426973723998966,1.7972224251149398,18.084468848648413,-1.9240721904099205e-09,25.89658600446038,,,,,,,,0.010024279077874837,
9,blocks.4.attn.v_proj,attention_qkv,dp_kfc_a,0.01,0.9975779726715286,0.06739899729914864,0.28426973723998966,1.7972224251149398,18.084468848648413,-1.9240721904099205e-09,25.89658600446038,,,,,,,,0.010024279077874837,
9,blocks.4.attn.out_proj,attention_out,dp_kfc_a,0.01,0.00716770244122922,3.5371278608803834e-06,7.47103653552545e-05,0.0009781407819921502,0.0031338416654389366,9.68336362464966e-07,1.3210549485509206,,,,,,,,1.3951472012118096,
9,blocks.4.mlp.fc1,mlp,dp_kfc_a,0.01,0.9967302368094885,0.06753325142287317,0.28251292997198535,1.7890911862070658,18.013598254056454,-4.3125123419074706e-08,25.857336647399787,,,,,,,,0.010032804896147005,
9,blocks.4.mlp.fc2,mlp,dp_kfc_a,0.01,0.023625227313861737,0.0004360492688851226,0.001228015510246052,0.032700144120835946,0.36485249292376826,0.0002924753248765931,2.298404805234914,,,,,,,,0.42327635062087443,
9,blocks.5.attn.q_proj,attention_qkv,dp_kfc_a,0.01,0.9970560672987311,0.061451356506833525,0.2726277592107104,1.8105285175085748,17.763040229330432,-7.942467491420064e-08,24.815524559522036,,,,,,,,0.010029526250306512,
9,blocks.5.attn.k_proj,attention_qkv,dp_kfc_a,0.01,0.9970560672987311,0.061451356506833525,0.2726277592107104,1.8105285175085748,17.763040229330432,-7.942467491420064e-08,24.815524559522036,,,,,,,,0.010029526250306512,
9,blocks.5.attn.v_proj,attention_qkv,dp_kfc_a,0.01,0.9970560672987311,0.061451356506833525,0.2726277592107104,1.8105285175085748,17.763040229330432,-7.942467491420064e-08,24.815524559522036,,,,,,,,0.010029526250306512,
9,blocks.5.attn.out_proj,attention_out,dp_kfc_a,0.01,0.00817856502371184,3.628147724630484e-06,7.235768159788879e-05,0.0011180717672570944,0.0033154426535970368,8.505176889292951e-07,1.5133531324636291,,,,,,,,1.2227083811166548,
9,blocks.5.mlp.fc1,mlp,dp_kfc_a,0.01,0.997040859158175,0.06091490701294002,0.2738075031855518,1.8073841075564367,17.725802401742786,-3.242538466905149e-08,24.830391096311498,,,,,,,,0.010029679233450106,
9,blocks.5.mlp.fc2,mlp,dp_kfc_a,0.01,0.023456071051726573,0.00042269527391583007,0.0011967455801206704,0.031984042199706686,0.3557509036766249,0.0002726950655180057,2.3244952711647144,,,,,,,,0.4263288586544383,
9,blocks.6.attn.q_proj,attention_qkv,dp_kfc_a,0.01,0.9969007604480408,0.0572024315880296,0.26273921586205046,1.7596958605106734,17.675375248694426,-4.1545095767550234e-08,24.7666740922594,,,,,,,,0.010031088746993896,
9,blocks.6.attn.k_proj,attention_qkv,dp_kfc_a,0.01,0.9969007604480408,0.0572024315880296,0.26273921586205046,1.7596958605106734,17.675375248694426,-4.1545095767550234e-08,24.7666740922594,,,,,,,,0.010031088746993896,
9,blocks.6.attn.v_proj,attention_qkv,dp_kfc_a,0.01,0.9969007604480408,0.0572024315880296,0.26273921586205046,1.7596958605106734,17.675375248694426,-4.1545095767550234e-08,24.7666740922594,,,,,,,,0.010031088746993896,
9,blocks.6.attn.out_proj,attention_out,dp_kfc_a,0.01,0.00801424002890123,3.227358065154449e-06,7.155348219618151e-05,0.001144173113663682,0.0036471315925411855,8.637592585189517e-07,1.4777627848157893,,,,,,,,1.2477789489630526,
9,blocks.6.mlp.fc1,mlp,dp_kfc_a,0.01,0.9962102562343519,0.05743332439744516,0.2630620208304986,1.7582401865541162,17.615369089506736,-2.010603945713066e-08,24.67228934565441,,,,,,,,0.010038041605594118,
9,blocks.6.mlp.fc2,mlp,dp_kfc_a,0.01,0.023876518815252035,0.0004235481826513006,0.0012099249783904165,0.03176744954542465,0.3727235657993308,0.00028222305563012926,2.308326280440237,,,,,,,,0.4188215240829882,
9,blocks.7.attn.q_proj,attention_qkv,dp_kfc_a,0.01,0.9974281287563898,0.052812662278492246,0.24745587890412796,1.8260265419706345,17.72922746567881,-4.53180880575643e-08,24.363454514452627,,,,,,,,0.010025785028208669,
9,blocks.7.attn.k_proj,attention_qkv,dp_kfc_a,0.01,0.9974281287563898,0.052812662278492246,0.24745587890412796,1.8260265419706345,17.72922746567881,-4.53180880575643e-08,24.363454514452627,,,,,,,,0.010025785028208669,
9,blocks.7.attn.v_proj,attention_qkv,dp_kfc_a,0.01,0.9974281287563898,0.052812662278492246,0.24745587890412796,1.8260265419706345,17.72922746567881,-4.53180880575643e-08,24.363454514452627,,,,,,,,0.010025785028208669,
9,blocks.7.attn.out_proj,attention_out,dp_kfc_a,0.01,0.008556895392163961,3.0845675554300833e-06,6.95436421502866e-05,0.0011209252488366397,0.0038582422238871926,8.735986392152169e-07,1.5819508123794557,,,,,,,,1.1686481535297921,
9,blocks.7.mlp.fc1,mlp,dp_kfc_a,0.01,0.9966965317726135,0.05301878276855793,0.24702795241471265,1.8050826237318498,17.729233509197428,-2.843174621107007e-08,24.354008836369953,,,,,,,,0.010033144172996281,
9,blocks.7.mlp.fc2,mlp,dp_kfc_a,0.01,0.023559475179533964,0.000406555194797116,0.0011698240187209795,0.02985964664203025,0.3728026556909864,0.0002737746395990417,2.391480627924395,,,,,,,,0.42445767249887495,
9,blocks.8.attn.q_proj,attention_qkv,dp_kfc_a,0.01,0.9959836816849487,0.04942828148167763,0.23886019518980636,1.8096744761303236,17.740132304313722,1.5791727643330373e-08,24.611071838988458,,,,,,,,0.010040325141755905,
9,blocks.8.attn.k_proj,attention_qkv,dp_kfc_a,0.01,0.9959836816849487,0.04942828148167763,0.23886019518980636,1.8096744761303236,17.740132304313722,1.5791727643330373e-08,24.611071838988458,,,,,,,,0.010040325141755905,
9,blocks.8.attn.v_proj,attention_qkv,dp_kfc_a,0.01,0.9959836816849487,0.04942828148167763,0.23886019518980636,1.8096744761303236,17.740132304313722,1.5791727643330373e-08,24.611071838988458,,,,,,,,0.010040325141755905,
9,blocks.8.attn.out_proj,attention_out,dp_kfc_a,0.01,0.008022367947468283,3.209704467865848e-06,6.52925112746126e-05,0.0012635395029309477,0.004449803347524661,6.788168072944996e-07,1.4739590081898404,,,,,,,,1.246514752935986,
9,blocks.8.mlp.fc1,mlp,dp_kfc_a,0.01,0.9969708422305054,0.04952281643680828,0.23838358539804516,1.8070491021094894,17.722293059445636,-2.1189468266503646e-08,24.550576952776208,,,,,,,,0.010030383614456743,
9,blocks.8.mlp.fc2,mlp,dp_kfc_a,0.01,0.02381935827458285,0.0004037577930862223,0.0011861444359337332,0.029473471733264034,0.39958018888992475,0.00026090552556024324,2.4117768588994934,,,,,,,,0.41982659166224456,
9,blocks.9.attn.q_proj,attention_qkv,dp_kfc_a,0.01,0.9967021037259868,0.04745447222665798,0.22769273521980765,1.7974200407468066,17.781297438996766,-4.4639615487006564e-08,25.319168166856365,,,,,,,,0.010033088083808438,
9,blocks.9.attn.k_proj,attention_qkv,dp_kfc_a,0.01,0.9967021037259868,0.04745447222665798,0.22769273521980765,1.7974200407468066,17.781297438996766,-4.4639615487006564e-08,25.319168166856365,,,,,,,,0.010033088083808438,
9,blocks.9.attn.v_proj,attention_qkv,dp_kfc_a,0.01,0.9967021037259868,0.04745447222665798,0.22769273521980765,1.7974200407468066,17.781297438996766,-4.4639615487006564e-08,25.319168166856365,,,,,,,,0.010033088083808438,
9,blocks.9.attn.out_proj,attention_out,dp_kfc_a,0.01,0.008578477573938127,2.926069451752484e-06,6.393288568876041e-05,0.0012295592337109452,0.004482611271002155,6.881443615578248e-07,1.578770641333975,,,,,,,,1.1657080074884771,
9,blocks.9.mlp.fc1,mlp,dp_kfc_a,0.01,0.9968699754210952,0.04756477559626989,0.2275734294548266,1.7968556127566888,17.744069035982903,2.547453263840949e-09,25.36484505988916,,,,,,,,0.010031398523940723,
9,blocks.9.mlp.fc2,mlp,dp_kfc_a,0.01,0.022785049779594953,0.0003785544649955327,0.001116137700786268,0.02770785141368707,0.36430412004826057,0.00025062531542855473,2.3642428448447728,,,,,,,,0.43888427265826974,
9,blocks.10.attn.q_proj,attention_qkv,dp_kfc_a,0.01,0.9955575895432982,0.044151440863985196,0.22686960015613997,1.8415299707005006,17.511994038275823,-1.10356919777661e-08,24.983650746287605,,,,,,,,0.01004462233529594,
9,blocks.10.attn.k_proj,attention_qkv,dp_kfc_a,0.01,0.9955575895432982,0.044151440863985196,0.22686960015613997,1.8415299707005006,17.511994038275823,-1.10356919777661e-08,24.983650746287605,,,,,,,,0.01004462233529594,
9,blocks.10.attn.v_proj,attention_qkv,dp_kfc_a,0.01,0.9955575895432982,0.044151440863985196,0.22686960015613997,1.8415299707005006,17.511994038275823,-1.10356919777661e-08,24.983650746287605,,,,,,,,0.01004462233529594,
9,blocks.10.attn.out_proj,attention_out,dp_kfc_a,0.01,0.008837236642808572,2.98926170787185e-06,6.36836297107568e-05,0.0013502414025162316,0.00493359769742027,7.565462868776698e-07,1.6228338807126328,,,,,,,,1.1315754465099273,
9,blocks.10.mlp.fc1,mlp,dp_kfc_a,0.01,0.9970146902484598,0.04453647841975494,0.22724175232040045,1.8381948231203404,17.506587226075744,-2.3129926815695682e-08,24.946269362463024,,,,,,,,0.010029942485108181,
9,blocks.10.mlp.fc2,mlp,dp_kfc_a,0.01,0.023723939050991762,0.000374995971335814,0.0011292263781929037,0.02829511436991021,0.3592311431649504,0.00024324512172216791,2.5341502489741794,,,,,,,,0.42151516147913715,
9,blocks.11.attn.q_proj,attention_qkv,dp_kfc_a,0.01,0.9975184158957684,0.04319596500902484,0.22001000185800662,1.814526608992629,17.60578013154321,-1.4139644393190446e-08,24.926596242675135,,,,,,,,0.010024877576841559,
9,blocks.11.attn.k_proj,attention_qkv,dp_kfc_a,0.01,0.9975184158957684,0.04319596500902484,0.22001000185800662,1.814526608992629,17.60578013154321,-1.4139644393190446e-08,24.926596242675135,,,,,,,,0.010024877576841559,
9,blocks.11.attn.v_proj,attention_qkv,dp_kfc_a,0.01,0.9975184158957684,0.04319596500902484,0.22001000185800662,1.814526608992629,17.60578013154321,-1.4139644393190446e-08,24.926596242675135,,,,,,,,0.010024877576841559,
9,blocks.11.attn.out_proj,attention_out,dp_kfc_a,0.01,0.008964964063624596,2.7333988765941433e-06,6.131734171449655e-05,0.0012982458270691455,0.005250861836001495,7.134741099525176e-07,1.6495724958772942,,,,,,,,1.11545343952633,
9,blocks.11.mlp.fc1,mlp,dp_kfc_a,0.01,0.9967585060880593,0.04334693474791822,0.2197392967546663,1.8214796659067578,17.53588672112143,1.35814578275019e-08,24.84395644770438,,,,,,,,0.01003252035364777,
9,blocks.11.mlp.fc2,mlp,dp_kfc_a,0.01,0.023892565878042747,0.0003692456156752702,0.001131201684331195,0.02823795613911199,0.3692708915229085,0.00018571108198173019,2.5949252958833076,,,,,,,,0.4185402292513921,
9,head,patch_head,dp_kfc_a,0.01,0.9958558582309923,0.000424116932820359,0.004488305926032895,0.28729488609834053,1.7440873912644268,-2.1870585738689075e-07,171.10010922782436,,,,,,,,0.010041613871473018,
10,patch_embed,patch_head,dp_kfc_a,0.01,0.25097329623910014,0.02529131946601836,0.04958267808776758,0.25908379768962864,4.185963061318806,0.016598774745924503,26.368681207057453,,,,,,,,0.03984487652611888,
10,blocks.0.attn.q_proj,attention_qkv,dp_kfc_a,0.01,0.9965334497585198,0.11870966414789326,0.33929326321327713,1.6485842011397205,18.739082266656137,-5.8308019919464334e-08,24.46983322942851,,,,,,,,0.010034786090143992,
10,blocks.0.attn.k_proj,attention_qkv,dp_kfc_a,0.01,0.9965334497585198,0.11870966414789326,0.33929326321327713,1.6485842011397205,18.739082266656137,-5.8308019919464334e-08,24.46983322942851,,,,,,,,0.010034786090143992,
10,blocks.0.attn.v_proj,attention_qkv,dp_kfc_a,0.01,0.9965334497585198,0.11870966414789326,0.33929326321327713,1.6485842011397205,18.739082266656137,-5.8308019919464334e-08,24.46983322942851,,,,,,,,0.010034786090143992,
10,blocks.0.attn.out_proj,attention_out,dp_kfc_a,0.01,0.00588388637841047,5.071812370043383e-06,9.028502718458316e-05,0.0007507136507007841,0.0019585411513846755,1.2954568342534596e-06,1.087116241089995,,,,,,,,1.69955695213501,
10,blocks.0.mlp.fc1,mlp,dp_kfc_a,0.01,0.9964616070139594,0.11887498713699089,0.33927127644547106,1.6641348476782605,18.73038713864838,-1.8928106327616852e-08,24.45462509574903,,,,,,,,0.01003550957669753,
10,blocks.0.mlp.fc2,mlp,dp_kfc_a,0.01,0.02413384845875136,0.0005229191021111271,0.0013650039905497805,0.036886910521823635,0.38978801925315726,0.00036170041231258887,2.1627772227389954,,,,,,,,0.41435579646949444,
10,blocks.1.attn.q_proj,attention_qkv,dp_kfc_a,0.01,0.9963032050453937,0.09956037028714908,0.32399197703335,1.6349988589065383,18.783473608592423,-3.312853542243937e-08,25.276401616441383,,,,,,,,0.01003710511956486,
10,blocks.1.attn.k_proj,attention_qkv,dp_kfc_a,0.01,0.9963032050453937,0.09956037028714908,0.32399197703335,1.6349988589065383,18.783473608592423,-3.312853542243937e-08,25.276401616441383,,,,,,,,0.01003710511956486,
10,blocks.1.attn.v_proj,attention_qkv,dp_kfc_a,0.01,0.9963032050453937,0.09956037028714908,0.32399197703335,1.6349988589065383,18.783473608592423,-3.312853542243937e-08,25.276401616441383,,,,,,,,0.01003710511956486,
10,blocks.1.attn.out_proj,attention_out,dp_kfc_a,0.01,0.006092575917287652,4.234939482988139e-06,8.344473474741045e-05,0.0007953234758538902,0.002190880504423311,8.783217890170077e-07,1.1247524901839698,,,,,,,,1.6413418783383646,
10,blocks.1.mlp.fc1,mlp,dp_kfc_a,0.01,0.9953055885171643,0.09999089229381933,0.32434682411637755,1.6358346787438947,18.730447674180883,-2.2717804423257803e-08,25.24665369319561,,,,,,,,0.01004716552923037,
10,blocks.1.mlp.fc2,mlp,dp_kfc_a,0.01,0.023452399953744426,0.00048789255270193015,0.0012873702617189598,0.03528265786032443,0.40382041431388666,0.00030355104403059926,2.0034316330603272,,,,,,,,0.4263955936161405,
10,blocks.2.attn.q_proj,attention_qkv,dp_kfc_a,0.01,0.9954186782935741,0.08461537731459368,0.3081397796796672,1.6649030745473399,18.305360782177,-2.479253064705903e-08,26.07660184084362,,,,,,,,0.010046024068126585,
10,blocks.2.attn.k_proj,attention_qkv,dp_kfc_a,0.01,0.9954186782935741,0.08461537731459368,0.3081397796796672,1.6649030745473399,18.305360782177,-2.479253064705903e-08,26.07660184084362,,,,,,,,0.010046024068126585,
10,blocks.2.attn.v_proj,attention_qkv,dp_kfc_a,0.01,0.9954186782935741,0.08461537731459368,0.3081397796796672,1.6649030745473399,18.305360782177,-2.479253064705903e-08,26.07660184084362,,,,,,,,0.010046024068126585,
10,blocks.2.attn.out_proj,attention_out,dp_kfc_a,0.01,0.00650095235700526,4.056902276746229e-06,7.724270836631483e-05,0.0008739148942462009,0.002404549343013609,9.04343687163743e-07,1.2004312261255572,,,,,,,,1.5382361615408942,
10,blocks.2.mlp.fc1,mlp,dp_kfc_a,0.01,0.9960116543300411,0.08439612759851518,0.308194842455598,1.6717347381818335,18.302458281961496,-4.236443992187934e-09,26.030528121785974,,,,,,,,0.010040043162674052,
10,blocks.2.mlp.fc2,mlp,dp_kfc_a,0.01,0.02399814534346211,0.0004775203781079405,0.0012969858621388628,0.035365353749023574,0.37958195640569126,0.00031512712336603435,2.258392402466875,,,,,,,,0.4166988680533319,
10,blocks.3.attn.q_proj,attention_qkv,dp_kfc_a,0.01,0.9964106700580972,0.07531918187098498,0.29583095974338,1.7776756204992281,17.57405498177034,-1.2864854616797305e-08,26.300307980207958,,,,,,,,0.010036022596402882,
10,blocks.3.attn.k_proj,attention_qkv,dp_kfc_a,0.01,0.9964106700580972,0.07531918187098498,0.29583095974338,1.7776756204992281,17.57405498177034,-1.2864854616797305e-08,26.300307980207958,,,,,,,,0.010036022596402882,
10,blocks.3.attn.v_proj,attention_qkv,dp_kfc_a,0.01,0.9964106700580972,0.07531918187098498,0.29583095974338,1.7776756204992281,17.57405498177034,-1.2864854616797305e-08,26.300307980207958,,,,,,,,0.010036022596402882,
10,blocks.3.attn.out_proj,attention_out,dp_kfc_a,0.01,0.006844929590612564,4.081235633106236e-06,7.665240616909189e-05,0.0009272617782862565,0.0029382581809958234,9.389367396013343e-07,1.263445689057053,,,,,,,,1.4609354073874534,
10,blocks.3.mlp.fc1,mlp,dp_kfc_a,0.01,0.9961649176370295,0.07570779357213707,0.29531395414297795,1.773080994420109,17.59620827680635,1.9120104521094787e-08,26.226054875258065,,,,,,,,0.01003849846842697,
10,blocks.3.mlp.fc2,mlp,dp_kfc_a,0.01,0.023901312936567283,0.00046057295312327195,0.0012742649447790061,0.03290915901472824,0.35991768972756505,0.00030624453367296075,2.199167855930238,,,,,,,,0.41838705792185676,
10,blocks.4.attn.q_proj,attention_qkv,dp_kfc_a,0.01,0.9972718438336269,0.06739442551248412,0.28421312159867246,1.7761118942943195,17.920759673391682,-2.0002318998187305e-08,26.365906666438875,,,,,,,,0.010027356193632077,
10,blocks.4.attn.k_proj,attention_qkv,dp_kfc_a,0.01,0.9972718438336269,0.06739442551248412,0.28421312159867246,1.7761118942943195,17.920759673391682,-2.0002318998187305e-08,26.365906666438875,,,,,,,,0.010027356193632077,
10,blocks.4.attn.v_proj,attention_qkv,dp_kfc_a,0.01,0.9972718438336269,0.06739442551248412,0.28421312159867246,1.7761118942943195,17.920759673391682,-2.0002318998187305e-08,26.365906666438875,,,,,,,,0.010027356193632077,
10,blocks.4.attn.out_proj,attention_out,dp_kfc_a,0.01,0.007171429329825604,3.6434418250234756e-06,7.543708397497941e-05,0.0010105878702143867,0.0031108479254603302,1.0071857461469115e-06,1.3218979820047436,,,,,,,,1.3944221632932388,
10,blocks.4.mlp.fc1,mlp,dp_kfc_a,0.01,0.9963015206737222,0.0669507522239682,0.2814236748592524,1.767970721468312,17.85499764530891,-2.87023966894389e-08,26.312712108269235,,,,,,,,0.01003712208853979,
10,blocks.4.mlp.fc2,mlp,dp_kfc_a,0.01,0.02372005225918577,0.00043632739593519915,0.0012385467798184462,0.032586469457517524,0.3700555677559869,0.00029569649473045064,2.3022118991959117,,,,,,,,0.4215842313807477,
10,blocks.5.attn.q_proj,attention_qkv,dp_kfc_a,0.01,0.9964952558433454,0.06147805043104252,0.2755094684214332,1.8264049626590035,17.523364755779202,-7.681990510723054e-08,25.406389651688343,,,,,,,,0.010035170705892509,
10,blocks.5.attn.k_proj,attention_qkv,dp_kfc_a,0.01,0.9964952558433454,0.06147805043104252,0.2755094684214332,1.8264049626590035,17.523364755779202,-7.681990510723054e-08,25.406389651688343,,,,,,,,0.010035170705892509,
10,blocks.5.attn.v_proj,attention_qkv,dp_kfc_a,0.01,0.9964952558433454,0.06147805043104252,0.2755094684214332,1.8264049626590035,17.523364755779202,-7.681990510723054e-08,25.406389651688343,,,,,,,,0.010035170705892509,
10,blocks.5.attn.out_proj,attention_out,dp_kfc_a,0.01,0.008123935436874561,3.5741892405592344e-06,7.144388531300638e-05,0.0010752335969990987,0.0032529908878758907,9.310977695425799e-07,1.50345659279322,,,,,,,,1.230930511167036,
10,blocks.5.mlp.fc1,mlp,dp_kfc_a,0.01,0.996524166257888,0.06145493603952963,0.27532041328795065,1.8238947351791606,17.49278676503028,-1.3545396512486229e-08,25.423078418022893,,,,,,,,0.010034879573017927,
10,blocks.5.mlp.fc2,mlp,dp_kfc_a,0.01,0.02361028115125797,0.00042516960023027665,0.0012058363373413665,0.03202639810686887,0.36123762947370075,0.0002707501859495211,2.347228231183041,,,,,,,,0.42354429987239667,
10,blocks.6.attn.q_proj,attention_qkv,dp_kfc_a,0.01,0.9968317202026981,0.056819970259018325,0.2619681618847119,1.8030609273453213,17.391903119273532,-2.1712462499326665e-08,25.41829813233758,,,,,,,,0.010031783496984402,
10,blocks.6.attn.k_proj,attention_qkv,dp_kfc_a,0.01,0.9968317202026981,0.056819970259018325,0.2619681618847119,1.8030609273453213,17.391903119273532,-2.1712462499326665e-08,25.41829813233758,,,,,,,,0.010031783496984402,
10,blocks.6.attn.v_proj,attention_qkv,dp_kfc_a,0.01,0.9968317202026981,0.056819970259018325,0.2619681618847119,1.8030609273453213,17.391903119273532,-2.1712462499326665e-08,25.41829813233758,,,,,,,,0.010031783496984402,
10,blocks.6.attn.out_proj,attention_out,dp_kfc_a,0.01,0.008067475344263105,3.1749363602657037e-06,6.964626035346663e-05,0.0010976233689033185,0.003606212629696351,8.926027626042186e-07,1.4877520789562113,,,,,,,,1.2395451579670635,
10,blocks.6.mlp.fc1,mlp,dp_kfc_a,0.01,0.9956312207360342,0.05667145117726472,0.2618644518649901,1.8007922235164053,17.322722386999985,-1.708276412841159e-08,25.31707297936995,,,,,,,,0.010043879492456416,
10,blocks.6.mlp.fc2,mlp,dp_kfc_a,0.01,0.023972329614570145,0.0004235663620554459,0.001219368522616917,0.03129804138767254,0.3727820193050755,0.00028326866425645115,2.3242013394466836,,,,,,,,0.41714760979767684,
10,blocks.7.attn.q_proj,attention_qkv,dp_kfc_a,0.01,0.9971326365680893,0.05229541613338656,0.2492348190982766,1.8295371557732643,17.51688826946626,-3.78541185620124e-08,24.972572358737196,,,,,,,,0.010028756088475647,
10,blocks.7.attn.k_proj,attention_qkv,dp_kfc_a,0.01,0.9971326365680893,0.05229541613338656,0.2492348190982766,1.8295371557732643,17.51688826946626,-3.78541185620124e-08,24.972572358737196,,,,,,,,0.010028756088475647,
10,blocks.7.attn.v_proj,attention_qkv,dp_kfc_a,0.01,0.9971326365680893,0.05229541613338656,0.2492348190982766,1.8295371557732643,17.51688826946626,-3.78541185620124e-08,24.972572358737196,,,,,,,,0.010028756088475647,
10,blocks.7.attn.out_proj,attention_out,dp_kfc_a,0.01,0.008470520118240586,3.155553560204736e-06,7.01685761613406e-05,0.0011521976177980944,0.003776909364304452,8.202728071337381e-07,1.5655016988994694,,,,,,,,1.180565049183438,
10,blocks.7.mlp.fc1,mlp,dp_kfc_a,0.01,0.996446833709361,0.052641817207683086,0.24831387953330886,1.808780559300182,17.50823785449483,-2.703814910027883e-08,24.934135209194643,,,,,,,,0.01003565836299978,
10,blocks.7.mlp.fc2,mlp,dp_kfc_a,0.01,0.023621636920006673,0.0004096406325504451,0.0011794703512572784,0.030239208160410473,0.37660508189032654,0.00027360987308148473,2.4074862679155316,,,,,,,,0.4233406869246374,
10,blocks.8.attn.q_proj,attention_qkv,dp_kfc_a,0.01,0.9955932420770122,0.04870492477177478,0.23626166994416176,1.7780040882089827,17.44287706118129,-4.0756015879260055e-08,25.456122717512173,,,,,,,,0.010044262633942699,
10,blocks.8.attn.k_proj,attention_qkv,dp_kfc_a,0.01,0.9955932420770122,0.04870492477177478,0.23626166994416176,1.7780040882089827,17.44287706118129,-4.0756015879260055e-08,25.456122717512173,,,,,,,,0.010044262633942699,
10,blocks.8.attn.v_proj,attention_qkv,dp_kfc_a,0.01,0.9955932420770122,0.04870492477177478,0.23626166994416176,1.7780040882089827,17.44287706118129,-4.0756015879260055e-08,25.456122717512173,,,,,,,,0.010044262633942699,
10,blocks.8.attn.out_proj,attention_out,dp_kfc_a,0.01,0.008094429127887673,3.194647077549939e-06,6.684515596058039e-05,0.0012104389306898426,0.004304104586480132,6.519741105609649e-07,1.4881337414163094,,,,,,,,1.2354175744830576,
10,blocks.8.mlp.fc1,mlp,dp_kfc_a,0.01,0.9964224235999152,0.04893985050318409,0.2353379904973051,1.7765891451953264,17.414119886683665,-5.632853665017048e-08,25.412635175802144,,,,,,,,0.010035904214069769,
10,blocks.8.mlp.fc2,mlp,dp_kfc_a,0.01,0.02386618703506858,0.0004030523166528283,0.0011892408289763735,0.029919342831906854,0.403795685608066,0.0002592889574541569,2.4399376235875474,,,,,,,,0.41900283381279824,
10,blocks.9.attn.q_proj,attention_qkv,dp_kfc_a,0.01,0.9958723054648682,0.04695328988561774,0.22900548901656753,1.8015798484410073,17.48897326207021,-2.78157205945543e-08,26.147461109934685,,,,,,,,0.010041448030158898,
10,blocks.9.attn.k_proj,attention_qkv,dp_kfc_a,0.01,0.9958723054648682,0.04695328988561774,0.22900548901656753,1.8015798484410073,17.48897326207021,-2.78157205945543e-08,26.147461109934685,,,,,,,,0.010041448030158898,
10,blocks.9.attn.v_proj,attention_qkv,dp_kfc_a,0.01,0.9958723054648682,0.04695328988561774,0.22900548901656753,1.8015798484410073,17.48897326207021,-2.78157205945543e-08,26.147461109934685,,,,,,,,0.010041448030158898,
10,blocks.9.attn.out_proj,attention_out,dp_kfc_a,0.01,0.008625932169777771,3.11434139083901e-06,6.349944163730996e-05,0.0013032071348390232,0.004426112307107505,7.243593030588045e-07,1.5879622600341021,,,,,,,,1.1592949959699983,
10,blocks.9.mlp.fc1,mlp,dp_kfc_a,0.01,0.9961884083525505,0.04711533669413821,0.230414301203034,1.7996375788385686,17.44427814108092,5.25230349428221e-09,26.19506972873281,,,,,,,,0.01003826175465897,
10,blocks.9.mlp.fc2,mlp,dp_kfc_a,0.01,0.022869351362356596,0.00037926447428835103,0.001115266602095965,0.02766181991987876,0.37333425584123975,0.0002505635812961345,2.3732173273641255,,,,,,,,0.4372664463260728,
10,blocks.10.attn.q_proj,attention_qkv,dp_kfc_a,0.01,0.9950856970999525,0.043964363728471574,0.22214075782430293,1.8381217003893202,17.230102745069253,-2.720145971767113e-08,25.863806972965815,,,,,,,,0.010049385725414098,
10,blocks.10.attn.k_proj,attention_qkv,dp_kfc_a,0.01,0.9950856970999525,0.043964363728471574,0.22214075782430293,1.8381217003893202,17.230102745069253,-2.720145971767113e-08,25.863806972965815,,,,,,,,0.010049385725414098,
10,blocks.10.attn.v_proj,attention_qkv,dp_kfc_a,0.01,0.9950856970999525,0.043964363728471574,0.22214075782430293,1.8381217003893202,17.230102745069253,-2.720145971767113e-08,25.863806972965815,,,,,,,,0.010049385725414098,
10,blocks.10.attn.out_proj,attention_out,dp_kfc_a,0.01,0.008940099313893776,2.9250851508239783e-06,6.182074709198348e-05,0.0013137050414914193,0.004698024549880727,7.58925661981701e-07,1.6428916708021712,,,,,,,,1.1185558066965808,
10,blocks.10.mlp.fc1,mlp,dp_kfc_a,0.01,0.9964446400731339,0.04433780886267085,0.22234524821263785,1.8370071773465682,17.229096109555094,-5.416119023061901e-08,25.832565260961143,,,,,,,,0.010035680456132567,
10,blocks.10.mlp.fc2,mlp,dp_kfc_a,0.01,0.023869507160081356,0.00037571056869659174,0.001142577956670472,0.028115852752707053,0.36662282833442844,0.00024394905708883573,2.518802085172221,,,,,,,,0.4189445526853482,
10,blocks.11.attn.q_proj,attention_qkv,dp_kfc_a,0.01,0.9972628067812154,0.04336659321953553,0.2168104049816004,1.8484906597141018,17.344181800444023,-2.6121726507661805e-08,25.780185488335036,,,,,,,,0.010027447060094613,
10,blocks.11.attn.k_proj,attention_qkv,dp_kfc_a,0.01,0.9972628067812154,0.04336659321953553,0.2168104049816004,1.8484906597141018,17.344181800444023,-2.6121726507661805e-08,25.780185488335036,,,,,,,,0.010027447060094613,
10,blocks.11.attn.v_proj,attention_qkv,dp_kfc_a,0.01,0.9972628067812154,0.04336659321953553,0.2168104049816004,1.8484906597141018,17.344181800444023,-2.6121726507661805e-08,25.780185488335036,,,,,,,,0.010027447060094613,
10,blocks.11.attn.out_proj,attention_out,dp_kfc_a,0.01,0.008820825607764385,2.686299936087554e-06,6.325921103884705e-05,0.0012818274909247498,0.004938551377590706,7.114492597258035e-07,1.6227092711566597,,,,,,,,1.1336807283886972,
10,blocks.11.mlp.fc1,mlp,dp_kfc_a,0.01,0.9964732382581643,0.04341819863995298,0.21679571684765286,1.8513524112643962,17.27651450711004,-1.209780467816024e-08,25.701766673197113,,,,,,,,0.010035392438115052,
10,blocks.11.mlp.fc2,mlp,dp_kfc_a,0.01,0.024045521747054453,0.0003709028098276296,0.0011346981068561476,0.028843711442425524,0.3708706259241711,0.00018083216761322792,2.585765354712171,,,,,,,,0.41587785472881195,
10,head,patch_head,dp_kfc_a,0.01,0.9958033937902957,0.00048684868902509226,0.004932001699106587,0.3164411111762644,1.9309936725067487,-3.93916613431192e-10,168.3860646024762,,,,,,,,0.010042142919334016,
11,patch_embed,patch_head,dp_kfc_a,0.01,0.25097329408821734,0.025399640649364345,0.04978852617313705,0.2590188394863623,4.18296524894563,0.016639930186909933,26.29302618271918,,,,,,,,0.03984487686759609,
11,blocks.0.attn.q_proj,attention_qkv,dp_kfc_a,0.01,0.9959117359447974,0.1178713269774966,0.3421272110531118,1.6425050659806246,19.135712370888925,-2.0821172479161337e-08,24.461849511959944,,,,,,,,0.010041050465695377,
11,blocks.0.attn.k_proj,attention_qkv,dp_kfc_a,0.01,0.9959117359447974,0.1178713269774966,0.3421272110531118,1.6425050659806246,19.135712370888925,-2.0821172479161337e-08,24.461849511959944,,,,,,,,0.010041050465695377,
11,blocks.0.attn.v_proj,attention_qkv,dp_kfc_a,0.01,0.9959117359447974,0.1178713269774966,0.3421272110531118,1.6425050659806246,19.135712370888925,-2.0821172479161337e-08,24.461849511959944,,,,,,,,0.010041050465695377,
11,blocks.0.attn.out_proj,attention_out,dp_kfc_a,0.01,0.005888130393442022,5.22800828849301e-06,9.005957280127896e-05,0.0007553332111830494,0.001985727374300445,1.2303997666044507e-06,1.087714293097807,,,,,,,,1.6983319545942162,
11,blocks.0.mlp.fc1,mlp,dp_kfc_a,0.01,0.9958647687200438,0.11787698629007934,0.3426754137725439,1.650571690065369,19.136157324539184,-4.898894765919901e-09,24.45798312103403,,,,,,,,0.010041524024243484,
11,blocks.0.mlp.fc2,mlp,dp_kfc_a,0.01,0.024199518759011912,0.0005262563074626197,0.0013745942313467647,0.03681586862393893,0.3877363184413863,0.00035834075002443797,2.157278671607548,,,,,,,,0.41323135801103467,
11,blocks.1.attn.q_proj,attention_qkv,dp_kfc_a,0.01,0.9959433690253935,0.10001518790686625,0.32468913395914883,1.6127906447070437,19.07204685872748,-3.5229368670238704e-08,25.29242075398843,,,,,,,,0.010040731542583352,
11,blocks.1.attn.k_proj,attention_qkv,dp_kfc_a,0.01,0.9959433690253935,0.10001518790686625,0.32468913395914883,1.6127906447070437,19.07204685872748,-3.5229368670238704e-08,25.29242075398843,,,,,,,,0.010040731542583352,
11,blocks.1.attn.v_proj,attention_qkv,dp_kfc_a,0.01,0.9959433690253935,0.10001518790686625,0.32468913395914883,1.6127906447070437,19.07204685872748,-3.5229368670238704e-08,25.29242075398843,,,,,,,,0.010040731542583352,
11,blocks.1.attn.out_proj,attention_out,dp_kfc_a,0.01,0.006083132390224211,4.376745423206749e-06,8.318887000865106e-05,0.000789486706875383,0.0021378896999743333,8.598667095140417e-07,1.1228050854738243,,,,,,,,1.6438899169892014,
11,blocks.1.mlp.fc1,mlp,dp_kfc_a,0.01,0.9946896622217999,0.09998588039672293,0.3251921119209655,1.6108655330566155,19.013033194325356,-5.020818931842575e-08,25.26290968729484,,,,,,,,0.010053386880148514,
11,blocks.1.mlp.fc2,mlp,dp_kfc_a,0.01,0.023534399800012266,0.0004896638164766985,0.00129515216568794,0.03564157676670718,0.40655676965928406,0.00030986353048533075,1.9964293072399324,,,,,,,,0.4249099227078988,
11,blocks.2.attn.q_proj,attention_qkv,dp_kfc_a,0.01,0.995334048345299,0.08422753334774866,0.30779620020516296,1.649984798454994,18.395249829052755,-9.972166488427319e-10,26.167827716859854,,,,,,,,0.010046878248186706,
11,blocks.2.attn.k_proj,attention_qkv,dp_kfc_a,0.01,0.995334048345299,0.08422753334774866,0.30779620020516296,1.649984798454994,18.395249829052755,-9.972166488427319e-10,26.167827716859854,,,,,,,,0.010046878248186706,
11,blocks.2.attn.v_proj,attention_qkv,dp_kfc_a,0.01,0.995334048345299,0.08422753334774866,0.30779620020516296,1.649984798454994,18.395249829052755,-9.972166488427319e-10,26.167827716859854,,,,,,,,0.010046878248186706,
11,blocks.2.attn.out_proj,attention_out,dp_kfc_a,0.01,0.006517365447187029,4.1940469447105285e-06,7.817161722838609e-05,0.0008744725879825027,0.0026124335399625577,9.309626375271477e-07,1.2032020161227701,,,,,,,,1.5343623249354716,
11,blocks.2.mlp.fc1,mlp,dp_kfc_a,0.01,0.9957042531028313,0.08457762277407967,0.30816545534666323,1.6516445790476275,18.3854478391383,-5.0573022218274117e-08,26.12457532481375,,,,,,,,0.010043142799518855,
11,blocks.2.mlp.fc2,mlp,dp_kfc_a,0.01,0.024091570376526317,0.0004825955669417793,0.0013034777792682829,0.035256024641868576,0.38409382841507445,0.00031489121053364047,2.274244803650874,,,,,,,,0.4150829457652759,
11,blocks.3.attn.q_proj,attention_qkv,dp_kfc_a,0.01,0.9959672105744714,0.07564451001363605,0.29535324080576136,1.770664180180644,17.64971962843026,-3.8300582932918236e-08,26.311843870688527,,,,,,,,0.010040491186684776,
11,blocks.3.attn.k_proj,attention_qkv,dp_kfc_a,0.01,0.9959672105744714,0.07564451001363605,0.29535324080576136,1.770664180180644,17.64971962843026,-3.8300582932918236e-08,26.311843870688527,,,,,,,,0.010040491186684776,
11,blocks.3.attn.v_proj,attention_qkv,dp_kfc_a,0.01,0.9959672105744714,0.07564451001363605,0.29535324080576136,1.770664180180644,17.64971962843026,-3.8300582932918236e-08,26.311843870688527,,,,,,,,0.010040491186684776,
11,blocks.3.attn.out_proj,attention_out,dp_kfc_a,0.01,0.006851344953765827,4.209853479315594e-06,7.71084002899849e-05,0.0009008553030441901,0.002705136434395542,9.614992293315887e-07,1.2646138291015434,,,,,,,,1.4595674378508006,
11,blocks.3.mlp.fc1,mlp,dp_kfc_a,0.01,0.9954042070270203,0.07607864978067162,0.29513023746179473,1.7637534621080966,17.66569705112542,-3.276785684171709e-08,26.239936769643574,,,,,,,,0.010046170118033819,
11,blocks.3.mlp.fc2,mlp,dp_kfc_a,0.01,0.024020061473348828,0.0004638417967482587,0.0012854954047510283,0.03304099140159205,0.3615477971432989,0.00031118838245280126,2.212727311065311,,,,,,,,0.4163186680889797,
11,blocks.4.attn.q_proj,attention_qkv,dp_kfc_a,0.01,0.9965413419693864,0.06730037296004635,0.2837213979570319,1.777610339139874,17.881406338358698,-2.1060653984389363e-08,26.33448999884089,,,,,,,,0.010034706618631381,
11,blocks.4.attn.k_proj,attention_qkv,dp_kfc_a,0.01,0.9965413419693864,0.06730037296004635,0.2837213979570319,1.777610339139874,17.881406338358698,-2.1060653984389363e-08,26.33448999884089,,,,,,,,0.010034706618631381,
11,blocks.4.attn.v_proj,attention_qkv,dp_kfc_a,0.01,0.9965413419693864,0.06730037296004635,0.2837213979570319,1.777610339139874,17.881406338358698,-2.1060653984389363e-08,26.33448999884089,,,,,,,,0.010034706618631381,
11,blocks.4.attn.out_proj,attention_out,dp_kfc_a,0.01,0.007115835053701475,3.670629850094625e-06,7.597682054367002e-05,0.0009790878674769744,0.0029415420929004223,1.0337754155470654e-06,1.3110219366295044,,,,,,,,1.4053164420665227,
11,blocks.4.mlp.fc1,mlp,dp_kfc_a,0.01,0.995762485296615,0.06739132065513741,0.2816857348681524,1.7700931174597174,17.829414229646616,8.400699241424138e-09,26.283354322127128,,,,,,,,0.01004255547649119,
11,blocks.4.mlp.fc2,mlp,dp_kfc_a,0.01,0.023838779782471873,0.0004402364017701885,0.0012367746899823485,0.03270555024353937,0.3687575782728051,0.00029473900705158157,2.312637365954684,,,,,,,,0.4194845579870149,
11,blocks.5.attn.q_proj,attention_qkv,dp_kfc_a,0.01,0.996127501979393,0.06163500206258604,0.275036088126526,1.829984298265662,17.600468829505637,2.3606421668105524e-08,25.30873532175284,,,,,,,,0.010038875525602014,
11,blocks.5.attn.k_proj,attention_qkv,dp_kfc_a,0.01,0.996127501979393,0.06163500206258604,0.275036088126526,1.829984298265662,17.600468829505637,2.3606421668105524e-08,25.30873532175284,,,,,,,,0.010038875525602014,
11,blocks.5.attn.v_proj,attention_qkv,dp_kfc_a,0.01,0.996127501979393,0.06163500206258604,0.275036088126526,1.829984298265662,17.600468829505637,2.3606421668105524e-08,25.30873532175284,,,,,,,,0.010038875525602014,
11,blocks.5.attn.out_proj,attention_out,dp_kfc_a,0.01,0.008088859847015123,3.5672853687258187e-06,7.233750032649532e-05,0.0010854327827849158,0.0033019620792124685,9.40587507799638e-07,1.4961233938305063,,,,,,,,1.2362681748887154,
11,blocks.5.mlp.fc1,mlp,dp_kfc_a,0.01,0.9963663569386142,0.061127852031225095,0.274710146859605,1.8288741871736656,17.572525829736428,-2.87211776193213e-08,25.319777022526264,,,,,,,,0.010036468945745523,
11,blocks.5.mlp.fc2,mlp,dp_kfc_a,0.01,0.02373701675403839,0.000431349723556311,0.0012118338442845046,0.0320336429176171,0.3650383456410108,0.0002762379057902881,2.365117523577496,,,,,,,,0.4212829313649406,
11,blocks.6.attn.q_proj,attention_qkv,dp_kfc_a,0.01,0.9963660088845485,0.05599003782708542,0.2628963362557914,1.8176665743810334,17.549853448621093,-4.436728473720991e-08,25.2936297805046,,,,,,,,0.010036472451720024,
11,blocks.6.attn.k_proj,attention_qkv,dp_kfc_a,0.01,0.9963660088845485,0.05599003782708542,0.2628963362557914,1.8176665743810334,17.549853448621093,-4.436728473720991e-08,25.2936297805046,,,,,,,,0.010036472451720024,
11,blocks.6.attn.v_proj,attention_qkv,dp_kfc_a,0.01,0.9963660088845485,0.05599003782708542,0.2628963362557914,1.8176665743810334,17.549853448621093,-4.436728473720991e-08,25.2936297805046,,,,,,,,0.010036472451720024,
11,blocks.6.attn.out_proj,attention_out,dp_kfc_a,0.01,0.008155513466746001,3.1924160664574255e-06,7.227352055917814e-05,0.001086032920732097,0.0035426631682583965,9.198918346448301e-07,1.5047779279470936,,,,,,,,1.2261643660788335,
11,blocks.6.mlp.fc1,mlp,dp_kfc_a,0.01,0.9951152100464223,0.05601870635036088,0.26371216815093645,1.816522433739092,17.487426069405192,-1.706679888419646e-08,25.195227519311658,,,,,,,,0.010049087682554362,
11,blocks.6.mlp.fc2,mlp,dp_kfc_a,0.01,0.024056390438940964,0.00042790523559208747,0.0012233178669120745,0.03192470345848713,0.37231266331177165,0.0002864977956775361,2.333051282593771,,,,,,,,0.41568996086015597,
11,blocks.7.attn.q_proj,attention_qkv,dp_kfc_a,0.01,0.9965048265580687,0.05195295765921677,0.2511471551732554,1.8714391518041391,17.595977969343235,-3.56148027664337e-08,24.86580722414354,,,,,,,,0.010035074325269488,
11,blocks.7.attn.k_proj,attention_qkv,dp_kfc_a,0.01,0.9965048265580687,0.05195295765921677,0.2511471551732554,1.8714391518041391,17.595977969343235,-3.56148027664337e-08,24.86580722414354,,,,,,,,0.010035074325269488,
11,blocks.7.attn.v_proj,attention_qkv,dp_kfc_a,0.01,0.9965048265580687,0.05195295765921677,0.2511471551732554,1.8714391518041391,17.595977969343235,-3.56148027664337e-08,24.86580722414354,,,,,,,,0.010035074325269488,
11,blocks.7.attn.out_proj,attention_out,dp_kfc_a,0.01,0.008515882429303697,3.099728246095635e-06,6.88397455082059e-05,0.0011325200493254748,0.0038815242115090207,8.523890925685747e-07,1.5739775765318595,,,,,,,,1.1742764279588171,
11,blocks.7.mlp.fc1,mlp,dp_kfc_a,0.01,0.9957981033955213,0.05231339173230369,0.2510682303901012,1.8520138776062376,17.600607955199564,-2.5830633828421063e-09,24.817631200786828,,,,,,,,0.010042196270410145,
11,blocks.7.mlp.fc2,mlp,dp_kfc_a,0.01,0.023807592130470803,0.0004128051624067653,0.0011859942453736902,0.03020702904768014,0.3738371544879951,0.0002739800667584485,2.4432478591493667,,,,,,,,0.4200340775832271,
11,blocks.8.attn.q_proj,attention_qkv,dp_kfc_a,0.01,0.995221792107419,0.04893035277622494,0.24195760847590733,1.8222438561362508,17.57126041239858,-2.314506580988834e-08,25.356666902338247,,,,,,,,0.01004801148779573,
11,blocks.8.attn.k_proj,attention_qkv,dp_kfc_a,0.01,0.995221792107419,0.04893035277622494,0.24195760847590733,1.8222438561362508,17.57126041239858,-2.314506580988834e-08,25.356666902338247,,,,,,,,0.01004801148779573,
11,blocks.8.attn.v_proj,attention_qkv,dp_kfc_a,0.01,0.995221792107419,0.04893035277622494,0.24195760847590733,1.8222438561362508,17.57126041239858,-2.314506580988834e-08,25.356666902338247,,,,,,,,0.01004801148779573,
11,blocks.8.attn.out_proj,attention_out,dp_kfc_a,0.01,0.008112832635971042,3.0313626526932295e-06,6.525031795012964e-05,0.0012530013607463797,0.0045648535336071895,6.762771780692528e-07,1.4916705367824896,,,,,,,,1.23261509866006,
11,blocks.8.mlp.fc1,mlp,dp_kfc_a,0.01,0.9961014528966321,0.04925882820122653,0.2409309893286584,1.8235885297916024,17.546533830365462,-3.4507959960707817e-08,25.312171959729163,,,,,,,,0.010039138052575178,
11,blocks.8.mlp.fc2,mlp,dp_kfc_a,0.01,0.0240011159572823,0.0004075723652739892,0.001197671013316637,0.03008265398877538,0.4050233736648606,0.0002627680941201057,2.4623537204861567,,,,,,,,0.4166472933091201,
11,blocks.9.attn.q_proj,attention_qkv,dp_kfc_a,0.01,0.9955698504966776,0.046129099363878684,0.23185247858659772,1.7877863011046387,17.6828999119999,-4.330062316142072e-08,26.08690427535867,,,,,,,,0.010044498630619562,
11,blocks.9.attn.k_proj,attention_qkv,dp_kfc_a,0.01,0.9955698504966776,0.046129099363878684,0.23185247858659772,1.7877863011046387,17.6828999119999,-4.330062316142072e-08,26.08690427535867,,,,,,,,0.010044498630619562,
11,blocks.9.attn.v_proj,attention_qkv,dp_kfc_a,0.01,0.9955698504966776,0.046129099363878684,0.23185247858659772,1.7877863011046387,17.6828999119999,-4.330062316142072e-08,26.08690427535867,,,,,,,,0.010044498630619562,
11,blocks.9.attn.out_proj,attention_out,dp_kfc_a,0.01,0.008656579464579898,3.135101457589584e-06,6.419215791844732e-05,0.001273537531611626,0.004475279811545045,7.36007373959144e-07,1.594191291848805,,,,,,,,1.1551906894538393,
11,blocks.9.mlp.fc1,mlp,dp_kfc_a,0.01,0.9953621616635299,0.04611218278655308,0.23356416695892496,1.7825214934310036,17.6184962946053,-4.8056247195090825e-08,26.148222017397057,,,,,,,,0.010046594481035113,
11,blocks.9.mlp.fc2,mlp,dp_kfc_a,0.01,0.022942468884881825,0.0003816724097912965,0.00111939357570891,0.0277034873410098,0.38023587559032657,0.00024948843533171097,2.3969697040225633,,,,,,,,0.43587288055949386,
11,blocks.10.attn.q_proj,attention_qkv,dp_kfc_a,0.01,0.9947534858253954,0.04425661888217137,0.22474262318343782,1.8157553026100286,17.5288975426635,-3.154685297449892e-08,25.57570740664656,,,,,,,,0.01005274185262343,
11,blocks.10.attn.k_proj,attention_qkv,dp_kfc_a,0.01,0.9947534858253954,0.04425661888217137,0.22474262318343782,1.8157553026100286,17.5288975426635,-3.154685297449892e-08,25.57570740664656,,,,,,,,0.01005274185262343,
11,blocks.10.attn.v_proj,attention_qkv,dp_kfc_a,0.01,0.9947534858253954,0.04425661888217137,0.22474262318343782,1.8157553026100286,17.5288975426635,-3.154685297449892e-08,25.57570740664656,,,,,,,,0.01005274185262343,
11,blocks.10.attn.out_proj,attention_out,dp_kfc_a,0.01,0.0092020404248841,2.9236714848082845e-06,6.198535227280711e-05,0.0013675018787376774,0.004796166223855223,7.495197503803159e-07,1.6925131875257962,,,,,,,,1.0867155042003578,
11,blocks.10.mlp.fc1,mlp,dp_kfc_a,0.01,0.9959441556214051,0.04464511415756379,0.22395829379831325,1.8173331458443611,17.520106106308997,-3.323678429007944e-08,25.55016484701272,,,,,,,,0.01004072361242046,
11,blocks.10.mlp.fc2,mlp,dp_kfc_a,0.01,0.02397046966529094,0.00037804996374823956,0.0011509654771512889,0.028091785908870223,0.37415133241366366,0.00024601294020615386,2.5245606194653294,,,,,,,,0.4171799776822865,
11,blocks.11.attn.q_proj,attention_qkv,dp_kfc_a,0.01,0.9968215520517814,0.04336103615626441,0.21858167504804638,1.8183498388270656,17.677216371731383,-2.130654838102066e-08,25.489330970876438,,,,,,,,0.010031885826923348,
11,blocks.11.attn.k_proj,attention_qkv,dp_kfc_a,0.01,0.9968215520517814,0.04336103615626441,0.21858167504804638,1.8183498388270656,17.677216371731383,-2.130654838102066e-08,25.489330970876438,,,,,,,,0.010031885826923348,
11,blocks.11.attn.v_proj,attention_qkv,dp_kfc_a,0.01,0.9968215520517814,0.04336103615626441,0.21858167504804638,1.8183498388270656,17.677216371731383,-2.130654838102066e-08,25.489330970876438,,,,,,,,0.010031885826923348,
11,blocks.11.attn.out_proj,attention_out,dp_kfc_a,0.01,0.008928627628348092,2.7400284985521997e-06,6.093436788541417e-05,0.001343653450751964,0.004891388182152133,6.860003622798445e-07,1.6428899427009527,,,,,,,,1.1199929503443886,
11,blocks.11.mlp.fc1,mlp,dp_kfc_a,0.01,0.9960971545678964,0.043815082944014705,0.21872809035981097,1.8218023962983332,17.624652841124686,-2.821645555484211e-08,25.403497337802357,,,,,,,,0.010039181373164315,
11,blocks.11.mlp.fc2,mlp,dp_kfc_a,0.01,0.024165558356244326,0.00037319092992166004,0.0011426975462104593,0.028880193861351593,0.37453892084325585,0.0001854302264932255,2.6090981020508317,,,,,,,,0.41381208133417796,
11,head,patch_head,dp_kfc_a,0.01,0.9965116114505215,0.000614765109892897,0.005737963030010797,0.3828561606184931,2.437235684869477,4.1791697137297854e-08,163.39196978653882,,,,,,,,0.010035006000024434,
12,patch_embed,patch_head,dp_kfc_a,0.01,0.25097329488268755,0.025375818429491624,0.049663300965508236,0.25940244731308165,4.187155090317617,0.016592023265390336,26.450179491551378,,,,,,,,0.03984487674146486,
12,blocks.0.attn.q_proj,attention_qkv,dp_kfc_a,0.01,0.9959135154368347,0.11848765449638271,0.34139018961544076,1.6499609833002455,19.06543488549087,-6.51581328246635e-08,24.740979064360427,,,,,,,,0.010041032524409238,
12,blocks.0.attn.k_proj,attention_qkv,dp_kfc_a,0.01,0.9959135154368347,0.11848765449638271,0.34139018961544076,1.6499609833002455,19.06543488549087,-6.51581328246635e-08,24.740979064360427,,,,,,,,0.010041032524409238,
12,blocks.0.attn.v_proj,attention_qkv,dp_kfc_a,0.01,0.9959135154368347,0.11848765449638271,0.34139018961544076,1.6499609833002455,19.06543488549087,-6.51581328246635e-08,24.740979064360427,,,,,,,,0.010041032524409238,
12,blocks.0.attn.out_proj,attention_out,dp_kfc_a,0.01,0.005897959167758423,5.454655064577074e-06,9.067144801726294e-05,0.0007587774650484291,0.002025400084335389,1.2622987597541897e-06,1.089167718741693,,,,,,,,1.6955017346789463,
12,blocks.0.mlp.fc1,mlp,dp_kfc_a,0.01,0.9950963864054705,0.11800150236460069,0.3408265767861271,1.6621318662158437,19.038321583346352,-1.158658714965743e-08,24.715470699369845,,,,,,,,0.010049277775113248,
12,blocks.0.mlp.fc2,mlp,dp_kfc_a,0.01,0.024327183189536646,0.0005295973201191042,0.0013858146683960284,0.036584238417726817,0.39208384244718897,0.00036101145728900956,2.208419026043759,,,,,,,,0.4110627984378025,
12,blocks.1.attn.q_proj,attention_qkv,dp_kfc_a,0.01,0.995621825129257,0.09881156857873762,0.32254175182487627,1.6240287564089417,19.11896398261442,-3.4891231518248786e-08,25.651622424918273,,,,,,,,0.010043974275776595,
12,blocks.1.attn.k_proj,attention_qkv,dp_kfc_a,0.01,0.995621825129257,0.09881156857873762,0.32254175182487627,1.6240287564089417,19.11896398261442,-3.4891231518248786e-08,25.651622424918273,,,,,,,,0.010043974275776595,
12,blocks.1.attn.v_proj,attention_qkv,dp_kfc_a,0.01,0.995621825129257,0.09881156857873762,0.32254175182487627,1.6240287564089417,19.11896398261442,-3.4891231518248786e-08,25.651622424918273,,,,,,,,0.010043974275776595,
12,blocks.1.attn.out_proj,attention_out,dp_kfc_a,0.01,0.0060979705789473895,4.5798785843346545e-06,8.527485450366902e-05,0.0007943022374274781,0.0021750547533060907,9.236119923123927e-07,1.1254326569672413,,,,,,,,1.6398898404862696,
12,blocks.1.mlp.fc1,mlp,dp_kfc_a,0.01,0.9941538090532925,0.09900786318438286,0.3217414293297984,1.6214317724308025,19.04706649358563,-6.145202720095635e-08,25.61661676891597,,,,,,,,0.010058805698811079,
12,blocks.1.mlp.fc2,mlp,dp_kfc_a,0.01,0.02362065908337988,0.0004932903309805436,0.001303612733837925,0.03554508890834083,0.41411675041557783,0.00031949481816885144,2.0340042627564596,,,,,,,,0.4233582121777569,
12,blocks.2.attn.q_proj,attention_qkv,dp_kfc_a,0.01,0.9946685939872821,0.08385711406503117,0.30843416603240503,1.6638635390375438,18.404553974099947,-2.848163356542222e-08,26.602973941198776,,,,,,,,0.010053599822543367,
12,blocks.2.attn.k_proj,attention_qkv,dp_kfc_a,0.01,0.9946685939872821,0.08385711406503117,0.30843416603240503,1.6638635390375438,18.404553974099947,-2.848163356542222e-08,26.602973941198776,,,,,,,,0.010053599822543367,
12,blocks.2.attn.v_proj,attention_qkv,dp_kfc_a,0.01,0.9946685939872821,0.08385711406503117,0.30843416603240503,1.6638635390375438,18.404553974099947,-2.848163356542222e-08,26.602973941198776,,,,,,,,0.010053599822543367,
12,blocks.2.attn.out_proj,attention_out,dp_kfc_a,0.01,0.006504733753683157,4.295778552105512e-06,7.72029755752792e-05,0.0008969988815070846,0.0025615965551312667,9.503851650301809e-07,1.2004845293585047,,,,,,,,1.5373419387592502,
12,blocks.2.mlp.fc1,mlp,dp_kfc_a,0.01,0.9954026730567063,0.0839919512688872,0.3096816193267889,1.6647883856960637,18.391663988169224,-2.714954664851887e-08,26.580735556174503,,,,,,,,0.010046185599734992,
12,blocks.2.mlp.fc2,mlp,dp_kfc_a,0.01,0.02420187305649367,0.0004840320848112676,0.0013191970824078067,0.03486760544519243,0.3856379581102358,0.0003210879210753458,2.3161204407097595,,,,,,,,0.41319115990143884,
12,blocks.3.attn.q_proj,attention_qkv,dp_kfc_a,0.01,0.9956286392063675,0.07569264401615247,0.2941110320545848,1.7614107755108477,17.640023916875798,-4.352755774442319e-08,26.907188285882206,,,,,,,,0.01004390553487008,
12,blocks.3.attn.k_proj,attention_qkv,dp_kfc_a,0.01,0.9956286392063675,0.07569264401615247,0.2941110320545848,1.7614107755108477,17.640023916875798,-4.352755774442319e-08,26.907188285882206,,,,,,,,0.01004390553487008,
12,blocks.3.attn.v_proj,attention_qkv,dp_kfc_a,0.01,0.9956286392063675,0.07569264401615247,0.2941110320545848,1.7614107755108477,17.640023916875798,-4.352755774442319e-08,26.907188285882206,,,,,,,,0.01004390553487008,
12,blocks.3.attn.out_proj,attention_out,dp_kfc_a,0.01,0.006841983332496542,4.140837927300615e-06,7.614559341578405e-05,0.0009311844407057621,0.0028242224828113616,9.182712109293466e-07,1.2619308730563625,,,,,,,,1.461564507546256,
12,blocks.3.mlp.fc1,mlp,dp_kfc_a,0.01,0.9947267267370471,0.07576334937371813,0.2939888888740757,1.750072287487056,17.644282902795677,-1.8266833045029896e-08,26.808432965433045,,,,,,,,0.010053012280872865,
12,blocks.3.mlp.fc2,mlp,dp_kfc_a,0.01,0.024040409629033352,0.000467609316704301,0.001284887151376544,0.03304295503434594,0.36523049852716266,0.0003097066882321051,2.248537055105897,,,,,,,,0.4159662898556897,
12,blocks.4.attn.q_proj,attention_qkv,dp_kfc_a,0.01,0.9961400379479858,0.06587874536812881,0.28584551633572497,1.768401890748878,17.814042514687447,-1.5680831667121696e-08,26.896091362231722,,,,,,,,0.010038749190926666,
12,blocks.4.attn.k_proj,attention_qkv,dp_kfc_a,0.01,0.9961400379479858,0.06587874536812881,0.28584551633572497,1.768401890748878,17.814042514687447,-1.5680831667121696e-08,26.896091362231722,,,,,,,,0.010038749190926666,
12,blocks.4.attn.v_proj,attention_qkv,dp_kfc_a,0.01,0.9961400379479858,0.06587874536812881,0.28584551633572497,1.768401890748878,17.814042514687447,-1.5680831667121696e-08,26.896091362231722,,,,,,,,0.010038749190926666,
12,blocks.4.attn.out_proj,attention_out,dp_kfc_a,0.01,0.00709487193973115,3.880257451865988e-06,7.67510987792069e-05,0.0009817767706122638,0.0032374077880891537,9.934201683678372e-07,1.3060132455296372,,,,,,,,1.4094687099283905,
12,blocks.4.mlp.fc1,mlp,dp_kfc_a,0.01,0.9955186871666982,0.066295016907429,0.28373547838258206,1.760472670231389,17.775239114194445,4.572453703496313e-09,26.843804194763976,,,,,,,,0.010045014853975829,
12,blocks.4.mlp.fc2,mlp,dp_kfc_a,0.01,0.02398251202466119,0.0004438659341001445,0.0012561453157506012,0.03282044637945816,0.3763540579949684,0.00030197323074277854,2.33148826724599,,,,,,,,0.4169704987416252,
12,blocks.5.attn.q_proj,attention_qkv,dp_kfc_a,0.01,0.9955266278642447,0.06179476890164306,0.26990378499492185,1.7928155561882122,17.62933511016169,-1.7650071206162337e-09,25.818699838534865,,,,,,,,0.010044934731131725,
12,blocks.5.attn.k_proj,attention_qkv,dp_kfc_a,0.01,0.9955266278642447,0.06179476890164306,0.26990378499492185,1.7928155561882122,17.62933511016169,-1.7650071206162337e-09,25.818699838534865,,,,,,,,0.010044934731131725,
12,blocks.5.attn.v_proj,attention_qkv,dp_kfc_a,0.01,0.9955266278642447,0.06179476890164306,0.26990378499492185,1.7928155561882122,17.62933511016169,-1.7650071206162337e-09,25.818699838534865,,,,,,,,0.010044934731131725,
12,blocks.5.attn.out_proj,attention_out,dp_kfc_a,0.01,0.008050212806085887,3.5859923559704337e-06,7.201859068132582e-05,0.0011578928672602796,0.003311414331963618,9.494333092999196e-07,1.48804714057472,,,,,,,,1.2422031865344096,
12,blocks.5.mlp.fc1,mlp,dp_kfc_a,0.01,0.9959342841039668,0.06114988648071132,0.27024573151534537,1.7910625014007735,17.61085444623172,-5.10430603374188e-08,25.82065893352045,,,,,,,,0.01004082313422608,
12,blocks.5.mlp.fc2,mlp,dp_kfc_a,0.01,0.02382458313410649,0.00043351836162398513,0.0012263477147305389,0.03178838489982674,0.3678137769217107,0.0002769268671696726,2.362335613378393,,,,,,,,0.41973452142733736,
12,blocks.6.attn.q_proj,attention_qkv,dp_kfc_a,0.01,0.996459277182663,0.05627559676259581,0.26100876694944003,1.82674880978172,17.7053928192185,-6.919410949108341e-08,25.677589906602876,,,,,,,,0.010035533040821778,
12,blocks.6.attn.k_proj,attention_qkv,dp_kfc_a,0.01,0.996459277182663,0.05627559676259581,0.26100876694944003,1.82674880978172,17.7053928192185,-6.919410949108341e-08,25.677589906602876,,,,,,,,0.010035533040821778,
12,blocks.6.attn.v_proj,attention_qkv,dp_kfc_a,0.01,0.996459277182663,0.05627559676259581,0.26100876694944003,1.82674880978172,17.7053928192185,-6.919410949108341e-08,25.677589906602876,,,,,,,,0.010035533040821778,
12,blocks.6.attn.out_proj,attention_out,dp_kfc_a,0.01,0.008163763968535782,3.2533500823479243e-06,7.006601240389391e-05,0.0011082583002957921,0.0036344750903628546,9.27129584707694e-07,1.5054579101553944,,,,,,,,1.2249251740424285,
12,blocks.6.mlp.fc1,mlp,dp_kfc_a,0.01,0.9944331525520957,0.056472465101762855,0.26210506666957833,1.8250816727124148,17.638395222602558,-4.508557931765004e-08,25.582072235512037,,,,,,,,0.01005598010719592,
12,blocks.6.mlp.fc2,mlp,dp_kfc_a,0.01,0.024096382734630988,0.0004301660733332235,0.0012304248816402284,0.03183721078908068,0.3731728996880226,0.0002880985571004549,2.3175443619019087,,,,,,,,0.41500004835282345,
12,blocks.7.attn.q_proj,attention_qkv,dp_kfc_a,0.01,0.9963183193009135,0.05217367654991062,0.25013213493049236,1.855890891469078,17.828470764999963,-8.146313156338285e-09,25.316876928708357,,,,,,,,0.010036952855606126,
12,blocks.7.attn.k_proj,attention_qkv,dp_kfc_a,0.01,0.9963183193009135,0.05217367654991062,0.25013213493049236,1.855890891469078,17.828470764999963,-8.146313156338285e-09,25.316876928708357,,,,,,,,0.010036952855606126,
12,blocks.7.attn.v_proj,attention_qkv,dp_kfc_a,0.01,0.9963183193009135,0.05217367654991062,0.25013213493049236,1.855890891469078,17.828470764999963,-8.146313156338285e-09,25.316876928708357,,,,,,,,0.010036952855606126,
12,blocks.7.attn.out_proj,attention_out,dp_kfc_a,0.01,0.008518322775685688,3.1749111346595585e-06,7.032193489759819e-05,0.0011601486487052325,0.0037256075499660724,8.19772524415185e-07,1.5736574043884648,,,,,,,,1.1739400188665714,
12,blocks.7.mlp.fc1,mlp,dp_kfc_a,0.01,0.9954491796580004,0.05249165565036808,0.24962891028078474,1.8335558182167688,17.83639039398715,-1.5744769376548926e-08,25.26611869295768,,,,,,,,0.010045716249859818,
12,blocks.7.mlp.fc2,mlp,dp_kfc_a,0.01,0.023902672419254273,0.0004144598125812831,0.0011951398722435983,0.03078227066855323,0.3791553479467702,0.00027330940945775157,2.4246718831674134,,,,,,,,0.4183632618394887,
12,blocks.8.attn.q_proj,attention_qkv,dp_kfc_a,0.01,0.99474239843497,0.04864400530389729,0.24183486436807572,1.7933350580840302,17.842822435991422,-2.9171835562881112e-08,25.83335132084196,,,,,,,,0.01005285390039976,
12,blocks.8.attn.k_proj,attention_qkv,dp_kfc_a,0.01,0.99474239843497,0.04864400530389729,0.24183486436807572,1.7933350580840302,17.842822435991422,-2.9171835562881112e-08,25.83335132084196,,,,,,,,0.01005285390039976,
12,blocks.8.attn.v_proj,attention_qkv,dp_kfc_a,0.01,0.99474239843497,0.04864400530389729,0.24183486436807572,1.7933350580840302,17.842822435991422,-2.9171835562881112e-08,25.83335132084196,,,,,,,,0.01005285390039976,
12,blocks.8.attn.out_proj,attention_out,dp_kfc_a,0.01,0.008087841428211924,3.1764779531878765e-06,6.800064222893221e-05,0.0012510639863077002,0.004690523717313781,7.14314846648588e-07,1.4854773805389285,,,,,,,,1.23642384544263,
12,blocks.8.mlp.fc1,mlp,dp_kfc_a,0.01,0.9959995193802631,0.04921875421565126,0.24187019993558434,1.7947314828847736,17.828103771686212,-2.3828750721382393e-08,25.81700861738892,,,,,,,,0.010040165487451501,
12,blocks.8.mlp.fc2,mlp,dp_kfc_a,0.01,0.024084605843371316,0.0004102595033310983,0.00120755896068478,0.02986910104057551,0.4119855048158422,0.0002661544417525765,2.44561113080825,,,,,,,,0.41520297508843185,
12,blocks.9.attn.q_proj,attention_qkv,dp_kfc_a,0.01,0.9951331915015384,0.04658044800307769,0.23082964377604978,1.7673724846670502,17.86592961883977,-2.991524356749036e-08,26.683198543892892,,,,,,,,0.010048906101615586,
12,blocks.9.attn.k_proj,attention_qkv,dp_kfc_a,0.01,0.9951331915015384,0.04658044800307769,0.23082964377604978,1.7673724846670502,17.86592961883977,-2.991524356749036e-08,26.683198543892892,,,,,,,,0.010048906101615586,
12,blocks.9.attn.v_proj,attention_qkv,dp_kfc_a,0.01,0.9951331915015384,0.04658044800307769,0.23082964377604978,1.7673724846670502,17.86592961883977,-2.991524356749036e-08,26.683198543892892,,,,,,,,0.010048906101615586,
12,blocks.9.attn.out_proj,attention_out,dp_kfc_a,0.01,0.008737810415250775,3.0750142122316056e-06,6.532861200107457e-05,0.0012931668021361898,0.0048171271203506965,7.938711427573726e-07,1.6086867607019857,,,,,,,,1.1444514729395168,
12,blocks.9.mlp.fc1,mlp,dp_kfc_a,0.01,0.9952832049656409,0.04660816510441648,0.23027308851329595,1.7654393455175192,17.81418558568405,-1.852060973603275e-08,26.76291223262291,,,,,,,,0.010047391486270704,
12,blocks.9.mlp.fc2,mlp,dp_kfc_a,0.01,0.023062154215909493,0.0003826144721447572,0.0011241530206869384,0.027858148706018687,0.38019884303670554,0.00024789357779570837,2.4016708882615156,,,,,,,,0.4336108373215834,
12,blocks.10.attn.q_proj,attention_qkv,dp_kfc_a,0.01,0.9939239602632474,0.044656487025482576,0.22155925793058817,1.7909037106896675,17.623742993741768,-4.631104918762941e-08,26.26472459538346,,,,,,,,0.010061131836837331,
12,blocks.10.attn.k_proj,attention_qkv,dp_kfc_a,0.01,0.9939239602632474,0.044656487025482576,0.22155925793058817,1.7909037106896675,17.623742993741768,-4.631104918762941e-08,26.26472459538346,,,,,,,,0.010061131836837331,
12,blocks.10.attn.v_proj,attention_qkv,dp_kfc_a,0.01,0.9939239602632474,0.044656487025482576,0.22155925793058817,1.7909037106896675,17.623742993741768,-4.631104918762941e-08,26.26472459538346,,,,,,,,0.010061131836837331,
12,blocks.10.attn.out_proj,attention_out,dp_kfc_a,0.01,0.009117377935812226,2.9364621301601894e-06,6.469932147663359e-05,0.0013713829150542888,0.004720849853163617,7.742630236709252e-07,1.6754920940919698,,,,,,,,1.0968065676778536,
12,blocks.10.mlp.fc1,mlp,dp_kfc_a,0.01,0.9958806513504661,0.04461790556029499,0.22213730496244896,1.7921938994285591,17.645958903705218,-3.2829031512102755e-08,26.295139956858176,,,,,,,,0.010041363878733339,
12,blocks.10.mlp.fc2,mlp,dp_kfc_a,0.01,0.024044510658941823,0.00038085339372853784,0.0011566901376474507,0.028072003624593944,0.3846470285619105,0.00024529612522214997,2.5525288112142115,,,,,,,,0.4158953426769423,
12,blocks.11.attn.q_proj,attention_qkv,dp_kfc_a,0.01,0.9963204357290515,0.04364734082760102,0.21659431209676674,1.7797715390648714,17.839112727500364,-2.60290844187104e-08,26.13864590274689,,,,,,,,0.01003693153466491,
12,blocks.11.attn.k_proj,attention_qkv,dp_kfc_a,0.01,0.9963204357290515,0.04364734082760102,0.21659431209676674,1.7797715390648714,17.839112727500364,-2.60290844187104e-08,26.13864590274689,,,,,,,,0.01003693153466491,
12,blocks.11.attn.v_proj,attention_qkv,dp_kfc_a,0.01,0.9963204357290515,0.04364734082760102,0.21659431209676674,1.7797715390648714,17.839112727500364,-2.60290844187104e-08,26.13864590274689,,,,,,,,0.01003693153466491,
12,blocks.11.attn.out_proj,attention_out,dp_kfc_a,0.01,0.008946733215221788,2.8257382704691436e-06,6.050677643664787e-05,0.0012934119138621868,0.004861520764788647,7.223241008343293e-07,1.6457259592493894,,,,,,,,1.1177264102372255,
12,blocks.11.mlp.fc1,mlp,dp_kfc_a,0.01,0.9956753893219745,0.04377556910311802,0.21688487249885702,1.779619072142701,17.781330925463028,-4.5575164570737333e-08,26.08301550386242,,,,,,,,0.010043433941668182,
12,blocks.11.mlp.fc2,mlp,dp_kfc_a,0.01,0.024273534677196076,0.0003748584834937352,0.001144630790292215,0.029094932245327547,0.3762100162067294,0.00019225447286230264,2.6291327007957204,,,,,,,,0.4119713149727041,
12,head,patch_head,dp_kfc_a,0.01,0.9954180401687178,0.0006644808148185482,0.00593061128971973,0.3909721818944685,2.578721901952893,-9.211544258444079e-08,162.2381930705988,,,,,,,,0.01004603050825265,
13,patch_embed,patch_head,dp_kfc_a,0.01,0.25097329656851464,0.025422364799754682,0.04974756497460929,0.2598111003933663,4.1950892130176785,0.01666338946202881,26.184726173565437,,,,,,,,0.03984487647382057,
13,blocks.0.attn.q_proj,attention_qkv,dp_kfc_a,0.01,0.9955623761359892,0.11902083039694493,0.3425702892552353,1.6531119520980149,19.006024087551953,2.6097994161869473e-09,24.44642815466427,,,,,,,,0.010044574041470251,
13,blocks.0.attn.k_proj,attention_qkv,dp_kfc_a,0.01,0.9955623761359892,0.11902083039694493,0.3425702892552353,1.6531119520980149,19.006024087551953,2.6097994161869473e-09,24.44642815466427,,,,,,,,0.010044574041470251,
13,blocks.0.attn.v_proj,attention_qkv,dp_kfc_a,0.01,0.9955623761359892,0.11902083039694493,0.3425702892552353,1.6531119520980149,19.006024087551953,2.6097994161869473e-09,24.44642815466427,,,,,,,,0.010044574041470251,
13,blocks.0.attn.out_proj,attention_out,dp_kfc_a,0.01,0.005902121901974189,5.444882081035673e-06,9.024051455327105e-05,0.0007791301495674979,0.002082641032532392,1.327875469397647e-06,1.0894522625717549,,,,,,,,1.6943059066020172,
13,blocks.0.mlp.fc1,mlp,dp_kfc_a,0.01,0.9945943429680069,0.11855540258822221,0.34153310800726794,1.6636081782110528,18.968213979786047,-2.51387657886765e-08,24.419384314581748,,,,,,,,0.010054350369778517,
13,blocks.0.mlp.fc2,mlp,dp_kfc_a,0.01,0.024428570739953973,0.0005330398762200526,0.0013976140537411887,0.03691365007966648,0.3984689710452574,0.00036650404363645163,2.168849555613279,,,,,,,,0.4093567366855635,
13,blocks.1.attn.q_proj,attention_qkv,dp_kfc_a,0.01,0.9954029068428001,0.0994202761479405,0.3224923320192047,1.636638693726806,19.02551115241167,-1.606128691147968e-08,25.41589131629912,,,,,,,,0.010046183240229637,
13,blocks.1.attn.k_proj,attention_qkv,dp_kfc_a,0.01,0.9954029068428001,0.0994202761479405,0.3224923320192047,1.636638693726806,19.02551115241167,-1.606128691147968e-08,25.41589131629912,,,,,,,,0.010046183240229637,
13,blocks.1.attn.v_proj,attention_qkv,dp_kfc_a,0.01,0.9954029068428001,0.0994202761479405,0.3224923320192047,1.636638693726806,19.02551115241167,-1.606128691147968e-08,25.41589131629912,,,,,,,,0.010046183240229637,
13,blocks.1.attn.out_proj,attention_out,dp_kfc_a,0.01,0.006102429511968935,4.836287054712582e-06,8.55688587777967e-05,0.0008065137939422963,0.0021557433488135387,9.805451651918104e-07,1.1260287422591182,,,,,,,,1.638691603137178,
13,blocks.1.mlp.fc1,mlp,dp_kfc_a,0.01,0.9938149038374116,0.09951092413738319,0.322545361316662,1.6307527383285563,18.96203790108568,-1.9909791740172628e-08,25.37450290045613,,,,,,,,0.010062235896631314,
13,blocks.1.mlp.fc2,mlp,dp_kfc_a,0.01,0.02375356062897935,0.0004978722346356989,0.0013141157879609628,0.03555548026243357,0.4212762466701296,0.0003218356957059647,2.012162338578839,,,,,,,,0.4209895163169768,
13,blocks.2.attn.q_proj,attention_qkv,dp_kfc_a,0.01,0.9943514911004299,0.08457498501644513,0.3091281827491925,1.6595187868751722,18.271527247437763,-4.520241124927716e-08,26.194006082161305,,,,,,,,0.010056805957954757,
13,blocks.2.attn.k_proj,attention_qkv,dp_kfc_a,0.01,0.9943514911004299,0.08457498501644513,0.3091281827491925,1.6595187868751722,18.271527247437763,-4.520241124927716e-08,26.194006082161305,,,,,,,,0.010056805957954757,
13,blocks.2.attn.v_proj,attention_qkv,dp_kfc_a,0.01,0.9943514911004299,0.08457498501644513,0.3091281827491925,1.6595187868751722,18.271527247437763,-4.520241124927716e-08,26.194006082161305,,,,,,,,0.010056805957954757,
13,blocks.2.attn.out_proj,attention_out,dp_kfc_a,0.01,0.00648962755864269,4.312230770156412e-06,7.757791047128518e-05,0.0008877088847134007,0.0026805734715096958,9.868592363387763e-07,1.1970077007044881,,,,,,,,1.5409204780453545,
13,blocks.2.mlp.fc1,mlp,dp_kfc_a,0.01,0.9948251012693415,0.08469356193069197,0.3074259422123434,1.6599766347828986,18.2658104197583,2.6035483053074436e-08,26.15688176442922,,,,,,,,0.010052018176100056,
13,blocks.2.mlp.fc2,mlp,dp_kfc_a,0.01,0.024377041951703544,0.0004886769660680186,0.00132972067526799,0.03540684987643094,0.3890874831845143,0.0003280833267449251,2.336010128509902,,,,,,,,0.410222044980366,
13,blocks.3.attn.q_proj,attention_qkv,dp_kfc_a,0.01,0.9954134655122313,0.07573222304045553,0.2941515302678288,1.7605891533713247,17.543390294854053,-3.2353389971332227e-08,26.624254553435144,,,,,,,,0.010046076677146501,
13,blocks.3.attn.k_proj,attention_qkv,dp_kfc_a,0.01,0.9954134655122313,0.07573222304045553,0.2941515302678288,1.7605891533713247,17.543390294854053,-3.2353389971332227e-08,26.624254553435144,,,,,,,,0.010046076677146501,
13,blocks.3.attn.v_proj,attention_qkv,dp_kfc_a,0.01,0.9954134655122313,0.07573222304045553,0.2941515302678288,1.7605891533713247,17.543390294854053,-3.2353389971332227e-08,26.624254553435144,,,,,,,,0.010046076677146501,
13,blocks.3.attn.out_proj,attention_out,dp_kfc_a,0.01,0.0068092556686745,4.273550633083531e-06,7.71231863757056e-05,0.000922172871763814,0.0029237441920695415,9.39136615280213e-07,1.2552251247944488,,,,,,,,1.4685892976532362,
13,blocks.3.mlp.fc1,mlp,dp_kfc_a,0.01,0.9943087761883909,0.07565359315985322,0.2944197789696709,1.7494853230662388,17.540211906328263,1.8023782728678744e-08,26.514184020303933,,,,,,,,0.010057237992341032,
13,blocks.3.mlp.fc2,mlp,dp_kfc_a,0.01,0.024010621805727404,0.00047047694286388517,0.0012949969620656965,0.03358353468201911,0.37236229017281947,0.00031041084243428515,2.1942162222469217,,,,,,,,0.4164823418948125,
13,blocks.4.attn.q_proj,attention_qkv,dp_kfc_a,0.01,0.9955197853745574,0.06553611968634646,0.28283540452891615,1.7668460170721343,17.76234535311279,2.5191725560544716e-08,26.720672569049714,,,,,,,,0.010045003772815595,
13,blocks.4.attn.k_proj,attention_qkv,dp_kfc_a,0.01,0.9955197853745574,0.06553611968634646,0.28283540452891615,1.7668460170721343,17.76234535311279,2.5191725560544716e-08,26.720672569049714,,,,,,,,0.010045003772815595,
13,blocks.4.attn.v_proj,attention_qkv,dp_kfc_a,0.01,0.9955197853745574,0.06553611968634646,0.28283540452891615,1.7668460170721343,17.76234535311279,2.5191725560544716e-08,26.720672569049714,,,,,,,,0.010045003772815595,
13,blocks.4.attn.out_proj,attention_out,dp_kfc_a,0.01,0.007082157086857252,3.7617940765567084e-06,7.668362328038058e-05,0.001038226376166633,0.0031286175108165763,1.0126639123632908e-06,1.3030507390791435,,,,,,,,1.4119991801025638,
13,blocks.4.mlp.fc1,mlp,dp_kfc_a,0.01,0.9951547643681264,0.06588472473748375,0.28049586000451293,1.7588844405948636,17.73466311961026,-1.0200652189429019e-08,26.687266734500025,,,,,,,,0.010048688262422681,
13,blocks.4.mlp.fc2,mlp,dp_kfc_a,0.01,0.02403636575253833,0.0004450698682970613,0.001262909468343768,0.03334889386124784,0.38550232574622184,0.0003040281415573205,2.314967223753264,,,,,,,,0.4160362719952355,
13,blocks.5.attn.q_proj,attention_qkv,dp_kfc_a,0.01,0.995434111572918,0.06136402397459023,0.26862727446933565,1.8054948143352303,17.52346173428907,-3.96637740120561e-08,25.567659922049046,,,,,,,,0.01004586831387431,
13,blocks.5.attn.k_proj,attention_qkv,dp_kfc_a,0.01,0.995434111572918,0.06136402397459023,0.26862727446933565,1.8054948143352303,17.52346173428907,-3.96637740120561e-08,25.567659922049046,,,,,,,,0.01004586831387431,
13,blocks.5.attn.v_proj,attention_qkv,dp_kfc_a,0.01,0.995434111572918,0.06136402397459023,0.26862727446933565,1.8054948143352303,17.52346173428907,-3.96637740120561e-08,25.567659922049046,,,,,,,,0.01004586831387431,
13,blocks.5.attn.out_proj,attention_out,dp_kfc_a,0.01,0.008057711036891527,3.5044004023968682e-06,7.070557492405665e-05,0.0011300051121999144,0.0033723124762216616,9.454937172249234e-07,1.4892047910693325,,,,,,,,1.2410472346570725,
13,blocks.5.mlp.fc1,mlp,dp_kfc_a,0.01,0.9952908522724488,0.060854663578665036,0.2697656214327486,1.803667266455427,17.49649389662186,-3.861235674572836e-08,25.5379487589206,,,,,,,,0.010047314287243767,
13,blocks.5.mlp.fc2,mlp,dp_kfc_a,0.01,0.023955303770508158,0.00043485556352142266,0.0012281341712502842,0.031672024943758606,0.3680224150984161,0.00027612480554191257,2.3593946578546245,,,,,,,,0.4174440907032536,
13,blocks.6.attn.q_proj,attention_qkv,dp_kfc_a,0.01,0.996051468379757,0.05647909295670696,0.25636166331298793,1.8340123562234671,17.5057704724688,-2.5330844576997636e-08,25.323130785296744,,,,,,,,0.010039641843274083,
13,blocks.6.attn.k_proj,attention_qkv,dp_kfc_a,0.01,0.996051468379757,0.05647909295670696,0.25636166331298793,1.8340123562234671,17.5057704724688,-2.5330844576997636e-08,25.323130785296744,,,,,,,,0.010039641843274083,
13,blocks.6.attn.v_proj,attention_qkv,dp_kfc_a,0.01,0.996051468379757,0.05647909295670696,0.25636166331298793,1.8340123562234671,17.5057704724688,-2.5330844576997636e-08,25.323130785296744,,,,,,,,0.010039641843274083,
13,blocks.6.attn.out_proj,attention_out,dp_kfc_a,0.01,0.008228140294737632,3.2834327307307393e-06,7.463928107581142e-05,0.00112670373586113,0.00377874206327184,9.080403892614864e-07,1.5172653698398209,,,,,,,,1.2153414552733834,
13,blocks.6.mlp.fc1,mlp,dp_kfc_a,0.01,0.994095660244245,0.05683190919620593,0.2561892329273505,1.8348690449351837,17.442479215720052,-3.8495710860063004e-08,25.221179790256723,,,,,,,,0.01005939408038764,
13,blocks.6.mlp.fc2,mlp,dp_kfc_a,0.01,0.02423541151200299,0.00043374735034018157,0.0012391949837394073,0.031827723769223396,0.3823596912975652,0.00028983731285693733,2.321663674631497,,,,,,,,0.4126193605191038,
13,blocks.7.attn.q_proj,attention_qkv,dp_kfc_a,0.01,0.9960168281985071,0.051955048435404876,0.25244625683600397,1.8732257057108568,17.56788506692603,-5.5012973576528634e-08,24.914895406248984,,,,,,,,0.010039991009074588,
13,blocks.7.attn.k_proj,attention_qkv,dp_kfc_a,0.01,0.9960168281985071,0.051955048435404876,0.25244625683600397,1.8732257057108568,17.56788506692603,-5.5012973576528634e-08,24.914895406248984,,,,,,,,0.010039991009074588,
13,blocks.7.attn.v_proj,attention_qkv,dp_kfc_a,0.01,0.9960168281985071,0.051955048435404876,0.25244625683600397,1.8732257057108568,17.56788506692603,-5.5012973576528634e-08,24.914895406248984,,,,,,,,0.010039991009074588,
13,blocks.7.attn.out_proj,attention_out,dp_kfc_a,0.01,0.008436585817223058,3.347554426020551e-06,7.256115707385329e-05,0.001199109706114989,0.0038947109630667436,8.556626579430736e-07,1.557421652277565,,,,,,,,1.185313611056415,
13,blocks.7.mlp.fc1,mlp,dp_kfc_a,0.01,0.9953338737006014,0.05227453037286304,0.25159026546572966,1.854556131137194,17.57358854522737,-3.639072715535677e-08,24.871573919154933,,,,,,,,0.010046880011046446,
13,blocks.7.mlp.fc2,mlp,dp_kfc_a,0.01,0.023950427811791436,0.00041839268005888596,0.0012069567205214326,0.030887911014108173,0.3781547403735453,0.00027972596914245247,2.389144528136163,,,,,,,,0.4175290762479296,
13,blocks.8.attn.q_proj,attention_qkv,dp_kfc_a,0.01,0.9940938365891808,0.049471726153914854,0.24025916343862866,1.797340807464932,17.70359040848185,3.2050105402181633e-09,25.331507879540794,,,,,,,,0.010059412534244088,
13,blocks.8.attn.k_proj,attention_qkv,dp_kfc_a,0.01,0.9940938365891808,0.049471726153914854,0.24025916343862866,1.797340807464932,17.70359040848185,3.2050105402181633e-09,25.331507879540794,,,,,,,,0.010059412534244088,
13,blocks.8.attn.v_proj,attention_qkv,dp_kfc_a,0.01,0.9940938365891808,0.049471726153914854,0.24025916343862866,1.797340807464932,17.70359040848185,3.2050105402181633e-09,25.331507879540794,,,,,,,,0.010059412534244088,
13,blocks.8.attn.out_proj,attention_out,dp_kfc_a,0.01,0.008059200507901137,3.08813505481178e-06,6.698354764114832e-05,0.0012297535984038073,0.0043109040496287976,7.739650113511813e-07,1.4803693102550155,,,,,,,,1.2408178689928522,
13,blocks.8.mlp.fc1,mlp,dp_kfc_a,0.01,0.9955127619091093,0.05008312090019313,0.2397710277757333,1.7981923621550384,17.689774673845584,-3.1132944560240906e-08,25.325244401939784,,,,,,,,0.010045074641557437,
13,blocks.8.mlp.fc2,mlp,dp_kfc_a,0.01,0.024142237394679973,0.00041505043678525746,0.0012161786066692065,0.030088185323323264,0.4141891095923616,0.00026881629095262127,2.4382361130831898,,,,,,,,0.41421181626702164,
13,blocks.9.attn.q_proj,attention_qkv,dp_kfc_a,0.01,0.9943998919249817,0.04606355691430272,0.23271155982700517,1.7650351914445326,17.79169268508578,-2.0193805984402252e-08,25.99789234638839,,,,,,,,0.010056316459007024,
13,blocks.9.attn.k_proj,attention_qkv,dp_kfc_a,0.01,0.9943998919249817,0.04606355691430272,0.23271155982700517,1.7650351914445326,17.79169268508578,-2.0193805984402252e-08,25.99789234638839,,,,,,,,0.010056316459007024,
13,blocks.9.attn.v_proj,attention_qkv,dp_kfc_a,0.01,0.9943998919249817,0.04606355691430272,0.23271155982700517,1.7650351914445326,17.79169268508578,-2.0193805984402252e-08,25.99789234638839,,,,,,,,0.010056316459007024,
13,blocks.9.attn.out_proj,attention_out,dp_kfc_a,0.01,0.008775179378731766,3.168426359948441e-06,6.436414409160254e-05,0.0012670584854940134,0.004287691609335559,7.934859391060605e-07,1.6158565540830365,,,,,,,,1.1395778443272406,
13,blocks.9.mlp.fc1,mlp,dp_kfc_a,0.01,0.9949434053712559,0.046225909386849263,0.23111005062117843,1.7659189098022392,17.731640407808655,-3.227033327682439e-08,26.098574969682364,,,,,,,,0.010050822937279104,
13,blocks.9.mlp.fc2,mlp,dp_kfc_a,0.01,0.0231598643416488,0.00038675096840077206,0.0011452242130263687,0.028836563666250016,0.37971520910048057,0.00024326355042964099,2.397488328463918,,,,,,,,0.4317814583230015,
13,blocks.10.attn.q_proj,attention_qkv,dp_kfc_a,0.01,0.993542666571128,0.04492601853933275,0.22396314083678404,1.8105475435102254,17.761164860552316,8.546706806152852e-09,25.242580212834238,,,,,,,,0.010064993015862694,
13,blocks.10.attn.k_proj,attention_qkv,dp_kfc_a,0.01,0.993542666571128,0.04492601853933275,0.22396314083678404,1.8105475435102254,17.761164860552316,8.546706806152852e-09,25.242580212834238,,,,,,,,0.010064993015862694,
13,blocks.10.attn.v_proj,attention_qkv,dp_kfc_a,0.01,0.993542666571128,0.04492601853933275,0.22396314083678404,1.8105475435102254,17.761164860552316,8.546706806152852e-09,25.242580212834238,,,,,,,,0.010064993015862694,
13,blocks.10.attn.out_proj,attention_out,dp_kfc_a,0.01,0.009089383878594343,2.9798026399674456e-06,6.31616223616957e-05,0.0013430092555463914,0.004834047842802795,7.86104921118755e-07,1.6701981427376282,,,,,,,,1.1001845816579685,
13,blocks.10.mlp.fc1,mlp,dp_kfc_a,0.01,0.9956468782276687,0.044777552507355295,0.22430615849540073,1.8119513127574962,17.78715408204767,1.1824959437729707e-08,25.289859360678932,,,,,,,,0.010043721542923734,
13,blocks.10.mlp.fc2,mlp,dp_kfc_a,0.01,0.02409362834629994,0.0003861740800263423,0.0011662430092345963,0.028111667077660184,0.39156541108533743,0.0002473137366649491,2.5547889763800002,,,,,,,,0.4150474912399693,
13,blocks.11.attn.q_proj,attention_qkv,dp_kfc_a,0.01,0.9960571564540962,0.04280943804388198,0.2153706401726192,1.7880880184275845,17.947377729806444,-3.9471639160506495e-08,25.407441550552356,,,,,,,,0.010039584510992723,
13,blocks.11.attn.k_proj,attention_qkv,dp_kfc_a,0.01,0.9960571564540962,0.04280943804388198,0.2153706401726192,1.7880880184275845,17.947377729806444,-3.9471639160506495e-08,25.407441550552356,,,,,,,,0.010039584510992723,
13,blocks.11.attn.v_proj,attention_qkv,dp_kfc_a,0.01,0.9960571564540962,0.04280943804388198,0.2153706401726192,1.7880880184275845,17.947377729806444,-3.9471639160506495e-08,25.407441550552356,,,,,,,,0.010039584510992723,
13,blocks.11.attn.out_proj,attention_out,dp_kfc_a,0.01,0.008889721433416134,2.719115859680313e-06,6.21836318938773e-05,0.0014109657745029632,0.004967565288135275,7.105040810469706e-07,1.6341187094007574,,,,,,,,1.1248946409513316,
13,blocks.11.mlp.fc1,mlp,dp_kfc_a,0.01,0.99538478857495,0.042958994514871424,0.2156233535191686,1.7897761458172607,17.88781449850267,-2.6663924244977038e-08,25.39122329540995,,,,,,,,0.01004636610362167,
13,blocks.11.mlp.fc2,mlp,dp_kfc_a,0.01,0.024463758615580703,0.00037897045108427937,0.0011587653993332153,0.02884837959352943,0.37519194088433716,0.00019958625611588148,2.670292437388406,,,,,,,,0.4087679312544847,
13,head,patch_head,dp_kfc_a,0.01,0.9952475432055602,0.0007378154555877781,0.006123580697525812,0.4157059857299539,2.900722748408022,7.26449665278765e-08,160.2668049674479,,,,,,,,0.010047751504908345,
14,patch_embed,patch_head,dp_kfc_a,0.01,0.25097329435949983,0.0253510774209964,0.04969361497922912,0.25907439201059584,4.193156350809123,0.0166442315063934,26.33779997772495,,,,,,,,0.03984487682452689,
14,blocks.0.attn.q_proj,attention_qkv,dp_kfc_a,0.01,0.995272028631497,0.11827483843352112,0.3434253865636371,1.6605060538080398,19.008381574164684,4.662795988175888e-09,24.619199322850292,,,,,,,,0.010047504312715429,
14,blocks.0.attn.k_proj,attention_qkv,dp_kfc_a,0.01,0.995272028631497,0.11827483843352112,0.3434253865636371,1.6605060538080398,19.008381574164684,4.662795988175888e-09,24.619199322850292,,,,,,,,0.010047504312715429,
14,blocks.0.attn.v_proj,attention_qkv,dp_kfc_a,0.01,0.995272028631497,0.11827483843352112,0.3434253865636371,1.6605060538080398,19.008381574164684,4.662795988175888e-09,24.619199322850292,,,,,,,,0.010047504312715429,
14,blocks.0.attn.out_proj,attention_out,dp_kfc_a,0.01,0.005908812197402405,5.383833550650295e-06,9.023712157585051e-05,0.0007497236838673578,0.0021083960172266544,1.3928467291363842e-06,1.0908036821119207,,,,,,,,1.6923875164616229,
14,blocks.0.mlp.fc1,mlp,dp_kfc_a,0.01,0.9941386775031609,0.11810703801408606,0.33883868145747825,1.6673615814376843,18.961731564244403,-3.645513061246341e-08,24.582677426988962,,,,,,,,0.010058958801518116,
14,blocks.0.mlp.fc2,mlp,dp_kfc_a,0.01,0.024536558383317624,0.000537358512896286,0.0014008401403625731,0.03701618242854327,0.39481903708741906,0.00037090480632813715,2.1818169999775163,,,,,,,,0.4075551201507946,
14,blocks.1.attn.q_proj,attention_qkv,dp_kfc_a,0.01,0.995256576204547,0.09891197974163105,0.32289355394771846,1.6306507369817083,19.04026679601087,-3.2306335217558145e-08,25.495627751446182,,,,,,,,0.010047660311007863,
14,blocks.1.attn.k_proj,attention_qkv,dp_kfc_a,0.01,0.995256576204547,0.09891197974163105,0.32289355394771846,1.6306507369817083,19.04026679601087,-3.2306335217558145e-08,25.495627751446182,,,,,,,,0.010047660311007863,
14,blocks.1.attn.v_proj,attention_qkv,dp_kfc_a,0.01,0.995256576204547,0.09891197974163105,0.32289355394771846,1.6306507369817083,19.04026679601087,-3.2306335217558145e-08,25.495627751446182,,,,,,,,0.010047660311007863,
14,blocks.1.attn.out_proj,attention_out,dp_kfc_a,0.01,0.006141660431758235,4.695384758486526e-06,8.639882305968209e-05,0.0008205987794575779,0.002159280846737328,9.95633619946672e-07,1.1331473801447365,,,,,,,,1.628224176688518,
14,blocks.1.mlp.fc1,mlp,dp_kfc_a,0.01,0.9934874013297916,0.0990904899116222,0.3227154117487673,1.623008408698527,18.984918415320408,-2.319497341288921e-08,25.448864104790907,,,,,,,,0.010065552906473612,
14,blocks.1.mlp.fc2,mlp,dp_kfc_a,0.01,0.02387325458897106,0.0005022011622217947,0.0013275129042531126,0.0356317389641549,0.4219818376207602,0.0003292772383718531,2.01004164541873,,,,,,,,0.4188787901847195,
14,blocks.2.attn.q_proj,attention_qkv,dp_kfc_a,0.01,0.9943805713727685,0.0844201543804873,0.3076558472580876,1.65983692385283,18.284480659428898,-3.4237477376093674e-08,26.183440787308484,,,,,,,,0.01005651185058326,
14,blocks.2.attn.k_proj,attention_qkv,dp_kfc_a,0.01,0.9943805713727685,0.0844201543804873,0.3076558472580876,1.65983692385283,18.284480659428898,-3.4237477376093674e-08,26.183440787308484,,,,,,,,0.01005651185058326,
14,blocks.2.attn.v_proj,attention_qkv,dp_kfc_a,0.01,0.9943805713727685,0.0844201543804873,0.3076558472580876,1.65983692385283,18.284480659428898,-3.4237477376093674e-08,26.183440787308484,,,,,,,,0.01005651185058326,
14,blocks.2.attn.out_proj,attention_out,dp_kfc_a,0.01,0.0065427249534401825,4.239122355847293e-06,7.8026521608691e-05,0.0009013634120164136,0.002733537172612969,9.676997008444711e-07,1.2065412506260798,,,,,,,,1.5284151589991526,
14,blocks.2.mlp.fc1,mlp,dp_kfc_a,0.01,0.9945018118527269,0.08466165791470529,0.3082385981015423,1.6597237031609493,18.277824610093568,3.893026748586149e-10,26.13161115371292,,,,,,,,0.010055285853497142,
14,blocks.2.mlp.fc2,mlp,dp_kfc_a,0.01,0.024487281436166002,0.0004916001095249455,0.0013405221835261264,0.03505755808920764,0.3904022796666392,0.0003316022154152535,2.3506540055558545,,,,,,,,0.4083752631368339,
14,blocks.3.attn.q_proj,attention_qkv,dp_kfc_a,0.01,0.9951352853849145,0.07655071023574082,0.2954646103425481,1.7525884545739774,17.5444599959778,-2.8588388775020624e-08,26.506085299248117,,,,,,,,0.010048884957518153,
14,blocks.3.attn.k_proj,attention_qkv,dp_kfc_a,0.01,0.9951352853849145,0.07655071023574082,0.2954646103425481,1.7525884545739774,17.5444599959778,-2.8588388775020624e-08,26.506085299248117,,,,,,,,0.010048884957518153,
14,blocks.3.attn.v_proj,attention_qkv,dp_kfc_a,0.01,0.9951352853849145,0.07655071023574082,0.2954646103425481,1.7525884545739774,17.5444599959778,-2.8588388775020624e-08,26.506085299248117,,,,,,,,0.010048884957518153,
14,blocks.3.attn.out_proj,attention_out,dp_kfc_a,0.01,0.0068464150972431526,4.4381314670987325e-06,7.579128948950712e-05,0.0009514457550832135,0.0028245317304088735,9.031030567941645e-07,1.2616532666390337,,,,,,,,1.4606184197079581,
14,blocks.3.mlp.fc1,mlp,dp_kfc_a,0.01,0.9939315655688548,0.07628358641571065,0.2954731885883284,1.741814123175473,17.536786089639307,-5.92217596851925e-08,26.406798477936917,,,,,,,,0.01006105485167555,
14,blocks.3.mlp.fc2,mlp,dp_kfc_a,0.01,0.02402717815118664,0.0004734019904750859,0.0012981907403704534,0.033227959496126024,0.36955121393035617,0.00031080872266342854,2.1796112475622182,,,,,,,,0.41619535748546177,
14,blocks.4.attn.q_proj,attention_qkv,dp_kfc_a,0.01,0.9947707140383943,0.06587451823836445,0.28249217085267664,1.7448658103671846,17.785455388309426,-3.9057589349964714e-08,26.667865191895565,,,,,,,,0.010052567751420594,
14,blocks.4.attn.k_proj,attention_qkv,dp_kfc_a,0.01,0.9947707140383943,0.06587451823836445,0.28249217085267664,1.7448658103671846,17.785455388309426,-3.9057589349964714e-08,26.667865191895565,,,,,,,,0.010052567751420594,
14,blocks.4.attn.v_proj,attention_qkv,dp_kfc_a,0.01,0.9947707140383943,0.06587451823836445,0.28249217085267664,1.7448658103671846,17.785455388309426,-3.9057589349964714e-08,26.667865191895565,,,,,,,,0.010052567751420594,
14,blocks.4.attn.out_proj,attention_out,dp_kfc_a,0.01,0.007072402264092267,3.861330782860156e-06,7.506135257625554e-05,0.0010269221508513507,0.0033277885758102254,9.969475190571248e-07,1.3010609548278727,,,,,,,,1.4139467222858095,
14,blocks.4.mlp.fc1,mlp,dp_kfc_a,0.01,0.9949256783940014,0.06628707359703331,0.2804186295003035,1.7397759525175704,17.771544736922948,-5.6690305032695394e-08,26.649982535284444,,,,,,,,0.010051002016695253,
14,blocks.4.mlp.fc2,mlp,dp_kfc_a,0.01,0.02402327298604543,0.0004466834731411208,0.0012644814086494463,0.03322262579638905,0.38033015524941266,0.0003012444878953478,2.302992744876685,,,,,,,,0.4162630131959442,
14,blocks.5.attn.q_proj,attention_qkv,dp_kfc_a,0.01,0.9956301231458398,0.060805069018828095,0.2697235825332334,1.785820389720794,17.597557523837974,-2.850198582799225e-08,25.440319804370645,,,,,,,,0.010043890564905298,
14,blocks.5.attn.k_proj,attention_qkv,dp_kfc_a,0.01,0.9956301231458398,0.060805069018828095,0.2697235825332334,1.785820389720794,17.597557523837974,-2.850198582799225e-08,25.440319804370645,,,,,,,,0.010043890564905298,
14,blocks.5.attn.v_proj,attention_qkv,dp_kfc_a,0.01,0.9956301231458398,0.060805069018828095,0.2697235825332334,1.785820389720794,17.597557523837974,-2.850198582799225e-08,25.440319804370645,,,,,,,,0.010043890564905298,
14,blocks.5.attn.out_proj,attention_out,dp_kfc_a,0.01,0.007982286683647468,3.5594466798574898e-06,7.091873213603584e-05,0.0011458935326445134,0.003119664718309937,9.917752502644896e-07,1.474597828502766,,,,,,,,1.2527738474347236,
14,blocks.5.mlp.fc1,mlp,dp_kfc_a,0.01,0.9948498199023114,0.06010234130148095,0.26951056570640375,1.7832267696324855,17.557165406046803,-1.1442002660903634e-08,25.390459260461043,,,,,,,,0.010051768417651163,
14,blocks.5.mlp.fc2,mlp,dp_kfc_a,0.01,0.023990412633890294,0.0004373609033932603,0.0012335490634135793,0.03159274955533658,0.36248766602521676,0.00027768929309665943,2.371804272094613,,,,,,,,0.41683318051284374,
14,blocks.6.attn.q_proj,attention_qkv,dp_kfc_a,0.01,0.9955081408505613,0.05656704796181452,0.25424959101171435,1.8095717143230188,17.59853505675415,-1.6892722945854248e-08,25.234045633730968,,,,,,,,0.010045121269883347,
14,blocks.6.attn.k_proj,attention_qkv,dp_kfc_a,0.01,0.9955081408505613,0.05656704796181452,0.25424959101171435,1.8095717143230188,17.59853505675415,-1.6892722945854248e-08,25.234045633730968,,,,,,,,0.010045121269883347,
14,blocks.6.attn.v_proj,attention_qkv,dp_kfc_a,0.01,0.9955081408505613,0.05656704796181452,0.25424959101171435,1.8095717143230188,17.59853505675415,-1.6892722945854248e-08,25.234045633730968,,,,,,,,0.010045121269883347,
14,blocks.6.attn.out_proj,attention_out,dp_kfc_a,0.01,0.008175546934778701,3.3818126829171974e-06,7.23590614137895e-05,0.0011253095206945575,0.0037183052058948154,9.263039813020563e-07,1.5071169920822085,,,,,,,,1.2231597567448476,
14,blocks.6.mlp.fc1,mlp,dp_kfc_a,0.01,0.9937578498390672,0.056725905023285235,0.25409761989062,1.8060050694854954,17.530675431116645,3.4885842449132785e-09,25.114212285640516,,,,,,,,0.010062813593492053,
14,blocks.6.mlp.fc2,mlp,dp_kfc_a,0.01,0.02429442022053915,0.0004336304352784565,0.001256783843213595,0.032221756153708626,0.37791284912919904,0.0002877994251819056,2.317014887629147,,,,,,,,0.4116171495027378,
14,blocks.7.attn.q_proj,attention_qkv,dp_kfc_a,0.01,0.9954662034239794,0.05145634279291982,0.24864347596944447,1.8504665505471614,17.67281916179296,-1.871669124485305e-08,24.786455840615815,,,,,,,,0.01004554445505459,
14,blocks.7.attn.k_proj,attention_qkv,dp_kfc_a,0.01,0.9954662034239794,0.05145634279291982,0.24864347596944447,1.8504665505471614,17.67281916179296,-1.871669124485305e-08,24.786455840615815,,,,,,,,0.01004554445505459,
14,blocks.7.attn.v_proj,attention_qkv,dp_kfc_a,0.01,0.9954662034239794,0.05145634279291982,0.24864347596944447,1.8504665505471614,17.67281916179296,-1.871669124485305e-08,24.786455840615815,,,,,,,,0.01004554445505459,
14,blocks.7.attn.out_proj,attention_out,dp_kfc_a,0.01,0.008358823702642888,3.2718089972036975e-06,7.04424720540758e-05,0.0012072635237419468,0.003948956128071417,8.667143293369215e-07,1.5418511114148092,,,,,,,,1.1963405804142282,
14,blocks.7.mlp.fc1,mlp,dp_kfc_a,0.01,0.995255372376022,0.05176383608442103,0.24744633011246475,1.8361694553465981,17.67771220209144,-4.272116041598035e-08,24.752077274916896,,,,,,,,0.010047672464330948,
14,blocks.7.mlp.fc2,mlp,dp_kfc_a,0.01,0.024020472568095273,0.00042081017469599896,0.001216904124738115,0.03117180469140858,0.37529891892382555,0.0002800146579978193,2.3834332730282286,,,,,,,,0.41631154306607215,
14,blocks.8.attn.q_proj,attention_qkv,dp_kfc_a,0.01,0.9941683019381113,0.049698339613550975,0.2393201205588318,1.803502861535822,17.86558269694761,-1.8765391104772015e-08,25.235817268393614,,,,,,,,0.010058659062560331,
14,blocks.8.attn.k_proj,attention_qkv,dp_kfc_a,0.01,0.9941683019381113,0.049698339613550975,0.2393201205588318,1.803502861535822,17.86558269694761,-1.8765391104772015e-08,25.235817268393614,,,,,,,,0.010058659062560331,
14,blocks.8.attn.v_proj,attention_qkv,dp_kfc_a,0.01,0.9941683019381113,0.049698339613550975,0.2393201205588318,1.803502861535822,17.86558269694761,-1.8765391104772015e-08,25.235817268393614,,,,,,,,0.010058659062560331,
14,blocks.8.attn.out_proj,attention_out,dp_kfc_a,0.01,0.00810186624954638,3.215376130097812e-06,6.679594008047148e-05,0.0013081433015371508,0.004672702373028297,7.587232148208558e-07,1.4879446555005407,,,,,,,,1.2342835208566787,
14,blocks.8.mlp.fc1,mlp,dp_kfc_a,0.01,0.9949255338604587,0.050193293395874625,0.23907153198522396,1.80058002023116,17.829047039840276,-3.234243958667479e-08,25.211776464316266,,,,,,,,0.010051003476811492,
14,blocks.8.mlp.fc2,mlp,dp_kfc_a,0.01,0.024241703510361933,0.0004154757016343623,0.0012124913511177243,0.02990413584952358,0.4113460719627987,0.0002704840450401416,2.4652955851201472,,,,,,,,0.412512264071111,
14,blocks.9.attn.q_proj,attention_qkv,dp_kfc_a,0.01,0.9939614889535262,0.046251655197301206,0.2286225495774376,1.773836845336402,17.933553224066134,-3.8813006512386304e-08,25.97750363392621,,,,,,,,0.01006075196185751,
14,blocks.9.attn.k_proj,attention_qkv,dp_kfc_a,0.01,0.9939614889535262,0.046251655197301206,0.2286225495774376,1.773836845336402,17.933553224066134,-3.8813006512386304e-08,25.97750363392621,,,,,,,,0.01006075196185751,
14,blocks.9.attn.v_proj,attention_qkv,dp_kfc_a,0.01,0.9939614889535262,0.046251655197301206,0.2286225495774376,1.773836845336402,17.933553224066134,-3.8813006512386304e-08,25.97750363392621,,,,,,,,0.01006075196185751,
14,blocks.9.attn.out_proj,attention_out,dp_kfc_a,0.01,0.00875581241163927,3.0424563611196744e-06,6.485557719939656e-05,0.0012395948879073459,0.0045414063193641345,7.900775339278299e-07,1.6123245594199576,,,,,,,,1.1420984746894312,
14,blocks.9.mlp.fc1,mlp,dp_kfc_a,0.01,0.994367773051089,0.04644275871569665,0.22763230282284674,1.773628873971258,17.879183556603554,-5.893414511113107e-09,26.070911052892185,,,,,,,,0.010056641286066917,
14,blocks.9.mlp.fc2,mlp,dp_kfc_a,0.01,0.023257942475446335,0.00038911168917763356,0.0011413633698900108,0.028779152717069705,0.3843798500361462,0.0002455569804709959,2.4090126228282056,,,,,,,,0.4299606472308163,
14,blocks.10.attn.q_proj,attention_qkv,dp_kfc_a,0.01,0.993301920631389,0.045003767122205184,0.22444556298083576,1.7856286392309833,18.016872544739613,-3.007662272176042e-08,25.35038766662118,,,,,,,,0.010067432461666373,
14,blocks.10.attn.k_proj,attention_qkv,dp_kfc_a,0.01,0.993301920631389,0.045003767122205184,0.22444556298083576,1.7856286392309833,18.016872544739613,-3.007662272176042e-08,25.35038766662118,,,,,,,,0.010067432461666373,
14,blocks.10.attn.v_proj,attention_qkv,dp_kfc_a,0.01,0.993301920631389,0.045003767122205184,0.22444556298083576,1.7856286392309833,18.016872544739613,-3.007662272176042e-08,25.35038766662118,,,,,,,,0.010067432461666373,
14,blocks.10.attn.out_proj,attention_out,dp_kfc_a,0.01,0.009200720981166366,3.053694072681968e-06,6.176021570461284e-05,0.0013620684939081977,0.004749363911617167,7.655697319675666e-07,1.6912950073090451,,,,,,,,1.0868713463292428,
14,blocks.10.mlp.fc1,mlp,dp_kfc_a,0.01,0.9952612194990247,0.04497193092748586,0.2245815605936657,1.785463102845689,18.036299249878706,-5.248371568084781e-08,25.405853939466937,,,,,,,,0.01004761343462534,
14,blocks.10.mlp.fc2,mlp,dp_kfc_a,0.01,0.024048546986758554,0.0003875383264798824,0.0011722161888207952,0.02806440949328653,0.3902276911492686,0.00024906360417301825,2.531159317788767,,,,,,,,0.4158255384621005,
14,blocks.11.attn.q_proj,attention_qkv,dp_kfc_a,0.01,0.9958840756836334,0.043049044468167603,0.21543227365100157,1.7603682663565856,18.230285921143274,-2.1984134596953232e-08,25.455016221209295,,,,,,,,0.01004132935164709,
14,blocks.11.attn.k_proj,attention_qkv,dp_kfc_a,0.01,0.9958840756836334,0.043049044468167603,0.21543227365100157,1.7603682663565856,18.230285921143274,-2.1984134596953232e-08,25.455016221209295,,,,,,,,0.01004132935164709,
14,blocks.11.attn.v_proj,attention_qkv,dp_kfc_a,0.01,0.9958840756836334,0.043049044468167603,0.21543227365100157,1.7603682663565856,18.230285921143274,-2.1984134596953232e-08,25.455016221209295,,,,,,,,0.01004132935164709,
14,blocks.11.attn.out_proj,attention_out,dp_kfc_a,0.01,0.008887000397327862,2.847918082819341e-06,6.148395144458777e-05,0.0013706610151149915,0.005077758959411647,7.419806216971659e-07,1.6332397134960088,,,,,,,,1.1252390630033946,
14,blocks.11.mlp.fc1,mlp,dp_kfc_a,0.01,0.9946392231036962,0.0433687778629267,0.21565684647292968,1.7575301348597367,18.155105618707683,-4.523776966238202e-08,25.396501025356734,,,,,,,,0.010053896697131809,
14,blocks.11.mlp.fc2,mlp,dp_kfc_a,0.01,0.024640395548872852,0.0003797620531627761,0.0011646502629149894,0.02891990842076276,0.37642415442434324,0.00020963497444586286,2.7007663779494635,,,,,,,,0.40583764088387125,
14,head,patch_head,dp_kfc_a,0.01,0.9945396915309788,0.0009373883709109981,0.00767869364966367,0.4533992816544839,3.3207341370292545,4.479483534935972e-09,154.47383459876215,,,,,,,,0.010054902871303364,
15,patch_embed,patch_head,dp_kfc_a,0.01,0.25097329778928595,0.02534925799520539,0.049671147462074065,0.2597926819550437,4.186131076909707,0.016605912523287258,26.350273659263383,,,,,,,,0.03984487628000918,
15,blocks.0.attn.q_proj,attention_qkv,dp_kfc_a,0.01,0.9949637265403036,0.11922033858327236,0.34152681488834485,1.6495796119831856,19.196365839801345,-2.570649050677184e-08,24.499008724088966,,,,,,,,0.010050617658969424,
15,blocks.0.attn.k_proj,attention_qkv,dp_kfc_a,0.01,0.9949637265403036,0.11922033858327236,0.34152681488834485,1.6495796119831856,19.196365839801345,-2.570649050677184e-08,24.499008724088966,,,,,,,,0.010050617658969424,
15,blocks.0.attn.v_proj,attention_qkv,dp_kfc_a,0.01,0.9949637265403036,0.11922033858327236,0.34152681488834485,1.6495796119831856,19.196365839801345,-2.570649050677184e-08,24.499008724088966,,,,,,,,0.010050617658969424,
15,blocks.0.attn.out_proj,attention_out,dp_kfc_a,0.01,0.005916715896666687,5.397917039436029e-06,9.153387775733122e-05,0.000765614676916574,0.002013579648796606,1.362255802782775e-06,1.0925180477615968,,,,,,,,1.690126782263404,
15,blocks.0.mlp.fc1,mlp,dp_kfc_a,0.01,0.9937444681330666,0.11853152972628347,0.33974959634425334,1.6543273971457841,19.154294856574218,-1.0218922340813949e-08,24.46926843331434,,,,,,,,0.010062949098762639,
15,blocks.0.mlp.fc2,mlp,dp_kfc_a,0.01,0.0246623278109863,0.0005391182066178292,0.0014034633358150507,0.03708283951922529,0.400579661362352,0.0003700202007383983,2.190913547596909,,,,,,,,0.40547672858136735,
15,blocks.1.attn.q_proj,attention_qkv,dp_kfc_a,0.01,0.995003981293792,0.09976293461831971,0.3205974521961986,1.6198937401177989,19.32175042880873,-1.4529797171028724e-08,25.286463752695802,,,,,,,,0.010050211042369014,
15,blocks.1.attn.k_proj,attention_qkv,dp_kfc_a,0.01,0.995003981293792,0.09976293461831971,0.3205974521961986,1.6198937401177989,19.32175042880873,-1.4529797171028724e-08,25.286463752695802,,,,,,,,0.010050211042369014,
15,blocks.1.attn.v_proj,attention_qkv,dp_kfc_a,0.01,0.995003981293792,0.09976293461831971,0.3205974521961986,1.6198937401177989,19.32175042880873,-1.4529797171028724e-08,25.286463752695802,,,,,,,,0.010050211042369014,
15,blocks.1.attn.out_proj,attention_out,dp_kfc_a,0.01,0.006136005574842153,4.305600921867423e-06,8.424140215940649e-05,0.0008424790501775348,0.002155334602402225,9.59043538459373e-07,1.1319827662457131,,,,,,,,1.629724725316477,
15,blocks.1.mlp.fc1,mlp,dp_kfc_a,0.01,0.9931182237486765,0.09956494993792134,0.32063048475037514,1.6137459357192747,19.2500878951425,-2.374163602783645e-08,25.249477841174674,,,,,,,,0.010069294632670693,
15,blocks.1.mlp.fc2,mlp,dp_kfc_a,0.01,0.024019387095284943,0.000504895622275183,0.0013345227856094277,0.03590563065834719,0.42775603960055664,0.0003463939957758261,1.998920839214539,,,,,,,,0.4163303568209291,
15,blocks.2.attn.q_proj,attention_qkv,dp_kfc_a,0.01,0.994016063028049,0.08395902471291085,0.3044645863503176,1.6456746266470326,18.4165760722152,-6.004321688135547e-09,26.087757962755088,,,,,,,,0.010060199600333643,
15,blocks.2.attn.k_proj,attention_qkv,dp_kfc_a,0.01,0.994016063028049,0.08395902471291085,0.3044645863503176,1.6456746266470326,18.4165760722152,-6.004321688135547e-09,26.087757962755088,,,,,,,,0.010060199600333643,
15,blocks.2.attn.v_proj,attention_qkv,dp_kfc_a,0.01,0.994016063028049,0.08395902471291085,0.3044645863503176,1.6456746266470326,18.4165760722152,-6.004321688135547e-09,26.087757962755088,,,,,,,,0.010060199600333643,
15,blocks.2.attn.out_proj,attention_out,dp_kfc_a,0.01,0.006541309591941898,4.330728560426512e-06,7.946570888813348e-05,0.0008938687507445812,0.0027292806881524636,9.977964117498268e-07,1.2067534189113793,,,,,,,,1.5287458664727918,
15,blocks.2.mlp.fc1,mlp,dp_kfc_a,0.01,0.9937631756530525,0.08431354359019416,0.30464714166766693,1.6429157343740475,18.398888799297694,5.367390399720177e-09,26.032836874830572,,,,,,,,0.010062759664472867,
15,blocks.2.mlp.fc2,mlp,dp_kfc_a,0.01,0.02459608966676017,0.0004948778341536631,0.0013590985669002446,0.034742392077467675,0.39737571896486035,0.0003335369323221505,2.3484610084585644,,,,,,,,0.40656869183211164,
15,blocks.3.attn.q_proj,attention_qkv,dp_kfc_a,0.01,0.9944869215006655,0.07643225042900181,0.2957161445493502,1.741336509267824,17.766792433679523,-2.0288956265189773e-08,26.419661847524488,,,,,,,,0.010055436410274912,
15,blocks.3.attn.k_proj,attention_qkv,dp_kfc_a,0.01,0.9944869215006655,0.07643225042900181,0.2957161445493502,1.741336509267824,17.766792433679523,-2.0288956265189773e-08,26.419661847524488,,,,,,,,0.010055436410274912,
15,blocks.3.attn.v_proj,attention_qkv,dp_kfc_a,0.01,0.9944869215006655,0.07643225042900181,0.2957161445493502,1.741336509267824,17.766792433679523,-2.0288956265189773e-08,26.419661847524488,,,,,,,,0.010055436410274912,
15,blocks.3.attn.out_proj,attention_out,dp_kfc_a,0.01,0.006852764788281578,4.28914980137804e-06,7.333320307209672e-05,0.0009398536071318052,0.0027497806995678523,9.392922037471176e-07,1.2629843350518335,,,,,,,,1.4592650279052746,
15,blocks.3.mlp.fc1,mlp,dp_kfc_a,0.01,0.9935639228845508,0.07632241723791647,0.2962331726798632,1.732665191954599,17.768435359990963,-2.819196769616426e-08,26.341912127678906,,,,,,,,0.010064777685332654,
15,blocks.3.mlp.fc2,mlp,dp_kfc_a,0.01,0.024166144459703345,0.0004742309094165883,0.0013089322036272065,0.033094223470370505,0.37659716110495195,0.0003121013624161385,2.1939169101244156,,,,,,,,0.4138020451162509,
15,blocks.4.attn.q_proj,attention_qkv,dp_kfc_a,0.01,0.9946559414344749,0.06694217585134347,0.28318829107060234,1.7387321362433852,17.9017948549331,-1.7389055941565684e-08,26.606401533923847,,,,,,,,0.010053727709682386,
15,blocks.4.attn.k_proj,attention_qkv,dp_kfc_a,0.01,0.9946559414344749,0.06694217585134347,0.28318829107060234,1.7387321362433852,17.9017948549331,-1.7389055941565684e-08,26.606401533923847,,,,,,,,0.010053727709682386,
15,blocks.4.attn.v_proj,attention_qkv,dp_kfc_a,0.01,0.9946559414344749,0.06694217585134347,0.28318829107060234,1.7387321362433852,17.9017948549331,-1.7389055941565684e-08,26.606401533923847,,,,,,,,0.010053727709682386,
15,blocks.4.attn.out_proj,attention_out,dp_kfc_a,0.01,0.007141301631212712,3.7577368339665884e-06,7.432785037623242e-05,0.0010428469751045657,0.0031317261222552177,9.796021416494927e-07,1.3148760297846616,,,,,,,,1.4003049466910464,
15,blocks.4.mlp.fc1,mlp,dp_kfc_a,0.01,0.9945140709531123,0.06703278340952323,0.28185697639399454,1.7329756168733292,17.888096066803094,-2.6677794864795926e-08,26.59208245693796,,,,,,,,0.010055161904764506,
15,blocks.4.mlp.fc2,mlp,dp_kfc_a,0.01,0.024065109044894752,0.0004491500963228341,0.0012694265420879274,0.03314628775191182,0.38424648404647926,0.0003029685103060874,2.2966919748134673,,,,,,,,0.4155393595493153,
15,blocks.5.attn.q_proj,attention_qkv,dp_kfc_a,0.01,0.9953008568966327,0.06124325331363855,0.2672834564211853,1.7539128414326959,17.83497613233406,-6.470173140966802e-08,25.37390311961804,,,,,,,,0.010047213293054115,
15,blocks.5.attn.k_proj,attention_qkv,dp_kfc_a,0.01,0.9953008568966327,0.06124325331363855,0.2672834564211853,1.7539128414326959,17.83497613233406,-6.470173140966802e-08,25.37390311961804,,,,,,,,0.010047213293054115,
15,blocks.5.attn.v_proj,attention_qkv,dp_kfc_a,0.01,0.9953008568966327,0.06124325331363855,0.2672834564211853,1.7539128414326959,17.83497613233406,-6.470173140966802e-08,25.37390311961804,,,,,,,,0.010047213293054115,
15,blocks.5.attn.out_proj,attention_out,dp_kfc_a,0.01,0.008126774070382727,3.522253937830414e-06,7.205479699051633e-05,0.0011475001972013313,0.003078049393755593,9.62282832961743e-07,1.5027114554718612,,,,,,,,1.2305005545120382,
15,blocks.5.mlp.fc1,mlp,dp_kfc_a,0.01,0.9944596361619821,0.060200509590048266,0.26663394785717165,1.7519518093110078,17.77810679253831,-1.3955538289067142e-08,25.31954422720469,,,,,,,,0.010055712304819131,
15,blocks.5.mlp.fc2,mlp,dp_kfc_a,0.01,0.0241106764700443,0.0004379920619828218,0.0012490868356903255,0.03169059844443095,0.3678158547335882,0.00027809574038840175,2.395796740288939,,,,,,,,0.4147540203786587,
15,blocks.6.attn.q_proj,attention_qkv,dp_kfc_a,0.01,0.9950387341988519,0.05653418608284131,0.2517387184978854,1.7631204378878724,17.777864611806713,8.17653762487557e-10,25.115897668733904,,,,,,,,0.010049860026857574,
15,blocks.6.attn.k_proj,attention_qkv,dp_kfc_a,0.01,0.9950387341988519,0.05653418608284131,0.2517387184978854,1.7631204378878724,17.777864611806713,8.17653762487557e-10,25.115897668733904,,,,,,,,0.010049860026857574,
15,blocks.6.attn.v_proj,attention_qkv,dp_kfc_a,0.01,0.9950387341988519,0.05653418608284131,0.2517387184978854,1.7631204378878724,17.777864611806713,8.17653762487557e-10,25.115897668733904,,,,,,,,0.010049860026857574,
15,blocks.6.attn.out_proj,attention_out,dp_kfc_a,0.01,0.008309292655566061,3.3614825447413356e-06,7.319927574130791e-05,0.0011482130129053234,0.0035934077614904487,9.003788630455262e-07,1.533385244343378,,,,,,,,1.203471873541655,
15,blocks.6.mlp.fc1,mlp,dp_kfc_a,0.01,0.9933791880162887,0.0564798309121348,0.2518537496733632,1.7597445061504846,17.69614445991438,-3.533788299315436e-08,25.0014114515078,,,,,,,,0.010066649392936574,
15,blocks.6.mlp.fc2,mlp,dp_kfc_a,0.01,0.02428266473032137,0.0004350094966795036,0.001252683911760164,0.03231333142075658,0.38032056157991617,0.00029032454635669405,2.317395852802022,,,,,,,,0.41181641764024207,
15,blocks.7.attn.q_proj,attention_qkv,dp_kfc_a,0.01,0.9950944043194074,0.05097662394929198,0.2500032971034523,1.834595964151479,17.754975588801866,-2.3148338593738278e-08,24.69798060390635,,,,,,,,0.010049297791840642,
15,blocks.7.attn.k_proj,attention_qkv,dp_kfc_a,0.01,0.9950944043194074,0.05097662394929198,0.2500032971034523,1.834595964151479,17.754975588801866,-2.3148338593738278e-08,24.69798060390635,,,,,,,,0.010049297791840642,
15,blocks.7.attn.v_proj,attention_qkv,dp_kfc_a,0.01,0.9950944043194074,0.05097662394929198,0.2500032971034523,1.834595964151479,17.754975588801866,-2.3148338593738278e-08,24.69798060390635,,,,,,,,0.010049297791840642,
15,blocks.7.attn.out_proj,attention_out,dp_kfc_a,0.01,0.008433361369766624,3.3034054793418257e-06,6.961592696658597e-05,0.0011615257402857783,0.004182616689226101,8.3565910089863e-07,1.5560812598973008,,,,,,,,1.1857668089321696,
15,blocks.7.mlp.fc1,mlp,dp_kfc_a,0.01,0.9949591950431389,0.05147245172804816,0.24957801249574027,1.8189330989038102,17.769474035547407,1.0292118622477674e-08,24.647380102264037,,,,,,,,0.010050663434058143,
15,blocks.7.mlp.fc2,mlp,dp_kfc_a,0.01,0.024189309963062698,0.0004209090463648391,0.0012121009865979746,0.03135906084543771,0.3838493204749995,0.0002828005044097362,2.4236675861169155,,,,,,,,0.41340575714107153,
15,blocks.8.attn.q_proj,attention_qkv,dp_kfc_a,0.01,0.9933233718180287,0.04909478912448428,0.24162797157122684,1.8014728240749733,17.97065556836531,-1.635200995347058e-08,25.149735261854662,,,,,,,,0.010067215051728336,
15,blocks.8.attn.k_proj,attention_qkv,dp_kfc_a,0.01,0.9933233718180287,0.04909478912448428,0.24162797157122684,1.8014728240749733,17.97065556836531,-1.635200995347058e-08,25.149735261854662,,,,,,,,0.010067215051728336,
15,blocks.8.attn.v_proj,attention_qkv,dp_kfc_a,0.01,0.9933233718180287,0.04909478912448428,0.24162797157122684,1.8014728240749733,17.97065556836531,-1.635200995347058e-08,25.149735261854662,,,,,,,,0.010067215051728336,
15,blocks.8.attn.out_proj,attention_out,dp_kfc_a,0.01,0.008282462513910297,3.1144709884145263e-06,6.547431562391988e-05,0.001258974418708234,0.004618971707876577,7.333111253754359e-07,1.5227406301105948,,,,,,,,1.2073703905336268,
15,blocks.8.mlp.fc1,mlp,dp_kfc_a,0.01,0.9943655191925523,0.04962999134312978,0.2413071442367037,1.7994878061015358,17.95283726776515,-4.565416825952902e-08,25.130929790256832,,,,,,,,0.010056664080749934,
15,blocks.8.mlp.fc2,mlp,dp_kfc_a,0.01,0.02431169202156433,0.00041710971982337715,0.0012185806292791708,0.030537979532800588,0.42118491437506705,0.00027389753684823763,2.4920313896097426,,,,,,,,0.41132472355811595,
15,blocks.9.attn.q_proj,attention_qkv,dp_kfc_a,0.01,0.9936742618911625,0.04612182035160329,0.22432608586636407,1.7701400045865823,18.11084763807918,-2.0156116565058438e-08,25.738349372783066,,,,,,,,0.010063660078070236,
15,blocks.9.attn.k_proj,attention_qkv,dp_kfc_a,0.01,0.9936742618911625,0.04612182035160329,0.22432608586636407,1.7701400045865823,18.11084763807918,-2.0156116565058438e-08,25.738349372783066,,,,,,,,0.010063660078070236,
15,blocks.9.attn.v_proj,attention_qkv,dp_kfc_a,0.01,0.9936742618911625,0.04612182035160329,0.22432608586636407,1.7701400045865823,18.11084763807918,-2.0156116565058438e-08,25.738349372783066,,,,,,,,0.010063660078070236,
15,blocks.9.attn.out_proj,attention_out,dp_kfc_a,0.01,0.008704182809192225,3.1784381808062487e-06,6.409459543647336e-05,0.001300161622106899,0.004576654860342731,8.304921463495846e-07,1.6018422362294251,,,,,,,,1.1488729291668027,
15,blocks.9.mlp.fc1,mlp,dp_kfc_a,0.01,0.9941533970709292,0.04637782459518594,0.22468737482803394,1.7686011726342787,18.0446995372892,-2.12077758157255e-08,25.82295604597612,,,,,,,,0.010058809867232728,
15,blocks.9.mlp.fc2,mlp,dp_kfc_a,0.01,0.023331579078904444,0.00038995217265751784,0.0011469144596283217,0.029168681957144962,0.3892714921507969,0.0002459334015361834,2.417630208381971,,,,,,,,0.4286036519937749,
15,blocks.10.attn.q_proj,attention_qkv,dp_kfc_a,0.01,0.9929480957243727,0.044377051556972726,0.22113490812076628,1.7993257104493114,18.206764996905672,-1.9528488815897374e-08,25.079299818092036,,,,,,,,0.010071019868067554,
15,blocks.10.attn.k_proj,attention_qkv,dp_kfc_a,0.01,0.9929480957243727,0.044377051556972726,0.22113490812076628,1.7993257104493114,18.206764996905672,-1.9528488815897374e-08,25.079299818092036,,,,,,,,0.010071019868067554,
15,blocks.10.attn.v_proj,attention_qkv,dp_kfc_a,0.01,0.9929480957243727,0.044377051556972726,0.22113490812076628,1.7993257104493114,18.206764996905672,-1.9528488815897374e-08,25.079299818092036,,,,,,,,0.010071019868067554,
15,blocks.10.attn.out_proj,attention_out,dp_kfc_a,0.01,0.009206570772070516,3.035750095232438e-06,6.231425338351807e-05,0.0013653870304526443,0.004950774911241824,7.734619869425099e-07,1.6921256298830363,,,,,,,,1.086180755850644,
15,blocks.10.mlp.fc1,mlp,dp_kfc_a,0.01,0.9945589103229305,0.044453267714682596,0.22111603312613234,1.7947834516638947,18.20917643075804,-1.4287468637949102e-08,25.104005386202616,,,,,,,,0.010054708571011674,
15,blocks.10.mlp.fc2,mlp,dp_kfc_a,0.01,0.024232674922348426,0.0003881252704863484,0.001180483981973422,0.028007490759206173,0.39446600258535996,0.000252515656370286,2.578104937858731,,,,,,,,0.4126659575157989,
15,blocks.11.attn.q_proj,attention_qkv,dp_kfc_a,0.01,0.9956325360530399,0.04266992139089339,0.2172191528626099,1.7807741924216012,18.49162762990704,-8.858929419584091e-10,25.17098099494438,,,,,,,,0.01004386622361975,
15,blocks.11.attn.k_proj,attention_qkv,dp_kfc_a,0.01,0.9956325360530399,0.04266992139089339,0.2172191528626099,1.7807741924216012,18.49162762990704,-8.858929419584091e-10,25.17098099494438,,,,,,,,0.01004386622361975,
15,blocks.11.attn.v_proj,attention_qkv,dp_kfc_a,0.01,0.9956325360530399,0.04266992139089339,0.2172191528626099,1.7807741924216012,18.49162762990704,-8.858929419584091e-10,25.17098099494438,,,,,,,,0.01004386622361975,
15,blocks.11.attn.out_proj,attention_out,dp_kfc_a,0.01,0.008879385113781271,2.8157916802857805e-06,6.231880817001688e-05,0.0013608211032107233,0.0049617314962518535,7.404524043312517e-07,1.6309714315458945,,,,,,,,1.126204108939872,
15,blocks.11.mlp.fc1,mlp,dp_kfc_a,0.01,0.9944275852312079,0.04264832594038829,0.21750217300194996,1.7807855817805383,18.438050164896367,1.4238437371669412e-09,25.12406334341031,,,,,,,,0.010056036405783097,
15,blocks.11.mlp.fc2,mlp,dp_kfc_a,0.01,0.024748746821019796,0.0003829096108867409,0.0011678986395345997,0.028685341071166316,0.380782840683456,0.00020522466048892226,2.7275122558043496,,,,,,,,0.4040608630537496,
15,head,patch_head,dp_kfc_a,0.01,0.9942800209621074,0.0010826807706849546,0.008068328563669661,0.5198235654451566,3.941183540528875,-6.837735184390329e-08,150.83624837319982,,,,,,,,0.010057528854219133,
16,patch_embed,patch_head,dp_kfc_a,0.01,0.2509732941657266,0.025350122682860545,0.049651537871995846,0.2585230417636303,4.183139343947399,0.016618125207584097,26.36084936406968,,,,,,,,0.039844876855290604,
16,blocks.0.attn.q_proj,attention_qkv,dp_kfc_a,0.01,0.9948029848578063,0.11835679505464816,0.34311567290550804,1.6415133371507282,19.11935228030565,-2.5060938337415964e-08,24.707508356255342,,,,,,,,0.010052241652078844,
16,blocks.0.attn.k_proj,attention_qkv,dp_kfc_a,0.01,0.9948029848578063,0.11835679505464816,0.34311567290550804,1.6415133371507282,19.11935228030565,-2.5060938337415964e-08,24.707508356255342,,,,,,,,0.010052241652078844,
16,blocks.0.attn.v_proj,attention_qkv,dp_kfc_a,0.01,0.9948029848578063,0.11835679505464816,0.34311567290550804,1.6415133371507282,19.11935228030565,-2.5060938337415964e-08,24.707508356255342,,,,,,,,0.010052241652078844,
16,blocks.0.attn.out_proj,attention_out,dp_kfc_a,0.01,0.005926207093542461,5.502671514743037e-06,9.218204091293918e-05,0.0007700192389184336,0.0020743664574179475,1.3258155325317248e-06,1.0937967732420344,,,,,,,,1.6874199369267031,
16,blocks.0.mlp.fc1,mlp,dp_kfc_a,0.01,0.9931709791094528,0.11846324008486837,0.3421750363166067,1.6423460428763133,19.05700334622604,-6.758390942286551e-08,24.679117602987116,,,,,,,,0.01006875977081681,
16,blocks.0.mlp.fc2,mlp,dp_kfc_a,0.01,0.024716080654465795,0.000541803784535518,0.0014159012949206114,0.037314335185802266,0.3991244617282724,0.0003771081020022059,2.1976899260648475,,,,,,,,0.4045948926855101,
16,blocks.1.attn.q_proj,attention_qkv,dp_kfc_a,0.01,0.9945148303718765,0.09942608226612817,0.3200237653857435,1.6197860899530447,19.31507277756735,2.56806697139837e-08,25.360150501702243,,,,,,,,0.010055154226569678,
16,blocks.1.attn.k_proj,attention_qkv,dp_kfc_a,0.01,0.9945148303718765,0.09942608226612817,0.3200237653857435,1.6197860899530447,19.31507277756735,2.56806697139837e-08,25.360150501702243,,,,,,,,0.010055154226569678,
16,blocks.1.attn.v_proj,attention_qkv,dp_kfc_a,0.01,0.9945148303718765,0.09942608226612817,0.3200237653857435,1.6197860899530447,19.31507277756735,2.56806697139837e-08,25.360150501702243,,,,,,,,0.010055154226569678,
16,blocks.1.attn.out_proj,attention_out,dp_kfc_a,0.01,0.0061345374827825715,4.458014094718463e-06,8.373799048087032e-05,0.0008427172346654341,0.002228549394430607,9.967515033744733e-07,1.131123665562062,,,,,,,,1.6301147442763835,
16,blocks.1.mlp.fc1,mlp,dp_kfc_a,0.01,0.9928278438167869,0.09948699500652425,0.3199216678878147,1.6147238289409103,19.24170211281417,-1.8647032836500313e-08,25.336467118263464,,,,,,,,0.010072239676071541,
16,blocks.1.mlp.fc2,mlp,dp_kfc_a,0.01,0.024108014676250004,0.0005079829214343507,0.0013400583927027458,0.035933396119954684,0.43040724075498105,0.0003471860454522871,2.002605817074652,,,,,,,,0.4147998138499349,
16,blocks.2.attn.q_proj,attention_qkv,dp_kfc_a,0.01,0.9933988865793061,0.08399715780328315,0.3076429952072014,1.6456668207163114,18.53246625060434,-4.509979965124479e-08,25.98865439874135,,,,,,,,0.010066449776719846,
16,blocks.2.attn.k_proj,attention_qkv,dp_kfc_a,0.01,0.9933988865793061,0.08399715780328315,0.3076429952072014,1.6456668207163114,18.53246625060434,-4.509979965124479e-08,25.98865439874135,,,,,,,,0.010066449776719846,
16,blocks.2.attn.v_proj,attention_qkv,dp_kfc_a,0.01,0.9933988865793061,0.08399715780328315,0.3076429952072014,1.6456668207163114,18.53246625060434,-4.509979965124479e-08,25.98865439874135,,,,,,,,0.010066449776719846,
16,blocks.2.attn.out_proj,attention_out,dp_kfc_a,0.01,0.006510591539997642,4.371799294661162e-06,8.169105532249759e-05,0.0008931317518917053,0.0027142332076576584,1.014751939787994e-06,1.200129630667226,,,,,,,,1.5359587433131494,
16,blocks.2.mlp.fc1,mlp,dp_kfc_a,0.01,0.9934718818862204,0.08414188473952583,0.3060509516309151,1.643712980702609,18.534948854015816,-2.7513358471284623e-08,25.937791050914793,,,,,,,,0.010065710144723827,
16,blocks.2.mlp.fc2,mlp,dp_kfc_a,0.01,0.02463588012220103,0.0004986958784681546,0.001359392651918077,0.03506162371547775,0.3984613963636373,0.0003378497366178316,2.3073439172883825,,,,,,,,0.4059120254846644,
16,blocks.3.attn.q_proj,attention_qkv,dp_kfc_a,0.01,0.9940494359157246,0.07603374383889323,0.2950968065612932,1.7495370234453989,17.95027982902359,-5.36941946924052e-08,26.404835753664226,,,,,,,,0.01005986185263305,
16,blocks.3.attn.k_proj,attention_qkv,dp_kfc_a,0.01,0.9940494359157246,0.07603374383889323,0.2950968065612932,1.7495370234453989,17.95027982902359,-5.36941946924052e-08,26.404835753664226,,,,,,,,0.01005986185263305,
16,blocks.3.attn.v_proj,attention_qkv,dp_kfc_a,0.01,0.9940494359157246,0.07603374383889323,0.2950968065612932,1.7495370234453989,17.95027982902359,-5.36941946924052e-08,26.404835753664226,,,,,,,,0.01005986185263305,
16,blocks.3.attn.out_proj,attention_out,dp_kfc_a,0.01,0.0068511479028887864,4.169197099994796e-06,7.520209369275767e-05,0.000962403124642916,0.0029167029800282285,1.0590224437787222e-06,1.2622672537355764,,,,,,,,1.4596094175376801,
16,blocks.3.mlp.fc1,mlp,dp_kfc_a,0.01,0.9933370913866271,0.07598193250576349,0.2971541070383248,1.7399961734210134,17.944518007283612,-9.859705958325783e-09,26.33075972253831,,,,,,,,0.010067076007441462,
16,blocks.3.mlp.fc2,mlp,dp_kfc_a,0.01,0.024266522059214674,0.0004774315685421753,0.001316280120557808,0.03380640105998465,0.37641542861930105,0.000313349452333492,2.1964142328946106,,,,,,,,0.4120903677749207,
16,blocks.4.attn.q_proj,attention_qkv,dp_kfc_a,0.01,0.9941412899160632,0.06566790653528642,0.2799876797583962,1.7540771276726477,18.21971505450585,1.0743611603043929e-08,26.50652471979792,,,,,,,,0.010058932368500976,
16,blocks.4.attn.k_proj,attention_qkv,dp_kfc_a,0.01,0.9941412899160632,0.06566790653528642,0.2799876797583962,1.7540771276726477,18.21971505450585,1.0743611603043929e-08,26.50652471979792,,,,,,,,0.010058932368500976,
16,blocks.4.attn.v_proj,attention_qkv,dp_kfc_a,0.01,0.9941412899160632,0.06566790653528642,0.2799876797583962,1.7540771276726477,18.21971505450585,1.0743611603043929e-08,26.50652471979792,,,,,,,,0.010058932368500976,
16,blocks.4.attn.out_proj,attention_out,dp_kfc_a,0.01,0.007202431569967679,3.7533082946461954e-06,7.608015145587494e-05,0.0010258068244590691,0.0032036498194186907,8.875178132844446e-07,1.3259693452458685,,,,,,,,1.3884199943943203,
16,blocks.4.mlp.fc1,mlp,dp_kfc_a,0.01,0.9945167207347297,0.0656686360598335,0.27868455892991323,1.7485798327514432,18.19855678084356,-8.646884957092824e-09,26.494373043033832,,,,,,,,0.010055135113879426,
16,blocks.4.mlp.fc2,mlp,dp_kfc_a,0.01,0.024223130130934467,0.0004548957838384902,0.0012844419359970061,0.033114613225440084,0.38454821156227503,0.00030648876590893404,2.3057175227127646,,,,,,,,0.41282856286311936,
16,blocks.5.attn.q_proj,attention_qkv,dp_kfc_a,0.01,0.9945705216474484,0.06108418381100493,0.2689408159898927,1.7521942219149051,18.006541871105377,-2.2422869604870482e-08,25.111158796285384,,,,,,,,0.010054591185183712,
16,blocks.5.attn.k_proj,attention_qkv,dp_kfc_a,0.01,0.9945705216474484,0.06108418381100493,0.2689408159898927,1.7521942219149051,18.006541871105377,-2.2422869604870482e-08,25.111158796285384,,,,,,,,0.010054591185183712,
16,blocks.5.attn.v_proj,attention_qkv,dp_kfc_a,0.01,0.9945705216474484,0.06108418381100493,0.2689408159898927,1.7521942219149051,18.006541871105377,-2.2422869604870482e-08,25.111158796285384,,,,,,,,0.010054591185183712,
16,blocks.5.attn.out_proj,attention_out,dp_kfc_a,0.01,0.008166133750795865,3.547388974409658e-06,7.200190439041391e-05,0.0011285928558042234,0.0031702079302814365,9.846541254190257e-07,1.509180452928488,,,,,,,,1.2245697052200997,
16,blocks.5.mlp.fc1,mlp,dp_kfc_a,0.01,0.994223678359096,0.06020131625341275,0.26856170315322636,1.749672434567229,17.965995338521395,-4.0972425210479165e-09,25.056988216296002,,,,,,,,0.010058098813844762,
16,blocks.5.mlp.fc2,mlp,dp_kfc_a,0.01,0.024286677598861207,0.00044332168282076466,0.001252346073199375,0.03192090281312644,0.3672524123990907,0.0002773553485295144,2.420076303840223,,,,,,,,0.41174837353911664,
16,blocks.6.attn.q_proj,attention_qkv,dp_kfc_a,0.01,0.9944890416347919,0.05660653255481693,0.25478515413372005,1.778458405209992,17.868531125902145,-5.6276763316836256e-08,24.942412880613666,,,,,,,,0.01005541497326254,
16,blocks.6.attn.k_proj,attention_qkv,dp_kfc_a,0.01,0.9944890416347919,0.05660653255481693,0.25478515413372005,1.778458405209992,17.868531125902145,-5.6276763316836256e-08,24.942412880613666,,,,,,,,0.01005541497326254,
16,blocks.6.attn.v_proj,attention_qkv,dp_kfc_a,0.01,0.9944890416347919,0.05660653255481693,0.25478515413372005,1.778458405209992,17.868531125902145,-5.6276763316836256e-08,24.942412880613666,,,,,,,,0.01005541497326254,
16,blocks.6.attn.out_proj,attention_out,dp_kfc_a,0.01,0.008402889160290987,3.259701271067116e-06,7.351932312938853e-05,0.001170752534174868,0.00368031049265019,8.541338852791598e-07,1.5502909260565059,,,,,,,,1.1900668697686005,
16,blocks.6.mlp.fc1,mlp,dp_kfc_a,0.01,0.9928123839778604,0.05686666489643877,0.2553654481862551,1.7759109220106228,17.793123410756554,-4.109039796907812e-08,24.832320327771072,,,,,,,,0.01007239651859842,
16,blocks.6.mlp.fc2,mlp,dp_kfc_a,0.01,0.024418900036513418,0.00043606892216319987,0.0012614206707133614,0.0323827592327809,0.3741493792117837,0.000289018625691125,2.3516836919148125,,,,,,,,0.40951885568338736,
16,blocks.7.attn.q_proj,attention_qkv,dp_kfc_a,0.01,0.9946991927883169,0.05120548230161994,0.24716171190119518,1.85112451253255,17.896831126925058,-1.8795896307766984e-08,24.58607051921195,,,,,,,,0.01005329055507549,
16,blocks.7.attn.k_proj,attention_qkv,dp_kfc_a,0.01,0.9946991927883169,0.05120548230161994,0.24716171190119518,1.85112451253255,17.896831126925058,-1.8795896307766984e-08,24.58607051921195,,,,,,,,0.01005329055507549,
16,blocks.7.attn.v_proj,attention_qkv,dp_kfc_a,0.01,0.9946991927883169,0.05120548230161994,0.24716171190119518,1.85112451253255,17.896831126925058,-1.8795896307766984e-08,24.58607051921195,,,,,,,,0.01005329055507549,
16,blocks.7.attn.out_proj,attention_out,dp_kfc_a,0.01,0.00857535591789333,3.3549433303608107e-06,7.177542744256227e-05,0.0011866497133205531,0.0041814508733139565,8.102468561348569e-07,1.5822640056971524,,,,,,,,1.1661323559916632,
16,blocks.7.mlp.fc1,mlp,dp_kfc_a,0.01,0.9945329727286503,0.051295723444727,0.2461731200000716,1.8423682386151792,17.91137395090517,-2.04214685501654e-08,24.551411517514346,,,,,,,,0.010054970799573897,
16,blocks.7.mlp.fc2,mlp,dp_kfc_a,0.01,0.024268434519827443,0.00042222034788620775,0.0012209208225798895,0.03148549474768846,0.3809917402542866,0.000283878322301185,2.4507143587571805,,,,,,,,0.4120578932205102,
16,blocks.8.attn.q_proj,attention_qkv,dp_kfc_a,0.01,0.9931460833611266,0.048687310094346715,0.2419687529107144,1.7945359250093322,18.016097149879627,-3.866244131279931e-08,24.964831685669107,,,,,,,,0.010069012170049319,
16,blocks.8.attn.k_proj,attention_qkv,dp_kfc_a,0.01,0.9931460833611266,0.048687310094346715,0.2419687529107144,1.7945359250093322,18.016097149879627,-3.866244131279931e-08,24.964831685669107,,,,,,,,0.010069012170049319,
16,blocks.8.attn.v_proj,attention_qkv,dp_kfc_a,0.01,0.9931460833611266,0.048687310094346715,0.2419687529107144,1.7945359250093322,18.016097149879627,-3.866244131279931e-08,24.964831685669107,,,,,,,,0.010069012170049319,
16,blocks.8.attn.out_proj,attention_out,dp_kfc_a,0.01,0.008357656733591323,3.1978190401085224e-06,6.794000707838123e-05,0.0012543040446224836,0.004655854651055088,7.512433419265536e-07,1.5363037335130885,,,,,,,,1.196507623938146,
16,blocks.8.mlp.fc1,mlp,dp_kfc_a,0.01,0.9939614396947654,0.04888939839543106,0.24115108939400567,1.7950054759330978,17.992325411804487,-1.878404638173033e-08,24.918980746204376,,,,,,,,0.010060752460448456,
16,blocks.8.mlp.fc2,mlp,dp_kfc_a,0.01,0.02435026744862604,0.0004179383910961394,0.0012190916602899025,0.030459038558824224,0.4140293376246348,0.0002758916562622103,2.532672642176083,,,,,,,,0.410673107434976,
16,blocks.9.attn.q_proj,attention_qkv,dp_kfc_a,0.01,0.9931084164683683,0.045763696064946006,0.22591449524016255,1.7595951570040183,18.188376000963224,-2.083767280219933e-08,25.507783102941787,,,,,,,,0.010069394070348726,
16,blocks.9.attn.k_proj,attention_qkv,dp_kfc_a,0.01,0.9931084164683683,0.045763696064946006,0.22591449524016255,1.7595951570040183,18.188376000963224,-2.083767280219933e-08,25.507783102941787,,,,,,,,0.010069394070348726,
16,blocks.9.attn.v_proj,attention_qkv,dp_kfc_a,0.01,0.9931084164683683,0.045763696064946006,0.22591449524016255,1.7595951570040183,18.188376000963224,-2.083767280219933e-08,25.507783102941787,,,,,,,,0.010069394070348726,
16,blocks.9.attn.out_proj,attention_out,dp_kfc_a,0.01,0.008958196437433893,3.2044799618173898e-06,6.566864363766744e-05,0.0012956142250092595,0.00465259149065631,7.6992561310469e-07,1.649972815114273,,,,,,,,1.116296128338143,
16,blocks.9.mlp.fc1,mlp,dp_kfc_a,0.01,0.9936112739879233,0.04583753605356277,0.22609437382101258,1.7577752462760727,18.12686577931307,-6.62445040413636e-08,25.588823387871493,,,,,,,,0.010064298042698682,
16,blocks.9.mlp.fc2,mlp,dp_kfc_a,0.01,0.023438187551010105,0.00039027782685521127,0.0011571221412728064,0.028837742805672466,0.38499756697264315,0.00024755718616177347,2.447596651422739,,,,,,,,0.42665415054966715,
16,blocks.10.attn.q_proj,attention_qkv,dp_kfc_a,0.01,0.9924888388480547,0.04327730102269788,0.21902242221638393,1.7700341344841144,18.16753699204058,9.629310967227651e-09,24.748963857065707,,,,,,,,0.01007568005662072,
16,blocks.10.attn.k_proj,attention_qkv,dp_kfc_a,0.01,0.9924888388480547,0.04327730102269788,0.21902242221638393,1.7700341344841144,18.16753699204058,9.629310967227651e-09,24.748963857065707,,,,,,,,0.01007568005662072,
16,blocks.10.attn.v_proj,attention_qkv,dp_kfc_a,0.01,0.9924888388480547,0.04327730102269788,0.21902242221638393,1.7700341344841144,18.16753699204058,9.629310967227651e-09,24.748963857065707,,,,,,,,0.01007568005662072,
16,blocks.10.attn.out_proj,attention_out,dp_kfc_a,0.01,0.009515801652749624,3.1828161030920533e-06,6.259148065457789e-05,0.0013860190788320854,0.005205675507699502,7.260203291205407e-07,1.7506026377638149,,,,,,,,1.050883610747652,
16,blocks.10.mlp.fc1,mlp,dp_kfc_a,0.01,0.9940635469293347,0.04331943442507491,0.2202672217167997,1.7661502545861847,18.156241133944775,2.3368350352385327e-08,24.78175152436899,,,,,,,,0.010059719050044668,
16,blocks.10.mlp.fc2,mlp,dp_kfc_a,0.01,0.024367302638007467,0.0003886501503023326,0.0011746271231089886,0.028606819864216603,0.3866117152909843,0.00025373893599730016,2.6464102287639912,,,,,,,,0.41038600572893397,
16,blocks.11.attn.q_proj,attention_qkv,dp_kfc_a,0.01,0.995009862388354,0.04293718062785411,0.2163063912417907,1.7751895876093327,18.454873114760744,-5.3913498684229834e-08,24.853750661151604,,,,,,,,0.010050151639700014,
16,blocks.11.attn.k_proj,attention_qkv,dp_kfc_a,0.01,0.995009862388354,0.04293718062785411,0.2163063912417907,1.7751895876093327,18.454873114760744,-5.3913498684229834e-08,24.853750661151604,,,,,,,,0.010050151639700014,
16,blocks.11.attn.v_proj,attention_qkv,dp_kfc_a,0.01,0.995009862388354,0.04293718062785411,0.2163063912417907,1.7751895876093327,18.454873114760744,-5.3913498684229834e-08,24.853750661151604,,,,,,,,0.010050151639700014,
16,blocks.11.attn.out_proj,attention_out,dp_kfc_a,0.01,0.009104647904838354,2.767941919261109e-06,5.997610646570742e-05,0.0013774865562219292,0.005220314502455632,7.529284416200233e-07,1.6736314809756834,,,,,,,,1.098340112052641,
16,blocks.11.mlp.fc1,mlp,dp_kfc_a,0.01,0.9939358500001344,0.043120179795607415,0.21602459485833111,1.7751363681697239,18.402649797471724,8.356652529569265e-09,24.809805682779192,,,,,,,,0.01006101148278196,
16,blocks.11.mlp.fc2,mlp,dp_kfc_a,0.01,0.024917364198598232,0.0003828766407185601,0.0011744423441184067,0.02889432625327426,0.3763608931467081,0.00021275784819674369,2.785651189968401,,,,,,,,0.40132655766867054,
16,head,patch_head,dp_kfc_a,0.01,0.9932787804791965,0.0011726744217707217,0.008757353158829417,0.5501414218853402,4.326792273232327,-8.1312759272033e-08,148.79570056678492,,,,,,,,0.010067666999969142,
17,patch_embed,patch_head,dp_kfc_a,0.01,0.2509732939331987,0.025347064481045067,0.04979075224235277,0.25956150513250426,4.180807524753591,0.016595576125185016,26.408299069496994,,,,,,,,0.03984487689220706,
17,blocks.0.attn.q_proj,attention_qkv,dp_kfc_a,0.01,0.9946961239211918,0.1181239503311444,0.34122825633789305,1.631868255572045,19.265752504374667,-2.979062342243594e-08,24.302236041011668,,,,,,,,0.010053321571797223,
17,blocks.0.attn.k_proj,attention_qkv,dp_kfc_a,0.01,0.9946961239211918,0.1181239503311444,0.34122825633789305,1.631868255572045,19.265752504374667,-2.979062342243594e-08,24.302236041011668,,,,,,,,0.010053321571797223,
17,blocks.0.attn.v_proj,attention_qkv,dp_kfc_a,0.01,0.9946961239211918,0.1181239503311444,0.34122825633789305,1.631868255572045,19.265752504374667,-2.979062342243594e-08,24.302236041011668,,,,,,,,0.010053321571797223,
17,blocks.0.attn.out_proj,attention_out,dp_kfc_a,0.01,0.005931506091288479,5.874105172439419e-06,9.302294493248708e-05,0.0007629569094007407,0.0020732802208797093,1.384435913070113e-06,1.0946100822380265,,,,,,,,1.6859124556386889,
17,blocks.0.mlp.fc1,mlp,dp_kfc_a,0.01,0.9928250772965387,0.11841480423346377,0.34070241282495173,1.6294318782428767,19.198772100071054,-1.835933139240467e-08,24.273675627956827,,,,,,,,0.010072267742501011,
17,blocks.0.mlp.fc2,mlp,dp_kfc_a,0.01,0.024873388474577037,0.0005477909576351222,0.001434093536315832,0.037433785114675315,0.40274917040520697,0.0003818108713816715,2.1824170454573135,,,,,,,,0.4020360961362763,
17,blocks.1.attn.q_proj,attention_qkv,dp_kfc_a,0.01,0.9939763817762464,0.0985538543848743,0.31696207239031604,1.6148484514399248,19.516147625307447,-5.637600470930506e-09,25.08220187214788,,,,,,,,0.010060601220855865,
17,blocks.1.attn.k_proj,attention_qkv,dp_kfc_a,0.01,0.9939763817762464,0.0985538543848743,0.31696207239031604,1.6148484514399248,19.516147625307447,-5.637600470930506e-09,25.08220187214788,,,,,,,,0.010060601220855865,
17,blocks.1.attn.v_proj,attention_qkv,dp_kfc_a,0.01,0.9939763817762464,0.0985538543848743,0.31696207239031604,1.6148484514399248,19.516147625307447,-5.637600470930506e-09,25.08220187214788,,,,,,,,0.010060601220855865,
17,blocks.1.attn.out_proj,attention_out,dp_kfc_a,0.01,0.0061067670153651795,4.681778504957501e-06,8.755506255408287e-05,0.0008333017391803619,0.0021529705292769137,1.016304638620318e-06,1.125684922903278,,,,,,,,1.6375276762383588,
17,blocks.1.mlp.fc1,mlp,dp_kfc_a,0.01,0.9926565552004879,0.09864084812183117,0.3178129399432908,1.61261282245867,19.457585383435383,-2.8167764621431865e-08,25.078700468989283,,,,,,,,0.01007397769914519,
17,blocks.1.mlp.fc2,mlp,dp_kfc_a,0.01,0.02425417196373752,0.000514477208407378,0.001356191476797485,0.03625566150057127,0.4363466547180372,0.0003448554362087873,2.011330762203182,,,,,,,,0.41230020200034156,
17,blocks.2.attn.q_proj,attention_qkv,dp_kfc_a,0.01,0.9932345096311421,0.08357681749096756,0.30339324785466704,1.6610069193114794,18.66667154972978,-3.839091276510168e-08,25.6262412985043,,,,,,,,0.010068115740072004,
17,blocks.2.attn.k_proj,attention_qkv,dp_kfc_a,0.01,0.9932345096311421,0.08357681749096756,0.30339324785466704,1.6610069193114794,18.66667154972978,-3.839091276510168e-08,25.6262412985043,,,,,,,,0.010068115740072004,
17,blocks.2.attn.v_proj,attention_qkv,dp_kfc_a,0.01,0.9932345096311421,0.08357681749096756,0.30339324785466704,1.6610069193114794,18.66667154972978,-3.839091276510168e-08,25.6262412985043,,,,,,,,0.010068115740072004,
17,blocks.2.attn.out_proj,attention_out,dp_kfc_a,0.01,0.006503036085557232,4.123417075563324e-06,8.028867569132688e-05,0.0009472487985643463,0.0026367986476849145,1.07441667544528e-06,1.1981730389633027,,,,,,,,1.5377432738239405,
17,blocks.2.mlp.fc1,mlp,dp_kfc_a,0.01,0.9931334667872889,0.08316704848277262,0.30442505380007484,1.6602482573465054,18.66366927937247,-4.376559599723378e-08,25.576903979004705,,,,,,,,0.010069140084815829,
17,blocks.2.mlp.fc2,mlp,dp_kfc_a,0.01,0.024732114403219155,0.000501231253694946,0.0013679295274309558,0.03477502000089443,0.4031099883951947,0.00033846969382952995,2.2868845661944004,,,,,,,,0.40433259514190145,
17,blocks.3.attn.q_proj,attention_qkv,dp_kfc_a,0.01,0.99348578443799,0.07638715433358247,0.2940727211597976,1.7490220309216944,18.06267358169806,-1.3000514742688112e-08,26.0531572381768,,,,,,,,0.010065569288097011,
17,blocks.3.attn.k_proj,attention_qkv,dp_kfc_a,0.01,0.99348578443799,0.07638715433358247,0.2940727211597976,1.7490220309216944,18.06267358169806,-1.3000514742688112e-08,26.0531572381768,,,,,,,,0.010065569288097011,
17,blocks.3.attn.v_proj,attention_qkv,dp_kfc_a,0.01,0.99348578443799,0.07638715433358247,0.2940727211597976,1.7490220309216944,18.06267358169806,-1.3000514742688112e-08,26.0531572381768,,,,,,,,0.010065569288097011,
17,blocks.3.attn.out_proj,attention_out,dp_kfc_a,0.01,0.006853915659069576,4.179628302331581e-06,7.825719101320698e-05,0.0009535706332627547,0.0028999289523875273,9.980414556837175e-07,1.2623854236468894,,,,,,,,1.4590199963676687,
17,blocks.3.mlp.fc1,mlp,dp_kfc_a,0.01,0.9931018774064712,0.07625399288507634,0.2935168949783161,1.7385829171578397,18.056124847106037,-5.25645333746533e-08,25.988327787656885,,,,,,,,0.010069460372097409,
17,blocks.3.mlp.fc2,mlp,dp_kfc_a,0.01,0.02440098372151196,0.00047977310409811057,0.0013298688943556125,0.0337686368180283,0.3813234172673395,0.0003146699373839862,2.1846938833657905,,,,,,,,0.4098195431024356,
17,blocks.4.attn.q_proj,attention_qkv,dp_kfc_a,0.01,0.9936101127782634,0.06649189788521345,0.2772073338768853,1.7455970620579575,18.288544031814528,-5.5470622562100374e-08,26.087556769072584,,,,,,,,0.010064309804616116,
17,blocks.4.attn.k_proj,attention_qkv,dp_kfc_a,0.01,0.9936101127782634,0.06649189788521345,0.2772073338768853,1.7455970620579575,18.288544031814528,-5.5470622562100374e-08,26.087556769072584,,,,,,,,0.010064309804616116,
17,blocks.4.attn.v_proj,attention_qkv,dp_kfc_a,0.01,0.9936101127782634,0.06649189788521345,0.2772073338768853,1.7455970620579575,18.288544031814528,-5.5470622562100374e-08,26.087556769072584,,,,,,,,0.010064309804616116,
17,blocks.4.attn.out_proj,attention_out,dp_kfc_a,0.01,0.007204134152343236,3.90787332317979e-06,7.537227504203449e-05,0.0010406890752345337,0.003122215277168567,8.41196314295198e-07,1.326226454145848,,,,,,,,1.3880918634402961,
17,blocks.4.mlp.fc1,mlp,dp_kfc_a,0.01,0.9942539559744801,0.06655406523883538,0.27598790142650087,1.7420395690804382,18.2846776354697,-1.783537994742138e-08,26.07711270048753,,,,,,,,0.010057792518611487,
17,blocks.4.mlp.fc2,mlp,dp_kfc_a,0.01,0.024312985198686122,0.00045745426773564283,0.0012918410431743707,0.03351271122213511,0.38351571841771726,0.0003066417303149635,2.297684707289922,,,,,,,,0.41130284571309667,
17,blocks.5.attn.q_proj,attention_qkv,dp_kfc_a,0.01,0.9940612768570994,0.06132928240209248,0.2705497649804763,1.7561813345801047,18.069271807846107,2.2244395553635965e-08,24.69635175224421,,,,,,,,0.010059742022762188,
17,blocks.5.attn.k_proj,attention_qkv,dp_kfc_a,0.01,0.9940612768570994,0.06132928240209248,0.2705497649804763,1.7561813345801047,18.069271807846107,2.2244395553635965e-08,24.69635175224421,,,,,,,,0.010059742022762188,
17,blocks.5.attn.v_proj,attention_qkv,dp_kfc_a,0.01,0.9940612768570994,0.06132928240209248,0.2705497649804763,1.7561813345801047,18.069271807846107,2.2244395553635965e-08,24.69635175224421,,,,,,,,0.010059742022762188,
17,blocks.5.attn.out_proj,attention_out,dp_kfc_a,0.01,0.008167304549640084,3.6329572433951843e-06,7.359430372543508e-05,0.0011497345016751115,0.0032856135187112143,9.799174819974526e-07,1.5086750415517531,,,,,,,,1.2243941607933158,
17,blocks.5.mlp.fc1,mlp,dp_kfc_a,0.01,0.9939885056080596,0.061093020656035286,0.2697712785580729,1.7532895615383874,18.04411161883069,1.3276908845525299e-08,24.665364583888824,,,,,,,,0.010060478510143968,
17,blocks.5.mlp.fc2,mlp,dp_kfc_a,0.01,0.024415121135218324,0.000449392956325228,0.0012624781982910967,0.032354845778107606,0.3745572814616148,0.00028287520288920276,2.3973561149573777,,,,,,,,0.4095822398183886,
17,blocks.6.attn.q_proj,attention_qkv,dp_kfc_a,0.01,0.9938974397478944,0.056783445706577944,0.2551824709155225,1.80215392848335,17.983824235480956,-5.43104598666194e-08,24.547375005083484,,,,,,,,0.010061400301560828,
17,blocks.6.attn.k_proj,attention_qkv,dp_kfc_a,0.01,0.9938974397478944,0.056783445706577944,0.2551824709155225,1.80215392848335,17.983824235480956,-5.43104598666194e-08,24.547375005083484,,,,,,,,0.010061400301560828,
17,blocks.6.attn.v_proj,attention_qkv,dp_kfc_a,0.01,0.9938974397478944,0.056783445706577944,0.2551824709155225,1.80215392848335,17.983824235480956,-5.43104598666194e-08,24.547375005083484,,,,,,,,0.010061400301560828,
17,blocks.6.attn.out_proj,attention_out,dp_kfc_a,0.01,0.00834827424178426,3.314582658674629e-06,7.451771722076327e-05,0.0011779440592457277,0.003603132786266256,8.442186711728374e-07,1.5395747326007263,,,,,,,,1.1978523597067074,
17,blocks.6.mlp.fc1,mlp,dp_kfc_a,0.01,0.992167568577386,0.05694215574494501,0.25568802735808965,1.8024044850663574,17.906482254940386,-5.2562820697171604e-08,24.438476912132895,,,,,,,,0.010078942626937953,
17,blocks.6.mlp.fc2,mlp,dp_kfc_a,0.01,0.024558475276186424,0.00044251345314697004,0.0012841092574135287,0.031980921016780746,0.38220784869529206,0.0002941270743011375,2.3742782974599788,,,,,,,,0.40719140286761546,
17,blocks.7.attn.q_proj,attention_qkv,dp_kfc_a,0.01,0.9942886800037147,0.05180104880464542,0.24504945506933426,1.865652597005218,18.019717339751335,-2.4063078707667724e-09,23.997584677017652,,,,,,,,0.010057441265410605,
17,blocks.7.attn.k_proj,attention_qkv,dp_kfc_a,0.01,0.9942886800037147,0.05180104880464542,0.24504945506933426,1.865652597005218,18.019717339751335,-2.4063078707667724e-09,23.997584677017652,,,,,,,,0.010057441265410605,
17,blocks.7.attn.v_proj,attention_qkv,dp_kfc_a,0.01,0.9942886800037147,0.05180104880464542,0.24504945506933426,1.865652597005218,18.019717339751335,-2.4063078707667724e-09,23.997584677017652,,,,,,,,0.010057441265410605,
17,blocks.7.attn.out_proj,attention_out,dp_kfc_a,0.01,0.008639871361912735,3.433820903442689e-06,7.1677392253488e-05,0.0012145197895816063,0.004229240912062931,7.951397968661479e-07,1.5940606462646332,,,,,,,,1.1574246399180363,
17,blocks.7.mlp.fc1,mlp,dp_kfc_a,0.01,0.9941508487407408,0.05199447455956833,0.24312719858819745,1.8551033387950835,18.050100359370415,-2.8079157600546793e-08,23.9647466645869,,,,,,,,0.010058835651215991,
17,blocks.7.mlp.fc2,mlp,dp_kfc_a,0.01,0.02434319434917601,0.00042667696445575714,0.0012378071028885929,0.0312665669773225,0.3853175226910026,0.00028382738725176695,2.4425963507536306,,,,,,,,0.4107924316160459,
17,blocks.8.attn.q_proj,attention_qkv,dp_kfc_a,0.01,0.9926669779836823,0.04817944047171732,0.23948695988642965,1.7945004523083277,18.150949859419384,1.2025339675402531e-08,24.617604550291873,,,,,,,,0.01007387192461275,
17,blocks.8.attn.k_proj,attention_qkv,dp_kfc_a,0.01,0.9926669779836823,0.04817944047171732,0.23948695988642965,1.7945004523083277,18.150949859419384,1.2025339675402531e-08,24.617604550291873,,,,,,,,0.01007387192461275,
17,blocks.8.attn.v_proj,attention_qkv,dp_kfc_a,0.01,0.9926669779836823,0.04817944047171732,0.23948695988642965,1.7945004523083277,18.150949859419384,1.2025339675402531e-08,24.617604550291873,,,,,,,,0.01007387192461275,
17,blocks.8.attn.out_proj,attention_out,dp_kfc_a,0.01,0.008381272537224815,3.2838858680168356e-06,6.765865709246668e-05,0.0012436594105627858,0.0046633954384513055,8.192969076944894e-07,1.540630545208686,,,,,,,,1.1931362398234544,
17,blocks.8.mlp.fc1,mlp,dp_kfc_a,0.01,0.9939552086931437,0.048454270761973416,0.2389042791554125,1.7971108127893887,18.13046375406822,3.287813592188644e-12,24.5948761543559,,,,,,,,0.010060815530257184,
17,blocks.8.mlp.fc2,mlp,dp_kfc_a,0.01,0.024407804627528583,0.00042098881936871065,0.0012356920241372352,0.030329537385871307,0.41630737218429337,0.00027852373987545114,2.5272297071852985,,,,,,,,0.40970501659626535,
17,blocks.9.attn.q_proj,attention_qkv,dp_kfc_a,0.01,0.9928902619243286,0.046053350095635194,0.22626403642650397,1.800592208577567,18.34960370303844,-4.091283834534651e-08,25.28848560751307,,,,,,,,0.010071606484103207,
17,blocks.9.attn.k_proj,attention_qkv,dp_kfc_a,0.01,0.9928902619243286,0.046053350095635194,0.22626403642650397,1.800592208577567,18.34960370303844,-4.091283834534651e-08,25.28848560751307,,,,,,,,0.010071606484103207,
17,blocks.9.attn.v_proj,attention_qkv,dp_kfc_a,0.01,0.9928902619243286,0.046053350095635194,0.22626403642650397,1.800592208577567,18.34960370303844,-4.091283834534651e-08,25.28848560751307,,,,,,,,0.010071606484103207,
17,blocks.9.attn.out_proj,attention_out,dp_kfc_a,0.01,0.008861164844545435,3.280591012598961e-06,6.653282097510764e-05,0.001275428758160735,0.004808552650049444,8.061160520839677e-07,1.6301442733768348,,,,,,,,1.1285198024676841,
17,blocks.9.mlp.fc1,mlp,dp_kfc_a,0.01,0.9934116052222376,0.046179381236801736,0.22692720931652446,1.7966039999745678,18.277280315340356,-3.925307046056223e-08,25.36120949253667,,,,,,,,0.010066320896022636,
17,blocks.9.mlp.fc2,mlp,dp_kfc_a,0.01,0.023497738136688276,0.00039566584517621917,0.001169784962027007,0.029051518945773746,0.38724529067615887,0.00025243056670679417,2.451529477446161,,,,,,,,0.42557287607127026,
17,blocks.10.attn.q_proj,attention_qkv,dp_kfc_a,0.01,0.9920282515219456,0.04354856439440213,0.22149495761879887,1.7918683757937581,18.424068766283863,-2.6833031031465262e-08,24.484048825689666,,,,,,,,0.010080358079175913,
17,blocks.10.attn.k_proj,attention_qkv,dp_kfc_a,0.01,0.9920282515219456,0.04354856439440213,0.22149495761879887,1.7918683757937581,18.424068766283863,-2.6833031031465262e-08,24.484048825689666,,,,,,,,0.010080358079175913,
17,blocks.10.attn.v_proj,attention_qkv,dp_kfc_a,0.01,0.9920282515219456,0.04354856439440213,0.22149495761879887,1.7918683757937581,18.424068766283863,-2.6833031031465262e-08,24.484048825689666,,,,,,,,0.010080358079175913,
17,blocks.10.attn.out_proj,attention_out,dp_kfc_a,0.01,0.009532822300999671,3.096870590760153e-06,6.299469608386205e-05,0.0013954256335881028,0.005314831616751503,7.731267159962615e-07,1.7534585209485665,,,,,,,,1.0490072807662991,
17,blocks.10.mlp.fc1,mlp,dp_kfc_a,0.01,0.9934928793981286,0.043480853156647785,0.2218555427497171,1.7890732456921268,18.40743501958912,-6.044793221340726e-08,24.528631607265403,,,,,,,,0.010065497405535645,
17,blocks.10.mlp.fc2,mlp,dp_kfc_a,0.01,0.024396126423157045,0.0003912107581892229,0.0011791257915131173,0.02866559877830827,0.38945123210579613,0.0002556203718031402,2.6514644183651326,,,,,,,,0.4099011386704367,
17,blocks.11.attn.q_proj,attention_qkv,dp_kfc_a,0.01,0.9943020374663754,0.04229141199632306,0.21270527639935757,1.7791321934286906,18.654158219545845,-8.176859218038666e-09,24.263275765753995,,,,,,,,0.010057306153652705,
17,blocks.11.attn.k_proj,attention_qkv,dp_kfc_a,0.01,0.9943020374663754,0.04229141199632306,0.21270527639935757,1.7791321934286906,18.654158219545845,-8.176859218038666e-09,24.263275765753995,,,,,,,,0.010057306153652705,
17,blocks.11.attn.v_proj,attention_qkv,dp_kfc_a,0.01,0.9943020374663754,0.04229141199632306,0.21270527639935757,1.7791321934286906,18.654158219545845,-8.176859218038666e-09,24.263275765753995,,,,,,,,0.010057306153652705,
17,blocks.11.attn.out_proj,attention_out,dp_kfc_a,0.01,0.009012327032312124,2.7223555502107175e-06,6.231531608660233e-05,0.0013258236160765377,0.005442238919693488,7.609658745200144e-07,1.654699085401633,,,,,,,,1.1095913368596975,
17,blocks.11.mlp.fc1,mlp,dp_kfc_a,0.01,0.99330639005325,0.04258871444921395,0.21212249783107223,1.777762823121776,18.621311304201317,-3.7228407485586355e-08,24.215963886022056,,,,,,,,0.010067387162851042,
17,blocks.11.mlp.fc2,mlp,dp_kfc_a,0.01,0.02494886122106227,0.0003876343177468052,0.001177015031081616,0.028598955454029455,0.37957185047437003,0.00022336895749621393,2.8027669472314307,,,,,,,,0.4008198976054997,
17,head,patch_head,dp_kfc_a,0.01,0.9932208133021785,0.0013530287473708397,0.009549401162668546,0.5608689046316783,4.8533568997501195,2.9024505415395434e-08,145.0838575521801,,,,,,,,0.010068254577502083,
18,patch_embed,patch_head,dp_kfc_a,0.01,0.25097329375880284,0.025397791304542523,0.04974987396032989,0.25933302850834755,4.185870944323349,0.016601760774548533,26.282995196759845,,,,,,,,0.0398448769198944,
18,blocks.0.attn.q_proj,attention_qkv,dp_kfc_a,0.01,0.9946121826690714,0.1182178650422348,0.34268258779838323,1.6200939168386084,19.423593754324745,-5.845698548957897e-08,24.51429735719674,,,,,,,,0.010054170031544057,
18,blocks.0.attn.k_proj,attention_qkv,dp_kfc_a,0.01,0.9946121826690714,0.1182178650422348,0.34268258779838323,1.6200939168386084,19.423593754324745,-5.845698548957897e-08,24.51429735719674,,,,,,,,0.010054170031544057,
18,blocks.0.attn.v_proj,attention_qkv,dp_kfc_a,0.01,0.9946121826690714,0.1182178650422348,0.34268258779838323,1.6200939168386084,19.423593754324745,-5.845698548957897e-08,24.51429735719674,,,,,,,,0.010054170031544057,
18,blocks.0.attn.out_proj,attention_out,dp_kfc_a,0.01,0.00592459364820735,5.733486432521984e-06,9.33797065706749e-05,0.0007670982773126447,0.0021309034596578608,1.3574010238848266e-06,1.093044227056597,,,,,,,,1.6878794722108539,
18,blocks.0.mlp.fc1,mlp,dp_kfc_a,0.01,0.9924905902363476,0.11835605001986009,0.34089203097765697,1.6156412150167863,19.332566596499756,-2.3320530418724007e-08,24.47216836815121,,,,,,,,0.010075662276675734,
18,blocks.0.mlp.fc2,mlp,dp_kfc_a,0.01,0.02495427527531536,0.0005493014555519773,0.001442024482828451,0.03758910267446906,0.4022528170342247,0.00037925506605138306,2.2176237948637834,,,,,,,,0.4007329361270591,
18,blocks.1.attn.q_proj,attention_qkv,dp_kfc_a,0.01,0.9936027644211765,0.0978838540364756,0.317007337187898,1.6032092281653216,19.612013922774626,-3.408342452929388e-08,25.309625641456556,,,,,,,,0.010064384236919372,
18,blocks.1.attn.k_proj,attention_qkv,dp_kfc_a,0.01,0.9936027644211765,0.0978838540364756,0.317007337187898,1.6032092281653216,19.612013922774626,-3.408342452929388e-08,25.309625641456556,,,,,,,,0.010064384236919372,
18,blocks.1.attn.v_proj,attention_qkv,dp_kfc_a,0.01,0.9936027644211765,0.0978838540364756,0.317007337187898,1.6032092281653216,19.612013922774626,-3.408342452929388e-08,25.309625641456556,,,,,,,,0.010064384236919372,
18,blocks.1.attn.out_proj,attention_out,dp_kfc_a,0.01,0.006113952349004616,4.661219855257e-06,8.640489914303144e-05,0.000831096657597403,0.0021974867868028553,1.031559125372616e-06,1.1271720379233798,,,,,,,,1.635603195636298,
18,blocks.1.mlp.fc1,mlp,dp_kfc_a,0.01,0.9923787725404137,0.09796479814341418,0.3183501650274093,1.6001778386273198,19.5652353966487,-3.457340508159987e-08,25.296151781930025,,,,,,,,0.010076797566317108,
18,blocks.1.mlp.fc2,mlp,dp_kfc_a,0.01,0.024332788736548552,0.000514364626149591,0.0013626987717576936,0.03610798331003165,0.4372884440590875,0.0003478388373684544,2.0276920806161782,,,,,,,,0.41096810185918853,
18,blocks.2.attn.q_proj,attention_qkv,dp_kfc_a,0.01,0.9929200074215627,0.08318578117678616,0.30127049364757835,1.6817020520063528,18.589506427501686,-1.614701632647393e-08,25.88829904006329,,,,,,,,0.010071304762977058,
18,blocks.2.attn.k_proj,attention_qkv,dp_kfc_a,0.01,0.9929200074215627,0.08318578117678616,0.30127049364757835,1.6817020520063528,18.589506427501686,-1.614701632647393e-08,25.88829904006329,,,,,,,,0.010071304762977058,
18,blocks.2.attn.v_proj,attention_qkv,dp_kfc_a,0.01,0.9929200074215627,0.08318578117678616,0.30127049364757835,1.6817020520063528,18.589506427501686,-1.614701632647393e-08,25.88829904006329,,,,,,,,0.010071304762977058,
18,blocks.2.attn.out_proj,attention_out,dp_kfc_a,0.01,0.006478613550132961,4.211877914744836e-06,7.971106056153178e-05,0.0009398675732257071,0.002579554848132247,1.1557408410467774e-06,1.1933796427538506,,,,,,,,1.5435401297851403,
18,blocks.2.mlp.fc1,mlp,dp_kfc_a,0.01,0.9927703361437111,0.0832442960805817,0.300549285379234,1.6785659507262454,18.592104202957827,-1.4151083192580335e-09,25.841385969650048,,,,,,,,0.010072823125279625,
18,blocks.2.mlp.fc2,mlp,dp_kfc_a,0.01,0.02489119198328303,0.0005021381532413062,0.0013770468692649912,0.03498343146261288,0.40183099999175503,0.0003425761942824037,2.3204498941134477,,,,,,,,0.40174853846758396,
18,blocks.3.attn.q_proj,attention_qkv,dp_kfc_a,0.01,0.9931014512178195,0.07601258410383946,0.29679142866608316,1.7360739899108248,18.018756058322367,-3.896421638231769e-08,26.38106751655075,,,,,,,,0.01006946469339785,
18,blocks.3.attn.k_proj,attention_qkv,dp_kfc_a,0.01,0.9931014512178195,0.07601258410383946,0.29679142866608316,1.7360739899108248,18.018756058322367,-3.896421638231769e-08,26.38106751655075,,,,,,,,0.01006946469339785,
18,blocks.3.attn.v_proj,attention_qkv,dp_kfc_a,0.01,0.9931014512178195,0.07601258410383946,0.29679142866608316,1.7360739899108248,18.018756058322367,-3.896421638231769e-08,26.38106751655075,,,,,,,,0.01006946469339785,
18,blocks.3.attn.out_proj,attention_out,dp_kfc_a,0.01,0.006872441739292087,4.132846694126725e-06,7.624858176574328e-05,0.0009367649244782836,0.0029843800483110405,9.754789386881536e-07,1.2657815991757795,,,,,,,,1.455086907878258,
18,blocks.3.mlp.fc1,mlp,dp_kfc_a,0.01,0.9927918375156086,0.07552834273063466,0.29630926500430516,1.7281209871754812,17.99401965392764,-3.480149158273791e-08,26.319654049212634,,,,,,,,0.010072604973288553,
18,blocks.3.mlp.fc2,mlp,dp_kfc_a,0.01,0.024530153519320162,0.00048064665184980384,0.0013342302857445195,0.034195125775589245,0.37769728363144733,0.0003176086366797863,2.247103693319372,,,,,,,,0.40766153347242257,
18,blocks.4.attn.q_proj,attention_qkv,dp_kfc_a,0.01,0.9928466026029439,0.06624276312533145,0.2786058988571953,1.731092827627386,18.140344960808946,-2.4789677903019597e-08,26.468000360295587,,,,,,,,0.010072049371758962,
18,blocks.4.attn.k_proj,attention_qkv,dp_kfc_a,0.01,0.9928466026029439,0.06624276312533145,0.2786058988571953,1.731092827627386,18.140344960808946,-2.4789677903019597e-08,26.468000360295587,,,,,,,,0.010072049371758962,
18,blocks.4.attn.v_proj,attention_qkv,dp_kfc_a,0.01,0.9928466026029439,0.06624276312533145,0.2786058988571953,1.731092827627386,18.140344960808946,-2.4789677903019597e-08,26.468000360295587,,,,,,,,0.010072049371758962,
18,blocks.4.attn.out_proj,attention_out,dp_kfc_a,0.01,0.007161447094630334,3.9950628368723156e-06,7.414120520890458e-05,0.001057427830889698,0.0031834574770688716,8.964558526101422e-07,1.3177575762991676,,,,,,,,1.396365827724681,
18,blocks.4.mlp.fc1,mlp,dp_kfc_a,0.01,0.9936737174197182,0.06625226414776866,0.27784398862255016,1.7288445910789025,18.15830570609646,-3.5290831925766086e-08,26.45208215886425,,,,,,,,0.010063665592330542,
18,blocks.4.mlp.fc2,mlp,dp_kfc_a,0.01,0.024484154650813116,0.00045718371876717225,0.0012996677585477942,0.03390903865779778,0.3841831005986426,0.00030893986717316665,2.326244639446077,,,,,,,,0.40842741530665433,
18,blocks.5.attn.q_proj,attention_qkv,dp_kfc_a,0.01,0.993546250261791,0.061119019536759724,0.26769375695002723,1.7640068772989876,18.10450107636722,-6.35959659094697e-08,25.018239407321197,,,,,,,,0.010064956711743499,
18,blocks.5.attn.k_proj,attention_qkv,dp_kfc_a,0.01,0.993546250261791,0.061119019536759724,0.26769375695002723,1.7640068772989876,18.10450107636722,-6.35959659094697e-08,25.018239407321197,,,,,,,,0.010064956711743499,
18,blocks.5.attn.v_proj,attention_qkv,dp_kfc_a,0.01,0.993546250261791,0.061119019536759724,0.26769375695002723,1.7640068772989876,18.10450107636722,-6.35959659094697e-08,25.018239407321197,,,,,,,,0.010064956711743499,
18,blocks.5.attn.out_proj,attention_out,dp_kfc_a,0.01,0.008113209093188616,3.676176225393682e-06,7.378104881340737e-05,0.0011228674137134134,0.003298373027842474,1.05886739699405e-06,1.4980592573218054,,,,,,,,1.2325579046638186,
18,blocks.5.mlp.fc1,mlp,dp_kfc_a,0.01,0.9936858937530321,0.06097298306415433,0.2675500356158595,1.763642711813115,18.093219197404128,-3.360203171932504e-08,24.99752933607279,,,,,,,,0.010063542275146126,
18,blocks.5.mlp.fc2,mlp,dp_kfc_a,0.01,0.02452272841869157,0.0004479824905295533,0.001266980826377401,0.032197004475126086,0.37339936369664395,0.0002799037515962845,2.416690690720798,,,,,,,,0.4077849670421607,
18,blocks.6.attn.q_proj,attention_qkv,dp_kfc_a,0.01,0.9932862708605633,0.05610142715590447,0.2543034670467425,1.8248473053347785,18.18453515518778,-8.597081563503568e-09,24.921393901912968,,,,,,,,0.01006759107959501,
18,blocks.6.attn.k_proj,attention_qkv,dp_kfc_a,0.01,0.9932862708605633,0.05610142715590447,0.2543034670467425,1.8248473053347785,18.18453515518778,-8.597081563503568e-09,24.921393901912968,,,,,,,,0.01006759107959501,
18,blocks.6.attn.v_proj,attention_qkv,dp_kfc_a,0.01,0.9932862708605633,0.05610142715590447,0.2543034670467425,1.8248473053347785,18.18453515518778,-8.597081563503568e-09,24.921393901912968,,,,,,,,0.01006759107959501,
18,blocks.6.attn.out_proj,attention_out,dp_kfc_a,0.01,0.008220763505319462,3.18161331723007e-06,7.195952945064701e-05,0.0012028860975218112,0.0035759040000041898,8.787121428911651e-07,1.5150477234805775,,,,,,,,1.216432025264957,
18,blocks.6.mlp.fc1,mlp,dp_kfc_a,0.01,0.9920142512247353,0.05653785352185661,0.2545812414547447,1.8279355472511356,18.12223830986189,-8.380933687257903e-09,24.823375597993547,,,,,,,,0.010080500343270326,
18,blocks.6.mlp.fc2,mlp,dp_kfc_a,0.01,0.024622913762462,0.000441889738654096,0.001286320937983951,0.03193199320682993,0.37653014445968036,0.00029236330872228295,2.3694273772309358,,,,,,,,0.4061257776585787,
18,blocks.7.attn.q_proj,attention_qkv,dp_kfc_a,0.01,0.993921240376685,0.051514523349593985,0.24301087389017037,1.8603120002809475,18.27496909193938,-2.4078785377408345e-08,24.442584411422775,,,,,,,,0.01006115936933807,
18,blocks.7.attn.k_proj,attention_qkv,dp_kfc_a,0.01,0.993921240376685,0.051514523349593985,0.24301087389017037,1.8603120002809475,18.27496909193938,-2.4078785377408345e-08,24.442584411422775,,,,,,,,0.01006115936933807,
18,blocks.7.attn.v_proj,attention_qkv,dp_kfc_a,0.01,0.993921240376685,0.051514523349593985,0.24301087389017037,1.8603120002809475,18.27496909193938,-2.4078785377408345e-08,24.442584411422775,,,,,,,,0.01006115936933807,
18,blocks.7.attn.out_proj,attention_out,dp_kfc_a,0.01,0.008561128865803201,3.406052501715371e-06,7.004778228782748e-05,0.001218131832689491,0.004350108569258365,8.09370537439873e-07,1.5785132588075717,,,,,,,,1.1680702576437394,
18,blocks.7.mlp.fc1,mlp,dp_kfc_a,0.01,0.9936634697444698,0.0518363809872355,0.2413649986571253,1.8536939669474963,18.297411578141134,-8.160378674012122e-09,24.404435869162835,,,,,,,,0.010063769379155698,
18,blocks.7.mlp.fc2,mlp,dp_kfc_a,0.01,0.024415394125363376,0.00042647516826829795,0.0012319393700571204,0.031002578919131055,0.3874032527812855,0.0002872179992754771,2.436325625232531,,,,,,,,0.4095776602521328,
18,blocks.8.attn.q_proj,attention_qkv,dp_kfc_a,0.01,0.9919078038146459,0.04877269431424532,0.23646431543738464,1.7945759139904247,18.39323589066819,-2.9724923360352947e-08,25.15038658266182,,,,,,,,0.010081582140540012,
18,blocks.8.attn.k_proj,attention_qkv,dp_kfc_a,0.01,0.9919078038146459,0.04877269431424532,0.23646431543738464,1.7945759139904247,18.39323589066819,-2.9724923360352947e-08,25.15038658266182,,,,,,,,0.010081582140540012,
18,blocks.8.attn.v_proj,attention_qkv,dp_kfc_a,0.01,0.9919078038146459,0.04877269431424532,0.23646431543738464,1.7945759139904247,18.39323589066819,-2.9724923360352947e-08,25.15038658266182,,,,,,,,0.010081582140540012,
18,blocks.8.attn.out_proj,attention_out,dp_kfc_a,0.01,0.008221923665582671,3.280706867118522e-06,6.948348884626361e-05,0.0012989614569660802,0.004809577715449247,7.685327271630542e-07,1.5099605290378049,,,,,,,,1.2162603797771114,
18,blocks.8.mlp.fc1,mlp,dp_kfc_a,0.01,0.9936930092505223,0.04894140302365136,0.23570647916035772,1.7941724400631405,18.38445354891253,7.636773583919829e-09,25.16564329673615,,,,,,,,0.01006347021354447,
18,blocks.8.mlp.fc2,mlp,dp_kfc_a,0.01,0.02451564595393924,0.0004215791647393198,0.001236550538391002,0.029896105672690083,0.413499570752717,0.000283192519514964,2.525632169961178,,,,,,,,0.40790277436655403,
18,blocks.9.attn.q_proj,attention_qkv,dp_kfc_a,0.01,0.9923026781008034,0.0460156986822238,0.22403914880619208,1.77258478820617,18.615863898400793,-2.422863113533512e-08,25.9228608235814,,,,,,,,0.010077570302580748,
18,blocks.9.attn.k_proj,attention_qkv,dp_kfc_a,0.01,0.9923026781008034,0.0460156986822238,0.22403914880619208,1.77258478820617,18.615863898400793,-2.422863113533512e-08,25.9228608235814,,,,,,,,0.010077570302580748,
18,blocks.9.attn.v_proj,attention_qkv,dp_kfc_a,0.01,0.9923026781008034,0.0460156986822238,0.22403914880619208,1.77258478820617,18.615863898400793,-2.422863113533512e-08,25.9228608235814,,,,,,,,0.010077570302580748,
18,blocks.9.attn.out_proj,attention_out,dp_kfc_a,0.01,0.008813778014788453,3.08530143077254e-06,6.636396961801357e-05,0.0012881199252939696,0.004890701302938308,8.866497647539004e-07,1.6210049449290902,,,,,,,,1.1345872318568961,
18,blocks.9.mlp.fc1,mlp,dp_kfc_a,0.01,0.9929061816146337,0.04613489297939641,0.22378016551335236,1.769627400845909,18.54658123277915,-1.591855648824083e-08,25.990794925688746,,,,,,,,0.01007144500172041,
18,blocks.9.mlp.fc2,mlp,dp_kfc_a,0.01,0.023574224033759923,0.0003952795256611085,0.0011632531994413336,0.029115441986108527,0.3838101883885495,0.000252237149145864,2.4713665949188144,,,,,,,,0.42419211702066234,
18,blocks.10.attn.q_proj,attention_qkv,dp_kfc_a,0.01,0.9915900750790235,0.0436058632562731,0.2211011164320014,1.7931871881489887,18.82113925114036,-7.590774378670141e-09,25.111099713336536,,,,,,,,0.010084812516102546,
18,blocks.10.attn.k_proj,attention_qkv,dp_kfc_a,0.01,0.9915900750790235,0.0436058632562731,0.2211011164320014,1.7931871881489887,18.82113925114036,-7.590774378670141e-09,25.111099713336536,,,,,,,,0.010084812516102546,
18,blocks.10.attn.v_proj,attention_qkv,dp_kfc_a,0.01,0.9915900750790235,0.0436058632562731,0.2211011164320014,1.7931871881489887,18.82113925114036,-7.590774378670141e-09,25.111099713336536,,,,,,,,0.010084812516102546,
18,blocks.10.attn.out_proj,attention_out,dp_kfc_a,0.01,0.00952322717313896,3.09152659163037e-06,6.479063988878381e-05,0.0013568740194124902,0.005166570147902872,7.520644965657166e-07,1.7525620019008272,,,,,,,,1.05006420808755,
18,blocks.10.mlp.fc1,mlp,dp_kfc_a,0.01,0.9932591705124614,0.04368551977866159,0.22097264804490174,1.7923576478449763,18.820556652879304,-3.842538473921592e-08,25.166178529294516,,,,,,,,0.010067865766434966,
18,blocks.10.mlp.fc2,mlp,dp_kfc_a,0.01,0.024509463385377267,0.0003899385100685842,0.0011703722563722683,0.028584587654250603,0.38624430680456795,0.00025455867150239313,2.6948935662920013,,,,,,,,0.4080056687804172,
18,blocks.11.attn.q_proj,attention_qkv,dp_kfc_a,0.01,0.9936495160809453,0.04269125200903081,0.21412320303877228,1.764911899694609,18.98287106924096,-3.424616164742929e-08,24.90694129875232,,,,,,,,0.01006391070308273,
18,blocks.11.attn.k_proj,attention_qkv,dp_kfc_a,0.01,0.9936495160809453,0.04269125200903081,0.21412320303877228,1.764911899694609,18.98287106924096,-3.424616164742929e-08,24.90694129875232,,,,,,,,0.01006391070308273,
18,blocks.11.attn.v_proj,attention_qkv,dp_kfc_a,0.01,0.9936495160809453,0.04269125200903081,0.21412320303877228,1.764911899694609,18.98287106924096,-3.424616164742929e-08,24.90694129875232,,,,,,,,0.01006391070308273,
18,blocks.11.attn.out_proj,attention_out,dp_kfc_a,0.01,0.008912938364981698,2.731445164906375e-06,6.255739759419577e-05,0.0013031447801330302,0.005200951496058724,6.73658880477457e-07,1.6353453619697467,,,,,,,,1.1219644510601903,
18,blocks.11.mlp.fc1,mlp,dp_kfc_a,0.01,0.9931886365994271,0.04279230112145493,0.21394689514558937,1.7634941832324187,18.9438761118107,-3.972550591603369e-08,24.873522881119175,,,,,,,,0.010068580762501415,
18,blocks.11.mlp.fc2,mlp,dp_kfc_a,0.01,0.025031112927110244,0.0003828900243420991,0.0011697551152162328,0.028534753481517718,0.37499713468291335,0.00022065402290073115,2.8497451814426706,,,,,,,,0.39950281192528925,
18,head,patch_head,dp_kfc_a,0.01,0.9923835348511607,0.0012764057579455702,0.009505361082045142,0.5459577057530128,4.276641649019433,-8.614949926095531e-08,147.31761210792166,,,,,,,,0.0100767492091652,
19,patch_embed,patch_head,dp_kfc_a,0.01,0.25097329610345886,0.025336356650220167,0.049680705557721555,0.259269694000944,4.191545951192149,0.016604130584009884,26.310125212428705,,,,,,,,0.03984487654765348,
19,blocks.0.attn.q_proj,attention_qkv,dp_kfc_a,0.01,0.9945159403153652,0.1180600693192234,0.3417728649730059,1.6276288098966025,19.55634320396391,-2.5488446536009632e-08,24.36543273758113,,,,,,,,0.010055143004373523,
19,blocks.0.attn.k_proj,attention_qkv,dp_kfc_a,0.01,0.9945159403153652,0.1180600693192234,0.3417728649730059,1.6276288098966025,19.55634320396391,-2.5488446536009632e-08,24.36543273758113,,,,,,,,0.010055143004373523,
19,blocks.0.attn.v_proj,attention_qkv,dp_kfc_a,0.01,0.9945159403153652,0.1180600693192234,0.3417728649730059,1.6276288098966025,19.55634320396391,-2.5488446536009632e-08,24.36543273758113,,,,,,,,0.010055143004373523,
19,blocks.0.attn.out_proj,attention_out,dp_kfc_a,0.01,0.005932539928939141,5.765578107581087e-06,9.354960413056631e-05,0.0007942979679813722,0.0021392132538940165,1.2828983319007512e-06,1.0944740598265272,,,,,,,,1.6856186590872562,
19,blocks.0.mlp.fc1,mlp,dp_kfc_a,0.01,0.9923778979271806,0.11785216484399828,0.34013454615381306,1.615923758599828,19.47128313828426,-3.167932196930124e-08,24.31598706605322,,,,,,,,0.010076806447309438,
19,blocks.0.mlp.fc2,mlp,dp_kfc_a,0.01,0.025014276741016826,0.0005528469544116406,0.0014438017997645827,0.037540472411371754,0.40544994353928693,0.00036995045706229894,2.2166212547771265,,,,,,,,0.3997717025174921,
19,blocks.1.attn.q_proj,attention_qkv,dp_kfc_a,0.01,0.9931343429446838,0.09787365705616799,0.3165273451893539,1.6201125913509213,19.793757985979948,-3.829935431036465e-08,25.139742410574105,,,,,,,,0.010069131201675689,
19,blocks.1.attn.k_proj,attention_qkv,dp_kfc_a,0.01,0.9931343429446838,0.09787365705616799,0.3165273451893539,1.6201125913509213,19.793757985979948,-3.829935431036465e-08,25.139742410574105,,,,,,,,0.010069131201675689,
19,blocks.1.attn.v_proj,attention_qkv,dp_kfc_a,0.01,0.9931343429446838,0.09787365705616799,0.3165273451893539,1.6201125913509213,19.793757985979948,-3.829935431036465e-08,25.139742410574105,,,,,,,,0.010069131201675689,
19,blocks.1.attn.out_proj,attention_out,dp_kfc_a,0.01,0.006126263443533804,4.503126396681732e-06,8.420006660867822e-05,0.0008319851881311626,0.00219069007073757,1.0008252687102655e-06,1.129455468059504,,,,,,,,1.6323163527280038,
19,blocks.1.mlp.fc1,mlp,dp_kfc_a,0.01,0.9918553026228989,0.09764190099047136,0.3170924374429512,1.6159594064954592,19.748145215849522,-2.340491925065003e-08,25.10062172759213,,,,,,,,0.010082115781965,
19,blocks.1.mlp.fc2,mlp,dp_kfc_a,0.01,0.024410041661930643,0.0005168211690957365,0.0013768707291660362,0.03684604051498146,0.4382133279597792,0.00034641223418342226,2.0262085308220157,,,,,,,,0.40966746958059386,
19,blocks.2.attn.q_proj,attention_qkv,dp_kfc_a,0.01,0.992571391589901,0.08394818219659327,0.30225170151997466,1.6639359542891272,18.641300957639036,-2.9383507281341125e-08,25.730265120620714,,,,,,,,0.01007484205643082,
19,blocks.2.attn.k_proj,attention_qkv,dp_kfc_a,0.01,0.992571391589901,0.08394818219659327,0.30225170151997466,1.6639359542891272,18.641300957639036,-2.9383507281341125e-08,25.730265120620714,,,,,,,,0.01007484205643082,
19,blocks.2.attn.v_proj,attention_qkv,dp_kfc_a,0.01,0.992571391589901,0.08394818219659327,0.30225170151997466,1.6639359542891272,18.641300957639036,-2.9383507281341125e-08,25.730265120620714,,,,,,,,0.01007484205643082,
19,blocks.2.attn.out_proj,attention_out,dp_kfc_a,0.01,0.006531669105686021,4.333119615090543e-06,8.114664197396493e-05,0.0009343312028393676,0.0026593783486216905,1.153855098318826e-06,1.2036509744316763,,,,,,,,1.531002235139972,
19,blocks.2.mlp.fc1,mlp,dp_kfc_a,0.01,0.9925873400016153,0.0839603809650697,0.3006112304274901,1.6612577075058648,18.648185107857028,-3.5517126122977e-08,25.69924209237241,,,,,,,,0.010074680178757596,
19,blocks.2.mlp.fc2,mlp,dp_kfc_a,0.01,0.024968248645451663,0.0005044742099127817,0.0013787448288508461,0.03542818037724096,0.4019327903509566,0.00033997070130316006,2.328663320984271,,,,,,,,0.40050866770832355,
19,blocks.3.attn.q_proj,attention_qkv,dp_kfc_a,0.01,0.9928245493476255,0.07557112208397028,0.29548529590530764,1.74211806444589,18.235484305208843,-5.3638274857897457e-08,26.171829837654194,,,,,,,,0.010072273098576072,
19,blocks.3.attn.k_proj,attention_qkv,dp_kfc_a,0.01,0.9928245493476255,0.07557112208397028,0.29548529590530764,1.74211806444589,18.235484305208843,-5.3638274857897457e-08,26.171829837654194,,,,,,,,0.010072273098576072,
19,blocks.3.attn.v_proj,attention_qkv,dp_kfc_a,0.01,0.9928245493476255,0.07557112208397028,0.29548529590530764,1.74211806444589,18.235484305208843,-5.3638274857897457e-08,26.171829837654194,,,,,,,,0.010072273098576072,
19,blocks.3.attn.out_proj,attention_out,dp_kfc_a,0.01,0.006995995440779717,4.149379868901371e-06,7.522675117430733e-05,0.0009495737474064926,0.0029724458763435314,9.907773233668569e-07,1.2895773699314643,,,,,,,,1.4293891533590652,
19,blocks.3.mlp.fc1,mlp,dp_kfc_a,0.01,0.992075504571045,0.07500582902644397,0.29384029046913596,1.7338645956423215,18.1955191986486,-9.559994107774976e-09,26.102697727265948,,,,,,,,0.010079877946713153,
19,blocks.3.mlp.fc2,mlp,dp_kfc_a,0.01,0.024594598988698424,0.0004819733629727805,0.001341647715436653,0.03415304239736174,0.3772068421289101,0.00031367078879522857,2.2264539987762246,,,,,,,,0.40659333395088676,
19,blocks.4.attn.q_proj,attention_qkv,dp_kfc_a,0.01,0.9924287057911176,0.06578269715681878,0.2768449141452237,1.759228418158971,18.383947118295115,-2.980802018582626e-08,26.307328371785776,,,,,,,,0.01007629056036672,
19,blocks.4.attn.k_proj,attention_qkv,dp_kfc_a,0.01,0.9924287057911176,0.06578269715681878,0.2768449141452237,1.759228418158971,18.383947118295115,-2.980802018582626e-08,26.307328371785776,,,,,,,,0.01007629056036672,
19,blocks.4.attn.v_proj,attention_qkv,dp_kfc_a,0.01,0.9924287057911176,0.06578269715681878,0.2768449141452237,1.759228418158971,18.383947118295115,-2.980802018582626e-08,26.307328371785776,,,,,,,,0.01007629056036672,
19,blocks.4.attn.out_proj,attention_out,dp_kfc_a,0.01,0.007277939663904386,3.868359307466098e-06,7.630712658504136e-05,0.0010451793174020626,0.0030587308548668964,8.477680975516325e-07,1.3406015806569047,,,,,,,,1.3740152380756774,
19,blocks.4.mlp.fc1,mlp,dp_kfc_a,0.01,0.9932946346584379,0.06579002224426164,0.27589350947088787,1.7563444197279807,18.41246546309743,9.714994648618376e-09,26.2893173224164,,,,,,,,0.010067506307872768,
19,blocks.4.mlp.fc2,mlp,dp_kfc_a,0.01,0.02464702008570628,0.0004602901890294348,0.0013099134676910122,0.03393713823723828,0.3884472163931925,0.0003104805905153778,2.335839445972607,,,,,,,,0.4057285613119361,
19,blocks.5.attn.q_proj,attention_qkv,dp_kfc_a,0.01,0.9935835198417229,0.061601866004826596,0.2713247109913413,1.7702044949158007,18.36665532253861,-4.341245088297909e-08,25.05801942768897,,,,,,,,0.010064579172562154,
19,blocks.5.attn.k_proj,attention_qkv,dp_kfc_a,0.01,0.9935835198417229,0.061601866004826596,0.2713247109913413,1.7702044949158007,18.36665532253861,-4.341245088297909e-08,25.05801942768897,,,,,,,,0.010064579172562154,
19,blocks.5.attn.v_proj,attention_qkv,dp_kfc_a,0.01,0.9935835198417229,0.061601866004826596,0.2713247109913413,1.7702044949158007,18.36665532253861,-4.341245088297909e-08,25.05801942768897,,,,,,,,0.010064579172562154,
19,blocks.5.attn.out_proj,attention_out,dp_kfc_a,0.01,0.008262866997754761,3.628327298341387e-06,7.265432573921709e-05,0.001166394187261656,0.0031735552038749553,1.0072628628340592e-06,1.5275572120194298,,,,,,,,1.2102336879823024,
19,blocks.5.mlp.fc1,mlp,dp_kfc_a,0.01,0.9933605271299887,0.06093251967039367,0.2707094231434709,1.7673338053475447,18.34828088072504,-2.7309189341919514e-08,25.040987967518635,,,,,,,,0.010066838501114938,
19,blocks.5.mlp.fc2,mlp,dp_kfc_a,0.01,0.02464166026252415,0.0004488149854926502,0.0012720795265273885,0.032720325406377364,0.3696332152809214,0.00028302414027966315,2.458745167009935,,,,,,,,0.40581681158912536,
19,blocks.6.attn.q_proj,attention_qkv,dp_kfc_a,0.01,0.9929674763444792,0.05555474561966238,0.25521000448804076,1.814149249604769,18.55892466444969,-3.237918511510008e-08,24.98440111543896,,,,,,,,0.010070823303109688,
19,blocks.6.attn.k_proj,attention_qkv,dp_kfc_a,0.01,0.9929674763444792,0.05555474561966238,0.25521000448804076,1.814149249604769,18.55892466444969,-3.237918511510008e-08,24.98440111543896,,,,,,,,0.010070823303109688,
19,blocks.6.attn.v_proj,attention_qkv,dp_kfc_a,0.01,0.9929674763444792,0.05555474561966238,0.25521000448804076,1.814149249604769,18.55892466444969,-3.237918511510008e-08,24.98440111543896,,,,,,,,0.010070823303109688,
19,blocks.6.attn.out_proj,attention_out,dp_kfc_a,0.01,0.008341758821245254,3.3870148994583417e-06,7.436339945567496e-05,0.0011882381727600375,0.0036887034243517913,9.139535741406554e-07,1.538277538676597,,,,,,,,1.198787955188952,
19,blocks.6.mlp.fc1,mlp,dp_kfc_a,0.01,0.9917605483779018,0.056025131490257264,0.25486826340996455,1.8129748232943361,18.48984217891912,-4.008193271131634e-08,24.885570525249396,,,,,,,,0.010083079041968089,
19,blocks.6.mlp.fc2,mlp,dp_kfc_a,0.01,0.024702313878078145,0.0004443134351903909,0.0012818935250402295,0.03179770138943247,0.37777799093398456,0.00029389993214470764,2.404720583649523,,,,,,,,0.40482037631601847,
19,blocks.7.attn.q_proj,attention_qkv,dp_kfc_a,0.01,0.9935924892598483,0.051118292663509056,0.24426038124268196,1.8737619331162236,18.625920809233097,7.253494258721193e-09,24.404214519613436,,,,,,,,0.010064488316985214,
19,blocks.7.attn.k_proj,attention_qkv,dp_kfc_a,0.01,0.9935924892598483,0.051118292663509056,0.24426038124268196,1.8737619331162236,18.625920809233097,7.253494258721193e-09,24.404214519613436,,,,,,,,0.010064488316985214,
19,blocks.7.attn.v_proj,attention_qkv,dp_kfc_a,0.01,0.9935924892598483,0.051118292663509056,0.24426038124268196,1.8737619331162236,18.625920809233097,7.253494258721193e-09,24.404214519613436,,,,,,,,0.010064488316985214,
19,blocks.7.attn.out_proj,attention_out,dp_kfc_a,0.01,0.008545586557176996,3.3950529181332806e-06,7.233920679776866e-05,0.0012301899482552283,0.0041713107632154476,7.694592936272508e-07,1.576391048742532,,,,,,,,1.170194688578927,
19,blocks.7.mlp.fc1,mlp,dp_kfc_a,0.01,0.9935607420656966,0.0513776869983358,0.2427912996974701,1.868443136283228,18.636550508095283,-5.88169777313281e-08,24.365881933626955,,,,,,,,0.010064809907051235,
19,blocks.7.mlp.fc2,mlp,dp_kfc_a,0.01,0.024568825268631096,0.00042841015354149733,0.0012397904050861816,0.03116891725608038,0.39724421694479767,0.0002867664390734542,2.4780916854940878,,,,,,,,0.4070198672774057,
19,blocks.8.attn.q_proj,attention_qkv,dp_kfc_a,0.01,0.9913637184108478,0.04806061255442042,0.2352645144052419,1.8008277143230138,18.66751061463134,-3.1099136903387335e-09,25.250664691498066,,,,,,,,0.01008711516700446,
19,blocks.8.attn.k_proj,attention_qkv,dp_kfc_a,0.01,0.9913637184108478,0.04806061255442042,0.2352645144052419,1.8008277143230138,18.66751061463134,-3.1099136903387335e-09,25.250664691498066,,,,,,,,0.01008711516700446,
19,blocks.8.attn.v_proj,attention_qkv,dp_kfc_a,0.01,0.9913637184108478,0.04806061255442042,0.2352645144052419,1.8008277143230138,18.66751061463134,-3.1099136903387335e-09,25.250664691498066,,,,,,,,0.01008711516700446,
19,blocks.8.attn.out_proj,attention_out,dp_kfc_a,0.01,0.008276753215338804,3.279853662902323e-06,6.9260991930359e-05,0.0013142033336286927,0.004829665786617626,7.718866064636391e-07,1.5207247114493228,,,,,,,,1.208203233783461,
19,blocks.8.mlp.fc1,mlp,dp_kfc_a,0.01,0.9931260730318455,0.048154553818816864,0.23557587441860814,1.8013125990802372,18.666328479868156,-5.951977870033169e-08,25.26167463618503,,,,,,,,0.010069215048872593,
19,blocks.8.mlp.fc2,mlp,dp_kfc_a,0.01,0.024532099868448256,0.00042091020959570855,0.0012404787967718954,0.029549708199286977,0.41136366535829266,0.0002793582355857354,2.561332140521908,,,,,,,,0.40762919006625326,
19,blocks.9.attn.q_proj,attention_qkv,dp_kfc_a,0.01,0.9915593544436243,0.045603619430302354,0.22495143540572912,1.7911101195452677,18.90301235732705,-1.9246748997253763e-08,25.965820615499155,,,,,,,,0.010085124965223204,
19,blocks.9.attn.k_proj,attention_qkv,dp_kfc_a,0.01,0.9915593544436243,0.045603619430302354,0.22495143540572912,1.7911101195452677,18.90301235732705,-1.9246748997253763e-08,25.965820615499155,,,,,,,,0.010085124965223204,
19,blocks.9.attn.v_proj,attention_qkv,dp_kfc_a,0.01,0.9915593544436243,0.045603619430302354,0.22495143540572912,1.7911101195452677,18.90301235732705,-1.9246748997253763e-08,25.965820615499155,,,,,,,,0.010085124965223204,
19,blocks.9.attn.out_proj,attention_out,dp_kfc_a,0.01,0.009020527499641046,3.109143941663011e-06,6.530262387218409e-05,0.0013103339725534847,0.004511303505976901,8.688046924538937e-07,1.6609980766899606,,,,,,,,1.1085826189652357,
19,blocks.9.mlp.fc1,mlp,dp_kfc_a,0.01,0.9923091456680101,0.04572566534257021,0.22511900929522366,1.7873188084046725,18.848429969628615,-4.1066824079171974e-08,26.03016277656112,,,,,,,,0.01007750462006286,
19,blocks.9.mlp.fc2,mlp,dp_kfc_a,0.01,0.023783257439422514,0.00039725961664369293,0.0011672942297545035,0.029543899197644226,0.38438246202503795,0.00025601232944696045,2.497905220445081,,,,,,,,0.4204638504826617,
19,blocks.10.attn.q_proj,attention_qkv,dp_kfc_a,0.01,0.991006909256772,0.043555210231085086,0.2200520130674024,1.8007249490850923,19.052957518097017,1.821919462046798e-08,25.10404563012469,,,,,,,,0.010090747003469154,
19,blocks.10.attn.k_proj,attention_qkv,dp_kfc_a,0.01,0.991006909256772,0.043555210231085086,0.2200520130674024,1.8007249490850923,19.052957518097017,1.821919462046798e-08,25.10404563012469,,,,,,,,0.010090747003469154,
19,blocks.10.attn.v_proj,attention_qkv,dp_kfc_a,0.01,0.991006909256772,0.043555210231085086,0.2200520130674024,1.8007249490850923,19.052957518097017,1.821919462046798e-08,25.10404563012469,,,,,,,,0.010090747003469154,
19,blocks.10.attn.out_proj,attention_out,dp_kfc_a,0.01,0.009493562821154072,3.0467118336012706e-06,6.251606079592455e-05,0.0013659945445586683,0.004854172971293094,7.115900843856586e-07,1.7472373373094425,,,,,,,,1.0533453233929686,
19,blocks.10.mlp.fc1,mlp,dp_kfc_a,0.01,0.9930522945260755,0.0437028081517854,0.2195740241620054,1.798169265380349,19.052337398336658,-8.361230737237653e-08,25.138188555106368,,,,,,,,0.010069963138016214,
19,blocks.10.mlp.fc2,mlp,dp_kfc_a,0.01,0.024736035379044643,0.00039140801019906055,0.0011873648767357782,0.02930724849356097,0.3869750989547086,0.0002545173085230314,2.7481018739953678,,,,,,,,0.40426850328939906,
19,blocks.11.attn.q_proj,attention_qkv,dp_kfc_a,0.01,0.9933477772949891,0.041974135693965874,0.21467309264154688,1.7823720284769289,19.197724089692823,-1.1280745983303285e-08,24.695849224118728,,,,,,,,0.010066967711178916,
19,blocks.11.attn.k_proj,attention_qkv,dp_kfc_a,0.01,0.9933477772949891,0.041974135693965874,0.21467309264154688,1.7823720284769289,19.197724089692823,-1.1280745983303285e-08,24.695849224118728,,,,,,,,0.010066967711178916,
19,blocks.11.attn.v_proj,attention_qkv,dp_kfc_a,0.01,0.9933477772949891,0.041974135693965874,0.21467309264154688,1.7823720284769289,19.197724089692823,-1.1280745983303285e-08,24.695849224118728,,,,,,,,0.010066967711178916,
19,blocks.11.attn.out_proj,attention_out,dp_kfc_a,0.01,0.009044630699694505,2.777136941363692e-06,6.196512455807069e-05,0.0013250934979510123,0.005003144940249215,6.21279892509384e-07,1.6611327873317763,,,,,,,,1.1056283370793418,
19,blocks.11.mlp.fc1,mlp,dp_kfc_a,0.01,0.9927858818380326,0.04201342102370628,0.2141634697876838,1.7822038775286768,19.15925279338674,5.1128216083459995e-09,24.674220904359775,,,,,,,,0.010072665398389946,
19,blocks.11.mlp.fc2,mlp,dp_kfc_a,0.01,0.025107902514667133,0.0003847801922255726,0.0011722317215712324,0.029048371700779847,0.37682458980967914,0.00021299204671221958,2.8655825026679085,,,,,,,,0.3982809792318717,
19,head,patch_head,dp_kfc_a,0.01,0.9909482544645127,0.0012266212574493025,0.00920799614274485,0.5349022984620405,4.432408132404225,2.4239081653142515e-08,148.6952007759465,,,,,,,,0.01009134428053843,
20,patch_embed,patch_head,dp_kfc_a,0.01,0.2509732972079663,0.02539544278078872,0.04978578727181049,0.25951705048091817,4.186720679679617,0.016657471211444556,26.24110709288777,,,,,,,,0.03984487637230031,
20,blocks.0.attn.q_proj,attention_qkv,dp_kfc_a,0.01,0.9942884170329633,0.1173282266463192,0.3420747632174573,1.6175113168656121,19.534935969976704,-1.1489329797286472e-08,24.277045187693968,,,,,,,,0.010057443925416335,
20,blocks.0.attn.k_proj,attention_qkv,dp_kfc_a,0.01,0.9942884170329633,0.1173282266463192,0.3420747632174573,1.6175113168656121,19.534935969976704,-1.1489329797286472e-08,24.277045187693968,,,,,,,,0.010057443925416335,
20,blocks.0.attn.v_proj,attention_qkv,dp_kfc_a,0.01,0.9942884170329633,0.1173282266463192,0.3420747632174573,1.6175113168656121,19.534935969976704,-1.1489329797286472e-08,24.277045187693968,,,,,,,,0.010057443925416335,
20,blocks.0.attn.out_proj,attention_out,dp_kfc_a,0.01,0.005929372409781456,5.9095069691653486e-06,9.627793322206451e-05,0.0007655804795436613,0.002173410312925859,1.3541326965139653e-06,1.0932056548620035,,,,,,,,1.6865191303388851,
20,blocks.0.mlp.fc1,mlp,dp_kfc_a,0.01,0.9922857868239052,0.11749237438221354,0.3404475352179017,1.6003377048749439,19.451447069966648,-4.51535734485857e-08,24.23317709784244,,,,,,,,0.010077741848956502,
20,blocks.0.mlp.fc2,mlp,dp_kfc_a,0.01,0.02503019985010162,0.0005573503361243638,0.0014529348392911144,0.03786251809010807,0.40797551578027047,0.00037854291476746864,2.196248227595188,,,,,,,,0.3995173853939245,
20,blocks.1.attn.q_proj,attention_qkv,dp_kfc_a,0.01,0.9930952364298964,0.0982112296541652,0.32105000406984013,1.6222619713100124,19.833792873019586,-4.8399027774982764e-08,25.06505910332845,,,,,,,,0.010069527708086948,
20,blocks.1.attn.k_proj,attention_qkv,dp_kfc_a,0.01,0.9930952364298964,0.0982112296541652,0.32105000406984013,1.6222619713100124,19.833792873019586,-4.8399027774982764e-08,25.06505910332845,,,,,,,,0.010069527708086948,
20,blocks.1.attn.v_proj,attention_qkv,dp_kfc_a,0.01,0.9930952364298964,0.0982112296541652,0.32105000406984013,1.6222619713100124,19.833792873019586,-4.8399027774982764e-08,25.06505910332845,,,,,,,,0.010069527708086948,
20,blocks.1.attn.out_proj,attention_out,dp_kfc_a,0.01,0.00614486915259043,4.735289840861107e-06,8.679155207777567e-05,0.0008562475470911737,0.002241537954163786,9.764153347561398e-07,1.1322927365343771,,,,,,,,1.6273739524273518,
20,blocks.1.mlp.fc1,mlp,dp_kfc_a,0.01,0.9915103884558604,0.0981487960438595,0.32111390747624413,1.615732814023034,19.76611782140124,-7.02542878352378e-08,25.020761528916093,,,,,,,,0.010085623021634307,
20,blocks.1.mlp.fc2,mlp,dp_kfc_a,0.01,0.024509032703790772,0.0005215983151704119,0.0013894143387147286,0.036417365332180075,0.44313559769532285,0.0003595454296405551,2.0452597466311095,,,,,,,,0.4080128384035865,
20,blocks.2.attn.q_proj,attention_qkv,dp_kfc_a,0.01,0.9924243704024992,0.08413712585059918,0.3044335511796506,1.671611277373422,18.790286877741647,-9.905805666153702e-09,25.525056922385293,,,,,,,,0.010076334578466956,
20,blocks.2.attn.k_proj,attention_qkv,dp_kfc_a,0.01,0.9924243704024992,0.08413712585059918,0.3044335511796506,1.671611277373422,18.790286877741647,-9.905805666153702e-09,25.525056922385293,,,,,,,,0.010076334578466956,
20,blocks.2.attn.v_proj,attention_qkv,dp_kfc_a,0.01,0.9924243704024992,0.08413712585059918,0.3044335511796506,1.671611277373422,18.790286877741647,-9.905805666153702e-09,25.525056922385293,,,,,,,,0.010076334578466956,
20,blocks.2.attn.out_proj,attention_out,dp_kfc_a,0.01,0.006585434286817763,4.489612948144845e-06,8.340360043676829e-05,0.0009552230334094163,0.002759329037875269,1.1739397403577266e-06,1.2133521244529566,,,,,,,,1.5185027386906378,
20,blocks.2.mlp.fc1,mlp,dp_kfc_a,0.01,0.9922454184201097,0.08446472159051947,0.304263158059003,1.6702395554930833,18.788989107497343,-2.8325964354258084e-08,25.48103602657839,,,,,,,,0.010078151850700781,
20,blocks.2.mlp.fc2,mlp,dp_kfc_a,0.01,0.025045614160345418,0.0005095073313572837,0.0013934620771490157,0.03561000648911776,0.40454904308886014,0.00034907135590791263,2.2825156392782215,,,,,,,,0.3992715026263139,
20,blocks.3.attn.q_proj,attention_qkv,dp_kfc_a,0.01,0.9926395229416191,0.0754782989668517,0.29760582849793205,1.7574475338770286,18.28049585472074,-7.174116626482651e-09,25.972858683008393,,,,,,,,0.010074150554035655,
20,blocks.3.attn.k_proj,attention_qkv,dp_kfc_a,0.01,0.9926395229416191,0.0754782989668517,0.29760582849793205,1.7574475338770286,18.28049585472074,-7.174116626482651e-09,25.972858683008393,,,,,,,,0.010074150554035655,
20,blocks.3.attn.v_proj,attention_qkv,dp_kfc_a,0.01,0.9926395229416191,0.0754782989668517,0.29760582849793205,1.7574475338770286,18.28049585472074,-7.174116626482651e-09,25.972858683008393,,,,,,,,0.010074150554035655,
20,blocks.3.attn.out_proj,attention_out,dp_kfc_a,0.01,0.007008486499900115,4.251250122836623e-06,7.855433943719731e-05,0.0009786923733449639,0.0028502289997218207,9.62233195385895e-07,1.2915859310948679,,,,,,,,1.426841587002061,
20,blocks.3.mlp.fc1,mlp,dp_kfc_a,0.01,0.9916765892135048,0.07495353957069466,0.29664028599550185,1.7479152752733247,18.24103827609337,1.0061586366833363e-08,25.895912627552704,,,,,,,,0.010083932714324702,
20,blocks.3.mlp.fc2,mlp,dp_kfc_a,0.01,0.024687632685829977,0.0004889144990192574,0.0013539066978056665,0.03429618828377512,0.38198603130339237,0.00032239937977602114,2.225128302999027,,,,,,,,0.40506111409133716,
20,blocks.4.attn.q_proj,attention_qkv,dp_kfc_a,0.01,0.9923063890303973,0.06622137475977331,0.27814245084380845,1.7705021792576607,18.40894053721306,-2.1595410912419736e-08,25.988473320995002,,,,,,,,0.010077532615476963,
20,blocks.4.attn.k_proj,attention_qkv,dp_kfc_a,0.01,0.9923063890303973,0.06622137475977331,0.27814245084380845,1.7705021792576607,18.40894053721306,-2.1595410912419736e-08,25.988473320995002,,,,,,,,0.010077532615476963,
20,blocks.4.attn.v_proj,attention_qkv,dp_kfc_a,0.01,0.9923063890303973,0.06622137475977331,0.27814245084380845,1.7705021792576607,18.40894053721306,-2.1595410912419736e-08,25.988473320995002,,,,,,,,0.010077532615476963,
20,blocks.4.attn.out_proj,attention_out,dp_kfc_a,0.01,0.007303661404272851,4.008505753279543e-06,7.955188828582948e-05,0.0010434914656123368,0.003131245876588897,8.838788763533739e-07,1.3448450729362065,,,,,,,,1.369176286588219,
20,blocks.4.mlp.fc1,mlp,dp_kfc_a,0.01,0.9929779727841906,0.0663356740948441,0.27781832433867365,1.768387904950906,18.448203368904775,7.039031347885013e-09,25.95714034157414,,,,,,,,0.010070716847787877,
20,blocks.4.mlp.fc2,mlp,dp_kfc_a,0.01,0.024654407492597796,0.0004675370272185214,0.001313247241289737,0.03402076871843201,0.3923730420052302,0.00031057866307209256,2.3093568109433527,,,,,,,,0.4056069894602978,
20,blocks.5.attn.q_proj,attention_qkv,dp_kfc_a,0.01,0.9932282242750257,0.06070188741223633,0.27025093820300666,1.7911471788459579,18.24230065544467,-5.876475958327648e-08,24.904176305047642,,,,,,,,0.010068179453215973,
20,blocks.5.attn.k_proj,attention_qkv,dp_kfc_a,0.01,0.9932282242750257,0.06070188741223633,0.27025093820300666,1.7911471788459579,18.24230065544467,-5.876475958327648e-08,24.904176305047642,,,,,,,,0.010068179453215973,
20,blocks.5.attn.v_proj,attention_qkv,dp_kfc_a,0.01,0.9932282242750257,0.06070188741223633,0.27025093820300666,1.7911471788459579,18.24230065544467,-5.876475958327648e-08,24.904176305047642,,,,,,,,0.010068179453215973,
20,blocks.5.attn.out_proj,attention_out,dp_kfc_a,0.01,0.008246408121291201,3.704508637479991e-06,7.391356325232437e-05,0.0011474059105470887,0.0032906639319618264,1.085388046919535e-06,1.5236619068524793,,,,,,,,1.2126491743940302,
20,blocks.5.mlp.fc1,mlp,dp_kfc_a,0.01,0.9934234396781328,0.060922382505033026,0.27031291198585317,1.787467109821061,18.234950518873067,-3.285658729427177e-08,24.901893073746553,,,,,,,,0.010066200977943484,
20,blocks.5.mlp.fc2,mlp,dp_kfc_a,0.01,0.024760581355575854,0.0004587116868987899,0.0012917126778585661,0.03297806211928434,0.37722590761601105,0.00029142714223740537,2.4467337800238496,,,,,,,,0.4038677386606713,
20,blocks.6.attn.q_proj,attention_qkv,dp_kfc_a,0.01,0.9923748188685877,0.055882139077726906,0.25199116580219255,1.822801880869552,18.47972509804573,-2.9415956370814794e-08,24.747848338650062,,,,,,,,0.010076837712791884,
20,blocks.6.attn.k_proj,attention_qkv,dp_kfc_a,0.01,0.9923748188685877,0.055882139077726906,0.25199116580219255,1.822801880869552,18.47972509804573,-2.9415956370814794e-08,24.747848338650062,,,,,,,,0.010076837712791884,
20,blocks.6.attn.v_proj,attention_qkv,dp_kfc_a,0.01,0.9923748188685877,0.055882139077726906,0.25199116580219255,1.822801880869552,18.47972509804573,-2.9415956370814794e-08,24.747848338650062,,,,,,,,0.010076837712791884,
20,blocks.6.attn.out_proj,attention_out,dp_kfc_a,0.01,0.008350407545544676,3.4003639891892244e-06,7.571001270433837e-05,0.0011529484509411223,0.003794922322029368,9.86821148642109e-07,1.5390786337756324,,,,,,,,1.197546340757399,
20,blocks.6.mlp.fc1,mlp,dp_kfc_a,0.01,0.9916002160526928,0.056195256881113806,0.2525489342856016,1.8204338067094796,18.418573725994957,-3.849100811644443e-08,24.68025205587839,,,,,,,,0.010084709379963072,
20,blocks.6.mlp.fc2,mlp,dp_kfc_a,0.01,0.02483361613451078,0.0004525743440425705,0.0012987810169727122,0.03226253544555279,0.3830924563505862,0.0002958958563122588,2.407468256258686,,,,,,,,0.4026799780521372,
20,blocks.7.attn.q_proj,attention_qkv,dp_kfc_a,0.01,0.9933955514986899,0.05131808367109444,0.24631571908986427,1.891932556180961,18.58073089536675,-1.972759719235429e-08,24.20461746483529,,,,,,,,0.010066483572342824,
20,blocks.7.attn.k_proj,attention_qkv,dp_kfc_a,0.01,0.9933955514986899,0.05131808367109444,0.24631571908986427,1.891932556180961,18.58073089536675,-1.972759719235429e-08,24.20461746483529,,,,,,,,0.010066483572342824,
20,blocks.7.attn.v_proj,attention_qkv,dp_kfc_a,0.01,0.9933955514986899,0.05131808367109444,0.24631571908986427,1.891932556180961,18.58073089536675,-1.972759719235429e-08,24.20461746483529,,,,,,,,0.010066483572342824,
20,blocks.7.attn.out_proj,attention_out,dp_kfc_a,0.01,0.008610998392087007,3.4047224108349788e-06,7.294744487432296e-05,0.001182108670646258,0.004352056638809671,8.189815079309758e-07,1.587913393804108,,,,,,,,1.1613055240132668,
20,blocks.7.mlp.fc1,mlp,dp_kfc_a,0.01,0.9931988604945841,0.05152134197189996,0.2461629623780115,1.884908555431339,18.59212887329599,-2.4719950464115206e-08,24.178033651363833,,,,,,,,0.01006847711748309,
20,blocks.7.mlp.fc2,mlp,dp_kfc_a,0.01,0.024707662089399614,0.0004338879652935977,0.0012578460488413723,0.03179908508355368,0.40056197401266175,0.00028808202123745374,2.494751072067353,,,,,,,,0.4047327490483336,
20,blocks.8.attn.q_proj,attention_qkv,dp_kfc_a,0.01,0.9912892496647613,0.04823395970317821,0.23326438852628112,1.8154100085317197,18.600842657323504,3.019142431855765e-09,25.134960012256645,,,,,,,,0.010087872942616745,
20,blocks.8.attn.k_proj,attention_qkv,dp_kfc_a,0.01,0.9912892496647613,0.04823395970317821,0.23326438852628112,1.8154100085317197,18.600842657323504,3.019142431855765e-09,25.134960012256645,,,,,,,,0.010087872942616745,
20,blocks.8.attn.v_proj,attention_qkv,dp_kfc_a,0.01,0.9912892496647613,0.04823395970317821,0.23326438852628112,1.8154100085317197,18.600842657323504,3.019142431855765e-09,25.134960012256645,,,,,,,,0.010087872942616745,
20,blocks.8.attn.out_proj,attention_out,dp_kfc_a,0.01,0.008208983257796539,3.3023992503312576e-06,7.057709879926025e-05,0.0012887243270134773,0.0048477501547113345,7.800794150346994e-07,1.5069520004384878,,,,,,,,1.2181776580555734,
20,blocks.8.mlp.fc1,mlp,dp_kfc_a,0.01,0.9930004557797328,0.0483654148605911,0.23306068892813128,1.8102625442906992,18.60804290663856,-7.946889795007897e-10,25.13976974434842,,,,,,,,0.01007048883189858,
20,blocks.8.mlp.fc2,mlp,dp_kfc_a,0.01,0.02462307680931102,0.0004237054665647168,0.0012509316580938943,0.02993042001917701,0.41473737915343145,0.00027994043610626607,2.5691126285222023,,,,,,,,0.4061230884118665,
20,blocks.9.attn.q_proj,attention_qkv,dp_kfc_a,0.01,0.9913965775558986,0.045395440100686545,0.2233438889134008,1.8114445309745628,18.78768986637379,-4.1003017893097916e-08,25.885807942097685,,,,,,,,0.01008678083663867,
20,blocks.9.attn.k_proj,attention_qkv,dp_kfc_a,0.01,0.9913965775558986,0.045395440100686545,0.2233438889134008,1.8114445309745628,18.78768986637379,-4.1003017893097916e-08,25.885807942097685,,,,,,,,0.01008678083663867,
20,blocks.9.attn.v_proj,attention_qkv,dp_kfc_a,0.01,0.9913965775558986,0.045395440100686545,0.2233438889134008,1.8114445309745628,18.78768986637379,-4.1003017893097916e-08,25.885807942097685,,,,,,,,0.01008678083663867,
20,blocks.9.attn.out_proj,attention_out,dp_kfc_a,0.01,0.009152268456147954,3.143977153945225e-06,6.787314754654797e-05,0.0012793242971071146,0.004659037550708308,8.756773617405415e-07,1.6859489909191598,,,,,,,,1.0926252926161262,
20,blocks.9.mlp.fc1,mlp,dp_kfc_a,0.01,0.9921432412350116,0.04554769338206898,0.22291312911521297,1.8053917151574934,18.71782049140043,-2.9782108883243916e-08,25.922513801477912,,,,,,,,0.010079189762510586,
20,blocks.9.mlp.fc2,mlp,dp_kfc_a,0.01,0.02386181958392747,0.0004011585601149644,0.0011806153150643417,0.029777022008619668,0.39064728879038346,0.00025749032175866987,2.4903696213146427,,,,,,,,0.4190795242930958,
20,blocks.10.attn.q_proj,attention_qkv,dp_kfc_a,0.01,0.9904927294797848,0.043331843193652395,0.21649461177513357,1.8301484963024661,18.809322701173908,-7.507676739587059e-09,24.930237221471536,,,,,,,,0.010095985263064057,
20,blocks.10.attn.k_proj,attention_qkv,dp_kfc_a,0.01,0.9904927294797848,0.043331843193652395,0.21649461177513357,1.8301484963024661,18.809322701173908,-7.507676739587059e-09,24.930237221471536,,,,,,,,0.010095985263064057,
20,blocks.10.attn.v_proj,attention_qkv,dp_kfc_a,0.01,0.9904927294797848,0.043331843193652395,0.21649461177513357,1.8301484963024661,18.809322701173908,-7.507676739587059e-09,24.930237221471536,,,,,,,,0.010095985263064057,
20,blocks.10.attn.out_proj,attention_out,dp_kfc_a,0.01,0.009587973385652373,3.115053857803313e-06,6.467338518287257e-05,0.0013946866465247886,0.004863039614508297,7.434649739376642e-07,1.7648495234147303,,,,,,,,1.042973274723957,
20,blocks.10.mlp.fc1,mlp,dp_kfc_a,0.01,0.9924387226141796,0.043581451410542864,0.21631092344986588,1.8266622469380311,18.805863687405257,-3.6224158516667994e-08,24.95211574626596,,,,,,,,0.010076188858954468,
20,blocks.10.mlp.fc2,mlp,dp_kfc_a,0.01,0.024901981498217707,0.00039445427289724807,0.001203503872494972,0.028781735242842704,0.39267725659519276,0.00025718439480539615,2.7668694651999735,,,,,,,,0.4015744691126577,
20,blocks.11.attn.q_proj,attention_qkv,dp_kfc_a,0.01,0.9925454607899326,0.04263905071109483,0.21636373998032513,1.7907671535960783,18.979831449804283,-1.9270398954750777e-08,24.281594856326628,,,,,,,,0.01007510526726035,
20,blocks.11.attn.k_proj,attention_qkv,dp_kfc_a,0.01,0.9925454607899326,0.04263905071109483,0.21636373998032513,1.7907671535960783,18.979831449804283,-1.9270398954750777e-08,24.281594856326628,,,,,,,,0.01007510526726035,
20,blocks.11.attn.v_proj,attention_qkv,dp_kfc_a,0.01,0.9925454607899326,0.04263905071109483,0.21636373998032513,1.7907671535960783,18.979831449804283,-1.9270398954750777e-08,24.281594856326628,,,,,,,,0.01007510526726035,
20,blocks.11.attn.out_proj,attention_out,dp_kfc_a,0.01,0.009156565546689054,2.983509131286564e-06,6.036104170039592e-05,0.0013556043460660413,0.004838695228944879,6.827844551058772e-07,1.6827296454202685,,,,,,,,1.0921125337890392,
20,blocks.11.mlp.fc1,mlp,dp_kfc_a,0.01,0.9922122402512348,0.04245186359369913,0.216403518980282,1.7902684653339929,18.943391143901785,-5.177442249669299e-09,24.249876370970863,,,,,,,,0.010078488849792795,
20,blocks.11.mlp.fc2,mlp,dp_kfc_a,0.01,0.025109924580683868,0.0003853751941639763,0.0011815857999220246,0.02888400869407496,0.38448042676077554,0.0002052814500414038,2.8516477741646766,,,,,,,,0.398248906238955,
20,head,patch_head,dp_kfc_a,0.01,0.9906412978014798,0.0014965460628319047,0.010530875922442394,0.5496895586258989,5.4991795275541975,-6.295689808168836e-09,143.0610337301302,,,,,,,,0.010094471149338211,
