level,layer,group,noise_rms,noise_energy_share,expected_noise_energy,signal_norm,snr,geometry_power,damping,lambda,task,method,source,beta,seed,epoch,research_only
layer,patch_embed,patch_head,0.720238011165617,0.026717111089316622,76586.4086151123,3.2736832906178592,0.011829348033403441,inverse,0.001,0.001,vit,inverse_dp_kfm_a,pink,0.2,42,1,True
layer,blocks.0.attn.q_proj,attention_qkv,0.7199649171255615,0.006705334772741336,19221.296310424805,0.4194942903271256,0.0030257616716558894,inverse,0.001,0.001,vit,inverse_dp_kfm_a,pink,0.2,42,1,True
layer,blocks.0.attn.k_proj,attention_qkv,0.7205524567044178,0.006705334772741336,19221.296310424805,0.6527200876274092,0.004707991190828323,inverse,0.001,0.001,vit,inverse_dp_kfm_a,pink,0.2,42,1,True
layer,blocks.0.attn.v_proj,attention_qkv,0.7200907439797569,0.006705334772741336,19221.296310424805,1.5007069916685059,0.010824418354384815,inverse,0.001,0.001,vit,inverse_dp_kfm_a,pink,0.2,42,1,True
layer,blocks.0.attn.out_proj,attention_out,0.7203630879576983,0.006705334772741336,19221.296310424805,1.6323908468118422,0.011774238103678393,inverse,0.001,0.001,vit,inverse_dp_kfm_a,pink,0.2,42,1,True
layer,blocks.0.mlp.fc1,mlp_fc1,0.7200662927790764,0.026821339090965342,76885.18524169922,2.1585741004178307,0.007784767193589411,inverse,0.001,0.001,vit,inverse_dp_kfm_a,pink,0.2,42,1,True
layer,blocks.0.mlp.fc2,mlp_fc2,0.7201798050004312,0.026717111089316622,76586.4086151123,3.6673461507414897,0.013251835967277014,inverse,0.001,0.001,vit,inverse_dp_kfm_a,pink,0.2,42,1,True
layer,blocks.1.attn.q_proj,attention_qkv,0.7202477723063719,0.006705334772741336,19221.296310424805,0.27650506347319276,0.0019943976410824243,inverse,0.001,0.001,vit,inverse_dp_kfm_a,pink,0.2,42,1,True
layer,blocks.1.attn.k_proj,attention_qkv,0.7204072610799974,0.006705334772741336,19221.296310424805,0.4134958645731314,0.0029824957508669367,inverse,0.001,0.001,vit,inverse_dp_kfm_a,pink,0.2,42,1,True
layer,blocks.1.attn.v_proj,attention_qkv,0.7201033486271301,0.006705334772741336,19221.296310424805,1.7114015068331818,0.012344132455657228,inverse,0.001,0.001,vit,inverse_dp_kfm_a,pink,0.2,42,1,True
layer,blocks.1.attn.out_proj,attention_out,0.7201479048636591,0.006705334772741336,19221.296310424805,2.3905013128515793,0.01724239737048377,inverse,0.001,0.001,vit,inverse_dp_kfm_a,pink,0.2,42,1,True
layer,blocks.1.mlp.fc1,mlp_fc1,0.7201738461841648,0.026821339090965342,76885.18524169922,3.0872664119895368,0.011134039955947991,inverse,0.001,0.001,vit,inverse_dp_kfm_a,pink,0.2,42,1,True
layer,blocks.1.mlp.fc2,mlp_fc2,0.7201403249959903,0.026717111089316622,76586.4086151123,2.6664600477926164,0.009635166606648513,inverse,0.001,0.001,vit,inverse_dp_kfm_a,pink,0.2,42,1,True
layer,blocks.2.attn.q_proj,attention_qkv,0.7203275607493322,0.006705334772741336,19221.296310424805,0.42635305996311795,0.0030752331489985684,inverse,0.001,0.001,vit,inverse_dp_kfm_a,pink,0.2,42,1,True
layer,blocks.2.attn.k_proj,attention_qkv,0.7201538440348942,0.006705334772741336,19221.296310424805,0.5516837546521804,0.003979228318936281,inverse,0.001,0.001,vit,inverse_dp_kfm_a,pink,0.2,42,1,True
layer,blocks.2.attn.v_proj,attention_qkv,0.7200029740519952,0.006705334772741336,19221.296310424805,2.3876853463170242,0.01722208614383445,inverse,0.001,0.001,vit,inverse_dp_kfm_a,pink,0.2,42,1,True
layer,blocks.2.attn.out_proj,attention_out,0.7205034285754817,0.006705334772741336,19221.296310424805,2.666726874216549,0.019234778996603134,inverse,0.001,0.001,vit,inverse_dp_kfm_a,pink,0.2,42,1,True
layer,blocks.2.mlp.fc1,mlp_fc1,0.7203254819008353,0.026821339090965342,76885.18524169922,3.279704563126736,0.01182805653174119,inverse,0.001,0.001,vit,inverse_dp_kfm_a,pink,0.2,42,1,True
layer,blocks.2.mlp.fc2,mlp_fc2,0.7202019410974115,0.026717111089316622,76586.4086151123,3.063788206228612,0.011070898976692034,inverse,0.001,0.001,vit,inverse_dp_kfm_a,pink,0.2,42,1,True
layer,blocks.3.attn.q_proj,attention_qkv,0.7201733616400502,0.006705334772741336,19221.296310424805,0.5055512300966892,0.003646479988779324,inverse,0.001,0.001,vit,inverse_dp_kfm_a,pink,0.2,42,1,True
layer,blocks.3.attn.k_proj,attention_qkv,0.7202238503371324,0.006705334772741336,19221.296310424805,0.6798676676627744,0.004903803408165444,inverse,0.001,0.001,vit,inverse_dp_kfm_a,pink,0.2,42,1,True
layer,blocks.3.attn.v_proj,attention_qkv,0.7199941655698916,0.006705334772741336,19221.296310424805,2.318741796620149,0.016724804643249467,inverse,0.001,0.001,vit,inverse_dp_kfm_a,pink,0.2,42,1,True
layer,blocks.3.attn.out_proj,attention_out,0.720493199663339,0.006705334772741336,19221.296310424805,2.3729013708892355,0.017115451113905375,inverse,0.001,0.001,vit,inverse_dp_kfm_a,pink,0.2,42,1,True
layer,blocks.3.mlp.fc1,mlp_fc1,0.7202277311246328,0.026821339090965342,76885.18524169922,3.052150354877721,0.011007396015710142,inverse,0.001,0.001,vit,inverse_dp_kfm_a,pink,0.2,42,1,True
layer,blocks.3.mlp.fc2,mlp_fc2,0.7203221965199483,0.026717111089316622,76586.4086151123,2.9377924991260502,0.010615617589423301,inverse,0.001,0.001,vit,inverse_dp_kfm_a,pink,0.2,42,1,True
layer,blocks.4.attn.q_proj,attention_qkv,0.7204363287316344,0.006705334772741336,19221.296310424805,0.6402069360143636,0.004617735338924237,inverse,0.001,0.001,vit,inverse_dp_kfm_a,pink,0.2,42,1,True
layer,blocks.4.attn.k_proj,attention_qkv,0.7206153270291606,0.006705334772741336,19221.296310424805,0.9622607558699628,0.006940670660808,inverse,0.001,0.001,vit,inverse_dp_kfm_a,pink,0.2,42,1,True
layer,blocks.4.attn.v_proj,attention_qkv,0.7203179143234946,0.006705334772741336,19221.296310424805,1.9117745267238841,0.01378939885760622,inverse,0.001,0.001,vit,inverse_dp_kfm_a,pink,0.2,42,1,True
layer,blocks.4.attn.out_proj,attention_out,0.7201763185977914,0.006705334772741336,19221.296310424805,1.984470558560366,0.01431374655883662,inverse,0.001,0.001,vit,inverse_dp_kfm_a,pink,0.2,42,1,True
layer,blocks.4.mlp.fc1,mlp_fc1,0.7202343900918831,0.026821339090965342,76885.18524169922,2.8449778629111537,0.010260240929135491,inverse,0.001,0.001,vit,inverse_dp_kfm_a,pink,0.2,42,1,True
layer,blocks.4.mlp.fc2,mlp_fc2,0.7201173432626307,0.026717111089316622,76586.4086151123,2.756111205075765,0.009959118145925117,inverse,0.001,0.001,vit,inverse_dp_kfm_a,pink,0.2,42,1,True
layer,blocks.5.attn.q_proj,attention_qkv,0.7202001790775723,0.006705334772741336,19221.296310424805,0.45130957413275197,0.0032552414727679566,inverse,0.001,0.001,vit,inverse_dp_kfm_a,pink,0.2,42,1,True
layer,blocks.5.attn.k_proj,attention_qkv,0.7201639780998046,0.006705334772741336,19221.296310424805,0.6673946949353045,0.00481383736171233,inverse,0.001,0.001,vit,inverse_dp_kfm_a,pink,0.2,42,1,True
layer,blocks.5.attn.v_proj,attention_qkv,0.7201444841153622,0.006705334772741336,19221.296310424805,2.0395499557821184,0.014711027601402252,inverse,0.001,0.001,vit,inverse_dp_kfm_a,pink,0.2,42,1,True
layer,blocks.5.attn.out_proj,attention_out,0.7200275758638705,0.006705334772741336,19221.296310424805,1.9957452045941038,0.01439506921951876,inverse,0.001,0.001,vit,inverse_dp_kfm_a,pink,0.2,42,1,True
layer,blocks.5.mlp.fc1,mlp_fc1,0.7200381699919778,0.026821339090965342,76885.18524169922,2.9697869101052565,0.010710357223902352,inverse,0.001,0.001,vit,inverse_dp_kfm_a,pink,0.2,42,1,True
layer,blocks.5.mlp.fc2,mlp_fc2,0.7201951970212043,0.026717111089316622,76586.4086151123,2.5808665758966782,0.009325877381467155,inverse,0.001,0.001,vit,inverse_dp_kfm_a,pink,0.2,42,1,True
layer,blocks.6.attn.q_proj,attention_qkv,0.7201355626189904,0.006705334772741336,19221.296310424805,0.48434803196009646,0.003493543880428007,inverse,0.001,0.001,vit,inverse_dp_kfm_a,pink,0.2,42,1,True
layer,blocks.6.attn.k_proj,attention_qkv,0.7199160871741728,0.006705334772741336,19221.296310424805,0.7279777393779088,0.005250815547240689,inverse,0.001,0.001,vit,inverse_dp_kfm_a,pink,0.2,42,1,True
layer,blocks.6.attn.v_proj,attention_qkv,0.7202642960912073,0.006705334772741336,19221.296310424805,2.1404392705196034,0.015438730048494564,inverse,0.001,0.001,vit,inverse_dp_kfm_a,pink,0.2,42,1,True
layer,blocks.6.attn.out_proj,attention_out,0.7200239171010906,0.006705334772741336,19221.296310424805,2.2711754870464937,0.01638171459485369,inverse,0.001,0.001,vit,inverse_dp_kfm_a,pink,0.2,42,1,True
layer,blocks.6.mlp.fc1,mlp_fc1,0.7201792709585721,0.026821339090965342,76885.18524169922,2.9150962344919122,0.010513118603635586,inverse,0.001,0.001,vit,inverse_dp_kfm_a,pink,0.2,42,1,True
layer,blocks.6.mlp.fc2,mlp_fc2,0.7202967769183887,0.026717111089316622,76586.4086151123,2.673200963906961,0.009659524687654417,inverse,0.001,0.001,vit,inverse_dp_kfm_a,pink,0.2,42,1,True
layer,blocks.7.attn.q_proj,attention_qkv,0.7205107916435293,0.006705334772741336,19221.296310424805,0.4852060390840832,0.003499732582228319,inverse,0.001,0.001,vit,inverse_dp_kfm_a,pink,0.2,42,1,True
layer,blocks.7.attn.k_proj,attention_qkv,0.7203481611468151,0.006705334772741336,19221.296310424805,0.6350362582188731,0.004580439864228079,inverse,0.001,0.001,vit,inverse_dp_kfm_a,pink,0.2,42,1,True
layer,blocks.7.attn.v_proj,attention_qkv,0.7205378585524306,0.006705334772741336,19221.296310424805,2.2853163296289574,0.016483710785213202,inverse,0.001,0.001,vit,inverse_dp_kfm_a,pink,0.2,42,1,True
layer,blocks.7.attn.out_proj,attention_out,0.7205980841713812,0.006705334772741336,19221.296310424805,2.3544471308996204,0.01698234290879353,inverse,0.001,0.001,vit,inverse_dp_kfm_a,pink,0.2,42,1,True
layer,blocks.7.mlp.fc1,mlp_fc1,0.7202374681311101,0.026821339090965342,76885.18524169922,3.0174740311513424,0.010882337947382933,inverse,0.001,0.001,vit,inverse_dp_kfm_a,pink,0.2,42,1,True
layer,blocks.7.mlp.fc2,mlp_fc2,0.7202229507078767,0.026717111089316622,76586.4086151123,3.4238899814671506,0.012372115022529837,inverse,0.001,0.001,vit,inverse_dp_kfm_a,pink,0.2,42,1,True
layer,blocks.8.attn.q_proj,attention_qkv,0.7205360542023116,0.006705334772741336,19221.296310424805,0.4900365924506115,0.0035345747804807186,inverse,0.001,0.001,vit,inverse_dp_kfm_a,pink,0.2,42,1,True
layer,blocks.8.attn.k_proj,attention_qkv,0.7203515271991444,0.006705334772741336,19221.296310424805,0.7420558091946022,0.005352358965219113,inverse,0.001,0.001,vit,inverse_dp_kfm_a,pink,0.2,42,1,True
layer,blocks.8.attn.v_proj,attention_qkv,0.7201332979415714,0.006705334772741336,19221.296310424805,2.4902792857243483,0.017962083842875332,inverse,0.001,0.001,vit,inverse_dp_kfm_a,pink,0.2,42,1,True
layer,blocks.8.attn.out_proj,attention_out,0.7204726416896092,0.006705334772741336,19221.296310424805,2.4669483130346332,0.017793800353553147,inverse,0.001,0.001,vit,inverse_dp_kfm_a,pink,0.2,42,1,True
layer,blocks.8.mlp.fc1,mlp_fc1,0.7201851735373118,0.026821339090965342,76885.18524169922,3.0010216885527616,0.010823003566925789,inverse,0.001,0.001,vit,inverse_dp_kfm_a,pink,0.2,42,1,True
layer,blocks.8.mlp.fc2,mlp_fc2,0.7201218882180618,0.026717111089316622,76586.4086151123,2.89650621665742,0.010466430951324717,inverse,0.001,0.001,vit,inverse_dp_kfm_a,pink,0.2,42,1,True
layer,blocks.9.attn.q_proj,attention_qkv,0.7198841953781289,0.006705334772741336,19221.296310424805,0.5036919117815678,0.0036330689502431005,inverse,0.001,0.001,vit,inverse_dp_kfm_a,pink,0.2,42,1,True
layer,blocks.9.attn.k_proj,attention_qkv,0.720226413063879,0.006705334772741336,19221.296310424805,0.7993238457471978,0.0057654263990492794,inverse,0.001,0.001,vit,inverse_dp_kfm_a,pink,0.2,42,1,True
layer,blocks.9.attn.v_proj,attention_qkv,0.7200648021502792,0.006705334772741336,19221.296310424805,2.4503277950779343,0.017673918564084148,inverse,0.001,0.001,vit,inverse_dp_kfm_a,pink,0.2,42,1,True
layer,blocks.9.attn.out_proj,attention_out,0.7203013746315877,0.006705334772741336,19221.296310424805,2.410075338383444,0.017383582453523016,inverse,0.001,0.001,vit,inverse_dp_kfm_a,pink,0.2,42,1,True
layer,blocks.9.mlp.fc1,mlp_fc1,0.7202083051785972,0.026821339090965342,76885.18524169922,2.82533367008054,0.010189395333488484,inverse,0.001,0.001,vit,inverse_dp_kfm_a,pink,0.2,42,1,True
layer,blocks.9.mlp.fc2,mlp_fc2,0.7200050546222717,0.026717111089316622,76586.4086151123,2.5588603982762463,0.009246358774794647,inverse,0.001,0.001,vit,inverse_dp_kfm_a,pink,0.2,42,1,True
layer,blocks.10.attn.q_proj,attention_qkv,0.7203412080991745,0.006705334772741336,19221.296310424805,0.473332104999947,0.0034140873291891595,inverse,0.001,0.001,vit,inverse_dp_kfm_a,pink,0.2,42,1,True
layer,blocks.10.attn.k_proj,attention_qkv,0.7201475397957809,0.006705334772741336,19221.296310424805,0.7962239972324484,0.005743067565949182,inverse,0.001,0.001,vit,inverse_dp_kfm_a,pink,0.2,42,1,True
layer,blocks.10.attn.v_proj,attention_qkv,0.7203163152821631,0.006705334772741336,19221.296310424805,2.4204348181512683,0.017458304130414805,inverse,0.001,0.001,vit,inverse_dp_kfm_a,pink,0.2,42,1,True
layer,blocks.10.attn.out_proj,attention_out,0.7202660629173581,0.006705334772741336,19221.296310424805,2.38405384649159,0.017195892574015284,inverse,0.001,0.001,vit,inverse_dp_kfm_a,pink,0.2,42,1,True
layer,blocks.10.mlp.fc1,mlp_fc1,0.7201615477677502,0.026821339090965342,76885.18524169922,2.4885391765520337,0.008974766322747196,inverse,0.001,0.001,vit,inverse_dp_kfm_a,pink,0.2,42,1,True
layer,blocks.10.mlp.fc2,mlp_fc2,0.7202319660052987,0.026717111089316622,76586.4086151123,2.198487551125562,0.007944163219423933,inverse,0.001,0.001,vit,inverse_dp_kfm_a,pink,0.2,42,1,True
layer,blocks.11.attn.q_proj,attention_qkv,0.7200484561951297,0.006705334772741336,19221.296310424805,0.5948427039858749,0.00429052861001056,inverse,0.001,0.001,vit,inverse_dp_kfm_a,pink,0.2,42,1,True
layer,blocks.11.attn.k_proj,attention_qkv,0.7199761795014508,0.006705334772741336,19221.296310424805,0.817115586621138,0.005893756078021592,inverse,0.001,0.001,vit,inverse_dp_kfm_a,pink,0.2,42,1,True
layer,blocks.11.attn.v_proj,attention_qkv,0.720252977017374,0.006705334772741336,19221.296310424805,2.1437858368339344,0.01546286842729742,inverse,0.001,0.001,vit,inverse_dp_kfm_a,pink,0.2,42,1,True
layer,blocks.11.attn.out_proj,attention_out,0.7200397026816562,0.006705334772741336,19221.296310424805,1.8133493481355885,0.01307946992706913,inverse,0.001,0.001,vit,inverse_dp_kfm_a,pink,0.2,42,1,True
layer,blocks.11.mlp.fc1,mlp_fc1,0.7202169003910186,0.026821339090965342,76885.18524169922,2.2687349889611754,0.008182055788399686,inverse,0.001,0.001,vit,inverse_dp_kfm_a,pink,0.2,42,1,True
layer,blocks.11.mlp.fc2,mlp_fc2,0.7201915129808423,0.026717111089316622,76586.4086151123,2.2415318050102453,0.008099702230023828,inverse,0.001,0.001,vit,inverse_dp_kfm_a,pink,0.2,42,1,True
layer,head,patch_head,0.7199598538660825,0.0003492361860802786,1001.1091828346254,9.56272180455913,0.3022322463730252,inverse,0.001,0.001,vit,inverse_dp_kfm_a,pink,0.2,42,1,True
layer,cls_token,identity,0.7141159629350641,3.474266721627629e-05,99.59220886230469,0.14317602098487245,0.014346884643946836,inverse,0.001,0.001,vit,inverse_dp_kfm_a,pink,0.2,42,1,True
layer,pos_embed,identity,0.7202692493818748,0.006844305441606457,19619.665145874023,0.4806617360322742,0.0034315770546908715,inverse,0.001,0.001,vit,inverse_dp_kfm_a,pink,0.2,42,1,True
layer,blocks.0.norm1.weight,identity,0.7198966559318914,3.474266721627629e-05,99.59220886230469,0.6233349413380672,0.062460979404250286,inverse,0.001,0.001,vit,inverse_dp_kfm_a,pink,0.2,42,1,True
layer,blocks.0.norm1.bias,identity,0.7214011287070016,3.474266721627629e-05,99.59220886230469,0.3908443521203299,0.039164371205713144,inverse,0.001,0.001,vit,inverse_dp_kfm_a,pink,0.2,42,1,True
layer,blocks.0.norm2.weight,identity,0.7198330597675036,3.474266721627629e-05,99.59220886230469,0.23767521276244533,0.023816130918937927,inverse,0.001,0.001,vit,inverse_dp_kfm_a,pink,0.2,42,1,True
layer,blocks.0.norm2.bias,identity,0.719295220760294,3.474266721627629e-05,99.59220886230469,0.18978047748381285,0.01901686189771324,inverse,0.001,0.001,vit,inverse_dp_kfm_a,pink,0.2,42,1,True
layer,blocks.1.norm1.weight,identity,0.7201664361592618,3.474266721627629e-05,99.59220886230469,0.3745590661361289,0.03753251191948733,inverse,0.001,0.001,vit,inverse_dp_kfm_a,pink,0.2,42,1,True
layer,blocks.1.norm1.bias,identity,0.721503788450501,3.474266721627629e-05,99.59220886230469,0.4178232856692508,0.04186778232707659,inverse,0.001,0.001,vit,inverse_dp_kfm_a,pink,0.2,42,1,True
layer,blocks.1.norm2.weight,identity,0.7218347042004147,3.474266721627629e-05,99.59220886230469,0.4882415596775106,0.04892401176460992,inverse,0.001,0.001,vit,inverse_dp_kfm_a,pink,0.2,42,1,True
layer,blocks.1.norm2.bias,identity,0.7180172354511912,3.474266721627629e-05,99.59220886230469,0.35441414825196815,0.03551390006634492,inverse,0.001,0.001,vit,inverse_dp_kfm_a,pink,0.2,42,1,True
layer,blocks.2.norm1.weight,identity,0.7203505521739182,3.474266721627629e-05,99.59220886230469,0.3528967451268856,0.03536184941258199,inverse,0.001,0.001,vit,inverse_dp_kfm_a,pink,0.2,42,1,True
layer,blocks.2.norm1.bias,identity,0.7163903795672324,3.474266721627629e-05,99.59220886230469,0.4156599710943164,0.041651008425681285,inverse,0.001,0.001,vit,inverse_dp_kfm_a,pink,0.2,42,1,True
layer,blocks.2.norm2.weight,identity,0.7214467553030348,3.474266721627629e-05,99.59220886230469,0.27200601037061867,0.027256232058996816,inverse,0.001,0.001,vit,inverse_dp_kfm_a,pink,0.2,42,1,True
layer,blocks.2.norm2.bias,identity,0.7182306329092334,3.474266721627629e-05,99.59220886230469,0.39542891895626037,0.03962376553086,inverse,0.001,0.001,vit,inverse_dp_kfm_a,pink,0.2,42,1,True
layer,blocks.3.norm1.weight,identity,0.715897813432502,3.474266721627629e-05,99.59220886230469,0.2699624722008123,0.027051460294939912,inverse,0.001,0.001,vit,inverse_dp_kfm_a,pink,0.2,42,1,True
layer,blocks.3.norm1.bias,identity,0.7185715588629581,3.474266721627629e-05,99.59220886230469,0.39854835470338335,0.039936347096616066,inverse,0.001,0.001,vit,inverse_dp_kfm_a,pink,0.2,42,1,True
layer,blocks.3.norm2.weight,identity,0.7168448718661599,3.474266721627629e-05,99.59220886230469,0.24902025464750221,0.024952955410120395,inverse,0.001,0.001,vit,inverse_dp_kfm_a,pink,0.2,42,1,True
layer,blocks.3.norm2.bias,identity,0.7250678974291619,3.474266721627629e-05,99.59220886230469,0.30943070725548355,0.03100635589501653,inverse,0.001,0.001,vit,inverse_dp_kfm_a,pink,0.2,42,1,True
layer,blocks.4.norm1.weight,identity,0.7180958293248871,3.474266721627629e-05,99.59220886230469,0.20724338803363895,0.020766724489804635,inverse,0.001,0.001,vit,inverse_dp_kfm_a,pink,0.2,42,1,True
layer,blocks.4.norm1.bias,identity,0.7217479770181263,3.474266721627629e-05,99.59220886230469,0.40011461528780873,0.04009329348870417,inverse,0.001,0.001,vit,inverse_dp_kfm_a,pink,0.2,42,1,True
layer,blocks.4.norm2.weight,identity,0.7172649338843595,3.474266721627629e-05,99.59220886230469,0.20299948764034464,0.020341466482463957,inverse,0.001,0.001,vit,inverse_dp_kfm_a,pink,0.2,42,1,True
layer,blocks.4.norm2.bias,identity,0.7225413241951496,3.474266721627629e-05,99.59220886230469,0.28437693297992844,0.028495854437060444,inverse,0.001,0.001,vit,inverse_dp_kfm_a,pink,0.2,42,1,True
layer,blocks.5.norm1.weight,identity,0.7156588038331706,3.474266721627629e-05,99.59220886230469,0.21345871593937388,0.021389528447300434,inverse,0.001,0.001,vit,inverse_dp_kfm_a,pink,0.2,42,1,True
layer,blocks.5.norm1.bias,identity,0.7180342609535993,3.474266721627629e-05,99.59220886230469,0.32039571914906806,0.03210509966282513,inverse,0.001,0.001,vit,inverse_dp_kfm_a,pink,0.2,42,1,True
layer,blocks.5.norm2.weight,identity,0.7226680856316783,3.474266721627629e-05,99.59220886230469,0.197690834068434,0.01980951539256093,inverse,0.001,0.001,vit,inverse_dp_kfm_a,pink,0.2,42,1,True
layer,blocks.5.norm2.bias,identity,0.7219805237184768,3.474266721627629e-05,99.59220886230469,0.2619385789608248,0.026247429913891625,inverse,0.001,0.001,vit,inverse_dp_kfm_a,pink,0.2,42,1,True
layer,blocks.6.norm1.weight,identity,0.7238994584660878,3.474266721627629e-05,99.59220886230469,0.2008114099230777,0.020122211202245357,inverse,0.001,0.001,vit,inverse_dp_kfm_a,pink,0.2,42,1,True
layer,blocks.6.norm1.bias,identity,0.7182448204604617,3.474266721627629e-05,99.59220886230469,0.33125972191999736,0.0331937218598515,inverse,0.001,0.001,vit,inverse_dp_kfm_a,pink,0.2,42,1,True
layer,blocks.6.norm2.weight,identity,0.7218172330493724,3.474266721627629e-05,99.59220886230469,0.17391488181573767,0.01742705747870772,inverse,0.001,0.001,vit,inverse_dp_kfm_a,pink,0.2,42,1,True
layer,blocks.6.norm2.bias,identity,0.7207453810932937,3.474266721627629e-05,99.59220886230469,0.24365111139941983,0.0244149429811732,inverse,0.001,0.001,vit,inverse_dp_kfm_a,pink,0.2,42,1,True
layer,blocks.7.norm1.weight,identity,0.7214836546319633,3.474266721627629e-05,99.59220886230469,0.21229345107065936,0.021272763638947145,inverse,0.001,0.001,vit,inverse_dp_kfm_a,pink,0.2,42,1,True
layer,blocks.7.norm1.bias,identity,0.7190386683256822,3.474266721627629e-05,99.59220886230469,0.29625778439628075,0.02968636946583254,inverse,0.001,0.001,vit,inverse_dp_kfm_a,pink,0.2,42,1,True
layer,blocks.7.norm2.weight,identity,0.7169024323897683,3.474266721627629e-05,99.59220886230469,0.13554911358505226,0.01358263403897407,inverse,0.001,0.001,vit,inverse_dp_kfm_a,pink,0.2,42,1,True
layer,blocks.7.norm2.bias,identity,0.7183353431527848,3.474266721627629e-05,99.59220886230469,0.1992647557190307,0.019967229458117405,inverse,0.001,0.001,vit,inverse_dp_kfm_a,pink,0.2,42,1,True
layer,blocks.8.norm1.weight,identity,0.7194275706080325,3.474266721627629e-05,99.59220886230469,0.2658046135202361,0.02663482405623371,inverse,0.001,0.001,vit,inverse_dp_kfm_a,pink,0.2,42,1,True
layer,blocks.8.norm1.bias,identity,0.7214316652373783,3.474266721627629e-05,99.59220886230469,0.3192774771327635,0.031993046756887564,inverse,0.001,0.001,vit,inverse_dp_kfm_a,pink,0.2,42,1,True
layer,blocks.8.norm2.weight,identity,0.7213060314688632,3.474266721627629e-05,99.59220886230469,0.1263669062473438,0.012662535348252504,inverse,0.001,0.001,vit,inverse_dp_kfm_a,pink,0.2,42,1,True
layer,blocks.8.norm2.bias,identity,0.7169370991880998,3.474266721627629e-05,99.59220886230469,0.19942366816500087,0.019983153203693926,inverse,0.001,0.001,vit,inverse_dp_kfm_a,pink,0.2,42,1,True
layer,blocks.9.norm1.weight,identity,0.7232845781269153,3.474266721627629e-05,99.59220886230469,0.2729918880849933,0.02735502146342271,inverse,0.001,0.001,vit,inverse_dp_kfm_a,pink,0.2,42,1,True
layer,blocks.9.norm1.bias,identity,0.7192420332762735,3.474266721627629e-05,99.59220886230469,0.3459020706580282,0.03466095140580431,inverse,0.001,0.001,vit,inverse_dp_kfm_a,pink,0.2,42,1,True
layer,blocks.9.norm2.weight,identity,0.7178842162365565,3.474266721627629e-05,99.59220886230469,0.4607524628666569,0.046169479977801305,inverse,0.001,0.001,vit,inverse_dp_kfm_a,pink,0.2,42,1,True
layer,blocks.9.norm2.bias,identity,0.7202040711169818,3.474266721627629e-05,99.59220886230469,0.18842302080228676,0.01888083860076001,inverse,0.001,0.001,vit,inverse_dp_kfm_a,pink,0.2,42,1,True
layer,blocks.10.norm1.weight,identity,0.7213290639844787,3.474266721627629e-05,99.59220886230469,0.2334150544701834,0.023389243796613914,inverse,0.001,0.001,vit,inverse_dp_kfm_a,pink,0.2,42,1,True
layer,blocks.10.norm1.bias,identity,0.7198469624059669,3.474266721627629e-05,99.59220886230469,0.3181476575876555,0.03187983373021841,inverse,0.001,0.001,vit,inverse_dp_kfm_a,pink,0.2,42,1,True
layer,blocks.10.norm2.weight,identity,0.7199312728641792,3.474266721627629e-05,99.59220886230469,0.3415569184703528,0.034225547510877224,inverse,0.001,0.001,vit,inverse_dp_kfm_a,pink,0.2,42,1,True
layer,blocks.10.norm2.bias,identity,0.7191252260302871,3.474266721627629e-05,99.59220886230469,0.15217107257636178,0.015248229482710622,inverse,0.001,0.001,vit,inverse_dp_kfm_a,pink,0.2,42,1,True
layer,blocks.11.norm1.weight,identity,0.720534980469304,3.474266721627629e-05,99.59220886230469,0.17578868407890663,0.017614820937493145,inverse,0.001,0.001,vit,inverse_dp_kfm_a,pink,0.2,42,1,True
layer,blocks.11.norm1.bias,identity,0.7171724590845555,3.474266721627629e-05,99.59220886230469,0.3037297837403032,0.030435097583229105,inverse,0.001,0.001,vit,inverse_dp_kfm_a,pink,0.2,42,1,True
layer,blocks.11.norm2.weight,identity,0.7189673708469886,3.474266721627629e-05,99.59220886230469,0.14438128614071175,0.014467657661923244,inverse,0.001,0.001,vit,inverse_dp_kfm_a,pink,0.2,42,1,True
layer,blocks.11.norm2.bias,identity,0.7201426606340551,3.474266721627629e-05,99.59220886230469,0.13608045360014057,0.013635876710831722,inverse,0.001,0.001,vit,inverse_dp_kfm_a,pink,0.2,42,1,True
layer,norm.weight,identity,0.7178287927595061,3.474266721627629e-05,99.59220886230469,0.105472985147031,0.010568869986385877,inverse,0.001,0.001,vit,inverse_dp_kfm_a,pink,0.2,42,1,True
layer,norm.bias,identity,0.7239602659211286,3.474266721627629e-05,99.59220886230469,0.06884991047466803,0.006899072320430633,inverse,0.001,0.001,vit,inverse_dp_kfm_a,pink,0.2,42,1,True
group,attention_out,attention_out,0.7202893259599288,0.08046401727289565,230655.55572509766,7.800253138795913,0.016241522459862722,inverse,0.001,0.001,vit,inverse_dp_kfm_a,pink,0.2,42,1,True
group,attention_qkv,attention_qkv,0.7202305009172495,0.2413920518186876,691966.667175293,8.111692610284717,0.009751443249010651,inverse,0.001,0.001,vit,inverse_dp_kfm_a,pink,0.2,42,1,True
group,identity,identity,0.7203475488319954,0.008616181469636556,24698.867797851562,2.2217948949401567,0.014137266397815103,inverse,0.001,0.001,vit,inverse_dp_kfm_a,pink,0.2,42,1,True
group,mlp_fc1,mlp_fc1,0.7201891161129792,0.3218560690915826,922622.2229003906,9.872036050919608,0.010277672557068844,inverse,0.001,0.001,vit,inverse_dp_kfm_a,pink,0.2,42,1,True
group,mlp_fc2,mlp_fc2,0.7201868475256501,0.3206053330717978,919036.9033813477,9.840196515244028,0.010264488119407595,inverse,0.001,0.001,vit,inverse_dp_kfm_a,pink,0.2,42,1,True
group,patch_head,patch_head,0.7202358983310695,0.027066347275396748,77587.51779794693,10.118616831407211,0.03632663928429572,inverse,0.001,0.001,vit,inverse_dp_kfm_a,pink,0.2,42,1,True
layer,patch_embed,patch_head,0.7200441919783223,0.026717111089316622,76586.4086151123,2.900589902431709,0.010481187216972505,inverse,0.001,0.001,vit,inverse_dp_kfm_a,pink,0.2,42,2,True
layer,blocks.0.attn.q_proj,attention_qkv,0.7201985131244334,0.006705334772741336,19221.296310424805,0.3626739346251533,0.0026159233057539014,inverse,0.001,0.001,vit,inverse_dp_kfm_a,pink,0.2,42,2,True
layer,blocks.0.attn.k_proj,attention_qkv,0.7204269117840738,0.006705334772741336,19221.296310424805,0.5560087157659933,0.004010423741308714,inverse,0.001,0.001,vit,inverse_dp_kfm_a,pink,0.2,42,2,True
layer,blocks.0.attn.v_proj,attention_qkv,0.7200931691029411,0.006705334772741336,19221.296310424805,1.2354077725694712,0.008910847115920238,inverse,0.001,0.001,vit,inverse_dp_kfm_a,pink,0.2,42,2,True
layer,blocks.0.attn.out_proj,attention_out,0.7206599386639979,0.006705334772741336,19221.296310424805,1.3809643354657506,0.009960729031419233,inverse,0.001,0.001,vit,inverse_dp_kfm_a,pink,0.2,42,2,True
layer,blocks.0.mlp.fc1,mlp_fc1,0.7203040708918902,0.026821339090965342,76885.18524169922,1.706148462178935,0.006153121439376408,inverse,0.001,0.001,vit,inverse_dp_kfm_a,pink,0.2,42,2,True
layer,blocks.0.mlp.fc2,mlp_fc2,0.7201130169236186,0.026717111089316622,76586.4086151123,2.8153094824741554,0.010173029194782671,inverse,0.001,0.001,vit,inverse_dp_kfm_a,pink,0.2,42,2,True
layer,blocks.1.attn.q_proj,attention_qkv,0.720168246037058,0.006705334772741336,19221.296310424805,0.2220120524500791,0.0016013461313746696,inverse,0.001,0.001,vit,inverse_dp_kfm_a,pink,0.2,42,2,True
layer,blocks.1.attn.k_proj,attention_qkv,0.7206952515352081,0.006705334772741336,19221.296310424805,0.3153672159617813,0.002274705655254251,inverse,0.001,0.001,vit,inverse_dp_kfm_a,pink,0.2,42,2,True
layer,blocks.1.attn.v_proj,attention_qkv,0.7199791253438917,0.006705334772741336,19221.296310424805,1.2873427984347678,0.00928544818750367,inverse,0.001,0.001,vit,inverse_dp_kfm_a,pink,0.2,42,2,True
layer,blocks.1.attn.out_proj,attention_out,0.7201617386707345,0.006705334772741336,19221.296310424805,1.6895298496507356,0.01218637483290953,inverse,0.001,0.001,vit,inverse_dp_kfm_a,pink,0.2,42,2,True
layer,blocks.1.mlp.fc1,mlp_fc1,0.7200942609546409,0.026821339090965342,76885.18524169922,2.24667206027502,0.008102487167893583,inverse,0.001,0.001,vit,inverse_dp_kfm_a,pink,0.2,42,2,True
layer,blocks.1.mlp.fc2,mlp_fc2,0.7201028262440352,0.026717111089316622,76586.4086151123,1.8858958365770928,0.006814623231744106,inverse,0.001,0.001,vit,inverse_dp_kfm_a,pink,0.2,42,2,True
layer,blocks.2.attn.q_proj,attention_qkv,0.7202599525537844,0.006705334772741336,19221.296310424805,0.34547027049501317,0.0024918353533376083,inverse,0.001,0.001,vit,inverse_dp_kfm_a,pink,0.2,42,2,True
layer,blocks.2.attn.k_proj,attention_qkv,0.7207144327233257,0.006705334772741336,19221.296310424805,0.4507387719788142,0.0032511243457430854,inverse,0.001,0.001,vit,inverse_dp_kfm_a,pink,0.2,42,2,True
layer,blocks.2.attn.v_proj,attention_qkv,0.7205936909263305,0.006705334772741336,19221.296310424805,1.759312740429719,0.01268971039938827,inverse,0.001,0.001,vit,inverse_dp_kfm_a,pink,0.2,42,2,True
layer,blocks.2.attn.out_proj,attention_out,0.7204327932919804,0.006705334772741336,19221.296310424805,1.9527342160786871,0.014084836151963797,inverse,0.001,0.001,vit,inverse_dp_kfm_a,pink,0.2,42,2,True
layer,blocks.2.mlp.fc1,mlp_fc1,0.7202771320522706,0.026821339090965342,76885.18524169922,2.3495739777908704,0.00847359672187172,inverse,0.001,0.001,vit,inverse_dp_kfm_a,pink,0.2,42,2,True
layer,blocks.2.mlp.fc2,mlp_fc2,0.7202939555354169,0.026717111089316622,76586.4086151123,2.1754067171969758,0.007860761377155037,inverse,0.001,0.001,vit,inverse_dp_kfm_a,pink,0.2,42,2,True
layer,blocks.3.attn.q_proj,attention_qkv,0.7205109560332692,0.006705334772741336,19221.296310424805,0.375120739151209,0.002705700604129434,inverse,0.001,0.001,vit,inverse_dp_kfm_a,pink,0.2,42,2,True
layer,blocks.3.attn.k_proj,attention_qkv,0.7203639111960783,0.006705334772741336,19221.296310424805,0.5218761825809012,0.0037642299001781503,inverse,0.001,0.001,vit,inverse_dp_kfm_a,pink,0.2,42,2,True
layer,blocks.3.attn.v_proj,attention_qkv,0.7201209738828005,0.006705334772741336,19221.296310424805,1.6060317373927904,0.011584113029706687,inverse,0.001,0.001,vit,inverse_dp_kfm_a,pink,0.2,42,2,True
layer,blocks.3.attn.out_proj,attention_out,0.7200629648048367,0.006705334772741336,19221.296310424805,1.7157451053658528,0.012375462307481842,inverse,0.001,0.001,vit,inverse_dp_kfm_a,pink,0.2,42,2,True
layer,blocks.3.mlp.fc1,mlp_fc1,0.7201713948547729,0.026821339090965342,76885.18524169922,2.225651102636398,0.00802667635307314,inverse,0.001,0.001,vit,inverse_dp_kfm_a,pink,0.2,42,2,True
layer,blocks.3.mlp.fc2,mlp_fc2,0.7202658355437197,0.026717111089316622,76586.4086151123,2.147499307599512,0.007759918860780515,inverse,0.001,0.001,vit,inverse_dp_kfm_a,pink,0.2,42,2,True
layer,blocks.4.attn.q_proj,attention_qkv,0.7204732347822034,0.006705334772741336,19221.296310424805,0.4867841968471494,0.003511115643646359,inverse,0.001,0.001,vit,inverse_dp_kfm_a,pink,0.2,42,2,True
layer,blocks.4.attn.k_proj,attention_qkv,0.7202360756970652,0.006705334772741336,19221.296310424805,0.7085408903289648,0.0051106199016117786,inverse,0.001,0.001,vit,inverse_dp_kfm_a,pink,0.2,42,2,True
layer,blocks.4.attn.v_proj,attention_qkv,0.7201285315612406,0.006705334772741336,19221.296310424805,1.460639245431041,0.010535414538050599,inverse,0.001,0.001,vit,inverse_dp_kfm_a,pink,0.2,42,2,True
layer,blocks.4.attn.out_proj,attention_out,0.7202339477670772,0.006705334772741336,19221.296310424805,1.5523994435621646,0.011197269769196164,inverse,0.001,0.001,vit,inverse_dp_kfm_a,pink,0.2,42,2,True
layer,blocks.4.mlp.fc1,mlp_fc1,0.7201191972688887,0.026821339090965342,76885.18524169922,2.0403071110726883,0.007358244435551849,inverse,0.001,0.001,vit,inverse_dp_kfm_a,pink,0.2,42,2,True
layer,blocks.4.mlp.fc2,mlp_fc2,0.7201658082624437,0.026717111089316622,76586.4086151123,2.025398331030499,0.0073187109555464406,inverse,0.001,0.001,vit,inverse_dp_kfm_a,pink,0.2,42,2,True
layer,blocks.5.attn.q_proj,attention_qkv,0.7200965249903484,0.006705334772741336,19221.296310424805,0.35677804678876646,0.0025733969785855146,inverse,0.001,0.001,vit,inverse_dp_kfm_a,pink,0.2,42,2,True
layer,blocks.5.attn.k_proj,attention_qkv,0.7203105004500318,0.006705334772741336,19221.296310424805,0.5234270302227487,0.0037754159769889197,inverse,0.001,0.001,vit,inverse_dp_kfm_a,pink,0.2,42,2,True
layer,blocks.5.attn.v_proj,attention_qkv,0.720411853744733,0.006705334772741336,19221.296310424805,1.4621017751645213,0.010545963588450702,inverse,0.001,0.001,vit,inverse_dp_kfm_a,pink,0.2,42,2,True
layer,blocks.5.attn.out_proj,attention_out,0.7202060857227132,0.006705334772741336,19221.296310424805,1.4798992034628828,0.010674334290128746,inverse,0.001,0.001,vit,inverse_dp_kfm_a,pink,0.2,42,2,True
layer,blocks.5.mlp.fc1,mlp_fc1,0.7201156934649707,0.026821339090965342,76885.18524169922,1.964889058485154,0.0070862537814092835,inverse,0.001,0.001,vit,inverse_dp_kfm_a,pink,0.2,42,2,True
layer,blocks.5.mlp.fc2,mlp_fc2,0.720201394712268,0.026717111089316622,76586.4086151123,1.773099054423234,0.0064070357302377715,inverse,0.001,0.001,vit,inverse_dp_kfm_a,pink,0.2,42,2,True
layer,blocks.6.attn.q_proj,attention_qkv,0.7202604533897394,0.006705334772741336,19221.296310424805,0.33685078102385063,0.002429664016391049,inverse,0.001,0.001,vit,inverse_dp_kfm_a,pink,0.2,42,2,True
layer,blocks.6.attn.k_proj,attention_qkv,0.7202702193490527,0.006705334772741336,19221.296310424805,0.5099046352894259,0.0036778805748590502,inverse,0.001,0.001,vit,inverse_dp_kfm_a,pink,0.2,42,2,True
layer,blocks.6.attn.v_proj,attention_qkv,0.7203925612452555,0.006705334772741336,19221.296310424805,1.5031929272734041,0.010842349107782302,inverse,0.001,0.001,vit,inverse_dp_kfm_a,pink,0.2,42,2,True
layer,blocks.6.attn.out_proj,attention_out,0.7201510374422305,0.006705334772741336,19221.296310424805,1.6791488731250936,0.012111498102498843,inverse,0.001,0.001,vit,inverse_dp_kfm_a,pink,0.2,42,2,True
layer,blocks.6.mlp.fc1,mlp_fc1,0.7203468825736417,0.026821339090965342,76885.18524169922,1.9854279301223803,0.007160325982166195,inverse,0.001,0.001,vit,inverse_dp_kfm_a,pink,0.2,42,2,True
layer,blocks.6.mlp.fc2,mlp_fc2,0.7202576237148955,0.026717111089316622,76586.4086151123,1.8207856526207242,0.0065793497009336704,inverse,0.001,0.001,vit,inverse_dp_kfm_a,pink,0.2,42,2,True
layer,blocks.7.attn.q_proj,attention_qkv,0.7201601235008548,0.006705334772741336,19221.296310424805,0.3213119926989484,0.0023175846121617333,inverse,0.001,0.001,vit,inverse_dp_kfm_a,pink,0.2,42,2,True
layer,blocks.7.attn.k_proj,attention_qkv,0.7202632253702413,0.006705334772741336,19221.296310424805,0.4417979472135147,0.0031866352561139106,inverse,0.001,0.001,vit,inverse_dp_kfm_a,pink,0.2,42,2,True
layer,blocks.7.attn.v_proj,attention_qkv,0.720110782966527,0.006705334772741336,19221.296310424805,1.5396710105291227,0.011105461118400014,inverse,0.001,0.001,vit,inverse_dp_kfm_a,pink,0.2,42,2,True
layer,blocks.7.attn.out_proj,attention_out,0.7202407576084391,0.006705334772741336,19221.296310424805,1.5475396665068009,0.011162216784004284,inverse,0.001,0.001,vit,inverse_dp_kfm_a,pink,0.2,42,2,True
layer,blocks.7.mlp.fc1,mlp_fc1,0.7201457014304443,0.026821339090965342,76885.18524169922,1.9391788977878293,0.006993531638815383,inverse,0.001,0.001,vit,inverse_dp_kfm_a,pink,0.2,42,2,True
layer,blocks.7.mlp.fc2,mlp_fc2,0.7202660374371451,0.026717111089316622,76586.4086151123,1.921488200354672,0.006943235079952867,inverse,0.001,0.001,vit,inverse_dp_kfm_a,pink,0.2,42,2,True
layer,blocks.8.attn.q_proj,attention_qkv,0.7200021413264376,0.006705334772741336,19221.296310424805,0.33545150910560245,0.002419571236975247,inverse,0.001,0.001,vit,inverse_dp_kfm_a,pink,0.2,42,2,True
layer,blocks.8.attn.k_proj,attention_qkv,0.720165541828066,0.006705334772741336,19221.296310424805,0.49654711289173736,0.003581534378424068,inverse,0.001,0.001,vit,inverse_dp_kfm_a,pink,0.2,42,2,True
layer,blocks.8.attn.v_proj,attention_qkv,0.7201295375230139,0.006705334772741336,19221.296310424805,1.6203239204180049,0.011687200820408819,inverse,0.001,0.001,vit,inverse_dp_kfm_a,pink,0.2,42,2,True
layer,blocks.8.attn.out_proj,attention_out,0.7201628650001051,0.006705334772741336,19221.296310424805,1.6155234796733593,0.011652575820862635,inverse,0.001,0.001,vit,inverse_dp_kfm_a,pink,0.2,42,2,True
layer,blocks.8.mlp.fc1,mlp_fc1,0.7201779308337248,0.026821339090965342,76885.18524169922,1.9079219285463624,0.006880805266033042,inverse,0.001,0.001,vit,inverse_dp_kfm_a,pink,0.2,42,2,True
layer,blocks.8.mlp.fc2,mlp_fc2,0.7202897943644742,0.026717111089316622,76586.4086151123,1.7431415065787548,0.006298785106026411,inverse,0.001,0.001,vit,inverse_dp_kfm_a,pink,0.2,42,2,True
layer,blocks.9.attn.q_proj,attention_qkv,0.720273159510066,0.006705334772741336,19221.296310424805,0.34836631705101506,0.0025127241875137507,inverse,0.001,0.001,vit,inverse_dp_kfm_a,pink,0.2,42,2,True
layer,blocks.9.attn.k_proj,attention_qkv,0.7204371606740274,0.006705334772741336,19221.296310424805,0.531321839160011,0.0038323602807332903,inverse,0.001,0.001,vit,inverse_dp_kfm_a,pink,0.2,42,2,True
layer,blocks.9.attn.v_proj,attention_qkv,0.7202236744969145,0.006705334772741336,19221.296310424805,1.479058423052227,0.010668269842531969,inverse,0.001,0.001,vit,inverse_dp_kfm_a,pink,0.2,42,2,True
layer,blocks.9.attn.out_proj,attention_out,0.720430854580629,0.006705334772741336,19221.296310424805,1.4724543548966564,0.010620635496218106,inverse,0.001,0.001,vit,inverse_dp_kfm_a,pink,0.2,42,2,True
layer,blocks.9.mlp.fc1,mlp_fc1,0.7202516356962148,0.026821339090965342,76885.18524169922,1.7922903379918937,0.00646378691465158,inverse,0.001,0.001,vit,inverse_dp_kfm_a,pink,0.2,42,2,True
layer,blocks.9.mlp.fc2,mlp_fc2,0.7202539545558926,0.026717111089316622,76586.4086151123,1.5207455635053273,0.005495164603281925,inverse,0.001,0.001,vit,inverse_dp_kfm_a,pink,0.2,42,2,True
layer,blocks.10.attn.q_proj,attention_qkv,0.7202115918102207,0.006705334772741336,19221.296310424805,0.30314212647686195,0.0021865275607033424,inverse,0.001,0.001,vit,inverse_dp_kfm_a,pink,0.2,42,2,True
layer,blocks.10.attn.k_proj,attention_qkv,0.7200616177409822,0.006705334772741336,19221.296310424805,0.49162889619905414,0.0035460598751834763,inverse,0.001,0.001,vit,inverse_dp_kfm_a,pink,0.2,42,2,True
layer,blocks.10.attn.v_proj,attention_qkv,0.7201014389661353,0.006705334772741336,19221.296310424805,1.4447028277094356,0.010420467080987641,inverse,0.001,0.001,vit,inverse_dp_kfm_a,pink,0.2,42,2,True
layer,blocks.10.attn.out_proj,attention_out,0.720105442263948,0.006705334772741336,19221.296310424805,1.4491768894911319,0.01045273794847698,inverse,0.001,0.001,vit,inverse_dp_kfm_a,pink,0.2,42,2,True
layer,blocks.10.mlp.fc1,mlp_fc1,0.7200807096618208,0.026821339090965342,76885.18524169922,1.6448220645811387,0.005931951488329587,inverse,0.001,0.001,vit,inverse_dp_kfm_a,pink,0.2,42,2,True
layer,blocks.10.mlp.fc2,mlp_fc2,0.7202320934123067,0.026717111089316622,76586.4086151123,1.3055962044114648,0.00471772939591809,inverse,0.001,0.001,vit,inverse_dp_kfm_a,pink,0.2,42,2,True
layer,blocks.11.attn.q_proj,attention_qkv,0.7199286914369969,0.006705334772741336,19221.296310424805,0.45476153058643126,0.003280140017922467,inverse,0.001,0.001,vit,inverse_dp_kfm_a,pink,0.2,42,2,True
layer,blocks.11.attn.k_proj,attention_qkv,0.7199104129007166,0.006705334772741336,19221.296310424805,0.5933254293577825,0.004279584691294817,inverse,0.001,0.001,vit,inverse_dp_kfm_a,pink,0.2,42,2,True
layer,blocks.11.attn.v_proj,attention_qkv,0.7201744831194512,0.006705334772741336,19221.296310424805,1.4079285447109586,0.010155218617384847,inverse,0.001,0.001,vit,inverse_dp_kfm_a,pink,0.2,42,2,True
layer,blocks.11.attn.out_proj,attention_out,0.7198885706657272,0.006705334772741336,19221.296310424805,1.2479839752382371,0.009001557747477244,inverse,0.001,0.001,vit,inverse_dp_kfm_a,pink,0.2,42,2,True
layer,blocks.11.mlp.fc1,mlp_fc1,0.7201788889334665,0.026821339090965342,76885.18524169922,1.3671833646761864,0.004930664276427746,inverse,0.001,0.001,vit,inverse_dp_kfm_a,pink,0.2,42,2,True
layer,blocks.11.mlp.fc2,mlp_fc2,0.7201771468911035,0.026717111089316622,76586.4086151123,1.3048141891729492,0.004714903609303265,inverse,0.001,0.001,vit,inverse_dp_kfm_a,pink,0.2,42,2,True
layer,head,patch_head,0.7191337244202886,0.0003492361860802786,1001.1091828346252,5.122250237810713,0.16189001703680397,inverse,0.001,0.001,vit,inverse_dp_kfm_a,pink,0.2,42,2,True
layer,cls_token,identity,0.7152104047730433,3.474266721627629e-05,99.59220886230469,0.10490436979695052,0.01051189215742914,inverse,0.001,0.001,vit,inverse_dp_kfm_a,pink,0.2,42,2,True
layer,pos_embed,identity,0.7199688138306861,0.006844305441606457,19619.665145874023,0.41502851688831277,0.0029630033531537186,inverse,0.001,0.001,vit,inverse_dp_kfm_a,pink,0.2,42,2,True
layer,blocks.0.norm1.weight,identity,0.7169253236502254,3.474266721627629e-05,99.59220886230469,0.5343527786909431,0.05354456439225546,inverse,0.001,0.001,vit,inverse_dp_kfm_a,pink,0.2,42,2,True
layer,blocks.0.norm1.bias,identity,0.7197689869258335,3.474266721627629e-05,99.59220886230469,0.31306804850858466,0.03137083393407603,inverse,0.001,0.001,vit,inverse_dp_kfm_a,pink,0.2,42,2,True
layer,blocks.0.norm2.weight,identity,0.7266318369770224,3.474266721627629e-05,99.59220886230469,0.17431944744430086,0.017467596783850986,inverse,0.001,0.001,vit,inverse_dp_kfm_a,pink,0.2,42,2,True
layer,blocks.0.norm2.bias,identity,0.7162264204315456,3.474266721627629e-05,99.59220886230469,0.1373574760930537,0.013763840138419125,inverse,0.001,0.001,vit,inverse_dp_kfm_a,pink,0.2,42,2,True
layer,blocks.1.norm1.weight,identity,0.7157387600120085,3.474266721627629e-05,99.59220886230469,0.24428749621205,0.02447871161668325,inverse,0.001,0.001,vit,inverse_dp_kfm_a,pink,0.2,42,2,True
layer,blocks.1.norm1.bias,identity,0.7196196702061021,3.474266721627629e-05,99.59220886230469,0.2713200610538175,0.02718749683607298,inverse,0.001,0.001,vit,inverse_dp_kfm_a,pink,0.2,42,2,True
layer,blocks.1.norm2.weight,identity,0.7213795952389972,3.474266721627629e-05,99.59220886230469,0.2645870893428729,0.02651282262887395,inverse,0.001,0.001,vit,inverse_dp_kfm_a,pink,0.2,42,2,True
layer,blocks.1.norm2.bias,identity,0.715185956048747,3.474266721627629e-05,99.59220886230469,0.23024464712462633,0.023071554646237023,inverse,0.001,0.001,vit,inverse_dp_kfm_a,pink,0.2,42,2,True
layer,blocks.2.norm1.weight,identity,0.7212839069188606,3.474266721627629e-05,99.59220886230469,0.22977195481446044,0.023024188739576228,inverse,0.001,0.001,vit,inverse_dp_kfm_a,pink,0.2,42,2,True
layer,blocks.2.norm1.bias,identity,0.7232180945300334,3.474266721627629e-05,99.59220886230469,0.2838089849793285,0.028438943479538913,inverse,0.001,0.001,vit,inverse_dp_kfm_a,pink,0.2,42,2,True
layer,blocks.2.norm2.weight,identity,0.7199446144968231,3.474266721627629e-05,99.59220886230469,0.19149663816191947,0.019188828956931057,inverse,0.001,0.001,vit,inverse_dp_kfm_a,pink,0.2,42,2,True
layer,blocks.2.norm2.bias,identity,0.7188078892538922,3.474266721627629e-05,99.59220886230469,0.2557706452333097,0.02562937506733655,inverse,0.001,0.001,vit,inverse_dp_kfm_a,pink,0.2,42,2,True
layer,blocks.3.norm1.weight,identity,0.717583679563228,3.474266721627629e-05,99.59220886230469,0.1844059688192386,0.01847831182977496,inverse,0.001,0.001,vit,inverse_dp_kfm_a,pink,0.2,42,2,True
layer,blocks.3.norm1.bias,identity,0.7135626694587358,3.474266721627629e-05,99.59220886230469,0.25715786361005694,0.025768380620712426,inverse,0.001,0.001,vit,inverse_dp_kfm_a,pink,0.2,42,2,True
layer,blocks.3.norm2.weight,identity,0.7170663444881128,3.474266721627629e-05,99.59220886230469,0.1844620949753354,0.018483935924378827,inverse,0.001,0.001,vit,inverse_dp_kfm_a,pink,0.2,42,2,True
layer,blocks.3.norm2.bias,identity,0.7156169136988616,3.474266721627629e-05,99.59220886230469,0.21014046746663384,0.021057024947546216,inverse,0.001,0.001,vit,inverse_dp_kfm_a,pink,0.2,42,2,True
layer,blocks.4.norm1.weight,identity,0.7199075476279626,3.474266721627629e-05,99.59220886230469,0.1714812754355529,0.01718319911635686,inverse,0.001,0.001,vit,inverse_dp_kfm_a,pink,0.2,42,2,True
layer,blocks.4.norm1.bias,identity,0.7193581622105943,3.474266721627629e-05,99.59220886230469,0.26138658893799693,0.026192118017893642,inverse,0.001,0.001,vit,inverse_dp_kfm_a,pink,0.2,42,2,True
layer,blocks.4.norm2.weight,identity,0.7192126097931189,3.474266721627629e-05,99.59220886230469,0.15267278761123548,0.015298503597607458,inverse,0.001,0.001,vit,inverse_dp_kfm_a,pink,0.2,42,2,True
layer,blocks.4.norm2.bias,identity,0.7169164833604049,3.474266721627629e-05,99.59220886230469,0.1908301606400526,0.01912204489589739,inverse,0.001,0.001,vit,inverse_dp_kfm_a,pink,0.2,42,2,True
layer,blocks.5.norm1.weight,identity,0.7191136536134366,3.474266721627629e-05,99.59220886230469,0.15094715105151738,0.015125587012208947,inverse,0.001,0.001,vit,inverse_dp_kfm_a,pink,0.2,42,2,True
layer,blocks.5.norm1.bias,identity,0.7195532465872327,3.474266721627629e-05,99.59220886230469,0.20327586002866746,0.020369160245335454,inverse,0.001,0.001,vit,inverse_dp_kfm_a,pink,0.2,42,2,True
layer,blocks.5.norm2.weight,identity,0.7195198695094748,3.474266721627629e-05,99.59220886230469,0.13570490012204606,0.01359824455433798,inverse,0.001,0.001,vit,inverse_dp_kfm_a,pink,0.2,42,2,True
layer,blocks.5.norm2.bias,identity,0.720620680956005,3.474266721627629e-05,99.59220886230469,0.16749864812710488,0.016784121853410917,inverse,0.001,0.001,vit,inverse_dp_kfm_a,pink,0.2,42,2,True
layer,blocks.6.norm1.weight,identity,0.7169758538019747,3.474266721627629e-05,99.59220886230469,0.13253207763074182,0.013280313395437641,inverse,0.001,0.001,vit,inverse_dp_kfm_a,pink,0.2,42,2,True
layer,blocks.6.norm1.bias,identity,0.7141502684928493,3.474266721627629e-05,99.59220886230469,0.21223005721620763,0.02126641128810864,inverse,0.001,0.001,vit,inverse_dp_kfm_a,pink,0.2,42,2,True
layer,blocks.6.norm2.weight,identity,0.721506524723181,3.474266721627629e-05,99.59220886230469,0.11451701539246129,0.011475122707721554,inverse,0.001,0.001,vit,inverse_dp_kfm_a,pink,0.2,42,2,True
layer,blocks.6.norm2.bias,identity,0.7186826863680121,3.474266721627629e-05,99.59220886230469,0.14324001392092392,0.014353297025470248,inverse,0.001,0.001,vit,inverse_dp_kfm_a,pink,0.2,42,2,True
layer,blocks.7.norm1.weight,identity,0.7210168400435194,3.474266721627629e-05,99.59220886230469,0.1239719220573319,0.012422547103979335,inverse,0.001,0.001,vit,inverse_dp_kfm_a,pink,0.2,42,2,True
layer,blocks.7.norm1.bias,identity,0.7209307252678557,3.474266721627629e-05,99.59220886230469,0.1736912605162382,0.017404649613439672,inverse,0.001,0.001,vit,inverse_dp_kfm_a,pink,0.2,42,2,True
layer,blocks.7.norm2.weight,identity,0.7240715920773113,3.474266721627629e-05,99.59220886230469,0.08765262220200307,0.00878318904814696,inverse,0.001,0.001,vit,inverse_dp_kfm_a,pink,0.2,42,2,True
layer,blocks.7.norm2.bias,identity,0.7223389042964989,3.474266721627629e-05,99.59220886230469,0.11658371797029124,0.01168221565019554,inverse,0.001,0.001,vit,inverse_dp_kfm_a,pink,0.2,42,2,True
layer,blocks.8.norm1.weight,identity,0.7159235814948345,3.474266721627629e-05,99.59220886230469,0.16954283285543564,0.016988958405555206,inverse,0.001,0.001,vit,inverse_dp_kfm_a,pink,0.2,42,2,True
layer,blocks.8.norm1.bias,identity,0.7186624148092075,3.474266721627629e-05,99.59220886230469,0.1759275949534669,0.017628740435181343,inverse,0.001,0.001,vit,inverse_dp_kfm_a,pink,0.2,42,2,True
layer,blocks.8.norm2.weight,identity,0.7173235839005981,3.474266721627629e-05,99.59220886230469,0.0699440408059173,0.007008709126509609,inverse,0.001,0.001,vit,inverse_dp_kfm_a,pink,0.2,42,2,True
layer,blocks.8.norm2.bias,identity,0.7205906442342012,3.474266721627629e-05,99.59220886230469,0.1052255911500861,0.010544079989350355,inverse,0.001,0.001,vit,inverse_dp_kfm_a,pink,0.2,42,2,True
layer,blocks.9.norm1.weight,identity,0.7196421115932766,3.474266721627629e-05,99.59220886230469,0.1536689213172469,0.01539832069876577,inverse,0.001,0.001,vit,inverse_dp_kfm_a,pink,0.2,42,2,True
layer,blocks.9.norm1.bias,identity,0.7178677275958909,3.474266721627629e-05,99.59220886230469,0.18158354242602537,0.018195491944148028,inverse,0.001,0.001,vit,inverse_dp_kfm_a,pink,0.2,42,2,True
layer,blocks.9.norm2.weight,identity,0.7247642421242889,3.474266721627629e-05,99.59220886230469,0.31035398282766163,0.03109887228175154,inverse,0.001,0.001,vit,inverse_dp_kfm_a,pink,0.2,42,2,True
layer,blocks.9.norm2.bias,identity,0.7188324011138731,3.474266721627629e-05,99.59220886230469,0.10609432009285735,0.010631130557197279,inverse,0.001,0.001,vit,inverse_dp_kfm_a,pink,0.2,42,2,True
layer,blocks.10.norm1.weight,identity,0.722374955377241,3.474266721627629e-05,99.59220886230469,0.12008973644581655,0.01203353455319273,inverse,0.001,0.001,vit,inverse_dp_kfm_a,pink,0.2,42,2,True
layer,blocks.10.norm1.bias,identity,0.7211095277604967,3.474266721627629e-05,99.59220886230469,0.16513499231379383,0.016547272854128076,inverse,0.001,0.001,vit,inverse_dp_kfm_a,pink,0.2,42,2,True
layer,blocks.10.norm2.weight,identity,0.7185766567413228,3.474266721627629e-05,99.59220886230469,0.11306282962408003,0.011329406718924519,inverse,0.001,0.001,vit,inverse_dp_kfm_a,pink,0.2,42,2,True
layer,blocks.10.norm2.bias,identity,0.7237273146539503,3.474266721627629e-05,99.59220886230469,0.08317894743212115,0.008334906609394094,inverse,0.001,0.001,vit,inverse_dp_kfm_a,pink,0.2,42,2,True
layer,blocks.11.norm1.weight,identity,0.7204283767559857,3.474266721627629e-05,99.59220886230469,0.12125597781534166,0.012150397211342333,inverse,0.001,0.001,vit,inverse_dp_kfm_a,pink,0.2,42,2,True
layer,blocks.11.norm1.bias,identity,0.716302599278222,3.474266721627629e-05,99.59220886230469,0.1491512941695966,0.01494563403303878,inverse,0.001,0.001,vit,inverse_dp_kfm_a,pink,0.2,42,2,True
layer,blocks.11.norm2.weight,identity,0.7197767103831738,3.474266721627629e-05,99.59220886230469,0.10378633121102987,0.010399859636135789,inverse,0.001,0.001,vit,inverse_dp_kfm_a,pink,0.2,42,2,True
layer,blocks.11.norm2.bias,identity,0.7177793851107442,3.474266721627629e-05,99.59220886230469,0.07493572365461836,0.007508898316828342,inverse,0.001,0.001,vit,inverse_dp_kfm_a,pink,0.2,42,2,True
layer,norm.weight,identity,0.7256929912148831,3.474266721627629e-05,99.59220886230469,0.06254672551831393,0.006267464689234997,inverse,0.001,0.001,vit,inverse_dp_kfm_a,pink,0.2,42,2,True
layer,norm.bias,identity,0.7215944608358688,3.474266721627629e-05,99.59220886230469,0.030001883003981544,0.003006324324411775,inverse,0.001,0.001,vit,inverse_dp_kfm_a,pink,0.2,42,2,True
group,attention_out,attention_out,0.7202325487723228,0.08046401727289565,230655.55572509766,5.466052384993119,0.011381298914019115,inverse,0.001,0.001,vit,inverse_dp_kfm_a,pink,0.2,42,2,True
group,attention_qkv,attention_qkv,0.7202513569603045,0.2413920518186876,691966.667175293,5.6194884309533695,0.006755448604331456,inverse,0.001,0.001,vit,inverse_dp_kfm_a,pink,0.2,42,2,True
group,identity,identity,0.7200398570804417,0.008616181469636556,24698.867797851562,1.4782680770379837,0.009406210114203511,inverse,0.001,0.001,vit,inverse_dp_kfm_a,pink,0.2,42,2,True
group,mlp_fc1,mlp_fc1,0.7201898967718422,0.3218560690915826,922622.2229003906,6.7628067268867,0.007040686718238772,inverse,0.001,0.001,vit,inverse_dp_kfm_a,pink,0.2,42,2,True
group,mlp_fc2,mlp_fc2,0.7202194802113011,0.3206053330717978,919036.9033813477,6.633723625212806,0.00691975787606938,inverse,0.001,0.001,vit,inverse_dp_kfm_a,pink,0.2,42,2,True
group,patch_head,patch_head,0.7200338687422267,0.027066347275396748,77587.51779794693,5.905159314337524,0.02119999164929396,inverse,0.001,0.001,vit,inverse_dp_kfm_a,pink,0.2,42,2,True
layer,patch_embed,patch_head,0.7202526232346136,0.026717111089316622,76586.4086151123,2.5353400352484754,0.009161368708429695,inverse,0.001,0.001,vit,inverse_dp_kfm_a,pink,0.2,42,3,True
layer,blocks.0.attn.q_proj,attention_qkv,0.7205420575687375,0.006705334772741336,19221.296310424805,0.31167268654950137,0.002248057460634573,inverse,0.001,0.001,vit,inverse_dp_kfm_a,pink,0.2,42,3,True
layer,blocks.0.attn.k_proj,attention_qkv,0.7200461416541434,0.006705334772741336,19221.296310424805,0.4634387552429419,0.0033427277917907152,inverse,0.001,0.001,vit,inverse_dp_kfm_a,pink,0.2,42,3,True
layer,blocks.0.attn.v_proj,attention_qkv,0.7200992820766368,0.006705334772741336,19221.296310424805,1.0383732767161102,0.007489661084801126,inverse,0.001,0.001,vit,inverse_dp_kfm_a,pink,0.2,42,3,True
layer,blocks.0.attn.out_proj,attention_out,0.7205237347621238,0.006705334772741336,19221.296310424805,1.181961431396588,0.00852534510948042,inverse,0.001,0.001,vit,inverse_dp_kfm_a,pink,0.2,42,3,True
layer,blocks.0.mlp.fc1,mlp_fc1,0.7201891094312951,0.026821339090965342,76885.18524169922,1.4365522398324033,0.005180838937315129,inverse,0.001,0.001,vit,inverse_dp_kfm_a,pink,0.2,42,3,True
layer,blocks.0.mlp.fc2,mlp_fc2,0.7202451735448286,0.026717111089316622,76586.4086151123,2.364322552975139,0.00854340260174931,inverse,0.001,0.001,vit,inverse_dp_kfm_a,pink,0.2,42,3,True
layer,blocks.1.attn.q_proj,attention_qkv,0.7199256535725641,0.006705334772741336,19221.296310424805,0.1849346354396653,0.0013339111987403613,inverse,0.001,0.001,vit,inverse_dp_kfm_a,pink,0.2,42,3,True
layer,blocks.1.attn.k_proj,attention_qkv,0.7200498342319871,0.006705334772741336,19221.296310424805,0.2501073250713078,0.0018039939409211251,inverse,0.001,0.001,vit,inverse_dp_kfm_a,pink,0.2,42,3,True
layer,blocks.1.attn.v_proj,attention_qkv,0.7204102106460711,0.006705334772741336,19221.296310424805,1.0692492523294885,0.007712365769322787,inverse,0.001,0.001,vit,inverse_dp_kfm_a,pink,0.2,42,3,True
layer,blocks.1.attn.out_proj,attention_out,0.7203718827618886,0.006705334772741336,19221.296310424805,1.3775447128650906,0.009936063706442967,inverse,0.001,0.001,vit,inverse_dp_kfm_a,pink,0.2,42,3,True
layer,blocks.1.mlp.fc1,mlp_fc1,0.7202529963632132,0.026821339090965342,76885.18524169922,1.8660327610799325,0.0067297345121514335,inverse,0.001,0.001,vit,inverse_dp_kfm_a,pink,0.2,42,3,True
layer,blocks.1.mlp.fc2,mlp_fc2,0.7201307839594043,0.026717111089316622,76586.4086151123,1.5314449817677076,0.005533826602976085,inverse,0.001,0.001,vit,inverse_dp_kfm_a,pink,0.2,42,3,True
layer,blocks.2.attn.q_proj,attention_qkv,0.7202790908551343,0.006705334772741336,19221.296310424805,0.29209436284686713,0.0021068413754084603,inverse,0.001,0.001,vit,inverse_dp_kfm_a,pink,0.2,42,3,True
layer,blocks.2.attn.k_proj,attention_qkv,0.7201677001168044,0.006705334772741336,19221.296310424805,0.3849546551941676,0.0027766314533237443,inverse,0.001,0.001,vit,inverse_dp_kfm_a,pink,0.2,42,3,True
layer,blocks.2.attn.v_proj,attention_qkv,0.7203439537767905,0.006705334772741336,19221.296310424805,1.4589108962815471,0.01052294816429446,inverse,0.001,0.001,vit,inverse_dp_kfm_a,pink,0.2,42,3,True
layer,blocks.2.attn.out_proj,attention_out,0.7202927062122715,0.006705334772741336,19221.296310424805,1.6096289420065653,0.011610059232304529,inverse,0.001,0.001,vit,inverse_dp_kfm_a,pink,0.2,42,3,True
layer,blocks.2.mlp.fc1,mlp_fc1,0.719939891941101,0.026821339090965342,76885.18524169922,1.952798145226817,0.00704264863259562,inverse,0.001,0.001,vit,inverse_dp_kfm_a,pink,0.2,42,3,True
layer,blocks.2.mlp.fc2,mlp_fc2,0.7201940121018167,0.026717111089316622,76586.4086151123,1.796076714078506,0.0064900647556276995,inverse,0.001,0.001,vit,inverse_dp_kfm_a,pink,0.2,42,3,True
layer,blocks.3.attn.q_proj,attention_qkv,0.7199979992629213,0.006705334772741336,19221.296310424805,0.3076144925951892,0.0022187861975775033,inverse,0.001,0.001,vit,inverse_dp_kfm_a,pink,0.2,42,3,True
layer,blocks.3.attn.k_proj,attention_qkv,0.7204781391762404,0.006705334772741336,19221.296310424805,0.43080455450174054,0.003107341241688094,inverse,0.001,0.001,vit,inverse_dp_kfm_a,pink,0.2,42,3,True
layer,blocks.3.attn.v_proj,attention_qkv,0.7201260817094596,0.006705334772741336,19221.296310424805,1.3075161568575653,0.009430956186329298,inverse,0.001,0.001,vit,inverse_dp_kfm_a,pink,0.2,42,3,True
layer,blocks.3.attn.out_proj,attention_out,0.7199837034327481,0.006705334772741336,19221.296310424805,1.400026734001051,0.010098223810699693,inverse,0.001,0.001,vit,inverse_dp_kfm_a,pink,0.2,42,3,True
layer,blocks.3.mlp.fc1,mlp_fc1,0.7203372681960406,0.026821339090965342,76885.18524169922,1.7996049228037636,0.006490166523240018,inverse,0.001,0.001,vit,inverse_dp_kfm_a,pink,0.2,42,3,True
layer,blocks.3.mlp.fc2,mlp_fc2,0.7201255497936616,0.026717111089316622,76586.4086151123,1.747830895825471,0.006315730061460092,inverse,0.001,0.001,vit,inverse_dp_kfm_a,pink,0.2,42,3,True
layer,blocks.4.attn.q_proj,attention_qkv,0.7203501548853779,0.006705334772741336,19221.296310424805,0.39510118327537136,0.002849817135409059,inverse,0.001,0.001,vit,inverse_dp_kfm_a,pink,0.2,42,3,True
layer,blocks.4.attn.k_proj,attention_qkv,0.7202002476892755,0.006705334772741336,19221.296310424805,0.5658548814216818,0.004081442945480773,inverse,0.001,0.001,vit,inverse_dp_kfm_a,pink,0.2,42,3,True
layer,blocks.4.attn.v_proj,attention_qkv,0.7200143314033541,0.006705334772741336,19221.296310424805,1.2244645374923344,0.008831914882457657,inverse,0.001,0.001,vit,inverse_dp_kfm_a,pink,0.2,42,3,True
layer,blocks.4.attn.out_proj,attention_out,0.7200946074389566,0.006705334772741336,19221.296310424805,1.2865733415638043,0.009279898187987976,inverse,0.001,0.001,vit,inverse_dp_kfm_a,pink,0.2,42,3,True
layer,blocks.4.mlp.fc1,mlp_fc1,0.7201373829098773,0.026821339090965342,76885.18524169922,1.6509714826201503,0.0059541289932855184,inverse,0.001,0.001,vit,inverse_dp_kfm_a,pink,0.2,42,3,True
layer,blocks.4.mlp.fc2,mlp_fc2,0.7201687321592655,0.026717111089316622,76586.4086151123,1.659805768242086,0.005997654127586819,inverse,0.001,0.001,vit,inverse_dp_kfm_a,pink,0.2,42,3,True
layer,blocks.5.attn.q_proj,attention_qkv,0.7204834067891908,0.006705334772741336,19221.296310424805,0.2899972968881441,0.0020917154918216074,inverse,0.001,0.001,vit,inverse_dp_kfm_a,pink,0.2,42,3,True
layer,blocks.5.attn.k_proj,attention_qkv,0.7203760781579351,0.006705334772741336,19221.296310424805,0.42913961310345516,0.00309533222038638,inverse,0.001,0.001,vit,inverse_dp_kfm_a,pink,0.2,42,3,True
layer,blocks.5.attn.v_proj,attention_qkv,0.7206208497658941,0.006705334772741336,19221.296310424805,1.1687909678587047,0.00843034814601808,inverse,0.001,0.001,vit,inverse_dp_kfm_a,pink,0.2,42,3,True
layer,blocks.5.attn.out_proj,attention_out,0.7202034704173075,0.006705334772741336,19221.296310424805,1.178395470923775,0.008499624267099324,inverse,0.001,0.001,vit,inverse_dp_kfm_a,pink,0.2,42,3,True
layer,blocks.5.mlp.fc1,mlp_fc1,0.7202111367513732,0.026821339090965342,76885.18524169922,1.5061015909385478,0.005431664473821726,inverse,0.001,0.001,vit,inverse_dp_kfm_a,pink,0.2,42,3,True
layer,blocks.5.mlp.fc2,mlp_fc2,0.720034256919658,0.026717111089316622,76586.4086151123,1.3658884192669951,0.004935593352176425,inverse,0.001,0.001,vit,inverse_dp_kfm_a,pink,0.2,42,3,True
layer,blocks.6.attn.q_proj,attention_qkv,0.7200177390009902,0.006705334772741336,19221.296310424805,0.2659332034236426,0.0019181440908586664,inverse,0.001,0.001,vit,inverse_dp_kfm_a,pink,0.2,42,3,True
layer,blocks.6.attn.k_proj,attention_qkv,0.7206230092216206,0.006705334772741336,19221.296310424805,0.4033217778351603,0.0029091112915174437,inverse,0.001,0.001,vit,inverse_dp_kfm_a,pink,0.2,42,3,True
layer,blocks.6.attn.v_proj,attention_qkv,0.7202565454803693,0.006705334772741336,19221.296310424805,1.1578871803748956,0.008351700443283771,inverse,0.001,0.001,vit,inverse_dp_kfm_a,pink,0.2,42,3,True
layer,blocks.6.attn.out_proj,attention_out,0.7204973357428207,0.006705334772741336,19221.296310424805,1.3039521104464469,0.009405249149844117,inverse,0.001,0.001,vit,inverse_dp_kfm_a,pink,0.2,42,3,True
layer,blocks.6.mlp.fc1,mlp_fc1,0.7203057112133361,0.026821339090965342,76885.18524169922,1.4932717665669164,0.005385394486681383,inverse,0.001,0.001,vit,inverse_dp_kfm_a,pink,0.2,42,3,True
layer,blocks.6.mlp.fc2,mlp_fc2,0.7201655763789284,0.026717111089316622,76586.4086151123,1.3468700484965952,0.004866871088322702,inverse,0.001,0.001,vit,inverse_dp_kfm_a,pink,0.2,42,3,True
layer,blocks.7.attn.q_proj,attention_qkv,0.7200967326065378,0.006705334772741336,19221.296310424805,0.23786490760087833,0.001715690861702693,inverse,0.001,0.001,vit,inverse_dp_kfm_a,pink,0.2,42,3,True
layer,blocks.7.attn.k_proj,attention_qkv,0.7200236458713831,0.006705334772741336,19221.296310424805,0.3373279391252478,0.0024331057001703484,inverse,0.001,0.001,vit,inverse_dp_kfm_a,pink,0.2,42,3,True
layer,blocks.7.attn.v_proj,attention_qkv,0.72032404266304,0.006705334772741336,19221.296310424805,1.1376821328870461,0.00820596387505766,inverse,0.001,0.001,vit,inverse_dp_kfm_a,pink,0.2,42,3,True
layer,blocks.7.attn.out_proj,attention_out,0.7205029294553679,0.006705334772741336,19221.296310424805,1.108565599435984,0.00799594983443984,inverse,0.001,0.001,vit,inverse_dp_kfm_a,pink,0.2,42,3,True
layer,blocks.7.mlp.fc1,mlp_fc1,0.7202415523120834,0.026821339090965342,76885.18524169922,1.364872856782843,0.00492233156918126,inverse,0.001,0.001,vit,inverse_dp_kfm_a,pink,0.2,42,3,True
layer,blocks.7.mlp.fc2,mlp_fc2,0.7201712024131691,0.026717111089316622,76586.4086151123,1.2945980565532367,0.004677987946551057,inverse,0.001,0.001,vit,inverse_dp_kfm_a,pink,0.2,42,3,True
layer,blocks.8.attn.q_proj,attention_qkv,0.7200178431560488,0.006705334772741336,19221.296310424805,0.24126530574217905,0.0017402175229745173,inverse,0.001,0.001,vit,inverse_dp_kfm_a,pink,0.2,42,3,True
layer,blocks.8.attn.k_proj,attention_qkv,0.7200263628703583,0.006705334772741336,19221.296310424805,0.34927743832571795,0.0025192959952708375,inverse,0.001,0.001,vit,inverse_dp_kfm_a,pink,0.2,42,3,True
layer,blocks.8.attn.v_proj,attention_qkv,0.7204167720782836,0.006705334772741336,19221.296310424805,1.0751641697131382,0.007755029354318196,inverse,0.001,0.001,vit,inverse_dp_kfm_a,pink,0.2,42,3,True
layer,blocks.8.attn.out_proj,attention_out,0.7201807051728185,0.006705334772741336,19221.296310424805,1.0655880432440659,0.00768595791019806,inverse,0.001,0.001,vit,inverse_dp_kfm_a,pink,0.2,42,3,True
layer,blocks.8.mlp.fc1,mlp_fc1,0.72026397511255,0.026821339090965342,76885.18524169922,1.2839340127399743,0.004630430513910556,inverse,0.001,0.001,vit,inverse_dp_kfm_a,pink,0.2,42,3,True
layer,blocks.8.mlp.fc2,mlp_fc2,0.7202224281412208,0.026717111089316622,76586.4086151123,1.1350111801191092,0.004101325962078282,inverse,0.001,0.001,vit,inverse_dp_kfm_a,pink,0.2,42,3,True
layer,blocks.9.attn.q_proj,attention_qkv,0.7203745789797833,0.006705334772741336,19221.296310424805,0.24802907918984926,0.0017890038042794785,inverse,0.001,0.001,vit,inverse_dp_kfm_a,pink,0.2,42,3,True
layer,blocks.9.attn.k_proj,attention_qkv,0.7201839288457308,0.006705334772741336,19221.296310424805,0.37637297360933153,0.002714732820096807,inverse,0.001,0.001,vit,inverse_dp_kfm_a,pink,0.2,42,3,True
layer,blocks.9.attn.v_proj,attention_qkv,0.7199601732409869,0.006705334772741336,19221.296310424805,0.9669163195176192,0.0069742506793442445,inverse,0.001,0.001,vit,inverse_dp_kfm_a,pink,0.2,42,3,True
layer,blocks.9.attn.out_proj,attention_out,0.7203085056641735,0.006705334772741336,19221.296310424805,0.9348401182190776,0.006742888911855676,inverse,0.001,0.001,vit,inverse_dp_kfm_a,pink,0.2,42,3,True
layer,blocks.9.mlp.fc1,mlp_fc1,0.7201843144144758,0.026821339090965342,76885.18524169922,1.1441703519096695,0.004126381307780871,inverse,0.001,0.001,vit,inverse_dp_kfm_a,pink,0.2,42,3,True
layer,blocks.9.mlp.fc2,mlp_fc2,0.7201869152345189,0.026717111089316622,76586.4086151123,0.9338944310943784,0.0033745971345284526,inverse,0.001,0.001,vit,inverse_dp_kfm_a,pink,0.2,42,3,True
layer,blocks.10.attn.q_proj,attention_qkv,0.720192670809317,0.006705334772741336,19221.296310424805,0.21006086231701118,0.0015151436397814945,inverse,0.001,0.001,vit,inverse_dp_kfm_a,pink,0.2,42,3,True
layer,blocks.10.attn.k_proj,attention_qkv,0.719990131168608,0.006705334772741336,19221.296310424805,0.33934285413473003,0.002447639038878206,inverse,0.001,0.001,vit,inverse_dp_kfm_a,pink,0.2,42,3,True
layer,blocks.10.attn.v_proj,attention_qkv,0.7200182278343952,0.006705334772741336,19221.296310424805,0.8809838667802735,0.006354430272155191,inverse,0.001,0.001,vit,inverse_dp_kfm_a,pink,0.2,42,3,True
layer,blocks.10.attn.out_proj,attention_out,0.7201496858736602,0.006705334772741336,19221.296310424805,0.8587792691750735,0.006194271190333212,inverse,0.001,0.001,vit,inverse_dp_kfm_a,pink,0.2,42,3,True
layer,blocks.10.mlp.fc1,mlp_fc1,0.72009223237681,0.026821339090965342,76885.18524169922,0.9908021123057075,0.0035732680095269956,inverse,0.001,0.001,vit,inverse_dp_kfm_a,pink,0.2,42,3,True
layer,blocks.10.mlp.fc2,mlp_fc2,0.7203212663321311,0.026717111089316622,76586.4086151123,0.7918111559851841,0.0028611838438141724,inverse,0.001,0.001,vit,inverse_dp_kfm_a,pink,0.2,42,3,True
layer,blocks.11.attn.q_proj,attention_qkv,0.7201364312675872,0.006705334772741336,19221.296310424805,0.3004347599480282,0.0021669996527843055,inverse,0.001,0.001,vit,inverse_dp_kfm_a,pink,0.2,42,3,True
layer,blocks.11.attn.k_proj,attention_qkv,0.7199498977584547,0.006705334772741336,19221.296310424805,0.4003536009631546,0.002887702190080076,inverse,0.001,0.001,vit,inverse_dp_kfm_a,pink,0.2,42,3,True
layer,blocks.11.attn.v_proj,attention_qkv,0.7202285873506814,0.006705334772741336,19221.296310424805,0.8826366250835594,0.0063663514182635,inverse,0.001,0.001,vit,inverse_dp_kfm_a,pink,0.2,42,3,True
layer,blocks.11.attn.out_proj,attention_out,0.7201538407545557,0.006705334772741336,19221.296310424805,0.7902954543999883,0.005700305702236467,inverse,0.001,0.001,vit,inverse_dp_kfm_a,pink,0.2,42,3,True
layer,blocks.11.mlp.fc1,mlp_fc1,0.7201957905342063,0.026821339090965342,76885.18524169922,0.7929693962634868,0.0028597962610398577,inverse,0.001,0.001,vit,inverse_dp_kfm_a,pink,0.2,42,3,True
layer,blocks.11.mlp.fc2,mlp_fc2,0.7202607256018964,0.026717111089316622,76586.4086151123,0.7797924776807448,0.002817754740891426,inverse,0.001,0.001,vit,inverse_dp_kfm_a,pink,0.2,42,3,True
layer,head,patch_head,0.7195767271690701,0.0003492361860802786,1001.1091828346252,2.9418337348303742,0.09297740081802171,inverse,0.001,0.001,vit,inverse_dp_kfm_a,pink,0.2,42,3,True
layer,cls_token,identity,0.7170487583105086,3.474266721627629e-05,99.59220886230469,0.0827597962019897,0.00829290576102787,inverse,0.001,0.001,vit,inverse_dp_kfm_a,pink,0.2,42,3,True
layer,pos_embed,identity,0.7202348663195954,0.006844305441606457,19619.665145874023,0.3555222850364978,0.0025381719082390106,inverse,0.001,0.001,vit,inverse_dp_kfm_a,pink,0.2,42,3,True
layer,blocks.0.norm1.weight,identity,0.7188956605967206,3.474266721627629e-05,99.59220886230469,0.4174782695347801,0.041833210150482365,inverse,0.001,0.001,vit,inverse_dp_kfm_a,pink,0.2,42,3,True
layer,blocks.0.norm1.bias,identity,0.7204967458064494,3.474266721627629e-05,99.59220886230469,0.26009060926674765,0.026062254995325922,inverse,0.001,0.001,vit,inverse_dp_kfm_a,pink,0.2,42,3,True
layer,blocks.0.norm2.weight,identity,0.7176196475046446,3.474266721627629e-05,99.59220886230469,0.1389617337702112,0.013924594010995169,inverse,0.001,0.001,vit,inverse_dp_kfm_a,pink,0.2,42,3,True
layer,blocks.0.norm2.bias,identity,0.7205544499361359,3.474266721627629e-05,99.59220886230469,0.11254660261026753,0.011277678438125051,inverse,0.001,0.001,vit,inverse_dp_kfm_a,pink,0.2,42,3,True
layer,blocks.1.norm1.weight,identity,0.7193914572754311,3.474266721627629e-05,99.59220886230469,0.1746353090417289,0.017499247544017257,inverse,0.001,0.001,vit,inverse_dp_kfm_a,pink,0.2,42,3,True
layer,blocks.1.norm1.bias,identity,0.7189759074838535,3.474266721627629e-05,99.59220886230469,0.21191671070764145,0.021235012551217774,inverse,0.001,0.001,vit,inverse_dp_kfm_a,pink,0.2,42,3,True
layer,blocks.1.norm2.weight,identity,0.7224622605439603,3.474266721627629e-05,99.59220886230469,0.21651019083584738,0.021695300028550288,inverse,0.001,0.001,vit,inverse_dp_kfm_a,pink,0.2,42,3,True
layer,blocks.1.norm2.bias,identity,0.7141215683943706,3.474266721627629e-05,99.59220886230469,0.18645869218563194,0.018684003992058825,inverse,0.001,0.001,vit,inverse_dp_kfm_a,pink,0.2,42,3,True
layer,blocks.2.norm1.weight,identity,0.7185305291031603,3.474266721627629e-05,99.59220886230469,0.17748968680837562,0.017785269101723872,inverse,0.001,0.001,vit,inverse_dp_kfm_a,pink,0.2,42,3,True
layer,blocks.2.norm1.bias,identity,0.7203444953986233,3.474266721627629e-05,99.59220886230469,0.22787346396701275,0.022833951373021667,inverse,0.001,0.001,vit,inverse_dp_kfm_a,pink,0.2,42,3,True
layer,blocks.2.norm2.weight,identity,0.7226812528621283,3.474266721627629e-05,99.59220886230469,0.1603838049041792,0.016071182394157,inverse,0.001,0.001,vit,inverse_dp_kfm_a,pink,0.2,42,3,True
layer,blocks.2.norm2.bias,identity,0.7182613102007984,3.474266721627629e-05,99.59220886230469,0.211650088122112,0.021208295762667948,inverse,0.001,0.001,vit,inverse_dp_kfm_a,pink,0.2,42,3,True
layer,blocks.3.norm1.weight,identity,0.7188469885769783,3.474266721627629e-05,99.59220886230469,0.14483445512943477,0.014513067243504698,inverse,0.001,0.001,vit,inverse_dp_kfm_a,pink,0.2,42,3,True
layer,blocks.3.norm1.bias,identity,0.7147986804414109,3.474266721627629e-05,99.59220886230469,0.20550670767517779,0.020592701265839772,inverse,0.001,0.001,vit,inverse_dp_kfm_a,pink,0.2,42,3,True
layer,blocks.3.norm2.weight,identity,0.7192107265710592,3.474266721627629e-05,99.59220886230469,0.1514130800640002,0.015172275205862982,inverse,0.001,0.001,vit,inverse_dp_kfm_a,pink,0.2,42,3,True
layer,blocks.3.norm2.bias,identity,0.7243844031311027,3.474266721627629e-05,99.59220886230469,0.16599556741655785,0.016633506370340327,inverse,0.001,0.001,vit,inverse_dp_kfm_a,pink,0.2,42,3,True
layer,blocks.4.norm1.weight,identity,0.7125426018991577,3.474266721627629e-05,99.59220886230469,0.13523244639185708,0.013550902554469604,inverse,0.001,0.001,vit,inverse_dp_kfm_a,pink,0.2,42,3,True
layer,blocks.4.norm1.bias,identity,0.7208822967393165,3.474266721627629e-05,99.59220886230469,0.2079251263506266,0.020835037751507954,inverse,0.001,0.001,vit,inverse_dp_kfm_a,pink,0.2,42,3,True
layer,blocks.4.norm2.weight,identity,0.7131738286075306,3.474266721627629e-05,99.59220886230469,0.1199333275835762,0.012017861678025384,inverse,0.001,0.001,vit,inverse_dp_kfm_a,pink,0.2,42,3,True
layer,blocks.4.norm2.bias,identity,0.7170029075858136,3.474266721627629e-05,99.59220886230469,0.15124933884467837,0.015155867595364305,inverse,0.001,0.001,vit,inverse_dp_kfm_a,pink,0.2,42,3,True
layer,blocks.5.norm1.weight,identity,0.7218551736756922,3.474266721627629e-05,99.59220886230469,0.111239520475157,0.011146702898480904,inverse,0.001,0.001,vit,inverse_dp_kfm_a,pink,0.2,42,3,True
layer,blocks.5.norm1.bias,identity,0.7208390151719061,3.474266721627629e-05,99.59220886230469,0.15817728333279485,0.015850078956365726,inverse,0.001,0.001,vit,inverse_dp_kfm_a,pink,0.2,42,3,True
layer,blocks.5.norm2.weight,identity,0.7171832963174583,3.474266721627629e-05,99.59220886230469,0.10691516453855233,0.010713382881937157,inverse,0.001,0.001,vit,inverse_dp_kfm_a,pink,0.2,42,3,True
layer,blocks.5.norm2.bias,identity,0.7180369801658056,3.474266721627629e-05,99.59220886230469,0.12717633501522516,0.012743643770461758,inverse,0.001,0.001,vit,inverse_dp_kfm_a,pink,0.2,42,3,True
layer,blocks.6.norm1.weight,identity,0.7147536759819375,3.474266721627629e-05,99.59220886230469,0.10826507278839281,0.010848649791906804,inverse,0.001,0.001,vit,inverse_dp_kfm_a,pink,0.2,42,3,True
layer,blocks.6.norm1.bias,identity,0.719019824748425,3.474266721627629e-05,99.59220886230469,0.16065251741580538,0.016098108602750915,inverse,0.001,0.001,vit,inverse_dp_kfm_a,pink,0.2,42,3,True
layer,blocks.6.norm2.weight,identity,0.7171472179685923,3.474266721627629e-05,99.59220886230469,0.09153694055957454,0.009172415309731168,inverse,0.001,0.001,vit,inverse_dp_kfm_a,pink,0.2,42,3,True
layer,blocks.6.norm2.bias,identity,0.7180579141275972,3.474266721627629e-05,99.59220886230469,0.10686073702315144,0.010707928998811036,inverse,0.001,0.001,vit,inverse_dp_kfm_a,pink,0.2,42,3,True
layer,blocks.7.norm1.weight,identity,0.7175317884381802,3.474266721627629e-05,99.59220886230469,0.09155102190835332,0.00917382632454476,inverse,0.001,0.001,vit,inverse_dp_kfm_a,pink,0.2,42,3,True
layer,blocks.7.norm1.bias,identity,0.7160031215107986,3.474266721627629e-05,99.59220886230469,0.1290397104963444,0.012930362418543223,inverse,0.001,0.001,vit,inverse_dp_kfm_a,pink,0.2,42,3,True
layer,blocks.7.norm2.weight,identity,0.7184665881340571,3.474266721627629e-05,99.59220886230469,0.0604392014602271,0.006056281249873249,inverse,0.001,0.001,vit,inverse_dp_kfm_a,pink,0.2,42,3,True
layer,blocks.7.norm2.bias,identity,0.7187222937380855,3.474266721627629e-05,99.59220886230469,0.0811410283496641,0.0081306979032952,inverse,0.001,0.001,vit,inverse_dp_kfm_a,pink,0.2,42,3,True
layer,blocks.8.norm1.weight,identity,0.711912583429075,3.474266721627629e-05,99.59220886230469,0.11061612086112242,0.011084235438580064,inverse,0.001,0.001,vit,inverse_dp_kfm_a,pink,0.2,42,3,True
layer,blocks.8.norm1.bias,identity,0.7201644329306602,3.474266721627629e-05,99.59220886230469,0.12189933817443646,0.01221486482814665,inverse,0.001,0.001,vit,inverse_dp_kfm_a,pink,0.2,42,3,True
layer,blocks.8.norm2.weight,identity,0.7256273316981081,3.474266721627629e-05,99.59220886230469,0.04534897965551704,0.004544172797672159,inverse,0.001,0.001,vit,inverse_dp_kfm_a,pink,0.2,42,3,True
layer,blocks.8.norm2.bias,identity,0.7215629775107629,3.474266721627629e-05,99.59220886230469,0.06838305178557534,0.006852290968976929,inverse,0.001,0.001,vit,inverse_dp_kfm_a,pink,0.2,42,3,True
layer,blocks.9.norm1.weight,identity,0.7179730969686418,3.474266721627629e-05,99.59220886230469,0.09846089265983,0.009866226615418144,inverse,0.001,0.001,vit,inverse_dp_kfm_a,pink,0.2,42,3,True
layer,blocks.9.norm1.bias,identity,0.7209356227659446,3.474266721627629e-05,99.59220886230469,0.12450598258240105,0.012476062383237311,inverse,0.001,0.001,vit,inverse_dp_kfm_a,pink,0.2,42,3,True
layer,blocks.9.norm2.weight,identity,0.7217737562666496,3.474266721627629e-05,99.59220886230469,0.14816315501594846,0.014846618022172995,inverse,0.001,0.001,vit,inverse_dp_kfm_a,pink,0.2,42,3,True
layer,blocks.9.norm2.bias,identity,0.7151028477383192,3.474266721627629e-05,99.59220886230469,0.06404948695668833,0.00641804817979035,inverse,0.001,0.001,vit,inverse_dp_kfm_a,pink,0.2,42,3,True
layer,blocks.10.norm1.weight,identity,0.7122572511784651,3.474266721627629e-05,99.59220886230469,0.07727305140090499,0.00774310912475835,inverse,0.001,0.001,vit,inverse_dp_kfm_a,pink,0.2,42,3,True
layer,blocks.10.norm1.bias,identity,0.7193202360401401,3.474266721627629e-05,99.59220886230469,0.11202048062767467,0.011224958636715703,inverse,0.001,0.001,vit,inverse_dp_kfm_a,pink,0.2,42,3,True
layer,blocks.10.norm2.weight,identity,0.7215850753882994,3.474266721627629e-05,99.59220886230469,0.10025145167295323,0.010045648724181526,inverse,0.001,0.001,vit,inverse_dp_kfm_a,pink,0.2,42,3,True
layer,blocks.10.norm2.bias,identity,0.7204858128638836,3.474266721627629e-05,99.59220886230469,0.05333713960434614,0.005344622541385565,inverse,0.001,0.001,vit,inverse_dp_kfm_a,pink,0.2,42,3,True
layer,blocks.11.norm1.weight,identity,0.7220381026502785,3.474266721627629e-05,99.59220886230469,0.08158643686617294,0.008175329850473409,inverse,0.001,0.001,vit,inverse_dp_kfm_a,pink,0.2,42,3,True
layer,blocks.11.norm1.bias,identity,0.7188285487712726,3.474266721627629e-05,99.59220886230469,0.098673913632773,0.009887572280038039,inverse,0.001,0.001,vit,inverse_dp_kfm_a,pink,0.2,42,3,True
layer,blocks.11.norm2.weight,identity,0.7208963646960967,3.474266721627629e-05,99.59220886230469,0.04785525347088211,0.00479531276557912,inverse,0.001,0.001,vit,inverse_dp_kfm_a,pink,0.2,42,3,True
layer,blocks.11.norm2.bias,identity,0.7210786989000476,3.474266721627629e-05,99.59220886230469,0.03951620780853431,0.003959702686912733,inverse,0.001,0.001,vit,inverse_dp_kfm_a,pink,0.2,42,3,True
layer,norm.weight,identity,0.72103111439115,3.474266721627629e-05,99.59220886230469,0.037732129554389905,0.003780929979500446,inverse,0.001,0.001,vit,inverse_dp_kfm_a,pink,0.2,42,3,True
layer,norm.bias,identity,0.7169129941168543,3.474266721627629e-05,99.59220886230469,0.019660220902571347,0.0019700430241283606,inverse,0.001,0.001,vit,inverse_dp_kfm_a,pink,0.2,42,3,True
group,attention_out,attention_out,0.7202766465555166,0.08046401727289565,230655.55572509766,4.150859430708917,0.008642831901991156,inverse,0.001,0.001,vit,inverse_dp_kfm_a,pink,0.2,42,3,True
group,attention_qkv,attention_qkv,0.7202094075301573,0.2413920518186876,691966.667175293,4.257838250262035,0.005118545543534805,inverse,0.001,0.001,vit,inverse_dp_kfm_a,pink,0.2,42,3,True
group,identity,identity,0.7201250387717587,0.008616181469636556,24698.867797851562,1.1309895807855916,0.00719647931189876,inverse,0.001,0.001,vit,inverse_dp_kfm_a,pink,0.2,42,3,True
group,mlp_fc1,mlp_fc1,0.7201971809106855,0.3218560690915826,922622.2229003906,5.128486721915186,0.005339213407370979,inverse,0.001,0.001,vit,inverse_dp_kfm_a,pink,0.2,42,3,True
group,mlp_fc2,mlp_fc2,0.7201868025462539,0.3206053330717978,919036.9033813477,5.077863356800739,0.005296811706667808,inverse,0.001,0.001,vit,inverse_dp_kfm_a,pink,0.2,42,3,True
group,patch_head,patch_head,0.7202452096919757,0.027066347275396748,77587.51779794693,3.890780918573598,0.013968212979914517,inverse,0.001,0.001,vit,inverse_dp_kfm_a,pink,0.2,42,3,True
layer,patch_embed,patch_head,0.7202972837681353,0.026717111089316622,76586.4086151123,2.2929517689603838,0.008285506596369984,inverse,0.001,0.001,vit,inverse_dp_kfm_a,pink,0.2,42,4,True
layer,blocks.0.attn.q_proj,attention_qkv,0.7203237928650179,0.006705334772741336,19221.296310424805,0.2866546588245036,0.002067605447016717,inverse,0.001,0.001,vit,inverse_dp_kfm_a,pink,0.2,42,4,True
layer,blocks.0.attn.k_proj,attention_qkv,0.7203564847280818,0.006705334772741336,19221.296310424805,0.43157670434619777,0.003112910665296486,inverse,0.001,0.001,vit,inverse_dp_kfm_a,pink,0.2,42,4,True
layer,blocks.0.attn.v_proj,attention_qkv,0.7202117674933051,0.006705334772741336,19221.296310424805,0.940243606143037,0.006781863617901906,inverse,0.001,0.001,vit,inverse_dp_kfm_a,pink,0.2,42,4,True
layer,blocks.0.attn.out_proj,attention_out,0.7203543479947189,0.006705334772741336,19221.296310424805,1.0697880545069367,0.007716252084380512,inverse,0.001,0.001,vit,inverse_dp_kfm_a,pink,0.2,42,4,True
layer,blocks.0.mlp.fc1,mlp_fc1,0.7203803522568768,0.026821339090965342,76885.18524169922,1.3003898471504913,0.004689777487376669,inverse,0.001,0.001,vit,inverse_dp_kfm_a,pink,0.2,42,4,True
layer,blocks.0.mlp.fc2,mlp_fc2,0.7202577020860462,0.026717111089316622,76586.4086151123,2.1573931773513926,0.007795670037147382,inverse,0.001,0.001,vit,inverse_dp_kfm_a,pink,0.2,42,4,True
layer,blocks.1.attn.q_proj,attention_qkv,0.7200563119959258,0.006705334772741336,19221.296310424805,0.16474611193764518,0.0011882938160291418,inverse,0.001,0.001,vit,inverse_dp_kfm_a,pink,0.2,42,4,True
layer,blocks.1.attn.k_proj,attention_qkv,0.7199731005965699,0.006705334772741336,19221.296310424805,0.22175185939412345,0.0015994693902745038,inverse,0.001,0.001,vit,inverse_dp_kfm_a,pink,0.2,42,4,True
layer,blocks.1.attn.v_proj,attention_qkv,0.7204341890055762,0.006705334772741336,19221.296310424805,0.9653733682923655,0.006963121558433052,inverse,0.001,0.001,vit,inverse_dp_kfm_a,pink,0.2,42,4,True
layer,blocks.1.attn.out_proj,attention_out,0.7201127171984312,0.006705334772741336,19221.296310424805,1.257400762755776,0.00906947989897655,inverse,0.001,0.001,vit,inverse_dp_kfm_a,pink,0.2,42,4,True
layer,blocks.1.mlp.fc1,mlp_fc1,0.7201776978501637,0.026821339090965342,76885.18524169922,1.6867514940849235,0.006083167444818548,inverse,0.001,0.001,vit,inverse_dp_kfm_a,pink,0.2,42,4,True
layer,blocks.1.mlp.fc2,mlp_fc2,0.7200469722644567,0.026717111089316622,76586.4086151123,1.375224699671442,0.004969329697582276,inverse,0.001,0.001,vit,inverse_dp_kfm_a,pink,0.2,42,4,True
layer,blocks.2.attn.q_proj,attention_qkv,0.7202400532389084,0.006705334772741336,19221.296310424805,0.26182548915711357,0.0018885156437680357,inverse,0.001,0.001,vit,inverse_dp_kfm_a,pink,0.2,42,4,True
layer,blocks.2.attn.k_proj,attention_qkv,0.7204975963974185,0.006705334772741336,19221.296310424805,0.3466866663121827,0.002500609069514494,inverse,0.001,0.001,vit,inverse_dp_kfm_a,pink,0.2,42,4,True
layer,blocks.2.attn.v_proj,attention_qkv,0.7197895351195667,0.006705334772741336,19221.296310424805,1.3109526149166506,0.009455742943434688,inverse,0.001,0.001,vit,inverse_dp_kfm_a,pink,0.2,42,4,True
layer,blocks.2.attn.out_proj,attention_out,0.7202758668356738,0.006705334772741336,19221.296310424805,1.4411492336533798,0.010394835436077646,inverse,0.001,0.001,vit,inverse_dp_kfm_a,pink,0.2,42,4,True
layer,blocks.2.mlp.fc1,mlp_fc1,0.7202598580924985,0.026821339090965342,76885.18524169922,1.754276513637317,0.006326692351772725,inverse,0.001,0.001,vit,inverse_dp_kfm_a,pink,0.2,42,4,True
layer,blocks.2.mlp.fc2,mlp_fc2,0.7201936631704585,0.026717111089316622,76586.4086151123,1.6156607003754122,0.005838137361487397,inverse,0.001,0.001,vit,inverse_dp_kfm_a,pink,0.2,42,4,True
layer,blocks.3.attn.q_proj,attention_qkv,0.720374574268576,0.006705334772741336,19221.296310424805,0.2747101893358022,0.0019814514306199927,inverse,0.001,0.001,vit,inverse_dp_kfm_a,pink,0.2,42,4,True
layer,blocks.3.attn.k_proj,attention_qkv,0.7203954484031035,0.006705334772741336,19221.296310424805,0.38696227273125827,0.0027911121562442438,inverse,0.001,0.001,vit,inverse_dp_kfm_a,pink,0.2,42,4,True
layer,blocks.3.attn.v_proj,attention_qkv,0.7200615893516433,0.006705334772741336,19221.296310424805,1.1629820209088184,0.008388448912967873,inverse,0.001,0.001,vit,inverse_dp_kfm_a,pink,0.2,42,4,True
layer,blocks.3.attn.out_proj,attention_out,0.7202372472542344,0.006705334772741336,19221.296310424805,1.2517026311180977,0.009028379963394862,inverse,0.001,0.001,vit,inverse_dp_kfm_a,pink,0.2,42,4,True
layer,blocks.3.mlp.fc1,mlp_fc1,0.720118094822929,0.026821339090965342,76885.18524169922,1.599398701086475,0.005768134869809381,inverse,0.001,0.001,vit,inverse_dp_kfm_a,pink,0.2,42,4,True
layer,blocks.3.mlp.fc2,mlp_fc2,0.7202045614731248,0.026717111089316622,76586.4086151123,1.564057340973829,0.00565167030164578,inverse,0.001,0.001,vit,inverse_dp_kfm_a,pink,0.2,42,4,True
layer,blocks.4.attn.q_proj,attention_qkv,0.7202961382455265,0.006705334772741336,19221.296310424805,0.34915595825732487,0.0025184197742034965,inverse,0.001,0.001,vit,inverse_dp_kfm_a,pink,0.2,42,4,True
layer,blocks.4.attn.k_proj,attention_qkv,0.7202858851103637,0.006705334772741336,19221.296310424805,0.5120662778071738,0.0036934722413699897,inverse,0.001,0.001,vit,inverse_dp_kfm_a,pink,0.2,42,4,True
layer,blocks.4.attn.v_proj,attention_qkv,0.7201122405862067,0.006705334772741336,19221.296310424805,1.1126601036797157,0.00802548299923082,inverse,0.001,0.001,vit,inverse_dp_kfm_a,pink,0.2,42,4,True
layer,blocks.4.attn.out_proj,attention_out,0.7204128794786574,0.006705334772741336,19221.296310424805,1.1688993220477806,0.008431129691702564,inverse,0.001,0.001,vit,inverse_dp_kfm_a,pink,0.2,42,4,True
layer,blocks.4.mlp.fc1,mlp_fc1,0.7203344109754803,0.026821339090965342,76885.18524169922,1.4713010983380286,0.005306158597945221,inverse,0.001,0.001,vit,inverse_dp_kfm_a,pink,0.2,42,4,True
layer,blocks.4.mlp.fc2,mlp_fc2,0.7201983410499909,0.026717111089316622,76586.4086151123,1.4928032890503418,0.005394196103879375,inverse,0.001,0.001,vit,inverse_dp_kfm_a,pink,0.2,42,4,True
layer,blocks.5.attn.q_proj,attention_qkv,0.7202291973466056,0.006705334772741336,19221.296310424805,0.25908539611121173,0.00186875168343238,inverse,0.001,0.001,vit,inverse_dp_kfm_a,pink,0.2,42,4,True
layer,blocks.5.attn.k_proj,attention_qkv,0.7201794655842421,0.006705334772741336,19221.296310424805,0.38536611981790625,0.0027795992979796976,inverse,0.001,0.001,vit,inverse_dp_kfm_a,pink,0.2,42,4,True
layer,blocks.5.attn.v_proj,attention_qkv,0.7202471308698419,0.006705334772741336,19221.296310424805,1.0548513799722807,0.007608515654228574,inverse,0.001,0.001,vit,inverse_dp_kfm_a,pink,0.2,42,4,True
layer,blocks.5.attn.out_proj,attention_out,0.7199723096074161,0.006705334772741336,19221.296310424805,1.0573366233591215,0.007626441414740784,inverse,0.001,0.001,vit,inverse_dp_kfm_a,pink,0.2,42,4,True
layer,blocks.5.mlp.fc1,mlp_fc1,0.7203195135800006,0.026821339090965342,76885.18524169922,1.3296112110713274,0.0047951625724468655,inverse,0.001,0.001,vit,inverse_dp_kfm_a,pink,0.2,42,4,True
layer,blocks.5.mlp.fc2,mlp_fc2,0.7203031767238743,0.026717111089316622,76586.4086151123,1.2100644751711587,0.004372528601248933,inverse,0.001,0.001,vit,inverse_dp_kfm_a,pink,0.2,42,4,True
layer,blocks.6.attn.q_proj,attention_qkv,0.7202847966696618,0.006705334772741336,19221.296310424805,0.23448099170976963,0.001691283084911644,inverse,0.001,0.001,vit,inverse_dp_kfm_a,pink,0.2,42,4,True
layer,blocks.6.attn.k_proj,attention_qkv,0.720248636506076,0.006705334772741336,19221.296310424805,0.3569807316947172,0.0025748589203425064,inverse,0.001,0.001,vit,inverse_dp_kfm_a,pink,0.2,42,4,True
layer,blocks.6.attn.v_proj,attention_qkv,0.7203513388093581,0.006705334772741336,19221.296310424805,1.0283909360672816,0.007417659666843594,inverse,0.001,0.001,vit,inverse_dp_kfm_a,pink,0.2,42,4,True
layer,blocks.6.attn.out_proj,attention_out,0.720318481455796,0.006705334772741336,19221.296310424805,1.167572070552979,0.008421556386906236,inverse,0.001,0.001,vit,inverse_dp_kfm_a,pink,0.2,42,4,True
layer,blocks.6.mlp.fc1,mlp_fc1,0.7201525796781141,0.026821339090965342,76885.18524169922,1.3078113598163292,0.004716542724815884,inverse,0.001,0.001,vit,inverse_dp_kfm_a,pink,0.2,42,4,True
layer,blocks.6.mlp.fc2,mlp_fc2,0.7202174896936351,0.026717111089316622,76586.4086151123,1.180305152700753,0.004264994257975836,inverse,0.001,0.001,vit,inverse_dp_kfm_a,pink,0.2,42,4,True
layer,blocks.7.attn.q_proj,attention_qkv,0.7203522788264769,0.006705334772741336,19221.296310424805,0.20715661823199696,0.001494195677818255,inverse,0.001,0.001,vit,inverse_dp_kfm_a,pink,0.2,42,4,True
layer,blocks.7.attn.k_proj,attention_qkv,0.7206705593265859,0.006705334772741336,19221.296310424805,0.29658163912965346,0.002139207557498801,inverse,0.001,0.001,vit,inverse_dp_kfm_a,pink,0.2,42,4,True
layer,blocks.7.attn.v_proj,attention_qkv,0.7201998324129362,0.006705334772741336,19221.296310424805,0.9993311808084923,0.007208055160471946,inverse,0.001,0.001,vit,inverse_dp_kfm_a,pink,0.2,42,4,True
layer,blocks.7.attn.out_proj,attention_out,0.7202019988796282,0.006705334772741336,19221.296310424805,0.9545880611986322,0.006885328440448512,inverse,0.001,0.001,vit,inverse_dp_kfm_a,pink,0.2,42,4,True
layer,blocks.7.mlp.fc1,mlp_fc1,0.720305651849832,0.026821339090965342,76885.18524169922,1.1633344946283548,0.004195495631676817,inverse,0.001,0.001,vit,inverse_dp_kfm_a,pink,0.2,42,4,True
layer,blocks.7.mlp.fc2,mlp_fc2,0.720214434212075,0.026717111089316622,76586.4086151123,1.0816025282724502,0.003908335536736994,inverse,0.001,0.001,vit,inverse_dp_kfm_a,pink,0.2,42,4,True
layer,blocks.8.attn.q_proj,attention_qkv,0.7203994650773483,0.006705334772741336,19221.296310424805,0.20427427055231098,0.00147340565198315,inverse,0.001,0.001,vit,inverse_dp_kfm_a,pink,0.2,42,4,True
layer,blocks.8.attn.k_proj,attention_qkv,0.7204134612647258,0.006705334772741336,19221.296310424805,0.29384899862987174,0.002119497351478578,inverse,0.001,0.001,vit,inverse_dp_kfm_a,pink,0.2,42,4,True
layer,blocks.8.attn.v_proj,attention_qkv,0.7201565771663703,0.006705334772741336,19221.296310424805,0.8894287071540997,0.006415341886247604,inverse,0.001,0.001,vit,inverse_dp_kfm_a,pink,0.2,42,4,True
layer,blocks.8.attn.out_proj,attention_out,0.720449011907019,0.006705334772741336,19221.29631042481,0.8661896363631608,0.0062477212742261925,inverse,0.001,0.001,vit,inverse_dp_kfm_a,pink,0.2,42,4,True
layer,blocks.8.mlp.fc1,mlp_fc1,0.720166259838786,0.026821339090965342,76885.18524169922,1.0658710086578798,0.003843999452783096,inverse,0.001,0.001,vit,inverse_dp_kfm_a,pink,0.2,42,4,True
layer,blocks.8.mlp.fc2,mlp_fc2,0.7201764308873593,0.026717111089316622,76586.4086151123,0.922518222073171,0.0033334895734524373,inverse,0.001,0.001,vit,inverse_dp_kfm_a,pink,0.2,42,4,True
layer,blocks.9.attn.q_proj,attention_qkv,0.7196893375877982,0.006705334772741336,19221.296310424805,0.2092140707339382,0.0015090358343237734,inverse,0.001,0.001,vit,inverse_dp_kfm_a,pink,0.2,42,4,True
layer,blocks.9.attn.k_proj,attention_qkv,0.7202191010227283,0.006705334772741336,19221.296310424805,0.32212236102503167,0.002323429701064075,inverse,0.001,0.001,vit,inverse_dp_kfm_a,pink,0.2,42,4,True
layer,blocks.9.attn.v_proj,attention_qkv,0.720208122722624,0.006705334772741336,19221.296310424805,0.7913725646198595,0.005708074768215637,inverse,0.001,0.001,vit,inverse_dp_kfm_a,pink,0.2,42,4,True
layer,blocks.9.attn.out_proj,attention_out,0.7204800605807058,0.006705334772741336,19221.296310424805,0.7422628244551354,0.005353852141300912,inverse,0.001,0.001,vit,inverse_dp_kfm_a,pink,0.2,42,4,True
layer,blocks.9.mlp.fc1,mlp_fc1,0.7202306072795231,0.026821339090965342,76885.18524169922,0.9128271307182266,0.003292055945291884,inverse,0.001,0.001,vit,inverse_dp_kfm_a,pink,0.2,42,4,True
layer,blocks.9.mlp.fc2,mlp_fc2,0.7202012341390611,0.026717111089316622,76586.4086151123,0.7369929106980905,0.002663099898449036,inverse,0.001,0.001,vit,inverse_dp_kfm_a,pink,0.2,42,4,True
layer,blocks.10.attn.q_proj,attention_qkv,0.7200243303651158,0.006705334772741336,19221.296310424805,0.17582504552182696,0.0012682048264405063,inverse,0.001,0.001,vit,inverse_dp_kfm_a,pink,0.2,42,4,True
layer,blocks.10.attn.k_proj,attention_qkv,0.720282196826534,0.006705334772741336,19221.296310424805,0.2814088536798299,0.002029768087820836,inverse,0.001,0.001,vit,inverse_dp_kfm_a,pink,0.2,42,4,True
layer,blocks.10.attn.v_proj,attention_qkv,0.72023862029614,0.006705334772741336,19221.296310424805,0.6917307440115191,0.004989370345670053,inverse,0.001,0.001,vit,inverse_dp_kfm_a,pink,0.2,42,4,True
layer,blocks.10.attn.out_proj,attention_out,0.7200839003938643,0.006705334772741336,19221.296310424805,0.6574019024932904,0.004741760556232376,inverse,0.001,0.001,vit,inverse_dp_kfm_a,pink,0.2,42,4,True
layer,blocks.10.mlp.fc1,mlp_fc1,0.7201861589847667,0.026821339090965342,76885.18524169922,0.7624402962715342,0.0027496949047689932,inverse,0.001,0.001,vit,inverse_dp_kfm_a,pink,0.2,42,4,True
layer,blocks.10.mlp.fc2,mlp_fc2,0.7202741988440617,0.026717111089316622,76586.4086151123,0.5989566965812858,0.0021643105309250648,inverse,0.001,0.001,vit,inverse_dp_kfm_a,pink,0.2,42,4,True
layer,blocks.11.attn.q_proj,attention_qkv,0.7200057181923418,0.006705334772741336,19221.296310424805,0.2419477432149506,0.0017451398620766875,inverse,0.001,0.001,vit,inverse_dp_kfm_a,pink,0.2,42,4,True
layer,blocks.11.attn.k_proj,attention_qkv,0.7198001162529283,0.006705334772741336,19221.296310424805,0.3227391786349414,0.0023278787320175427,inverse,0.001,0.001,vit,inverse_dp_kfm_a,pink,0.2,42,4,True
layer,blocks.11.attn.v_proj,attention_qkv,0.7198925514312812,0.006705334772741336,19221.296310424805,0.6697787635574443,0.0048310333608613115,inverse,0.001,0.001,vit,inverse_dp_kfm_a,pink,0.2,42,4,True
layer,blocks.11.attn.out_proj,attention_out,0.720262253753227,0.006705334772741336,19221.296310424805,0.5970484849344574,0.004306438641694386,inverse,0.001,0.001,vit,inverse_dp_kfm_a,pink,0.2,42,4,True
layer,blocks.11.mlp.fc1,mlp_fc1,0.7200825326899731,0.026821339090965342,76885.18524169922,0.5949194955835748,0.0021455412492669577,inverse,0.001,0.001,vit,inverse_dp_kfm_a,pink,0.2,42,4,True
layer,blocks.11.mlp.fc2,mlp_fc2,0.7201133398169,0.026717111089316622,76586.4086151123,0.5966594140396007,0.0021560093752223926,inverse,0.001,0.001,vit,inverse_dp_kfm_a,pink,0.2,42,4,True
layer,head,patch_head,0.7202862687716147,0.0003492361860802786,1001.1091828346254,2.138164340952039,0.06757722592876649,inverse,0.001,0.001,vit,inverse_dp_kfm_a,pink,0.2,42,4,True
layer,cls_token,identity,0.7228234777706155,3.474266721627629e-05,99.59220886230469,0.07649831976029371,0.007665477511577535,inverse,0.001,0.001,vit,inverse_dp_kfm_a,pink,0.2,42,4,True
layer,pos_embed,identity,0.7201746335969738,0.006844305441606457,19619.665145874023,0.3231177288025788,0.0023068268201991964,inverse,0.001,0.001,vit,inverse_dp_kfm_a,pink,0.2,42,4,True
layer,blocks.0.norm1.weight,identity,0.7147692961991168,3.474266721627629e-05,99.59220886230469,0.39714372876839305,0.03979559722719954,inverse,0.001,0.001,vit,inverse_dp_kfm_a,pink,0.2,42,4,True
layer,blocks.0.norm1.bias,identity,0.7177438108972682,3.474266721627629e-05,99.59220886230469,0.2406184597759845,0.024111057576987373,inverse,0.001,0.001,vit,inverse_dp_kfm_a,pink,0.2,42,4,True
layer,blocks.0.norm2.weight,identity,0.7209054923813855,3.474266721627629e-05,99.59220886230469,0.12639167455795355,0.01266501724496047,inverse,0.001,0.001,vit,inverse_dp_kfm_a,pink,0.2,42,4,True
layer,blocks.0.norm2.bias,identity,0.713976861568668,3.474266721627629e-05,99.59220886230469,0.10421792222733964,0.010443107007321041,inverse,0.001,0.001,vit,inverse_dp_kfm_a,pink,0.2,42,4,True
layer,blocks.1.norm1.weight,identity,0.7217680303782349,3.474266721627629e-05,99.59220886230469,0.1543459594891388,0.015466162984679751,inverse,0.001,0.001,vit,inverse_dp_kfm_a,pink,0.2,42,4,True
layer,blocks.1.norm1.bias,identity,0.7184075345694566,3.474266721627629e-05,99.59220886230469,0.1918184300695315,0.01922107396099044,inverse,0.001,0.001,vit,inverse_dp_kfm_a,pink,0.2,42,4,True
layer,blocks.1.norm2.weight,identity,0.71634014610284,3.474266721627629e-05,99.59220886230469,0.19619348706299833,0.019659474452666303,inverse,0.001,0.001,vit,inverse_dp_kfm_a,pink,0.2,42,4,True
layer,blocks.1.norm2.bias,identity,0.7177526778204772,3.474266721627629e-05,99.59220886230469,0.17160225607214932,0.017195321923133194,inverse,0.001,0.001,vit,inverse_dp_kfm_a,pink,0.2,42,4,True
layer,blocks.2.norm1.weight,identity,0.7207904211153019,3.474266721627629e-05,99.59220886230469,0.15927169640086752,0.015959744093952732,inverse,0.001,0.001,vit,inverse_dp_kfm_a,pink,0.2,42,4,True
layer,blocks.2.norm1.bias,identity,0.7165788173709562,3.474266721627629e-05,99.59220886230469,0.2050087564773999,0.020542804304437327,inverse,0.001,0.001,vit,inverse_dp_kfm_a,pink,0.2,42,4,True
layer,blocks.2.norm2.weight,identity,0.721345673364481,3.474266721627629e-05,99.59220886230469,0.142628737892848,0.014292044403696797,inverse,0.001,0.001,vit,inverse_dp_kfm_a,pink,0.2,42,4,True
layer,blocks.2.norm2.bias,identity,0.7146299605285329,3.474266721627629e-05,99.59220886230469,0.19322036017638636,0.01936155369623917,inverse,0.001,0.001,vit,inverse_dp_kfm_a,pink,0.2,42,4,True
layer,blocks.3.norm1.weight,identity,0.7179256021757493,3.474266721627629e-05,99.59220886230469,0.1272424506481249,0.01275026885580671,inverse,0.001,0.001,vit,inverse_dp_kfm_a,pink,0.2,42,4,True
layer,blocks.3.norm1.bias,identity,0.7228140904797462,3.474266721627629e-05,99.59220886230469,0.18459140096559296,0.018496892969233392,inverse,0.001,0.001,vit,inverse_dp_kfm_a,pink,0.2,42,4,True
layer,blocks.3.norm2.weight,identity,0.7187955695977898,3.474266721627629e-05,99.59220886230469,0.13685757511288946,0.01371374780000606,inverse,0.001,0.001,vit,inverse_dp_kfm_a,pink,0.2,42,4,True
layer,blocks.3.norm2.bias,identity,0.7227343624774015,3.474266721627629e-05,99.59220886230469,0.14545820056580647,0.014575569356367312,inverse,0.001,0.001,vit,inverse_dp_kfm_a,pink,0.2,42,4,True
layer,blocks.4.norm1.weight,identity,0.723321156368762,3.474266721627629e-05,99.59220886230469,0.11859944736316756,0.011884200849072268,inverse,0.001,0.001,vit,inverse_dp_kfm_a,pink,0.2,42,4,True
layer,blocks.4.norm1.bias,identity,0.7211191661998216,3.474266721627629e-05,99.59220886230469,0.18584281594358187,0.01862229040804624,inverse,0.001,0.001,vit,inverse_dp_kfm_a,pink,0.2,42,4,True
layer,blocks.4.norm2.weight,identity,0.7155144264400678,3.474266721627629e-05,99.59220886230469,0.10774202229100886,0.010796237767202472,inverse,0.001,0.001,vit,inverse_dp_kfm_a,pink,0.2,42,4,True
layer,blocks.4.norm2.bias,identity,0.7105361602840206,3.474266721627629e-05,99.59220886230469,0.1350010134674749,0.01352771192906958,inverse,0.001,0.001,vit,inverse_dp_kfm_a,pink,0.2,42,4,True
layer,blocks.5.norm1.weight,identity,0.7175520213472371,3.474266721627629e-05,99.59220886230469,0.09749020590423746,0.009768959413744992,inverse,0.001,0.001,vit,inverse_dp_kfm_a,pink,0.2,42,4,True
layer,blocks.5.norm1.bias,identity,0.7224320260311429,3.474266721627629e-05,99.59220886230469,0.14164908385408512,0.014193878639706238,inverse,0.001,0.001,vit,inverse_dp_kfm_a,pink,0.2,42,4,True
layer,blocks.5.norm2.weight,identity,0.7195890118007295,3.474266721627629e-05,99.59220886230469,0.09552448504911029,0.009571985296454148,inverse,0.001,0.001,vit,inverse_dp_kfm_a,pink,0.2,42,4,True
layer,blocks.5.norm2.bias,identity,0.7156002394170525,3.474266721627629e-05,99.59220886230469,0.11090108354415136,0.011112789987820379,inverse,0.001,0.001,vit,inverse_dp_kfm_a,pink,0.2,42,4,True
layer,blocks.6.norm1.weight,identity,0.7214029663086481,3.474266721627629e-05,99.59220886230469,0.09591765426029299,0.00961138262904929,inverse,0.001,0.001,vit,inverse_dp_kfm_a,pink,0.2,42,4,True
layer,blocks.6.norm1.bias,identity,0.7174646537781068,3.474266721627629e-05,99.59220886230469,0.13932913568685845,0.013961409344176268,inverse,0.001,0.001,vit,inverse_dp_kfm_a,pink,0.2,42,4,True
layer,blocks.6.norm2.weight,identity,0.7202530417467635,3.474266721627629e-05,99.59220886230469,0.07949637637414356,0.007965896339388587,inverse,0.001,0.001,vit,inverse_dp_kfm_a,pink,0.2,42,4,True
layer,blocks.6.norm2.bias,identity,0.7175243603048599,3.474266721627629e-05,99.59220886230469,0.09272150037427317,0.009291113558910281,inverse,0.001,0.001,vit,inverse_dp_kfm_a,pink,0.2,42,4,True
layer,blocks.7.norm1.weight,identity,0.7202680223285816,3.474266721627629e-05,99.59220886230469,0.07978513030379333,0.007994830788681673,inverse,0.001,0.001,vit,inverse_dp_kfm_a,pink,0.2,42,4,True
layer,blocks.7.norm1.bias,identity,0.7182707382821932,3.474266721627629e-05,99.59220886230469,0.11490072874525628,0.011513572520553505,inverse,0.001,0.001,vit,inverse_dp_kfm_a,pink,0.2,42,4,True
layer,blocks.7.norm2.weight,identity,0.7239550230985322,3.474266721627629e-05,99.59220886230469,0.05086402942442234,0.005096805719692458,inverse,0.001,0.001,vit,inverse_dp_kfm_a,pink,0.2,42,4,True
layer,blocks.7.norm2.bias,identity,0.7194683338557825,3.474266721627629e-05,99.59220886230469,0.06858993872471428,0.006873021975675871,inverse,0.001,0.001,vit,inverse_dp_kfm_a,pink,0.2,42,4,True
layer,blocks.8.norm1.weight,identity,0.7227894022030253,3.474266721627629e-05,99.59220886230469,0.09345907570718277,0.009365021942064705,inverse,0.001,0.001,vit,inverse_dp_kfm_a,pink,0.2,42,4,True
layer,blocks.8.norm1.bias,identity,0.7139701420952558,3.474266721627629e-05,99.59220886230469,0.1035346177479219,0.010374636809061137,inverse,0.001,0.001,vit,inverse_dp_kfm_a,pink,0.2,42,4,True
layer,blocks.8.norm2.weight,identity,0.7167200000669894,3.474266721627629e-05,99.59220886230469,0.03879316521697431,0.0038872505501483788,inverse,0.001,0.001,vit,inverse_dp_kfm_a,pink,0.2,42,4,True
layer,blocks.8.norm2.bias,identity,0.7200384726757901,3.474266721627629e-05,99.59220886230469,0.057229752130131026,0.005734679916125149,inverse,0.001,0.001,vit,inverse_dp_kfm_a,pink,0.2,42,4,True
layer,blocks.9.norm1.weight,identity,0.7191444579580176,3.474266721627629e-05,99.59220886230469,0.0813508666756601,0.008151724652301311,inverse,0.001,0.001,vit,inverse_dp_kfm_a,pink,0.2,42,4,True
layer,blocks.9.norm1.bias,identity,0.7196153249121182,3.474266721627629e-05,99.59220886230469,0.10710954639969099,0.010732860823281305,inverse,0.001,0.001,vit,inverse_dp_kfm_a,pink,0.2,42,4,True
layer,blocks.9.norm2.weight,identity,0.7158513893531853,3.474266721627629e-05,99.59220886230469,0.10188285597886948,0.01020912281169715,inverse,0.001,0.001,vit,inverse_dp_kfm_a,pink,0.2,42,4,True
layer,blocks.9.norm2.bias,identity,0.7202024983149212,3.474266721627629e-05,99.59220886230469,0.05160993886027824,0.005171549217643049,inverse,0.001,0.001,vit,inverse_dp_kfm_a,pink,0.2,42,4,True
layer,blocks.10.norm1.weight,identity,0.7170528341705131,3.474266721627629e-05,99.59220886230469,0.069551163153971,0.006969341009468185,inverse,0.001,0.001,vit,inverse_dp_kfm_a,pink,0.2,42,4,True
layer,blocks.10.norm1.bias,identity,0.7180456441123483,3.474266721627629e-05,99.59220886230469,0.09397311434483281,0.009416530937678405,inverse,0.001,0.001,vit,inverse_dp_kfm_a,pink,0.2,42,4,True
layer,blocks.10.norm2.weight,identity,0.7149465003565171,3.474266721627629e-05,99.59220886230469,0.0942487454519357,0.009444150420820105,inverse,0.001,0.001,vit,inverse_dp_kfm_a,pink,0.2,42,4,True
layer,blocks.10.norm2.bias,identity,0.7163568163977728,3.474266721627629e-05,99.59220886230469,0.043978161896267645,0.004406810660321641,inverse,0.001,0.001,vit,inverse_dp_kfm_a,pink,0.2,42,4,True
layer,blocks.11.norm1.weight,identity,0.7234839424204134,3.474266721627629e-05,99.59220886230469,0.06276359654960482,0.0062891961471086034,inverse,0.001,0.001,vit,inverse_dp_kfm_a,pink,0.2,42,4,True
layer,blocks.11.norm1.bias,identity,0.7200672173508642,3.474266721627629e-05,99.59220886230469,0.08081530428925518,0.008098058879747122,inverse,0.001,0.001,vit,inverse_dp_kfm_a,pink,0.2,42,4,True
layer,blocks.11.norm2.weight,identity,0.7183092661681169,3.474266721627629e-05,99.59220886230469,0.03412219953353743,0.003419198669846556,inverse,0.001,0.001,vit,inverse_dp_kfm_a,pink,0.2,42,4,True
layer,blocks.11.norm2.bias,identity,0.7148963748194893,3.474266721627629e-05,99.59220886230469,0.028397362223346653,0.002845544087677745,inverse,0.001,0.001,vit,inverse_dp_kfm_a,pink,0.2,42,4,True
layer,norm.weight,identity,0.7221380700062177,3.474266721627629e-05,99.59220886230469,0.027091032117654033,0.0027146439047814265,inverse,0.001,0.001,vit,inverse_dp_kfm_a,pink,0.2,42,4,True
layer,norm.bias,identity,0.7244339099628196,3.474266721627629e-05,99.59220886230469,0.016243823809082833,0.0016277045888161094,inverse,0.001,0.001,vit,inverse_dp_kfm_a,pink,0.2,42,4,True
group,attention_out,attention_out,0.7202680904457001,0.08046401727289565,230655.55572509766,3.64049843290784,0.007580169003629932,inverse,0.001,0.001,vit,inverse_dp_kfm_a,pink,0.2,42,4,True
group,attention_qkv,attention_qkv,0.7202135752667017,0.2413920518186876,691966.667175293,3.730804968798888,0.004484974304899403,inverse,0.001,0.001,vit,inverse_dp_kfm_a,pink,0.2,42,4,True
group,identity,identity,0.7200974701865308,0.008616181469636556,24698.867797851562,1.0196910517554687,0.0064882874989788805,inverse,0.001,0.001,vit,inverse_dp_kfm_a,pink,0.2,42,4,True
group,mlp_fc1,mlp_fc1,0.7202273593212409,0.3218560690915826,922622.2229003906,4.484476213899719,0.004668740863454577,inverse,0.001,0.001,vit,inverse_dp_kfm_a,pink,0.2,42,4,True
group,mlp_fc2,mlp_fc2,0.7202013855960181,0.3206053330717978,919036.9033813477,4.474348489326153,0.004667274361810714,inverse,0.001,0.001,vit,inverse_dp_kfm_a,pink,0.2,42,4,True
group,patch_head,patch_head,0.7202985920043593,0.027066347275396748,77587.51779794693,3.1409011141063723,0.011276084834602516,inverse,0.001,0.001,vit,inverse_dp_kfm_a,pink,0.2,42,4,True
layer,patch_embed,patch_head,0.7202042301024274,0.026717111089316622,76586.4086151123,2.1635536387344176,0.007817930663871714,inverse,0.001,0.001,vit,inverse_dp_kfm_a,pink,0.2,42,5,True
layer,blocks.0.attn.q_proj,attention_qkv,0.7206275320628792,0.006705334772741336,19221.296310424805,0.2631516697498509,0.0018980812242770594,inverse,0.001,0.001,vit,inverse_dp_kfm_a,pink,0.2,42,5,True
layer,blocks.0.attn.k_proj,attention_qkv,0.7205666334856365,0.006705334772741336,19221.296310424805,0.38752510012529784,0.0027951717622887403,inverse,0.001,0.001,vit,inverse_dp_kfm_a,pink,0.2,42,5,True
layer,blocks.0.attn.v_proj,attention_qkv,0.7198512353481432,0.006705334772741336,19221.296310424805,0.8763720478297609,0.006321165778838267,inverse,0.001,0.001,vit,inverse_dp_kfm_a,pink,0.2,42,5,True
layer,blocks.0.attn.out_proj,attention_out,0.7202941690494691,0.006705334772741336,19221.296310424805,0.9996507757890586,0.007210360360482879,inverse,0.001,0.001,vit,inverse_dp_kfm_a,pink,0.2,42,5,True
layer,blocks.0.mlp.fc1,mlp_fc1,0.7202944600198574,0.026821339090965342,76885.18524169922,1.2042519074256084,0.004343061811002772,inverse,0.001,0.001,vit,inverse_dp_kfm_a,pink,0.2,42,5,True
layer,blocks.0.mlp.fc2,mlp_fc2,0.720378512004582,0.026717111089316622,76586.4086151123,1.985107484619205,0.007173121293246013,inverse,0.001,0.001,vit,inverse_dp_kfm_a,pink,0.2,42,5,True
layer,blocks.1.attn.q_proj,attention_qkv,0.7201495559879676,0.006705334772741336,19221.296310424805,0.15191566467223383,0.0010957493488908405,inverse,0.001,0.001,vit,inverse_dp_kfm_a,pink,0.2,42,5,True
layer,blocks.1.attn.k_proj,attention_qkv,0.7204491611648468,0.006705334772741336,19221.296310424805,0.20278496211531963,0.0014626634500275334,inverse,0.001,0.001,vit,inverse_dp_kfm_a,pink,0.2,42,5,True
layer,blocks.1.attn.v_proj,attention_qkv,0.720435595020803,0.006705334772741336,19221.296310424805,0.8952171100009302,0.006457092937162705,inverse,0.001,0.001,vit,inverse_dp_kfm_a,pink,0.2,42,5,True
layer,blocks.1.attn.out_proj,attention_out,0.7202265637967928,0.006705334772741336,19221.296310424805,1.1563621151526207,0.008340700331952717,inverse,0.001,0.001,vit,inverse_dp_kfm_a,pink,0.2,42,5,True
layer,blocks.1.mlp.fc1,mlp_fc1,0.7199520430326461,0.026821339090965342,76885.18524169922,1.5632750562184068,0.005637857125150354,inverse,0.001,0.001,vit,inverse_dp_kfm_a,pink,0.2,42,5,True
layer,blocks.1.mlp.fc2,mlp_fc2,0.7202595700200263,0.026717111089316622,76586.4086151123,1.2730840243882175,0.004600247691465536,inverse,0.001,0.001,vit,inverse_dp_kfm_a,pink,0.2,42,5,True
layer,blocks.2.attn.q_proj,attention_qkv,0.7201719342606469,0.006705334772741336,19221.296310424805,0.24139857940849582,0.0017411788098398717,inverse,0.001,0.001,vit,inverse_dp_kfm_a,pink,0.2,42,5,True
layer,blocks.2.attn.k_proj,attention_qkv,0.7201719822474831,0.006705334772741336,19221.296310424805,0.3196397354417238,0.002305522822452719,inverse,0.001,0.001,vit,inverse_dp_kfm_a,pink,0.2,42,5,True
layer,blocks.2.attn.v_proj,attention_qkv,0.72032954000203,0.006705334772741336,19221.296310424805,1.2131227543927787,0.008750107970225062,inverse,0.001,0.001,vit,inverse_dp_kfm_a,pink,0.2,42,5,True
layer,blocks.2.attn.out_proj,attention_out,0.7203248499946758,0.006705334772741336,19221.296310424805,1.3364970007251755,0.009639991514363153,inverse,0.001,0.001,vit,inverse_dp_kfm_a,pink,0.2,42,5,True
layer,blocks.2.mlp.fc1,mlp_fc1,0.7203409414845332,0.026821339090965342,76885.18524169922,1.6316767606165268,0.0058845437430806845,inverse,0.001,0.001,vit,inverse_dp_kfm_a,pink,0.2,42,5,True
layer,blocks.2.mlp.fc2,mlp_fc2,0.7203076387258335,0.026717111089316622,76586.4086151123,1.502168712399523,0.005428037756367599,inverse,0.001,0.001,vit,inverse_dp_kfm_a,pink,0.2,42,5,True
layer,blocks.3.attn.q_proj,attention_qkv,0.7200518972069514,0.006705334772741336,19221.296310424805,0.2520574852586916,0.0018180602109148679,inverse,0.001,0.001,vit,inverse_dp_kfm_a,pink,0.2,42,5,True
layer,blocks.3.attn.k_proj,attention_qkv,0.7200924734215324,0.006705334772741336,19221.296310424805,0.35709132927952403,0.002575656647369555,inverse,0.001,0.001,vit,inverse_dp_kfm_a,pink,0.2,42,5,True
layer,blocks.3.attn.v_proj,attention_qkv,0.7199506929257098,0.006705334772741336,19221.296310424805,1.0785754075450156,0.007779634200969501,inverse,0.001,0.001,vit,inverse_dp_kfm_a,pink,0.2,42,5,True
layer,blocks.3.attn.out_proj,attention_out,0.7203870199795372,0.006705334772741336,19221.296310424805,1.1614034188268731,0.008377062646731395,inverse,0.001,0.001,vit,inverse_dp_kfm_a,pink,0.2,42,5,True
layer,blocks.3.mlp.fc1,mlp_fc1,0.7202711712438439,0.026821339090965342,76885.18524169922,1.4665633273420935,0.00528907211283787,inverse,0.001,0.001,vit,inverse_dp_kfm_a,pink,0.2,42,5,True
layer,blocks.3.mlp.fc2,mlp_fc2,0.7203261278838926,0.026717111089316622,76586.4086151123,1.440389218050429,0.005204799564060619,inverse,0.001,0.001,vit,inverse_dp_kfm_a,pink,0.2,42,5,True
layer,blocks.4.attn.q_proj,attention_qkv,0.7201238269501667,0.006705334772741336,19221.296310424805,0.317906402173559,0.0022930204988503428,inverse,0.001,0.001,vit,inverse_dp_kfm_a,pink,0.2,42,5,True
layer,blocks.4.attn.k_proj,attention_qkv,0.7202727650001868,0.006705334772741336,19221.296310424805,0.46538332045855846,0.0033567537059285705,inverse,0.001,0.001,vit,inverse_dp_kfm_a,pink,0.2,42,5,True
layer,blocks.4.attn.v_proj,attention_qkv,0.7203775513209657,0.006705334772741336,19221.296310424805,1.03356083962035,0.007454949557022633,inverse,0.001,0.001,vit,inverse_dp_kfm_a,pink,0.2,42,5,True
layer,blocks.4.attn.out_proj,attention_out,0.7201865595387916,0.006705334772741336,19221.296310424805,1.0840007748778486,0.007818766720550482,inverse,0.001,0.001,vit,inverse_dp_kfm_a,pink,0.2,42,5,True
layer,blocks.4.mlp.fc1,mlp_fc1,0.7201543823467643,0.026821339090965342,76885.18524169922,1.357033412895125,0.004894059088018219,inverse,0.001,0.001,vit,inverse_dp_kfm_a,pink,0.2,42,5,True
layer,blocks.4.mlp.fc2,mlp_fc2,0.7202868632229218,0.026717111089316622,76586.4086151123,1.3802754041599556,0.00498758025388372,inverse,0.001,0.001,vit,inverse_dp_kfm_a,pink,0.2,42,5,True
layer,blocks.5.attn.q_proj,attention_qkv,0.7202583723117685,0.006705334772741336,19221.296310424805,0.23673757233741297,0.0017075595285476232,inverse,0.001,0.001,vit,inverse_dp_kfm_a,pink,0.2,42,5,True
layer,blocks.5.attn.k_proj,attention_qkv,0.7200291791977936,0.006705334772741336,19221.296310424805,0.3533200638759007,0.0025484549653084533,inverse,0.001,0.001,vit,inverse_dp_kfm_a,pink,0.2,42,5,True
layer,blocks.5.attn.v_proj,attention_qkv,0.7200121494876026,0.006705334772741336,19221.296310424805,0.9763229708266175,0.00704209971959507,inverse,0.001,0.001,vit,inverse_dp_kfm_a,pink,0.2,42,5,True
layer,blocks.5.attn.out_proj,attention_out,0.720298924503964,0.006705334772741336,19221.296310424805,0.972692908162513,0.007015916515847077,inverse,0.001,0.001,vit,inverse_dp_kfm_a,pink,0.2,42,5,True
layer,blocks.5.mlp.fc1,mlp_fc1,0.7202749033782048,0.026821339090965342,76885.18524169922,1.2197233211720442,0.00439885853076717,inverse,0.001,0.001,vit,inverse_dp_kfm_a,pink,0.2,42,5,True
layer,blocks.5.mlp.fc2,mlp_fc2,0.7202599638401277,0.026717111089316622,76586.4086151123,1.1118363389886194,0.0040175844278446384,inverse,0.001,0.001,vit,inverse_dp_kfm_a,pink,0.2,42,5,True
layer,blocks.6.attn.q_proj,attention_qkv,0.7202657296534102,0.006705334772741336,19221.296310424805,0.21441798077243984,0.0015465710091767252,inverse,0.001,0.001,vit,inverse_dp_kfm_a,pink,0.2,42,5,True
layer,blocks.6.attn.k_proj,attention_qkv,0.7202517103993652,0.006705334772741336,19221.296310424805,0.3272087801068455,0.002360117427830822,inverse,0.001,0.001,vit,inverse_dp_kfm_a,pink,0.2,42,5,True
layer,blocks.6.attn.v_proj,attention_qkv,0.7198705259354887,0.006705334772741336,19221.296310424805,0.9455427058837398,0.006820085384584821,inverse,0.001,0.001,vit,inverse_dp_kfm_a,pink,0.2,42,5,True
layer,blocks.6.attn.out_proj,attention_out,0.720288348630825,0.006705334772741336,19221.296310424805,1.0724214895786288,0.007735246733624742,inverse,0.001,0.001,vit,inverse_dp_kfm_a,pink,0.2,42,5,True
layer,blocks.6.mlp.fc1,mlp_fc1,0.7203650685305119,0.026821339090965342,76885.18524169922,1.1914228172070696,0.004296794471541252,inverse,0.001,0.001,vit,inverse_dp_kfm_a,pink,0.2,42,5,True
layer,blocks.6.mlp.fc2,mlp_fc2,0.7202125224816239,0.026717111089316622,76586.4086151123,1.0701736076788362,0.00386703750410951,inverse,0.001,0.001,vit,inverse_dp_kfm_a,pink,0.2,42,5,True
layer,blocks.7.attn.q_proj,attention_qkv,0.7202994484158328,0.006705334772741336,19221.296310424805,0.18663486273466026,0.0013461747329550635,inverse,0.001,0.001,vit,inverse_dp_kfm_a,pink,0.2,42,5,True
layer,blocks.7.attn.k_proj,attention_qkv,0.7200616379984782,0.006705334772741336,19221.296310424805,0.26991477088670995,0.0019468626562853077,inverse,0.001,0.001,vit,inverse_dp_kfm_a,pink,0.2,42,5,True
layer,blocks.7.attn.v_proj,attention_qkv,0.7199224455693035,0.006705334772741336,19221.296310424805,0.901549772687283,0.006502769668593186,inverse,0.001,0.001,vit,inverse_dp_kfm_a,pink,0.2,42,5,True
layer,blocks.7.attn.out_proj,attention_out,0.7201242547241737,0.006705334772741336,19221.296310424805,0.8550984187225695,0.006167721660398966,inverse,0.001,0.001,vit,inverse_dp_kfm_a,pink,0.2,42,5,True
layer,blocks.7.mlp.fc1,mlp_fc1,0.7201762153067316,0.026821339090965342,76885.18524169922,1.0387847008839042,0.003746314318826616,inverse,0.001,0.001,vit,inverse_dp_kfm_a,pink,0.2,42,5,True
layer,blocks.7.mlp.fc2,mlp_fc2,0.720188918235249,0.026717111089316622,76586.4086151123,0.9492159318958433,0.0034299608790586676,inverse,0.001,0.001,vit,inverse_dp_kfm_a,pink,0.2,42,5,True
layer,blocks.8.attn.q_proj,attention_qkv,0.7203598569496141,0.006705334772741336,19221.296310424805,0.18087253012842613,0.0013046117235379871,inverse,0.001,0.001,vit,inverse_dp_kfm_a,pink,0.2,42,5,True
layer,blocks.8.attn.k_proj,attention_qkv,0.7201789188388705,0.006705334772741336,19221.296310424805,0.25905497902771285,0.0018685322886812788,inverse,0.001,0.001,vit,inverse_dp_kfm_a,pink,0.2,42,5,True
layer,blocks.8.attn.v_proj,attention_qkv,0.7203634700165773,0.006705334772741336,19221.296310424805,0.7787238033896057,0.005616840780514431,inverse,0.001,0.001,vit,inverse_dp_kfm_a,pink,0.2,42,5,True
layer,blocks.8.attn.out_proj,attention_out,0.7204130796299116,0.006705334772741336,19221.296310424805,0.7536349317643007,0.0054358777783964675,inverse,0.001,0.001,vit,inverse_dp_kfm_a,pink,0.2,42,5,True
layer,blocks.8.mlp.fc1,mlp_fc1,0.7201381353955196,0.026821339090965342,76885.18524169922,0.9245276686599706,0.003334253229090759,inverse,0.001,0.001,vit,inverse_dp_kfm_a,pink,0.2,42,5,True
layer,blocks.8.mlp.fc2,mlp_fc2,0.7202651375466035,0.026717111089316622,76586.4086151123,0.7874988445890443,0.002845601446922103,inverse,0.001,0.001,vit,inverse_dp_kfm_a,pink,0.2,42,5,True
layer,blocks.9.attn.q_proj,attention_qkv,0.7200465585545315,0.006705334772741336,19221.296310424805,0.1834835470511721,0.0013234446733803537,inverse,0.001,0.001,vit,inverse_dp_kfm_a,pink,0.2,42,5,True
layer,blocks.9.attn.k_proj,attention_qkv,0.7201460816457379,0.006705334772741336,19221.296310424805,0.28453729988714527,0.0020523331926248834,inverse,0.001,0.001,vit,inverse_dp_kfm_a,pink,0.2,42,5,True
layer,blocks.9.attn.v_proj,attention_qkv,0.7201466489675629,0.006705334772741336,19221.296310424805,0.6804562560941757,0.004908048825462366,inverse,0.001,0.001,vit,inverse_dp_kfm_a,pink,0.2,42,5,True
layer,blocks.9.attn.out_proj,attention_out,0.7203103619052548,0.006705334772741336,19221.296310424805,0.6306905135828087,0.0045490945328187935,inverse,0.001,0.001,vit,inverse_dp_kfm_a,pink,0.2,42,5,True
layer,blocks.9.mlp.fc1,mlp_fc1,0.7202561853237065,0.026821339090965342,76885.18524169922,0.7712652037296375,0.0027815214008123836,inverse,0.001,0.001,vit,inverse_dp_kfm_a,pink,0.2,42,5,True
layer,blocks.9.mlp.fc2,mlp_fc2,0.7201370119695155,0.026717111089316622,76586.4086151123,0.6165118099567892,0.0022277453618019054,inverse,0.001,0.001,vit,inverse_dp_kfm_a,pink,0.2,42,5,True
layer,blocks.10.attn.q_proj,attention_qkv,0.7201545066479004,0.006705334772741336,19221.296310424805,0.15246281075769838,0.0010996958475497469,inverse,0.001,0.001,vit,inverse_dp_kfm_a,pink,0.2,42,5,True
layer,blocks.10.attn.k_proj,attention_qkv,0.720529327579768,0.006705334772741336,19221.296310424805,0.24473619451489026,0.0017652526246605541,inverse,0.001,0.001,vit,inverse_dp_kfm_a,pink,0.2,42,5,True
layer,blocks.10.attn.v_proj,attention_qkv,0.7203269510851007,0.006705334772741336,19221.296310424805,0.5797790518052823,0.004181876305428179,inverse,0.001,0.001,vit,inverse_dp_kfm_a,pink,0.2,42,5,True
layer,blocks.10.attn.out_proj,attention_out,0.7198461664788933,0.006705334772741336,19221.296310424805,0.5428504449587419,0.003915514722540418,inverse,0.001,0.001,vit,inverse_dp_kfm_a,pink,0.2,42,5,True
layer,blocks.10.mlp.fc1,mlp_fc1,0.720286617657842,0.026821339090965342,76885.18524169922,0.6322519799103752,0.0022801786004638474,inverse,0.001,0.001,vit,inverse_dp_kfm_a,pink,0.2,42,5,True
layer,blocks.10.mlp.fc2,mlp_fc2,0.7201386414582044,0.026717111089316622,76586.4086151123,0.4914022231615175,0.0017756659414260754,inverse,0.001,0.001,vit,inverse_dp_kfm_a,pink,0.2,42,5,True
layer,blocks.11.attn.q_proj,attention_qkv,0.7201642441482751,0.006705334772741336,19221.296310424805,0.20487384716659146,0.0014777303257166024,inverse,0.001,0.001,vit,inverse_dp_kfm_a,pink,0.2,42,5,True
layer,blocks.11.attn.k_proj,attention_qkv,0.7204562958940052,0.006705334772741336,19221.296310424805,0.27223856750125397,0.0019636239207199845,inverse,0.001,0.001,vit,inverse_dp_kfm_a,pink,0.2,42,5,True
layer,blocks.11.attn.v_proj,attention_qkv,0.7203568710119193,0.006705334772741336,19221.296310424805,0.5410752140364565,0.0039027101962170636,inverse,0.001,0.001,vit,inverse_dp_kfm_a,pink,0.2,42,5,True
layer,blocks.11.attn.out_proj,attention_out,0.720260874105562,0.006705334772741336,19221.296310424805,0.48335399720827754,0.0034863740277704097,inverse,0.001,0.001,vit,inverse_dp_kfm_a,pink,0.2,42,5,True
layer,blocks.11.mlp.fc1,mlp_fc1,0.7200428966153707,0.026821339090965342,76885.18524169922,0.4854167645821009,0.001750626259902583,inverse,0.001,0.001,vit,inverse_dp_kfm_a,pink,0.2,42,5,True
layer,blocks.11.mlp.fc2,mlp_fc2,0.7203023290113002,0.026717111089316622,76586.4086151123,0.4900676678685839,0.0017708435693062144,inverse,0.001,0.001,vit,inverse_dp_kfm_a,pink,0.2,42,5,True
layer,head,patch_head,0.7193751763604221,0.0003492361860802786,1001.1091828346252,1.7109978287645442,0.05407652004268648,inverse,0.001,0.001,vit,inverse_dp_kfm_a,pink,0.2,42,5,True
layer,cls_token,identity,0.7207425993548757,3.474266721627629e-05,99.59220886230469,0.06991842710994065,0.007006142518365628,inverse,0.001,0.001,vit,inverse_dp_kfm_a,pink,0.2,42,5,True
layer,pos_embed,identity,0.7203343699700097,0.006844305441606457,19619.665145874023,0.30029145307869737,0.002143863725477509,inverse,0.001,0.001,vit,inverse_dp_kfm_a,pink,0.2,42,5,True
layer,blocks.0.norm1.weight,identity,0.721700581434986,3.474266721627629e-05,99.59220886230469,0.35170369646587174,0.03524230054262149,inverse,0.001,0.001,vit,inverse_dp_kfm_a,pink,0.2,42,5,True
layer,blocks.0.norm1.bias,identity,0.7217209000792877,3.474266721627629e-05,99.59220886230469,0.22322175349020554,0.02236782895148263,inverse,0.001,0.001,vit,inverse_dp_kfm_a,pink,0.2,42,5,True
layer,blocks.0.norm2.weight,identity,0.72145301035746,3.474266721627629e-05,99.59220886230469,0.11777138957373312,0.011801225714676046,inverse,0.001,0.001,vit,inverse_dp_kfm_a,pink,0.2,42,5,True
layer,blocks.0.norm2.bias,identity,0.714175097155697,3.474266721627629e-05,99.59220886230469,0.09710439820081991,0.009730299737511484,inverse,0.001,0.001,vit,inverse_dp_kfm_a,pink,0.2,42,5,True
layer,blocks.1.norm1.weight,identity,0.7201260556350098,3.474266721627629e-05,99.59220886230469,0.145618718040783,0.014591653933107091,inverse,0.001,0.001,vit,inverse_dp_kfm_a,pink,0.2,42,5,True
layer,blocks.1.norm1.bias,identity,0.7198292697663107,3.474266721627629e-05,99.59220886230469,0.17441982479401955,0.017477655048128583,inverse,0.001,0.001,vit,inverse_dp_kfm_a,pink,0.2,42,5,True
layer,blocks.1.norm2.weight,identity,0.7219071410756541,3.474266721627629e-05,99.59220886230469,0.18312577398609572,0.018350030519353445,inverse,0.001,0.001,vit,inverse_dp_kfm_a,pink,0.2,42,5,True
layer,blocks.1.norm2.bias,identity,0.7202009784704063,3.474266721627629e-05,99.59220886230469,0.16005472379243,0.0160382069788864,inverse,0.001,0.001,vit,inverse_dp_kfm_a,pink,0.2,42,5,True
layer,blocks.2.norm1.weight,identity,0.7147536825910189,3.474266721627629e-05,99.59220886230469,0.14383156535428826,0.014412573153672855,inverse,0.001,0.001,vit,inverse_dp_kfm_a,pink,0.2,42,5,True
layer,blocks.2.norm1.bias,identity,0.7203985732710589,3.474266721627629e-05,99.59220886230469,0.19346109152463498,0.019385676065751527,inverse,0.001,0.001,vit,inverse_dp_kfm_a,pink,0.2,42,5,True
layer,blocks.2.norm2.weight,identity,0.721578451930332,3.474266721627629e-05,99.59220886230469,0.1318692141309864,0.013213891475759623,inverse,0.001,0.001,vit,inverse_dp_kfm_a,pink,0.2,42,5,True
layer,blocks.2.norm2.bias,identity,0.7190201493579259,3.474266721627629e-05,99.59220886230469,0.18322367827003824,0.018359840971258767,inverse,0.001,0.001,vit,inverse_dp_kfm_a,pink,0.2,42,5,True
layer,blocks.3.norm1.weight,identity,0.71851678759155,3.474266721627629e-05,99.59220886230469,0.126474915043089,0.012673358317925956,inverse,0.001,0.001,vit,inverse_dp_kfm_a,pink,0.2,42,5,True
layer,blocks.3.norm1.bias,identity,0.7173638231745778,3.474266721627629e-05,99.59220886230469,0.17407652684330044,0.017443255041314654,inverse,0.001,0.001,vit,inverse_dp_kfm_a,pink,0.2,42,5,True
layer,blocks.3.norm2.weight,identity,0.7194469351673098,3.474266721627629e-05,99.59220886230469,0.12875055010502492,0.012901387239953098,inverse,0.001,0.001,vit,inverse_dp_kfm_a,pink,0.2,42,5,True
layer,blocks.3.norm2.bias,identity,0.7214167067866659,3.474266721627629e-05,99.59220886230469,0.13515375155405643,0.01354301697591925,inverse,0.001,0.001,vit,inverse_dp_kfm_a,pink,0.2,42,5,True
layer,blocks.4.norm1.weight,identity,0.7194166310675911,3.474266721627629e-05,99.59220886230469,0.10978583396218312,0.01100103693733297,inverse,0.001,0.001,vit,inverse_dp_kfm_a,pink,0.2,42,5,True
layer,blocks.4.norm1.bias,identity,0.7180620483013157,3.474266721627629e-05,99.59220886230469,0.1724946588347891,0.017284744714767264,inverse,0.001,0.001,vit,inverse_dp_kfm_a,pink,0.2,42,5,True
layer,blocks.4.norm2.weight,identity,0.7166136360928212,3.474266721627629e-05,99.59220886230469,0.09816180687009364,0.009836256867030976,inverse,0.001,0.001,vit,inverse_dp_kfm_a,pink,0.2,42,5,True
layer,blocks.4.norm2.bias,identity,0.7211923070394939,3.474266721627629e-05,99.59220886230469,0.12552447234230849,0.012578119662074377,inverse,0.001,0.001,vit,inverse_dp_kfm_a,pink,0.2,42,5,True
layer,blocks.5.norm1.weight,identity,0.7161909802410248,3.474266721627629e-05,99.59220886230469,0.09096705752426207,0.0091153104529826,inverse,0.001,0.001,vit,inverse_dp_kfm_a,pink,0.2,42,5,True
layer,blocks.5.norm1.bias,identity,0.7217660613756091,3.474266721627629e-05,99.59220886230469,0.1317681413383156,0.013203763524953926,inverse,0.001,0.001,vit,inverse_dp_kfm_a,pink,0.2,42,5,True
layer,blocks.5.norm2.weight,identity,0.7176578472853912,3.474266721627629e-05,99.59220886230469,0.08716562407965202,0.008734389634424418,inverse,0.001,0.001,vit,inverse_dp_kfm_a,pink,0.2,42,5,True
layer,blocks.5.norm2.bias,identity,0.7241689516287614,3.474266721627629e-05,99.59220886230469,0.10212327780632614,0.0102332141658267,inverse,0.001,0.001,vit,inverse_dp_kfm_a,pink,0.2,42,5,True
layer,blocks.6.norm1.weight,identity,0.719698586702706,3.474266721627629e-05,99.59220886230469,0.08822444782840139,0.008840488561305362,inverse,0.001,0.001,vit,inverse_dp_kfm_a,pink,0.2,42,5,True
layer,blocks.6.norm1.bias,identity,0.7213602509681853,3.474266721627629e-05,99.59220886230469,0.13086002264452007,0.013112765925961618,inverse,0.001,0.001,vit,inverse_dp_kfm_a,pink,0.2,42,5,True
layer,blocks.6.norm2.weight,identity,0.7202068836797184,3.474266721627629e-05,99.59220886230469,0.07159436308718398,0.0071740788806891114,inverse,0.001,0.001,vit,inverse_dp_kfm_a,pink,0.2,42,5,True
layer,blocks.6.norm2.bias,identity,0.7179837764468324,3.474266721627629e-05,99.59220886230469,0.08540714783586652,0.008558182364204376,inverse,0.001,0.001,vit,inverse_dp_kfm_a,pink,0.2,42,5,True
layer,blocks.7.norm1.weight,identity,0.717847603023422,3.474266721627629e-05,99.59220886230469,0.07074406786686925,0.007088875455176656,inverse,0.001,0.001,vit,inverse_dp_kfm_a,pink,0.2,42,5,True
layer,blocks.7.norm1.bias,identity,0.7203717942138457,3.474266721627629e-05,99.59220886230469,0.10382925508159353,0.010404160802037831,inverse,0.001,0.001,vit,inverse_dp_kfm_a,pink,0.2,42,5,True
layer,blocks.7.norm2.weight,identity,0.7201997177724552,3.474266721627629e-05,99.59220886230469,0.04616953816461002,0.004626396470271706,inverse,0.001,0.001,vit,inverse_dp_kfm_a,pink,0.2,42,5,True
layer,blocks.7.norm2.bias,identity,0.7107371898169971,3.474266721627629e-05,99.59220886230469,0.06183448417203959,0.006196094886083893,inverse,0.001,0.001,vit,inverse_dp_kfm_a,pink,0.2,42,5,True
layer,blocks.8.norm1.weight,identity,0.7219412728081674,3.474266721627629e-05,99.59220886230469,0.08016754010393173,0.008033149979643679,inverse,0.001,0.001,vit,inverse_dp_kfm_a,pink,0.2,42,5,True
layer,blocks.8.norm1.bias,identity,0.7189042910473773,3.474266721627629e-05,99.59220886230469,0.09329540888695477,0.009348621786691609,inverse,0.001,0.001,vit,inverse_dp_kfm_a,pink,0.2,42,5,True
layer,blocks.8.norm2.weight,identity,0.7211654710195654,3.474266721627629e-05,99.59220886230469,0.033858639463068184,0.003392788759152276,inverse,0.001,0.001,vit,inverse_dp_kfm_a,pink,0.2,42,5,True
layer,blocks.8.norm2.bias,identity,0.7236843898814884,3.474266721627629e-05,99.59220886230469,0.05039865974353123,0.005050173573592797,inverse,0.001,0.001,vit,inverse_dp_kfm_a,pink,0.2,42,5,True
layer,blocks.9.norm1.weight,identity,0.723704297857399,3.474266721627629e-05,99.59220886230469,0.07336712669491452,0.007351717809373854,inverse,0.001,0.001,vit,inverse_dp_kfm_a,pink,0.2,42,5,True
layer,blocks.9.norm1.bias,identity,0.7230408708362622,3.474266721627629e-05,99.59220886230469,0.09451944611295138,0.00947127585097187,inverse,0.001,0.001,vit,inverse_dp_kfm_a,pink,0.2,42,5,True
layer,blocks.9.norm2.weight,identity,0.7206778388738863,3.474266721627629e-05,99.59220886230469,0.08213100917503606,0.00822989845799445,inverse,0.001,0.001,vit,inverse_dp_kfm_a,pink,0.2,42,5,True
layer,blocks.9.norm2.bias,identity,0.7146484210582352,3.474266721627629e-05,99.59220886230469,0.04388474783206121,0.004397450148735464,inverse,0.001,0.001,vit,inverse_dp_kfm_a,pink,0.2,42,5,True
layer,blocks.10.norm1.weight,identity,0.7204263562675522,3.474266721627629e-05,99.59220886230469,0.06267764586259655,0.006280583499661825,inverse,0.001,0.001,vit,inverse_dp_kfm_a,pink,0.2,42,5,True
layer,blocks.10.norm1.bias,identity,0.7230556074683262,3.474266721627629e-05,99.59220886230469,0.08038984290499504,0.008055425725407128,inverse,0.001,0.001,vit,inverse_dp_kfm_a,pink,0.2,42,5,True
layer,blocks.10.norm2.weight,identity,0.7184055777420345,3.474266721627629e-05,99.59220886230469,0.08184068813206255,0.008200806976860946,inverse,0.001,0.001,vit,inverse_dp_kfm_a,pink,0.2,42,5,True
layer,blocks.10.norm2.bias,identity,0.7172074256274389,3.474266721627629e-05,99.59220886230469,0.03698194032131241,0.0037057576265180246,inverse,0.001,0.001,vit,inverse_dp_kfm_a,pink,0.2,42,5,True
layer,blocks.11.norm1.weight,identity,0.7183710468360317,3.474266721627629e-05,99.59220886230469,0.05599733110272035,0.005611185757037548,inverse,0.001,0.001,vit,inverse_dp_kfm_a,pink,0.2,42,5,True
layer,blocks.11.norm1.bias,identity,0.7209825591527209,3.474266721627629e-05,99.59220886230469,0.06810308918382148,0.006824237450487222,inverse,0.001,0.001,vit,inverse_dp_kfm_a,pink,0.2,42,5,True
layer,blocks.11.norm2.weight,identity,0.7197931328392503,3.474266721627629e-05,99.59220886230469,0.026679729978998677,0.002673429570869182,inverse,0.001,0.001,vit,inverse_dp_kfm_a,pink,0.2,42,5,True
layer,blocks.11.norm2.bias,identity,0.7209325145245681,3.474266721627629e-05,99.59220886230469,0.02282021995095909,0.0022866892160698935,inverse,0.001,0.001,vit,inverse_dp_kfm_a,pink,0.2,42,5,True
layer,norm.weight,identity,0.7166176423566436,3.474266721627629e-05,99.59220886230469,0.021630670233967596,0.002167490956120206,inverse,0.001,0.001,vit,inverse_dp_kfm_a,pink,0.2,42,5,True
layer,norm.bias,identity,0.7191769596066663,3.474266721627629e-05,99.59220886230469,0.013644627832469204,0.0013672534002233897,inverse,0.001,0.001,vit,inverse_dp_kfm_a,pink,0.2,42,5,True
group,attention_out,attention_out,0.720251370322157,0.08046401727289565,230655.55572509766,3.3157462949455523,0.006903976955916826,inverse,0.001,0.001,vit,inverse_dp_kfm_a,pink,0.2,42,5,True
group,attention_qkv,attention_qkv,0.7202223874281547,0.2413920518186876,691966.667175293,3.38865572590561,0.004073660774535152,inverse,0.001,0.001,vit,inverse_dp_kfm_a,pink,0.2,42,5,True
group,identity,identity,0.7203857461831266,0.008616181469636556,24698.867797851562,0.9329023451775829,0.005936051526159071,inverse,0.001,0.001,vit,inverse_dp_kfm_a,pink,0.2,42,5,True
group,mlp_fc1,mlp_fc1,0.7202140289224348,0.3218560690915826,922622.2229003906,4.080453825274752,0.0042481174181395204,inverse,0.001,0.001,vit,inverse_dp_kfm_a,pink,0.2,42,5,True
group,mlp_fc2,mlp_fc2,0.7202565017895207,0.3206053330717978,919036.9033813477,4.07461618565146,0.0042503063189818875,inverse,0.001,0.001,vit,inverse_dp_kfm_a,pink,0.2,42,5,True
group,patch_head,patch_head,0.720194797954705,0.027066347275396748,77587.51779794693,2.762474720473289,0.009917503980498373,inverse,0.001,0.001,vit,inverse_dp_kfm_a,pink,0.2,42,5,True
