level,layer,group,noise_rms,noise_energy_share,expected_noise_energy,signal_norm,snr,damping,lambda,task,method,source,beta,seed,epoch,research_only
layer,patch_embed,patch_head,0.7202496933435873,0.026717111089316622,76586.4086151123,4.077012176809455,0.01473215082049076,1e-06,1e-06,vit,dp_kfm_a,pink,0.1,42,1,True
layer,blocks.0.attn.q_proj,attention_qkv,0.7200102468271351,0.006705334772741336,19221.296310424805,0.5087603032585282,0.003669626646072466,1e-06,1e-06,vit,dp_kfm_a,pink,0.1,42,1,True
layer,blocks.0.attn.k_proj,attention_qkv,0.7202606054025112,0.006705334772741336,19221.296310424805,0.7967625308459547,0.005746951943887612,1e-06,1e-06,vit,dp_kfm_a,pink,0.1,42,1,True
layer,blocks.0.attn.v_proj,attention_qkv,0.7202185841663779,0.006705334772741336,19221.296310424805,1.8338960826246695,0.013227671042384122,1e-06,1e-06,vit,dp_kfm_a,pink,0.1,42,1,True
layer,blocks.0.attn.out_proj,attention_out,0.7203627607027259,0.006705334772741336,19221.296310424805,2.011118997398122,0.01450595853097543,1e-06,1e-06,vit,dp_kfm_a,pink,0.1,42,1,True
layer,blocks.0.mlp.fc1,mlp_fc1,0.7201572803747737,0.026821339090965342,76885.18524169922,2.597061516525577,0.009366145591049386,1e-06,1e-06,vit,dp_kfm_a,pink,0.1,42,1,True
layer,blocks.0.mlp.fc2,mlp_fc2,0.7201921979185881,0.026717111089316622,76586.4086151123,4.38403180678653,0.015841556261907207,1e-06,1e-06,vit,dp_kfm_a,pink,0.1,42,1,True
layer,blocks.1.attn.q_proj,attention_qkv,0.7203097772922935,0.006705334772741336,19221.296310424805,0.331430481567244,0.0023905680507894465,1e-06,1e-06,vit,dp_kfm_a,pink,0.1,42,1,True
layer,blocks.1.attn.k_proj,attention_qkv,0.720429563066275,0.006705334772741336,19221.296310424805,0.4945712286977412,0.0035672825642762184,1e-06,1e-06,vit,dp_kfm_a,pink,0.1,42,1,True
layer,blocks.1.attn.v_proj,attention_qkv,0.7200248722466164,0.006705334772741336,19221.296310424805,2.0336854176628574,0.014668727395958713,1e-06,1e-06,vit,dp_kfm_a,pink,0.1,42,1,True
layer,blocks.1.attn.out_proj,attention_out,0.7202092890766791,0.006705334772741336,19221.296310424805,2.830339845766241,0.020414899607815132,1e-06,1e-06,vit,dp_kfm_a,pink,0.1,42,1,True
layer,blocks.1.mlp.fc1,mlp_fc1,0.7201740536556296,0.026821339090965342,76885.18524169922,3.664232734372946,0.013214834169788907,1e-06,1e-06,vit,dp_kfm_a,pink,0.1,42,1,True
layer,blocks.1.mlp.fc2,mlp_fc2,0.7201683137357585,0.026717111089316622,76586.4086151123,3.157936173235139,0.011411099591561962,1e-06,1e-06,vit,dp_kfm_a,pink,0.1,42,1,True
layer,blocks.2.attn.q_proj,attention_qkv,0.7202077480738852,0.006705334772741336,19221.296310424805,0.5112064059791643,0.0036872700896846827,1e-06,1e-06,vit,dp_kfm_a,pink,0.1,42,1,True
layer,blocks.2.attn.k_proj,attention_qkv,0.7202336102970035,0.006705334772741336,19221.296310424805,0.6621540086744471,0.004776036924407423,1e-06,1e-06,vit,dp_kfm_a,pink,0.1,42,1,True
layer,blocks.2.attn.v_proj,attention_qkv,0.7199823191033011,0.006705334772741336,19221.296310424805,2.8341639632082742,0.020442482505248598,1e-06,1e-06,vit,dp_kfm_a,pink,0.1,42,1,True
layer,blocks.2.attn.out_proj,attention_out,0.7204033447529787,0.006705334772741336,19221.296310424805,3.1621574319976578,0.022808259797813094,1e-06,1e-06,vit,dp_kfm_a,pink,0.1,42,1,True
layer,blocks.2.mlp.fc1,mlp_fc1,0.7202890117375275,0.026821339090965342,76885.18524169923,3.879324225816341,0.013990548649956467,1e-06,1e-06,vit,dp_kfm_a,pink,0.1,42,1,True
layer,blocks.2.mlp.fc2,mlp_fc2,0.7202832264231704,0.026717111089316622,76586.4086151123,3.6301613639442394,0.013117469950309763,1e-06,1e-06,vit,dp_kfm_a,pink,0.1,42,1,True
layer,blocks.3.attn.q_proj,attention_qkv,0.7200681344118263,0.006705334772741336,19221.296310424805,0.6030925098863954,0.004350033463993025,1e-06,1e-06,vit,dp_kfm_a,pink,0.1,42,1,True
layer,blocks.3.attn.k_proj,attention_qkv,0.7203000859412363,0.006705334772741336,19221.296310424805,0.8084028004055992,0.005830911802921333,1e-06,1e-06,vit,dp_kfm_a,pink,0.1,42,1,True
layer,blocks.3.attn.v_proj,attention_qkv,0.7200405965393606,0.006705334772741336,19221.296310424805,2.7512359930046246,0.019844333067851584,1e-06,1e-06,vit,dp_kfm_a,pink,0.1,42,1,True
layer,blocks.3.attn.out_proj,attention_out,0.7205408736934796,0.006705334772741336,19221.296310424805,2.8370584918640187,0.020463360390993415,1e-06,1e-06,vit,dp_kfm_a,pink,0.1,42,1,True
layer,blocks.3.mlp.fc1,mlp_fc1,0.720191502597433,0.026821339090965342,76885.18524169922,3.650508005698,0.01316533676429843,1e-06,1e-06,vit,dp_kfm_a,pink,0.1,42,1,True
layer,blocks.3.mlp.fc2,mlp_fc2,0.7203519574952633,0.026717111089316622,76586.4086151123,3.519554199084084,0.012717794559636323,1e-06,1e-06,vit,dp_kfm_a,pink,0.1,42,1,True
layer,blocks.4.attn.q_proj,attention_qkv,0.7203217592874283,0.006705334772741336,19221.296310424805,0.7695156853830163,0.005550423737005464,1e-06,1e-06,vit,dp_kfm_a,pink,0.1,42,1,True
layer,blocks.4.attn.k_proj,attention_qkv,0.7205333945111809,0.006705334772741336,19221.296310424805,1.1554413931973688,0.008334059275645898,1e-06,1e-06,vit,dp_kfm_a,pink,0.1,42,1,True
layer,blocks.4.attn.v_proj,attention_qkv,0.7202919133059448,0.006705334772741336,19221.296310424805,2.2870970995261932,0.016496555263494177,1e-06,1e-06,vit,dp_kfm_a,pink,0.1,42,1,True
layer,blocks.4.attn.out_proj,attention_out,0.7203443379402982,0.006705334772741336,19221.296310424805,2.3853082266361,0.017204940266559544,1e-06,1e-06,vit,dp_kfm_a,pink,0.1,42,1,True
layer,blocks.4.mlp.fc1,mlp_fc1,0.7202390748447207,0.026821339090965342,76885.18524169922,3.388017200395974,0.012218679519898759,1e-06,1e-06,vit,dp_kfm_a,pink,0.1,42,1,True
layer,blocks.4.mlp.fc2,mlp_fc2,0.7200753213116128,0.026717111089316622,76586.4086151123,3.2866090334025198,0.01187605478430638,1e-06,1e-06,vit,dp_kfm_a,pink,0.1,42,1,True
layer,blocks.5.attn.q_proj,attention_qkv,0.7202095490984437,0.006705334772741336,19221.29631042481,0.5400485279907549,0.0038953048337186007,1e-06,1e-06,vit,dp_kfm_a,pink,0.1,42,1,True
layer,blocks.5.attn.k_proj,attention_qkv,0.7200435662619107,0.006705334772741336,19221.29631042481,0.7978283886274689,0.00575463984738739,1e-06,1e-06,vit,dp_kfm_a,pink,0.1,42,1,True
layer,blocks.5.attn.v_proj,attention_qkv,0.7202793936514151,0.006705334772741336,19221.29631042481,2.426583960014203,0.01750265714830197,1e-06,1e-06,vit,dp_kfm_a,pink,0.1,42,1,True
layer,blocks.5.attn.out_proj,attention_out,0.7200286702817138,0.006705334772741336,19221.296310424805,2.389211736989515,0.017233095815477883,1e-06,1e-06,vit,dp_kfm_a,pink,0.1,42,1,True
layer,blocks.5.mlp.fc1,mlp_fc1,0.7200957237811737,0.026821339090965342,76885.18524169922,3.523762659587251,0.012708237324370866,1e-06,1e-06,vit,dp_kfm_a,pink,0.1,42,1,True
layer,blocks.5.mlp.fc2,mlp_fc2,0.7201994635571634,0.026717111089316622,76586.4086151123,3.073639372637739,0.011106495845919592,1e-06,1e-06,vit,dp_kfm_a,pink,0.1,42,1,True
layer,blocks.6.attn.q_proj,attention_qkv,0.7200912428751831,0.006705334772741336,19221.296310424805,0.5764819155271249,0.004158094459508661,1e-06,1e-06,vit,dp_kfm_a,pink,0.1,42,1,True
layer,blocks.6.attn.k_proj,attention_qkv,0.7199427268398506,0.006705334772741336,19221.296310424805,0.8691392060176245,0.006268996164049828,1e-06,1e-06,vit,dp_kfm_a,pink,0.1,42,1,True
layer,blocks.6.attn.v_proj,attention_qkv,0.7203389263183462,0.006705334772741336,19221.296310424805,2.549708921834158,0.01839074263334731,1e-06,1e-06,vit,dp_kfm_a,pink,0.1,42,1,True
layer,blocks.6.attn.out_proj,attention_out,0.7200272773858521,0.006705334772741336,19221.296310424805,2.72449020731898,0.0196514189446514,1e-06,1e-06,vit,dp_kfm_a,pink,0.1,42,1,True
layer,blocks.6.mlp.fc1,mlp_fc1,0.7202282380499886,0.026821339090965342,76885.18524169922,3.4646030748379126,0.012494881853065153,1e-06,1e-06,vit,dp_kfm_a,pink,0.1,42,1,True
layer,blocks.6.mlp.fc2,mlp_fc2,0.7202642693185539,0.026717111089316622,76586.4086151123,3.1823177414743182,0.011499201594931688,1e-06,1e-06,vit,dp_kfm_a,pink,0.1,42,1,True
layer,blocks.7.attn.q_proj,attention_qkv,0.7205950629480515,0.006705334772741336,19221.296310424805,0.5751720062853855,0.004148646242289988,1e-06,1e-06,vit,dp_kfm_a,pink,0.1,42,1,True
layer,blocks.7.attn.k_proj,attention_qkv,0.7204122388760941,0.006705334772741336,19221.296310424805,0.7532037664777538,0.005432767835238091,1e-06,1e-06,vit,dp_kfm_a,pink,0.1,42,1,True
layer,blocks.7.attn.v_proj,attention_qkv,0.7205756419166847,0.006705334772741336,19221.296310424805,2.7102901577980587,0.01954899570179266,1e-06,1e-06,vit,dp_kfm_a,pink,0.1,42,1,True
layer,blocks.7.attn.out_proj,attention_out,0.7204699789507616,0.006705334772741336,19221.296310424805,2.7806078962235596,0.020056189059774947,1e-06,1e-06,vit,dp_kfm_a,pink,0.1,42,1,True
layer,blocks.7.mlp.fc1,mlp_fc1,0.7202423139302508,0.026821339090965342,76885.18524169922,3.5540308210720166,0.012817397621666787,1e-06,1e-06,vit,dp_kfm_a,pink,0.1,42,1,True
layer,blocks.7.mlp.fc2,mlp_fc2,0.7202245140998217,0.026717111089316622,76586.4086151123,4.03495774118846,0.01458018848597454,1e-06,1e-06,vit,dp_kfm_a,pink,0.1,42,1,True
layer,blocks.8.attn.q_proj,attention_qkv,0.7206041964839639,0.006705334772741336,19221.296310424805,0.578967910392568,0.004176025640345301,1e-06,1e-06,vit,dp_kfm_a,pink,0.1,42,1,True
layer,blocks.8.attn.k_proj,attention_qkv,0.7204179733773481,0.006705334772741336,19221.296310424805,0.877143250616473,0.0063267283714334805,1e-06,1e-06,vit,dp_kfm_a,pink,0.1,42,1,True
layer,blocks.8.attn.v_proj,attention_qkv,0.7201794881171436,0.006705334772741336,19221.296310424805,2.9358048470316174,0.021175605929422203,1e-06,1e-06,vit,dp_kfm_a,pink,0.1,42,1,True
layer,blocks.8.attn.out_proj,attention_out,0.7203479919524219,0.006705334772741336,19221.29631042481,2.9115413164718977,0.021000596012768994,1e-06,1e-06,vit,dp_kfm_a,pink,0.1,42,1,True
layer,blocks.8.mlp.fc1,mlp_fc1,0.7202034036281711,0.026821339090965342,76885.18524169922,3.528248749247882,0.012724416135934873,1e-06,1e-06,vit,dp_kfm_a,pink,0.1,42,1,True
layer,blocks.8.mlp.fc2,mlp_fc2,0.720093961361144,0.026717111089316622,76586.4086151123,3.3946037526303483,0.012266290187705628,1e-06,1e-06,vit,dp_kfm_a,pink,0.1,42,1,True
layer,blocks.9.attn.q_proj,attention_qkv,0.7199373349990392,0.006705334772741336,19221.296310424805,0.594275090453569,0.00428643448212857,1e-06,1e-06,vit,dp_kfm_a,pink,0.1,42,1,True
layer,blocks.9.attn.k_proj,attention_qkv,0.7203579331079765,0.006705334772741336,19221.296310424805,0.945450862672034,0.006819422930586789,1e-06,1e-06,vit,dp_kfm_a,pink,0.1,42,1,True
layer,blocks.9.attn.v_proj,attention_qkv,0.7199353427328741,0.006705334772741336,19221.296310424805,2.8729320419238134,0.0207221119766527,1e-06,1e-06,vit,dp_kfm_a,pink,0.1,42,1,True
layer,blocks.9.attn.out_proj,attention_out,0.7202898960424206,0.006705334772741336,19221.296310424805,2.83076793903736,0.0204179873928971,1e-06,1e-06,vit,dp_kfm_a,pink,0.1,42,1,True
layer,blocks.9.mlp.fc1,mlp_fc1,0.7201630435078038,0.026821339090965342,76885.18524169923,3.3175166191192904,0.011964423429201882,1e-06,1e-06,vit,dp_kfm_a,pink,0.1,42,1,True
layer,blocks.9.mlp.fc2,mlp_fc2,0.7199970695420395,0.026717111089316622,76586.4086151123,3.008501928104489,0.010871123809901732,1e-06,1e-06,vit,dp_kfm_a,pink,0.1,42,1,True
layer,blocks.10.attn.q_proj,attention_qkv,0.7201872301479815,0.006705334772741336,19221.296310424805,0.5600084461003028,0.004039273313332862,1e-06,1e-06,vit,dp_kfm_a,pink,0.1,42,1,True
layer,blocks.10.attn.k_proj,attention_qkv,0.7202396613260544,0.006705334772741336,19221.296310424805,0.9473890042072809,0.006833402511493655,1e-06,1e-06,vit,dp_kfm_a,pink,0.1,42,1,True
layer,blocks.10.attn.v_proj,attention_qkv,0.7203228681225547,0.006705334772741336,19221.296310424805,2.828526673592772,0.020401821415827533,1e-06,1e-06,vit,dp_kfm_a,pink,0.1,42,1,True
layer,blocks.10.attn.out_proj,attention_out,0.7202520315175811,0.006705334772741336,19221.296310424805,2.7924690497717934,0.02014174212835159,1e-06,1e-06,vit,dp_kfm_a,pink,0.1,42,1,True
layer,blocks.10.mlp.fc1,mlp_fc1,0.7201860553460014,0.026821339090965342,76885.18524169922,2.9354610688810703,0.010586563149562887,1e-06,1e-06,vit,dp_kfm_a,pink,0.1,42,1,True
layer,blocks.10.mlp.fc2,mlp_fc2,0.7201977182717351,0.026717111089316622,76586.4086151123,2.59654962868725,0.009382547582343822,1e-06,1e-06,vit,dp_kfm_a,pink,0.1,42,1,True
layer,blocks.11.attn.q_proj,attention_qkv,0.7201495026728993,0.006705334772741336,19221.296310424805,0.7098679840552955,0.00512019206844317,1e-06,1e-06,vit,dp_kfm_a,pink,0.1,42,1,True
layer,blocks.11.attn.k_proj,attention_qkv,0.7198727070912029,0.006705334772741336,19221.296310424805,0.9754511010936838,0.007035811028470032,1e-06,1e-06,vit,dp_kfm_a,pink,0.1,42,1,True
layer,blocks.11.attn.v_proj,attention_qkv,0.7203521198235129,0.006705334772741336,19221.296310424805,2.5183603019115357,0.018164628822484225,1e-06,1e-06,vit,dp_kfm_a,pink,0.1,42,1,True
layer,blocks.11.attn.out_proj,attention_out,0.7199945572890853,0.006705334772741336,19221.296310424805,2.1405662510220687,0.015439645943528823,1e-06,1e-06,vit,dp_kfm_a,pink,0.1,42,1,True
layer,blocks.11.mlp.fc1,mlp_fc1,0.7201347567978393,0.026821339090965342,76885.18524169922,2.6383259370117718,0.009514963232658833,1e-06,1e-06,vit,dp_kfm_a,pink,0.1,42,1,True
layer,blocks.11.mlp.fc2,mlp_fc2,0.7202113349970644,0.026717111089316622,76586.4086151123,2.6218057253247364,0.009473809665620565,1e-06,1e-06,vit,dp_kfm_a,pink,0.1,42,1,True
layer,head,patch_head,0.719421367533815,0.0003492361860802786,1001.1091828346252,11.121141771644439,0.35148650442539375,1e-06,1e-06,vit,dp_kfm_a,pink,0.1,42,1,True
layer,cls_token,identity,0.7141159629350641,3.474266721627629e-05,99.59220886230469,0.17344941589763355,0.01738041568920422,1e-06,1e-06,vit,dp_kfm_a,pink,0.1,42,1,True
layer,pos_embed,identity,0.7202692493818748,0.006844305441606457,19619.665145874023,0.5903106257295723,0.00421439080030659,1e-06,1e-06,vit,dp_kfm_a,pink,0.1,42,1,True
layer,blocks.0.norm1.weight,identity,0.7198966559318914,3.474266721627629e-05,99.59220886230469,0.7685007968248028,0.07700725446191581,1e-06,1e-06,vit,dp_kfm_a,pink,0.1,42,1,True
layer,blocks.0.norm1.bias,identity,0.7214011287070016,3.474266721627629e-05,99.59220886230469,0.47807048615413644,0.04790482421112729,1e-06,1e-06,vit,dp_kfm_a,pink,0.1,42,1,True
layer,blocks.0.norm2.weight,identity,0.7198330597675036,3.474266721627629e-05,99.59220886230469,0.2850789539749241,0.02856620011480418,1e-06,1e-06,vit,dp_kfm_a,pink,0.1,42,1,True
layer,blocks.0.norm2.bias,identity,0.719295220760294,3.474266721627629e-05,99.59220886230469,0.22630235751877145,0.022676519403469604,1e-06,1e-06,vit,dp_kfm_a,pink,0.1,42,1,True
layer,blocks.1.norm1.weight,identity,0.7201664361592618,3.474266721627629e-05,99.59220886230469,0.44353293656413034,0.04444400558770172,1e-06,1e-06,vit,dp_kfm_a,pink,0.1,42,1,True
layer,blocks.1.norm1.bias,identity,0.721503788450501,3.474266721627629e-05,99.59220886230469,0.4898589249793274,0.04908607908044026,1e-06,1e-06,vit,dp_kfm_a,pink,0.1,42,1,True
layer,blocks.1.norm2.weight,identity,0.7218347042004147,3.474266721627629e-05,99.59220886230469,0.5624163876145265,0.05635666489029923,1e-06,1e-06,vit,dp_kfm_a,pink,0.1,42,1,True
layer,blocks.1.norm2.bias,identity,0.7180172354511912,3.474266721627629e-05,99.59220886230469,0.4174068877224877,0.041826057370152325,1e-06,1e-06,vit,dp_kfm_a,pink,0.1,42,1,True
layer,blocks.2.norm1.weight,identity,0.7203505521739182,3.474266721627629e-05,99.59220886230469,0.41468049075932006,0.04155286006759345,1e-06,1e-06,vit,dp_kfm_a,pink,0.1,42,1,True
layer,blocks.2.norm1.bias,identity,0.7163903795672324,3.474266721627629e-05,99.59220886230469,0.48977776168171244,0.04907794615105589,1e-06,1e-06,vit,dp_kfm_a,pink,0.1,42,1,True
layer,blocks.2.norm2.weight,identity,0.7214467553030348,3.474266721627629e-05,99.59220886230469,0.3245046585568478,0.03251683396921858,1e-06,1e-06,vit,dp_kfm_a,pink,0.1,42,1,True
layer,blocks.2.norm2.bias,identity,0.7182306329092334,3.474266721627629e-05,99.59220886230469,0.46164328690940964,0.04625874457456489,1e-06,1e-06,vit,dp_kfm_a,pink,0.1,42,1,True
layer,blocks.3.norm1.weight,identity,0.715897813432502,3.474266721627629e-05,99.59220886230469,0.3249243001066695,0.03255888394983466,1e-06,1e-06,vit,dp_kfm_a,pink,0.1,42,1,True
layer,blocks.3.norm1.bias,identity,0.7185715588629581,3.474266721627629e-05,99.59220886230469,0.4703936632782123,0.04713557184976619,1e-06,1e-06,vit,dp_kfm_a,pink,0.1,42,1,True
layer,blocks.3.norm2.weight,identity,0.7168448718661599,3.474266721627629e-05,99.59220886230469,0.2946669118101271,0.02952695683989305,1e-06,1e-06,vit,dp_kfm_a,pink,0.1,42,1,True
layer,blocks.3.norm2.bias,identity,0.7250678974291619,3.474266721627629e-05,99.59220886230469,0.36602939342392266,0.03667780014854376,1e-06,1e-06,vit,dp_kfm_a,pink,0.1,42,1,True
layer,blocks.4.norm1.weight,identity,0.7180958293248871,3.474266721627629e-05,99.59220886230469,0.2541177051675103,0.02546374299931111,1e-06,1e-06,vit,dp_kfm_a,pink,0.1,42,1,True
layer,blocks.4.norm1.bias,identity,0.7217479770181263,3.474266721627629e-05,99.59220886230469,0.47070734201063585,0.047167003876989674,1e-06,1e-06,vit,dp_kfm_a,pink,0.1,42,1,True
layer,blocks.4.norm2.weight,identity,0.7172649338843595,3.474266721627629e-05,99.59220886230469,0.24263358612065555,0.024312982347707422,1e-06,1e-06,vit,dp_kfm_a,pink,0.1,42,1,True
layer,blocks.4.norm2.bias,identity,0.7225413241951496,3.474266721627629e-05,99.59220886230469,0.3364683860897679,0.03371565355957828,1e-06,1e-06,vit,dp_kfm_a,pink,0.1,42,1,True
layer,blocks.5.norm1.weight,identity,0.7156588038331706,3.474266721627629e-05,99.59220886230469,0.253515069367438,0.02540335616744862,1e-06,1e-06,vit,dp_kfm_a,pink,0.1,42,1,True
layer,blocks.5.norm1.bias,identity,0.7180342609535993,3.474266721627629e-05,99.59220886230469,0.3778862807163066,0.03786591386374528,1e-06,1e-06,vit,dp_kfm_a,pink,0.1,42,1,True
layer,blocks.5.norm2.weight,identity,0.7226680856316783,3.474266721627629e-05,99.59220886230469,0.2378783618412476,0.02383648737513116,1e-06,1e-06,vit,dp_kfm_a,pink,0.1,42,1,True
layer,blocks.5.norm2.bias,identity,0.7219805237184768,3.474266721627629e-05,99.59220886230469,0.31026501285678343,0.031089957088409875,1e-06,1e-06,vit,dp_kfm_a,pink,0.1,42,1,True
layer,blocks.6.norm1.weight,identity,0.7238994584660878,3.474266721627629e-05,99.59220886230469,0.2378671484696885,0.02383536374460197,1e-06,1e-06,vit,dp_kfm_a,pink,0.1,42,1,True
layer,blocks.6.norm1.bias,identity,0.7182448204604617,3.474266721627629e-05,99.59220886230469,0.39197776416865165,0.039277944217447056,1e-06,1e-06,vit,dp_kfm_a,pink,0.1,42,1,True
layer,blocks.6.norm2.weight,identity,0.7218172330493724,3.474266721627629e-05,99.59220886230469,0.2115738860298572,0.021200659968491742,1e-06,1e-06,vit,dp_kfm_a,pink,0.1,42,1,True
layer,blocks.6.norm2.bias,identity,0.7207453810932937,3.474266721627629e-05,99.59220886230469,0.2859750124213031,0.028655989222477397,1e-06,1e-06,vit,dp_kfm_a,pink,0.1,42,1,True
layer,blocks.7.norm1.weight,identity,0.7214836546319633,3.474266721627629e-05,99.59220886230469,0.25076881905394643,0.025128169469424467,1e-06,1e-06,vit,dp_kfm_a,pink,0.1,42,1,True
layer,blocks.7.norm1.bias,identity,0.7190386683256822,3.474266721627629e-05,99.59220886230469,0.3495739613926357,0.035028891459119235,1e-06,1e-06,vit,dp_kfm_a,pink,0.1,42,1,True
layer,blocks.7.norm2.weight,identity,0.7169024323897683,3.474266721627629e-05,99.59220886230469,0.159531757386428,0.015985803380518762,1e-06,1e-06,vit,dp_kfm_a,pink,0.1,42,1,True
layer,blocks.7.norm2.bias,identity,0.7183353431527848,3.474266721627629e-05,99.59220886230469,0.23364567176254702,0.02341235269199792,1e-06,1e-06,vit,dp_kfm_a,pink,0.1,42,1,True
layer,blocks.8.norm1.weight,identity,0.7194275706080325,3.474266721627629e-05,99.59220886230469,0.30631689321916944,0.030694337650100906,1e-06,1e-06,vit,dp_kfm_a,pink,0.1,42,1,True
layer,blocks.8.norm1.bias,identity,0.7214316652373783,3.474266721627629e-05,99.59220886230469,0.3758215296149897,0.03765901646804111,1e-06,1e-06,vit,dp_kfm_a,pink,0.1,42,1,True
layer,blocks.8.norm2.weight,identity,0.7213060314688632,3.474266721627629e-05,99.59220886230469,0.14647866354328462,0.014677824360526448,1e-06,1e-06,vit,dp_kfm_a,pink,0.1,42,1,True
layer,blocks.8.norm2.bias,identity,0.7169370991880998,3.474266721627629e-05,99.59220886230469,0.23186801279629865,0.02323422322625632,1e-06,1e-06,vit,dp_kfm_a,pink,0.1,42,1,True
layer,blocks.9.norm1.weight,identity,0.7232845781269153,3.474266721627629e-05,99.59220886230469,0.3307971305395733,0.033147368112020154,1e-06,1e-06,vit,dp_kfm_a,pink,0.1,42,1,True
layer,blocks.9.norm1.bias,identity,0.7192420332762735,3.474266721627629e-05,99.59220886230469,0.4061933115645442,0.04070240633922213,1e-06,1e-06,vit,dp_kfm_a,pink,0.1,42,1,True
layer,blocks.9.norm2.weight,identity,0.7178842162365565,3.474266721627629e-05,99.59220886230469,0.556514973207458,0.055765316484665796,1e-06,1e-06,vit,dp_kfm_a,pink,0.1,42,1,True
layer,blocks.9.norm2.bias,identity,0.7202040711169818,3.474266721627629e-05,99.59220886230469,0.2208582406277417,0.02213099427652103,1e-06,1e-06,vit,dp_kfm_a,pink,0.1,42,1,True
layer,blocks.10.norm1.weight,identity,0.7213290639844787,3.474266721627629e-05,99.59220886230469,0.26494145863677127,0.02654833203433124,1e-06,1e-06,vit,dp_kfm_a,pink,0.1,42,1,True
layer,blocks.10.norm1.bias,identity,0.7198469624059669,3.474266721627629e-05,99.59220886230469,0.37537265131498043,0.03761403683286823,1e-06,1e-06,vit,dp_kfm_a,pink,0.1,42,1,True
layer,blocks.10.norm2.weight,identity,0.7199312728641792,3.474266721627629e-05,99.59220886230469,0.39032091084004955,0.03911192002279574,1e-06,1e-06,vit,dp_kfm_a,pink,0.1,42,1,True
layer,blocks.10.norm2.bias,identity,0.7191252260302871,3.474266721627629e-05,99.59220886230469,0.17778074170892594,0.01781443411870454,1e-06,1e-06,vit,dp_kfm_a,pink,0.1,42,1,True
layer,blocks.11.norm1.weight,identity,0.720534980469304,3.474266721627629e-05,99.59220886230469,0.21257775882050348,0.021301252560921198,1e-06,1e-06,vit,dp_kfm_a,pink,0.1,42,1,True
layer,blocks.11.norm1.bias,identity,0.7171724590845555,3.474266721627629e-05,99.59220886230469,0.358138064461239,0.03588705330744375,1e-06,1e-06,vit,dp_kfm_a,pink,0.1,42,1,True
layer,blocks.11.norm2.weight,identity,0.7189673708469886,3.474266721627629e-05,99.59220886230469,0.1738591686508467,0.017421474767689914,1e-06,1e-06,vit,dp_kfm_a,pink,0.1,42,1,True
layer,blocks.11.norm2.bias,identity,0.7201426606340551,3.474266721627629e-05,99.59220886230469,0.1593125481860112,0.01596383762752716,1e-06,1e-06,vit,dp_kfm_a,pink,0.1,42,1,True
layer,norm.weight,identity,0.7178287927595061,3.474266721627629e-05,99.59220886230469,0.12405434136953343,0.012430805891704083,1e-06,1e-06,vit,dp_kfm_a,pink,0.1,42,1,True
layer,norm.bias,identity,0.7239602659211286,3.474266721627629e-05,99.59220886230469,0.08053216230808602,0.008069686773065087,1e-06,1e-06,vit,dp_kfm_a,pink,0.1,42,1,True
group,attention_out,attention_out,0.7202773140238683,0.08046401727289565,230655.55572509766,9.266391158055127,0.019294284100459077,1e-06,1e-06,vit,dp_kfm_a,pink,0.1,42,1,True
group,attention_qkv,attention_qkv,0.7202347322221083,0.2413920518186876,691966.667175293,9.617017293744228,0.011561064116975852,1e-06,1e-06,vit,dp_kfm_a,pink,0.1,42,1,True
group,identity,identity,0.7203475488319954,0.008616181469636556,24698.867797851562,2.641889206152267,0.016810323754881458,1e-06,1e-06,vit,dp_kfm_a,pink,0.1,42,1,True
group,mlp_fc1,mlp_fc1,0.7201931917775661,0.3218560690915826,922622.2229003906,11.687482277035766,0.01216771446541966,1e-06,1e-06,vit,dp_kfm_a,pink,0.1,42,1,True
group,mlp_fc2,mlp_fc2,0.7201895037260473,0.3206053330717978,919036.9033813477,11.666399194545903,0.012169433379015515,1e-06,1e-06,vit,dp_kfm_a,pink,0.1,42,1,True
group,patch_head,patch_head,0.7202402753532238,0.027066347275396748,77587.51779794693,11.865990524675372,0.04259984983350794,1e-06,1e-06,vit,dp_kfm_a,pink,0.1,42,1,True
layer,patch_embed,patch_head,0.7200655256854303,0.026717111089316622,76586.4086151123,3.567873260715172,0.012892393916366924,1e-06,1e-06,vit,dp_kfm_a,pink,0.1,42,2,True
layer,blocks.0.attn.q_proj,attention_qkv,0.7201942364797408,0.006705334772741336,19221.296310424805,0.4216999606376482,0.003041670905320746,1e-06,1e-06,vit,dp_kfm_a,pink,0.1,42,2,True
layer,blocks.0.attn.k_proj,attention_qkv,0.7201352356748457,0.006705334772741336,19221.296310424805,0.6432465091806815,0.00463965941321299,1e-06,1e-06,vit,dp_kfm_a,pink,0.1,42,2,True
layer,blocks.0.attn.v_proj,attention_qkv,0.7200344706264129,0.006705334772741336,19221.296310424805,1.4654758863728816,0.010570300645248797,1e-06,1e-06,vit,dp_kfm_a,pink,0.1,42,2,True
layer,blocks.0.attn.out_proj,attention_out,0.7204183854192231,0.006705334772741336,19221.296310424805,1.6651803305454844,0.012010744691258573,1e-06,1e-06,vit,dp_kfm_a,pink,0.1,42,2,True
layer,blocks.0.mlp.fc1,mlp_fc1,0.7203063416065915,0.026821339090965342,76885.18524169922,1.985355732226032,0.007160065604811152,1e-06,1e-06,vit,dp_kfm_a,pink,0.1,42,2,True
layer,blocks.0.mlp.fc2,mlp_fc2,0.7200913365536321,0.026717111089316622,76586.4086151123,3.2431112455194913,0.011718876943363057,1e-06,1e-06,vit,dp_kfm_a,pink,0.1,42,2,True
layer,blocks.1.attn.q_proj,attention_qkv,0.7200601635355488,0.006705334772741336,19221.296310424805,0.25569427727130356,0.0018442919526412342,1e-06,1e-06,vit,dp_kfm_a,pink,0.1,42,2,True
layer,blocks.1.attn.k_proj,attention_qkv,0.7207509575857951,0.006705334772741336,19221.296310424805,0.35349601673496656,0.002549724092038555,1e-06,1e-06,vit,dp_kfm_a,pink,0.1,42,2,True
layer,blocks.1.attn.v_proj,attention_qkv,0.72017753080963,0.006705334772741336,19221.296310424805,1.4711375982257735,0.010611137889319697,1e-06,1e-06,vit,dp_kfm_a,pink,0.1,42,2,True
layer,blocks.1.attn.out_proj,attention_out,0.7201325184883456,0.006705334772741336,19221.296310424805,1.9185022096164785,0.013837924822094545,1e-06,1e-06,vit,dp_kfm_a,pink,0.1,42,2,True
layer,blocks.1.mlp.fc1,mlp_fc1,0.7200660244935188,0.026821339090965342,76885.18524169922,2.5706780176303003,0.009270995094889772,1e-06,1e-06,vit,dp_kfm_a,pink,0.1,42,2,True
layer,blocks.1.mlp.fc2,mlp_fc2,0.7201764198281485,0.026717111089316622,76586.4086151123,2.138438519990095,0.007727177999623986,1e-06,1e-06,vit,dp_kfm_a,pink,0.1,42,2,True
layer,blocks.2.attn.q_proj,attention_qkv,0.7203640134222592,0.006705334772741336,19221.296310424805,0.39665243377449605,0.0028610061179807395,1e-06,1e-06,vit,dp_kfm_a,pink,0.1,42,2,True
layer,blocks.2.attn.k_proj,attention_qkv,0.7206668233717853,0.006705334772741336,19221.296310424805,0.5197606488340589,0.0037489708106651586,1e-06,1e-06,vit,dp_kfm_a,pink,0.1,42,2,True
layer,blocks.2.attn.v_proj,attention_qkv,0.7205704843104467,0.006705334772741336,19221.296310424805,2.006685445416895,0.01447397985578623,1e-06,1e-06,vit,dp_kfm_a,pink,0.1,42,2,True
layer,blocks.2.attn.out_proj,attention_out,0.7204315085939142,0.006705334772741336,19221.296310424805,2.2258855194583367,0.01605504352638237,1e-06,1e-06,vit,dp_kfm_a,pink,0.1,42,2,True
layer,blocks.2.mlp.fc1,mlp_fc1,0.7202566074940341,0.026821339090965342,76885.18524169922,2.685600981251984,0.009685457826013518,1e-06,1e-06,vit,dp_kfm_a,pink,0.1,42,2,True
layer,blocks.2.mlp.fc2,mlp_fc2,0.7202565808439212,0.026717111089316622,76586.4086151123,2.486553625655209,0.008985080605046904,1e-06,1e-06,vit,dp_kfm_a,pink,0.1,42,2,True
layer,blocks.3.attn.q_proj,attention_qkv,0.7206491823782627,0.006705334772741336,19221.296310424805,0.4268220299618465,0.003078615772981848,1e-06,1e-06,vit,dp_kfm_a,pink,0.1,42,2,True
layer,blocks.3.attn.k_proj,attention_qkv,0.7204098246702607,0.006705334772741336,19221.296310424805,0.5970819679699606,0.004306680150787151,1e-06,1e-06,vit,dp_kfm_a,pink,0.1,42,2,True
layer,blocks.3.attn.v_proj,attention_qkv,0.7199964383030256,0.006705334772741336,19221.296310424805,1.8315015766448062,0.013210399759833957,1e-06,1e-06,vit,dp_kfm_a,pink,0.1,42,2,True
layer,blocks.3.attn.out_proj,attention_out,0.7200081466860295,0.006705334772741336,19221.296310424805,1.9629732623155876,0.014158689156336652,1e-06,1e-06,vit,dp_kfm_a,pink,0.1,42,2,True
layer,blocks.3.mlp.fc1,mlp_fc1,0.7201849342189628,0.026821339090965342,76885.18524169922,2.5379632324009065,0.009153011196746167,1e-06,1e-06,vit,dp_kfm_a,pink,0.1,42,2,True
layer,blocks.3.mlp.fc2,mlp_fc2,0.7202827024839353,0.026717111089316622,76586.4086151123,2.461000412732756,0.008892744901743627,1e-06,1e-06,vit,dp_kfm_a,pink,0.1,42,2,True
layer,blocks.4.attn.q_proj,attention_qkv,0.7204115518299721,0.006705334772741336,19221.296310424805,0.5543708208498966,0.003998609803017772,1e-06,1e-06,vit,dp_kfm_a,pink,0.1,42,2,True
layer,blocks.4.attn.k_proj,attention_qkv,0.720229777647492,0.006705334772741336,19221.296310424805,0.8038327450969395,0.005797948545711074,1e-06,1e-06,vit,dp_kfm_a,pink,0.1,42,2,True
layer,blocks.4.attn.v_proj,attention_qkv,0.7201373749580315,0.006705334772741336,19221.296310424805,1.6884932609152787,0.012178898043505401,1e-06,1e-06,vit,dp_kfm_a,pink,0.1,42,2,True
layer,blocks.4.attn.out_proj,attention_out,0.7202182085981939,0.006705334772741336,19221.296310424805,1.7898639530777785,0.012910072607848886,1e-06,1e-06,vit,dp_kfm_a,pink,0.1,42,2,True
layer,blocks.4.mlp.fc1,mlp_fc1,0.7201222394327007,0.026821339090965342,76885.18524169922,2.315283753319497,0.0083499310972013,1e-06,1e-06,vit,dp_kfm_a,pink,0.1,42,2,True
layer,blocks.4.mlp.fc2,mlp_fc2,0.7201284124935882,0.026717111089316622,76586.4086151123,2.313071485680048,0.008358208537969673,1e-06,1e-06,vit,dp_kfm_a,pink,0.1,42,2,True
layer,blocks.5.attn.q_proj,attention_qkv,0.7201132576812398,0.006705334772741336,19221.296310424805,0.4037744705657157,0.002912376509530501,1e-06,1e-06,vit,dp_kfm_a,pink,0.1,42,2,True
layer,blocks.5.attn.k_proj,attention_qkv,0.7203825617723769,0.006705334772741336,19221.296310424805,0.5948324022396869,0.004290454304759005,1e-06,1e-06,vit,dp_kfm_a,pink,0.1,42,2,True
layer,blocks.5.attn.v_proj,attention_qkv,0.7204440247220214,0.006705334772741336,19221.296310424805,1.6544838204331351,0.011933592055180523,1e-06,1e-06,vit,dp_kfm_a,pink,0.1,42,2,True
layer,blocks.5.attn.out_proj,attention_out,0.72020595784474,0.006705334772741336,19221.296310424805,1.6730787469910626,0.012067715015524894,1e-06,1e-06,vit,dp_kfm_a,pink,0.1,42,2,True
layer,blocks.5.mlp.fc1,mlp_fc1,0.7201823913749237,0.026821339090965342,76885.18524169922,2.179045604548189,0.007858596437499355,1e-06,1e-06,vit,dp_kfm_a,pink,0.1,42,2,True
layer,blocks.5.mlp.fc2,mlp_fc2,0.7201983074131838,0.026717111089316622,76586.4086151123,1.9694924600099457,0.007116696909988631,1e-06,1e-06,vit,dp_kfm_a,pink,0.1,42,2,True
layer,blocks.6.attn.q_proj,attention_qkv,0.7202784811730104,0.006705334772741336,19221.296310424805,0.3761691526860493,0.0027132626843839555,1e-06,1e-06,vit,dp_kfm_a,pink,0.1,42,2,True
layer,blocks.6.attn.k_proj,attention_qkv,0.7201177698069684,0.006705334772741336,19221.296310424805,0.5717966097336783,0.004124299914465532,1e-06,1e-06,vit,dp_kfm_a,pink,0.1,42,2,True
layer,blocks.6.attn.v_proj,attention_qkv,0.7203720025956644,0.006705334772741336,19221.296310424805,1.677778366801297,0.012101612805843006,1e-06,1e-06,vit,dp_kfm_a,pink,0.1,42,2,True
layer,blocks.6.attn.out_proj,attention_out,0.7202014710381909,0.006705334772741336,19221.296310424805,1.8823687264245559,0.013577298370134303,1e-06,1e-06,vit,dp_kfm_a,pink,0.1,42,2,True
layer,blocks.6.mlp.fc1,mlp_fc1,0.7203408066975497,0.026821339090965342,76885.18524169922,2.1854634503293493,0.007881742010904049,1e-06,1e-06,vit,dp_kfm_a,pink,0.1,42,2,True
layer,blocks.6.mlp.fc2,mlp_fc2,0.7202473715928123,0.026717111089316622,76586.4086151123,1.9964154375888388,0.007213982213300959,1e-06,1e-06,vit,dp_kfm_a,pink,0.1,42,2,True
layer,blocks.7.attn.q_proj,attention_qkv,0.7202069941813581,0.006705334772741336,19221.296310424805,0.35153871084370336,0.002535606280945412,1e-06,1e-06,vit,dp_kfm_a,pink,0.1,42,2,True
layer,blocks.7.attn.k_proj,attention_qkv,0.7203708825876223,0.006705334772741336,19221.296310424805,0.4878678086846665,0.0035189316050086806,1e-06,1e-06,vit,dp_kfm_a,pink,0.1,42,2,True
layer,blocks.7.attn.v_proj,attention_qkv,0.7201480730526446,0.006705334772741336,19221.296310424805,1.6891028490842683,0.012183294929374285,1e-06,1e-06,vit,dp_kfm_a,pink,0.1,42,2,True
layer,blocks.7.attn.out_proj,attention_out,0.7202574438590578,0.006705334772741336,19221.296310424805,1.6729352168323628,0.012066679749818218,1e-06,1e-06,vit,dp_kfm_a,pink,0.1,42,2,True
layer,blocks.7.mlp.fc1,mlp_fc1,0.7201483666310847,0.026821339090965342,76885.18524169922,2.0821945739746757,0.007509309042024687,1e-06,1e-06,vit,dp_kfm_a,pink,0.1,42,2,True
layer,blocks.7.mlp.fc2,mlp_fc2,0.7202292245915439,0.026717111089316622,76586.4086151123,2.044561755036378,0.007387957364546015,1e-06,1e-06,vit,dp_kfm_a,pink,0.1,42,2,True
layer,blocks.8.attn.q_proj,attention_qkv,0.7198919698200245,0.006705334772741336,19221.296310424805,0.362241962842268,0.0026128075454347993,1e-06,1e-06,vit,dp_kfm_a,pink,0.1,42,2,True
layer,blocks.8.attn.k_proj,attention_qkv,0.7201536862945644,0.006705334772741336,19221.296310424805,0.5331796491286028,0.003845760439748087,1e-06,1e-06,vit,dp_kfm_a,pink,0.1,42,2,True
layer,blocks.8.attn.v_proj,attention_qkv,0.7200878395126339,0.006705334772741336,19221.296310424805,1.7136708802343115,0.012360501172023936,1e-06,1e-06,vit,dp_kfm_a,pink,0.1,42,2,True
layer,blocks.8.attn.out_proj,attention_out,0.720231156890771,0.006705334772741336,19221.29631042481,1.7015612686501316,0.012273156005629697,1e-06,1e-06,vit,dp_kfm_a,pink,0.1,42,2,True
layer,blocks.8.mlp.fc1,mlp_fc1,0.7201776926447669,0.026821339090965342,76885.18524169922,2.018908585020237,0.007281071943038366,1e-06,1e-06,vit,dp_kfm_a,pink,0.1,42,2,True
layer,blocks.8.mlp.fc2,mlp_fc2,0.7203035831338831,0.026717111089316622,76586.4086151123,1.8269717346794614,0.006601702907135909,1e-06,1e-06,vit,dp_kfm_a,pink,0.1,42,2,True
layer,blocks.9.attn.q_proj,attention_qkv,0.720135233867961,0.006705334772741336,19221.296310424805,0.3731059082019615,0.002691167871737908,1e-06,1e-06,vit,dp_kfm_a,pink,0.1,42,2,True
layer,blocks.9.attn.k_proj,attention_qkv,0.7204401918347542,0.006705334772741336,19221.296310424805,0.5697438455711679,0.004109493574386309,1e-06,1e-06,vit,dp_kfm_a,pink,0.1,42,2,True
layer,blocks.9.attn.v_proj,attention_qkv,0.720293234957634,0.006705334772741336,19221.296310424805,1.5528282992238784,0.011200363053309443,1e-06,1e-06,vit,dp_kfm_a,pink,0.1,42,2,True
layer,blocks.9.attn.out_proj,attention_out,0.7204971854351924,0.006705334772741336,19221.296310424805,1.5311558184967389,0.01104404206628781,1e-06,1e-06,vit,dp_kfm_a,pink,0.1,42,2,True
layer,blocks.9.mlp.fc1,mlp_fc1,0.7202292226799255,0.026821339090965342,76885.18524169922,1.864345059066622,0.00672364791671641,1e-06,1e-06,vit,dp_kfm_a,pink,0.1,42,2,True
layer,blocks.9.mlp.fc2,mlp_fc2,0.7202378777095573,0.026717111089316622,76586.4086151123,1.5703551695199958,0.005674427300143712,1e-06,1e-06,vit,dp_kfm_a,pink,0.1,42,2,True
layer,blocks.10.attn.q_proj,attention_qkv,0.7202838185640991,0.006705334772741336,19221.296310424805,0.32333921250002157,0.002332206703845808,1e-06,1e-06,vit,dp_kfm_a,pink,0.1,42,2,True
layer,blocks.10.attn.k_proj,attention_qkv,0.720174248222838,0.006705334772741336,19221.296310424805,0.5238507115236885,0.003778471939062639,1e-06,1e-06,vit,dp_kfm_a,pink,0.1,42,2,True
layer,blocks.10.attn.v_proj,attention_qkv,0.7201148618364911,0.006705334772741336,19221.296310424805,1.4753098818139063,0.010641232067131764,1e-06,1e-06,vit,dp_kfm_a,pink,0.1,42,2,True
layer,blocks.10.attn.out_proj,attention_out,0.7200689003950382,0.006705334772741336,19221.296310424805,1.4671249951959888,0.010582195468097171,1e-06,1e-06,vit,dp_kfm_a,pink,0.1,42,2,True
layer,blocks.10.mlp.fc1,mlp_fc1,0.7200686345343182,0.026821339090965342,76885.18524169922,1.680598175875462,0.006060975874133317,1e-06,1e-06,vit,dp_kfm_a,pink,0.1,42,2,True
layer,blocks.10.mlp.fc2,mlp_fc2,0.7201732474950743,0.026717111089316622,76586.4086151123,1.3392889389474587,0.004839476995683043,1e-06,1e-06,vit,dp_kfm_a,pink,0.1,42,2,True
layer,blocks.11.attn.q_proj,attention_qkv,0.7199906425682342,0.006705334772741336,19221.296310424805,0.47505736114326413,0.003426531393465142,1e-06,1e-06,vit,dp_kfm_a,pink,0.1,42,2,True
layer,blocks.11.attn.k_proj,attention_qkv,0.7199543063372015,0.006705334772741336,19221.296310424805,0.6288665355620835,0.004535938399559509,1e-06,1e-06,vit,dp_kfm_a,pink,0.1,42,2,True
layer,blocks.11.attn.v_proj,attention_qkv,0.7201170658406715,0.006705334772741336,19221.296310424805,1.4681024652502082,0.01058924584159079,1e-06,1e-06,vit,dp_kfm_a,pink,0.1,42,2,True
layer,blocks.11.attn.out_proj,attention_out,0.7198362062352534,0.006705334772741336,19221.296310424805,1.3029829293223092,0.009398258563402468,1e-06,1e-06,vit,dp_kfm_a,pink,0.1,42,2,True
layer,blocks.11.mlp.fc1,mlp_fc1,0.7201437420322584,0.026821339090965342,76885.18524169922,1.3663407718949578,0.004927625516424285,1e-06,1e-06,vit,dp_kfm_a,pink,0.1,42,2,True
layer,blocks.11.mlp.fc2,mlp_fc2,0.7201468270248976,0.026717111089316622,76586.4086151123,1.3281280434460803,0.004799147463003861,1e-06,1e-06,vit,dp_kfm_a,pink,0.1,42,2,True
layer,head,patch_head,0.720207689399678,0.0003492361860802786,1001.1091828346252,5.176233307311109,0.1635961656307572,1e-06,1e-06,vit,dp_kfm_a,pink,0.1,42,2,True
layer,cls_token,identity,0.7152104047730433,3.474266721627629e-05,99.59220886230469,0.12175842695366208,0.012200744886723642,1e-06,1e-06,vit,dp_kfm_a,pink,0.1,42,2,True
layer,pos_embed,identity,0.7199688138306861,0.006844305441606457,19619.665145874023,0.490355458200965,0.0035007832179341047,1e-06,1e-06,vit,dp_kfm_a,pink,0.1,42,2,True
layer,blocks.0.norm1.weight,identity,0.7169253236502254,3.474266721627629e-05,99.59220886230469,0.6092754690442589,0.06105215671336587,1e-06,1e-06,vit,dp_kfm_a,pink,0.1,42,2,True
layer,blocks.0.norm1.bias,identity,0.7197689869258335,3.474266721627629e-05,99.59220886230469,0.3691140660554383,0.03698689829294155,1e-06,1e-06,vit,dp_kfm_a,pink,0.1,42,2,True
layer,blocks.0.norm2.weight,identity,0.7266318369770224,3.474266721627629e-05,99.59220886230469,0.1957432051194639,0.01961435416606593,1e-06,1e-06,vit,dp_kfm_a,pink,0.1,42,2,True
layer,blocks.0.norm2.bias,identity,0.7162264204315456,3.474266721627629e-05,99.59220886230469,0.15924207226657652,0.015956775621757267,1e-06,1e-06,vit,dp_kfm_a,pink,0.1,42,2,True
layer,blocks.1.norm1.weight,identity,0.7157387600120085,3.474266721627629e-05,99.59220886230469,0.26100630842918565,0.026154012191549766,1e-06,1e-06,vit,dp_kfm_a,pink,0.1,42,2,True
layer,blocks.1.norm1.bias,identity,0.7196196702061021,3.474266721627629e-05,99.59220886230469,0.30295667799334947,0.030357628891943926,1e-06,1e-06,vit,dp_kfm_a,pink,0.1,42,2,True
layer,blocks.1.norm2.weight,identity,0.7213795952389972,3.474266721627629e-05,99.59220886230469,0.30224238804730835,0.030286053809833888,1e-06,1e-06,vit,dp_kfm_a,pink,0.1,42,2,True
layer,blocks.1.norm2.bias,identity,0.715185956048747,3.474266721627629e-05,99.59220886230469,0.2637787464828711,0.02643182301954389,1e-06,1e-06,vit,dp_kfm_a,pink,0.1,42,2,True
layer,blocks.2.norm1.weight,identity,0.7212839069188606,3.474266721627629e-05,99.59220886230469,0.2550279152561451,0.025554950165522113,1e-06,1e-06,vit,dp_kfm_a,pink,0.1,42,2,True
layer,blocks.2.norm1.bias,identity,0.7232180945300334,3.474266721627629e-05,99.59220886230469,0.3223830848438218,0.03230424269090926,1e-06,1e-06,vit,dp_kfm_a,pink,0.1,42,2,True
layer,blocks.2.norm2.weight,identity,0.7199446144968231,3.474266721627629e-05,99.59220886230469,0.21586872440888155,0.021631022192308325,1e-06,1e-06,vit,dp_kfm_a,pink,0.1,42,2,True
layer,blocks.2.norm2.bias,identity,0.7188078892538922,3.474266721627629e-05,99.59220886230469,0.2922510977783297,0.029284881351295113,1e-06,1e-06,vit,dp_kfm_a,pink,0.1,42,2,True
layer,blocks.3.norm1.weight,identity,0.717583679563228,3.474266721627629e-05,99.59220886230469,0.20951609786655628,0.020994460290658285,1e-06,1e-06,vit,dp_kfm_a,pink,0.1,42,2,True
layer,blocks.3.norm1.bias,identity,0.7135626694587358,3.474266721627629e-05,99.59220886230469,0.2934674868633717,0.029406769037272188,1e-06,1e-06,vit,dp_kfm_a,pink,0.1,42,2,True
layer,blocks.3.norm2.weight,identity,0.7170663444881128,3.474266721627629e-05,99.59220886230469,0.20950559868988294,0.020993408225685743,1e-06,1e-06,vit,dp_kfm_a,pink,0.1,42,2,True
layer,blocks.3.norm2.bias,identity,0.7156169136988616,3.474266721627629e-05,99.59220886230469,0.23745482422897032,0.023794046991441792,1e-06,1e-06,vit,dp_kfm_a,pink,0.1,42,2,True
layer,blocks.4.norm1.weight,identity,0.7199075476279626,3.474266721627629e-05,99.59220886230469,0.19526356286179694,0.019566291843242753,1e-06,1e-06,vit,dp_kfm_a,pink,0.1,42,2,True
layer,blocks.4.norm1.bias,identity,0.7193581622105943,3.474266721627629e-05,99.59220886230469,0.29646118522120357,0.029706751148125248,1e-06,1e-06,vit,dp_kfm_a,pink,0.1,42,2,True
layer,blocks.4.norm2.weight,identity,0.7192126097931189,3.474266721627629e-05,99.59220886230469,0.17146887153890086,0.017181956189830632,1e-06,1e-06,vit,dp_kfm_a,pink,0.1,42,2,True
layer,blocks.4.norm2.bias,identity,0.7169164833604049,3.474266721627629e-05,99.59220886230469,0.2153902500669818,0.021583076899925516,1e-06,1e-06,vit,dp_kfm_a,pink,0.1,42,2,True
layer,blocks.5.norm1.weight,identity,0.7191136536134366,3.474266721627629e-05,99.59220886230469,0.1668890467373579,0.016723037037969558,1e-06,1e-06,vit,dp_kfm_a,pink,0.1,42,2,True
layer,blocks.5.norm1.bias,identity,0.7195532465872327,3.474266721627629e-05,99.59220886230469,0.22808552244770305,0.022855200591566156,1e-06,1e-06,vit,dp_kfm_a,pink,0.1,42,2,True
layer,blocks.5.norm2.weight,identity,0.7195198695094748,3.474266721627629e-05,99.59220886230469,0.15108270459950146,0.015139170090594723,1e-06,1e-06,vit,dp_kfm_a,pink,0.1,42,2,True
layer,blocks.5.norm2.bias,identity,0.720620680956005,3.474266721627629e-05,99.59220886230469,0.1849676039961359,0.01853459021381932,1e-06,1e-06,vit,dp_kfm_a,pink,0.1,42,2,True
layer,blocks.6.norm1.weight,identity,0.7169758538019747,3.474266721627629e-05,99.59220886230469,0.15090556679223857,0.015121420081414427,1e-06,1e-06,vit,dp_kfm_a,pink,0.1,42,2,True
layer,blocks.6.norm1.bias,identity,0.7141502684928493,3.474266721627629e-05,99.59220886230469,0.2358013255134881,0.023628358944192306,1e-06,1e-06,vit,dp_kfm_a,pink,0.1,42,2,True
layer,blocks.6.norm2.weight,identity,0.721506524723181,3.474266721627629e-05,99.59220886230469,0.12905481207534442,0.012931875665037743,1e-06,1e-06,vit,dp_kfm_a,pink,0.1,42,2,True
layer,blocks.6.norm2.bias,identity,0.7186826863680121,3.474266721627629e-05,99.59220886230469,0.15740798760612854,0.015772992046339574,1e-06,1e-06,vit,dp_kfm_a,pink,0.1,42,2,True
layer,blocks.7.norm1.weight,identity,0.7210168400435194,3.474266721627629e-05,99.59220886230469,0.13530043387104618,0.013557715207275898,1e-06,1e-06,vit,dp_kfm_a,pink,0.1,42,2,True
layer,blocks.7.norm1.bias,identity,0.7209307252678557,3.474266721627629e-05,99.59220886230469,0.19087382792423466,0.019126420555205196,1e-06,1e-06,vit,dp_kfm_a,pink,0.1,42,2,True
layer,blocks.7.norm2.weight,identity,0.7240715920773113,3.474266721627629e-05,99.59220886230469,0.09400785588315846,0.009420012196895429,1e-06,1e-06,vit,dp_kfm_a,pink,0.1,42,2,True
layer,blocks.7.norm2.bias,identity,0.7223389042964989,3.474266721627629e-05,99.59220886230469,0.12581534521864088,0.012607266439405445,1e-06,1e-06,vit,dp_kfm_a,pink,0.1,42,2,True
layer,blocks.8.norm1.weight,identity,0.7159235814948345,3.474266721627629e-05,99.59220886230469,0.1778286025381359,0.0178192299901844,1e-06,1e-06,vit,dp_kfm_a,pink,0.1,42,2,True
layer,blocks.8.norm1.bias,identity,0.7186624148092075,3.474266721627629e-05,99.59220886230469,0.18784505072479948,0.018822923385821616,1e-06,1e-06,vit,dp_kfm_a,pink,0.1,42,2,True
layer,blocks.8.norm2.weight,identity,0.7173235839005981,3.474266721627629e-05,99.59220886230469,0.07311055307295904,0.007326007972408459,1e-06,1e-06,vit,dp_kfm_a,pink,0.1,42,2,True
layer,blocks.8.norm2.bias,identity,0.7205906442342012,3.474266721627629e-05,99.59220886230469,0.11056014863468157,0.01107862676842364,1e-06,1e-06,vit,dp_kfm_a,pink,0.1,42,2,True
layer,blocks.9.norm1.weight,identity,0.7196421115932766,3.474266721627629e-05,99.59220886230469,0.16988281145664702,0.017023025798540696,1e-06,1e-06,vit,dp_kfm_a,pink,0.1,42,2,True
layer,blocks.9.norm1.bias,identity,0.7178677275958909,3.474266721627629e-05,99.59220886230469,0.19452511283399312,0.019492295811705185,1e-06,1e-06,vit,dp_kfm_a,pink,0.1,42,2,True
layer,blocks.9.norm2.weight,identity,0.7247642421242889,3.474266721627629e-05,99.59220886230469,0.2987535824356105,0.02993645971361666,1e-06,1e-06,vit,dp_kfm_a,pink,0.1,42,2,True
layer,blocks.9.norm2.bias,identity,0.7188324011138731,3.474266721627629e-05,99.59220886230469,0.1086709873858267,0.010889324269829973,1e-06,1e-06,vit,dp_kfm_a,pink,0.1,42,2,True
layer,blocks.10.norm1.weight,identity,0.722374955377241,3.474266721627629e-05,99.59220886230469,0.11973696702292945,0.011998185462044236,1e-06,1e-06,vit,dp_kfm_a,pink,0.1,42,2,True
layer,blocks.10.norm1.bias,identity,0.7211095277604967,3.474266721627629e-05,99.59220886230469,0.17716813420117394,0.017753048076647526,1e-06,1e-06,vit,dp_kfm_a,pink,0.1,42,2,True
layer,blocks.10.norm2.weight,identity,0.7185766567413228,3.474266721627629e-05,99.59220886230469,0.1330688417938819,0.013334099591454282,1e-06,1e-06,vit,dp_kfm_a,pink,0.1,42,2,True
layer,blocks.10.norm2.bias,identity,0.7237273146539503,3.474266721627629e-05,99.59220886230469,0.0860567715353865,0.008623277596037728,1e-06,1e-06,vit,dp_kfm_a,pink,0.1,42,2,True
layer,blocks.11.norm1.weight,identity,0.7204283767559857,3.474266721627629e-05,99.59220886230469,0.1305974270142684,0.013086452656537654,1e-06,1e-06,vit,dp_kfm_a,pink,0.1,42,2,True
layer,blocks.11.norm1.bias,identity,0.716302599278222,3.474266721627629e-05,99.59220886230469,0.16024848406138895,0.01605762263388373,1e-06,1e-06,vit,dp_kfm_a,pink,0.1,42,2,True
layer,blocks.11.norm2.weight,identity,0.7197767103831738,3.474266721627629e-05,99.59220886230469,0.09774661575297532,0.009794652839893513,1e-06,1e-06,vit,dp_kfm_a,pink,0.1,42,2,True
layer,blocks.11.norm2.bias,identity,0.7177793851107442,3.474266721627629e-05,99.59220886230469,0.07347141927817996,0.007362168397754761,1e-06,1e-06,vit,dp_kfm_a,pink,0.1,42,2,True
layer,norm.weight,identity,0.7256929912148831,3.474266721627629e-05,99.59220886230469,0.06354058983563121,0.006367054387385583,1e-06,1e-06,vit,dp_kfm_a,pink,0.1,42,2,True
layer,norm.bias,identity,0.7215944608358688,3.474266721627629e-05,99.59220886230469,0.031865191239864435,0.0031930362342165067,1e-06,1e-06,vit,dp_kfm_a,pink,0.1,42,2,True
group,attention_out,attention_out,0.7202133178731994,0.08046401727289565,230655.55572509766,6.068944019474642,0.012636627151200723,1e-06,1e-06,vit,dp_kfm_a,pink,0.1,42,2,True
group,attention_qkv,attention_qkv,0.7202509694196251,0.2413920518186876,691966.667175293,6.2243657216612025,0.007482599749762468,1e-06,1e-06,vit,dp_kfm_a,pink,0.1,42,2,True
group,identity,identity,0.7200398570804417,0.008616181469636556,24698.867797851562,1.655901823236786,0.010536492480489153,1e-06,1e-06,vit,dp_kfm_a,pink,0.1,42,2,True
group,mlp_fc1,mlp_fc1,0.720186739263839,0.3218560690915826,922622.2229003906,7.4729026242213505,0.007779960063603384,1e-06,1e-06,vit,dp_kfm_a,pink,0.1,42,2,True
group,mlp_fc2,mlp_fc2,0.7202071490794968,0.3206053330717978,919036.9033813477,7.3680241886262205,0.0076857201612285245,1e-06,1e-06,vit,dp_kfm_a,pink,0.1,42,2,True
group,patch_head,patch_head,0.7200686852797612,0.027066347275396748,77587.51779794693,6.312946515161353,0.022663980136643343,1e-06,1e-06,vit,dp_kfm_a,pink,0.1,42,2,True
layer,patch_embed,patch_head,0.7202817569430525,0.026717111089316622,76586.4086151123,3.1325563630416857,0.011319390473376791,1e-06,1e-06,vit,dp_kfm_a,pink,0.1,42,3,True
layer,blocks.0.attn.q_proj,attention_qkv,0.7204170774160654,0.006705334772741336,19221.296310424805,0.3612172674155973,0.002605416541031082,1e-06,1e-06,vit,dp_kfm_a,pink,0.1,42,3,True
layer,blocks.0.attn.k_proj,attention_qkv,0.7201238555677291,0.006705334772741336,19221.296310424805,0.5323005044397658,0.0038394192752443986,1e-06,1e-06,vit,dp_kfm_a,pink,0.1,42,3,True
layer,blocks.0.attn.v_proj,attention_qkv,0.7199923300018258,0.006705334772741336,19221.296310424805,1.2433473515688456,0.008968114340717648,1e-06,1e-06,vit,dp_kfm_a,pink,0.1,42,3,True
layer,blocks.0.attn.out_proj,attention_out,0.720367457054949,0.006705334772741336,19221.296310424805,1.4303099652576112,0.010316653101736135,1e-06,1e-06,vit,dp_kfm_a,pink,0.1,42,3,True
layer,blocks.0.mlp.fc1,mlp_fc1,0.7202349011344517,0.026821339090965342,76885.18524169922,1.6818946327225028,0.006065651467493205,1e-06,1e-06,vit,dp_kfm_a,pink,0.1,42,3,True
layer,blocks.0.mlp.fc2,mlp_fc2,0.7202605193768579,0.026717111089316622,76586.4086151123,2.7439571784010752,0.009915199966071181,1e-06,1e-06,vit,dp_kfm_a,pink,0.1,42,3,True
layer,blocks.1.attn.q_proj,attention_qkv,0.7197921519462339,0.006705334772741336,19221.296310424805,0.2153103887146353,0.0015530078399256515,1e-06,1e-06,vit,dp_kfm_a,pink,0.1,42,3,True
layer,blocks.1.attn.k_proj,attention_qkv,0.7202318708028523,0.006705334772741336,19221.296310424805,0.28971710518761745,0.0020896945029125367,1e-06,1e-06,vit,dp_kfm_a,pink,0.1,42,3,True
layer,blocks.1.attn.v_proj,attention_qkv,0.7201839068269007,0.006705334772741336,19221.296310424805,1.2424986832236884,0.008961992998401586,1e-06,1e-06,vit,dp_kfm_a,pink,0.1,42,3,True
layer,blocks.1.attn.out_proj,attention_out,0.7203699250778461,0.006705334772741336,19221.296310424805,1.5894288317188474,0.01146435827550691,1e-06,1e-06,vit,dp_kfm_a,pink,0.1,42,3,True
layer,blocks.1.mlp.fc1,mlp_fc1,0.7202953319446777,0.026821339090965342,76885.18524169922,2.1579026371222487,0.007782345601745916,1e-06,1e-06,vit,dp_kfm_a,pink,0.1,42,3,True
layer,blocks.1.mlp.fc2,mlp_fc2,0.7200897356682198,0.026717111089316622,76586.4086151123,1.7654135727105231,0.006379264492181669,1e-06,1e-06,vit,dp_kfm_a,pink,0.1,42,3,True
layer,blocks.2.attn.q_proj,attention_qkv,0.7202475502318333,0.006705334772741336,19221.296310424805,0.3384961952534712,0.002441532190582648,1e-06,1e-06,vit,dp_kfm_a,pink,0.1,42,3,True
layer,blocks.2.attn.k_proj,attention_qkv,0.720126263158912,0.006705334772741336,19221.296310424805,0.44783422433357944,0.0032301741942366243,1e-06,1e-06,vit,dp_kfm_a,pink,0.1,42,3,True
layer,blocks.2.attn.v_proj,attention_qkv,0.720301610241865,0.006705334772741336,19221.296310424805,1.690680868694044,0.012194676994309308,1e-06,1e-06,vit,dp_kfm_a,pink,0.1,42,3,True
layer,blocks.2.attn.out_proj,attention_out,0.7202849173365728,0.006705334772741336,19221.296310424805,1.8597361403695938,0.013414052259294122,1e-06,1e-06,vit,dp_kfm_a,pink,0.1,42,3,True
layer,blocks.2.mlp.fc1,mlp_fc1,0.7198907775156665,0.026821339090965342,76885.18524169922,2.2638774141877347,0.008164537238200584,1e-06,1e-06,vit,dp_kfm_a,pink,0.1,42,3,True
layer,blocks.2.mlp.fc2,mlp_fc2,0.7201439141585251,0.026717111089316622,76586.4086151123,2.0829110254052092,0.007526531205002762,1e-06,1e-06,vit,dp_kfm_a,pink,0.1,42,3,True
layer,blocks.3.attn.q_proj,attention_qkv,0.7201593319880574,0.006705334772741336,19221.296310424805,0.35510248947154943,0.0025613113859421816,1e-06,1e-06,vit,dp_kfm_a,pink,0.1,42,3,True
layer,blocks.3.attn.k_proj,attention_qkv,0.7202621796155889,0.006705334772741336,19221.296310424805,0.49891780186188106,0.0035986338717584887,1e-06,1e-06,vit,dp_kfm_a,pink,0.1,42,3,True
layer,blocks.3.attn.v_proj,attention_qkv,0.7201950509267494,0.006705334772741336,19221.296310424805,1.514749081291962,0.010925702251573209,1e-06,1e-06,vit,dp_kfm_a,pink,0.1,42,3,True
layer,blocks.3.attn.out_proj,attention_out,0.7199291767785025,0.006705334772741336,19221.296310424805,1.6272141876715052,0.011736899486263956,1e-06,1e-06,vit,dp_kfm_a,pink,0.1,42,3,True
layer,blocks.3.mlp.fc1,mlp_fc1,0.7203168797952991,0.026821339090965342,76885.18524169922,2.081554760782671,0.007507001594369229,1e-06,1e-06,vit,dp_kfm_a,pink,0.1,42,3,True
layer,blocks.3.mlp.fc2,mlp_fc2,0.7201414241192429,0.026717111089316622,76586.4086151123,2.033569154933416,0.007348235961812091,1e-06,1e-06,vit,dp_kfm_a,pink,0.1,42,3,True
layer,blocks.4.attn.q_proj,attention_qkv,0.720463320620221,0.006705334772741336,19221.296310424805,0.4567609698747519,0.0032945617321219296,1e-06,1e-06,vit,dp_kfm_a,pink,0.1,42,3,True
layer,blocks.4.attn.k_proj,attention_qkv,0.7201289815459898,0.006705334772741336,19221.296310424805,0.6575727708364493,0.004742993008963085,1e-06,1e-06,vit,dp_kfm_a,pink,0.1,42,3,True
layer,blocks.4.attn.v_proj,attention_qkv,0.7199669131937569,0.006705334772741336,19221.296310424805,1.4333878658387955,0.01033885362704115,1e-06,1e-06,vit,dp_kfm_a,pink,0.1,42,3,True
layer,blocks.4.attn.out_proj,attention_out,0.7201076406711515,0.006705334772741336,19221.296310424805,1.5038609802467724,0.010847167693226877,1e-06,1e-06,vit,dp_kfm_a,pink,0.1,42,3,True
layer,blocks.4.mlp.fc1,mlp_fc1,0.7201649905907236,0.026821339090965342,76885.18524169922,1.9056176356271504,0.006872494972715602,1e-06,1e-06,vit,dp_kfm_a,pink,0.1,42,3,True
layer,blocks.4.mlp.fc2,mlp_fc2,0.7201625111567006,0.026717111089316622,76586.4086151123,1.9229049868909194,0.006948354591994347,1e-06,1e-06,vit,dp_kfm_a,pink,0.1,42,3,True
layer,blocks.5.attn.q_proj,attention_qkv,0.7203865919219927,0.006705334772741336,19221.296310424805,0.33470596369304756,0.0024141937079222822,1e-06,1e-06,vit,dp_kfm_a,pink,0.1,42,3,True
layer,blocks.5.attn.k_proj,attention_qkv,0.7202770811636102,0.006705334772741336,19221.296310424805,0.49608773507220166,0.0035782209416712653,1e-06,1e-06,vit,dp_kfm_a,pink,0.1,42,3,True
layer,blocks.5.attn.v_proj,attention_qkv,0.7206699392802878,0.006705334772741336,19221.296310424805,1.3472433488585003,0.009717503626069681,1e-06,1e-06,vit,dp_kfm_a,pink,0.1,42,3,True
layer,blocks.5.attn.out_proj,attention_out,0.7202678741861475,0.006705334772741336,19221.296310424805,1.354645062758031,0.00977089129483699,1e-06,1e-06,vit,dp_kfm_a,pink,0.1,42,3,True
layer,blocks.5.mlp.fc1,mlp_fc1,0.7202011326186988,0.026821339090965342,76885.18524169922,1.7181848458754203,0.006196529930616852,1e-06,1e-06,vit,dp_kfm_a,pink,0.1,42,3,True
layer,blocks.5.mlp.fc2,mlp_fc2,0.7200562837674331,0.026717111089316622,76586.4086151123,1.5580854547470748,0.005630091085111714,1e-06,1e-06,vit,dp_kfm_a,pink,0.1,42,3,True
layer,blocks.6.attn.q_proj,attention_qkv,0.7200030648614909,0.006705334772741336,19221.296310424805,0.3038911488096604,0.0021919301683622646,1e-06,1e-06,vit,dp_kfm_a,pink,0.1,42,3,True
layer,blocks.6.attn.k_proj,attention_qkv,0.7205651332941003,0.006705334772741336,19221.296310424805,0.4625125920730269,0.0033360474886594345,1e-06,1e-06,vit,dp_kfm_a,pink,0.1,42,3,True
layer,blocks.6.attn.v_proj,attention_qkv,0.7201755850171575,0.006705334772741336,19221.296310424805,1.3217502524389386,0.009533624999311775,1e-06,1e-06,vit,dp_kfm_a,pink,0.1,42,3,True
layer,blocks.6.attn.out_proj,attention_out,0.7203533000017247,0.006705334772741336,19221.296310424805,1.4952112535173443,0.010784778258586918,1e-06,1e-06,vit,dp_kfm_a,pink,0.1,42,3,True
layer,blocks.6.mlp.fc1,mlp_fc1,0.7203367290209922,0.026821339090965342,76885.18524169922,1.6903697367635238,0.006096216418628323,1e-06,1e-06,vit,dp_kfm_a,pink,0.1,42,3,True
layer,blocks.6.mlp.fc2,mlp_fc2,0.7201402151124564,0.026717111089316622,76586.4086151123,1.5200187777567453,0.005492538386631607,1e-06,1e-06,vit,dp_kfm_a,pink,0.1,42,3,True
layer,blocks.7.attn.q_proj,attention_qkv,0.7200930854721547,0.006705334772741336,19221.296310424805,0.26844042637883164,0.001936228387343824,1e-06,1e-06,vit,dp_kfm_a,pink,0.1,42,3,True
layer,blocks.7.attn.k_proj,attention_qkv,0.7200586228767508,0.006705334772741336,19221.296310424805,0.3837594503358945,0.002768010584975049,1e-06,1e-06,vit,dp_kfm_a,pink,0.1,42,3,True
layer,blocks.7.attn.v_proj,attention_qkv,0.7204116828914637,0.006705334772741336,19221.296310424805,1.2838010609445905,0.00925990206257195,1e-06,1e-06,vit,dp_kfm_a,pink,0.1,42,3,True
layer,blocks.7.attn.out_proj,attention_out,0.7205302128481641,0.006705334772741336,19221.296310424805,1.2397236315877465,0.008941976885976428,1e-06,1e-06,vit,dp_kfm_a,pink,0.1,42,3,True
layer,blocks.7.mlp.fc1,mlp_fc1,0.7203006032367804,0.026821339090965342,76885.18524169922,1.5178748318423045,0.005474123956464479,1e-06,1e-06,vit,dp_kfm_a,pink,0.1,42,3,True
layer,blocks.7.mlp.fc2,mlp_fc2,0.7202595502648602,0.026717111089316622,76586.4086151123,1.425643372233162,0.005151515930081954,1e-06,1e-06,vit,dp_kfm_a,pink,0.1,42,3,True
layer,blocks.8.attn.q_proj,attention_qkv,0.7201016183978137,0.006705334772741336,19221.296310424805,0.26559380730372756,0.0019156960676201447,1e-06,1e-06,vit,dp_kfm_a,pink,0.1,42,3,True
layer,blocks.8.attn.k_proj,attention_qkv,0.7201364182093342,0.006705334772741336,19221.296310424805,0.38300834160193864,0.002762592928356463,1e-06,1e-06,vit,dp_kfm_a,pink,0.1,42,3,True
layer,blocks.8.attn.v_proj,attention_qkv,0.7204456982575469,0.006705334772741336,19221.296310424805,1.1733167357757117,0.00846299196361905,1e-06,1e-06,vit,dp_kfm_a,pink,0.1,42,3,True
layer,blocks.8.attn.out_proj,attention_out,0.7201464698427054,0.006705334772741336,19221.296310424805,1.1554776123364314,0.008334320519923317,1e-06,1e-06,vit,dp_kfm_a,pink,0.1,42,3,True
layer,blocks.8.mlp.fc1,mlp_fc1,0.7202477919339046,0.026821339090965342,76885.18524169922,1.3998154086504269,0.005048349773229199,1e-06,1e-06,vit,dp_kfm_a,pink,0.1,42,3,True
layer,blocks.8.mlp.fc2,mlp_fc2,0.7202013764327619,0.026717111089316622,76586.4086151123,1.2248022860796435,0.004425783201346202,1e-06,1e-06,vit,dp_kfm_a,pink,0.1,42,3,True
layer,blocks.9.attn.q_proj,attention_qkv,0.7203681881276318,0.006705334772741336,19221.296310424805,0.2712867462039902,0.001956758548613773,1e-06,1e-06,vit,dp_kfm_a,pink,0.1,42,3,True
layer,blocks.9.attn.k_proj,attention_qkv,0.7202282262390609,0.006705334772741336,19221.296310424805,0.41388776508317704,0.0029853224819327514,1e-06,1e-06,vit,dp_kfm_a,pink,0.1,42,3,True
layer,blocks.9.attn.v_proj,attention_qkv,0.7199208609954402,0.006705334772741336,19221.296310424805,1.0409280583204574,0.007508088416081015,1e-06,1e-06,vit,dp_kfm_a,pink,0.1,42,3,True
layer,blocks.9.attn.out_proj,attention_out,0.7203596749905838,0.006705334772741336,19221.296310424805,0.9930195431992224,0.007162530080384159,1e-06,1e-06,vit,dp_kfm_a,pink,0.1,42,3,True
layer,blocks.9.mlp.fc1,mlp_fc1,0.7202075471670103,0.026821339090965342,76885.18524169922,1.220413175057569,0.004401346447163169,1e-06,1e-06,vit,dp_kfm_a,pink,0.1,42,3,True
layer,blocks.9.mlp.fc2,mlp_fc2,0.7202984807216983,0.026717111089316622,76586.4086151123,0.9909782476691857,0.0035808676480120314,1e-06,1e-06,vit,dp_kfm_a,pink,0.1,42,3,True
layer,blocks.10.attn.q_proj,attention_qkv,0.7201486423621623,0.006705334772741336,19221.29631042481,0.22879483483907054,0.0016502695218784799,1e-06,1e-06,vit,dp_kfm_a,pink,0.1,42,3,True
layer,blocks.10.attn.k_proj,attention_qkv,0.7200274395636145,0.006705334772741336,19221.29631042481,0.3705320900398262,0.0026726032320649137,1e-06,1e-06,vit,dp_kfm_a,pink,0.1,42,3,True
layer,blocks.10.attn.v_proj,attention_qkv,0.7199667464301088,0.006705334772741336,19221.29631042481,0.9291434235729669,0.006701799341120668,1e-06,1e-06,vit,dp_kfm_a,pink,0.1,42,3,True
layer,blocks.10.attn.out_proj,attention_out,0.7200949817738174,0.006705334772741336,19221.296310424805,0.8930236025767891,0.006441271432928923,1e-06,1e-06,vit,dp_kfm_a,pink,0.1,42,3,True
layer,blocks.10.mlp.fc1,mlp_fc1,0.7200222492471764,0.026821339090965342,76885.18524169922,1.0391170692336047,0.0037475129852168206,1e-06,1e-06,vit,dp_kfm_a,pink,0.1,42,3,True
layer,blocks.10.mlp.fc2,mlp_fc2,0.7203096652688893,0.026717111089316622,76586.4086151123,0.8222690056731875,0.002971242292455513,1e-06,1e-06,vit,dp_kfm_a,pink,0.1,42,3,True
layer,blocks.11.attn.q_proj,attention_qkv,0.7201033444900593,0.006705334772741336,19221.296310424805,0.3150841239845743,0.0022726637469996317,1e-06,1e-06,vit,dp_kfm_a,pink,0.1,42,3,True
layer,blocks.11.attn.k_proj,attention_qkv,0.7200866162786483,0.006705334772741336,19221.296310424805,0.42509472403569276,0.003066156923869728,1e-06,1e-06,vit,dp_kfm_a,pink,0.1,42,3,True
layer,blocks.11.attn.v_proj,attention_qkv,0.7202791277656732,0.006705334772741336,19221.296310424805,0.9212683676074689,0.006644997513176919,1e-06,1e-06,vit,dp_kfm_a,pink,0.1,42,3,True
layer,blocks.11.attn.out_proj,attention_out,0.7202219131926029,0.006705334772741336,19221.296310424805,0.8232565164355254,0.005938049863394009,1e-06,1e-06,vit,dp_kfm_a,pink,0.1,42,3,True
layer,blocks.11.mlp.fc1,mlp_fc1,0.7201912305539342,0.026821339090965342,76885.18524169922,0.8151664607998584,0.002939848634392847,1e-06,1e-06,vit,dp_kfm_a,pink,0.1,42,3,True
layer,blocks.11.mlp.fc2,mlp_fc2,0.7203051784608526,0.026717111089316622,76586.4086151123,0.8137481502478509,0.0029404524586748642,1e-06,1e-06,vit,dp_kfm_a,pink,0.1,42,3,True
layer,head,patch_head,0.7203931814786391,0.0003492361860802786,1001.1091828346252,3.006665328700016,0.09502641977430089,1e-06,1e-06,vit,dp_kfm_a,pink,0.1,42,3,True
layer,cls_token,identity,0.7170487583105086,3.474266721627629e-05,99.59220886230469,0.09820146774486825,0.009840231066001976,1e-06,1e-06,vit,dp_kfm_a,pink,0.1,42,3,True
layer,pos_embed,identity,0.7202348663195954,0.006844305441606457,19619.665145874023,0.42142038181150127,0.003008636644432854,1e-06,1e-06,vit,dp_kfm_a,pink,0.1,42,3,True
layer,blocks.0.norm1.weight,identity,0.7188956605967206,3.474266721627629e-05,99.59220886230469,0.4757200242983732,0.047669297306044474,1e-06,1e-06,vit,dp_kfm_a,pink,0.1,42,3,True
layer,blocks.0.norm1.bias,identity,0.7204967458064494,3.474266721627629e-05,99.59220886230469,0.31043590430136137,0.031107081183807502,1e-06,1e-06,vit,dp_kfm_a,pink,0.1,42,3,True
layer,blocks.0.norm2.weight,identity,0.7176196475046446,3.474266721627629e-05,99.59220886230469,0.16059106494324338,0.016091950787155352,1e-06,1e-06,vit,dp_kfm_a,pink,0.1,42,3,True
layer,blocks.0.norm2.bias,identity,0.7205544499361359,3.474266721627629e-05,99.59220886230469,0.1316776402273297,0.013194694904450778,1e-06,1e-06,vit,dp_kfm_a,pink,0.1,42,3,True
layer,blocks.1.norm1.weight,identity,0.7193914572754311,3.474266721627629e-05,99.59220886230469,0.19687319771491205,0.01972758453316155,1e-06,1e-06,vit,dp_kfm_a,pink,0.1,42,3,True
layer,blocks.1.norm1.bias,identity,0.7189759074838535,3.474266721627629e-05,99.59220886230469,0.24142926259364858,0.02419230368519738,1e-06,1e-06,vit,dp_kfm_a,pink,0.1,42,3,True
layer,blocks.1.norm2.weight,identity,0.7224622605439603,3.474266721627629e-05,99.59220886230469,0.25201160082200924,0.025252701821569398,1e-06,1e-06,vit,dp_kfm_a,pink,0.1,42,3,True
layer,blocks.1.norm2.bias,identity,0.7141215683943706,3.474266721627629e-05,99.59220886230469,0.21657132268373822,0.02170142571610417,1e-06,1e-06,vit,dp_kfm_a,pink,0.1,42,3,True
layer,blocks.2.norm1.weight,identity,0.7185305291031603,3.474266721627629e-05,99.59220886230469,0.204889841715897,0.020530888507685828,1e-06,1e-06,vit,dp_kfm_a,pink,0.1,42,3,True
layer,blocks.2.norm1.bias,identity,0.7203444953986233,3.474266721627629e-05,99.59220886230469,0.26531135589683474,0.026585397412204836,1e-06,1e-06,vit,dp_kfm_a,pink,0.1,42,3,True
layer,blocks.2.norm2.weight,identity,0.7226812528621283,3.474266721627629e-05,99.59220886230469,0.1866819439368993,0.018706374826923205,1e-06,1e-06,vit,dp_kfm_a,pink,0.1,42,3,True
layer,blocks.2.norm2.bias,identity,0.7182613102007984,3.474266721627629e-05,99.59220886230469,0.24732910700258887,0.0247834947699199,1e-06,1e-06,vit,dp_kfm_a,pink,0.1,42,3,True
layer,blocks.3.norm1.weight,identity,0.7188469885769783,3.474266721627629e-05,99.59220886230469,0.16708672900565075,0.01674284569503266,1e-06,1e-06,vit,dp_kfm_a,pink,0.1,42,3,True
layer,blocks.3.norm1.bias,identity,0.7147986804414109,3.474266721627629e-05,99.59220886230469,0.23920202464281365,0.023969124372520263,1e-06,1e-06,vit,dp_kfm_a,pink,0.1,42,3,True
layer,blocks.3.norm2.weight,identity,0.7192107265710592,3.474266721627629e-05,99.59220886230469,0.17586846786116914,0.017622815633202,1e-06,1e-06,vit,dp_kfm_a,pink,0.1,42,3,True
layer,blocks.3.norm2.bias,identity,0.7243844031311027,3.474266721627629e-05,99.59220886230469,0.19172947287480377,0.019212160047876865,1e-06,1e-06,vit,dp_kfm_a,pink,0.1,42,3,True
layer,blocks.4.norm1.weight,identity,0.7125426018991577,3.474266721627629e-05,99.59220886230469,0.15550600189072136,0.015582404478214143,1e-06,1e-06,vit,dp_kfm_a,pink,0.1,42,3,True
layer,blocks.4.norm1.bias,identity,0.7208822967393165,3.474266721627629e-05,99.59220886230469,0.24131915971096102,0.02418127087854431,1e-06,1e-06,vit,dp_kfm_a,pink,0.1,42,3,True
layer,blocks.4.norm2.weight,identity,0.7131738286075306,3.474266721627629e-05,99.59220886230469,0.13765309556316738,0.013793462545907848,1e-06,1e-06,vit,dp_kfm_a,pink,0.1,42,3,True
layer,blocks.4.norm2.bias,identity,0.7170029075858136,3.474266721627629e-05,99.59220886230469,0.1742499944658015,0.01746063728138783,1e-06,1e-06,vit,dp_kfm_a,pink,0.1,42,3,True
layer,blocks.5.norm1.weight,identity,0.7218551736756922,3.474266721627629e-05,99.59220886230469,0.12656396045870816,0.012682281071171758,1e-06,1e-06,vit,dp_kfm_a,pink,0.1,42,3,True
layer,blocks.5.norm1.bias,identity,0.7208390151719061,3.474266721627629e-05,99.59220886230469,0.18197778326111153,0.018234996658303422,1e-06,1e-06,vit,dp_kfm_a,pink,0.1,42,3,True
layer,blocks.5.norm2.weight,identity,0.7171832963174583,3.474266721627629e-05,99.59220886230469,0.12414288964343081,0.012439678829101604,1e-06,1e-06,vit,dp_kfm_a,pink,0.1,42,3,True
layer,blocks.5.norm2.bias,identity,0.7180369801658056,3.474266721627629e-05,99.59220886230469,0.14518747073168578,0.014548441002938523,1e-06,1e-06,vit,dp_kfm_a,pink,0.1,42,3,True
layer,blocks.6.norm1.weight,identity,0.7147536759819375,3.474266721627629e-05,99.59220886230469,0.12517320076911503,0.012542920662237396,1e-06,1e-06,vit,dp_kfm_a,pink,0.1,42,3,True
layer,blocks.6.norm1.bias,identity,0.719019824748425,3.474266721627629e-05,99.59220886230469,0.18337813586683757,0.018375318320806692,1e-06,1e-06,vit,dp_kfm_a,pink,0.1,42,3,True
layer,blocks.6.norm2.weight,identity,0.7171472179685923,3.474266721627629e-05,99.59220886230469,0.10400525961135014,0.010421797251688125,1e-06,1e-06,vit,dp_kfm_a,pink,0.1,42,3,True
layer,blocks.6.norm2.bias,identity,0.7180579141275972,3.474266721627629e-05,99.59220886230469,0.12152850802920227,0.012177705970961107,1e-06,1e-06,vit,dp_kfm_a,pink,0.1,42,3,True
layer,blocks.7.norm1.weight,identity,0.7175317884381802,3.474266721627629e-05,99.59220886230469,0.10334831639442435,0.010355968571117,1e-06,1e-06,vit,dp_kfm_a,pink,0.1,42,3,True
layer,blocks.7.norm1.bias,identity,0.7160031215107986,3.474266721627629e-05,99.59220886230469,0.1457708318279182,0.01460689642232957,1e-06,1e-06,vit,dp_kfm_a,pink,0.1,42,3,True
layer,blocks.7.norm2.weight,identity,0.7184665881340571,3.474266721627629e-05,99.59220886230469,0.06723657421585467,0.006737408732925727,1e-06,1e-06,vit,dp_kfm_a,pink,0.1,42,3,True
layer,blocks.7.norm2.bias,identity,0.7187222937380855,3.474266721627629e-05,99.59220886230469,0.09025218609537462,0.009043677103662292,1e-06,1e-06,vit,dp_kfm_a,pink,0.1,42,3,True
layer,blocks.8.norm1.weight,identity,0.711912583429075,3.474266721627629e-05,99.59220886230469,0.12239662058615845,0.012264694774162501,1e-06,1e-06,vit,dp_kfm_a,pink,0.1,42,3,True
layer,blocks.8.norm1.bias,identity,0.7201644329306602,3.474266721627629e-05,99.59220886230469,0.13532678513844476,0.013560355723411131,1e-06,1e-06,vit,dp_kfm_a,pink,0.1,42,3,True
layer,blocks.8.norm2.weight,identity,0.7256273316981081,3.474266721627629e-05,99.59220886230469,0.04965857699447222,0.004976013936003433,1e-06,1e-06,vit,dp_kfm_a,pink,0.1,42,3,True
layer,blocks.8.norm2.bias,identity,0.7215629775107629,3.474266721627629e-05,99.59220886230469,0.07489917034046094,0.0075052355094813936,1e-06,1e-06,vit,dp_kfm_a,pink,0.1,42,3,True
layer,blocks.9.norm1.weight,identity,0.7179730969686418,3.474266721627629e-05,99.59220886230469,0.10994695746326733,0.011017182240628759,1e-06,1e-06,vit,dp_kfm_a,pink,0.1,42,3,True
layer,blocks.9.norm1.bias,identity,0.7209356227659446,3.474266721627629e-05,99.59220886230469,0.1388748061741597,0.013915883472845362,1e-06,1e-06,vit,dp_kfm_a,pink,0.1,42,3,True
layer,blocks.9.norm2.weight,identity,0.7217737562666496,3.474266721627629e-05,99.59220886230469,0.14794832252020823,0.014825090834778383,1e-06,1e-06,vit,dp_kfm_a,pink,0.1,42,3,True
layer,blocks.9.norm2.bias,identity,0.7151028477383192,3.474266721627629e-05,99.59220886230469,0.06815562176321041,0.0068295014524573615,1e-06,1e-06,vit,dp_kfm_a,pink,0.1,42,3,True
layer,blocks.10.norm1.weight,identity,0.7122572511784651,3.474266721627629e-05,99.59220886230469,0.08875990892475892,0.008894144184138843,1e-06,1e-06,vit,dp_kfm_a,pink,0.1,42,3,True
layer,blocks.10.norm1.bias,identity,0.7193202360401401,3.474266721627629e-05,99.59220886230469,0.1234980887106077,0.012375066860296451,1e-06,1e-06,vit,dp_kfm_a,pink,0.1,42,3,True
layer,blocks.10.norm2.weight,identity,0.7215850753882994,3.474266721627629e-05,99.59220886230469,0.11437758620761568,0.01146115127299932,1e-06,1e-06,vit,dp_kfm_a,pink,0.1,42,3,True
layer,blocks.10.norm2.bias,identity,0.7204858128638836,3.474266721627629e-05,99.59220886230469,0.057538341951174916,0.005765602011419872,1e-06,1e-06,vit,dp_kfm_a,pink,0.1,42,3,True
layer,blocks.11.norm1.weight,identity,0.7220381026502785,3.474266721627629e-05,99.59220886230469,0.08739406109428063,0.008757280056121714,1e-06,1e-06,vit,dp_kfm_a,pink,0.1,42,3,True
layer,blocks.11.norm1.bias,identity,0.7188285487712726,3.474266721627629e-05,99.59220886230469,0.10786345212889685,0.01080840558597917,1e-06,1e-06,vit,dp_kfm_a,pink,0.1,42,3,True
layer,blocks.11.norm2.weight,identity,0.7208963646960967,3.474266721627629e-05,99.59220886230469,0.0477061387794336,0.004780370799304225,1e-06,1e-06,vit,dp_kfm_a,pink,0.1,42,3,True
layer,blocks.11.norm2.bias,identity,0.7210786989000476,3.474266721627629e-05,99.59220886230469,0.04023254763614515,0.004031483176424194,1e-06,1e-06,vit,dp_kfm_a,pink,0.1,42,3,True
layer,norm.weight,identity,0.72103111439115,3.474266721627629e-05,99.59220886230469,0.03799136137915474,0.003806906180405862,1e-06,1e-06,vit,dp_kfm_a,pink,0.1,42,3,True
layer,norm.bias,identity,0.7169129941168543,3.474266721627629e-05,99.59220886230469,0.02125600372595943,0.002129947678039363,1e-06,1e-06,vit,dp_kfm_a,pink,0.1,42,3,True
group,attention_out,attention_out,0.7202574934954088,0.08046401727289565,230655.55572509766,4.732416661882697,0.009853738094871792,1e-06,1e-06,vit,dp_kfm_a,pink,0.1,42,3,True
group,attention_qkv,attention_qkv,0.7202006187216784,0.2413920518186876,691966.667175293,4.842352374364139,0.005821217178576794,1e-06,1e-06,vit,dp_kfm_a,pink,0.1,42,3,True
group,identity,identity,0.7201250387717587,0.008616181469636556,24698.867797851562,1.299856712395909,0.008270979766844787,1e-06,1e-06,vit,dp_kfm_a,pink,0.1,42,3,True
group,mlp_fc1,mlp_fc1,0.7202019515730506,0.3218560690915826,922622.2229003906,5.826072002149418,0.0060654620812917665,1e-06,1e-06,vit,dp_kfm_a,pink,0.1,42,3,True
group,mlp_fc2,mlp_fc2,0.7201986020606503,0.3206053330717978,919036.9033813477,5.787094247541666,0.0060366233598852445,1e-06,1e-06,vit,dp_kfm_a,pink,0.1,42,3,True
group,patch_head,patch_head,0.7202843100636082,0.027066347275396748,77587.51779794693,4.350726496953689,0.015619454191495878,1e-06,1e-06,vit,dp_kfm_a,pink,0.1,42,3,True
layer,patch_embed,patch_head,0.7202602729040187,0.026717111089316622,76586.4086151123,2.8908515845865437,0.010445998122358345,1e-06,1e-06,vit,dp_kfm_a,pink,0.1,42,4,True
layer,blocks.0.attn.q_proj,attention_qkv,0.7200916391953321,0.006705334772741336,19221.296310424805,0.33673186665765686,0.0024288063014239183,1e-06,1e-06,vit,dp_kfm_a,pink,0.1,42,4,True
layer,blocks.0.attn.k_proj,attention_qkv,0.7207064841311008,0.006705334772741336,19221.296310424805,0.5076830040181185,0.003661856216710976,1e-06,1e-06,vit,dp_kfm_a,pink,0.1,42,4,True
layer,blocks.0.attn.v_proj,attention_qkv,0.720062706207571,0.006705334772741336,19221.296310424805,1.146562425849294,0.008270016356099273,1e-06,1e-06,vit,dp_kfm_a,pink,0.1,42,4,True
layer,blocks.0.attn.out_proj,attention_out,0.720335965707968,0.006705334772741336,19221.296310424805,1.3138518316082413,0.009476654643416096,1e-06,1e-06,vit,dp_kfm_a,pink,0.1,42,4,True
layer,blocks.0.mlp.fc1,mlp_fc1,0.7202806720811397,0.026821339090965342,76885.18524169922,1.5408247713393939,0.005556891527916959,1e-06,1e-06,vit,dp_kfm_a,pink,0.1,42,4,True
layer,blocks.0.mlp.fc2,mlp_fc2,0.7201039734997589,0.026717111089316622,76586.4086151123,2.5249694319526417,0.00912389487091632,1e-06,1e-06,vit,dp_kfm_a,pink,0.1,42,4,True
layer,blocks.1.attn.q_proj,attention_qkv,0.7200736714592726,0.006705334772741336,19221.296310424805,0.19452856235836075,0.0014031110353546323,1e-06,1e-06,vit,dp_kfm_a,pink,0.1,42,4,True
layer,blocks.1.attn.k_proj,attention_qkv,0.7201005669108874,0.006705334772741336,19221.296310424805,0.26189009926530415,0.0018889816686782012,1e-06,1e-06,vit,dp_kfm_a,pink,0.1,42,4,True
layer,blocks.1.attn.v_proj,attention_qkv,0.7203869953002479,0.006705334772741336,19221.296310424805,1.1423458472393302,0.008239602683642365,1e-06,1e-06,vit,dp_kfm_a,pink,0.1,42,4,True
layer,blocks.1.attn.out_proj,attention_out,0.7200886786160088,0.006705334772741336,19221.296310424805,1.4701079642014596,0.010603711263407404,1e-06,1e-06,vit,dp_kfm_a,pink,0.1,42,4,True
layer,blocks.1.mlp.fc1,mlp_fc1,0.7201439854451094,0.026821339090965342,76885.18524169922,1.9714660963759891,0.007109973471548087,1e-06,1e-06,vit,dp_kfm_a,pink,0.1,42,4,True
layer,blocks.1.mlp.fc2,mlp_fc2,0.7201037527905968,0.026717111089316622,76586.4086151123,1.606362129702732,0.005804537278970065,1e-06,1e-06,vit,dp_kfm_a,pink,0.1,42,4,True
layer,blocks.2.attn.q_proj,attention_qkv,0.7202710763960821,0.006705334772741336,19221.296310424805,0.3073012091622786,0.002216526521997826,1e-06,1e-06,vit,dp_kfm_a,pink,0.1,42,4,True
layer,blocks.2.attn.k_proj,attention_qkv,0.7203461969015268,0.006705334772741336,19221.296310424805,0.40888050031010686,0.002949205685638872,1e-06,1e-06,vit,dp_kfm_a,pink,0.1,42,4,True
layer,blocks.2.attn.v_proj,attention_qkv,0.7198695070094648,0.006705334772741336,19221.296310424805,1.538321614578931,0.01109572808832042,1e-06,1e-06,vit,dp_kfm_a,pink,0.1,42,4,True
layer,blocks.2.attn.out_proj,attention_out,0.7203857328521518,0.006705334772741336,19221.296310424805,1.6857144494814276,0.01215885481211183,1e-06,1e-06,vit,dp_kfm_a,pink,0.1,42,4,True
layer,blocks.2.mlp.fc1,mlp_fc1,0.720265136744404,0.026821339090965342,76885.18524169922,2.0576854005296097,0.007420918187459999,1e-06,1e-06,vit,dp_kfm_a,pink,0.1,42,4,True
layer,blocks.2.mlp.fc2,mlp_fc2,0.7202358427749491,0.026717111089316622,76586.4086151123,1.900184708383003,0.006866255605004293,1e-06,1e-06,vit,dp_kfm_a,pink,0.1,42,4,True
layer,blocks.3.attn.q_proj,attention_qkv,0.7203825316162961,0.006705334772741336,19221.296310424805,0.3219201140814749,0.002321970918276959,1e-06,1e-06,vit,dp_kfm_a,pink,0.1,42,4,True
layer,blocks.3.attn.k_proj,attention_qkv,0.720338840689655,0.006705334772741336,19221.296310424805,0.45394571564179975,0.003274255643218091,1e-06,1e-06,vit,dp_kfm_a,pink,0.1,42,4,True
layer,blocks.3.attn.v_proj,attention_qkv,0.720011639414132,0.006705334772741336,19221.296310424805,1.3638647783894116,0.009837391990613417,1e-06,1e-06,vit,dp_kfm_a,pink,0.1,42,4,True
layer,blocks.3.attn.out_proj,attention_out,0.7202863914511852,0.006705334772741336,19221.296310424805,1.4748335453817836,0.010637796309953738,1e-06,1e-06,vit,dp_kfm_a,pink,0.1,42,4,True
layer,blocks.3.mlp.fc1,mlp_fc1,0.7201105368330685,0.026821339090965342,76885.18524169922,1.876975762867782,0.006769199787538994,1e-06,1e-06,vit,dp_kfm_a,pink,0.1,42,4,True
layer,blocks.3.mlp.fc2,mlp_fc2,0.7202559795781086,0.026717111089316622,76586.4086151123,1.8418596886324206,0.006655500044238188,1e-06,1e-06,vit,dp_kfm_a,pink,0.1,42,4,True
layer,blocks.4.attn.q_proj,attention_qkv,0.7203181826847923,0.006705334772741336,19221.296310424805,0.4081981543879043,0.0029442840068799074,1e-06,1e-06,vit,dp_kfm_a,pink,0.1,42,4,True
layer,blocks.4.attn.k_proj,attention_qkv,0.720246218038871,0.006705334772741336,19221.296310424805,0.5998712067070499,0.004326798593060112,1e-06,1e-06,vit,dp_kfm_a,pink,0.1,42,4,True
layer,blocks.4.attn.v_proj,attention_qkv,0.7201973804994986,0.006705334772741336,19221.296310424805,1.3159849086732176,0.00949204027076484,1e-06,1e-06,vit,dp_kfm_a,pink,0.1,42,4,True
layer,blocks.4.attn.out_proj,attention_out,0.7203346327992365,0.006705334772741336,19221.296310424805,1.3835328487146668,0.009979255407393611,1e-06,1e-06,vit,dp_kfm_a,pink,0.1,42,4,True
layer,blocks.4.mlp.fc1,mlp_fc1,0.7202818544306232,0.026821339090965342,76885.18524169922,1.7233002986893078,0.006214978502402362,1e-06,1e-06,vit,dp_kfm_a,pink,0.1,42,4,True
layer,blocks.4.mlp.fc2,mlp_fc2,0.7202554039243653,0.026717111089316622,76586.4086151123,1.7525507552575674,0.006332785119917038,1e-06,1e-06,vit,dp_kfm_a,pink,0.1,42,4,True
layer,blocks.5.attn.q_proj,attention_qkv,0.7202357700767247,0.006705334772741336,19221.296310424805,0.3029669004108661,0.0021852636762439057,1e-06,1e-06,vit,dp_kfm_a,pink,0.1,42,4,True
layer,blocks.5.attn.k_proj,attention_qkv,0.720236405093722,0.006705334772741336,19221.296310424805,0.45172054134540274,0.0032582057296577857,1e-06,1e-06,vit,dp_kfm_a,pink,0.1,42,4,True
layer,blocks.5.attn.v_proj,attention_qkv,0.7203354743585672,0.006705334772741336,19221.296310424805,1.2378605122400506,0.008928538431051148,1e-06,1e-06,vit,dp_kfm_a,pink,0.1,42,4,True
layer,blocks.5.attn.out_proj,attention_out,0.7200973691461248,0.006705334772741336,19221.296310424805,1.2379588612407342,0.008929247810519644,1e-06,1e-06,vit,dp_kfm_a,pink,0.1,42,4,True
layer,blocks.5.mlp.fc1,mlp_fc1,0.7203337259711923,0.026821339090965342,76885.18524169922,1.5477581205550592,0.005581896233340485,1e-06,1e-06,vit,dp_kfm_a,pink,0.1,42,4,True
layer,blocks.5.mlp.fc2,mlp_fc2,0.720330164615064,0.026717111089316622,76586.4086151123,1.4090778973625546,0.005091657125736207,1e-06,1e-06,vit,dp_kfm_a,pink,0.1,42,4,True
layer,blocks.6.attn.q_proj,attention_qkv,0.720168316245517,0.006705334772741336,19221.296310424805,0.2728492164728657,0.0019680284580301296,1e-06,1e-06,vit,dp_kfm_a,pink,0.1,42,4,True
layer,blocks.6.attn.k_proj,attention_qkv,0.7203094977183021,0.006705334772741336,19221.296310424805,0.41614362463983146,0.0030015937245707392,1e-06,1e-06,vit,dp_kfm_a,pink,0.1,42,4,True
layer,blocks.6.attn.v_proj,attention_qkv,0.7203848155725503,0.006705334772741336,19221.296310424805,1.1989120693850777,0.008647608014884189,1e-06,1e-06,vit,dp_kfm_a,pink,0.1,42,4,True
layer,blocks.6.attn.out_proj,attention_out,0.720254671970819,0.006705334772741336,19221.296310424805,1.3672505179081162,0.009861812921010163,1e-06,1e-06,vit,dp_kfm_a,pink,0.1,42,4,True
layer,blocks.6.mlp.fc1,mlp_fc1,0.7201726703262357,0.026821339090965342,76885.18524169922,1.518191860686337,0.005475267301853437,1e-06,1e-06,vit,dp_kfm_a,pink,0.1,42,4,True
layer,blocks.6.mlp.fc2,mlp_fc2,0.7202231121100898,0.026717111089316622,76586.4086151123,1.3676985443490022,0.0049421341802523815,1e-06,1e-06,vit,dp_kfm_a,pink,0.1,42,4,True
layer,blocks.7.attn.q_proj,attention_qkv,0.7203679767999076,0.006705334772741336,19221.296310424805,0.23964192746524568,0.0017285082914493054,1e-06,1e-06,vit,dp_kfm_a,pink,0.1,42,4,True
layer,blocks.7.attn.k_proj,attention_qkv,0.7206225277188893,0.006705334772741336,19221.296310424805,0.34576558950029124,0.0024939654536695675,1e-06,1e-06,vit,dp_kfm_a,pink,0.1,42,4,True
layer,blocks.7.attn.v_proj,attention_qkv,0.7201985460253271,0.006705334772741336,19221.296310424805,1.159396713102714,0.00836258852060749,1e-06,1e-06,vit,dp_kfm_a,pink,0.1,42,4,True
layer,blocks.7.attn.out_proj,attention_out,0.7202228914471035,0.006705334772741336,19221.296310424805,1.0975542872674493,0.007916526569135758,1e-06,1e-06,vit,dp_kfm_a,pink,0.1,42,4,True
layer,blocks.7.mlp.fc1,mlp_fc1,0.7202967445997185,0.026821339090965342,76885.18524169922,1.3318685823969478,0.004803303645869385,1e-06,1e-06,vit,dp_kfm_a,pink,0.1,42,4,True
layer,blocks.7.mlp.fc2,mlp_fc2,0.7202136638975749,0.026717111089316622,76586.4086151123,1.2278596561499933,0.004436830908597762,1e-06,1e-06,vit,dp_kfm_a,pink,0.1,42,4,True
layer,blocks.8.attn.q_proj,attention_qkv,0.7204635469427569,0.006705334772741336,19221.296310424805,0.23083940655171237,0.0016650167708058474,1e-06,1e-06,vit,dp_kfm_a,pink,0.1,42,4,True
layer,blocks.8.attn.k_proj,attention_qkv,0.720404558781098,0.006705334772741336,19221.296310424805,0.33118437423188746,0.002388792908291429,1e-06,1e-06,vit,dp_kfm_a,pink,0.1,42,4,True
layer,blocks.8.attn.v_proj,attention_qkv,0.7201392684202071,0.006705334772741336,19221.296310424805,1.0046022152409109,0.007246074495474466,1e-06,1e-06,vit,dp_kfm_a,pink,0.1,42,4,True
layer,blocks.8.attn.out_proj,attention_out,0.7203899975701801,0.006705334772741336,19221.296310424805,0.9722816287144718,0.007012950006841073,1e-06,1e-06,vit,dp_kfm_a,pink,0.1,42,4,True
layer,blocks.8.mlp.fc1,mlp_fc1,0.7201542013652333,0.026821339090965342,76885.18524169922,1.2014818271846237,0.004333071683826016,1e-06,1e-06,vit,dp_kfm_a,pink,0.1,42,4,True
layer,blocks.8.mlp.fc2,mlp_fc2,0.7201634207319216,0.026717111089316622,76586.4086151123,1.0302680660166736,0.0037228401279808926,1e-06,1e-06,vit,dp_kfm_a,pink,0.1,42,4,True
layer,blocks.9.attn.q_proj,attention_qkv,0.7197246396668365,0.006705334772741336,19221.296310424805,0.23498005271007544,0.0016948827516564914,1e-06,1e-06,vit,dp_kfm_a,pink,0.1,42,4,True
layer,blocks.9.attn.k_proj,attention_qkv,0.7201776255618834,0.006705334772741336,19221.296310424805,0.36380053463903633,0.0026240493356424967,1e-06,1e-06,vit,dp_kfm_a,pink,0.1,42,4,True
layer,blocks.9.attn.v_proj,attention_qkv,0.7202144624300181,0.006705334772741336,19221.296310424805,0.8859749478896275,0.0063904303376364985,1e-06,1e-06,vit,dp_kfm_a,pink,0.1,42,4,True
layer,blocks.9.attn.out_proj,attention_out,0.7203756713157663,0.006705334772741336,19221.296310424805,0.8209775644833502,0.005921612058095023,1e-06,1e-06,vit,dp_kfm_a,pink,0.1,42,4,True
layer,blocks.9.mlp.fc1,mlp_fc1,0.7201908507224183,0.026821339090965342,76885.18524169922,1.0102983211795034,0.0036435799099666056,1e-06,1e-06,vit,dp_kfm_a,pink,0.1,42,4,True
layer,blocks.9.mlp.fc2,mlp_fc2,0.7201394039215215,0.026717111089316622,76586.4086151123,0.8123372953749689,0.002935354380505916,1e-06,1e-06,vit,dp_kfm_a,pink,0.1,42,4,True
layer,blocks.10.attn.q_proj,attention_qkv,0.7199868351722533,0.006705334772741336,19221.296310424805,0.19613039736088955,0.001414664877842426,1e-06,1e-06,vit,dp_kfm_a,pink,0.1,42,4,True
layer,blocks.10.attn.k_proj,attention_qkv,0.7202883115671865,0.006705334772741336,19221.296310424805,0.3145966672571627,0.002269147780474215,1e-06,1e-06,vit,dp_kfm_a,pink,0.1,42,4,True
layer,blocks.10.attn.v_proj,attention_qkv,0.7203077557474775,0.006705334772741336,19221.296310424805,0.757847898489281,0.005466265398763046,1e-06,1e-06,vit,dp_kfm_a,pink,0.1,42,4,True
layer,blocks.10.attn.out_proj,attention_out,0.720080997214869,0.006705334772741336,19221.296310424805,0.7109808763534411,0.005128219226233043,1e-06,1e-06,vit,dp_kfm_a,pink,0.1,42,4,True
layer,blocks.10.mlp.fc1,mlp_fc1,0.7202100808363217,0.026821339090965342,76885.18524169922,0.8318149443072652,0.002999890385197875,1e-06,1e-06,vit,dp_kfm_a,pink,0.1,42,4,True
layer,blocks.10.mlp.fc2,mlp_fc2,0.7202812228971412,0.026717111089316622,76586.4086151123,0.6453144958011612,0.002331822929759178,1e-06,1e-06,vit,dp_kfm_a,pink,0.1,42,4,True
layer,blocks.11.attn.q_proj,attention_qkv,0.7199783753501445,0.006705334772741336,19221.296310424805,0.260617618971186,0.0018798034219400246,1e-06,1e-06,vit,dp_kfm_a,pink,0.1,42,4,True
layer,blocks.11.attn.k_proj,attention_qkv,0.7198780100576931,0.006705334772741336,19221.296310424805,0.35218505186387655,0.002540268260692824,1e-06,1e-06,vit,dp_kfm_a,pink,0.1,42,4,True
layer,blocks.11.attn.v_proj,attention_qkv,0.7199670145903713,0.006705334772741336,19221.296310424805,0.7188434563378986,0.005184931066431754,1e-06,1e-06,vit,dp_kfm_a,pink,0.1,42,4,True
layer,blocks.11.attn.out_proj,attention_out,0.7202678182936822,0.006705334772741336,19221.296310424805,0.6394687413532238,0.004612410829953791,1e-06,1e-06,vit,dp_kfm_a,pink,0.1,42,4,True
layer,blocks.11.mlp.fc1,mlp_fc1,0.7200943730343085,0.026821339090965342,76885.18524169922,0.6356985674701177,0.0022926085104492027,1e-06,1e-06,vit,dp_kfm_a,pink,0.1,42,4,True
layer,blocks.11.mlp.fc2,mlp_fc2,0.7200924289979745,0.026717111089316622,76586.4086151123,0.6460243374012408,0.0023343879192803054,1e-06,1e-06,vit,dp_kfm_a,pink,0.1,42,4,True
layer,head,patch_head,0.7206498438485099,0.0003492361860802786,1001.1091828346251,2.266190516341881,0.07162352565110815,1e-06,1e-06,vit,dp_kfm_a,pink,0.1,42,4,True
layer,cls_token,identity,0.7228234777706155,3.474266721627629e-05,99.59220886230469,0.09330165412265269,0.009349247587545101,1e-06,1e-06,vit,dp_kfm_a,pink,0.1,42,4,True
layer,pos_embed,identity,0.7201746335969738,0.006844305441606457,19619.665145874023,0.3870389152294119,0.0027631778467269445,1e-06,1e-06,vit,dp_kfm_a,pink,0.1,42,4,True
layer,blocks.0.norm1.weight,identity,0.7147692961991168,3.474266721627629e-05,99.59220886230469,0.4672449294251763,0.04682005448133222,1e-06,1e-06,vit,dp_kfm_a,pink,0.1,42,4,True
layer,blocks.0.norm1.bias,identity,0.7177438108972682,3.474266721627629e-05,99.59220886230469,0.29383555341867507,0.02944365097025163,1e-06,1e-06,vit,dp_kfm_a,pink,0.1,42,4,True
layer,blocks.0.norm2.weight,identity,0.7209054923813855,3.474266721627629e-05,99.59220886230469,0.14841089122859316,0.014871442310768902,1e-06,1e-06,vit,dp_kfm_a,pink,0.1,42,4,True
layer,blocks.0.norm2.bias,identity,0.713976861568668,3.474266721627629e-05,99.59220886230469,0.12359899103707435,0.012385177729617745,1e-06,1e-06,vit,dp_kfm_a,pink,0.1,42,4,True
layer,blocks.1.norm1.weight,identity,0.7217680303782349,3.474266721627629e-05,99.59220886230469,0.17870626611978793,0.017907175849243315,1e-06,1e-06,vit,dp_kfm_a,pink,0.1,42,4,True
layer,blocks.1.norm1.bias,identity,0.7184075345694566,3.474266721627629e-05,99.59220886230469,0.22376154411414237,0.02242191841255467,1e-06,1e-06,vit,dp_kfm_a,pink,0.1,42,4,True
layer,blocks.1.norm2.weight,identity,0.71634014610284,3.474266721627629e-05,99.59220886230469,0.23216483527383372,0.023263966180527826,1e-06,1e-06,vit,dp_kfm_a,pink,0.1,42,4,True
layer,blocks.1.norm2.bias,identity,0.7177526778204772,3.474266721627629e-05,99.59220886230469,0.20025711181439745,0.020066668025609448,1e-06,1e-06,vit,dp_kfm_a,pink,0.1,42,4,True
layer,blocks.2.norm1.weight,identity,0.7207904211153019,3.474266721627629e-05,99.59220886230469,0.18712763599279109,0.018751035186029552,1e-06,1e-06,vit,dp_kfm_a,pink,0.1,42,4,True
layer,blocks.2.norm1.bias,identity,0.7165788173709562,3.474266721627629e-05,99.59220886230469,0.24193609627756424,0.024243090711871168,1e-06,1e-06,vit,dp_kfm_a,pink,0.1,42,4,True
layer,blocks.2.norm2.weight,identity,0.721345673364481,3.474266721627629e-05,99.59220886230469,0.16727381602482486,0.016761592660229842,1e-06,1e-06,vit,dp_kfm_a,pink,0.1,42,4,True
layer,blocks.2.norm2.bias,identity,0.7146299605285329,3.474266721627629e-05,99.59220886230469,0.2272439048014345,0.022770866698206993,1e-06,1e-06,vit,dp_kfm_a,pink,0.1,42,4,True
layer,blocks.3.norm1.weight,identity,0.7179256021757493,3.474266721627629e-05,99.59220886230469,0.1517485205889651,0.015205887863090581,1e-06,1e-06,vit,dp_kfm_a,pink,0.1,42,4,True
layer,blocks.3.norm1.bias,identity,0.7228140904797462,3.474266721627629e-05,99.59220886230469,0.2174391375502156,0.02178838468937367,1e-06,1e-06,vit,dp_kfm_a,pink,0.1,42,4,True
layer,blocks.3.norm2.weight,identity,0.7187955695977898,3.474266721627629e-05,99.59220886230469,0.16177901797059524,0.016210989051584038,1e-06,1e-06,vit,dp_kfm_a,pink,0.1,42,4,True
layer,blocks.3.norm2.bias,identity,0.7227343624774015,3.474266721627629e-05,99.59220886230469,0.17077089560386768,0.017112015845384073,1e-06,1e-06,vit,dp_kfm_a,pink,0.1,42,4,True
layer,blocks.4.norm1.weight,identity,0.723321156368762,3.474266721627629e-05,99.59220886230469,0.1383622675655764,0.013864524786926215,1e-06,1e-06,vit,dp_kfm_a,pink,0.1,42,4,True
layer,blocks.4.norm1.bias,identity,0.7211191661998216,3.474266721627629e-05,99.59220886230469,0.21823876256017846,0.021868510730713817,1e-06,1e-06,vit,dp_kfm_a,pink,0.1,42,4,True
layer,blocks.4.norm2.weight,identity,0.7155144264400678,3.474266721627629e-05,99.59220886230469,0.12602128220907322,0.012627902256948978,1e-06,1e-06,vit,dp_kfm_a,pink,0.1,42,4,True
layer,blocks.4.norm2.bias,identity,0.7105361602840206,3.474266721627629e-05,99.59220886230469,0.15841935990426992,0.015874336123327507,1e-06,1e-06,vit,dp_kfm_a,pink,0.1,42,4,True
layer,blocks.5.norm1.weight,identity,0.7175520213472371,3.474266721627629e-05,99.59220886230469,0.11416176892829674,0.011439525405837621,1e-06,1e-06,vit,dp_kfm_a,pink,0.1,42,4,True
layer,blocks.5.norm1.bias,identity,0.7224320260311429,3.474266721627629e-05,99.59220886230469,0.1655365114921477,0.016587506891186446,1e-06,1e-06,vit,dp_kfm_a,pink,0.1,42,4,True
layer,blocks.5.norm2.weight,identity,0.7195890118007295,3.474266721627629e-05,99.59220886230469,0.11197386595201123,0.011220287635455444,1e-06,1e-06,vit,dp_kfm_a,pink,0.1,42,4,True
layer,blocks.5.norm2.bias,identity,0.7156002394170525,3.474266721627629e-05,99.59220886230469,0.12886004711894491,0.012912359335816352,1e-06,1e-06,vit,dp_kfm_a,pink,0.1,42,4,True
layer,blocks.6.norm1.weight,identity,0.7214029663086481,3.474266721627629e-05,99.59220886230469,0.11208448596979952,0.011231372261383741,1e-06,1e-06,vit,dp_kfm_a,pink,0.1,42,4,True
layer,blocks.6.norm1.bias,identity,0.7174646537781068,3.474266721627629e-05,99.59220886230469,0.16228943127560344,0.01626213477247582,1e-06,1e-06,vit,dp_kfm_a,pink,0.1,42,4,True
layer,blocks.6.norm2.weight,identity,0.7202530417467635,3.474266721627629e-05,99.59220886230469,0.09198012319784865,0.009216824213846413,1e-06,1e-06,vit,dp_kfm_a,pink,0.1,42,4,True
layer,blocks.6.norm2.bias,identity,0.7175243603048599,3.474266721627629e-05,99.59220886230469,0.1079453051359416,0.010816607627366782,1e-06,1e-06,vit,dp_kfm_a,pink,0.1,42,4,True
layer,blocks.7.norm1.weight,identity,0.7202680223285816,3.474266721627629e-05,99.59220886230469,0.09196428743150145,0.009215237398460216,1e-06,1e-06,vit,dp_kfm_a,pink,0.1,42,4,True
layer,blocks.7.norm1.bias,identity,0.7182707382821932,3.474266721627629e-05,99.59220886230469,0.1333300105294476,0.013360269879579292,1e-06,1e-06,vit,dp_kfm_a,pink,0.1,42,4,True
layer,blocks.7.norm2.weight,identity,0.7239550230985322,3.474266721627629e-05,99.59220886230469,0.05842978375948333,0.005854928511085222,1e-06,1e-06,vit,dp_kfm_a,pink,0.1,42,4,True
layer,blocks.7.norm2.bias,identity,0.7194683338557825,3.474266721627629e-05,99.59220886230469,0.07879471658666909,0.007895586856271602,1e-06,1e-06,vit,dp_kfm_a,pink,0.1,42,4,True
layer,blocks.8.norm1.weight,identity,0.7227894022030253,3.474266721627629e-05,99.59220886230469,0.10466755822009181,0.010488162566732512,1e-06,1e-06,vit,dp_kfm_a,pink,0.1,42,4,True
layer,blocks.8.norm1.bias,identity,0.7139701420952558,3.474266721627629e-05,99.59220886230469,0.11825679235379226,0.011849865267887926,1e-06,1e-06,vit,dp_kfm_a,pink,0.1,42,4,True
layer,blocks.8.norm2.weight,identity,0.7167200000669894,3.474266721627629e-05,99.59220886230469,0.04402766706567229,0.004411771302123539,1e-06,1e-06,vit,dp_kfm_a,pink,0.1,42,4,True
layer,blocks.8.norm2.bias,identity,0.7200384726757901,3.474266721627629e-05,99.59220886230469,0.06519975142945177,0.006533309880648145,1e-06,1e-06,vit,dp_kfm_a,pink,0.1,42,4,True
layer,blocks.9.norm1.weight,identity,0.7191444579580176,3.474266721627629e-05,99.59220886230469,0.09110664172626047,0.009129297421124432,1e-06,1e-06,vit,dp_kfm_a,pink,0.1,42,4,True
layer,blocks.9.norm1.bias,identity,0.7196153249121182,3.474266721627629e-05,99.59220886230469,0.12209120733008316,0.012234090985039832,1e-06,1e-06,vit,dp_kfm_a,pink,0.1,42,4,True
layer,blocks.9.norm2.weight,identity,0.7158513893531853,3.474266721627629e-05,99.59220886230469,0.106429350915749,0.01066470216042476,1e-06,1e-06,vit,dp_kfm_a,pink,0.1,42,4,True
layer,blocks.9.norm2.bias,identity,0.7202024983149212,3.474266721627629e-05,99.59220886230469,0.05728636490845143,0.005740352772476017,1e-06,1e-06,vit,dp_kfm_a,pink,0.1,42,4,True
layer,blocks.10.norm1.weight,identity,0.7170528341705131,3.474266721627629e-05,99.59220886230469,0.08275873299532496,0.008292799222912997,1e-06,1e-06,vit,dp_kfm_a,pink,0.1,42,4,True
layer,blocks.10.norm1.bias,identity,0.7180456441123483,3.474266721627629e-05,99.59220886230469,0.10579180140751272,0.01060081681714904,1e-06,1e-06,vit,dp_kfm_a,pink,0.1,42,4,True
layer,blocks.10.norm2.weight,identity,0.7149465003565171,3.474266721627629e-05,99.59220886230469,0.10656962536696948,0.010678758294659467,1e-06,1e-06,vit,dp_kfm_a,pink,0.1,42,4,True
layer,blocks.10.norm2.bias,identity,0.7163568163977728,3.474266721627629e-05,99.59220886230469,0.04895247864511195,0.004905259688917446,1e-06,1e-06,vit,dp_kfm_a,pink,0.1,42,4,True
layer,blocks.11.norm1.weight,identity,0.7234839424204134,3.474266721627629e-05,99.59220886230469,0.06904844270105448,0.006918966147137647,1e-06,1e-06,vit,dp_kfm_a,pink,0.1,42,4,True
layer,blocks.11.norm1.bias,identity,0.7200672173508642,3.474266721627629e-05,99.59220886230469,0.08984777531648991,0.009003153315156947,1e-06,1e-06,vit,dp_kfm_a,pink,0.1,42,4,True
layer,blocks.11.norm2.weight,identity,0.7183092661681169,3.474266721627629e-05,99.59220886230469,0.03645065866217135,0.003652520802190109,1e-06,1e-06,vit,dp_kfm_a,pink,0.1,42,4,True
layer,blocks.11.norm2.bias,identity,0.7148963748194893,3.474266721627629e-05,99.59220886230469,0.030456456406922423,0.0030518746346476513,1e-06,1e-06,vit,dp_kfm_a,pink,0.1,42,4,True
layer,norm.weight,identity,0.7221380700062177,3.474266721627629e-05,99.59220886230469,0.028132787135061017,0.002819032467609067,1e-06,1e-06,vit,dp_kfm_a,pink,0.1,42,4,True
layer,norm.bias,identity,0.7244339099628196,3.474266721627629e-05,99.59220886230469,0.017965778851291636,0.0018002522695149802,1e-06,1e-06,vit,dp_kfm_a,pink,0.1,42,4,True
group,attention_out,attention_out,0.7202646476295418,0.08046401727289565,230655.55572509766,4.243620453741181,0.008835976946410952,1e-06,1e-06,vit,dp_kfm_a,pink,0.1,42,4,True
group,attention_qkv,attention_qkv,0.720221331360399,0.2413920518186876,691966.667175293,4.34027137155321,0.005217642235523668,1e-06,1e-06,vit,dp_kfm_a,pink,0.1,42,4,True
group,identity,identity,0.7200974701865308,0.008616181469636556,24698.867797851562,1.1974967714643228,0.007619664131585194,1e-06,1e-06,vit,dp_kfm_a,pink,0.1,42,4,True
group,mlp_fc1,mlp_fc1,0.7202123330722925,0.3218560690915826,922622.2229003906,5.20343997978186,0.005417246453185013,1e-06,1e-06,vit,dp_kfm_a,pink,0.1,42,4,True
group,mlp_fc2,mlp_fc2,0.7202010574117252,0.3206053330717978,919036.9033813477,5.198472687648987,0.00542262149528979,1e-06,1e-06,vit,dp_kfm_a,pink,0.1,42,4,True
group,patch_head,patch_head,0.7202668579894954,0.027066347275396748,77587.51779794693,3.680661463791488,0.01321386742383113,1e-06,1e-06,vit,dp_kfm_a,pink,0.1,42,4,True
layer,patch_embed,patch_head,0.7201778112767693,0.026717111089316622,76586.4086151123,2.7666278422903163,0.009997119672251299,1e-06,1e-06,vit,dp_kfm_a,pink,0.1,42,5,True
layer,blocks.0.attn.q_proj,attention_qkv,0.7205012363745344,0.006705334772741336,19221.296310424805,0.30734892926540675,0.002216870721340566,1e-06,1e-06,vit,dp_kfm_a,pink,0.1,42,5,True
layer,blocks.0.attn.k_proj,attention_qkv,0.720459875622537,0.006705334772741336,19221.296310424805,0.4506994492979544,0.003250840715993374,1e-06,1e-06,vit,dp_kfm_a,pink,0.1,42,5,True
layer,blocks.0.attn.v_proj,attention_qkv,0.7199755730981493,0.006705334772741336,19221.296310424805,1.0782442106638306,0.007777245317850066,1e-06,1e-06,vit,dp_kfm_a,pink,0.1,42,5,True
layer,blocks.0.attn.out_proj,attention_out,0.7202154591364716,0.006705334772741336,19221.296310424805,1.2404986928627693,0.00894756730938201,1e-06,1e-06,vit,dp_kfm_a,pink,0.1,42,5,True
layer,blocks.0.mlp.fc1,mlp_fc1,0.7202565320530112,0.026821339090965342,76885.18524169922,1.4355343796052764,0.005177168085847832,1e-06,1e-06,vit,dp_kfm_a,pink,0.1,42,5,True
layer,blocks.0.mlp.fc2,mlp_fc2,0.7203055768831058,0.026717111089316622,76586.4086151123,2.329761950640871,0.008418518989938785,1e-06,1e-06,vit,dp_kfm_a,pink,0.1,42,5,True
layer,blocks.1.attn.q_proj,attention_qkv,0.7201092642254525,0.006705334772741336,19221.296310424805,0.1808199009549125,0.001304232115663219,1e-06,1e-06,vit,dp_kfm_a,pink,0.1,42,5,True
layer,blocks.1.attn.k_proj,attention_qkv,0.7202839491813473,0.006705334772741336,19221.296310424805,0.24255815988256338,0.0017495427238061335,1e-06,1e-06,vit,dp_kfm_a,pink,0.1,42,5,True
layer,blocks.1.attn.v_proj,attention_qkv,0.7203157748538385,0.006705334772741336,19221.296310424805,1.0656502819843117,0.00768640683071752,1e-06,1e-06,vit,dp_kfm_a,pink,0.1,42,5,True
layer,blocks.1.attn.out_proj,attention_out,0.7202151034813601,0.006705334772741336,19221.296310424805,1.3536132726409122,0.009763449117287605,1e-06,1e-06,vit,dp_kfm_a,pink,0.1,42,5,True
layer,blocks.1.mlp.fc1,mlp_fc1,0.7200591804166345,0.026821339090965342,76885.18524169922,1.8307720317713883,0.006602568820369047,1e-06,1e-06,vit,dp_kfm_a,pink,0.1,42,5,True
layer,blocks.1.mlp.fc2,mlp_fc2,0.7202186303183472,0.026717111089316622,76586.4086151123,1.488443631435621,0.005378442622967263,1e-06,1e-06,vit,dp_kfm_a,pink,0.1,42,5,True
layer,blocks.2.attn.q_proj,attention_qkv,0.7200622527679208,0.006705334772741336,19221.296310424805,0.28502534979165933,0.0020558534376651275,1e-06,1e-06,vit,dp_kfm_a,pink,0.1,42,5,True
layer,blocks.2.attn.k_proj,attention_qkv,0.720145674171415,0.006705334772741336,19221.296310424805,0.3783644259763759,0.0027290969255973434,1e-06,1e-06,vit,dp_kfm_a,pink,0.1,42,5,True
layer,blocks.2.attn.v_proj,attention_qkv,0.7204264841074193,0.006705334772741336,19221.296310424805,1.4312319809943983,0.010323303489932984,1e-06,1e-06,vit,dp_kfm_a,pink,0.1,42,5,True
layer,blocks.2.attn.out_proj,attention_out,0.7204328416904919,0.006705334772741336,19221.296310424805,1.5698800408530678,0.011323355207067603,1e-06,1e-06,vit,dp_kfm_a,pink,0.1,42,5,True
layer,blocks.2.mlp.fc1,mlp_fc1,0.7203378595111309,0.026821339090965342,76885.18524169922,1.91830908241095,0.0069182659094384116,1e-06,1e-06,vit,dp_kfm_a,pink,0.1,42,5,True
layer,blocks.2.mlp.fc2,mlp_fc2,0.7202502502806907,0.026717111089316622,76586.4086151123,1.7721256494226705,0.006403518362946271,1e-06,1e-06,vit,dp_kfm_a,pink,0.1,42,5,True
layer,blocks.3.attn.q_proj,attention_qkv,0.7201604605590554,0.006705334772741336,19221.296310424805,0.29671290874784695,0.002140154389406986,1e-06,1e-06,vit,dp_kfm_a,pink,0.1,42,5,True
layer,blocks.3.attn.k_proj,attention_qkv,0.7200449939209713,0.006705334772741336,19221.296310424805,0.42124594424802064,0.0030383961399145978,1e-06,1e-06,vit,dp_kfm_a,pink,0.1,42,5,True
layer,blocks.3.attn.v_proj,attention_qkv,0.720011570641767,0.006705334772741336,19221.296310424805,1.269761080765648,0.00915863338055215,1e-06,1e-06,vit,dp_kfm_a,pink,0.1,42,5,True
layer,blocks.3.attn.out_proj,attention_out,0.7203300021200445,0.006705334772741336,19221.296310424805,1.3709277023125817,0.009888336008182492,1e-06,1e-06,vit,dp_kfm_a,pink,0.1,42,5,True
layer,blocks.3.mlp.fc1,mlp_fc1,0.7202517688426879,0.026821339090965342,76885.18524169922,1.7268997437607476,0.006227959683776614,1e-06,1e-06,vit,dp_kfm_a,pink,0.1,42,5,True
layer,blocks.3.mlp.fc2,mlp_fc2,0.7202947362281741,0.026717111089316622,76586.4086151123,1.7051217665587626,0.006161402012761109,1e-06,1e-06,vit,dp_kfm_a,pink,0.1,42,5,True
layer,blocks.4.attn.q_proj,attention_qkv,0.7202362239696795,0.006705334772741336,19221.296310424805,0.37445104431537163,0.0027008701761290885,1e-06,1e-06,vit,dp_kfm_a,pink,0.1,42,5,True
layer,blocks.4.attn.k_proj,attention_qkv,0.7201979854024669,0.006705334772741336,19221.296310424805,0.5494620462533317,0.0039632034044765636,1e-06,1e-06,vit,dp_kfm_a,pink,0.1,42,5,True
layer,blocks.4.attn.v_proj,attention_qkv,0.7204025532536998,0.006705334772741336,19221.296310424805,1.2262075026205213,0.008844486679503546,1e-06,1e-06,vit,dp_kfm_a,pink,0.1,42,5,True
layer,blocks.4.attn.out_proj,attention_out,0.7201539489197172,0.006705334772741336,19221.296310424805,1.2851358127684887,0.009269529466336541,1e-06,1e-06,vit,dp_kfm_a,pink,0.1,42,5,True
layer,blocks.4.mlp.fc1,mlp_fc1,0.7202001897488276,0.026821339090965342,76885.18524169922,1.5939351792561658,0.005748431008126881,1e-06,1e-06,vit,dp_kfm_a,pink,0.1,42,5,True
layer,blocks.4.mlp.fc2,mlp_fc2,0.7202466338793301,0.026717111089316622,76586.4086151123,1.624133421889113,0.005868753264944798,1e-06,1e-06,vit,dp_kfm_a,pink,0.1,42,5,True
layer,blocks.5.attn.q_proj,attention_qkv,0.7203401638648147,0.006705334772741336,19221.296310424805,0.27819042112548537,0.0020065539223594873,1e-06,1e-06,vit,dp_kfm_a,pink,0.1,42,5,True
layer,blocks.5.attn.k_proj,attention_qkv,0.7202101025605694,0.006705334772741336,19221.296310424805,0.4158997163795294,0.002999834443735602,1e-06,1e-06,vit,dp_kfm_a,pink,0.1,42,5,True
layer,blocks.5.attn.v_proj,attention_qkv,0.7200216022251913,0.006705334772741336,19221.296310424805,1.1512453480547136,0.008303793708609734,1e-06,1e-06,vit,dp_kfm_a,pink,0.1,42,5,True
layer,blocks.5.attn.out_proj,attention_out,0.7203851001229875,0.006705334772741336,19221.296310424805,1.1420610614912743,0.008237548558423095,1e-06,1e-06,vit,dp_kfm_a,pink,0.1,42,5,True
layer,blocks.5.mlp.fc1,mlp_fc1,0.7203127676692712,0.026821339090965342,76885.18524169922,1.426973506750855,0.005146293814664505,1e-06,1e-06,vit,dp_kfm_a,pink,0.1,42,5,True
layer,blocks.5.mlp.fc2,mlp_fc2,0.7202387982132344,0.026717111089316622,76586.4086151123,1.3009953809332344,0.004701104470006593,1e-06,1e-06,vit,dp_kfm_a,pink,0.1,42,5,True
layer,blocks.6.attn.q_proj,attention_qkv,0.720309619510525,0.006705334772741336,19221.296310424805,0.25154391561884093,0.0018143558951045774,1e-06,1e-06,vit,dp_kfm_a,pink,0.1,42,5,True
layer,blocks.6.attn.k_proj,attention_qkv,0.7201336313501254,0.006705334772741336,19221.296310424805,0.38454586032996585,0.0027736828653210153,1e-06,1e-06,vit,dp_kfm_a,pink,0.1,42,5,True
layer,blocks.6.attn.v_proj,attention_qkv,0.7198784204859225,0.006705334772741336,19221.296310424805,1.1042450213475217,0.007964786026300092,1e-06,1e-06,vit,dp_kfm_a,pink,0.1,42,5,True
layer,blocks.6.attn.out_proj,attention_out,0.7201637621652401,0.006705334772741336,19221.296310424805,1.2569226923992738,0.009066031635211311,1e-06,1e-06,vit,dp_kfm_a,pink,0.1,42,5,True
layer,blocks.6.mlp.fc1,mlp_fc1,0.720326321677362,0.026821339090965342,76885.18524169922,1.3937999810256017,0.005026655496613878,1e-06,1e-06,vit,dp_kfm_a,pink,0.1,42,5,True
layer,blocks.6.mlp.fc2,mlp_fc2,0.7202694143532993,0.026717111089316622,76586.4086151123,1.2493561332483958,0.004514507729021365,1e-06,1e-06,vit,dp_kfm_a,pink,0.1,42,5,True
layer,blocks.7.attn.q_proj,attention_qkv,0.7204627433515434,0.006705334772741336,19221.296310424805,0.2179765167856325,0.0015722382998269247,1e-06,1e-06,vit,dp_kfm_a,pink,0.1,42,5,True
layer,blocks.7.attn.k_proj,attention_qkv,0.7201387983186687,0.006705334772741336,19221.296310424805,0.31642330626684256,0.002282323107125574,1e-06,1e-06,vit,dp_kfm_a,pink,0.1,42,5,True
layer,blocks.7.attn.v_proj,attention_qkv,0.719876133771064,0.006705334772741336,19221.296310424805,1.053649535587657,0.007599846895777894,1e-06,1e-06,vit,dp_kfm_a,pink,0.1,42,5,True
layer,blocks.7.attn.out_proj,attention_out,0.7201396475911945,0.006705334772741336,19221.296310424805,0.9917071313556052,0.00715306381220028,1e-06,1e-06,vit,dp_kfm_a,pink,0.1,42,5,True
layer,blocks.7.mlp.fc1,mlp_fc1,0.7201474070266904,0.026821339090965342,76885.18524169922,1.2009183183995817,0.0043310394234082495,1e-06,1e-06,vit,dp_kfm_a,pink,0.1,42,5,True
layer,blocks.7.mlp.fc2,mlp_fc2,0.720223647995935,0.026717111089316622,76586.4086151123,1.0912198650717067,0.003943087470278926,1e-06,1e-06,vit,dp_kfm_a,pink,0.1,42,5,True
layer,blocks.8.attn.q_proj,attention_qkv,0.7202193589077659,0.006705334772741336,19221.296310424805,0.20629762547790131,0.001487999866786963,1e-06,1e-06,vit,dp_kfm_a,pink,0.1,42,5,True
layer,blocks.8.attn.k_proj,attention_qkv,0.7202716972694909,0.006705334772741336,19221.296310424805,0.2955257963134928,0.002131591890735038,1e-06,1e-06,vit,dp_kfm_a,pink,0.1,42,5,True
layer,blocks.8.attn.v_proj,attention_qkv,0.7204823190553298,0.006705334772741336,19221.296310424805,0.8896940332068871,0.006417255651034227,1e-06,1e-06,vit,dp_kfm_a,pink,0.1,42,5,True
layer,blocks.8.attn.out_proj,attention_out,0.7204440183396293,0.006705334772741336,19221.296310424805,0.8569265773891608,0.006180907948152171,1e-06,1e-06,vit,dp_kfm_a,pink,0.1,42,5,True
layer,blocks.8.mlp.fc1,mlp_fc1,0.7201531844621427,0.02682133909096533,76885.1852416992,1.0554016427437023,0.003806242316583514,1e-06,1e-06,vit,dp_kfm_a,pink,0.1,42,5,True
layer,blocks.8.mlp.fc2,mlp_fc2,0.7202879378580151,0.026717111089316622,76586.4086151123,0.8922007753735725,0.0032239384664404886,1e-06,1e-06,vit,dp_kfm_a,pink,0.1,42,5,True
layer,blocks.9.attn.q_proj,attention_qkv,0.7200743696245062,0.006705334772741336,19221.296310424805,0.2077086246401785,0.0014981772333981457,1e-06,1e-06,vit,dp_kfm_a,pink,0.1,42,5,True
layer,blocks.9.attn.k_proj,attention_qkv,0.7199997457528805,0.006705334772741336,19221.296310424805,0.32448715357642116,0.0023404866642418873,1e-06,1e-06,vit,dp_kfm_a,pink,0.1,42,5,True
layer,blocks.9.attn.v_proj,attention_qkv,0.7201603393278659,0.006705334772741336,19221.296310424805,0.7744751624435211,0.005586195846297893,1e-06,1e-06,vit,dp_kfm_a,pink,0.1,42,5,True
layer,blocks.9.attn.out_proj,attention_out,0.7203400531107004,0.006705334772741336,19221.296310424805,0.7090036072897706,0.005113957423187436,1e-06,1e-06,vit,dp_kfm_a,pink,0.1,42,5,True
layer,blocks.9.mlp.fc1,mlp_fc1,0.7202624324003003,0.026821339090965342,76885.18524169922,0.8649351028174739,0.003119336237608888,1e-06,1e-06,vit,dp_kfm_a,pink,0.1,42,5,True
layer,blocks.9.mlp.fc2,mlp_fc2,0.7201088232890426,0.026717111089316622,76586.4086151123,0.689463534224836,0.002491354043337112,1e-06,1e-06,vit,dp_kfm_a,pink,0.1,42,5,True
layer,blocks.10.attn.q_proj,attention_qkv,0.720294303079241,0.006705334772741336,19221.296310424805,0.17207768846023747,0.0012411755923641026,1e-06,1e-06,vit,dp_kfm_a,pink,0.1,42,5,True
layer,blocks.10.attn.k_proj,attention_qkv,0.7205729602539953,0.006705334772741336,19221.296310424805,0.277397439844613,0.0020008342441151577,1e-06,1e-06,vit,dp_kfm_a,pink,0.1,42,5,True
layer,blocks.10.attn.v_proj,attention_qkv,0.7203424354687449,0.006705334772741336,19221.296310424805,0.6455546095629694,0.004656307462619372,1e-06,1e-06,vit,dp_kfm_a,pink,0.1,42,5,True
layer,blocks.10.attn.out_proj,attention_out,0.7198525841451168,0.006705334772741336,19221.296310424805,0.5955017843890139,0.004295282477389307,1e-06,1e-06,vit,dp_kfm_a,pink,0.1,42,5,True
layer,blocks.10.mlp.fc1,mlp_fc1,0.7202628655258444,0.026821339090965342,76885.18524169922,0.6998476228031963,0.002523958206232194,1e-06,1e-06,vit,dp_kfm_a,pink,0.1,42,5,True
layer,blocks.10.mlp.fc2,mlp_fc2,0.7202034863664991,0.026717111089316622,76586.4086151123,0.5353500571476772,0.001934470009316956,1e-06,1e-06,vit,dp_kfm_a,pink,0.1,42,5,True
layer,blocks.11.attn.q_proj,attention_qkv,0.7202142861861448,0.006705334772741336,19221.296310424805,0.22306670404298112,0.001608953205988882,1e-06,1e-06,vit,dp_kfm_a,pink,0.1,42,5,True
layer,blocks.11.attn.k_proj,attention_qkv,0.7204347978919833,0.006705334772741336,19221.296310424805,0.2995135584677272,0.0021603551377211956,1e-06,1e-06,vit,dp_kfm_a,pink,0.1,42,5,True
layer,blocks.11.attn.v_proj,attention_qkv,0.7203676167632767,0.006705334772741336,19221.296310424805,0.5891295177377601,0.004249320087341284,1e-06,1e-06,vit,dp_kfm_a,pink,0.1,42,5,True
layer,blocks.11.attn.out_proj,attention_out,0.7202840614670779,0.006705334772741336,19221.296310424805,0.524286241585089,0.0037816133648150875,1e-06,1e-06,vit,dp_kfm_a,pink,0.1,42,5,True
layer,blocks.11.mlp.fc1,mlp_fc1,0.7201092658972822,0.026821339090965342,76885.18524169922,0.5235708282022062,0.001888226587227194,1e-06,1e-06,vit,dp_kfm_a,pink,0.1,42,5,True
layer,blocks.11.mlp.fc2,mlp_fc2,0.7202492525262125,0.026717111089316622,76586.4086151123,0.5358519930036035,0.0019362837381975753,1e-06,1e-06,vit,dp_kfm_a,pink,0.1,42,5,True
layer,head,patch_head,0.7189249967579993,0.0003492361860802786,1001.1091828346251,1.8351420716815137,0.058000130305319586,1e-06,1e-06,vit,dp_kfm_a,pink,0.1,42,5,True
layer,cls_token,identity,0.7207425993548757,3.474266721627629e-05,99.59220886230469,0.0853739600015866,0.00855485679315748,1e-06,1e-06,vit,dp_kfm_a,pink,0.1,42,5,True
layer,pos_embed,identity,0.7203343699700097,0.006844305441606457,19619.665145874023,0.3623764414366279,0.0025871056262131193,1e-06,1e-06,vit,dp_kfm_a,pink,0.1,42,5,True
layer,blocks.0.norm1.weight,identity,0.721700581434986,3.474266721627629e-05,99.59220886230469,0.40540844434609097,0.04062375909531559,1e-06,1e-06,vit,dp_kfm_a,pink,0.1,42,5,True
layer,blocks.0.norm1.bias,identity,0.7217209000792877,3.474266721627629e-05,99.59220886230469,0.2720374152573878,0.027259378970641835,1e-06,1e-06,vit,dp_kfm_a,pink,0.1,42,5,True
layer,blocks.0.norm2.weight,identity,0.72145301035746,3.474266721627629e-05,99.59220886230469,0.13813999743420702,0.013842252314813805,1e-06,1e-06,vit,dp_kfm_a,pink,0.1,42,5,True
layer,blocks.0.norm2.bias,identity,0.714175097155697,3.474266721627629e-05,99.59220886230469,0.11624634023253676,0.011648408875487707,1e-06,1e-06,vit,dp_kfm_a,pink,0.1,42,5,True
layer,blocks.1.norm1.weight,identity,0.7201260556350098,3.474266721627629e-05,99.59220886230469,0.17169382648700246,0.01720449769271849,1e-06,1e-06,vit,dp_kfm_a,pink,0.1,42,5,True
layer,blocks.1.norm1.bias,identity,0.7198292697663107,3.474266721627629e-05,99.59220886230469,0.20521167716012226,0.020563137874310695,1e-06,1e-06,vit,dp_kfm_a,pink,0.1,42,5,True
layer,blocks.1.norm2.weight,identity,0.7219071410756541,3.474266721627629e-05,99.59220886230469,0.21670936571937563,0.02171525825240854,1e-06,1e-06,vit,dp_kfm_a,pink,0.1,42,5,True
layer,blocks.1.norm2.bias,identity,0.7202009784704063,3.474266721627629e-05,99.59220886230469,0.18687908767279202,0.018726129520604966,1e-06,1e-06,vit,dp_kfm_a,pink,0.1,42,5,True
layer,blocks.2.norm1.weight,identity,0.7147536825910189,3.474266721627629e-05,99.59220886230469,0.16927893077203762,0.01696251422361912,1e-06,1e-06,vit,dp_kfm_a,pink,0.1,42,5,True
layer,blocks.2.norm1.bias,identity,0.7203985732710589,3.474266721627629e-05,99.59220886230469,0.22727401516624504,0.02277388389289889,1e-06,1e-06,vit,dp_kfm_a,pink,0.1,42,5,True
layer,blocks.2.norm2.weight,identity,0.721578451930332,3.474266721627629e-05,99.59220886230469,0.1555216962058142,0.015583977119545112,1e-06,1e-06,vit,dp_kfm_a,pink,0.1,42,5,True
layer,blocks.2.norm2.bias,identity,0.7190201493579259,3.474266721627629e-05,99.59220886230469,0.21450686388905302,0.021494557610846083,1e-06,1e-06,vit,dp_kfm_a,pink,0.1,42,5,True
layer,blocks.3.norm1.weight,identity,0.71851678759155,3.474266721627629e-05,99.59220886230469,0.15019665986190578,0.01505038440181656,1e-06,1e-06,vit,dp_kfm_a,pink,0.1,42,5,True
layer,blocks.3.norm1.bias,identity,0.7173638231745778,3.474266721627629e-05,99.59220886230469,0.20536536228696248,0.02057853781887616,1e-06,1e-06,vit,dp_kfm_a,pink,0.1,42,5,True
layer,blocks.3.norm2.weight,identity,0.7194469351673098,3.474266721627629e-05,99.59220886230469,0.1515574750052638,0.015186744231829979,1e-06,1e-06,vit,dp_kfm_a,pink,0.1,42,5,True
layer,blocks.3.norm2.bias,identity,0.7214167067866659,3.474266721627629e-05,99.59220886230469,0.15911209566773718,0.015943751378890807,1e-06,1e-06,vit,dp_kfm_a,pink,0.1,42,5,True
layer,blocks.4.norm1.weight,identity,0.7194166310675911,3.474266721627629e-05,99.59220886230469,0.12917328400369252,0.012943747087904947,1e-06,1e-06,vit,dp_kfm_a,pink,0.1,42,5,True
layer,blocks.4.norm1.bias,identity,0.7180620483013157,3.474266721627629e-05,99.59220886230469,0.2038838295115318,0.02043008153632882,1e-06,1e-06,vit,dp_kfm_a,pink,0.1,42,5,True
layer,blocks.4.norm2.weight,identity,0.7166136360928212,3.474266721627629e-05,99.59220886230469,0.11600013250670366,0.011623737748181054,1e-06,1e-06,vit,dp_kfm_a,pink,0.1,42,5,True
layer,blocks.4.norm2.bias,identity,0.7211923070394939,3.474266721627629e-05,99.59220886230469,0.14786471053991246,0.014816712536318203,1e-06,1e-06,vit,dp_kfm_a,pink,0.1,42,5,True
layer,blocks.5.norm1.weight,identity,0.7161909802410248,3.474266721627629e-05,99.59220886230469,0.10713219749384174,0.010735130565327523,1e-06,1e-06,vit,dp_kfm_a,pink,0.1,42,5,True
layer,blocks.5.norm1.bias,identity,0.7217660613756091,3.474266721627629e-05,99.59220886230469,0.1551201425300517,0.015543739625690419,1e-06,1e-06,vit,dp_kfm_a,pink,0.1,42,5,True
layer,blocks.5.norm2.weight,identity,0.7176578472853912,3.474266721627629e-05,99.59220886230469,0.10204222225579285,0.010225092033187081,1e-06,1e-06,vit,dp_kfm_a,pink,0.1,42,5,True
layer,blocks.5.norm2.bias,identity,0.7241689516287614,3.474266721627629e-05,99.59220886230469,0.11919934761624562,0.011944313566757703,1e-06,1e-06,vit,dp_kfm_a,pink,0.1,42,5,True
layer,blocks.6.norm1.weight,identity,0.719698586702706,3.474266721627629e-05,99.59220886230469,0.10403282558419341,0.010424559486800971,1e-06,1e-06,vit,dp_kfm_a,pink,0.1,42,5,True
layer,blocks.6.norm1.bias,identity,0.7213602509681853,3.474266721627629e-05,99.59220886230469,0.152888602541158,0.015320129229349019,1e-06,1e-06,vit,dp_kfm_a,pink,0.1,42,5,True
layer,blocks.6.norm2.weight,identity,0.7202068836797184,3.474266721627629e-05,99.59220886230469,0.0835049392787767,0.008367572466334823,1e-06,1e-06,vit,dp_kfm_a,pink,0.1,42,5,True
layer,blocks.6.norm2.bias,identity,0.7179837764468324,3.474266721627629e-05,99.59220886230469,0.10014700814492412,0.010035183010452841,1e-06,1e-06,vit,dp_kfm_a,pink,0.1,42,5,True
layer,blocks.7.norm1.weight,identity,0.717847603023422,3.474266721627629e-05,99.59220886230469,0.08213930477694392,0.00823072971481249,1e-06,1e-06,vit,dp_kfm_a,pink,0.1,42,5,True
layer,blocks.7.norm1.bias,identity,0.7203717942138457,3.474266721627629e-05,99.59220886230469,0.1214904133913988,0.01217388871601603,1e-06,1e-06,vit,dp_kfm_a,pink,0.1,42,5,True
layer,blocks.7.norm2.weight,identity,0.7201997177724552,3.474266721627629e-05,99.59220886230469,0.05354855271045879,0.005365807090479421,1e-06,1e-06,vit,dp_kfm_a,pink,0.1,42,5,True
layer,blocks.7.norm2.bias,identity,0.7107371898169971,3.474266721627629e-05,99.59220886230469,0.0717564882887341,0.007190324558900565,1e-06,1e-06,vit,dp_kfm_a,pink,0.1,42,5,True
layer,blocks.8.norm1.weight,identity,0.7219412728081674,3.474266721627629e-05,99.59220886230469,0.0909916773583212,0.00911777747166891,1e-06,1e-06,vit,dp_kfm_a,pink,0.1,42,5,True
layer,blocks.8.norm1.bias,identity,0.7189042910473773,3.474266721627629e-05,99.59220886230469,0.10751158530860366,0.010773146939691508,1e-06,1e-06,vit,dp_kfm_a,pink,0.1,42,5,True
layer,blocks.8.norm2.weight,identity,0.7211654710195654,3.474266721627629e-05,99.59220886230469,0.038986499355756016,0.003906623504975302,1e-06,1e-06,vit,dp_kfm_a,pink,0.1,42,5,True
layer,blocks.8.norm2.bias,identity,0.7236843898814884,3.474266721627629e-05,99.59220886230469,0.0578807026394339,0.005799908100297648,1e-06,1e-06,vit,dp_kfm_a,pink,0.1,42,5,True
layer,blocks.9.norm1.weight,identity,0.723704297857399,3.474266721627629e-05,99.59220886230469,0.08435960640164901,0.00845321397625022,1e-06,1e-06,vit,dp_kfm_a,pink,0.1,42,5,True
layer,blocks.9.norm1.bias,identity,0.7230408708362622,3.474266721627629e-05,99.59220886230469,0.10918530982689334,0.010940861703829186,1e-06,1e-06,vit,dp_kfm_a,pink,0.1,42,5,True
layer,blocks.9.norm2.weight,identity,0.7206778388738863,3.474266721627629e-05,99.59220886230469,0.08964441883220416,0.008982776075996526,1e-06,1e-06,vit,dp_kfm_a,pink,0.1,42,5,True
layer,blocks.9.norm2.bias,identity,0.7146484210582352,3.474266721627629e-05,99.59220886230469,0.04936733077335924,0.004946829747837354,1e-06,1e-06,vit,dp_kfm_a,pink,0.1,42,5,True
layer,blocks.10.norm1.weight,identity,0.7204263562675522,3.474266721627629e-05,99.59220886230469,0.07302059373949392,0.007316993640462424,1e-06,1e-06,vit,dp_kfm_a,pink,0.1,42,5,True
layer,blocks.10.norm1.bias,identity,0.7230556074683262,3.474266721627629e-05,99.59220886230469,0.0918116602785386,0.009199943467660707,1e-06,1e-06,vit,dp_kfm_a,pink,0.1,42,5,True
layer,blocks.10.norm2.weight,identity,0.7184055777420345,3.474266721627629e-05,99.59220886230469,0.08807060121242401,0.00882507243479823,1e-06,1e-06,vit,dp_kfm_a,pink,0.1,42,5,True
layer,blocks.10.norm2.bias,identity,0.7172074256274389,3.474266721627629e-05,99.59220886230469,0.04125163326550978,0.004133600164074966,1e-06,1e-06,vit,dp_kfm_a,pink,0.1,42,5,True
layer,blocks.11.norm1.weight,identity,0.7183710468360317,3.474266721627629e-05,99.59220886230469,0.06185478445723778,0.0061981290664443675,1e-06,1e-06,vit,dp_kfm_a,pink,0.1,42,5,True
layer,blocks.11.norm1.bias,identity,0.7209825591527209,3.474266721627629e-05,99.59220886230469,0.07663388833824127,0.00767906209603364,1e-06,1e-06,vit,dp_kfm_a,pink,0.1,42,5,True
layer,blocks.11.norm2.weight,identity,0.7197931328392503,3.474266721627629e-05,99.59220886230469,0.02901356498286042,0.0029072903902164888,1e-06,1e-06,vit,dp_kfm_a,pink,0.1,42,5,True
layer,blocks.11.norm2.bias,identity,0.7209325145245681,3.474266721627629e-05,99.59220886230469,0.024785896230959482,0.0024836588667314897,1e-06,1e-06,vit,dp_kfm_a,pink,0.1,42,5,True
layer,norm.weight,identity,0.7166176423566436,3.474266721627629e-05,99.59220886230469,0.02261691768761411,0.0022663174100928845,1e-06,1e-06,vit,dp_kfm_a,pink,0.1,42,5,True
layer,norm.bias,identity,0.7191769596066663,3.474266721627629e-05,99.59220886230469,0.015312506121922469,0.0015343823457991126,1e-06,1e-06,vit,dp_kfm_a,pink,0.1,42,5,True
group,attention_out,attention_out,0.7202509512943733,0.08046401727289565,230655.55572509766,3.890786531843602,0.008101313600858856,1e-06,1e-06,vit,dp_kfm_a,pink,0.1,42,5,True
group,attention_qkv,attention_qkv,0.7202308554958005,0.2413920518186876,691966.667175293,3.9735149316011364,0.004776747248222571,1e-06,1e-06,vit,dp_kfm_a,pink,0.1,42,5,True
group,identity,identity,0.7203857461831266,0.008616181469636556,24698.867797851562,1.0958105012518622,0.006972635058709199,1e-06,1e-06,vit,dp_kfm_a,pink,0.1,42,5,True
group,mlp_fc1,mlp_fc1,0.7202244684448715,0.3218560690915826,922622.2229003906,4.765049164011263,0.004960842401044545,1e-06,1e-06,vit,dp_kfm_a,pink,0.1,42,5,True
group,mlp_fc2,mlp_fc2,0.7202425983386982,0.3206053330717978,919036.9033813477,4.761972903515424,0.004967300624266324,1e-06,1e-06,vit,dp_kfm_a,pink,0.1,42,5,True
group,patch_head,patch_head,0.720162744340775,0.027066347275396748,77587.51779794693,3.3253380767696386,0.01193822820113099,1e-06,1e-06,vit,dp_kfm_a,pink,0.1,42,5,True
