hessian_stage_norm_mean,final_preconditioned_norm_mean,train_loss,preclip_norm_mean,preclip_norm_p50,preclip_norm_p90,preclip_norm_p99,clip_fraction,update_norm,step,epoch,conv1/A_damped_condition,conv1/G_damped_condition,conv2/A_damped_condition,conv2/G_damped_condition,fc1/A_damped_condition,fc1/G_damped_condition,fc2/A_damped_condition,fc2/G_damped_condition
9.356430053710938,631.9830322265625,2.311952590942383,631.9830322265625,628.8922119140625,718.2891845703125,806.5945434570312,1.0,0.9501022100448608,1,1,26.622491732223402,1.024308102821256,848.6862887967695,1.2469621189321731,1054.639614528192,539.3103919881041,982.4233845440983,1053.6953849631857
9.291770935058594,635.455322265625,2.2985053062438965,635.455322265625,637.2796630859375,745.383056640625,788.7518310546875,1.0,0.9508396983146667,2,1,26.622491732223402,1.024308102821256,848.6862887967695,1.2469621189321731,1054.639614528192,539.3103919881041,982.4233845440983,1053.6953849631857
9.285894393920898,629.59326171875,2.2839908599853516,629.59326171875,626.4554443359375,743.220947265625,806.3445434570312,1.0,0.9519857168197632,3,1,26.622491732223402,1.024308102821256,848.6862887967695,1.2469621189321731,1054.639614528192,539.3103919881041,982.4233845440983,1053.6953849631857
9.187251091003418,635.0955810546875,2.275629997253418,635.0955810546875,647.3919677734375,730.9680786132812,808.57666015625,1.0,0.95293128490448,4,1,26.622491732223402,1.024308102821256,848.6862887967695,1.2469621189321731,1054.639614528192,539.3103919881041,982.4233845440983,1053.6953849631857
9.120964050292969,655.44921875,2.266737461090088,655.44921875,657.4996337890625,761.5526123046875,832.5501708984375,1.0,0.9503257274627686,5,1,26.622491732223402,1.024308102821256,848.6862887967695,1.2469621189321731,1054.639614528192,539.3103919881041,982.4233845440983,1053.6953849631857
9.551481246948242,684.559814453125,2.246134042739868,684.559814453125,678.31201171875,785.40771484375,860.2910766601562,1.0,0.9481086730957031,6,1,26.622491732223402,1.024308102821256,848.6862887967695,1.2469621189321731,1054.639614528192,539.3103919881041,982.4233845440983,1053.6953849631857
9.73040771484375,741.4271240234375,2.233773708343506,741.4271240234375,743.729736328125,850.3521728515625,927.4627685546875,1.0,0.9504172801971436,7,1,26.622491732223402,1.024308102821256,848.6862887967695,1.2469621189321731,1054.639614528192,539.3103919881041,982.4233845440983,1053.6953849631857
10.098261833190918,779.8497314453125,2.236258029937744,779.8497314453125,779.0147705078125,893.1875,979.1367797851562,1.0,0.9514355659484863,8,1,26.622491732223402,1.024308102821256,848.6862887967695,1.2469621189321731,1054.639614528192,539.3103919881041,982.4233845440983,1053.6953849631857
9.980232238769531,830.4857177734375,2.2091617584228516,830.4857177734375,835.1492309570312,935.828369140625,1028.34619140625,1.0,0.9491097927093506,9,1,26.622491732223402,1.024308102821256,848.6862887967695,1.2469621189321731,1054.639614528192,539.3103919881041,982.4233845440983,1053.6953849631857
10.214004516601562,881.515625,2.1853137016296387,881.515625,888.54296875,1020.1180419921875,1098.475341796875,1.0,0.948743462562561,10,1,26.622491732223402,1.024308102821256,848.6862887967695,1.2469621189321731,1054.639614528192,539.3103919881041,982.4233845440983,1053.6953849631857
10.94996452331543,940.30419921875,2.178398370742798,940.3042602539062,951.8646240234375,1062.6978759765625,1127.84130859375,1.0,0.9534123539924622,11,1,26.622491732223402,1.024308102821256,848.6862887967695,1.2469621189321731,1054.639614528192,539.3103919881041,982.4233845440983,1053.6953849631857
11.03756046295166,979.4342651367188,2.151038885116577,979.4342651367188,986.849609375,1117.513427734375,1187.756103515625,1.0,0.9516436457633972,12,1,26.622491732223402,1.024308102821256,848.6862887967695,1.2469621189321731,1054.639614528192,539.3103919881041,982.4233845440983,1053.6953849631857
11.337160110473633,1017.1780395507812,2.1230602264404297,1017.1780395507812,1014.4459228515625,1168.34521484375,1285.2564697265625,1.0,0.9491292238235474,13,1,26.622491732223402,1.024308102821256,848.6862887967695,1.2469621189321731,1054.639614528192,539.3103919881041,982.4233845440983,1053.6953849631857
12.275131225585938,1102.8790283203125,2.091737985610962,1102.8790283203125,1103.81640625,1238.06298828125,1355.5009765625,1.0,0.9538920521736145,14,1,26.622491732223402,1.024308102821256,848.6862887967695,1.2469621189321731,1054.639614528192,539.3103919881041,982.4233845440983,1053.6953849631857
12.459741592407227,1176.0523681640625,2.060166358947754,1176.052490234375,1179.12841796875,1355.13623046875,1451.267578125,1.0,0.9516746997833252,15,1,26.622491732223402,1.024308102821256,848.6862887967695,1.2469621189321731,1054.639614528192,539.3103919881041,982.4233845440983,1053.6953849631857
13.060304641723633,1255.57666015625,2.0517454147338867,1255.57666015625,1256.70068359375,1429.025634765625,1612.26513671875,1.0,0.9497632384300232,16,1,26.622491732223402,1.024308102821256,848.6862887967695,1.2469621189321731,1054.639614528192,539.3103919881041,982.4233845440983,1053.6953849631857
13.564151763916016,1323.7142333984375,2.0207161903381348,1323.7142333984375,1329.4150390625,1525.34912109375,1654.7122802734375,1.0,0.951616644859314,17,1,26.622491732223402,1.024308102821256,848.6862887967695,1.2469621189321731,1054.639614528192,539.3103919881041,982.4233845440983,1053.6953849631857
14.172669410705566,1381.878662109375,1.973949909210205,1381.878662109375,1389.03125,1604.7259521484375,1737.86376953125,1.0,0.9559502601623535,18,1,26.622491732223402,1.024308102821256,848.6862887967695,1.2469621189321731,1054.639614528192,539.3103919881041,982.4233845440983,1053.6953849631857
14.68503475189209,1478.494384765625,1.9409735202789307,1478.494384765625,1467.8458251953125,1723.033203125,1865.8623046875,1.0,0.9530031085014343,19,1,26.622491732223402,1.024308102821256,848.6862887967695,1.2469621189321731,1054.639614528192,539.3103919881041,982.4233845440983,1053.6953849631857
15.589513778686523,1596.882568359375,1.9048032760620117,1596.882568359375,1580.2532958984375,1907.814453125,2080.155029296875,1.0,0.9517109990119934,20,1,26.622491732223402,1.024308102821256,848.6862887967695,1.2469621189321731,1054.639614528192,539.3103919881041,982.4233845440983,1053.6953849631857
16.014244079589844,1667.451416015625,1.8688523769378662,1667.451416015625,1655.79052734375,1931.78173828125,2192.423583984375,1.0,0.9536502957344055,21,1,26.622491732223402,1.024308102821256,848.6862887967695,1.2469621189321731,1054.639614528192,539.3103919881041,982.4233845440983,1053.6953849631857
17.05097770690918,1786.8431396484375,1.8093550205230713,1786.8431396484375,1774.215087890625,2111.7841796875,2327.51171875,1.0,0.9523389935493469,22,1,26.622491732223402,1.024308102821256,848.6862887967695,1.2469621189321731,1054.639614528192,539.3103919881041,982.4233845440983,1053.6953849631857
18.261180877685547,1915.266845703125,1.8297865390777588,1915.266845703125,1925.306396484375,2258.98828125,2507.830810546875,1.0,0.9512929320335388,23,1,26.622491732223402,1.024308102821256,848.6862887967695,1.2469621189321731,1054.639614528192,539.3103919881041,982.4233845440983,1053.6953849631857
18.407413482666016,1944.769287109375,1.7766447067260742,1944.7694091796875,1960.8370361328125,2308.044677734375,2669.976318359375,1.0,0.951695442199707,24,1,26.622491732223402,1.024308102821256,848.6862887967695,1.2469621189321731,1054.639614528192,539.3103919881041,982.4233845440983,1053.6953849631857
18.915714263916016,2008.333740234375,1.6844356060028076,2008.333740234375,2017.021728515625,2360.42822265625,2592.462890625,1.0,0.94940584897995,25,1,26.622491732223402,1.024308102821256,848.6862887967695,1.2469621189321731,1054.639614528192,539.3103919881041,982.4233845440983,1053.6953849631857
19.70240020751953,2102.35400390625,1.6361050605773926,2102.35400390625,2091.82861328125,2538.2763671875,2928.886962890625,1.0,0.9510800242424011,26,1,26.622491732223402,1.024308102821256,848.6862887967695,1.2469621189321731,1054.639614528192,539.3103919881041,982.4233845440983,1053.6953849631857
21.10521697998047,2254.99658203125,1.6987453699111938,2254.99658203125,2287.318359375,2769.91552734375,3146.694580078125,1.0,0.9517568349838257,27,1,26.622491732223402,1.024308102821256,848.6862887967695,1.2469621189321731,1054.639614528192,539.3103919881041,982.4233845440983,1053.6953849631857
21.612415313720703,2354.8173828125,1.571516990661621,2354.8173828125,2387.65185546875,2846.843505859375,3232.057861328125,1.0,0.9514157772064209,28,1,26.622491732223402,1.024308102821256,848.6862887967695,1.2469621189321731,1054.639614528192,539.3103919881041,982.4233845440983,1053.6953849631857
22.60556983947754,2454.139892578125,1.5552129745483398,2454.139892578125,2521.60302734375,3086.89599609375,3542.453857421875,1.0,0.9516474008560181,29,1,26.622491732223402,1.024308102821256,848.6862887967695,1.2469621189321731,1054.639614528192,539.3103919881041,982.4233845440983,1053.6953849631857
23.148714065551758,2561.1015625,1.534197449684143,2561.1015625,2643.106689453125,3315.39208984375,3955.508056640625,1.0,0.9513742327690125,30,1,26.622491732223402,1.024308102821256,848.6862887967695,1.2469621189321731,1054.639614528192,539.3103919881041,982.4233845440983,1053.6953849631857
22.907005310058594,2570.20166015625,1.4392536878585815,2570.20166015625,2628.40869140625,3379.821533203125,3916.306640625,1.0,0.9541268944740295,31,1,26.622491732223402,1.024308102821256,848.6862887967695,1.2469621189321731,1054.639614528192,539.3103919881041,982.4233845440983,1053.6953849631857
23.664852142333984,2636.61328125,1.417891263961792,2636.613525390625,2709.21875,3577.26708984375,4057.54248046875,1.0,0.9515004754066467,32,1,26.622491732223402,1.024308102821256,848.6862887967695,1.2469621189321731,1054.639614528192,539.3103919881041,982.4233845440983,1053.6953849631857
25.429828643798828,2817.849853515625,1.4226570129394531,2817.849853515625,2912.222412109375,3799.72607421875,4542.33056640625,1.0,0.9508880972862244,33,1,26.622491732223402,1.024308102821256,848.6862887967695,1.2469621189321731,1054.639614528192,539.3103919881041,982.4233845440983,1053.6953849631857
24.37350845336914,2740.598388671875,1.2967255115509033,2740.5986328125,2862.1611328125,4017.531005859375,4946.10546875,1.0,0.9513447284698486,34,1,26.622491732223402,1.024308102821256,848.6862887967695,1.2469621189321731,1054.639614528192,539.3103919881041,982.4233845440983,1053.6953849631857
25.565692901611328,2897.2265625,1.2746250629425049,2897.226318359375,3099.1787109375,4332.31640625,5265.431640625,1.0,0.9550361633300781,35,1,26.622491732223402,1.024308102821256,848.6862887967695,1.2469621189321731,1054.639614528192,539.3103919881041,982.4233845440983,1053.6953849631857
26.623355865478516,3104.462890625,1.259441614151001,3104.462890625,3260.001953125,4367.94140625,5515.94775390625,1.0,0.9512081742286682,36,1,26.622491732223402,1.024308102821256,848.6862887967695,1.2469621189321731,1054.639614528192,539.3103919881041,982.4233845440983,1053.6953849631857
28.379610061645508,3267.7216796875,1.3201961517333984,3267.7216796875,3347.44580078125,4577.02001953125,6125.61181640625,1.0,0.951408863067627,37,1,26.622491732223402,1.024308102821256,848.6862887967695,1.2469621189321731,1054.639614528192,539.3103919881041,982.4233845440983,1053.6953849631857
26.265121459960938,3057.293212890625,1.1050957441329956,3057.293212890625,3178.78662109375,4565.5,5834.35693359375,1.0,0.9502506852149963,38,1,26.622491732223402,1.024308102821256,848.6862887967695,1.2469621189321731,1054.639614528192,539.3103919881041,982.4233845440983,1053.6953849631857
30.125091552734375,3474.43896484375,1.2168519496917725,3474.43896484375,3503.19873046875,5279.95947265625,6651.5986328125,1.0,0.952050507068634,39,1,26.622491732223402,1.024308102821256,848.6862887967695,1.2469621189321731,1054.639614528192,539.3103919881041,982.4233845440983,1053.6953849631857
30.938203811645508,3573.447265625,1.2015430927276611,3573.447265625,3712.823974609375,5311.0654296875,6645.89501953125,1.0,0.9500475525856018,40,1,26.622491732223402,1.024308102821256,848.6862887967695,1.2469621189321731,1054.639614528192,539.3103919881041,982.4233845440983,1053.6953849631857
30.050058364868164,3522.96875,1.0922322273254395,3522.96875,3638.81689453125,5417.552734375,7619.65576171875,1.0,0.9527958631515503,41,1,26.622491732223402,1.024308102821256,848.6862887967695,1.2469621189321731,1054.639614528192,539.3103919881041,982.4233845440983,1053.6953849631857
31.884016036987305,3706.41259765625,1.1451741456985474,3706.4130859375,3885.2021484375,5695.4677734375,7304.85546875,1.0,0.9491147994995117,42,1,26.622491732223402,1.024308102821256,848.6862887967695,1.2469621189321731,1054.639614528192,539.3103919881041,982.4233845440983,1053.6953849631857
32.213340759277344,3735.4228515625,1.058138370513916,3735.4228515625,3707.224609375,5828.6748046875,7591.37158203125,1.0,0.948911190032959,43,1,26.622491732223402,1.024308102821256,848.6862887967695,1.2469621189321731,1054.639614528192,539.3103919881041,982.4233845440983,1053.6953849631857
31.96692657470703,3677.38720703125,1.033165454864502,3677.38720703125,3880.54248046875,5778.3115234375,8098.78564453125,1.0,0.9495186805725098,44,1,26.622491732223402,1.024308102821256,848.6862887967695,1.2469621189321731,1054.639614528192,539.3103919881041,982.4233845440983,1053.6953849631857
33.05095291137695,3850.2333984375,1.0302735567092896,3850.233642578125,3945.21533203125,6310.892578125,8656.5966796875,1.0,0.9488110542297363,45,1,26.622491732223402,1.024308102821256,848.6862887967695,1.2469621189321731,1054.639614528192,539.3103919881041,982.4233845440983,1053.6953849631857
31.036348342895508,3603.70068359375,0.9127397537231445,3603.700439453125,3835.90576171875,6241.8076171875,8487.4892578125,1.0,0.9507649540901184,46,1,26.622491732223402,1.024308102821256,848.6862887967695,1.2469621189321731,1054.639614528192,539.3103919881041,982.4233845440983,1053.6953849631857
31.58478355407715,3759.729248046875,0.9423106908798218,3759.729248046875,4005.9638671875,6674.7685546875,9832.5478515625,1.0,0.9508498311042786,47,1,26.622491732223402,1.024308102821256,848.6862887967695,1.2469621189321731,1054.639614528192,539.3103919881041,982.4233845440983,1053.6953849631857
32.81967544555664,3969.921630859375,0.9067748785018921,3969.921630859375,3986.7578125,7518.9677734375,11221.283203125,1.0,0.951022207736969,48,1,26.622491732223402,1.024308102821256,848.6862887967695,1.2469621189321731,1054.639614528192,539.3103919881041,982.4233845440983,1053.6953849631857
33.27234649658203,4000.29052734375,0.9002749919891357,4000.29052734375,3826.17236328125,7577.35888671875,11259.4462890625,1.0,0.9524574875831604,49,1,26.622491732223402,1.024308102821256,848.6862887967695,1.2469621189321731,1054.639614528192,539.3103919881041,982.4233845440983,1053.6953849631857
33.39396667480469,3950.575927734375,0.8328090906143188,3950.576171875,3828.658447265625,7519.927734375,10865.8916015625,1.0,0.95093834400177,50,1,26.622491732223402,1.024308102821256,848.6862887967695,1.2469621189321731,1054.639614528192,539.3103919881041,982.4233845440983,1053.6953849631857
37.11207580566406,4525.1748046875,0.9355815052986145,4525.1748046875,4343.7861328125,8748.51171875,12596.6552734375,1.0,0.9509567618370056,51,1,26.622491732223402,1.024308102821256,848.6862887967695,1.2469621189321731,1054.639614528192,539.3103919881041,982.4233845440983,1053.6953849631857
33.81808853149414,4143.04541015625,0.8387768268585205,4143.0458984375,3853.07861328125,8475.11328125,12245.419921875,1.0,0.9533156752586365,52,1,26.622491732223402,1.024308102821256,848.6862887967695,1.2469621189321731,1054.639614528192,539.3103919881041,982.4233845440983,1053.6953849631857
30.931732177734375,3726.438232421875,0.7555354237556458,3726.438232421875,3433.298828125,8025.7783203125,11866.3193359375,1.0,0.9539480209350586,53,1,26.622491732223402,1.024308102821256,848.6862887967695,1.2469621189321731,1054.639614528192,539.3103919881041,982.4233845440983,1053.6953849631857
36.847618103027344,4548.951171875,0.9141948223114014,4548.95166015625,4086.2470703125,10056.740234375,15028.83984375,1.0,0.9524868726730347,54,1,26.622491732223402,1.024308102821256,848.6862887967695,1.2469621189321731,1054.639614528192,539.3103919881041,982.4233845440983,1053.6953849631857
36.37275314331055,4573.1728515625,0.8687334060668945,4573.1728515625,4125.923828125,10399.24609375,15360.458984375,1.0,0.9499012231826782,55,1,26.622491732223402,1.024308102821256,848.6862887967695,1.2469621189321731,1054.639614528192,539.3103919881041,982.4233845440983,1053.6953849631857
40.006134033203125,4826.5625,0.8780616521835327,4826.5625,4016.75732421875,10977.505859375,14255.7890625,1.0,0.9502419233322144,56,1,26.622491732223402,1.024308102821256,848.6862887967695,1.2469621189321731,1054.639614528192,539.3103919881041,982.4233845440983,1053.6953849631857
35.24208068847656,4471.9638671875,0.7871589660644531,4471.9638671875,3681.447998046875,10883.2666015625,15825.88671875,0.99609375,0.9507454037666321,57,1,26.622491732223402,1.024308102821256,848.6862887967695,1.2469621189321731,1054.639614528192,539.3103919881041,982.4233845440983,1053.6953849631857
35.71393585205078,4369.08642578125,0.7125938534736633,4369.08642578125,3486.15673828125,10221.630859375,15506.1904296875,0.9921875,0.951603353023529,58,1,26.622491732223402,1.024308102821256,848.6862887967695,1.2469621189321731,1054.639614528192,539.3103919881041,982.4233845440983,1053.6953849631857
38.656776428222656,4790.10400390625,0.832202672958374,4790.10400390625,3450.365234375,12243.4111328125,16586.755859375,0.96875,0.9500787258148193,59,1,26.622491732223402,1.024308102821256,848.6862887967695,1.2469621189321731,1054.639614528192,539.3103919881041,982.4233845440983,1053.6953849631857
43.12213134765625,5403.32373046875,0.8972501754760742,5403.32373046875,3655.552734375,13770.708984375,17742.681640625,0.953125,0.9522935748100281,60,1,26.622491732223402,1.024308102821256,848.6862887967695,1.2469621189321731,1054.639614528192,539.3103919881041,982.4233845440983,1053.6953849631857
39.21825408935547,5014.3173828125,0.7942695021629333,5014.31787109375,3828.047119140625,12714.447265625,19120.962890625,0.97265625,0.9497547745704651,61,1,26.622491732223402,1.024308102821256,848.6862887967695,1.2469621189321731,1054.639614528192,539.3103919881041,982.4233845440983,1053.6953849631857
44.499481201171875,5484.1708984375,0.8320363759994507,5484.1708984375,4170.08984375,13555.0390625,19907.951171875,0.9609375,0.9535951018333435,62,1,26.622491732223402,1.024308102821256,848.6862887967695,1.2469621189321731,1054.639614528192,539.3103919881041,982.4233845440983,1053.6953849631857
40.58164596557617,4955.2822265625,0.7907037734985352,4955.2822265625,3643.941650390625,12151.962890625,18921.591796875,0.97265625,0.9495198726654053,63,1,26.622491732223402,1.024308102821256,848.6862887967695,1.2469621189321731,1054.639614528192,539.3103919881041,982.4233845440983,1053.6953849631857
42.75955581665039,5397.05859375,0.7947403192520142,5397.05908203125,2609.27392578125,14059.5712890625,21480.298828125,0.9453125,0.948468804359436,64,1,26.622491732223402,1.024308102821256,848.6862887967695,1.2469621189321731,1054.639614528192,539.3103919881041,982.4233845440983,1053.6953849631857
44.2894172668457,5539.26953125,0.8089796900749207,5539.26953125,3289.1708984375,15781.498046875,20925.80078125,0.96484375,0.9498341679573059,65,1,26.622491732223402,1.024308102821256,848.6862887967695,1.2469621189321731,1054.639614528192,539.3103919881041,982.4233845440983,1053.6953849631857
41.21179962158203,5360.7373046875,0.805424690246582,5360.7373046875,3385.20703125,15138.615234375,22265.630859375,0.90234375,0.9490317702293396,66,1,26.622491732223402,1.024308102821256,848.6862887967695,1.2469621189321731,1054.639614528192,539.3103919881041,982.4233845440983,1053.6953849631857
41.24718475341797,5238.32421875,0.7525124549865723,5238.32421875,1891.2435302734375,14144.080078125,20367.97265625,0.94921875,0.9510260224342346,67,1,26.622491732223402,1.024308102821256,848.6862887967695,1.2469621189321731,1054.639614528192,539.3103919881041,982.4233845440983,1053.6953849631857
43.47780227661133,5584.7333984375,0.8252829313278198,5584.7333984375,2086.0,15699.333984375,22065.125,0.8984375,0.9498319029808044,68,1,26.622491732223402,1.024308102821256,848.6862887967695,1.2469621189321731,1054.639614528192,539.3103919881041,982.4233845440983,1053.6953849631857
45.055763244628906,5595.6630859375,0.8116973638534546,5595.6630859375,2757.932861328125,16213.19921875,23356.0390625,0.94921875,0.948096752166748,69,1,26.622491732223402,1.024308102821256,848.6862887967695,1.2469621189321731,1054.639614528192,539.3103919881041,982.4233845440983,1053.6953849631857
44.40974044799805,5726.1728515625,0.8306328654289246,5726.1728515625,3027.9541015625,15974.451171875,24299.646484375,0.9296875,0.950973391532898,70,1,26.622491732223402,1.024308102821256,848.6862887967695,1.2469621189321731,1054.639614528192,539.3103919881041,982.4233845440983,1053.6953849631857
46.60575866699219,5774.685546875,0.7742227911949158,5774.685546875,1327.26123046875,17239.455078125,26527.1015625,0.921875,0.9516572952270508,71,1,26.622491732223402,1.024308102821256,848.6862887967695,1.2469621189321731,1054.639614528192,539.3103919881041,982.4233845440983,1053.6953849631857
43.77737808227539,5460.5380859375,0.7632178068161011,5460.5380859375,1871.9130859375,16112.318359375,23133.376953125,0.95703125,0.9491660594940186,72,1,26.622491732223402,1.024308102821256,848.6862887967695,1.2469621189321731,1054.639614528192,539.3103919881041,982.4233845440983,1053.6953849631857
47.37899398803711,6062.6689453125,0.7713748216629028,6062.6689453125,2006.17138671875,17171.625,25002.283203125,0.89453125,0.9508363604545593,73,1,26.622491732223402,1.024308102821256,848.6862887967695,1.2469621189321731,1054.639614528192,539.3103919881041,982.4233845440983,1053.6953849631857
44.50060272216797,5556.77587890625,0.7275876998901367,5556.77587890625,1277.009765625,18616.771484375,24121.111328125,0.88671875,0.9489926695823669,74,1,26.622491732223402,1.024308102821256,848.6862887967695,1.2469621189321731,1054.639614528192,539.3103919881041,982.4233845440983,1053.6953849631857
42.54926681518555,5345.53125,0.6863919496536255,5345.53125,1034.34912109375,17587.4453125,27254.5625,0.90234375,0.9502837061882019,75,1,26.622491732223402,1.024308102821256,848.6862887967695,1.2469621189321731,1054.639614528192,539.3103919881041,982.4233845440983,1053.6953849631857
55.9301643371582,6974.083984375,0.8882303237915039,6974.083984375,1998.529296875,20553.62109375,27314.474609375,0.89453125,0.9491087794303894,76,1,26.622491732223402,1.024308102821256,848.6862887967695,1.2469621189321731,1054.639614528192,539.3103919881041,982.4233845440983,1053.6953849631857
53.80602264404297,6858.7978515625,0.9491032361984253,6858.7978515625,2008.0439453125,20466.13671875,28884.5625,0.8828125,0.9511522650718689,77,1,26.622491732223402,1.024308102821256,848.6862887967695,1.2469621189321731,1054.639614528192,539.3103919881041,982.4233845440983,1053.6953849631857
45.48069763183594,5927.99951171875,0.7300796508789062,5927.99951171875,1875.52197265625,18280.345703125,26798.259765625,0.85546875,0.9535295963287354,78,1,26.622491732223402,1.024308102821256,848.6862887967695,1.2469621189321731,1054.639614528192,539.3103919881041,982.4233845440983,1053.6953849631857
47.61800003051758,5864.1513671875,0.7250131368637085,5864.1513671875,1558.13916015625,18074.79296875,28385.91015625,0.87890625,0.9475432634353638,79,1,26.622491732223402,1.024308102821256,848.6862887967695,1.2469621189321731,1054.639614528192,539.3103919881041,982.4233845440983,1053.6953849631857
42.13443374633789,5315.36767578125,0.5734826326370239,5315.36767578125,1296.2882080078125,17932.82421875,29200.31640625,0.875,0.9505018591880798,80,1,26.622491732223402,1.024308102821256,848.6862887967695,1.2469621189321731,1054.639614528192,539.3103919881041,982.4233845440983,1053.6953849631857
41.09031295776367,5296.0029296875,0.5118248462677002,5296.0029296875,1265.4410400390625,15772.123046875,25673.576171875,0.8515625,0.9525109529495239,81,1,26.622491732223402,1.024308102821256,848.6862887967695,1.2469621189321731,1054.639614528192,539.3103919881041,982.4233845440983,1053.6953849631857
49.91286849975586,6384.1162109375,0.7419882416725159,6384.1162109375,1483.218017578125,21073.994140625,28290.71484375,0.8828125,0.9506210684776306,82,1,26.622491732223402,1.024308102821256,848.6862887967695,1.2469621189321731,1054.639614528192,539.3103919881041,982.4233845440983,1053.6953849631857
57.83482360839844,7593.43603515625,1.0026384592056274,7593.43603515625,1685.2333984375,24289.9140625,30960.8203125,0.86328125,0.9491164088249207,83,1,26.622491732223402,1.024308102821256,848.6862887967695,1.2469621189321731,1054.639614528192,539.3103919881041,982.4233845440983,1053.6953849631857
41.88018035888672,5510.9052734375,0.6608389616012573,5510.9052734375,1052.9901123046875,20856.98828125,27910.96484375,0.8203125,0.9499738812446594,84,1,26.622491732223402,1.024308102821256,848.6862887967695,1.2469621189321731,1054.639614528192,539.3103919881041,982.4233845440983,1053.6953849631857
46.725990295410156,5949.716796875,0.7253471612930298,5949.716796875,543.2081909179688,22393.29296875,32091.55859375,0.8125,0.9510674476623535,85,1,26.622491732223402,1.024308102821256,848.6862887967695,1.2469621189321731,1054.639614528192,539.3103919881041,982.4233845440983,1053.6953849631857
52.555641174316406,6783.9912109375,0.9129654169082642,6783.9912109375,814.103271484375,23466.19921875,32799.578125,0.83984375,0.9499703645706177,86,1,26.622491732223402,1.024308102821256,848.6862887967695,1.2469621189321731,1054.639614528192,539.3103919881041,982.4233845440983,1053.6953849631857
49.80265808105469,6611.9521484375,0.6839775443077087,6611.9521484375,1559.07861328125,22209.203125,32188.66015625,0.87109375,0.9498660564422607,87,1,26.622491732223402,1.024308102821256,848.6862887967695,1.2469621189321731,1054.639614528192,539.3103919881041,982.4233845440983,1053.6953849631857
43.739044189453125,5575.3984375,0.5915881991386414,5575.3984375,399.74298095703125,19437.4453125,32143.79296875,0.82421875,0.9499611258506775,88,1,26.622491732223402,1.024308102821256,848.6862887967695,1.2469621189321731,1054.639614528192,539.3103919881041,982.4233845440983,1053.6953849631857
46.655372619628906,6108.80908203125,0.6226051449775696,6108.80859375,577.649658203125,21473.85546875,33196.95703125,0.82421875,0.9511293768882751,89,1,26.622491732223402,1.024308102821256,848.6862887967695,1.2469621189321731,1054.639614528192,539.3103919881041,982.4233845440983,1053.6953849631857
52.19429016113281,6854.4453125,0.7403378486633301,6854.4453125,675.3855590820312,24433.064453125,36063.03125,0.81640625,0.9511032104492188,90,1,26.622491732223402,1.024308102821256,848.6862887967695,1.2469621189321731,1054.639614528192,539.3103919881041,982.4233845440983,1053.6953849631857
45.16693115234375,6077.744140625,0.6515292525291443,6077.744140625,503.6141357421875,23615.56640625,32181.90234375,0.80859375,0.9471790790557861,91,1,26.622491732223402,1.024308102821256,848.6862887967695,1.2469621189321731,1054.639614528192,539.3103919881041,982.4233845440983,1053.6953849631857
57.49927520751953,7770.5439453125,0.925996720790863,7770.5439453125,966.7448120117188,24781.09375,35176.8515625,0.8125,0.9486082792282104,92,1,26.622491732223402,1.024308102821256,848.6862887967695,1.2469621189321731,1054.639614528192,539.3103919881041,982.4233845440983,1053.6953849631857
53.64582061767578,7094.17822265625,0.7086423635482788,7094.177734375,752.263916015625,22934.70703125,35650.8515625,0.80078125,0.951093316078186,93,1,26.622491732223402,1.024308102821256,848.6862887967695,1.2469621189321731,1054.639614528192,539.3103919881041,982.4233845440983,1053.6953849631857
42.130523681640625,5748.54931640625,0.5556470155715942,5748.54931640625,395.3645935058594,20179.9140625,31017.09375,0.82421875,0.9518594145774841,94,1,26.622491732223402,1.024308102821256,848.6862887967695,1.2469621189321731,1054.639614528192,539.3103919881041,982.4233845440983,1053.6953849631857
48.7877311706543,6658.1982421875,0.6634673476219177,6658.1982421875,649.345703125,21389.900390625,34927.21875,0.81640625,0.9507796764373779,95,1,26.622491732223402,1.024308102821256,848.6862887967695,1.2469621189321731,1054.639614528192,539.3103919881041,982.4233845440983,1053.6953849631857
56.640342712402344,7615.77001953125,0.8194166421890259,7615.77001953125,535.1244506835938,26121.82421875,37356.19921875,0.828125,0.9490213394165039,96,1,26.622491732223402,1.024308102821256,848.6862887967695,1.2469621189321731,1054.639614528192,539.3103919881041,982.4233845440983,1053.6953849631857
50.265419006347656,6670.30078125,0.6675505638122559,6670.30078125,752.5948486328125,22654.306640625,36240.4609375,0.80859375,0.9491907358169556,97,1,26.622491732223402,1.024308102821256,848.6862887967695,1.2469621189321731,1054.639614528192,539.3103919881041,982.4233845440983,1053.6953849631857
51.033843994140625,6898.40625,0.7543670535087585,6898.40625,617.0123291015625,23937.12109375,36845.78125,0.79296875,0.9518901109695435,98,1,26.622491732223402,1.024308102821256,848.6862887967695,1.2469621189321731,1054.639614528192,539.3103919881041,982.4233845440983,1053.6953849631857
45.82806396484375,6085.2666015625,0.5373284816741943,6085.2666015625,459.53948974609375,22645.65234375,36090.87109375,0.828125,0.950534462928772,99,1,26.622491732223402,1.024308102821256,848.6862887967695,1.2469621189321731,1054.639614528192,539.3103919881041,982.4233845440983,1053.6953849631857
61.52933883666992,8294.416015625,0.87256920337677,8294.416015625,996.1602783203125,27234.9140625,38803.796875,0.828125,0.9518569111824036,100,1,26.622491732223402,1.024308102821256,848.6862887967695,1.2469621189321731,1054.639614528192,539.3103919881041,982.4233845440983,1053.6953849631857
58.594093322753906,7937.15869140625,0.8560260534286499,7937.15869140625,517.6175537109375,27642.404296875,40657.8359375,0.79296875,0.9518508911132812,101,1,26.622491732223402,1.024308102821256,848.6862887967695,1.2469621189321731,1054.639614528192,539.3103919881041,982.4233845440983,1053.6953849631857
47.68658447265625,6352.177734375,0.6094342470169067,6352.177734375,221.38796997070312,26201.59765625,40982.66015625,0.7421875,0.9516614675521851,102,1,26.622491732223402,1.024308102821256,848.6862887967695,1.2469621189321731,1054.639614528192,539.3103919881041,982.4233845440983,1053.6953849631857
47.76871871948242,6509.541015625,0.6343470215797424,6509.54052734375,331.50091552734375,25080.76171875,39712.11328125,0.8046875,0.9502331018447876,103,1,26.622491732223402,1.024308102821256,848.6862887967695,1.2469621189321731,1054.639614528192,539.3103919881041,982.4233845440983,1053.6953849631857
51.612308502197266,6964.38525390625,0.6260800361633301,6964.3857421875,150.4118194580078,30493.2265625,37263.96875,0.78515625,0.9509163498878479,104,1,26.622491732223402,1.024308102821256,848.6862887967695,1.2469621189321731,1054.639614528192,539.3103919881041,982.4233845440983,1053.6953849631857
41.31322479248047,5448.8857421875,0.5173611640930176,5448.8857421875,267.5755615234375,19796.35546875,37120.7421875,0.7265625,0.9483403563499451,105,1,26.622491732223402,1.024308102821256,848.6862887967695,1.2469621189321731,1054.639614528192,539.3103919881041,982.4233845440983,1053.6953849631857
50.896671295166016,6867.087890625,0.6230863332748413,6867.087890625,158.27203369140625,28089.79296875,39283.4296875,0.73046875,0.9486412405967712,106,1,26.622491732223402,1.024308102821256,848.6862887967695,1.2469621189321731,1054.639614528192,539.3103919881041,982.4233845440983,1053.6953849631857
46.630760192871094,6580.4638671875,0.6215212345123291,6580.4638671875,304.16827392578125,26184.44921875,39680.69140625,0.75,0.9500272870063782,107,1,26.622491732223402,1.024308102821256,848.6862887967695,1.2469621189321731,1054.639614528192,539.3103919881041,982.4233845440983,1053.6953849631857
51.31120300292969,6726.171875,0.6152429580688477,6726.171875,192.24191284179688,25837.26953125,41539.40625,0.734375,0.9488265514373779,108,1,26.622491732223402,1.024308102821256,848.6862887967695,1.2469621189321731,1054.639614528192,539.3103919881041,982.4233845440983,1053.6953849631857
52.869606018066406,7125.125,0.7201021909713745,7125.125,205.8509521484375,28042.626953125,41719.83203125,0.72265625,0.949387788772583,109,1,26.622491732223402,1.024308102821256,848.6862887967695,1.2469621189321731,1054.639614528192,539.3103919881041,982.4233845440983,1053.6953849631857
50.208900451660156,6866.9423828125,0.8005684018135071,6866.9423828125,120.63304138183594,29636.6640625,39862.51953125,0.6953125,0.9501744508743286,110,1,26.622491732223402,1.024308102821256,848.6862887967695,1.2469621189321731,1054.639614528192,539.3103919881041,982.4233845440983,1053.6953849631857
52.43091583251953,7214.1513671875,0.6797115206718445,7214.15185546875,391.20166015625,28763.28125,44094.7578125,0.7578125,0.9500659108161926,111,1,26.622491732223402,1.024308102821256,848.6862887967695,1.2469621189321731,1054.639614528192,539.3103919881041,982.4233845440983,1053.6953849631857
39.89128875732422,5662.484375,0.5032636523246765,5662.484375,106.07691955566406,25103.25,44186.09375,0.7421875,0.949471116065979,112,1,26.622491732223402,1.024308102821256,848.6862887967695,1.2469621189321731,1054.639614528192,539.3103919881041,982.4233845440983,1053.6953849631857
59.223392486572266,8119.70361328125,0.7694464921951294,8119.703125,188.90496826171875,29826.9140625,42072.73046875,0.73046875,0.9505944848060608,113,1,26.622491732223402,1.024308102821256,848.6862887967695,1.2469621189321731,1054.639614528192,539.3103919881041,982.4233845440983,1053.6953849631857
45.660247802734375,6145.45458984375,0.6605421900749207,6145.45458984375,187.87364196777344,28393.50390625,43330.36328125,0.75390625,0.9484351873397827,114,1,26.622491732223402,1.024308102821256,848.6862887967695,1.2469621189321731,1054.639614528192,539.3103919881041,982.4233845440983,1053.6953849631857
49.990108489990234,6696.03466796875,0.8021035194396973,6696.03466796875,19.33950424194336,29918.48046875,46525.921875,0.6796875,0.9477958083152771,115,1,26.622491732223402,1.024308102821256,848.6862887967695,1.2469621189321731,1054.639614528192,539.3103919881041,982.4233845440983,1053.6953849631857
55.326236724853516,7355.44482421875,0.7074773907661438,7355.44482421875,176.3408966064453,31965.41015625,44749.1171875,0.7578125,0.9517378211021423,116,1,26.622491732223402,1.024308102821256,848.6862887967695,1.2469621189321731,1054.639614528192,539.3103919881041,982.4233845440983,1053.6953849631857
59.01664733886719,8659.701171875,0.904890775680542,8659.701171875,306.2464599609375,33190.5625,46236.19921875,0.71484375,0.9515280723571777,117,1,26.622491732223402,1.024308102821256,848.6862887967695,1.2469621189321731,1054.639614528192,539.3103919881041,982.4233845440983,1053.6953849631857
40.54705810546875,5636.5439453125,0.5434895753860474,5636.5439453125,73.57940673828125,25354.2421875,45080.6640625,0.76171875,0.9517899751663208,118,1,26.622491732223402,1.024308102821256,848.6862887967695,1.2469621189321731,1054.639614528192,539.3103919881041,982.4233845440983,1053.6953849631857
48.96857452392578,7260.4580078125,0.7991331815719604,7260.4580078125,34.174400329589844,33353.1171875,46050.09765625,0.640625,0.950491726398468,119,1,26.622491732223402,1.024308102821256,848.6862887967695,1.2469621189321731,1054.639614528192,539.3103919881041,982.4233845440983,1053.6953849631857
39.48180389404297,5547.7626953125,0.534498393535614,5547.7626953125,55.21098327636719,22988.078125,45396.06640625,0.68359375,0.9509044289588928,120,1,26.622491732223402,1.024308102821256,848.6862887967695,1.2469621189321731,1054.639614528192,539.3103919881041,982.4233845440983,1053.6953849631857
41.124568939208984,5789.29345703125,0.5395225882530212,5789.29345703125,52.867530822753906,24455.029296875,48326.828125,0.6640625,0.9501658082008362,121,1,26.622491732223402,1.024308102821256,848.6862887967695,1.2469621189321731,1054.639614528192,539.3103919881041,982.4233845440983,1053.6953849631857
50.48241424560547,6917.6123046875,0.647465705871582,6917.6123046875,68.81380462646484,26980.296875,48029.98828125,0.671875,0.947507917881012,122,1,26.622491732223402,1.024308102821256,848.6862887967695,1.2469621189321731,1054.639614528192,539.3103919881041,982.4233845440983,1053.6953849631857
49.20798873901367,6820.068359375,0.6905936002731323,6820.068359375,203.19845581054688,30434.0390625,47299.0546875,0.73828125,0.9505457878112793,123,1,26.622491732223402,1.024308102821256,848.6862887967695,1.2469621189321731,1054.639614528192,539.3103919881041,982.4233845440983,1053.6953849631857
43.8742790222168,5948.5673828125,0.5710974335670471,5948.5673828125,33.065155029296875,26281.40625,45142.6484375,0.6875,0.9498608708381653,124,1,26.622491732223402,1.024308102821256,848.6862887967695,1.2469621189321731,1054.639614528192,539.3103919881041,982.4233845440983,1053.6953849631857
52.23606491088867,6950.8203125,0.6338186264038086,6950.8203125,50.75556945800781,29200.712890625,45165.828125,0.66796875,0.9506069421768188,125,1,26.622491732223402,1.024308102821256,848.6862887967695,1.2469621189321731,1054.639614528192,539.3103919881041,982.4233845440983,1053.6953849631857
50.63465881347656,7309.619140625,0.8744804859161377,7309.619140625,23.94501495361328,31426.498046875,50308.57421875,0.64453125,0.9473068118095398,126,1,26.622491732223402,1.024308102821256,848.6862887967695,1.2469621189321731,1054.639614528192,539.3103919881041,982.4233845440983,1053.6953849631857
53.64479064941406,7182.66064453125,0.7766780853271484,7182.6611328125,70.57920837402344,31330.1875,49589.42578125,0.671875,0.9522072076797485,127,1,26.622491732223402,1.024308102821256,848.6862887967695,1.2469621189321731,1054.639614528192,539.3103919881041,982.4233845440983,1053.6953849631857
61.418235778808594,8467.169921875,0.9776955842971802,8467.169921875,75.14939880371094,35527.3359375,46992.1875,0.67578125,0.9493948221206665,128,1,26.622491732223402,1.024308102821256,848.6862887967695,1.2469621189321731,1054.639614528192,539.3103919881041,982.4233845440983,1053.6953849631857
47.53620147705078,6867.9482421875,0.5499321222305298,6867.9482421875,64.85438537597656,29112.07421875,52123.7578125,0.71484375,0.9488856196403503,129,1,26.622491732223402,1.024308102821256,848.6862887967695,1.2469621189321731,1054.639614528192,539.3103919881041,982.4233845440983,1053.6953849631857
49.08628463745117,6555.53955078125,0.6497696042060852,6555.53955078125,63.316192626953125,31391.607421875,51556.0,0.69140625,0.9492475390434265,130,1,26.622491732223402,1.024308102821256,848.6862887967695,1.2469621189321731,1054.639614528192,539.3103919881041,982.4233845440983,1053.6953849631857
49.06430435180664,7115.95263671875,0.7497353553771973,7115.95263671875,42.608741760253906,32463.765625,54993.21484375,0.69921875,0.9496934413909912,131,1,26.622491732223402,1.024308102821256,848.6862887967695,1.2469621189321731,1054.639614528192,539.3103919881041,982.4233845440983,1053.6953849631857
41.12375259399414,5672.94921875,0.6100178956985474,5672.94921875,9.94118881225586,27321.78515625,48356.3828125,0.59375,0.9476738572120667,132,1,26.622491732223402,1.024308102821256,848.6862887967695,1.2469621189321731,1054.639614528192,539.3103919881041,982.4233845440983,1053.6953849631857
50.1591911315918,7358.04541015625,0.751391589641571,7358.04541015625,33.28309631347656,33903.72265625,47294.3671875,0.66015625,0.9503785967826843,133,1,26.622491732223402,1.024308102821256,848.6862887967695,1.2469621189321731,1054.639614528192,539.3103919881041,982.4233845440983,1053.6953849631857
56.65681457519531,7857.76318359375,0.6463736295700073,7857.7626953125,31.173900604248047,34468.6171875,53870.4375,0.6171875,0.9501409530639648,134,1,26.622491732223402,1.024308102821256,848.6862887967695,1.2469621189321731,1054.639614528192,539.3103919881041,982.4233845440983,1053.6953849631857
48.70087432861328,6956.50927734375,0.6889780759811401,6956.5087890625,27.668071746826172,32619.8671875,51783.6484375,0.68359375,0.9520920515060425,135,1,26.622491732223402,1.024308102821256,848.6862887967695,1.2469621189321731,1054.639614528192,539.3103919881041,982.4233845440983,1053.6953849631857
46.432533264160156,6767.9052734375,0.7929742336273193,6767.90478515625,9.97001838684082,33593.72265625,58152.30078125,0.58984375,0.9497610330581665,136,1,26.622491732223402,1.024308102821256,848.6862887967695,1.2469621189321731,1054.639614528192,539.3103919881041,982.4233845440983,1053.6953849631857
47.58222198486328,6505.4697265625,0.5721003413200378,6505.4697265625,17.050931930541992,24388.095703125,58523.83203125,0.61328125,0.9501318335533142,137,1,26.622491732223402,1.024308102821256,848.6862887967695,1.2469621189321731,1054.639614528192,539.3103919881041,982.4233845440983,1053.6953849631857
53.14704895019531,7479.005859375,0.6356534957885742,7479.005859375,30.082561492919922,32772.7890625,51244.29296875,0.64453125,0.9469035863876343,138,1,26.622491732223402,1.024308102821256,848.6862887967695,1.2469621189321731,1054.639614528192,539.3103919881041,982.4233845440983,1053.6953849631857
42.127532958984375,5989.5625,0.4789379835128784,5989.5625,5.9121198654174805,28325.53125,50658.171875,0.59375,0.9469201564788818,139,1,26.622491732223402,1.024308102821256,848.6862887967695,1.2469621189321731,1054.639614528192,539.3103919881041,982.4233845440983,1053.6953849631857
48.621665954589844,6582.4453125,0.46584516763687134,6582.4453125,21.759193420410156,30295.0859375,51686.046875,0.62890625,0.9499581456184387,140,1,26.622491732223402,1.024308102821256,848.6862887967695,1.2469621189321731,1054.639614528192,539.3103919881041,982.4233845440983,1053.6953849631857
48.54117965698242,6851.9638671875,0.698147177696228,6851.9638671875,39.59003448486328,30081.3984375,54720.4375,0.6953125,0.9497987627983093,141,1,26.622491732223402,1.024308102821256,848.6862887967695,1.2469621189321731,1054.639614528192,539.3103919881041,982.4233845440983,1053.6953849631857
47.93290710449219,6698.9970703125,0.7622386813163757,6698.99755859375,30.42373275756836,32424.931640625,52405.0390625,0.6484375,0.9496885538101196,142,1,26.622491732223402,1.024308102821256,848.6862887967695,1.2469621189321731,1054.639614528192,539.3103919881041,982.4233845440983,1053.6953849631857
61.867671966552734,8559.4912109375,0.9493538737297058,8559.4921875,56.35954666137695,41443.20703125,59467.5703125,0.6640625,0.9495382905006409,143,1,26.622491732223402,1.024308102821256,848.6862887967695,1.2469621189321731,1054.639614528192,539.3103919881041,982.4233845440983,1053.6953849631857
49.91030502319336,7124.25537109375,0.7900424599647522,7124.25537109375,11.292750358581543,36785.1640625,58376.703125,0.59375,0.9492453932762146,144,1,26.622491732223402,1.024308102821256,848.6862887967695,1.2469621189321731,1054.639614528192,539.3103919881041,982.4233845440983,1053.6953849631857
61.86874008178711,8628.259765625,0.7248456478118896,8628.259765625,45.10921859741211,36763.7109375,51964.5078125,0.65234375,0.9496832489967346,145,1,26.622491732223402,1.024308102821256,848.6862887967695,1.2469621189321731,1054.639614528192,539.3103919881041,982.4233845440983,1053.6953849631857
49.25750732421875,7116.6298828125,0.866014838218689,7116.6298828125,20.92291259765625,33751.828125,49629.53515625,0.61328125,0.951336145401001,146,1,26.622491732223402,1.024308102821256,848.6862887967695,1.2469621189321731,1054.639614528192,539.3103919881041,982.4233845440983,1053.6953849631857
53.210479736328125,7502.068359375,0.71888267993927,7502.068359375,33.02508544921875,34400.46484375,56400.95703125,0.6328125,0.9480406641960144,147,1,26.622491732223402,1.024308102821256,848.6862887967695,1.2469621189321731,1054.639614528192,539.3103919881041,982.4233845440983,1053.6953849631857
45.734092712402344,6436.94091796875,0.636337161064148,6436.94091796875,16.7570858001709,29634.75390625,55286.81640625,0.64453125,0.9506011009216309,148,1,26.622491732223402,1.024308102821256,848.6862887967695,1.2469621189321731,1054.639614528192,539.3103919881041,982.4233845440983,1053.6953849631857
52.31487274169922,7346.6357421875,0.8034967184066772,7346.63525390625,11.142999649047852,36162.96875,57971.18359375,0.609375,0.9501767158508301,149,1,26.622491732223402,1.024308102821256,848.6862887967695,1.2469621189321731,1054.639614528192,539.3103919881041,982.4233845440983,1053.6953849631857
42.522300720214844,5990.22509765625,0.6405000686645508,5990.22509765625,17.335710525512695,28651.72265625,56228.859375,0.62109375,0.949547529220581,150,1,26.622491732223402,1.024308102821256,848.6862887967695,1.2469621189321731,1054.639614528192,539.3103919881041,982.4233845440983,1053.6953849631857
38.464237213134766,5571.8857421875,0.5479839444160461,5571.8857421875,10.547356605529785,27788.599609375,53926.40625,0.60546875,0.9489102959632874,151,1,26.622491732223402,1.024308102821256,848.6862887967695,1.2469621189321731,1054.639614528192,539.3103919881041,982.4233845440983,1053.6953849631857
62.93384552001953,8500.8671875,0.7010944485664368,8500.8671875,29.93181800842285,37170.90625,57930.07421875,0.64453125,0.9477814435958862,152,1,26.622491732223402,1.024308102821256,848.6862887967695,1.2469621189321731,1054.639614528192,539.3103919881041,982.4233845440983,1053.6953849631857
43.24032974243164,6169.1826171875,0.3643094301223755,6169.1826171875,16.390499114990234,29827.30078125,51604.3984375,0.6484375,0.9507164359092712,153,1,26.622491732223402,1.024308102821256,848.6862887967695,1.2469621189321731,1054.639614528192,539.3103919881041,982.4233845440983,1053.6953849631857
41.85651397705078,5790.701171875,0.4266599714756012,5790.701171875,9.079683303833008,22919.73828125,58513.71875,0.6171875,0.9468674659729004,154,1,26.622491732223402,1.024308102821256,848.6862887967695,1.2469621189321731,1054.639614528192,539.3103919881041,982.4233845440983,1053.6953849631857
60.81346893310547,8458.392578125,0.8460700511932373,8458.392578125,12.412639617919922,37444.1484375,56000.265625,0.6328125,0.9487817883491516,155,1,26.622491732223402,1.024308102821256,848.6862887967695,1.2469621189321731,1054.639614528192,539.3103919881041,982.4233845440983,1053.6953849631857
49.21770477294922,7019.224609375,0.6744522452354431,7019.224609375,14.0476655960083,35689.7734375,59575.7578125,0.6171875,0.9509549736976624,156,1,26.622491732223402,1.024308102821256,848.6862887967695,1.2469621189321731,1054.639614528192,539.3103919881041,982.4233845440983,1053.6953849631857
44.86457061767578,6417.1875,0.4450490474700928,6417.1875,37.73931884765625,29103.2265625,55056.1875,0.64453125,0.9499567747116089,157,1,26.622491732223402,1.024308102821256,848.6862887967695,1.2469621189321731,1054.639614528192,539.3103919881041,982.4233845440983,1053.6953849631857
39.35627746582031,5691.4912109375,0.5679833889007568,5691.4912109375,5.016846656799316,27485.90625,54719.015625,0.58203125,0.9498136043548584,158,1,26.622491732223402,1.024308102821256,848.6862887967695,1.2469621189321731,1054.639614528192,539.3103919881041,982.4233845440983,1053.6953849631857
44.84579086303711,6788.9736328125,0.7279184460639954,6788.9736328125,8.103959083557129,32716.869140625,55097.7421875,0.61328125,0.9485398530960083,159,1,26.622491732223402,1.024308102821256,848.6862887967695,1.2469621189321731,1054.639614528192,539.3103919881041,982.4233845440983,1053.6953849631857
44.376922607421875,6451.638671875,0.691664457321167,6451.638671875,3.729428291320801,33094.8125,53373.4765625,0.56640625,0.950276792049408,160,1,26.622491732223402,1.024308102821256,848.6862887967695,1.2469621189321731,1054.639614528192,539.3103919881041,982.4233845440983,1053.6953849631857
59.77083969116211,8408.5693359375,0.6791324019432068,8408.5693359375,11.51357364654541,38229.828125,63860.55859375,0.578125,0.9481377005577087,161,1,26.622491732223402,1.024308102821256,848.6862887967695,1.2469621189321731,1054.639614528192,539.3103919881041,982.4233845440983,1053.6953849631857
51.83197784423828,7217.798828125,0.6623586416244507,7217.798828125,13.688389778137207,34412.9453125,61522.01171875,0.6171875,0.9487910866737366,162,1,26.622491732223402,1.024308102821256,848.6862887967695,1.2469621189321731,1054.639614528192,539.3103919881041,982.4233845440983,1053.6953849631857
49.21507263183594,7240.69921875,0.557427167892456,7240.69921875,10.474638938903809,36173.8203125,60188.10546875,0.59375,0.9501303434371948,163,1,26.622491732223402,1.024308102821256,848.6862887967695,1.2469621189321731,1054.639614528192,539.3103919881041,982.4233845440983,1053.6953849631857
54.861175537109375,7701.94580078125,0.6979103088378906,7701.94580078125,7.394301414489746,40311.10546875,62519.08984375,0.578125,0.9502720832824707,164,1,26.622491732223402,1.024308102821256,848.6862887967695,1.2469621189321731,1054.639614528192,539.3103919881041,982.4233845440983,1053.6953849631857
49.24504852294922,7082.63671875,0.7140972018241882,7082.63720703125,6.105224609375,35403.25,59770.56640625,0.58203125,0.9481359124183655,165,1,26.622491732223402,1.024308102821256,848.6862887967695,1.2469621189321731,1054.639614528192,539.3103919881041,982.4233845440983,1053.6953849631857
37.82086944580078,5627.24951171875,0.5042731165885925,5627.24951171875,4.21412992477417,28880.72265625,52366.125,0.5625,0.9494343400001526,166,1,26.622491732223402,1.024308102821256,848.6862887967695,1.2469621189321731,1054.639614528192,539.3103919881041,982.4233845440983,1053.6953849631857
46.67146301269531,6710.265625,0.5247423052787781,6710.265625,12.309340476989746,31351.4453125,59917.2109375,0.5859375,0.9486406445503235,167,1,26.622491732223402,1.024308102821256,848.6862887967695,1.2469621189321731,1054.639614528192,539.3103919881041,982.4233845440983,1053.6953849631857
45.05512237548828,6642.58984375,0.5853834748268127,6642.58984375,1.6198358535766602,35098.05859375,59779.88671875,0.54296875,0.94859778881073,168,1,26.622491732223402,1.024308102821256,848.6862887967695,1.2469621189321731,1054.639614528192,539.3103919881041,982.4233845440983,1053.6953849631857
41.22791290283203,6016.705078125,0.4926866292953491,6016.705078125,2.6646387577056885,26501.005859375,60558.3984375,0.5546875,0.9513325095176697,169,1,26.622491732223402,1.024308102821256,848.6862887967695,1.2469621189321731,1054.639614528192,539.3103919881041,982.4233845440983,1053.6953849631857
61.627201080322266,9070.82421875,0.9298313856124878,9070.82421875,14.111352920532227,41216.5078125,63080.36328125,0.609375,0.9491329193115234,170,1,26.622491732223402,1.024308102821256,848.6862887967695,1.2469621189321731,1054.639614528192,539.3103919881041,982.4233845440983,1053.6953849631857
51.8171501159668,7453.27685546875,0.6091080904006958,7453.27685546875,3.018433094024658,35944.171875,65367.96875,0.55078125,0.9480087161064148,171,1,26.622491732223402,1.024308102821256,848.6862887967695,1.2469621189321731,1054.639614528192,539.3103919881041,982.4233845440983,1053.6953849631857
48.81190490722656,7174.73779296875,0.6994246244430542,7174.73779296875,4.460777282714844,32125.0859375,62536.484375,0.5859375,0.9494065642356873,172,1,26.622491732223402,1.024308102821256,848.6862887967695,1.2469621189321731,1054.639614528192,539.3103919881041,982.4233845440983,1053.6953849631857
50.63591003417969,7375.216796875,0.661859393119812,7375.216796875,4.816764831542969,41486.8203125,63879.015625,0.55859375,0.9492347240447998,173,1,26.622491732223402,1.024308102821256,848.6862887967695,1.2469621189321731,1054.639614528192,539.3103919881041,982.4233845440983,1053.6953849631857
47.000057220458984,7069.125,0.7578573226928711,7069.125,0.9160391092300415,32185.822265625,66173.9765625,0.5,0.9465206861495972,174,1,26.622491732223402,1.024308102821256,848.6862887967695,1.2469621189321731,1054.639614528192,539.3103919881041,982.4233845440983,1053.6953849631857
56.269775390625,8053.771484375,0.7119021415710449,8053.771484375,9.970285415649414,44396.1328125,74745.2265625,0.62890625,0.9503778219223022,175,1,26.622491732223402,1.024308102821256,848.6862887967695,1.2469621189321731,1054.639614528192,539.3103919881041,982.4233845440983,1053.6953849631857
54.48097229003906,7696.689453125,0.7980619668960571,7696.689453125,4.649911880493164,42569.640625,62129.7734375,0.578125,0.947762668132782,176,1,26.622491732223402,1.024308102821256,848.6862887967695,1.2469621189321731,1054.639614528192,539.3103919881041,982.4233845440983,1053.6953849631857
45.94547653198242,6759.39599609375,0.70946204662323,6759.39599609375,3.206768035888672,32562.904296875,63033.16015625,0.55078125,0.9497489333152771,177,1,26.622491732223402,1.024308102821256,848.6862887967695,1.2469621189321731,1054.639614528192,539.3103919881041,982.4233845440983,1053.6953849631857
51.58290481567383,7475.68017578125,0.6852158904075623,7475.68017578125,8.398109436035156,34681.27734375,67275.0859375,0.6015625,0.9492700099945068,178,1,26.622491732223402,1.024308102821256,848.6862887967695,1.2469621189321731,1054.639614528192,539.3103919881041,982.4233845440983,1053.6953849631857
43.55165481567383,6560.841796875,0.6642833948135376,6560.841796875,1.3651270866394043,30039.03515625,73067.140625,0.5078125,0.948728621006012,179,1,26.622491732223402,1.024308102821256,848.6862887967695,1.2469621189321731,1054.639614528192,539.3103919881041,982.4233845440983,1053.6953849631857
42.939598083496094,6241.91357421875,0.49893704056739807,6241.91357421875,2.823878765106201,30797.2734375,62748.73046875,0.5390625,0.9493998885154724,180,1,26.622491732223402,1.024308102821256,848.6862887967695,1.2469621189321731,1054.639614528192,539.3103919881041,982.4233845440983,1053.6953849631857
38.45683288574219,5683.2080078125,0.5904629826545715,5683.2080078125,1.1904449462890625,14681.4296875,65511.93359375,0.51171875,0.9491841197013855,181,1,26.622491732223402,1.024308102821256,848.6862887967695,1.2469621189321731,1054.639614528192,539.3103919881041,982.4233845440983,1053.6953849631857
40.21855545043945,5955.52294921875,0.5018018484115601,5955.52294921875,0.8664265275001526,24646.52734375,68872.375,0.49609375,0.9500605463981628,182,1,26.622491732223402,1.024308102821256,848.6862887967695,1.2469621189321731,1054.639614528192,539.3103919881041,982.4233845440983,1053.6953849631857
31.888025283813477,4616.376953125,0.49462345242500305,4616.376953125,2.949415683746338,13939.2685546875,61956.25,0.52734375,0.9500067830085754,183,1,26.622491732223402,1.024308102821256,848.6862887967695,1.2469621189321731,1054.639614528192,539.3103919881041,982.4233845440983,1053.6953849631857
47.075416564941406,7128.7919921875,0.7089041471481323,7128.7919921875,2.837371349334717,32557.724609375,71344.2109375,0.54296875,0.9510580897331238,184,1,26.622491732223402,1.024308102821256,848.6862887967695,1.2469621189321731,1054.639614528192,539.3103919881041,982.4233845440983,1053.6953849631857
48.09929656982422,7110.251953125,0.5660225749015808,7110.251953125,4.964694976806641,36662.140625,65992.0546875,0.5703125,0.9494653940200806,185,1,26.622491732223402,1.024308102821256,848.6862887967695,1.2469621189321731,1054.639614528192,539.3103919881041,982.4233845440983,1053.6953849631857
57.56317138671875,8593.6875,0.7160508632659912,8593.6875,2.1940438747406006,44580.3515625,67657.640625,0.5625,0.946002185344696,186,1,26.622491732223402,1.024308102821256,848.6862887967695,1.2469621189321731,1054.639614528192,539.3103919881041,982.4233845440983,1053.6953849631857
51.91267013549805,7583.90625,0.6960477232933044,7583.90625,2.6053690910339355,35723.171875,76047.4453125,0.53125,0.9511978030204773,187,1,26.622491732223402,1.024308102821256,848.6862887967695,1.2469621189321731,1054.639614528192,539.3103919881041,982.4233845440983,1053.6953849631857
42.18057632446289,6292.87646484375,0.5864940285682678,6292.87646484375,0.3979315757751465,30217.57421875,71701.984375,0.48828125,0.9489833116531372,188,1,26.622491732223402,1.024308102821256,848.6862887967695,1.2469621189321731,1054.639614528192,539.3103919881041,982.4233845440983,1053.6953849631857
53.73223876953125,7686.314453125,0.8629101514816284,7686.31396484375,1.159374713897705,39592.3671875,72726.8984375,0.50390625,0.9485591650009155,189,1,26.622491732223402,1.024308102821256,848.6862887967695,1.2469621189321731,1054.639614528192,539.3103919881041,982.4233845440983,1053.6953849631857
48.96260070800781,7299.81396484375,0.5976267457008362,7299.81396484375,6.08729362487793,39054.96484375,67207.734375,0.5625,0.9478316903114319,190,1,26.622491732223402,1.024308102821256,848.6862887967695,1.2469621189321731,1054.639614528192,539.3103919881041,982.4233845440983,1053.6953849631857
67.55840301513672,9887.814453125,0.8604960441589355,9887.814453125,7.138603210449219,53308.4609375,73780.9609375,0.5625,0.9478887319564819,191,1,26.622491732223402,1.024308102821256,848.6862887967695,1.2469621189321731,1054.639614528192,539.3103919881041,982.4233845440983,1053.6953849631857
47.253448486328125,7188.88671875,0.6537364721298218,7188.88671875,3.8556551933288574,38149.125,72302.46875,0.5625,0.9479284286499023,192,1,26.622491732223402,1.024308102821256,848.6862887967695,1.2469621189321731,1054.639614528192,539.3103919881041,982.4233845440983,1053.6953849631857
47.46927261352539,6987.1162109375,0.5978871583938599,6987.1162109375,2.0541555881500244,35282.390625,68101.0625,0.5390625,0.9457376599311829,193,1,26.622491732223402,1.024308102821256,848.6862887967695,1.2469621189321731,1054.639614528192,539.3103919881041,982.4233845440983,1053.6953849631857
54.337493896484375,8139.890625,0.7633743286132812,8139.890625,1.4209409952163696,39619.453125,71938.4921875,0.52734375,0.9468680024147034,194,1,26.622491732223402,1.024308102821256,848.6862887967695,1.2469621189321731,1054.639614528192,539.3103919881041,982.4233845440983,1053.6953849631857
42.84237289428711,6364.7939453125,0.6592451333999634,6364.7939453125,1.1949539184570312,31895.990234375,70377.0,0.5078125,0.9515047073364258,195,1,26.622491732223402,1.024308102821256,848.6862887967695,1.2469621189321731,1054.639614528192,539.3103919881041,982.4233845440983,1053.6953849631857
46.5242805480957,6821.07421875,0.5639221668243408,6821.07421875,1.0720900297164917,30820.134765625,72696.7421875,0.50390625,0.9500128030776978,196,1,26.622491732223402,1.024308102821256,848.6862887967695,1.2469621189321731,1054.639614528192,539.3103919881041,982.4233845440983,1053.6953849631857
43.001136779785156,6417.5419921875,0.5698530673980713,6417.5419921875,0.8234714269638062,32128.45703125,74354.3359375,0.49609375,0.9505679607391357,197,1,26.622491732223402,1.024308102821256,848.6862887967695,1.2469621189321731,1054.639614528192,539.3103919881041,982.4233845440983,1053.6953849631857
47.002105712890625,6815.84521484375,0.4853711724281311,6815.84521484375,0.748505711555481,36345.390625,63115.20703125,0.48828125,0.9508004784584045,198,1,26.622491732223402,1.024308102821256,848.6862887967695,1.2469621189321731,1054.639614528192,539.3103919881041,982.4233845440983,1053.6953849631857
50.45143127441406,7186.033203125,0.5214163064956665,7186.033203125,0.341103196144104,29881.013671875,68651.5390625,0.453125,0.9486848711967468,199,1,26.622491732223402,1.024308102821256,848.6862887967695,1.2469621189321731,1054.639614528192,539.3103919881041,982.4233845440983,1053.6953849631857
47.167701721191406,7184.61767578125,0.575573205947876,7184.61767578125,0.664027988910675,32627.591796875,77250.1015625,0.46484375,0.9473228454589844,200,1,26.622491732223402,1.024308102821256,848.6862887967695,1.2469621189321731,1054.639614528192,539.3103919881041,982.4233845440983,1053.6953849631857
54.18750762939453,8021.27978515625,0.5986424684524536,8021.27978515625,4.304991245269775,46962.82421875,67711.546875,0.546875,0.9470443725585938,201,1,26.622491732223402,1.024308102821256,848.6862887967695,1.2469621189321731,1054.639614528192,539.3103919881041,982.4233845440983,1053.6953849631857
46.87057876586914,6846.142578125,0.6476200819015503,6846.142578125,0.4143143892288208,36248.96875,62844.2890625,0.44921875,0.951444685459137,202,1,26.622491732223402,1.024308102821256,848.6862887967695,1.2469621189321731,1054.639614528192,539.3103919881041,982.4233845440983,1053.6953849631857
59.89584732055664,8766.337890625,0.7229589819908142,8766.337890625,2.3698291778564453,47160.03125,73578.9296875,0.53515625,0.949884295463562,203,1,26.622491732223402,1.024308102821256,848.6862887967695,1.2469621189321731,1054.639614528192,539.3103919881041,982.4233845440983,1053.6953849631857
67.9131851196289,10023.66796875,1.0514084100723267,10023.66796875,5.064110279083252,51170.765625,71935.3203125,0.55078125,0.9484356045722961,204,1,26.622491732223402,1.024308102821256,848.6862887967695,1.2469621189321731,1054.639614528192,539.3103919881041,982.4233845440983,1053.6953849631857
58.95806121826172,8780.345703125,0.9391995668411255,8780.345703125,2.4966964721679688,44958.796875,74704.1328125,0.5390625,0.9509393572807312,205,1,26.622491732223402,1.024308102821256,848.6862887967695,1.2469621189321731,1054.639614528192,539.3103919881041,982.4233845440983,1053.6953849631857
43.84873580932617,6505.21484375,0.5676462650299072,6505.21484375,1.654068946838379,29863.29296875,67036.1640625,0.52734375,0.9489728212356567,206,1,26.622491732223402,1.024308102821256,848.6862887967695,1.2469621189321731,1054.639614528192,539.3103919881041,982.4233845440983,1053.6953849631857
55.63809585571289,8254.2939453125,0.6868873834609985,8254.2939453125,0.5158002376556396,45641.1640625,75542.484375,0.46484375,0.9487168192863464,207,1,26.622491732223402,1.024308102821256,848.6862887967695,1.2469621189321731,1054.639614528192,539.3103919881041,982.4233845440983,1053.6953849631857
53.9803466796875,8058.57421875,0.7575370073318481,8058.57421875,2.7472944259643555,34124.0,71054.984375,0.5546875,0.9506384134292603,208,1,26.622491732223402,1.024308102821256,848.6862887967695,1.2469621189321731,1054.639614528192,539.3103919881041,982.4233845440983,1053.6953849631857
43.13271713256836,6253.1220703125,0.5174478888511658,6253.12255859375,0.9988247156143188,34798.40625,72541.671875,0.5,0.9509785175323486,209,1,26.622491732223402,1.024308102821256,848.6862887967695,1.2469621189321731,1054.639614528192,539.3103919881041,982.4233845440983,1053.6953849631857
48.30680847167969,7218.4423828125,0.48187220096588135,7218.4423828125,0.30885034799575806,36764.1875,64121.7421875,0.453125,0.9514883160591125,210,1,26.622491732223402,1.024308102821256,848.6862887967695,1.2469621189321731,1054.639614528192,539.3103919881041,982.4233845440983,1053.6953849631857
37.8619270324707,5695.2060546875,0.39808422327041626,5695.2060546875,0.25227296352386475,30707.6796875,68802.0,0.4453125,0.9467154145240784,211,1,26.622491732223402,1.024308102821256,848.6862887967695,1.2469621189321731,1054.639614528192,539.3103919881041,982.4233845440983,1053.6953849631857
41.53116226196289,6280.16259765625,0.6155491471290588,6280.16259765625,0.4430878758430481,33649.3203125,70161.2109375,0.46875,0.9501506090164185,212,1,26.622491732223402,1.024308102821256,848.6862887967695,1.2469621189321731,1054.639614528192,539.3103919881041,982.4233845440983,1053.6953849631857
46.283935546875,7062.646484375,0.6050195693969727,7062.64599609375,0.8983102440834045,30074.107421875,75848.8046875,0.48046875,0.9527669548988342,213,1,26.622491732223402,1.024308102821256,848.6862887967695,1.2469621189321731,1054.639614528192,539.3103919881041,982.4233845440983,1053.6953849631857
45.648681640625,6999.8876953125,0.618998110294342,6999.8876953125,2.42500901222229,35810.53515625,71016.859375,0.53125,0.9478785395622253,214,1,26.622491732223402,1.024308102821256,848.6862887967695,1.2469621189321731,1054.639614528192,539.3103919881041,982.4233845440983,1053.6953849631857
43.557159423828125,6522.263671875,0.5961113572120667,6522.263671875,0.5416743755340576,31342.171875,67767.4375,0.46484375,0.9471033215522766,215,1,26.622491732223402,1.024308102821256,848.6862887967695,1.2469621189321731,1054.639614528192,539.3103919881041,982.4233845440983,1053.6953849631857
64.41853332519531,9932.126953125,0.9598786234855652,9932.126953125,0.6802384853363037,51241.140625,77699.2421875,0.46875,0.9501560926437378,216,1,26.622491732223402,1.024308102821256,848.6862887967695,1.2469621189321731,1054.639614528192,539.3103919881041,982.4233845440983,1053.6953849631857
46.18982696533203,6926.06689453125,0.49786877632141113,6926.06689453125,0.7688005566596985,38527.01171875,71820.5546875,0.4921875,0.9487878084182739,217,1,26.622491732223402,1.024308102821256,848.6862887967695,1.2469621189321731,1054.639614528192,539.3103919881041,982.4233845440983,1053.6953849631857
46.148963928222656,6857.91748046875,0.5751617550849915,6857.91748046875,0.21346597373485565,26805.4375,71890.5078125,0.45703125,0.9499638080596924,218,1,26.622491732223402,1.024308102821256,848.6862887967695,1.2469621189321731,1054.639614528192,539.3103919881041,982.4233845440983,1053.6953849631857
52.0350456237793,7955.06640625,0.8045534491539001,7955.06640625,0.4483157694339752,43754.89453125,72803.8359375,0.47265625,0.9499842524528503,219,1,26.622491732223402,1.024308102821256,848.6862887967695,1.2469621189321731,1054.639614528192,539.3103919881041,982.4233845440983,1053.6953849631857
60.198951721191406,9125.306640625,0.8068156838417053,9125.306640625,1.3527514934539795,49340.2109375,76475.3203125,0.51953125,0.9487699270248413,220,1,26.622491732223402,1.024308102821256,848.6862887967695,1.2469621189321731,1054.639614528192,539.3103919881041,982.4233845440983,1053.6953849631857
51.3674430847168,7967.87255859375,0.8065641522407532,7967.87255859375,0.7265961766242981,42208.7265625,76244.6796875,0.48828125,0.9483157992362976,221,1,26.622491732223402,1.024308102821256,848.6862887967695,1.2469621189321731,1054.639614528192,539.3103919881041,982.4233845440983,1053.6953849631857
50.438533782958984,7556.14501953125,0.8003259301185608,7556.14501953125,0.8057877421379089,32129.728515625,82331.8046875,0.48828125,0.9510646462440491,222,1,26.622491732223402,1.024308102821256,848.6862887967695,1.2469621189321731,1054.639614528192,539.3103919881041,982.4233845440983,1053.6953849631857
50.03800964355469,7503.537109375,0.8374442458152771,7503.537109375,0.17495501041412354,36624.8671875,72390.640625,0.4453125,0.9498065710067749,223,1,26.622491732223402,1.024308102821256,848.6862887967695,1.2469621189321731,1054.639614528192,539.3103919881041,982.4233845440983,1053.6953849631857
48.44439697265625,7012.3046875,0.608595609664917,7012.3046875,1.178214192390442,31082.48828125,77551.6015625,0.51171875,0.95064777135849,224,1,26.622491732223402,1.024308102821256,848.6862887967695,1.2469621189321731,1054.639614528192,539.3103919881041,982.4233845440983,1053.6953849631857
34.711265563964844,5240.5771484375,0.4025418162345886,5240.5771484375,0.10557795315980911,17790.96484375,64756.14453125,0.40625,0.9515250325202942,225,1,26.622491732223402,1.024308102821256,848.6862887967695,1.2469621189321731,1054.639614528192,539.3103919881041,982.4233845440983,1053.6953849631857
57.75709533691406,8753.115234375,0.8143095970153809,8753.115234375,0.502410352230072,51082.8828125,73559.5703125,0.46484375,0.9477355480194092,226,1,26.622491732223402,1.024308102821256,848.6862887967695,1.2469621189321731,1054.639614528192,539.3103919881041,982.4233845440983,1053.6953849631857
56.32244873046875,8417.267578125,0.7485786080360413,8417.267578125,0.24210813641548157,44308.734375,80691.875,0.4296875,0.9518367648124695,227,1,26.622491732223402,1.024308102821256,848.6862887967695,1.2469621189321731,1054.639614528192,539.3103919881041,982.4233845440983,1053.6953849631857
65.42135620117188,9734.8701171875,0.780430793762207,9734.8701171875,1.541724681854248,48348.8515625,81798.125,0.53125,0.9489724636077881,228,1,26.622491732223402,1.024308102821256,848.6862887967695,1.2469621189321731,1054.639614528192,539.3103919881041,982.4233845440983,1053.6953849631857
49.9395866394043,7987.798828125,0.7397680282592773,7987.7998046875,0.8208165764808655,42454.5859375,76225.78125,0.48828125,0.9495156407356262,229,1,26.622491732223402,1.024308102821256,848.6862887967695,1.2469621189321731,1054.639614528192,539.3103919881041,982.4233845440983,1053.6953849631857
48.876922607421875,7466.36181640625,0.88640296459198,7466.361328125,0.9230835437774658,39212.703125,81710.015625,0.48828125,0.9531177878379822,230,1,26.622491732223402,1.024308102821256,848.6862887967695,1.2469621189321731,1054.639614528192,539.3103919881041,982.4233845440983,1053.6953849631857
58.05787658691406,8288.193359375,0.5843870639801025,8288.193359375,1.0870112180709839,42738.69140625,75085.53125,0.5,0.9484543800354004,231,1,26.622491732223402,1.024308102821256,848.6862887967695,1.2469621189321731,1054.639614528192,539.3103919881041,982.4233845440983,1053.6953849631857
54.044376373291016,8182.84716796875,0.8352996110916138,8182.84716796875,0.2145266830921173,42827.609375,79913.1796875,0.4296875,0.9507020115852356,232,1,26.622491732223402,1.024308102821256,848.6862887967695,1.2469621189321731,1054.639614528192,539.3103919881041,982.4233845440983,1053.6953849631857
51.678375244140625,7715.4716796875,0.6507778167724609,7715.47119140625,1.5067148208618164,41211.49609375,72051.90625,0.51953125,0.9511735439300537,233,1,26.622491732223402,1.024308102821256,848.6862887967695,1.2469621189321731,1054.639614528192,539.3103919881041,982.4233845440983,1053.6953849631857
46.084442138671875,7228.51171875,0.6153420209884644,7228.51171875,1.103400707244873,36524.38671875,74659.6640625,0.50390625,0.9497513175010681,234,1,26.622491732223402,1.024308102821256,848.6862887967695,1.2469621189321731,1054.639614528192,539.3103919881041,982.4233845440983,1053.6953849631857
27.23074722290039,247.60910034179688,0.7427031993865967,247.60910034179688,0.0023771238047629595,1313.831787109375,2483.239501953125,0.30859375,0.9527667760848999,235,2,26.95373328352031,37.899255300326246,1405.7643565639528,17.118250461465234,65852.64085891304,1364.3816270656675,12463.188025025165,6221.167491726297
27.598941802978516,269.9324951171875,0.7798223495483398,269.9324951171875,0.006800561677664518,1598.962890625,2535.433349609375,0.32421875,0.945925235748291,236,2,26.95373328352031,37.899255300326246,1405.7643565639528,17.118250461465234,65852.64085891304,1364.3816270656675,12463.188025025165,6221.167491726297
28.809553146362305,276.552001953125,0.8500787019729614,276.552001953125,0.0770348608493805,1580.715576171875,2497.749755859375,0.390625,0.9482976794242859,237,2,26.95373328352031,37.899255300326246,1405.7643565639528,17.118250461465234,65852.64085891304,1364.3816270656675,12463.188025025165,6221.167491726297
27.155378341674805,258.0927734375,0.7595411539077759,258.0927734375,0.021967269480228424,1268.673095703125,2490.931396484375,0.34765625,0.9517930746078491,238,2,26.95373328352031,37.899255300326246,1405.7643565639528,17.118250461465234,65852.64085891304,1364.3816270656675,12463.188025025165,6221.167491726297
22.031272888183594,212.04579162597656,0.5516246557235718,212.0457763671875,0.004573387559503317,794.6246337890625,2510.306884765625,0.28515625,0.9482563138008118,239,2,26.95373328352031,37.899255300326246,1405.7643565639528,17.118250461465234,65852.64085891304,1364.3816270656675,12463.188025025165,6221.167491726297
28.221515655517578,267.45074462890625,0.6498937010765076,267.45074462890625,0.016845691949129105,1554.997802734375,2455.41796875,0.32421875,0.9476370215415955,240,2,26.95373328352031,37.899255300326246,1405.7643565639528,17.118250461465234,65852.64085891304,1364.3816270656675,12463.188025025165,6221.167491726297
28.655981063842773,293.29449462890625,0.4945217967033386,293.29449462890625,0.023925792425870895,1781.4093017578125,2370.845458984375,0.3359375,0.948227047920227,241,2,26.95373328352031,37.899255300326246,1405.7643565639528,17.118250461465234,65852.64085891304,1364.3816270656675,12463.188025025165,6221.167491726297
20.092296600341797,207.80032348632812,0.551393985748291,207.80032348632812,0.014997252263128757,658.4295654296875,2404.107421875,0.3046875,0.9480710029602051,242,2,26.95373328352031,37.899255300326246,1405.7643565639528,17.118250461465234,65852.64085891304,1364.3816270656675,12463.188025025165,6221.167491726297
28.790321350097656,288.9815979003906,0.8167003989219666,288.9815979003906,0.016466332599520683,1608.18310546875,2670.177734375,0.34765625,0.9536318778991699,243,2,26.95373328352031,37.899255300326246,1405.7643565639528,17.118250461465234,65852.64085891304,1364.3816270656675,12463.188025025165,6221.167491726297
29.63788604736328,290.11212158203125,0.7274845838546753,290.11212158203125,0.008120412938296795,1636.544921875,2657.571044921875,0.33984375,0.9496644139289856,244,2,26.95373328352031,37.899255300326246,1405.7643565639528,17.118250461465234,65852.64085891304,1364.3816270656675,12463.188025025165,6221.167491726297
33.09441375732422,323.2837219238281,0.7730674743652344,323.2837219238281,0.037659697234630585,1764.71533203125,2728.619140625,0.359375,0.9492071270942688,245,2,26.95373328352031,37.899255300326246,1405.7643565639528,17.118250461465234,65852.64085891304,1364.3816270656675,12463.188025025165,6221.167491726297
26.80976676940918,269.81298828125,0.6304183602333069,269.81298828125,0.01352238841354847,1280.908447265625,2587.19921875,0.33203125,0.9479193687438965,246,2,26.95373328352031,37.899255300326246,1405.7643565639528,17.118250461465234,65852.64085891304,1364.3816270656675,12463.188025025165,6221.167491726297
26.998233795166016,263.5464782714844,0.7641834020614624,263.5464782714844,0.01926133595407009,1682.187255859375,2610.31396484375,0.3125,0.949461042881012,247,2,26.95373328352031,37.899255300326246,1405.7643565639528,17.118250461465234,65852.64085891304,1364.3816270656675,12463.188025025165,6221.167491726297
27.64875030517578,255.31893920898438,0.5849748849868774,255.31893920898438,0.0031737431418150663,1056.8587646484375,2861.978515625,0.30078125,0.9465823173522949,248,2,26.95373328352031,37.899255300326246,1405.7643565639528,17.118250461465234,65852.64085891304,1364.3816270656675,12463.188025025165,6221.167491726297
25.517059326171875,236.49496459960938,0.7471781969070435,236.49496459960938,0.008362501859664917,832.3040771484375,2570.156494140625,0.33203125,0.9499918222427368,249,2,26.95373328352031,37.899255300326246,1405.7643565639528,17.118250461465234,65852.64085891304,1364.3816270656675,12463.188025025165,6221.167491726297
29.948787689208984,290.3462829589844,0.6643010377883911,290.3462829589844,0.005776590667665005,1626.478759765625,2723.166015625,0.30859375,0.9469085931777954,250,2,26.95373328352031,37.899255300326246,1405.7643565639528,17.118250461465234,65852.64085891304,1364.3816270656675,12463.188025025165,6221.167491726297
27.2784481048584,261.55157470703125,0.9393332600593567,261.55157470703125,0.011506123468279839,1151.9342041015625,2793.205322265625,0.33203125,0.9494916796684265,251,2,26.95373328352031,37.899255300326246,1405.7643565639528,17.118250461465234,65852.64085891304,1364.3816270656675,12463.188025025165,6221.167491726297
31.206771850585938,325.0143737792969,0.8314499258995056,325.0143737792969,0.005753533449023962,1758.4090576171875,2744.755126953125,0.32421875,0.9500865936279297,252,2,26.95373328352031,37.899255300326246,1405.7643565639528,17.118250461465234,65852.64085891304,1364.3816270656675,12463.188025025165,6221.167491726297
33.84112548828125,332.99395751953125,1.010619878768921,332.99395751953125,0.0067927953787148,2049.0830078125,2916.23388671875,0.31640625,0.9467094540596008,253,2,26.95373328352031,37.899255300326246,1405.7643565639528,17.118250461465234,65852.64085891304,1364.3816270656675,12463.188025025165,6221.167491726297
27.14760971069336,279.8463134765625,0.8039252758026123,279.8463134765625,0.002701162127777934,1188.46875,2832.034423828125,0.29296875,0.9490095376968384,254,2,26.95373328352031,37.899255300326246,1405.7643565639528,17.118250461465234,65852.64085891304,1364.3816270656675,12463.188025025165,6221.167491726297
28.80583953857422,302.90728759765625,0.7233520150184631,302.90728759765625,0.01127396896481514,1657.042724609375,3016.9541015625,0.3046875,0.9466248154640198,255,2,26.95373328352031,37.899255300326246,1405.7643565639528,17.118250461465234,65852.64085891304,1364.3816270656675,12463.188025025165,6221.167491726297
25.91291046142578,290.6856689453125,0.528326153755188,290.6856689453125,0.007775415200740099,1674.9786376953125,2769.12841796875,0.30859375,0.947496771812439,256,2,26.95373328352031,37.899255300326246,1405.7643565639528,17.118250461465234,65852.64085891304,1364.3816270656675,12463.188025025165,6221.167491726297
28.799114227294922,289.66796875,0.6910312175750732,289.66796875,0.006966663524508476,1663.32177734375,2881.36669921875,0.30859375,0.9496387839317322,257,2,26.95373328352031,37.899255300326246,1405.7643565639528,17.118250461465234,65852.64085891304,1364.3816270656675,12463.188025025165,6221.167491726297
22.52255630493164,240.55181884765625,0.48589569330215454,240.55181884765625,0.008566043339669704,867.421142578125,2925.049560546875,0.29296875,0.9479779005050659,258,2,26.95373328352031,37.899255300326246,1405.7643565639528,17.118250461465234,65852.64085891304,1364.3816270656675,12463.188025025165,6221.167491726297
19.875444412231445,215.64450073242188,0.4663219153881073,215.64450073242188,0.0014572578947991133,583.384033203125,2799.546875,0.2890625,0.9476379752159119,259,2,26.95373328352031,37.899255300326246,1405.7643565639528,17.118250461465234,65852.64085891304,1364.3816270656675,12463.188025025165,6221.167491726297
17.945354461669922,205.72604370117188,0.404275119304657,205.72604370117188,0.0025946814566850662,543.6353149414062,2657.131103515625,0.26953125,0.9500452280044556,260,2,26.95373328352031,37.899255300326246,1405.7643565639528,17.118250461465234,65852.64085891304,1364.3816270656675,12463.188025025165,6221.167491726297
26.97576332092285,278.25921630859375,0.7639064788818359,278.2591857910156,0.0017361210193485022,1694.55908203125,3034.896240234375,0.26953125,0.9504187703132629,261,2,26.95373328352031,37.899255300326246,1405.7643565639528,17.118250461465234,65852.64085891304,1364.3816270656675,12463.188025025165,6221.167491726297
23.81747055053711,252.63619995117188,0.6563298106193542,252.63619995117188,0.002493659034371376,1181.751953125,2999.32373046875,0.296875,0.949936032295227,262,2,26.95373328352031,37.899255300326246,1405.7643565639528,17.118250461465234,65852.64085891304,1364.3816270656675,12463.188025025165,6221.167491726297
29.92193031311035,331.5922546386719,0.9513027667999268,331.5922546386719,0.004473239183425903,1805.9573974609375,2952.337646484375,0.296875,0.9478153586387634,263,2,26.95373328352031,37.899255300326246,1405.7643565639528,17.118250461465234,65852.64085891304,1364.3816270656675,12463.188025025165,6221.167491726297
28.639921188354492,312.9781494140625,0.6331325173377991,312.9781494140625,0.01259654201567173,1719.33154296875,2782.19189453125,0.3203125,0.9478485584259033,264,2,26.95373328352031,37.899255300326246,1405.7643565639528,17.118250461465234,65852.64085891304,1364.3816270656675,12463.188025025165,6221.167491726297
21.275814056396484,231.06838989257812,0.7693262696266174,231.06838989257812,0.0045423246920108795,515.9354858398438,3060.44482421875,0.29296875,0.9490352869033813,265,2,26.95373328352031,37.899255300326246,1405.7643565639528,17.118250461465234,65852.64085891304,1364.3816270656675,12463.188025025165,6221.167491726297
26.775863647460938,306.046142578125,0.5231343507766724,306.046142578125,0.004913987126201391,1654.942138671875,3142.46240234375,0.29296875,0.9483115077018738,266,2,26.95373328352031,37.899255300326246,1405.7643565639528,17.118250461465234,65852.64085891304,1364.3816270656675,12463.188025025165,6221.167491726297
24.375221252441406,278.10919189453125,0.5559818744659424,278.10919189453125,0.004010136239230633,1644.84326171875,2990.20751953125,0.28515625,0.9487939476966858,267,2,26.95373328352031,37.899255300326246,1405.7643565639528,17.118250461465234,65852.64085891304,1364.3816270656675,12463.188025025165,6221.167491726297
29.050504684448242,336.1943359375,0.9224911332130432,336.1943359375,0.0025227887090295553,1972.9599609375,3053.83740234375,0.29296875,0.9492642879486084,268,2,26.95373328352031,37.899255300326246,1405.7643565639528,17.118250461465234,65852.64085891304,1364.3816270656675,12463.188025025165,6221.167491726297
23.66676139831543,274.1905517578125,0.4538757801055908,274.1905517578125,0.0034433582331985235,982.1505126953125,3088.949951171875,0.265625,0.9479203224182129,269,2,26.95373328352031,37.899255300326246,1405.7643565639528,17.118250461465234,65852.64085891304,1364.3816270656675,12463.188025025165,6221.167491726297
28.062408447265625,311.1252746582031,0.6143514513969421,311.1252746582031,0.007052430417388678,1754.471923828125,3166.218017578125,0.28125,0.9466571807861328,270,2,26.95373328352031,37.899255300326246,1405.7643565639528,17.118250461465234,65852.64085891304,1364.3816270656675,12463.188025025165,6221.167491726297
32.17125701904297,347.42120361328125,0.7168099284172058,347.42120361328125,0.008513038977980614,1915.039306640625,3133.91748046875,0.31640625,0.9484249949455261,271,2,26.95373328352031,37.899255300326246,1405.7643565639528,17.118250461465234,65852.64085891304,1364.3816270656675,12463.188025025165,6221.167491726297
29.383621215820312,333.39654541015625,0.7683366537094116,333.39654541015625,0.0039861854165792465,2020.2408447265625,3078.338134765625,0.31640625,0.9493399262428284,272,2,26.95373328352031,37.899255300326246,1405.7643565639528,17.118250461465234,65852.64085891304,1364.3816270656675,12463.188025025165,6221.167491726297
43.83747863769531,488.6671447753906,1.2224833965301514,488.66717529296875,0.01101321168243885,2495.734130859375,3259.798095703125,0.39453125,0.9489191174507141,273,2,26.95373328352031,37.899255300326246,1405.7643565639528,17.118250461465234,65852.64085891304,1364.3816270656675,12463.188025025165,6221.167491726297
30.45135498046875,331.96368408203125,0.7335158586502075,331.96368408203125,0.0032644819002598524,1940.8447265625,3114.8271484375,0.29296875,0.9491385817527771,274,2,26.95373328352031,37.899255300326246,1405.7643565639528,17.118250461465234,65852.64085891304,1364.3816270656675,12463.188025025165,6221.167491726297
33.088966369628906,352.27960205078125,1.0055336952209473,352.27960205078125,0.011379322968423367,1747.942138671875,3297.540283203125,0.359375,0.9498080611228943,275,2,26.95373328352031,37.899255300326246,1405.7643565639528,17.118250461465234,65852.64085891304,1364.3816270656675,12463.188025025165,6221.167491726297
26.88056182861328,307.597900390625,0.591755747795105,307.597900390625,0.008245084434747696,1599.12451171875,3101.763427734375,0.3125,0.9499257802963257,276,2,26.95373328352031,37.899255300326246,1405.7643565639528,17.118250461465234,65852.64085891304,1364.3816270656675,12463.188025025165,6221.167491726297
21.50772476196289,246.10284423828125,0.564445436000824,246.10284423828125,0.0024506286717951298,336.07830810546875,2934.474609375,0.24609375,0.9473727941513062,277,2,26.95373328352031,37.899255300326246,1405.7643565639528,17.118250461465234,65852.64085891304,1364.3816270656675,12463.188025025165,6221.167491726297
42.31067657470703,443.8591003417969,1.1573047637939453,443.8591003417969,0.005232908297330141,2551.14697265625,3271.4345703125,0.33984375,0.948415994644165,278,2,26.95373328352031,37.899255300326246,1405.7643565639528,17.118250461465234,65852.64085891304,1364.3816270656675,12463.188025025165,6221.167491726297
16.52935218811035,192.45962524414062,0.4124222993850708,192.45962524414062,0.0008588179480284452,201.27267456054688,3057.261962890625,0.25,0.9498605132102966,279,2,26.95373328352031,37.899255300326246,1405.7643565639528,17.118250461465234,65852.64085891304,1364.3816270656675,12463.188025025165,6221.167491726297
28.478469848632812,297.03485107421875,0.7072892189025879,297.03485107421875,0.0040647597052156925,884.8726806640625,3323.84228515625,0.28515625,0.9497948884963989,280,2,26.95373328352031,37.899255300326246,1405.7643565639528,17.118250461465234,65852.64085891304,1364.3816270656675,12463.188025025165,6221.167491726297
29.97683334350586,324.1358947753906,0.6420795917510986,324.13592529296875,0.004912012722343206,1750.4813232421875,3163.98974609375,0.3046875,0.9468349814414978,281,2,26.95373328352031,37.899255300326246,1405.7643565639528,17.118250461465234,65852.64085891304,1364.3816270656675,12463.188025025165,6221.167491726297
24.772315979003906,285.10791015625,0.5188558101654053,285.10791015625,0.016040220856666565,1173.49609375,3182.853515625,0.3125,0.9488070607185364,282,2,26.95373328352031,37.899255300326246,1405.7643565639528,17.118250461465234,65852.64085891304,1364.3816270656675,12463.188025025165,6221.167491726297
30.083280563354492,332.38909912109375,0.9583269357681274,332.38909912109375,0.006756833288818598,1879.7232666015625,3137.055908203125,0.31640625,0.9483499526977539,283,2,26.95373328352031,37.899255300326246,1405.7643565639528,17.118250461465234,65852.64085891304,1364.3816270656675,12463.188025025165,6221.167491726297
30.92258071899414,343.1381530761719,0.7642720937728882,343.1381530761719,0.0022810143418610096,2172.32421875,3307.435302734375,0.3046875,0.9481323957443237,284,2,26.95373328352031,37.899255300326246,1405.7643565639528,17.118250461465234,65852.64085891304,1364.3816270656675,12463.188025025165,6221.167491726297
27.3499698638916,326.04052734375,0.6525720357894897,326.04052734375,0.003690798534080386,1703.51220703125,3212.589111328125,0.30859375,0.9504238963127136,285,2,26.95373328352031,37.899255300326246,1405.7643565639528,17.118250461465234,65852.64085891304,1364.3816270656675,12463.188025025165,6221.167491726297
22.74478530883789,275.7876281738281,0.5876448154449463,275.78765869140625,0.0049986885860562325,1142.0963134765625,3191.863037109375,0.328125,0.9515277743339539,286,2,26.95373328352031,37.899255300326246,1405.7643565639528,17.118250461465234,65852.64085891304,1364.3816270656675,12463.188025025165,6221.167491726297
31.13343048095703,363.2654724121094,0.7178835868835449,363.26544189453125,0.004719947464764118,1857.302001953125,3527.57275390625,0.31640625,0.9487208127975464,287,2,26.95373328352031,37.899255300326246,1405.7643565639528,17.118250461465234,65852.64085891304,1364.3816270656675,12463.188025025165,6221.167491726297
28.036108016967773,349.6463623046875,0.7167521715164185,349.6463623046875,0.005971597507596016,2106.0869140625,3598.074951171875,0.30078125,0.9464888572692871,288,2,26.95373328352031,37.899255300326246,1405.7643565639528,17.118250461465234,65852.64085891304,1364.3816270656675,12463.188025025165,6221.167491726297
33.10952377319336,396.71038818359375,0.564545214176178,396.71038818359375,0.0033147409558296204,2531.2373046875,3455.955078125,0.28125,0.9497522711753845,289,2,26.95373328352031,37.899255300326246,1405.7643565639528,17.118250461465234,65852.64085891304,1364.3816270656675,12463.188025025165,6221.167491726297
28.35110855102539,333.664794921875,0.6083379983901978,333.664794921875,0.015440559014678001,1665.381591796875,3357.559326171875,0.3125,0.950417697429657,290,2,26.95373328352031,37.899255300326246,1405.7643565639528,17.118250461465234,65852.64085891304,1364.3816270656675,12463.188025025165,6221.167491726297
34.110595703125,425.70050048828125,0.7838119864463806,425.70050048828125,0.008745785802602768,2627.456787109375,3796.383544921875,0.29296875,0.9507107138633728,291,2,26.95373328352031,37.899255300326246,1405.7643565639528,17.118250461465234,65852.64085891304,1364.3816270656675,12463.188025025165,6221.167491726297
31.409717559814453,381.829345703125,0.6721175909042358,381.8293762207031,0.02298986166715622,2213.037353515625,3562.678955078125,0.3671875,0.9487709999084473,292,2,26.95373328352031,37.899255300326246,1405.7643565639528,17.118250461465234,65852.64085891304,1364.3816270656675,12463.188025025165,6221.167491726297
29.69507598876953,362.0040588378906,0.5118200182914734,362.0040588378906,0.00929359532892704,1788.1649169921875,3687.826416015625,0.32421875,0.9485377073287964,293,2,26.95373328352031,37.899255300326246,1405.7643565639528,17.118250461465234,65852.64085891304,1364.3816270656675,12463.188025025165,6221.167491726297
23.501148223876953,289.5069274902344,0.48504751920700073,289.5069274902344,0.002356909215450287,612.4033203125,3780.252197265625,0.30078125,0.9513826370239258,294,2,26.95373328352031,37.899255300326246,1405.7643565639528,17.118250461465234,65852.64085891304,1364.3816270656675,12463.188025025165,6221.167491726297
34.85255432128906,439.32080078125,0.8255168199539185,439.3207702636719,0.008161703124642372,2613.6298828125,3906.863525390625,0.3359375,0.9509007930755615,295,2,26.95373328352031,37.899255300326246,1405.7643565639528,17.118250461465234,65852.64085891304,1364.3816270656675,12463.188025025165,6221.167491726297
31.44247817993164,397.1224365234375,0.926076352596283,397.1224670410156,0.013508979231119156,1911.802001953125,3686.498046875,0.32421875,0.9470852017402649,296,2,26.95373328352031,37.899255300326246,1405.7643565639528,17.118250461465234,65852.64085891304,1364.3816270656675,12463.188025025165,6221.167491726297
31.148300170898438,390.18695068359375,0.6978687644004822,390.18695068359375,0.00430787680670619,2167.0830078125,3804.989501953125,0.3125,0.9481691122055054,297,2,26.95373328352031,37.899255300326246,1405.7643565639528,17.118250461465234,65852.64085891304,1364.3816270656675,12463.188025025165,6221.167491726297
27.869916915893555,373.50421142578125,0.6067296266555786,373.50421142578125,0.0049564288929104805,1365.1019287109375,3753.53076171875,0.328125,0.9503705501556396,298,2,26.95373328352031,37.899255300326246,1405.7643565639528,17.118250461465234,65852.64085891304,1364.3816270656675,12463.188025025165,6221.167491726297
25.845008850097656,358.599365234375,0.4589367210865021,358.599365234375,0.003952807746827602,2104.08056640625,3699.674560546875,0.26953125,0.9502435922622681,299,2,26.95373328352031,37.899255300326246,1405.7643565639528,17.118250461465234,65852.64085891304,1364.3816270656675,12463.188025025165,6221.167491726297
27.782075881958008,353.55926513671875,0.4560328722000122,353.5592956542969,0.004323090426623821,1860.428955078125,3664.203857421875,0.30859375,0.9488438963890076,300,2,26.95373328352031,37.899255300326246,1405.7643565639528,17.118250461465234,65852.64085891304,1364.3816270656675,12463.188025025165,6221.167491726297
33.83075714111328,411.22491455078125,0.7315996885299683,411.22491455078125,0.004788254387676716,2169.1650390625,3705.944580078125,0.33203125,0.9483198523521423,301,2,26.95373328352031,37.899255300326246,1405.7643565639528,17.118250461465234,65852.64085891304,1364.3816270656675,12463.188025025165,6221.167491726297
20.020954132080078,256.82452392578125,0.3836050033569336,256.8244934082031,0.002184799872338772,262.93914794921875,4176.0244140625,0.2734375,0.9481062293052673,302,2,26.95373328352031,37.899255300326246,1405.7643565639528,17.118250461465234,65852.64085891304,1364.3816270656675,12463.188025025165,6221.167491726297
27.972209930419922,379.710693359375,0.5554372668266296,379.710693359375,0.0033752908930182457,2217.88916015625,3877.293212890625,0.24609375,0.9505658745765686,303,2,26.95373328352031,37.899255300326246,1405.7643565639528,17.118250461465234,65852.64085891304,1364.3816270656675,12463.188025025165,6221.167491726297
24.21354103088379,321.15576171875,0.5030838847160339,321.15576171875,0.0038256268016994,859.6744384765625,3833.68896484375,0.26953125,0.947873592376709,304,2,26.95373328352031,37.899255300326246,1405.7643565639528,17.118250461465234,65852.64085891304,1364.3816270656675,12463.188025025165,6221.167491726297
36.3033561706543,470.7490539550781,1.0058817863464355,470.7490539550781,0.009064042940735817,2782.328125,4093.5712890625,0.296875,0.9495038390159607,305,2,26.95373328352031,37.899255300326246,1405.7643565639528,17.118250461465234,65852.64085891304,1364.3816270656675,12463.188025025165,6221.167491726297
25.921192169189453,330.306884765625,0.6661665439605713,330.306884765625,0.00437196297571063,1605.064208984375,3844.109619140625,0.29296875,0.9499613642692566,306,2,26.95373328352031,37.899255300326246,1405.7643565639528,17.118250461465234,65852.64085891304,1364.3816270656675,12463.188025025165,6221.167491726297
23.034671783447266,308.20086669921875,0.4666809141635895,308.20086669921875,0.003263247199356556,1013.5108642578125,3755.2060546875,0.296875,0.9496134519577026,307,2,26.95373328352031,37.899255300326246,1405.7643565639528,17.118250461465234,65852.64085891304,1364.3816270656675,12463.188025025165,6221.167491726297
26.746395111083984,353.17205810546875,0.5092542171478271,353.17205810546875,0.007269252557307482,1334.23291015625,4020.040771484375,0.328125,0.9508377909660339,308,2,26.95373328352031,37.899255300326246,1405.7643565639528,17.118250461465234,65852.64085891304,1364.3816270656675,12463.188025025165,6221.167491726297
22.768634796142578,321.47491455078125,0.5058165788650513,321.47491455078125,0.006140205077826977,1330.247802734375,3696.6875,0.2578125,0.9513492584228516,309,2,26.95373328352031,37.899255300326246,1405.7643565639528,17.118250461465234,65852.64085891304,1364.3816270656675,12463.188025025165,6221.167491726297
25.193435668945312,348.32354736328125,0.6000468134880066,348.32354736328125,0.0027543785981833935,1629.439697265625,3932.760009765625,0.26171875,0.9477784037590027,310,2,26.95373328352031,37.899255300326246,1405.7643565639528,17.118250461465234,65852.64085891304,1364.3816270656675,12463.188025025165,6221.167491726297
24.504161834716797,333.19989013671875,0.6180950403213501,333.19989013671875,0.021519050002098083,1231.907958984375,3853.255615234375,0.3203125,0.9469447135925293,311,2,26.95373328352031,37.899255300326246,1405.7643565639528,17.118250461465234,65852.64085891304,1364.3816270656675,12463.188025025165,6221.167491726297
30.05890464782715,410.782958984375,0.656130313873291,410.782958984375,0.04575612396001816,2059.8203125,3967.736083984375,0.375,0.9476435780525208,312,2,26.95373328352031,37.899255300326246,1405.7643565639528,17.118250461465234,65852.64085891304,1364.3816270656675,12463.188025025165,6221.167491726297
25.04327392578125,325.7773132324219,0.628528892993927,325.7773132324219,0.0020966019947081804,757.2421264648438,4069.41455078125,0.30859375,0.9485276937484741,313,2,26.95373328352031,37.899255300326246,1405.7643565639528,17.118250461465234,65852.64085891304,1364.3816270656675,12463.188025025165,6221.167491726297
30.516742706298828,409.02850341796875,0.644558310508728,409.0284729003906,0.005261530634015799,2089.160400390625,4091.92822265625,0.30859375,0.949399471282959,314,2,26.95373328352031,37.899255300326246,1405.7643565639528,17.118250461465234,65852.64085891304,1364.3816270656675,12463.188025025165,6221.167491726297
32.77793884277344,469.10333251953125,0.7482255697250366,469.10333251953125,0.04907814413309097,2366.866943359375,4301.52197265625,0.390625,0.9525548219680786,315,2,26.95373328352031,37.899255300326246,1405.7643565639528,17.118250461465234,65852.64085891304,1364.3816270656675,12463.188025025165,6221.167491726297
29.38372039794922,388.31427001953125,0.7063708305358887,388.31427001953125,0.0015736219938844442,1789.040283203125,4174.51416015625,0.2734375,0.947483241558075,316,2,26.95373328352031,37.899255300326246,1405.7643565639528,17.118250461465234,65852.64085891304,1364.3816270656675,12463.188025025165,6221.167491726297
27.023799896240234,357.71551513671875,0.7518916130065918,357.7154846191406,0.0007909407140687108,1290.186279296875,4202.04638671875,0.3125,0.9494353532791138,317,2,26.95373328352031,37.899255300326246,1405.7643565639528,17.118250461465234,65852.64085891304,1364.3816270656675,12463.188025025165,6221.167491726297
27.504898071289062,387.77459716796875,0.688911497592926,387.7745666503906,0.009221497923135757,1615.28271484375,4038.877685546875,0.3359375,0.9503088593482971,318,2,26.95373328352031,37.899255300326246,1405.7643565639528,17.118250461465234,65852.64085891304,1364.3816270656675,12463.188025025165,6221.167491726297
34.23759841918945,481.4726257324219,0.8863632678985596,481.4726257324219,0.012802120298147202,2783.649169921875,4335.3388671875,0.328125,0.9472297430038452,319,2,26.95373328352031,37.899255300326246,1405.7643565639528,17.118250461465234,65852.64085891304,1364.3816270656675,12463.188025025165,6221.167491726297
26.623964309692383,348.0918273925781,0.6951337456703186,348.0918273925781,0.006709725130349398,1124.2120361328125,4242.4140625,0.27734375,0.951570987701416,320,2,26.95373328352031,37.899255300326246,1405.7643565639528,17.118250461465234,65852.64085891304,1364.3816270656675,12463.188025025165,6221.167491726297
21.187904357910156,289.61669921875,0.4138137102127075,289.61669921875,0.007037626579403877,881.0615234375,3844.854736328125,0.26953125,0.9469437599182129,321,2,26.95373328352031,37.899255300326246,1405.7643565639528,17.118250461465234,65852.64085891304,1364.3816270656675,12463.188025025165,6221.167491726297
32.96851348876953,448.57891845703125,0.69328773021698,448.57891845703125,0.004874601494520903,2648.01025390625,4192.4921875,0.30859375,0.9457593560218811,322,2,26.95373328352031,37.899255300326246,1405.7643565639528,17.118250461465234,65852.64085891304,1364.3816270656675,12463.188025025165,6221.167491726297
29.419654846191406,414.5335388183594,0.7307261228561401,414.5335388183594,0.0014876710483804345,2447.26416015625,4393.6142578125,0.24609375,0.9514305591583252,323,2,26.95373328352031,37.899255300326246,1405.7643565639528,17.118250461465234,65852.64085891304,1364.3816270656675,12463.188025025165,6221.167491726297
32.35008239746094,441.90032958984375,0.7442812919616699,441.90032958984375,0.004822386894375086,2645.78369140625,4252.43798828125,0.31640625,0.9485577344894409,324,2,26.95373328352031,37.899255300326246,1405.7643565639528,17.118250461465234,65852.64085891304,1364.3816270656675,12463.188025025165,6221.167491726297
35.152252197265625,465.6558837890625,0.7477619647979736,465.6558837890625,0.0023847282864153385,2666.43701171875,4518.07763671875,0.296875,0.9493066668510437,325,2,26.95373328352031,37.899255300326246,1405.7643565639528,17.118250461465234,65852.64085891304,1364.3816270656675,12463.188025025165,6221.167491726297
37.24543762207031,493.6661071777344,0.6280731558799744,493.6661071777344,0.006993972230702639,2340.83740234375,4517.69580078125,0.33984375,0.9478819370269775,326,2,26.95373328352031,37.899255300326246,1405.7643565639528,17.118250461465234,65852.64085891304,1364.3816270656675,12463.188025025165,6221.167491726297
38.650917053222656,504.73370361328125,0.8572949171066284,504.7336730957031,0.006430454086512327,2850.284423828125,4283.408203125,0.328125,0.9496436715126038,327,2,26.95373328352031,37.899255300326246,1405.7643565639528,17.118250461465234,65852.64085891304,1364.3816270656675,12463.188025025165,6221.167491726297
25.070348739624023,345.31640625,0.592353105545044,345.31640625,0.006264420226216316,1288.1865234375,4172.64501953125,0.30859375,0.9500511884689331,328,2,26.95373328352031,37.899255300326246,1405.7643565639528,17.118250461465234,65852.64085891304,1364.3816270656675,12463.188025025165,6221.167491726297
26.491859436035156,354.5435791015625,0.5627318620681763,354.5435791015625,0.00279886182397604,762.9581298828125,4313.802734375,0.30859375,0.9487611055374146,329,2,26.95373328352031,37.899255300326246,1405.7643565639528,17.118250461465234,65852.64085891304,1364.3816270656675,12463.188025025165,6221.167491726297
31.271284103393555,418.0255432128906,0.6964230537414551,418.0255432128906,0.006782203912734985,2220.24853515625,4264.17333984375,0.3046875,0.9476677775382996,330,2,26.95373328352031,37.899255300326246,1405.7643565639528,17.118250461465234,65852.64085891304,1364.3816270656675,12463.188025025165,6221.167491726297
29.20942497253418,404.98248291015625,0.6913300156593323,404.98248291015625,0.007882078178226948,1616.0345458984375,4406.974609375,0.296875,0.9507389068603516,331,2,26.95373328352031,37.899255300326246,1405.7643565639528,17.118250461465234,65852.64085891304,1364.3816270656675,12463.188025025165,6221.167491726297
23.989063262939453,347.504150390625,0.47680985927581787,347.504150390625,0.004298568237572908,805.9232788085938,4192.04345703125,0.3125,0.9501754641532898,332,2,26.95373328352031,37.899255300326246,1405.7643565639528,17.118250461465234,65852.64085891304,1364.3816270656675,12463.188025025165,6221.167491726297
31.982357025146484,430.3660888671875,0.9411969184875488,430.3660888671875,0.006651680916547775,1985.241455078125,4448.06005859375,0.30859375,0.9501523971557617,333,2,26.95373328352031,37.899255300326246,1405.7643565639528,17.118250461465234,65852.64085891304,1364.3816270656675,12463.188025025165,6221.167491726297
22.00652313232422,331.0262145996094,0.3924097716808319,331.0262145996094,0.00567183643579483,862.40966796875,4102.5625,0.2734375,0.9484578371047974,334,2,26.95373328352031,37.899255300326246,1405.7643565639528,17.118250461465234,65852.64085891304,1364.3816270656675,12463.188025025165,6221.167491726297
29.827836990356445,427.9683837890625,0.6400135159492493,427.9683837890625,0.038780562579631805,1670.8856201171875,4523.09716796875,0.35546875,0.9480493068695068,335,2,26.95373328352031,37.899255300326246,1405.7643565639528,17.118250461465234,65852.64085891304,1364.3816270656675,12463.188025025165,6221.167491726297
18.89563751220703,261.67474365234375,0.4099556505680084,261.67474365234375,0.004792196676135063,326.36236572265625,4419.779296875,0.29296875,0.9494937062263489,336,2,26.95373328352031,37.899255300326246,1405.7643565639528,17.118250461465234,65852.64085891304,1364.3816270656675,12463.188025025165,6221.167491726297
23.926101684570312,330.91925048828125,0.35690218210220337,330.9192810058594,0.0021036015823483467,680.54638671875,4282.87841796875,0.2578125,0.94950270652771,337,2,26.95373328352031,37.899255300326246,1405.7643565639528,17.118250461465234,65852.64085891304,1364.3816270656675,12463.188025025165,6221.167491726297
29.491310119628906,429.800537109375,0.5687720775604248,429.8005676269531,0.006205015815794468,1962.718994140625,4261.01171875,0.30078125,0.9490978121757507,338,2,26.95373328352031,37.899255300326246,1405.7643565639528,17.118250461465234,65852.64085891304,1364.3816270656675,12463.188025025165,6221.167491726297
35.261295318603516,486.7850646972656,0.8361475467681885,486.7850646972656,0.0028351263608783484,2931.63818359375,4444.2548828125,0.296875,0.9482172727584839,339,2,26.95373328352031,37.899255300326246,1405.7643565639528,17.118250461465234,65852.64085891304,1364.3816270656675,12463.188025025165,6221.167491726297
22.632984161376953,324.1781921386719,0.4460018277168274,324.17822265625,0.0008604571921750903,818.7457275390625,4072.58935546875,0.28515625,0.9492120742797852,340,2,26.95373328352031,37.899255300326246,1405.7643565639528,17.118250461465234,65852.64085891304,1364.3816270656675,12463.188025025165,6221.167491726297
34.50969696044922,462.71453857421875,0.7220503687858582,462.71453857421875,0.006009371019899845,2601.953857421875,4563.294921875,0.3359375,0.9462419748306274,341,2,26.95373328352031,37.899255300326246,1405.7643565639528,17.118250461465234,65852.64085891304,1364.3816270656675,12463.188025025165,6221.167491726297
30.468461990356445,414.3120422363281,0.49216344952583313,414.3120422363281,0.010389748960733414,2106.635986328125,4416.1396484375,0.34375,0.950760543346405,342,2,26.95373328352031,37.899255300326246,1405.7643565639528,17.118250461465234,65852.64085891304,1364.3816270656675,12463.188025025165,6221.167491726297
30.471145629882812,409.87445068359375,0.6694483757019043,409.87445068359375,0.004722116980701685,1886.947021484375,4459.11328125,0.30859375,0.948884904384613,343,2,26.95373328352031,37.899255300326246,1405.7643565639528,17.118250461465234,65852.64085891304,1364.3816270656675,12463.188025025165,6221.167491726297
22.939464569091797,341.92340087890625,0.3923174738883972,341.92340087890625,0.004116599448025227,793.6998291015625,4357.01416015625,0.2890625,0.9487351775169373,344,2,26.95373328352031,37.899255300326246,1405.7643565639528,17.118250461465234,65852.64085891304,1364.3816270656675,12463.188025025165,6221.167491726297
27.409299850463867,368.2290954589844,0.4883524775505066,368.2290954589844,0.019948851317167282,1325.021484375,4453.3095703125,0.3125,0.950473427772522,345,2,26.95373328352031,37.899255300326246,1405.7643565639528,17.118250461465234,65852.64085891304,1364.3816270656675,12463.188025025165,6221.167491726297
25.04815101623535,367.54107666015625,0.44888269901275635,367.5410461425781,0.0024729198776185513,833.1228637695312,4418.19482421875,0.26171875,0.948174238204956,346,2,26.95373328352031,37.899255300326246,1405.7643565639528,17.118250461465234,65852.64085891304,1364.3816270656675,12463.188025025165,6221.167491726297
33.96049880981445,479.5734558105469,0.8814031481742859,479.5734558105469,0.004708722699433565,2658.91162109375,4703.8193359375,0.30859375,0.9482439160346985,347,2,26.95373328352031,37.899255300326246,1405.7643565639528,17.118250461465234,65852.64085891304,1364.3816270656675,12463.188025025165,6221.167491726297
28.427024841308594,406.75592041015625,0.5922988653182983,406.75592041015625,0.0014166674809530377,1378.289794921875,4787.279296875,0.27734375,0.9499111771583557,348,2,26.95373328352031,37.899255300326246,1405.7643565639528,17.118250461465234,65852.64085891304,1364.3816270656675,12463.188025025165,6221.167491726297
30.731582641601562,452.81488037109375,0.8130792379379272,452.81488037109375,0.008593905717134476,2518.38427734375,4468.498046875,0.328125,0.9477329850196838,349,2,26.95373328352031,37.899255300326246,1405.7643565639528,17.118250461465234,65852.64085891304,1364.3816270656675,12463.188025025165,6221.167491726297
43.573116302490234,590.48388671875,1.0166645050048828,590.48388671875,0.03464624285697937,3817.170654296875,4855.4482421875,0.3515625,0.9492464065551758,350,2,26.95373328352031,37.899255300326246,1405.7643565639528,17.118250461465234,65852.64085891304,1364.3816270656675,12463.188025025165,6221.167491726297
25.206573486328125,371.46002197265625,0.6110664010047913,371.46002197265625,0.0025290679186582565,1160.916015625,4313.6005859375,0.28515625,0.9501131772994995,351,2,26.95373328352031,37.899255300326246,1405.7643565639528,17.118250461465234,65852.64085891304,1364.3816270656675,12463.188025025165,6221.167491726297
31.543060302734375,454.60638427734375,0.743615984916687,454.60638427734375,0.010070796124637127,1888.818115234375,4990.67822265625,0.30078125,0.9505017995834351,352,2,26.95373328352031,37.899255300326246,1405.7643565639528,17.118250461465234,65852.64085891304,1364.3816270656675,12463.188025025165,6221.167491726297
27.51230239868164,414.7980651855469,0.4706815183162689,414.7980651855469,0.003668264951556921,1709.411865234375,4355.75439453125,0.28515625,0.9498630166053772,353,2,26.95373328352031,37.899255300326246,1405.7643565639528,17.118250461465234,65852.64085891304,1364.3816270656675,12463.188025025165,6221.167491726297
31.23787498474121,436.4798889160156,0.6122907400131226,436.4798889160156,0.0035199266858398914,2025.0155029296875,4808.212890625,0.2734375,0.9481566548347473,354,2,26.95373328352031,37.899255300326246,1405.7643565639528,17.118250461465234,65852.64085891304,1364.3816270656675,12463.188025025165,6221.167491726297
25.552276611328125,365.32476806640625,0.5870081186294556,365.32476806640625,0.004430608358234167,421.95318603515625,5035.6435546875,0.2890625,0.9515171647071838,355,2,26.95373328352031,37.899255300326246,1405.7643565639528,17.118250461465234,65852.64085891304,1364.3816270656675,12463.188025025165,6221.167491726297
32.3148307800293,462.9609680175781,0.9203407764434814,462.9609680175781,0.004289501346647739,2468.212158203125,5186.90625,0.28515625,0.9494106769561768,356,2,26.95373328352031,37.899255300326246,1405.7643565639528,17.118250461465234,65852.64085891304,1364.3816270656675,12463.188025025165,6221.167491726297
29.331581115722656,426.9537353515625,0.6881557703018188,426.9537353515625,0.008585932664573193,1795.9775390625,4811.04052734375,0.328125,0.9512924551963806,357,2,26.95373328352031,37.899255300326246,1405.7643565639528,17.118250461465234,65852.64085891304,1364.3816270656675,12463.188025025165,6221.167491726297
28.547348022460938,429.13079833984375,0.6302810907363892,429.13079833984375,0.000812381156720221,1768.03955078125,4707.693359375,0.2578125,0.9496453404426575,358,2,26.95373328352031,37.899255300326246,1405.7643565639528,17.118250461465234,65852.64085891304,1364.3816270656675,12463.188025025165,6221.167491726297
31.613529205322266,451.42425537109375,0.7456561326980591,451.42425537109375,0.0014949407195672393,1364.404052734375,5209.27734375,0.29296875,0.9486900568008423,359,2,26.95373328352031,37.899255300326246,1405.7643565639528,17.118250461465234,65852.64085891304,1364.3816270656675,12463.188025025165,6221.167491726297
19.49338150024414,308.75885009765625,0.40709736943244934,308.75885009765625,0.0006686351844109595,591.235107421875,4861.095703125,0.2578125,0.9500190019607544,360,2,26.95373328352031,37.899255300326246,1405.7643565639528,17.118250461465234,65852.64085891304,1364.3816270656675,12463.188025025165,6221.167491726297
30.458213806152344,423.3957824707031,0.6124559640884399,423.3957824707031,0.0020837965421378613,1561.3341064453125,4757.697265625,0.25390625,0.9493277072906494,361,2,26.95373328352031,37.899255300326246,1405.7643565639528,17.118250461465234,65852.64085891304,1364.3816270656675,12463.188025025165,6221.167491726297
28.746665954589844,468.231689453125,0.5730944871902466,468.231689453125,0.004523453302681446,2106.494873046875,4921.44287109375,0.265625,0.9470521211624146,362,2,26.95373328352031,37.899255300326246,1405.7643565639528,17.118250461465234,65852.64085891304,1364.3816270656675,12463.188025025165,6221.167491726297
27.468717575073242,451.3453369140625,0.6399945020675659,451.3453369140625,0.00170823372900486,1648.1025390625,4922.77587890625,0.28515625,0.9487230181694031,363,2,26.95373328352031,37.899255300326246,1405.7643565639528,17.118250461465234,65852.64085891304,1364.3816270656675,12463.188025025165,6221.167491726297
31.57431411743164,487.11285400390625,0.840196967124939,487.11285400390625,0.003539090510457754,1618.77783203125,5345.72314453125,0.26171875,0.9498029947280884,364,2,26.95373328352031,37.899255300326246,1405.7643565639528,17.118250461465234,65852.64085891304,1364.3816270656675,12463.188025025165,6221.167491726297
34.817962646484375,507.86767578125,0.8188075423240662,507.86767578125,0.002915362361818552,2506.8505859375,5177.42138671875,0.2734375,0.950904130935669,365,2,26.95373328352031,37.899255300326246,1405.7643565639528,17.118250461465234,65852.64085891304,1364.3816270656675,12463.188025025165,6221.167491726297
33.35340881347656,502.9366149902344,0.761139452457428,502.9366149902344,0.005223715677857399,3121.201416015625,5209.84619140625,0.29296875,0.9482614994049072,366,2,26.95373328352031,37.899255300326246,1405.7643565639528,17.118250461465234,65852.64085891304,1364.3816270656675,12463.188025025165,6221.167491726297
27.429107666015625,423.54315185546875,0.616860568523407,423.54315185546875,0.005392423365265131,1651.903564453125,4662.35498046875,0.296875,0.9473415613174438,367,2,26.95373328352031,37.899255300326246,1405.7643565639528,17.118250461465234,65852.64085891304,1364.3816270656675,12463.188025025165,6221.167491726297
32.28942108154297,494.68890380859375,0.6549432277679443,494.68890380859375,0.0012941708555445075,2996.55908203125,5063.951171875,0.28125,0.9482345581054688,368,2,26.95373328352031,37.899255300326246,1405.7643565639528,17.118250461465234,65852.64085891304,1364.3816270656675,12463.188025025165,6221.167491726297
28.430034637451172,402.57354736328125,0.5368097424507141,402.57354736328125,0.0010481764329597354,753.111083984375,5048.435546875,0.28515625,0.9483681321144104,369,2,26.95373328352031,37.899255300326246,1405.7643565639528,17.118250461465234,65852.64085891304,1364.3816270656675,12463.188025025165,6221.167491726297
36.66188049316406,562.336669921875,0.8683174252510071,562.336669921875,0.0016235467046499252,3341.7548828125,5392.47998046875,0.30859375,0.9496182203292847,370,2,26.95373328352031,37.899255300326246,1405.7643565639528,17.118250461465234,65852.64085891304,1364.3816270656675,12463.188025025165,6221.167491726297
20.71538543701172,329.16741943359375,0.33973485231399536,329.16741943359375,0.0012928370852023363,378.4169616699219,5057.8544921875,0.265625,0.9479809403419495,371,2,26.95373328352031,37.899255300326246,1405.7643565639528,17.118250461465234,65852.64085891304,1364.3816270656675,12463.188025025165,6221.167491726297
37.04366683959961,543.794921875,0.6929249167442322,543.794921875,0.00384083716198802,3347.07958984375,5348.65673828125,0.2890625,0.9476591944694519,372,2,26.95373328352031,37.899255300326246,1405.7643565639528,17.118250461465234,65852.64085891304,1364.3816270656675,12463.188025025165,6221.167491726297
34.76948547363281,518.4984130859375,0.6100736260414124,518.4984130859375,0.0006257292116060853,2482.094970703125,5492.42626953125,0.27734375,0.9479249715805054,373,2,26.95373328352031,37.899255300326246,1405.7643565639528,17.118250461465234,65852.64085891304,1364.3816270656675,12463.188025025165,6221.167491726297
21.928287506103516,364.41485595703125,0.4173026978969574,364.41485595703125,0.0012394150253385305,545.344482421875,5029.9658203125,0.23046875,0.9503939747810364,374,2,26.95373328352031,37.899255300326246,1405.7643565639528,17.118250461465234,65852.64085891304,1364.3816270656675,12463.188025025165,6221.167491726297
23.021541595458984,375.3853454589844,0.42652663588523865,375.3853454589844,0.002361469203606248,598.7498168945312,5363.09912109375,0.2578125,0.9490536451339722,375,2,26.95373328352031,37.899255300326246,1405.7643565639528,17.118250461465234,65852.64085891304,1364.3816270656675,12463.188025025165,6221.167491726297
26.79793930053711,428.5722961425781,0.7313046455383301,428.572265625,0.002754857065156102,657.1297607421875,5441.44189453125,0.2578125,0.949878454208374,376,2,26.95373328352031,37.899255300326246,1405.7643565639528,17.118250461465234,65852.64085891304,1364.3816270656675,12463.188025025165,6221.167491726297
21.474647521972656,350.1959228515625,0.46036162972450256,350.1959228515625,0.0022448846139013767,297.99334716796875,5314.0546875,0.2734375,0.9486510157585144,377,2,26.95373328352031,37.899255300326246,1405.7643565639528,17.118250461465234,65852.64085891304,1364.3816270656675,12463.188025025165,6221.167491726297
36.44779586791992,570.6327514648438,0.8311581611633301,570.6328125,0.005247639492154121,3933.900634765625,5457.77392578125,0.26171875,0.9475143551826477,378,2,26.95373328352031,37.899255300326246,1405.7643565639528,17.118250461465234,65852.64085891304,1364.3816270656675,12463.188025025165,6221.167491726297
25.038341522216797,374.5125732421875,0.44789934158325195,374.5125732421875,0.0005620975280180573,496.98468017578125,5254.6611328125,0.2578125,0.9485872983932495,379,2,26.95373328352031,37.899255300326246,1405.7643565639528,17.118250461465234,65852.64085891304,1364.3816270656675,12463.188025025165,6221.167491726297
23.381885528564453,417.8985595703125,0.434681236743927,417.8985595703125,0.0013270259369164705,795.583251953125,5121.30224609375,0.24609375,0.9477559924125671,380,2,26.95373328352031,37.899255300326246,1405.7643565639528,17.118250461465234,65852.64085891304,1364.3816270656675,12463.188025025165,6221.167491726297
36.94655227661133,606.9207763671875,0.758525013923645,606.9207763671875,0.004623624496161938,3967.79150390625,5572.388671875,0.27734375,0.949914813041687,381,2,26.95373328352031,37.899255300326246,1405.7643565639528,17.118250461465234,65852.64085891304,1364.3816270656675,12463.188025025165,6221.167491726297
26.719377517700195,458.413818359375,0.5274752974510193,458.413818359375,0.0006844403687864542,1594.7545166015625,5250.6630859375,0.2578125,0.9504145383834839,382,2,26.95373328352031,37.899255300326246,1405.7643565639528,17.118250461465234,65852.64085891304,1364.3816270656675,12463.188025025165,6221.167491726297
29.086074829101562,444.7323303222656,0.5719037055969238,444.7323303222656,0.0010232544736936688,997.8244018554688,5661.41943359375,0.2578125,0.9512202143669128,383,2,26.95373328352031,37.899255300326246,1405.7643565639528,17.118250461465234,65852.64085891304,1364.3816270656675,12463.188025025165,6221.167491726297
26.737138748168945,431.2293701171875,0.48468172550201416,431.2293395996094,0.0007219981634989381,867.2138671875,5532.10107421875,0.25390625,0.9486668109893799,384,2,26.95373328352031,37.899255300326246,1405.7643565639528,17.118250461465234,65852.64085891304,1364.3816270656675,12463.188025025165,6221.167491726297
23.216270446777344,429.2010192871094,0.5779668092727661,429.2010192871094,0.0010806652717292309,720.4473876953125,5540.048828125,0.26171875,0.9478383660316467,385,2,26.95373328352031,37.899255300326246,1405.7643565639528,17.118250461465234,65852.64085891304,1364.3816270656675,12463.188025025165,6221.167491726297
33.79631805419922,549.29345703125,0.5962957143783569,549.2933959960938,0.0007100753718987107,2827.99951171875,5742.10205078125,0.2734375,0.9466255307197571,386,2,26.95373328352031,37.899255300326246,1405.7643565639528,17.118250461465234,65852.64085891304,1364.3816270656675,12463.188025025165,6221.167491726297
33.19615173339844,571.1226806640625,0.8516631126403809,571.1226806640625,0.005087485536932945,2395.7802734375,5831.91455078125,0.2890625,0.9459507465362549,387,2,26.95373328352031,37.899255300326246,1405.7643565639528,17.118250461465234,65852.64085891304,1364.3816270656675,12463.188025025165,6221.167491726297
31.072099685668945,493.9581604003906,0.8018539547920227,493.9581604003906,0.0011831331066787243,1392.7822265625,5591.154296875,0.27734375,0.9507191777229309,388,2,26.95373328352031,37.899255300326246,1405.7643565639528,17.118250461465234,65852.64085891304,1364.3816270656675,12463.188025025165,6221.167491726297
30.980424880981445,503.86468505859375,0.662280797958374,503.86468505859375,0.0011593456147238612,1497.420654296875,5832.0009765625,0.25390625,0.9486957788467407,389,2,26.95373328352031,37.899255300326246,1405.7643565639528,17.118250461465234,65852.64085891304,1364.3816270656675,12463.188025025165,6221.167491726297
35.56736755371094,599.04736328125,0.8388079404830933,599.0473022460938,0.011195088736712933,3487.670166015625,5795.6259765625,0.3203125,0.9481023550033569,390,2,26.95373328352031,37.899255300326246,1405.7643565639528,17.118250461465234,65852.64085891304,1364.3816270656675,12463.188025025165,6221.167491726297
38.180015563964844,626.20263671875,0.8870204091072083,626.20263671875,0.0037553072907030582,4266.26416015625,6066.78759765625,0.2734375,0.9493594169616699,391,2,26.95373328352031,37.899255300326246,1405.7643565639528,17.118250461465234,65852.64085891304,1364.3816270656675,12463.188025025165,6221.167491726297
28.561359405517578,520.3956909179688,0.6767815947532654,520.395751953125,0.0013932520523667336,2382.251953125,5976.59912109375,0.234375,0.9489257335662842,392,2,26.95373328352031,37.899255300326246,1405.7643565639528,17.118250461465234,65852.64085891304,1364.3816270656675,12463.188025025165,6221.167491726297
29.30512237548828,495.16302490234375,0.6549659967422485,495.16302490234375,0.0018838191172108054,1664.03466796875,6062.37890625,0.28125,0.9497695565223694,393,2,26.95373328352031,37.899255300326246,1405.7643565639528,17.118250461465234,65852.64085891304,1364.3816270656675,12463.188025025165,6221.167491726297
25.788476943969727,453.80926513671875,0.5368556976318359,453.80926513671875,0.001349845202639699,917.7900390625,5746.6884765625,0.26171875,0.948549747467041,394,2,26.95373328352031,37.899255300326246,1405.7643565639528,17.118250461465234,65852.64085891304,1364.3816270656675,12463.188025025165,6221.167491726297
28.175556182861328,470.24676513671875,0.6228492259979248,470.24676513671875,0.0007832539267838001,1050.79638671875,5820.75830078125,0.23046875,0.9498371481895447,395,2,26.95373328352031,37.899255300326246,1405.7643565639528,17.118250461465234,65852.64085891304,1364.3816270656675,12463.188025025165,6221.167491726297
28.26818084716797,477.8779602050781,0.4492192268371582,477.8779602050781,0.002123887650668621,1870.029052734375,5511.59423828125,0.28125,0.9482015371322632,396,2,26.95373328352031,37.899255300326246,1405.7643565639528,17.118250461465234,65852.64085891304,1364.3816270656675,12463.188025025165,6221.167491726297
18.382291793823242,336.84197998046875,0.3628696799278259,336.84197998046875,0.00321271363645792,273.5477294921875,5931.6298828125,0.265625,0.9510841965675354,397,2,26.95373328352031,37.899255300326246,1405.7643565639528,17.118250461465234,65852.64085891304,1364.3816270656675,12463.188025025165,6221.167491726297
21.36300277709961,367.74993896484375,0.3823361396789551,367.7499694824219,0.0014059976674616337,218.83917236328125,6319.92724609375,0.25390625,0.9487583041191101,398,2,26.95373328352031,37.899255300326246,1405.7643565639528,17.118250461465234,65852.64085891304,1364.3816270656675,12463.188025025165,6221.167491726297
31.47132682800293,529.4374389648438,0.583101212978363,529.4374389648438,0.0016386169008910656,2352.75341796875,6025.46923828125,0.27734375,0.9530053734779358,399,2,26.95373328352031,37.899255300326246,1405.7643565639528,17.118250461465234,65852.64085891304,1364.3816270656675,12463.188025025165,6221.167491726297
29.42821502685547,491.1357421875,0.6644166111946106,491.1357421875,0.0013462563510984182,1699.636474609375,5618.197265625,0.25,0.950080931186676,400,2,26.95373328352031,37.899255300326246,1405.7643565639528,17.118250461465234,65852.64085891304,1364.3816270656675,12463.188025025165,6221.167491726297
36.511024475097656,594.2616577148438,0.7548417448997498,594.2616577148438,0.0009745865827426314,2688.060302734375,6160.38720703125,0.2890625,0.9470013380050659,401,2,26.95373328352031,37.899255300326246,1405.7643565639528,17.118250461465234,65852.64085891304,1364.3816270656675,12463.188025025165,6221.167491726297
26.592811584472656,480.84552001953125,0.48398202657699585,480.84552001953125,0.001187451183795929,897.0670166015625,6078.9541015625,0.2890625,0.9508167505264282,402,2,26.95373328352031,37.899255300326246,1405.7643565639528,17.118250461465234,65852.64085891304,1364.3816270656675,12463.188025025165,6221.167491726297
25.940479278564453,475.80517578125,0.4758557081222534,475.80517578125,0.00806015357375145,1290.5205078125,5984.54931640625,0.3125,0.9476287364959717,403,2,26.95373328352031,37.899255300326246,1405.7643565639528,17.118250461465234,65852.64085891304,1364.3816270656675,12463.188025025165,6221.167491726297
32.23211669921875,559.3525390625,0.7654728889465332,559.3525390625,0.0022246488370001316,2056.98291015625,5761.3408203125,0.28125,0.949510395526886,404,2,26.95373328352031,37.899255300326246,1405.7643565639528,17.118250461465234,65852.64085891304,1364.3816270656675,12463.188025025165,6221.167491726297
29.008607864379883,566.6502685546875,0.5622346997261047,566.6502685546875,0.0019817501306533813,2867.225341796875,6038.001953125,0.28515625,0.9508505463600159,405,2,26.95373328352031,37.899255300326246,1405.7643565639528,17.118250461465234,65852.64085891304,1364.3816270656675,12463.188025025165,6221.167491726297
29.556697845458984,538.3084106445312,0.753703236579895,538.3084106445312,0.0006313244812190533,1965.7314453125,6230.69482421875,0.24609375,0.9499673843383789,406,2,26.95373328352031,37.899255300326246,1405.7643565639528,17.118250461465234,65852.64085891304,1364.3816270656675,12463.188025025165,6221.167491726297
21.495986938476562,388.4271240234375,0.4601287245750427,388.4271240234375,0.0007261999417096376,671.7196044921875,5593.06005859375,0.234375,0.9485243558883667,407,2,26.95373328352031,37.899255300326246,1405.7643565639528,17.118250461465234,65852.64085891304,1364.3816270656675,12463.188025025165,6221.167491726297
31.169761657714844,525.4256591796875,0.593995213508606,525.4257202148438,0.003851095214486122,1707.40185546875,6144.8232421875,0.2734375,0.9516895413398743,408,2,26.95373328352031,37.899255300326246,1405.7643565639528,17.118250461465234,65852.64085891304,1364.3816270656675,12463.188025025165,6221.167491726297
30.849437713623047,505.46142578125,0.7152645587921143,505.46136474609375,0.0019329056376591325,1396.277587890625,6346.64013671875,0.2734375,0.9509285688400269,409,2,26.95373328352031,37.899255300326246,1405.7643565639528,17.118250461465234,65852.64085891304,1364.3816270656675,12463.188025025165,6221.167491726297
21.78792953491211,362.0177001953125,0.5213404893875122,362.0176696777344,0.0009023388847708702,269.7421875,6130.83056640625,0.25390625,0.9496631622314453,410,2,26.95373328352031,37.899255300326246,1405.7643565639528,17.118250461465234,65852.64085891304,1364.3816270656675,12463.188025025165,6221.167491726297
28.349544525146484,528.9321899414062,0.49979400634765625,528.9321899414062,0.001413393416441977,2151.1669921875,6299.8984375,0.27734375,0.9503750205039978,411,2,26.95373328352031,37.899255300326246,1405.7643565639528,17.118250461465234,65852.64085891304,1364.3816270656675,12463.188025025165,6221.167491726297
24.71661949157715,447.6014404296875,0.717038631439209,447.6014404296875,0.001259645214304328,783.09521484375,5901.17724609375,0.234375,0.9491748809814453,412,2,26.95373328352031,37.899255300326246,1405.7643565639528,17.118250461465234,65852.64085891304,1364.3816270656675,12463.188025025165,6221.167491726297
32.17280197143555,568.5488891601562,0.5829732418060303,568.5488891601562,0.0005744326626881957,1959.87939453125,6323.251953125,0.28125,0.9467841982841492,413,2,26.95373328352031,37.899255300326246,1405.7643565639528,17.118250461465234,65852.64085891304,1364.3816270656675,12463.188025025165,6221.167491726297
21.628345489501953,363.1008605957031,0.3406367301940918,363.1008605957031,0.007405050098896027,438.05010986328125,5529.50439453125,0.2578125,0.9496771097183228,414,2,26.95373328352031,37.899255300326246,1405.7643565639528,17.118250461465234,65852.64085891304,1364.3816270656675,12463.188025025165,6221.167491726297
33.58728790283203,609.7872314453125,0.6627566814422607,609.7872314453125,0.002139325952157378,2866.4140625,6554.0400390625,0.28125,0.947708010673523,415,2,26.95373328352031,37.899255300326246,1405.7643565639528,17.118250461465234,65852.64085891304,1364.3816270656675,12463.188025025165,6221.167491726297
26.559253692626953,495.2504577636719,0.505034327507019,495.2504577636719,0.0005902554839849472,1077.7747802734375,6582.0341796875,0.26953125,0.9506148099899292,416,2,26.95373328352031,37.899255300326246,1405.7643565639528,17.118250461465234,65852.64085891304,1364.3816270656675,12463.188025025165,6221.167491726297
22.937755584716797,449.23773193359375,0.49858182668685913,449.23773193359375,0.000639098696410656,1025.7657470703125,6564.34765625,0.2734375,0.9479151964187622,417,2,26.95373328352031,37.899255300326246,1405.7643565639528,17.118250461465234,65852.64085891304,1364.3816270656675,12463.188025025165,6221.167491726297
36.126014709472656,643.55810546875,0.8463575839996338,643.5581665039062,0.003143398091197014,2879.3359375,6531.443359375,0.3359375,0.9508018493652344,418,2,26.95373328352031,37.899255300326246,1405.7643565639528,17.118250461465234,65852.64085891304,1364.3816270656675,12463.188025025165,6221.167491726297
34.61524200439453,629.1691284179688,0.7820991277694702,629.1691284179688,0.002195416484028101,3241.882080078125,6440.2158203125,0.296875,0.9477893710136414,419,2,26.95373328352031,37.899255300326246,1405.7643565639528,17.118250461465234,65852.64085891304,1364.3816270656675,12463.188025025165,6221.167491726297
33.8677864074707,575.5849609375,0.8515084385871887,575.5849609375,0.0019356489647179842,2440.14697265625,6644.96728515625,0.27734375,0.9481867551803589,420,2,26.95373328352031,37.899255300326246,1405.7643565639528,17.118250461465234,65852.64085891304,1364.3816270656675,12463.188025025165,6221.167491726297
30.76075553894043,545.61474609375,0.5438657999038696,545.61474609375,0.0003769755712710321,1453.545166015625,6835.892578125,0.23828125,0.9489391446113586,421,2,26.95373328352031,37.899255300326246,1405.7643565639528,17.118250461465234,65852.64085891304,1364.3816270656675,12463.188025025165,6221.167491726297
24.331510543823242,411.6194763183594,0.40025874972343445,411.6194763183594,0.0005583627498708665,374.99566650390625,6617.51708984375,0.25,0.9501296877861023,422,2,26.95373328352031,37.899255300326246,1405.7643565639528,17.118250461465234,65852.64085891304,1364.3816270656675,12463.188025025165,6221.167491726297
26.159740447998047,508.08843994140625,0.5884405970573425,508.08843994140625,0.0018536606803536415,1682.3126220703125,6704.58203125,0.265625,0.9478097558021545,423,2,26.95373328352031,37.899255300326246,1405.7643565639528,17.118250461465234,65852.64085891304,1364.3816270656675,12463.188025025165,6221.167491726297
25.957090377807617,465.7743835449219,0.7347222566604614,465.7743835449219,0.0006949800299480557,453.08984375,6832.4111328125,0.27734375,0.9475651383399963,424,2,26.95373328352031,37.899255300326246,1405.7643565639528,17.118250461465234,65852.64085891304,1364.3816270656675,12463.188025025165,6221.167491726297
35.994388580322266,630.510986328125,0.832141637802124,630.5110473632812,0.007260394282639027,3866.379638671875,6209.0419921875,0.29296875,0.948029100894928,425,2,26.95373328352031,37.899255300326246,1405.7643565639528,17.118250461465234,65852.64085891304,1364.3816270656675,12463.188025025165,6221.167491726297
25.252178192138672,508.143310546875,0.5368096232414246,508.1432800292969,0.00024219222541432828,1736.534423828125,6385.48974609375,0.29296875,0.9537721276283264,426,2,26.95373328352031,37.899255300326246,1405.7643565639528,17.118250461465234,65852.64085891304,1364.3816270656675,12463.188025025165,6221.167491726297
38.90367889404297,672.3524169921875,0.8030821084976196,672.3524169921875,0.0030849811155349016,3397.89208984375,6772.14306640625,0.26953125,0.9489954710006714,427,2,26.95373328352031,37.899255300326246,1405.7643565639528,17.118250461465234,65852.64085891304,1364.3816270656675,12463.188025025165,6221.167491726297
31.287267684936523,552.3622436523438,0.5616568326950073,552.3623046875,0.0029284937772899866,1202.736572265625,6738.80078125,0.27734375,0.9501190781593323,428,2,26.95373328352031,37.899255300326246,1405.7643565639528,17.118250461465234,65852.64085891304,1364.3816270656675,12463.188025025165,6221.167491726297
24.565994262695312,439.0275573730469,0.5449994802474976,439.0275573730469,0.0008340297499671578,289.0346374511719,6405.162109375,0.2734375,0.9467800855636597,429,2,26.95373328352031,37.899255300326246,1405.7643565639528,17.118250461465234,65852.64085891304,1364.3816270656675,12463.188025025165,6221.167491726297
25.962448120117188,428.88067626953125,0.5608800649642944,428.88067626953125,0.000918787787668407,1160.57861328125,6895.7138671875,0.2421875,0.9506241679191589,430,2,26.95373328352031,37.899255300326246,1405.7643565639528,17.118250461465234,65852.64085891304,1364.3816270656675,12463.188025025165,6221.167491726297
24.65768814086914,455.5140380859375,0.46642905473709106,455.5140380859375,0.0008931132033467293,520.90673828125,6248.7451171875,0.25,0.9494712352752686,431,2,26.95373328352031,37.899255300326246,1405.7643565639528,17.118250461465234,65852.64085891304,1364.3816270656675,12463.188025025165,6221.167491726297
35.71742248535156,627.5870361328125,0.6750437021255493,627.5870361328125,0.0008786293910816312,2492.144287109375,6902.28564453125,0.26953125,0.9507963061332703,432,2,26.95373328352031,37.899255300326246,1405.7643565639528,17.118250461465234,65852.64085891304,1364.3816270656675,12463.188025025165,6221.167491726297
34.57617950439453,664.3441162109375,0.7816686630249023,664.3441162109375,0.002515180502086878,3372.06396484375,6633.66162109375,0.2890625,0.9480119943618774,433,2,26.95373328352031,37.899255300326246,1405.7643565639528,17.118250461465234,65852.64085891304,1364.3816270656675,12463.188025025165,6221.167491726297
29.275192260742188,515.1223754882812,0.4581613540649414,515.122314453125,0.0010303100571036339,1565.489990234375,6893.880859375,0.23828125,0.9490642547607422,434,2,26.95373328352031,37.899255300326246,1405.7643565639528,17.118250461465234,65852.64085891304,1364.3816270656675,12463.188025025165,6221.167491726297
23.223432540893555,451.4599609375,0.3587793707847595,451.4599609375,0.0022125039249658585,752.7169189453125,6716.50341796875,0.27734375,0.9485301375389099,435,2,26.95373328352031,37.899255300326246,1405.7643565639528,17.118250461465234,65852.64085891304,1364.3816270656675,12463.188025025165,6221.167491726297
24.83829689025879,477.6678771972656,0.5587047338485718,477.6678771972656,0.0014328276738524437,1257.38720703125,6634.62451171875,0.2421875,0.949626088142395,436,2,26.95373328352031,37.899255300326246,1405.7643565639528,17.118250461465234,65852.64085891304,1364.3816270656675,12463.188025025165,6221.167491726297
26.377443313598633,487.73187255859375,0.49333542585372925,487.73187255859375,0.001586545491591096,1771.802490234375,6462.0048828125,0.2890625,0.9515714049339294,437,2,26.95373328352031,37.899255300326246,1405.7643565639528,17.118250461465234,65852.64085891304,1364.3816270656675,12463.188025025165,6221.167491726297
39.93278503417969,752.2039184570312,0.8707806468009949,752.203857421875,0.0019056395394727588,5264.33837890625,7327.85693359375,0.30078125,0.9482431411743164,438,2,26.95373328352031,37.899255300326246,1405.7643565639528,17.118250461465234,65852.64085891304,1364.3816270656675,12463.188025025165,6221.167491726297
29.872577667236328,574.5802001953125,0.7675696611404419,574.5802001953125,0.0016120176296681166,1680.990966796875,7074.13525390625,0.29296875,0.9484003782272339,439,2,26.95373328352031,37.899255300326246,1405.7643565639528,17.118250461465234,65852.64085891304,1364.3816270656675,12463.188025025165,6221.167491726297
24.916580200195312,476.3477783203125,0.538749098777771,476.3477783203125,0.0008842528332024813,1049.4886474609375,6717.90185546875,0.26171875,0.9488446712493896,440,2,26.95373328352031,37.899255300326246,1405.7643565639528,17.118250461465234,65852.64085891304,1364.3816270656675,12463.188025025165,6221.167491726297
30.090133666992188,565.8032836914062,0.6090499758720398,565.8032836914062,0.0012281725648790598,1984.237548828125,6685.1484375,0.26171875,0.9497424364089966,441,2,26.95373328352031,37.899255300326246,1405.7643565639528,17.118250461465234,65852.64085891304,1364.3816270656675,12463.188025025165,6221.167491726297
27.863468170166016,519.1104125976562,0.6208454370498657,519.1104125976562,0.0005777734331786633,1110.4296875,6840.65478515625,0.26953125,0.9521196484565735,442,2,26.95373328352031,37.899255300326246,1405.7643565639528,17.118250461465234,65852.64085891304,1364.3816270656675,12463.188025025165,6221.167491726297
16.6688232421875,314.0447998046875,0.2696687579154968,314.0447692871094,0.0006151918205432594,195.4881591796875,6811.712890625,0.20703125,0.9506140351295471,443,2,26.95373328352031,37.899255300326246,1405.7643565639528,17.118250461465234,65852.64085891304,1364.3816270656675,12463.188025025165,6221.167491726297
29.181671142578125,556.6215209960938,0.5671514272689819,556.6214599609375,0.0020588438492268324,1121.8004150390625,6949.51025390625,0.26953125,0.9519801735877991,444,2,26.95373328352031,37.899255300326246,1405.7643565639528,17.118250461465234,65852.64085891304,1364.3816270656675,12463.188025025165,6221.167491726297
26.70257568359375,511.0387268066406,0.43642091751098633,511.0387268066406,0.0013548122951760888,1011.8406982421875,6801.18896484375,0.2734375,0.9502876996994019,445,2,26.95373328352031,37.899255300326246,1405.7643565639528,17.118250461465234,65852.64085891304,1364.3816270656675,12463.188025025165,6221.167491726297
33.27790832519531,607.6085205078125,0.7225923538208008,607.6085205078125,0.001030398765578866,2219.537841796875,7017.9453125,0.26171875,0.9474967122077942,446,2,26.95373328352031,37.899255300326246,1405.7643565639528,17.118250461465234,65852.64085891304,1364.3816270656675,12463.188025025165,6221.167491726297
34.17055892944336,659.68994140625,0.5833070278167725,659.68994140625,0.0014081733534112573,3559.737548828125,7034.78466796875,0.26953125,0.9472224116325378,447,2,26.95373328352031,37.899255300326246,1405.7643565639528,17.118250461465234,65852.64085891304,1364.3816270656675,12463.188025025165,6221.167491726297
35.07050704956055,745.45556640625,0.7900418043136597,745.45556640625,0.0007231420604512095,4769.7373046875,6978.8642578125,0.29296875,0.949853777885437,448,2,26.95373328352031,37.899255300326246,1405.7643565639528,17.118250461465234,65852.64085891304,1364.3816270656675,12463.188025025165,6221.167491726297
22.96828842163086,490.56671142578125,0.49722975492477417,490.56671142578125,0.00047978488146327436,957.2437744140625,7119.27392578125,0.23828125,0.950598418712616,449,2,26.95373328352031,37.899255300326246,1405.7643565639528,17.118250461465234,65852.64085891304,1364.3816270656675,12463.188025025165,6221.167491726297
31.913307189941406,686.56396484375,0.629173994064331,686.56396484375,0.0008813567692413926,3228.134521484375,7681.3212890625,0.2890625,0.9488522410392761,450,2,26.95373328352031,37.899255300326246,1405.7643565639528,17.118250461465234,65852.64085891304,1364.3816270656675,12463.188025025165,6221.167491726297
24.615217208862305,457.2502136230469,0.2792443633079529,457.250244140625,0.0006431835936382413,510.91265869140625,7386.45458984375,0.265625,0.9488095641136169,451,2,26.95373328352031,37.899255300326246,1405.7643565639528,17.118250461465234,65852.64085891304,1364.3816270656675,12463.188025025165,6221.167491726297
25.83900260925293,536.6866455078125,0.6026735901832581,536.6866455078125,0.00045559636782854795,753.1251220703125,7159.990234375,0.21875,0.9466397166252136,452,2,26.95373328352031,37.899255300326246,1405.7643565639528,17.118250461465234,65852.64085891304,1364.3816270656675,12463.188025025165,6221.167491726297
23.772140502929688,509.687255859375,0.4175107181072235,509.687255859375,0.000467776320874691,924.1793212890625,7007.6767578125,0.203125,0.9481975436210632,453,2,26.95373328352031,37.899255300326246,1405.7643565639528,17.118250461465234,65852.64085891304,1364.3816270656675,12463.188025025165,6221.167491726297
30.034212112426758,603.8551025390625,0.5770487189292908,603.8551025390625,0.004853518679738045,1290.7314453125,7773.08447265625,0.30859375,0.9496736526489258,454,2,26.95373328352031,37.899255300326246,1405.7643565639528,17.118250461465234,65852.64085891304,1364.3816270656675,12463.188025025165,6221.167491726297
38.59532928466797,792.070556640625,0.7325911521911621,792.070556640625,0.0007608737796545029,5043.5712890625,7431.4287109375,0.234375,0.9506271481513977,455,2,26.95373328352031,37.899255300326246,1405.7643565639528,17.118250461465234,65852.64085891304,1364.3816270656675,12463.188025025165,6221.167491726297
39.59854507446289,726.1552734375,0.8619292974472046,726.1553344726562,0.000153353379573673,4115.28515625,7317.6640625,0.2578125,0.9481091499328613,456,2,26.95373328352031,37.899255300326246,1405.7643565639528,17.118250461465234,65852.64085891304,1364.3816270656675,12463.188025025165,6221.167491726297
25.344762802124023,491.09185791015625,0.5209022760391235,491.09185791015625,0.0002202962787123397,587.7498779296875,7271.70751953125,0.23828125,0.9488778710365295,457,2,26.95373328352031,37.899255300326246,1405.7643565639528,17.118250461465234,65852.64085891304,1364.3816270656675,12463.188025025165,6221.167491726297
25.776514053344727,510.5481872558594,0.5630682706832886,510.5482177734375,0.0011096564121544361,607.868408203125,8203.1875,0.25390625,0.9487086534500122,458,2,26.95373328352031,37.899255300326246,1405.7643565639528,17.118250461465234,65852.64085891304,1364.3816270656675,12463.188025025165,6221.167491726297
26.62975311279297,543.4525756835938,0.38409796357154846,543.4525756835938,0.0006514388951472938,706.4427490234375,7175.50634765625,0.2734375,0.9502772092819214,459,2,26.95373328352031,37.899255300326246,1405.7643565639528,17.118250461465234,65852.64085891304,1364.3816270656675,12463.188025025165,6221.167491726297
40.671348571777344,705.2828369140625,0.6793713569641113,705.2827758789062,0.0012078569270670414,3793.480224609375,8083.556640625,0.2578125,0.9483984708786011,460,2,26.95373328352031,37.899255300326246,1405.7643565639528,17.118250461465234,65852.64085891304,1364.3816270656675,12463.188025025165,6221.167491726297
27.851879119873047,536.0101318359375,0.6033867597579956,536.0101318359375,8.690467802807689e-05,904.9451904296875,7118.982421875,0.20703125,0.9507990479469299,461,2,26.95373328352031,37.899255300326246,1405.7643565639528,17.118250461465234,65852.64085891304,1364.3816270656675,12463.188025025165,6221.167491726297
22.674114227294922,458.3321533203125,0.40783995389938354,458.3321533203125,9.109829261433333e-05,223.87545776367188,7445.181640625,0.2109375,0.9491987228393555,462,2,26.95373328352031,37.899255300326246,1405.7643565639528,17.118250461465234,65852.64085891304,1364.3816270656675,12463.188025025165,6221.167491726297
36.895809173583984,714.1893310546875,0.6488339900970459,714.1893310546875,0.0007566155400127172,3187.671875,7868.6982421875,0.265625,0.9485166668891907,463,2,26.95373328352031,37.899255300326246,1405.7643565639528,17.118250461465234,65852.64085891304,1364.3816270656675,12463.188025025165,6221.167491726297
34.06075668334961,700.8048095703125,0.5902518033981323,700.8048095703125,0.0010342805180698633,2446.288330078125,7673.32568359375,0.27734375,0.9519211053848267,464,2,26.95373328352031,37.899255300326246,1405.7643565639528,17.118250461465234,65852.64085891304,1364.3816270656675,12463.188025025165,6221.167491726297
19.46767234802246,393.7374572753906,0.4521864652633667,393.7374572753906,0.00031210435554385185,202.5296630859375,7133.95703125,0.2265625,0.9490681886672974,465,2,26.95373328352031,37.899255300326246,1405.7643565639528,17.118250461465234,65852.64085891304,1364.3816270656675,12463.188025025165,6221.167491726297
40.069969177246094,781.158203125,1.0358989238739014,781.158203125,0.0008417422650381923,3802.981689453125,7812.88037109375,0.28125,0.948681652545929,466,2,26.95373328352031,37.899255300326246,1405.7643565639528,17.118250461465234,65852.64085891304,1364.3816270656675,12463.188025025165,6221.167491726297
25.702056884765625,498.37445068359375,0.5521426200866699,498.3744201660156,0.00014080791152082384,279.73529052734375,7451.53271484375,0.21484375,0.9465071558952332,467,2,26.95373328352031,37.899255300326246,1405.7643565639528,17.118250461465234,65852.64085891304,1364.3816270656675,12463.188025025165,6221.167491726297
26.06658935546875,577.824462890625,0.533198356628418,577.824462890625,0.0007459750631824136,1200.1253662109375,7171.03369140625,0.24609375,0.946394145488739,468,2,26.95373328352031,37.899255300326246,1405.7643565639528,17.118250461465234,65852.64085891304,1364.3816270656675,12463.188025025165,6221.167491726297
25.180282592773438,233.9892578125,0.5359278917312622,233.9892578125,0.00037703709676861763,689.5860595703125,2891.7158203125,0.27734375,0.9486674070358276,469,3,26.457217744798033,59.74816403960534,1274.9994033631565,26.354895737489688,35175.110164133366,1364.7289222952825,15471.378962439112,5658.820398124572
22.92660140991211,202.71192932128906,0.5812196731567383,202.71192932128906,0.00028583838138729334,141.9834442138672,2796.443115234375,0.21484375,0.948680579662323,470,3,26.457217744798033,59.74816403960534,1274.9994033631565,26.354895737489688,35175.110164133366,1364.7289222952825,15471.378962439112,5658.820398124572
25.54556655883789,252.37506103515625,0.731459379196167,252.37506103515625,0.0005624500336125493,1237.0283203125,2744.6455078125,0.25390625,0.9501634836196899,471,3,26.457217744798033,59.74816403960534,1274.9994033631565,26.354895737489688,35175.110164133366,1364.7289222952825,15471.378962439112,5658.820398124572
23.254451751708984,225.4821014404297,0.3919787108898163,225.48208618164062,0.0003016493865288794,850.2312622070312,2880.498779296875,0.24609375,0.9489818811416626,472,3,26.457217744798033,59.74816403960534,1274.9994033631565,26.354895737489688,35175.110164133366,1364.7289222952825,15471.378962439112,5658.820398124572
27.328022003173828,273.7607421875,0.6942856311798096,273.7607421875,0.00011153161176480353,1351.2039794921875,2792.176025390625,0.21875,0.948037326335907,473,3,26.457217744798033,59.74816403960534,1274.9994033631565,26.354895737489688,35175.110164133366,1364.7289222952825,15471.378962439112,5658.820398124572
21.891054153442383,218.73468017578125,0.4527197480201721,218.7346649169922,0.0002608697395771742,433.1177673339844,2956.651123046875,0.25,0.9504706859588623,474,3,26.457217744798033,59.74816403960534,1274.9994033631565,26.354895737489688,35175.110164133366,1364.7289222952825,15471.378962439112,5658.820398124572
25.58622169494629,238.50051879882812,0.6489136219024658,238.50051879882812,0.00035550701431930065,642.13623046875,2896.234375,0.22265625,0.948617160320282,475,3,26.457217744798033,59.74816403960534,1274.9994033631565,26.354895737489688,35175.110164133366,1364.7289222952825,15471.378962439112,5658.820398124572
24.326066970825195,229.35787963867188,0.5810182094573975,229.35787963867188,0.00028109311824664474,532.169189453125,2872.621337890625,0.24609375,0.9498737454414368,476,3,26.457217744798033,59.74816403960534,1274.9994033631565,26.354895737489688,35175.110164133366,1364.7289222952825,15471.378962439112,5658.820398124572
31.282691955566406,310.3061828613281,0.8280022740364075,310.3061828613281,0.0004891390562988818,1874.41943359375,3143.337890625,0.24609375,0.9497035145759583,477,3,26.457217744798033,59.74816403960534,1274.9994033631565,26.354895737489688,35175.110164133366,1364.7289222952825,15471.378962439112,5658.820398124572
26.45486831665039,280.3244934082031,0.8105980753898621,280.3244934082031,0.00030960835283622146,1582.352294921875,3051.547119140625,0.26953125,0.9466423392295837,478,3,26.457217744798033,59.74816403960534,1274.9994033631565,26.354895737489688,35175.110164133366,1364.7289222952825,15471.378962439112,5658.820398124572
26.79128074645996,243.15481567382812,0.7719519138336182,243.1548309326172,9.387353202328086e-05,577.143310546875,2927.19091796875,0.203125,0.9486570954322815,479,3,26.457217744798033,59.74816403960534,1274.9994033631565,26.354895737489688,35175.110164133366,1364.7289222952825,15471.378962439112,5658.820398124572
27.9906063079834,280.87115478515625,0.7231190204620361,280.87115478515625,0.0001831566187320277,1250.9822998046875,2845.236083984375,0.22265625,0.9489960074424744,480,3,26.457217744798033,59.74816403960534,1274.9994033631565,26.354895737489688,35175.110164133366,1364.7289222952825,15471.378962439112,5658.820398124572
26.37065887451172,231.40211486816406,0.7675166726112366,231.40211486816406,7.432562415488064e-05,143.6028594970703,3015.460693359375,0.171875,0.9508861303329468,481,3,26.457217744798033,59.74816403960534,1274.9994033631565,26.354895737489688,35175.110164133366,1364.7289222952825,15471.378962439112,5658.820398124572
20.477622985839844,204.58053588867188,0.5095202922821045,204.58053588867188,0.00033423290005885065,208.32919311523438,2870.619873046875,0.23828125,0.9485393762588501,482,3,26.457217744798033,59.74816403960534,1274.9994033631565,26.354895737489688,35175.110164133366,1364.7289222952825,15471.378962439112,5658.820398124572
23.61505126953125,227.7988739013672,0.469489187002182,227.7988739013672,0.00023747593513689935,391.88067626953125,2914.53857421875,0.23046875,0.9494359493255615,483,3,26.457217744798033,59.74816403960534,1274.9994033631565,26.354895737489688,35175.110164133366,1364.7289222952825,15471.378962439112,5658.820398124572
28.880695343017578,287.5182189941406,0.8371989727020264,287.5182189941406,0.0002018139057327062,1593.9486083984375,2881.478515625,0.20703125,0.9496455788612366,484,3,26.457217744798033,59.74816403960534,1274.9994033631565,26.354895737489688,35175.110164133366,1364.7289222952825,15471.378962439112,5658.820398124572
29.483428955078125,285.613037109375,0.7175935506820679,285.613037109375,0.0014341343194246292,1094.755126953125,3224.6220703125,0.25,0.9472269415855408,485,3,26.457217744798033,59.74816403960534,1274.9994033631565,26.354895737489688,35175.110164133366,1364.7289222952825,15471.378962439112,5658.820398124572
20.19712257385254,194.7373046875,0.46924328804016113,194.73728942871094,9.560596663504839e-05,82.28202819824219,2995.267333984375,0.19921875,0.9481605887413025,486,3,26.457217744798033,59.74816403960534,1274.9994033631565,26.354895737489688,35175.110164133366,1364.7289222952825,15471.378962439112,5658.820398124572
27.910737991333008,267.045654296875,0.9880155324935913,267.045654296875,0.0003394631203263998,773.570068359375,3065.488525390625,0.24609375,0.9496048092842102,487,3,26.457217744798033,59.74816403960534,1274.9994033631565,26.354895737489688,35175.110164133366,1364.7289222952825,15471.378962439112,5658.820398124572
24.757001876831055,254.10745239257812,0.5898924469947815,254.10748291015625,0.0007238968391902745,737.6649169921875,3086.103515625,0.23046875,0.950698971748352,488,3,26.457217744798033,59.74816403960534,1274.9994033631565,26.354895737489688,35175.110164133366,1364.7289222952825,15471.378962439112,5658.820398124572
21.415252685546875,204.6142578125,0.43871521949768066,204.6142578125,0.00019847815565299243,251.1973114013672,2901.64111328125,0.20703125,0.9511328339576721,489,3,26.457217744798033,59.74816403960534,1274.9994033631565,26.354895737489688,35175.110164133366,1364.7289222952825,15471.378962439112,5658.820398124572
22.987735748291016,246.0736083984375,0.5527110695838928,246.0736083984375,0.0003078562440350652,340.83624267578125,3136.498046875,0.234375,0.9516596794128418,490,3,26.457217744798033,59.74816403960534,1274.9994033631565,26.354895737489688,35175.110164133366,1364.7289222952825,15471.378962439112,5658.820398124572
20.368724822998047,197.74984741210938,0.6516170501708984,197.74984741210938,0.00024633348220959306,298.93206787109375,3004.26416015625,0.203125,0.9490012526512146,491,3,26.457217744798033,59.74816403960534,1274.9994033631565,26.354895737489688,35175.110164133366,1364.7289222952825,15471.378962439112,5658.820398124572
21.93581199645996,226.82373046875,0.42629414796829224,226.82373046875,0.0002935286611318588,507.84490966796875,2970.1572265625,0.26171875,0.9484976530075073,492,3,26.457217744798033,59.74816403960534,1274.9994033631565,26.354895737489688,35175.110164133366,1364.7289222952825,15471.378962439112,5658.820398124572
31.25376319885254,317.26275634765625,0.9199917316436768,317.26275634765625,0.0004244543379172683,2051.24853515625,2956.842529296875,0.23828125,0.9475377798080444,493,3,26.457217744798033,59.74816403960534,1274.9994033631565,26.354895737489688,35175.110164133366,1364.7289222952825,15471.378962439112,5658.820398124572
29.66691017150879,286.03216552734375,0.735281229019165,286.03216552734375,0.00031611620215699077,1532.480224609375,3228.232421875,0.21875,0.9492017030715942,494,3,26.457217744798033,59.74816403960534,1274.9994033631565,26.354895737489688,35175.110164133366,1364.7289222952825,15471.378962439112,5658.820398124572
13.51851749420166,124.87258911132812,0.44220274686813354,124.87258911132812,0.0004630411567632109,32.380531311035156,3088.0810546875,0.1796875,0.9474867582321167,495,3,26.457217744798033,59.74816403960534,1274.9994033631565,26.354895737489688,35175.110164133366,1364.7289222952825,15471.378962439112,5658.820398124572
29.222278594970703,275.9240417480469,0.6570994853973389,275.9240417480469,0.0007533677853643894,1344.27685546875,3169.32080078125,0.25390625,0.9494854807853699,496,3,26.457217744798033,59.74816403960534,1274.9994033631565,26.354895737489688,35175.110164133366,1364.7289222952825,15471.378962439112,5658.820398124572
18.472152709960938,183.98574829101562,0.3286839425563812,183.98574829101562,0.00010442399070598185,43.873512268066406,3121.48095703125,0.17578125,0.9479950070381165,497,3,26.457217744798033,59.74816403960534,1274.9994033631565,26.354895737489688,35175.110164133366,1364.7289222952825,15471.378962439112,5658.820398124572
18.25273895263672,210.55860900878906,0.34654706716537476,210.55860900878906,0.0003062398754991591,325.9900207519531,2951.059326171875,0.203125,0.9489582180976868,498,3,26.457217744798033,59.74816403960534,1274.9994033631565,26.354895737489688,35175.110164133366,1364.7289222952825,15471.378962439112,5658.820398124572
19.800329208374023,210.45091247558594,0.4037529528141022,210.45091247558594,0.0007949484861455858,442.7757568359375,3050.16650390625,0.2421875,0.9488855600357056,499,3,26.457217744798033,59.74816403960534,1274.9994033631565,26.354895737489688,35175.110164133366,1364.7289222952825,15471.378962439112,5658.820398124572
22.74302864074707,230.87060546875,0.6270544528961182,230.87060546875,0.0003085582866333425,445.477294921875,3147.71875,0.20703125,0.9505459666252136,500,3,26.457217744798033,59.74816403960534,1274.9994033631565,26.354895737489688,35175.110164133366,1364.7289222952825,15471.378962439112,5658.820398124572
17.578834533691406,194.50604248046875,0.31464046239852905,194.50604248046875,0.00038911952287890017,111.52074432373047,3162.294677734375,0.2265625,0.9506469964981079,501,3,26.457217744798033,59.74816403960534,1274.9994033631565,26.354895737489688,35175.110164133366,1364.7289222952825,15471.378962439112,5658.820398124572
21.76764678955078,224.2611083984375,0.5080291032791138,224.2611083984375,0.00034668634179979563,231.09228515625,3151.694091796875,0.203125,0.9516075849533081,502,3,26.457217744798033,59.74816403960534,1274.9994033631565,26.354895737489688,35175.110164133366,1364.7289222952825,15471.378962439112,5658.820398124572
19.592041015625,207.69546508789062,0.4562704563140869,207.69546508789062,3.208853377145715e-05,231.15748596191406,3331.765869140625,0.19140625,0.9472018480300903,503,3,26.457217744798033,59.74816403960534,1274.9994033631565,26.354895737489688,35175.110164133366,1364.7289222952825,15471.378962439112,5658.820398124572
24.924163818359375,252.48129272460938,0.46032559871673584,252.48129272460938,0.000778018671553582,762.8322143554688,2989.31640625,0.2265625,0.9488515257835388,504,3,26.457217744798033,59.74816403960534,1274.9994033631565,26.354895737489688,35175.110164133366,1364.7289222952825,15471.378962439112,5658.820398124572
20.027294158935547,207.2882080078125,0.5115078687667847,207.2882080078125,0.0008403937099501491,122.92594909667969,3156.337890625,0.234375,0.9477252960205078,505,3,26.457217744798033,59.74816403960534,1274.9994033631565,26.354895737489688,35175.110164133366,1364.7289222952825,15471.378962439112,5658.820398124572
24.620502471923828,241.77096557617188,0.6288812160491943,241.7709503173828,8.567981421947479e-05,227.850830078125,3342.83056640625,0.23046875,0.9501909613609314,506,3,26.457217744798033,59.74816403960534,1274.9994033631565,26.354895737489688,35175.110164133366,1364.7289222952825,15471.378962439112,5658.820398124572
24.140384674072266,257.45611572265625,0.6928718686103821,257.45611572265625,0.0004767977516166866,525.8145141601562,3063.17578125,0.2421875,0.9468047618865967,507,3,26.457217744798033,59.74816403960534,1274.9994033631565,26.354895737489688,35175.110164133366,1364.7289222952825,15471.378962439112,5658.820398124572
27.634746551513672,283.9065246582031,0.8139514923095703,283.9065246582031,0.0003399238339625299,1366.85009765625,3272.257080078125,0.2265625,0.9486140608787537,508,3,26.457217744798033,59.74816403960534,1274.9994033631565,26.354895737489688,35175.110164133366,1364.7289222952825,15471.378962439112,5658.820398124572
23.05606460571289,250.05638122558594,0.5236192941665649,250.05636596679688,9.170055272988975e-05,715.5261840820312,3137.295166015625,0.23828125,0.9493551850318909,509,3,26.457217744798033,59.74816403960534,1274.9994033631565,26.354895737489688,35175.110164133366,1364.7289222952825,15471.378962439112,5658.820398124572
18.863759994506836,210.17822265625,0.5052340030670166,210.17822265625,0.0005379648646339774,102.95013427734375,3299.628662109375,0.203125,0.9473980069160461,510,3,26.457217744798033,59.74816403960534,1274.9994033631565,26.354895737489688,35175.110164133366,1364.7289222952825,15471.378962439112,5658.820398124572
23.455617904663086,241.09646606445312,0.5151895880699158,241.09646606445312,0.0010505809914320707,162.6024169921875,3461.445556640625,0.28125,0.9479615092277527,511,3,26.457217744798033,59.74816403960534,1274.9994033631565,26.354895737489688,35175.110164133366,1364.7289222952825,15471.378962439112,5658.820398124572
21.075706481933594,234.6935577392578,0.46960747241973877,234.69354248046875,6.345247675199062e-05,288.2372741699219,3328.86572265625,0.19140625,0.9492079615592957,512,3,26.457217744798033,59.74816403960534,1274.9994033631565,26.354895737489688,35175.110164133366,1364.7289222952825,15471.378962439112,5658.820398124572
22.10271644592285,257.5853576660156,0.4524945616722107,257.58538818359375,9.383562428411096e-05,368.05450439453125,3221.615966796875,0.2109375,0.9479179978370667,513,3,26.457217744798033,59.74816403960534,1274.9994033631565,26.354895737489688,35175.110164133366,1364.7289222952825,15471.378962439112,5658.820398124572
22.873390197753906,240.82073974609375,0.6143771409988403,240.82073974609375,7.966297562234104e-05,327.56182861328125,3462.1748046875,0.19921875,0.9502092599868774,514,3,26.457217744798033,59.74816403960534,1274.9994033631565,26.354895737489688,35175.110164133366,1364.7289222952825,15471.378962439112,5658.820398124572
23.175304412841797,247.73008728027344,0.4608282446861267,247.73008728027344,0.0001037639012793079,434.7236022949219,3357.92529296875,0.203125,0.9492042660713196,515,3,26.457217744798033,59.74816403960534,1274.9994033631565,26.354895737489688,35175.110164133366,1364.7289222952825,15471.378962439112,5658.820398124572
26.032886505126953,282.8260803222656,0.5413632392883301,282.8260803222656,0.0004361417086329311,674.1128540039062,3311.372314453125,0.203125,0.9470076560974121,516,3,26.457217744798033,59.74816403960534,1274.9994033631565,26.354895737489688,35175.110164133366,1364.7289222952825,15471.378962439112,5658.820398124572
28.676559448242188,290.7349853515625,0.7951819896697998,290.7349853515625,0.0012247877893969417,1055.986083984375,3160.646240234375,0.28125,0.9518192410469055,517,3,26.457217744798033,59.74816403960534,1274.9994033631565,26.354895737489688,35175.110164133366,1364.7289222952825,15471.378962439112,5658.820398124572
22.590927124023438,235.61549377441406,0.42176353931427,235.61549377441406,0.0019945940002799034,523.8731689453125,3251.82421875,0.265625,0.9492198824882507,518,3,26.457217744798033,59.74816403960534,1274.9994033631565,26.354895737489688,35175.110164133366,1364.7289222952825,15471.378962439112,5658.820398124572
23.143146514892578,236.4938507080078,0.46315985918045044,236.4938507080078,0.0007027232786640525,296.349609375,3353.704345703125,0.2265625,0.9502278566360474,519,3,26.457217744798033,59.74816403960534,1274.9994033631565,26.354895737489688,35175.110164133366,1364.7289222952825,15471.378962439112,5658.820398124572
24.257518768310547,278.8699035644531,0.6185795068740845,278.86993408203125,0.00012964330380782485,948.0054931640625,3197.77197265625,0.23828125,0.9494073987007141,520,3,26.457217744798033,59.74816403960534,1274.9994033631565,26.354895737489688,35175.110164133366,1364.7289222952825,15471.378962439112,5658.820398124572
23.028518676757812,236.762451171875,0.662926197052002,236.762451171875,0.00012339200475253165,190.95330810546875,3522.807861328125,0.19921875,0.9475453495979309,521,3,26.457217744798033,59.74816403960534,1274.9994033631565,26.354895737489688,35175.110164133366,1364.7289222952825,15471.378962439112,5658.820398124572
20.086227416992188,217.95318603515625,0.5610592365264893,217.95318603515625,0.00014062035188544542,105.88986206054688,3576.749267578125,0.19921875,0.9481425881385803,522,3,26.457217744798033,59.74816403960534,1274.9994033631565,26.354895737489688,35175.110164133366,1364.7289222952825,15471.378962439112,5658.820398124572
27.835031509399414,299.5428771972656,0.7363290786743164,299.5428771972656,0.00037881132448092103,957.9461059570312,3530.869873046875,0.23046875,0.9506758451461792,523,3,26.457217744798033,59.74816403960534,1274.9994033631565,26.354895737489688,35175.110164133366,1364.7289222952825,15471.378962439112,5658.820398124572
20.7066650390625,229.09359741210938,0.3859940469264984,229.09359741210938,0.00011413277388783172,296.0576171875,3657.934326171875,0.234375,0.948573112487793,524,3,26.457217744798033,59.74816403960534,1274.9994033631565,26.354895737489688,35175.110164133366,1364.7289222952825,15471.378962439112,5658.820398124572
19.534500122070312,211.22596740722656,0.5477089881896973,211.22596740722656,0.0001322386524407193,189.05294799804688,3702.60302734375,0.21484375,0.9478572010993958,525,3,26.457217744798033,59.74816403960534,1274.9994033631565,26.354895737489688,35175.110164133366,1364.7289222952825,15471.378962439112,5658.820398124572
20.178590774536133,219.5130157470703,0.4337591528892517,219.5130157470703,5.785990651929751e-05,53.64166259765625,3457.2744140625,0.1953125,0.9470639228820801,526,3,26.457217744798033,59.74816403960534,1274.9994033631565,26.354895737489688,35175.110164133366,1364.7289222952825,15471.378962439112,5658.820398124572
27.18907928466797,297.58245849609375,0.7976970672607422,297.58245849609375,0.00020411977311596274,856.359130859375,3549.696533203125,0.23046875,0.9505249857902527,527,3,26.457217744798033,59.74816403960534,1274.9994033631565,26.354895737489688,35175.110164133366,1364.7289222952825,15471.378962439112,5658.820398124572
23.83708953857422,251.1183319091797,0.5403670072555542,251.11831665039062,0.0001385602809023112,894.1033935546875,3172.66455078125,0.24609375,0.9496973156929016,528,3,26.457217744798033,59.74816403960534,1274.9994033631565,26.354895737489688,35175.110164133366,1364.7289222952825,15471.378962439112,5658.820398124572
33.88020706176758,337.20849609375,0.9064565896987915,337.20849609375,0.0007166204741224647,1648.23779296875,3570.32470703125,0.2890625,0.9514226317405701,529,3,26.457217744798033,59.74816403960534,1274.9994033631565,26.354895737489688,35175.110164133366,1364.7289222952825,15471.378962439112,5658.820398124572
27.954326629638672,323.86859130859375,0.5359079241752625,323.86859130859375,0.0003930099483113736,1613.765380859375,3427.248046875,0.25390625,0.9464511871337891,530,3,26.457217744798033,59.74816403960534,1274.9994033631565,26.354895737489688,35175.110164133366,1364.7289222952825,15471.378962439112,5658.820398124572
16.400577545166016,191.0928192138672,0.34341925382614136,191.0928192138672,0.00012492341920733452,76.59933471679688,3432.929443359375,0.171875,0.9491525292396545,531,3,26.457217744798033,59.74816403960534,1274.9994033631565,26.354895737489688,35175.110164133366,1364.7289222952825,15471.378962439112,5658.820398124572
25.07048988342285,281.2426452636719,0.6082504987716675,281.2426452636719,0.0003434040700085461,590.76953125,3716.214599609375,0.1875,0.9492201805114746,532,3,26.457217744798033,59.74816403960534,1274.9994033631565,26.354895737489688,35175.110164133366,1364.7289222952825,15471.378962439112,5658.820398124572
23.41714859008789,264.0115661621094,0.483681857585907,264.0115661621094,0.0008039654931053519,530.576171875,3368.1650390625,0.25,0.9488255977630615,533,3,26.457217744798033,59.74816403960534,1274.9994033631565,26.354895737489688,35175.110164133366,1364.7289222952825,15471.378962439112,5658.820398124572
24.99020767211914,282.0887451171875,0.5691907405853271,282.0887451171875,0.0006984802894294262,969.8292846679688,3721.02099609375,0.25,0.9491052031517029,534,3,26.457217744798033,59.74816403960534,1274.9994033631565,26.354895737489688,35175.110164133366,1364.7289222952825,15471.378962439112,5658.820398124572
24.087472915649414,267.61956787109375,0.6977954506874084,267.61956787109375,0.0001254873350262642,482.2984924316406,3608.178955078125,0.24609375,0.9506988525390625,535,3,26.457217744798033,59.74816403960534,1274.9994033631565,26.354895737489688,35175.110164133366,1364.7289222952825,15471.378962439112,5658.820398124572
27.586780548095703,286.1455993652344,0.42803049087524414,286.14556884765625,0.0001459690829506144,511.2081298828125,3708.822509765625,0.23828125,0.9510750770568848,536,3,26.457217744798033,59.74816403960534,1274.9994033631565,26.354895737489688,35175.110164133366,1364.7289222952825,15471.378962439112,5658.820398124572
29.760032653808594,305.90362548828125,0.8480606079101562,305.90362548828125,0.00031630275771021843,1033.502197265625,3721.41650390625,0.2109375,0.9509307146072388,537,3,26.457217744798033,59.74816403960534,1274.9994033631565,26.354895737489688,35175.110164133366,1364.7289222952825,15471.378962439112,5658.820398124572
23.16294288635254,258.0978698730469,0.4683804512023926,258.0978698730469,0.000499201356433332,301.6883544921875,3707.03515625,0.24609375,0.948275089263916,538,3,26.457217744798033,59.74816403960534,1274.9994033631565,26.354895737489688,35175.110164133366,1364.7289222952825,15471.378962439112,5658.820398124572
28.74945831298828,304.2713928222656,0.6473195552825928,304.2713928222656,0.0003482466854620725,629.5712890625,3824.552001953125,0.23828125,0.9502622485160828,539,3,26.457217744798033,59.74816403960534,1274.9994033631565,26.354895737489688,35175.110164133366,1364.7289222952825,15471.378962439112,5658.820398124572
25.290205001831055,284.6394958496094,0.5984247326850891,284.6395263671875,0.0023469175212085247,551.7757568359375,3714.818603515625,0.3203125,0.9501171708106995,540,3,26.457217744798033,59.74816403960534,1274.9994033631565,26.354895737489688,35175.110164133366,1364.7289222952825,15471.378962439112,5658.820398124572
19.325847625732422,233.98297119140625,0.44683730602264404,233.98297119140625,0.0010341377928853035,234.93914794921875,3683.226806640625,0.2578125,0.9464479088783264,541,3,26.457217744798033,59.74816403960534,1274.9994033631565,26.354895737489688,35175.110164133366,1364.7289222952825,15471.378962439112,5658.820398124572
19.19881820678711,219.93899536132812,0.39605575799942017,219.93899536132812,0.00032225289032794535,70.95591735839844,3387.279296875,0.21875,0.9513376951217651,542,3,26.457217744798033,59.74816403960534,1274.9994033631565,26.354895737489688,35175.110164133366,1364.7289222952825,15471.378962439112,5658.820398124572
21.643110275268555,254.3651885986328,0.5825084447860718,254.3651885986328,0.0003840995777864009,440.9420471191406,3441.35205078125,0.2265625,0.9478932619094849,543,3,26.457217744798033,59.74816403960534,1274.9994033631565,26.354895737489688,35175.110164133366,1364.7289222952825,15471.378962439112,5658.820398124572
15.02796745300293,177.41683959960938,0.35430917143821716,177.41683959960938,0.0004172631597612053,87.14929962158203,3327.4736328125,0.18359375,0.9508609175682068,544,3,26.457217744798033,59.74816403960534,1274.9994033631565,26.354895737489688,35175.110164133366,1364.7289222952825,15471.378962439112,5658.820398124572
26.479877471923828,303.78045654296875,0.5167136788368225,303.7804260253906,0.0006525586359202862,922.5029296875,3748.36474609375,0.265625,0.9517126083374023,545,3,26.457217744798033,59.74816403960534,1274.9994033631565,26.354895737489688,35175.110164133366,1364.7289222952825,15471.378962439112,5658.820398124572
33.872901916503906,388.26318359375,0.8280324935913086,388.26318359375,0.00013868750829715282,2279.7548828125,3850.41357421875,0.21875,0.9496350884437561,546,3,26.457217744798033,59.74816403960534,1274.9994033631565,26.354895737489688,35175.110164133366,1364.7289222952825,15471.378962439112,5658.820398124572
20.03839111328125,234.05996704101562,0.5273773074150085,234.05996704101562,0.000468880170956254,72.93649291992188,3394.168212890625,0.1796875,0.9500619173049927,547,3,26.457217744798033,59.74816403960534,1274.9994033631565,26.354895737489688,35175.110164133366,1364.7289222952825,15471.378962439112,5658.820398124572
26.55455780029297,306.79852294921875,0.6854866743087769,306.79852294921875,0.0003558594617061317,892.6807861328125,3698.820556640625,0.21484375,0.9504365921020508,548,3,26.457217744798033,59.74816403960534,1274.9994033631565,26.354895737489688,35175.110164133366,1364.7289222952825,15471.378962439112,5658.820398124572
20.802440643310547,237.97837829589844,0.3320820927619934,237.97837829589844,0.0005630903760902584,295.32879638671875,3738.6220703125,0.234375,0.9495202302932739,549,3,26.457217744798033,59.74816403960534,1274.9994033631565,26.354895737489688,35175.110164133366,1364.7289222952825,15471.378962439112,5658.820398124572
19.766544342041016,218.7992706298828,0.38687431812286377,218.7992706298828,0.0010001759510487318,142.414794921875,3833.33349609375,0.19140625,0.9507513642311096,550,3,26.457217744798033,59.74816403960534,1274.9994033631565,26.354895737489688,35175.110164133366,1364.7289222952825,15471.378962439112,5658.820398124572
38.41954803466797,442.2071228027344,1.0030028820037842,442.2071228027344,0.0020496873185038567,2883.189697265625,3921.046875,0.296875,0.9481246471405029,551,3,26.457217744798033,59.74816403960534,1274.9994033631565,26.354895737489688,35175.110164133366,1364.7289222952825,15471.378962439112,5658.820398124572
33.24116516113281,379.1663818359375,0.6775016784667969,379.1663818359375,0.0036653054412454367,1948.096435546875,4028.03466796875,0.26171875,0.9504000544548035,552,3,26.457217744798033,59.74816403960534,1274.9994033631565,26.354895737489688,35175.110164133366,1364.7289222952825,15471.378962439112,5658.820398124572
31.458648681640625,351.4296875,0.9269256591796875,351.4296875,0.0003310847096145153,1494.0762939453125,3851.744873046875,0.25,0.9490966200828552,553,3,26.457217744798033,59.74816403960534,1274.9994033631565,26.354895737489688,35175.110164133366,1364.7289222952825,15471.378962439112,5658.820398124572
23.817604064941406,264.77606201171875,0.6749346852302551,264.77606201171875,0.00041236181277781725,368.0050048828125,3690.638916015625,0.21875,0.9523569941520691,554,3,26.457217744798033,59.74816403960534,1274.9994033631565,26.354895737489688,35175.110164133366,1364.7289222952825,15471.378962439112,5658.820398124572
22.585643768310547,267.82122802734375,0.5893335342407227,267.82122802734375,9.765713184606284e-05,352.9448547363281,3957.27294921875,0.20703125,0.9500964879989624,555,3,26.457217744798033,59.74816403960534,1274.9994033631565,26.354895737489688,35175.110164133366,1364.7289222952825,15471.378962439112,5658.820398124572
17.72124481201172,225.05154418945312,0.3854881525039673,225.0515594482422,0.00026859951321966946,169.76425170898438,3996.117919921875,0.23046875,0.9475147724151611,556,3,26.457217744798033,59.74816403960534,1274.9994033631565,26.354895737489688,35175.110164133366,1364.7289222952825,15471.378962439112,5658.820398124572
33.04901885986328,376.3971862792969,0.6991204023361206,376.3971862792969,0.00048438142403028905,2078.32080078125,4172.1865234375,0.23828125,0.9489603042602539,557,3,26.457217744798033,59.74816403960534,1274.9994033631565,26.354895737489688,35175.110164133366,1364.7289222952825,15471.378962439112,5658.820398124572
22.667505264282227,266.7351989746094,0.5470126867294312,266.7351989746094,0.0006654007593169808,211.04039001464844,3803.020263671875,0.203125,0.9459784626960754,558,3,26.457217744798033,59.74816403960534,1274.9994033631565,26.354895737489688,35175.110164133366,1364.7289222952825,15471.378962439112,5658.820398124572
29.23129653930664,345.9248046875,0.7026658058166504,345.9248046875,0.00191873696167022,1057.221923828125,3939.010986328125,0.25,0.9488149881362915,559,3,26.457217744798033,59.74816403960534,1274.9994033631565,26.354895737489688,35175.110164133366,1364.7289222952825,15471.378962439112,5658.820398124572
23.799129486083984,276.9804382324219,0.6142842173576355,276.9804382324219,0.0005970615893602371,299.65155029296875,3908.500244140625,0.23046875,0.9504377841949463,560,3,26.457217744798033,59.74816403960534,1274.9994033631565,26.354895737489688,35175.110164133366,1364.7289222952825,15471.378962439112,5658.820398124572
24.110559463500977,288.3123779296875,0.45018520951271057,288.3123779296875,0.00040635105688124895,503.0836181640625,3895.327392578125,0.2109375,0.9492442607879639,561,3,26.457217744798033,59.74816403960534,1274.9994033631565,26.354895737489688,35175.110164133366,1364.7289222952825,15471.378962439112,5658.820398124572
23.388620376586914,264.6344299316406,0.5739040374755859,264.6344299316406,0.00014329145778901875,276.00189208984375,3696.87158203125,0.1953125,0.946911633014679,562,3,26.457217744798033,59.74816403960534,1274.9994033631565,26.354895737489688,35175.110164133366,1364.7289222952825,15471.378962439112,5658.820398124572
26.543224334716797,319.39349365234375,0.6602437496185303,319.39349365234375,0.0013828098308295012,1012.89404296875,4004.366943359375,0.25,0.9495632648468018,563,3,26.457217744798033,59.74816403960534,1274.9994033631565,26.354895737489688,35175.110164133366,1364.7289222952825,15471.378962439112,5658.820398124572
17.992511749267578,211.08370971679688,0.3077920079231262,211.08370971679688,0.00042690918780863285,81.94918060302734,3924.048095703125,0.22265625,0.9519526958465576,564,3,26.457217744798033,59.74816403960534,1274.9994033631565,26.354895737489688,35175.110164133366,1364.7289222952825,15471.378962439112,5658.820398124572
18.29345703125,224.32855224609375,0.2695317268371582,224.32855224609375,0.0004199655377306044,120.6278076171875,4013.1708984375,0.21484375,0.9485641121864319,565,3,26.457217744798033,59.74816403960534,1274.9994033631565,26.354895737489688,35175.110164133366,1364.7289222952825,15471.378962439112,5658.820398124572
23.07916831970215,259.02435302734375,0.5851777791976929,259.02435302734375,8.485460421070457e-05,313.69854736328125,3990.566162109375,0.23828125,0.949216365814209,566,3,26.457217744798033,59.74816403960534,1274.9994033631565,26.354895737489688,35175.110164133366,1364.7289222952825,15471.378962439112,5658.820398124572
25.315948486328125,313.6617431640625,0.45975327491760254,313.6617431640625,0.0005459662061184645,982.75927734375,3847.021240234375,0.21484375,0.9504878520965576,567,3,26.457217744798033,59.74816403960534,1274.9994033631565,26.354895737489688,35175.110164133366,1364.7289222952825,15471.378962439112,5658.820398124572
19.991302490234375,236.2107696533203,0.29771697521209717,236.2107696533203,0.00047095215995796025,327.37408447265625,3595.323974609375,0.19140625,0.9498664140701294,568,3,26.457217744798033,59.74816403960534,1274.9994033631565,26.354895737489688,35175.110164133366,1364.7289222952825,15471.378962439112,5658.820398124572
23.942672729492188,306.7442626953125,0.4286951422691345,306.7442626953125,0.0004571114550344646,683.4673461914062,3976.147216796875,0.25,0.9510310888290405,569,3,26.457217744798033,59.74816403960534,1274.9994033631565,26.354895737489688,35175.110164133366,1364.7289222952825,15471.378962439112,5658.820398124572
24.409320831298828,283.4712219238281,0.5158634185791016,283.4712219238281,0.00015789571625646204,216.5880126953125,4041.828125,0.25390625,0.9485374689102173,570,3,26.457217744798033,59.74816403960534,1274.9994033631565,26.354895737489688,35175.110164133366,1364.7289222952825,15471.378962439112,5658.820398124572
34.76619338989258,417.40423583984375,0.8345461487770081,417.40423583984375,0.0008326147217303514,2313.209228515625,4262.3330078125,0.25,0.9499615430831909,571,3,26.457217744798033,59.74816403960534,1274.9994033631565,26.354895737489688,35175.110164133366,1364.7289222952825,15471.378962439112,5658.820398124572
15.052340507507324,197.7576446533203,0.2570340633392334,197.7576446533203,0.00011944386642426252,35.73289108276367,3805.8232421875,0.21484375,0.9453796744346619,572,3,26.457217744798033,59.74816403960534,1274.9994033631565,26.354895737489688,35175.110164133366,1364.7289222952825,15471.378962439112,5658.820398124572
19.58676528930664,240.74978637695312,0.37082523107528687,240.74978637695312,0.0003844408201985061,195.2022705078125,3647.327392578125,0.24609375,0.9512600898742676,573,3,26.457217744798033,59.74816403960534,1274.9994033631565,26.354895737489688,35175.110164133366,1364.7289222952825,15471.378962439112,5658.820398124572
33.072994232177734,393.9321594238281,0.7522793412208557,393.93218994140625,0.00043635041220113635,2214.60986328125,4068.95849609375,0.24609375,0.9494826197624207,574,3,26.457217744798033,59.74816403960534,1274.9994033631565,26.354895737489688,35175.110164133366,1364.7289222952825,15471.378962439112,5658.820398124572
24.93683433532715,312.5679626464844,0.5869332551956177,312.5679626464844,0.000652046175673604,801.3493041992188,3913.185546875,0.203125,0.9498670101165771,575,3,26.457217744798033,59.74816403960534,1274.9994033631565,26.354895737489688,35175.110164133366,1364.7289222952825,15471.378962439112,5658.820398124572
23.870441436767578,272.4366455078125,0.5286781191825867,272.4366149902344,0.0011046932777389884,502.535888671875,4158.1640625,0.24609375,0.9488625526428223,576,3,26.457217744798033,59.74816403960534,1274.9994033631565,26.354895737489688,35175.110164133366,1364.7289222952825,15471.378962439112,5658.820398124572
20.786212921142578,254.0019073486328,0.36965447664260864,254.0019073486328,0.0005158248823136091,286.086669921875,3788.7861328125,0.2265625,0.9488665461540222,577,3,26.457217744798033,59.74816403960534,1274.9994033631565,26.354895737489688,35175.110164133366,1364.7289222952825,15471.378962439112,5658.820398124572
27.643753051757812,347.52520751953125,0.6001027822494507,347.52520751953125,0.0004913267912343144,1267.19287109375,4194.05419921875,0.24609375,0.9536105990409851,578,3,26.457217744798033,59.74816403960534,1274.9994033631565,26.354895737489688,35175.110164133366,1364.7289222952825,15471.378962439112,5658.820398124572
22.358606338500977,268.470947265625,0.6237025260925293,268.470947265625,0.0002650416863616556,382.3712158203125,4199.3828125,0.2109375,0.950501024723053,579,3,26.457217744798033,59.74816403960534,1274.9994033631565,26.354895737489688,35175.110164133366,1364.7289222952825,15471.378962439112,5658.820398124572
21.532344818115234,271.325439453125,0.5142810940742493,271.325439453125,0.00013228296302258968,147.2229461669922,4174.119140625,0.2109375,0.9488757848739624,580,3,26.457217744798033,59.74816403960534,1274.9994033631565,26.354895737489688,35175.110164133366,1364.7289222952825,15471.378962439112,5658.820398124572
25.959428787231445,328.7608947753906,0.5242563486099243,328.7608642578125,0.0010675619123503566,525.6314697265625,4456.3232421875,0.22265625,0.9492424726486206,581,3,26.457217744798033,59.74816403960534,1274.9994033631565,26.354895737489688,35175.110164133366,1364.7289222952825,15471.378962439112,5658.820398124572
29.522747039794922,388.16162109375,0.8042005896568298,388.16162109375,0.0007296224357560277,1919.2266845703125,4373.67041015625,0.26171875,0.9514194130897522,582,3,26.457217744798033,59.74816403960534,1274.9994033631565,26.354895737489688,35175.110164133366,1364.7289222952825,15471.378962439112,5658.820398124572
29.033031463623047,370.7616271972656,0.8336453437805176,370.7616271972656,0.0004682179423980415,1234.187255859375,4244.0556640625,0.23046875,0.9505353569984436,583,3,26.457217744798033,59.74816403960534,1274.9994033631565,26.354895737489688,35175.110164133366,1364.7289222952825,15471.378962439112,5658.820398124572
24.558895111083984,300.27825927734375,0.5620304346084595,300.27825927734375,0.0008826559642329812,229.84902954101562,4280.08251953125,0.25390625,0.951110303401947,584,3,26.457217744798033,59.74816403960534,1274.9994033631565,26.354895737489688,35175.110164133366,1364.7289222952825,15471.378962439112,5658.820398124572
25.608179092407227,319.8917236328125,0.6348140835762024,319.8917236328125,0.000816538289655,862.9642333984375,4119.91650390625,0.234375,0.9477806091308594,585,3,26.457217744798033,59.74816403960534,1274.9994033631565,26.354895737489688,35175.110164133366,1364.7289222952825,15471.378962439112,5658.820398124572
27.347000122070312,350.1669921875,0.7460030913352966,350.1669921875,0.00042250659316778183,763.8021850585938,4380.81298828125,0.2265625,0.9487186074256897,586,3,26.457217744798033,59.74816403960534,1274.9994033631565,26.354895737489688,35175.110164133366,1364.7289222952825,15471.378962439112,5658.820398124572
16.332544326782227,220.4610595703125,0.4078616499900818,220.4610595703125,0.0005930674960836768,71.52264404296875,4230.02734375,0.19140625,0.9500353336334229,587,3,26.457217744798033,59.74816403960534,1274.9994033631565,26.354895737489688,35175.110164133366,1364.7289222952825,15471.378962439112,5658.820398124572
32.52930450439453,410.57086181640625,0.5865961909294128,410.57086181640625,0.0016414860729128122,2127.985107421875,4470.81396484375,0.2734375,0.9507819414138794,588,3,26.457217744798033,59.74816403960534,1274.9994033631565,26.354895737489688,35175.110164133366,1364.7289222952825,15471.378962439112,5658.820398124572
15.791513442993164,211.0924072265625,0.3039630949497223,211.0924072265625,0.0010178794618695974,102.1622314453125,3864.51220703125,0.21875,0.9472767114639282,589,3,26.457217744798033,59.74816403960534,1274.9994033631565,26.354895737489688,35175.110164133366,1364.7289222952825,15471.378962439112,5658.820398124572
25.978443145751953,341.2032470703125,0.48843199014663696,341.2032470703125,0.0010986017296090722,934.7025146484375,4411.14306640625,0.2265625,0.9485782980918884,590,3,26.457217744798033,59.74816403960534,1274.9994033631565,26.354895737489688,35175.110164133366,1364.7289222952825,15471.378962439112,5658.820398124572
20.118179321289062,257.3353576660156,0.4418180286884308,257.3353271484375,0.0004468482220545411,577.21728515625,4130.97900390625,0.23046875,0.9481889605522156,591,3,26.457217744798033,59.74816403960534,1274.9994033631565,26.354895737489688,35175.110164133366,1364.7289222952825,15471.378962439112,5658.820398124572
29.334278106689453,389.04095458984375,0.6401066780090332,389.04095458984375,0.001072059152647853,1629.4716796875,4547.16015625,0.234375,0.9486967325210571,592,3,26.457217744798033,59.74816403960534,1274.9994033631565,26.354895737489688,35175.110164133366,1364.7289222952825,15471.378962439112,5658.820398124572
26.21915054321289,349.663330078125,0.5303241014480591,349.663330078125,0.0001706798793748021,812.3785400390625,4444.1826171875,0.21875,0.9483270645141602,593,3,26.457217744798033,59.74816403960534,1274.9994033631565,26.354895737489688,35175.110164133366,1364.7289222952825,15471.378962439112,5658.820398124572
22.486648559570312,302.32781982421875,0.4160767197608948,302.32781982421875,0.0009175586747005582,418.95196533203125,4441.6748046875,0.234375,0.951883852481842,594,3,26.457217744798033,59.74816403960534,1274.9994033631565,26.354895737489688,35175.110164133366,1364.7289222952825,15471.378962439112,5658.820398124572
21.880708694458008,275.981201171875,0.3905041813850403,275.981201171875,0.0005378396017476916,298.14093017578125,4603.599609375,0.23828125,0.9476603865623474,595,3,26.457217744798033,59.74816403960534,1274.9994033631565,26.354895737489688,35175.110164133366,1364.7289222952825,15471.378962439112,5658.820398124572
30.692699432373047,384.4149169921875,0.5080621242523193,384.4148864746094,0.005869761109352112,980.10205078125,4601.93603515625,0.265625,0.9476936459541321,596,3,26.457217744798033,59.74816403960534,1274.9994033631565,26.354895737489688,35175.110164133366,1364.7289222952825,15471.378962439112,5658.820398124572
21.70901107788086,281.42559814453125,0.5074496269226074,281.42559814453125,0.0005433284677565098,92.0324935913086,4597.47802734375,0.19921875,0.9489210247993469,597,3,26.457217744798033,59.74816403960534,1274.9994033631565,26.354895737489688,35175.110164133366,1364.7289222952825,15471.378962439112,5658.820398124572
21.261669158935547,279.43896484375,0.5278134346008301,279.4389953613281,0.00048673670971766114,108.91988372802734,4452.73291015625,0.24609375,0.949533224105835,598,3,26.457217744798033,59.74816403960534,1274.9994033631565,26.354895737489688,35175.110164133366,1364.7289222952825,15471.378962439112,5658.820398124572
32.10271072387695,429.79302978515625,0.831282913684845,429.79302978515625,0.0010391664691269398,1663.23974609375,4644.455078125,0.234375,0.949576199054718,599,3,26.457217744798033,59.74816403960534,1274.9994033631565,26.354895737489688,35175.110164133366,1364.7289222952825,15471.378962439112,5658.820398124572
25.378860473632812,359.093017578125,0.3914574384689331,359.093017578125,0.00284397741779685,802.02392578125,4765.78759765625,0.24609375,0.9469018578529358,600,3,26.457217744798033,59.74816403960534,1274.9994033631565,26.354895737489688,35175.110164133366,1364.7289222952825,15471.378962439112,5658.820398124572
18.959508895874023,277.244384765625,0.38884907960891724,277.244384765625,0.0018073143437504768,430.3271179199219,4317.25,0.2734375,0.9497476816177368,601,3,26.457217744798033,59.74816403960534,1274.9994033631565,26.354895737489688,35175.110164133366,1364.7289222952825,15471.378962439112,5658.820398124572
30.59595489501953,404.6871337890625,0.9038554430007935,404.6871032714844,0.0010153225157409906,717.6488647460938,4914.89794921875,0.26171875,0.9498097896575928,602,3,26.457217744798033,59.74816403960534,1274.9994033631565,26.354895737489688,35175.110164133366,1364.7289222952825,15471.378962439112,5658.820398124572
30.16922378540039,416.9347839355469,0.5536538362503052,416.934814453125,0.003354160115122795,2408.619384765625,4574.80322265625,0.26171875,0.9493243098258972,603,3,26.457217744798033,59.74816403960534,1274.9994033631565,26.354895737489688,35175.110164133366,1364.7289222952825,15471.378962439112,5658.820398124572
44.389244079589844,560.7152709960938,0.7481009364128113,560.7152709960938,0.0022007205989211798,3614.31396484375,4668.048828125,0.28515625,0.94786536693573,604,3,26.457217744798033,59.74816403960534,1274.9994033631565,26.354895737489688,35175.110164133366,1364.7289222952825,15471.378962439112,5658.820398124572
33.14869689941406,451.3934020996094,0.683911919593811,451.3934020996094,0.00047307880595326424,2449.3623046875,4709.74169921875,0.23046875,0.9471907615661621,605,3,26.457217744798033,59.74816403960534,1274.9994033631565,26.354895737489688,35175.110164133366,1364.7289222952825,15471.378962439112,5658.820398124572
24.871387481689453,308.8490295410156,0.819581151008606,308.8489990234375,0.001019039424136281,165.28030395507812,4873.7060546875,0.24609375,0.9483782649040222,606,3,26.457217744798033,59.74816403960534,1274.9994033631565,26.354895737489688,35175.110164133366,1364.7289222952825,15471.378962439112,5658.820398124572
24.409767150878906,319.0943298339844,0.4101773202419281,319.0943298339844,0.001149755553342402,461.0951843261719,4583.412109375,0.24609375,0.9466285705566406,607,3,26.457217744798033,59.74816403960534,1274.9994033631565,26.354895737489688,35175.110164133366,1364.7289222952825,15471.378962439112,5658.820398124572
23.58269500732422,322.6425476074219,0.45602497458457947,322.6425476074219,0.00011052927584387362,482.2361755371094,4304.58203125,0.21484375,0.9482818245887756,608,3,26.457217744798033,59.74816403960534,1274.9994033631565,26.354895737489688,35175.110164133366,1364.7289222952825,15471.378962439112,5658.820398124572
34.78308868408203,470.628662109375,0.7762949466705322,470.628662109375,0.0031783683225512505,2267.189697265625,4838.02099609375,0.28515625,0.952147901058197,609,3,26.457217744798033,59.74816403960534,1274.9994033631565,26.354895737489688,35175.110164133366,1364.7289222952825,15471.378962439112,5658.820398124572
27.107318878173828,350.44219970703125,0.6315513849258423,350.44219970703125,0.0014493961352854967,785.5341186523438,4720.94091796875,0.26953125,0.9499120712280273,610,3,26.457217744798033,59.74816403960534,1274.9994033631565,26.354895737489688,35175.110164133366,1364.7289222952825,15471.378962439112,5658.820398124572
30.811695098876953,403.6989440917969,0.49071162939071655,403.6989440917969,0.0040886360220611095,1255.0233154296875,4291.33642578125,0.30078125,0.9460318088531494,611,3,26.457217744798033,59.74816403960534,1274.9994033631565,26.354895737489688,35175.110164133366,1364.7289222952825,15471.378962439112,5658.820398124572
28.0152587890625,361.8559265136719,0.7303247451782227,361.8559265136719,0.003096387255936861,646.269287109375,4809.9404296875,0.25,0.9463332295417786,612,3,26.457217744798033,59.74816403960534,1274.9994033631565,26.354895737489688,35175.110164133366,1364.7289222952825,15471.378962439112,5658.820398124572
25.9018611907959,326.1246643066406,0.6623164415359497,326.1246643066406,0.0010411718394607306,196.38014221191406,5077.2021484375,0.203125,0.9507850408554077,613,3,26.457217744798033,59.74816403960534,1274.9994033631565,26.354895737489688,35175.110164133366,1364.7289222952825,15471.378962439112,5658.820398124572
24.782512664794922,356.1277160644531,0.6183532476425171,356.1277160644531,0.0003105343203060329,331.2073974609375,4797.4462890625,0.2265625,0.9489685297012329,614,3,26.457217744798033,59.74816403960534,1274.9994033631565,26.354895737489688,35175.110164133366,1364.7289222952825,15471.378962439112,5658.820398124572
24.038503646850586,337.7351989746094,0.5824877023696899,337.7351989746094,0.0006747662555426359,308.591796875,4722.46728515625,0.2109375,0.9520572423934937,615,3,26.457217744798033,59.74816403960534,1274.9994033631565,26.354895737489688,35175.110164133366,1364.7289222952825,15471.378962439112,5658.820398124572
23.860572814941406,361.53326416015625,0.4156859219074249,361.5332336425781,0.0004039787163492292,755.6331787109375,4961.375,0.1953125,0.9466179609298706,616,3,26.457217744798033,59.74816403960534,1274.9994033631565,26.354895737489688,35175.110164133366,1364.7289222952825,15471.378962439112,5658.820398124572
26.084386825561523,325.891845703125,0.6491106748580933,325.891845703125,0.002905904548242688,563.523681640625,4826.97412109375,0.2421875,0.9500337243080139,617,3,26.457217744798033,59.74816403960534,1274.9994033631565,26.354895737489688,35175.110164133366,1364.7289222952825,15471.378962439112,5658.820398124572
37.62852096557617,490.19598388671875,0.9575867652893066,490.19598388671875,0.001846015453338623,2558.17236328125,4997.056640625,0.2734375,0.9481169581413269,618,3,26.457217744798033,59.74816403960534,1274.9994033631565,26.354895737489688,35175.110164133366,1364.7289222952825,15471.378962439112,5658.820398124572
27.848033905029297,404.1329345703125,0.6578561067581177,404.1329345703125,0.0011157761327922344,196.5742645263672,5058.0146484375,0.25390625,0.9508616328239441,619,3,26.457217744798033,59.74816403960534,1274.9994033631565,26.354895737489688,35175.110164133366,1364.7289222952825,15471.378962439112,5658.820398124572
30.91942024230957,422.15008544921875,0.5711551904678345,422.15008544921875,0.0007707336917519569,1183.18798828125,4896.42431640625,0.24609375,0.9462605714797974,620,3,26.457217744798033,59.74816403960534,1274.9994033631565,26.354895737489688,35175.110164133366,1364.7289222952825,15471.378962439112,5658.820398124572
29.77869415283203,405.9931335449219,0.5573062896728516,405.99310302734375,0.0023800963535904884,992.876953125,4825.259765625,0.24609375,0.9492893218994141,621,3,26.457217744798033,59.74816403960534,1274.9994033631565,26.354895737489688,35175.110164133366,1364.7289222952825,15471.378962439112,5658.820398124572
26.648662567138672,363.77392578125,0.48636218905448914,363.77392578125,0.0016749831847846508,489.40679931640625,4865.072265625,0.21875,0.9496380090713501,622,3,26.457217744798033,59.74816403960534,1274.9994033631565,26.354895737489688,35175.110164133366,1364.7289222952825,15471.378962439112,5658.820398124572
26.208641052246094,376.617919921875,0.5918156504631042,376.617919921875,0.0008615207625553012,662.2769775390625,4875.83642578125,0.2265625,0.948047935962677,623,3,26.457217744798033,59.74816403960534,1274.9994033631565,26.354895737489688,35175.110164133366,1364.7289222952825,15471.378962439112,5658.820398124572
32.658756256103516,431.00079345703125,0.8473341464996338,431.00079345703125,0.0006771786138415337,1468.133056640625,5138.2294921875,0.21875,0.9494256973266602,624,3,26.457217744798033,59.74816403960534,1274.9994033631565,26.354895737489688,35175.110164133366,1364.7289222952825,15471.378962439112,5658.820398124572
32.21067428588867,469.52886962890625,0.7509425282478333,469.52880859375,0.001245330087840557,1936.4046630859375,5089.75,0.2421875,0.9477568864822388,625,3,26.457217744798033,59.74816403960534,1274.9994033631565,26.354895737489688,35175.110164133366,1364.7289222952825,15471.378962439112,5658.820398124572
30.144668579101562,422.6365051269531,0.5717363953590393,422.6365051269531,0.0011245792265981436,1471.737060546875,4634.2333984375,0.2578125,0.9508346319198608,626,3,26.457217744798033,59.74816403960534,1274.9994033631565,26.354895737489688,35175.110164133366,1364.7289222952825,15471.378962439112,5658.820398124572
32.024444580078125,423.3426513671875,0.6605151295661926,423.3426513671875,0.0019214360509067774,1605.22265625,4986.0078125,0.234375,0.9489371180534363,627,3,26.457217744798033,59.74816403960534,1274.9994033631565,26.354895737489688,35175.110164133366,1364.7289222952825,15471.378962439112,5658.820398124572
31.59743309020996,443.5636291503906,0.5055991411209106,443.5636291503906,0.0020470120944082737,1758.326171875,5058.63818359375,0.2421875,0.9464008808135986,628,3,26.457217744798033,59.74816403960534,1274.9994033631565,26.354895737489688,35175.110164133366,1364.7289222952825,15471.378962439112,5658.820398124572
18.354982376098633,249.51695251464844,0.43294671177864075,249.5169677734375,0.0013659949181601405,25.782732009887695,4580.79443359375,0.20703125,0.9508384466171265,629,3,26.457217744798033,59.74816403960534,1274.9994033631565,26.354895737489688,35175.110164133366,1364.7289222952825,15471.378962439112,5658.820398124572
20.454723358154297,300.415283203125,0.35216307640075684,300.415283203125,0.0009026277111843228,195.99668884277344,5048.88037109375,0.2265625,0.9479830265045166,630,3,26.457217744798033,59.74816403960534,1274.9994033631565,26.354895737489688,35175.110164133366,1364.7289222952825,15471.378962439112,5658.820398124572
30.538562774658203,412.9228515625,0.8583664894104004,412.9228515625,0.0011080694384872913,944.4552001953125,5125.5693359375,0.24609375,0.9475509524345398,631,3,26.457217744798033,59.74816403960534,1274.9994033631565,26.354895737489688,35175.110164133366,1364.7289222952825,15471.378962439112,5658.820398124572
25.37680435180664,351.5965881347656,0.6044034957885742,351.5965881347656,0.0010236126836389303,280.9801330566406,5145.724609375,0.2421875,0.9492298364639282,632,3,26.457217744798033,59.74816403960534,1274.9994033631565,26.354895737489688,35175.110164133366,1364.7289222952825,15471.378962439112,5658.820398124572
27.785297393798828,366.55108642578125,0.566490888595581,366.55108642578125,0.0007936835754662752,486.8525085449219,5411.33837890625,0.24609375,0.9522296190261841,633,3,26.457217744798033,59.74816403960534,1274.9994033631565,26.354895737489688,35175.110164133366,1364.7289222952825,15471.378962439112,5658.820398124572
30.379241943359375,397.7220458984375,0.7127847671508789,397.7220458984375,0.0016947983531281352,718.8966064453125,5021.41064453125,0.20703125,0.9508768916130066,634,3,26.457217744798033,59.74816403960534,1274.9994033631565,26.354895737489688,35175.110164133366,1364.7289222952825,15471.378962439112,5658.820398124572
29.459014892578125,418.653076171875,0.5227111577987671,418.6531066894531,0.0038760248571634293,1090.2080078125,5420.98291015625,0.265625,0.9499463438987732,635,3,26.457217744798033,59.74816403960534,1274.9994033631565,26.354895737489688,35175.110164133366,1364.7289222952825,15471.378962439112,5658.820398124572
26.189529418945312,354.6891174316406,0.6641198396682739,354.6891174316406,0.0007884810329414904,73.77803802490234,5249.89013671875,0.20703125,0.9491574168205261,636,3,26.457217744798033,59.74816403960534,1274.9994033631565,26.354895737489688,35175.110164133366,1364.7289222952825,15471.378962439112,5658.820398124572
29.18891716003418,426.55816650390625,0.5880120992660522,426.55816650390625,0.0018349059391766787,935.2745971679688,5205.14892578125,0.21484375,0.9481692910194397,637,3,26.457217744798033,59.74816403960534,1274.9994033631565,26.354895737489688,35175.110164133366,1364.7289222952825,15471.378962439112,5658.820398124572
36.19551086425781,496.7266845703125,0.9449754953384399,496.7266845703125,0.0011972433421760798,2885.652099609375,5124.87548828125,0.24609375,0.9475477933883667,638,3,26.457217744798033,59.74816403960534,1274.9994033631565,26.354895737489688,35175.110164133366,1364.7289222952825,15471.378962439112,5658.820398124572
23.975421905517578,349.3786315917969,0.5379469394683838,349.3786315917969,0.0005837450153194368,312.3887939453125,5154.86767578125,0.25,0.9516786932945251,639,3,26.457217744798033,59.74816403960534,1274.9994033631565,26.354895737489688,35175.110164133366,1364.7289222952825,15471.378962439112,5658.820398124572
30.176559448242188,417.99615478515625,0.5785655975341797,417.99615478515625,0.0009620159398764372,1097.75244140625,5123.5078125,0.234375,0.9520292282104492,640,3,26.457217744798033,59.74816403960534,1274.9994033631565,26.354895737489688,35175.110164133366,1364.7289222952825,15471.378962439112,5658.820398124572
17.98517417907715,252.9610595703125,0.31328094005584717,252.9610595703125,0.0006271223537623882,140.3553466796875,4763.20556640625,0.2109375,0.9461827874183655,641,3,26.457217744798033,59.74816403960534,1274.9994033631565,26.354895737489688,35175.110164133366,1364.7289222952825,15471.378962439112,5658.820398124572
19.904827117919922,269.88800048828125,0.2986098825931549,269.88800048828125,0.0005553464870899916,283.9927978515625,4653.14697265625,0.21484375,0.9493095874786377,642,3,26.457217744798033,59.74816403960534,1274.9994033631565,26.354895737489688,35175.110164133366,1364.7289222952825,15471.378962439112,5658.820398124572
24.491622924804688,366.13336181640625,0.44459593296051025,366.13336181640625,0.0028139776550233364,587.22998046875,5151.46240234375,0.20703125,0.9491379857063293,643,3,26.457217744798033,59.74816403960534,1274.9994033631565,26.354895737489688,35175.110164133366,1364.7289222952825,15471.378962439112,5658.820398124572
22.828590393066406,357.29620361328125,0.5351700782775879,357.29620361328125,0.002120264805853367,252.1429901123047,4818.85693359375,0.28125,0.948546826839447,644,3,26.457217744798033,59.74816403960534,1274.9994033631565,26.354895737489688,35175.110164133366,1364.7289222952825,15471.378962439112,5658.820398124572
39.83567428588867,600.6339111328125,0.9139330983161926,600.6339111328125,0.0005940132541581988,3998.55419921875,5612.2470703125,0.26953125,0.9498003125190735,645,3,26.457217744798033,59.74816403960534,1274.9994033631565,26.354895737489688,35175.110164133366,1364.7289222952825,15471.378962439112,5658.820398124572
21.289947509765625,310.43194580078125,0.45299577713012695,310.43194580078125,0.0010358113795518875,268.8466796875,5161.095703125,0.203125,0.9518133997917175,646,3,26.457217744798033,59.74816403960534,1274.9994033631565,26.354895737489688,35175.110164133366,1364.7289222952825,15471.378962439112,5658.820398124572
30.608949661254883,435.65264892578125,0.6072614192962646,435.65264892578125,0.0005455771461129189,835.395263671875,5639.49853515625,0.23828125,0.9483069181442261,647,3,26.457217744798033,59.74816403960534,1274.9994033631565,26.354895737489688,35175.110164133366,1364.7289222952825,15471.378962439112,5658.820398124572
27.021543502807617,380.916259765625,0.4908004105091095,380.916259765625,0.0005507670575752854,931.6427612304688,5262.00244140625,0.1953125,0.9540789723396301,648,3,26.457217744798033,59.74816403960534,1274.9994033631565,26.354895737489688,35175.110164133366,1364.7289222952825,15471.378962439112,5658.820398124572
26.41577911376953,399.0019226074219,0.7419913411140442,399.0019226074219,0.0005251722177490592,279.3009948730469,5367.78564453125,0.20703125,0.949164092540741,649,3,26.457217744798033,59.74816403960534,1274.9994033631565,26.354895737489688,35175.110164133366,1364.7289222952825,15471.378962439112,5658.820398124572
33.252681732177734,477.40911865234375,0.6805511116981506,477.40911865234375,0.001400770852342248,2654.92138671875,5300.3701171875,0.2578125,0.9492802023887634,650,3,26.457217744798033,59.74816403960534,1274.9994033631565,26.354895737489688,35175.110164133366,1364.7289222952825,15471.378962439112,5658.820398124572
34.32137680053711,505.1661376953125,0.6948719024658203,505.1661376953125,0.0005754801677539945,2362.2490234375,5198.81884765625,0.24609375,0.950376570224762,651,3,26.457217744798033,59.74816403960534,1274.9994033631565,26.354895737489688,35175.110164133366,1364.7289222952825,15471.378962439112,5658.820398124572
25.545024871826172,369.0562744140625,0.5067830681800842,369.0562744140625,0.0012625898234546185,689.65869140625,5412.54541015625,0.25,0.9486203193664551,652,3,26.457217744798033,59.74816403960534,1274.9994033631565,26.354895737489688,35175.110164133366,1364.7289222952825,15471.378962439112,5658.820398124572
27.24124526977539,379.8528137207031,0.6184478998184204,379.8528137207031,0.00048172567039728165,441.446044921875,5216.35107421875,0.2421875,0.9490817785263062,653,3,26.457217744798033,59.74816403960534,1274.9994033631565,26.354895737489688,35175.110164133366,1364.7289222952825,15471.378962439112,5658.820398124572
16.42479705810547,257.2548828125,0.38521653413772583,257.2548828125,0.0007853875285945833,74.51859283447266,4833.12841796875,0.203125,0.9502989053726196,654,3,26.457217744798033,59.74816403960534,1274.9994033631565,26.354895737489688,35175.110164133366,1364.7289222952825,15471.378962439112,5658.820398124572
28.891231536865234,429.28277587890625,0.674823522567749,429.28277587890625,0.001181126106530428,1418.12158203125,5361.51513671875,0.26953125,0.9476166367530823,655,3,26.457217744798033,59.74816403960534,1274.9994033631565,26.354895737489688,35175.110164133366,1364.7289222952825,15471.378962439112,5658.820398124572
27.30780792236328,419.4967956542969,0.6637934446334839,419.4967956542969,0.0009885714389383793,831.028076171875,5504.02001953125,0.234375,0.9481763243675232,656,3,26.457217744798033,59.74816403960534,1274.9994033631565,26.354895737489688,35175.110164133366,1364.7289222952825,15471.378962439112,5658.820398124572
32.021026611328125,462.65704345703125,0.6898822784423828,462.65704345703125,0.001029395847581327,1126.6376953125,5458.25341796875,0.265625,0.949791431427002,657,3,26.457217744798033,59.74816403960534,1274.9994033631565,26.354895737489688,35175.110164133366,1364.7289222952825,15471.378962439112,5658.820398124572
32.55989074707031,465.9102783203125,0.8213680982589722,465.9102783203125,0.001443758956156671,1535.0859375,5795.38671875,0.25,0.9499521851539612,658,3,26.457217744798033,59.74816403960534,1274.9994033631565,26.354895737489688,35175.110164133366,1364.7289222952825,15471.378962439112,5658.820398124572
31.052663803100586,459.14227294921875,0.7017690539360046,459.14227294921875,0.0004572021425701678,500.0943603515625,6353.3046875,0.19140625,0.9478482007980347,659,3,26.457217744798033,59.74816403960534,1274.9994033631565,26.354895737489688,35175.110164133366,1364.7289222952825,15471.378962439112,5658.820398124572
20.074207305908203,300.705078125,0.4882296323776245,300.705078125,0.0005429918528534472,143.82034301757812,5206.32861328125,0.19921875,0.9520763754844666,660,3,26.457217744798033,59.74816403960534,1274.9994033631565,26.354895737489688,35175.110164133366,1364.7289222952825,15471.378962439112,5658.820398124572
25.42983627319336,396.4791259765625,0.33848339319229126,396.4791259765625,0.0012971353717148304,730.6349487304688,5277.4462890625,0.26953125,0.947365403175354,661,3,26.457217744798033,59.74816403960534,1274.9994033631565,26.354895737489688,35175.110164133366,1364.7289222952825,15471.378962439112,5658.820398124572
27.038284301757812,389.35345458984375,0.6559610366821289,389.35345458984375,0.0003735054633580148,386.4866027832031,5840.9248046875,0.20703125,0.9488664269447327,662,3,26.457217744798033,59.74816403960534,1274.9994033631565,26.354895737489688,35175.110164133366,1364.7289222952825,15471.378962439112,5658.820398124572
31.34823989868164,468.2290344238281,0.5529482364654541,468.2290344238281,0.0006306610302999616,1308.4404296875,5235.26220703125,0.22265625,0.9485132694244385,663,3,26.457217744798033,59.74816403960534,1274.9994033631565,26.354895737489688,35175.110164133366,1364.7289222952825,15471.378962439112,5658.820398124572
12.757511138916016,198.50184631347656,0.28842267394065857,198.50184631347656,0.00018629126134328544,16.490097045898438,5170.1953125,0.20703125,0.9473645687103271,664,3,26.457217744798033,59.74816403960534,1274.9994033631565,26.354895737489688,35175.110164133366,1364.7289222952825,15471.378962439112,5658.820398124572
43.99634552001953,639.8551025390625,0.7764812111854553,639.8551025390625,0.0019232246559113264,4442.53759765625,5848.76953125,0.2890625,0.9485982656478882,665,3,26.457217744798033,59.74816403960534,1274.9994033631565,26.354895737489688,35175.110164133366,1364.7289222952825,15471.378962439112,5658.820398124572
17.612262725830078,255.18765258789062,0.29765868186950684,255.18765258789062,0.00020563692669384181,73.82181549072266,5433.19921875,0.22265625,0.9485032558441162,666,3,26.457217744798033,59.74816403960534,1274.9994033631565,26.354895737489688,35175.110164133366,1364.7289222952825,15471.378962439112,5658.820398124572
34.12660217285156,507.3309020996094,0.7649400234222412,507.3309326171875,0.0014411890879273415,1868.47412109375,5484.24267578125,0.265625,0.9489441514015198,667,3,26.457217744798033,59.74816403960534,1274.9994033631565,26.354895737489688,35175.110164133366,1364.7289222952825,15471.378962439112,5658.820398124572
17.398296356201172,294.98175048828125,0.36869850754737854,294.98175048828125,0.0001862203498603776,139.2560272216797,5221.3779296875,0.19921875,0.9482519030570984,668,3,26.457217744798033,59.74816403960534,1274.9994033631565,26.354895737489688,35175.110164133366,1364.7289222952825,15471.378962439112,5658.820398124572
31.91313934326172,477.06304931640625,0.8347976207733154,477.06304931640625,0.000126605766126886,820.2362060546875,5749.47314453125,0.23828125,0.9508600234985352,669,3,26.457217744798033,59.74816403960534,1274.9994033631565,26.354895737489688,35175.110164133366,1364.7289222952825,15471.378962439112,5658.820398124572
34.205963134765625,482.5120544433594,0.7868199348449707,482.5120544433594,0.0001191911578644067,558.6885986328125,5967.732421875,0.21484375,0.9480524659156799,670,3,26.457217744798033,59.74816403960534,1274.9994033631565,26.354895737489688,35175.110164133366,1364.7289222952825,15471.378962439112,5658.820398124572
26.613754272460938,410.7978210449219,0.409044086933136,410.7978210449219,0.0005751308053731918,465.0074462890625,5724.654296875,0.23828125,0.945838212966919,671,3,26.457217744798033,59.74816403960534,1274.9994033631565,26.354895737489688,35175.110164133366,1364.7289222952825,15471.378962439112,5658.820398124572
22.660240173339844,350.03924560546875,0.3112607002258301,350.0392150878906,0.0004993033362552524,215.95880126953125,5395.0595703125,0.203125,0.9478263854980469,672,3,26.457217744798033,59.74816403960534,1274.9994033631565,26.354895737489688,35175.110164133366,1364.7289222952825,15471.378962439112,5658.820398124572
28.90821647644043,430.3069763183594,0.5884235501289368,430.3069763183594,0.0004922810476273298,547.2507934570312,5821.00390625,0.22265625,0.9489864706993103,673,3,26.457217744798033,59.74816403960534,1274.9994033631565,26.354895737489688,35175.110164133366,1364.7289222952825,15471.378962439112,5658.820398124572
29.81869888305664,430.55279541015625,0.5181524157524109,430.55279541015625,0.0005545963067561388,728.211669921875,5569.69091796875,0.234375,0.95127272605896,674,3,26.457217744798033,59.74816403960534,1274.9994033631565,26.354895737489688,35175.110164133366,1364.7289222952825,15471.378962439112,5658.820398124572
29.886829376220703,494.61541748046875,0.5786100029945374,494.6153869628906,0.00018301521777175367,1278.060791015625,5548.8251953125,0.234375,0.9462932348251343,675,3,26.457217744798033,59.74816403960534,1274.9994033631565,26.354895737489688,35175.110164133366,1364.7289222952825,15471.378962439112,5658.820398124572
28.90478515625,458.2619323730469,0.5743283033370972,458.261962890625,0.0001360995665891096,880.4779052734375,6262.83056640625,0.22265625,0.9477461576461792,676,3,26.457217744798033,59.74816403960534,1274.9994033631565,26.354895737489688,35175.110164133366,1364.7289222952825,15471.378962439112,5658.820398124572
22.43719482421875,360.68707275390625,0.4907104969024658,360.68707275390625,0.0002514169318601489,330.79217529296875,5737.12890625,0.2109375,0.9484219551086426,677,3,26.457217744798033,59.74816403960534,1274.9994033631565,26.354895737489688,35175.110164133366,1364.7289222952825,15471.378962439112,5658.820398124572
27.569625854492188,387.65399169921875,0.4717901349067688,387.6540222167969,0.0005655907443724573,278.8060607910156,5579.78173828125,0.23046875,0.9486808180809021,678,3,26.457217744798033,59.74816403960534,1274.9994033631565,26.354895737489688,35175.110164133366,1364.7289222952825,15471.378962439112,5658.820398124572
29.50482940673828,477.1414489746094,0.7745479345321655,477.1414489746094,0.0004545993870124221,872.038330078125,5994.16015625,0.25,0.9493639469146729,679,3,26.457217744798033,59.74816403960534,1274.9994033631565,26.354895737489688,35175.110164133366,1364.7289222952825,15471.378962439112,5658.820398124572
17.43114471435547,270.8803405761719,0.3211299180984497,270.8803405761719,0.0005914249923080206,136.30517578125,5616.15283203125,0.2421875,0.9475486874580383,680,3,26.457217744798033,59.74816403960534,1274.9994033631565,26.354895737489688,35175.110164133366,1364.7289222952825,15471.378962439112,5658.820398124572
28.917240142822266,451.85015869140625,0.6062370538711548,451.85015869140625,0.0013225630391389132,1446.893798828125,5314.22998046875,0.24609375,0.950459361076355,681,3,26.457217744798033,59.74816403960534,1274.9994033631565,26.354895737489688,35175.110164133366,1364.7289222952825,15471.378962439112,5658.820398124572
36.82237243652344,544.3558349609375,0.9020662307739258,544.3558349609375,0.00014658168947789818,2321.897705078125,5756.62841796875,0.2265625,0.948759138584137,682,3,26.457217744798033,59.74816403960534,1274.9994033631565,26.354895737489688,35175.110164133366,1364.7289222952825,15471.378962439112,5658.820398124572
23.55445098876953,360.9393310546875,0.35883283615112305,360.9393310546875,0.000578119361307472,215.7464599609375,5658.9599609375,0.25,0.9499144554138184,683,3,26.457217744798033,59.74816403960534,1274.9994033631565,26.354895737489688,35175.110164133366,1364.7289222952825,15471.378962439112,5658.820398124572
26.085237503051758,379.26470947265625,0.6639225482940674,379.26470947265625,0.000132722343550995,48.90556335449219,5791.19140625,0.1640625,0.9503560662269592,684,3,26.457217744798033,59.74816403960534,1274.9994033631565,26.354895737489688,35175.110164133366,1364.7289222952825,15471.378962439112,5658.820398124572
22.75840950012207,310.70477294921875,0.6214430928230286,310.70477294921875,0.00018183852080255747,86.39356994628906,6006.31787109375,0.203125,0.949245810508728,685,3,26.457217744798033,59.74816403960534,1274.9994033631565,26.354895737489688,35175.110164133366,1364.7289222952825,15471.378962439112,5658.820398124572
24.924774169921875,393.9007873535156,0.48320141434669495,393.9007568359375,0.0001612176129128784,491.2169189453125,5715.166015625,0.2109375,0.9469796419143677,686,3,26.457217744798033,59.74816403960534,1274.9994033631565,26.354895737489688,35175.110164133366,1364.7289222952825,15471.378962439112,5658.820398124572
18.616579055786133,279.39373779296875,0.49042409658432007,279.39373779296875,0.0002179944422096014,55.600643157958984,5719.72802734375,0.203125,0.9523520469665527,687,3,26.457217744798033,59.74816403960534,1274.9994033631565,26.354895737489688,35175.110164133366,1364.7289222952825,15471.378962439112,5658.820398124572
34.666099548339844,521.7075805664062,0.9404094219207764,521.7076416015625,0.0005486785084940493,1224.7353515625,5872.662109375,0.27734375,0.948688268661499,688,3,26.457217744798033,59.74816403960534,1274.9994033631565,26.354895737489688,35175.110164133366,1364.7289222952825,15471.378962439112,5658.820398124572
28.910078048706055,441.4187927246094,0.3987371623516083,441.4187927246094,0.000669613596983254,952.84228515625,6068.021484375,0.24609375,0.9498401880264282,689,3,26.457217744798033,59.74816403960534,1274.9994033631565,26.354895737489688,35175.110164133366,1364.7289222952825,15471.378962439112,5658.820398124572
20.38025665283203,325.12939453125,0.37779533863067627,325.12939453125,0.00012180266639916226,377.69683837890625,5548.94482421875,0.203125,0.9533711075782776,690,3,26.457217744798033,59.74816403960534,1274.9994033631565,26.354895737489688,35175.110164133366,1364.7289222952825,15471.378962439112,5658.820398124572
23.620405197143555,355.6063537597656,0.4002157151699066,355.6063537597656,0.000550068449229002,290.2851867675781,5654.66259765625,0.21875,0.9475700855255127,691,3,26.457217744798033,59.74816403960534,1274.9994033631565,26.354895737489688,35175.110164133366,1364.7289222952825,15471.378962439112,5658.820398124572
20.218894958496094,307.8812255859375,0.34202882647514343,307.8812255859375,0.0001723975146887824,143.28683471679688,5943.8359375,0.19921875,0.9521749019622803,692,3,26.457217744798033,59.74816403960534,1274.9994033631565,26.354895737489688,35175.110164133366,1364.7289222952825,15471.378962439112,5658.820398124572
24.97268295288086,393.78326416015625,0.4970192611217499,393.78326416015625,0.0012900216970592737,424.96856689453125,5779.6357421875,0.21875,0.9473586082458496,693,3,26.457217744798033,59.74816403960534,1274.9994033631565,26.354895737489688,35175.110164133366,1364.7289222952825,15471.378962439112,5658.820398124572
30.74394416809082,445.39862060546875,0.6926752328872681,445.39862060546875,0.0002591332304291427,276.1500244140625,6165.51220703125,0.2265625,0.9486530423164368,694,3,26.457217744798033,59.74816403960534,1274.9994033631565,26.354895737489688,35175.110164133366,1364.7289222952825,15471.378962439112,5658.820398124572
27.027883529663086,408.6841735839844,0.5713195204734802,408.6841735839844,0.0005415264749899507,528.5232543945312,5920.46435546875,0.23828125,0.951553225517273,695,3,26.457217744798033,59.74816403960534,1274.9994033631565,26.354895737489688,35175.110164133366,1364.7289222952825,15471.378962439112,5658.820398124572
26.352235794067383,416.5002746582031,0.4432934820652008,416.500244140625,0.00015329490997828543,814.6226806640625,5690.2080078125,0.21875,0.9519177079200745,696,3,26.457217744798033,59.74816403960534,1274.9994033631565,26.354895737489688,35175.110164133366,1364.7289222952825,15471.378962439112,5658.820398124572
27.84441375732422,435.01806640625,0.42825376987457275,435.01806640625,0.00041287424392066896,1378.9864501953125,5903.4033203125,0.203125,0.948057234287262,697,3,26.457217744798033,59.74816403960534,1274.9994033631565,26.354895737489688,35175.110164133366,1364.7289222952825,15471.378962439112,5658.820398124572
18.46900177001953,292.86798095703125,0.32482030987739563,292.86798095703125,0.0001908800331875682,39.37444305419922,6260.5234375,0.18359375,0.9471267461776733,698,3,26.457217744798033,59.74816403960534,1274.9994033631565,26.354895737489688,35175.110164133366,1364.7289222952825,15471.378962439112,5658.820398124572
33.78704071044922,522.2194213867188,0.5151669979095459,522.2194213867188,0.0003669368743430823,1962.001953125,6067.7119140625,0.2265625,0.9501106142997742,699,3,26.457217744798033,59.74816403960534,1274.9994033631565,26.354895737489688,35175.110164133366,1364.7289222952825,15471.378962439112,5658.820398124572
23.465818405151367,391.9522705078125,0.5623151063919067,391.9522705078125,0.00012160284677520394,182.732177734375,6197.138671875,0.2109375,0.9477654695510864,700,3,26.457217744798033,59.74816403960534,1274.9994033631565,26.354895737489688,35175.110164133366,1364.7289222952825,15471.378962439112,5658.820398124572
30.897136688232422,480.73553466796875,0.6715406179428101,480.73553466796875,0.00041287444764748216,901.169189453125,6175.22412109375,0.23828125,0.9485058188438416,701,3,26.457217744798033,59.74816403960534,1274.9994033631565,26.354895737489688,35175.110164133366,1364.7289222952825,15471.378962439112,5658.820398124572
28.705360412597656,412.4938659667969,0.660746693611145,412.4938659667969,0.0009501262102276087,562.67919921875,5715.57470703125,0.23046875,0.9482464790344238,702,3,26.457217744798033,59.74816403960534,1274.9994033631565,26.354895737489688,35175.110164133366,1364.7289222952825,15471.378962439112,5658.820398124572
27.882213592529297,243.27964782714844,0.5879871845245361,243.27964782714844,0.00028100120835006237,478.70404052734375,3067.08837890625,0.1875,0.9516673684120178,703,4,26.576978233610003,243.6827009787867,1267.0107700052504,66.10105903544654,23146.86992520943,1988.741271933965,17460.619429861523,5279.956322901031
27.27683448791504,235.6923828125,0.5245465040206909,235.69239807128906,2.5612753233872354e-05,270.6850280761719,3216.29052734375,0.19140625,0.9506621360778809,704,4,26.576978233610003,243.6827009787867,1267.0107700052504,66.10105903544654,23146.86992520943,1988.741271933965,17460.619429861523,5279.956322901031
30.70022201538086,250.71705627441406,0.6412583589553833,250.71705627441406,0.0003037654096260667,584.7069702148438,3038.354248046875,0.22265625,0.9510565996170044,705,4,26.576978233610003,243.6827009787867,1267.0107700052504,66.10105903544654,23146.86992520943,1988.741271933965,17460.619429861523,5279.956322901031
23.754810333251953,201.97731018066406,0.37059688568115234,201.977294921875,5.384140968089923e-05,365.0343322753906,2961.78271484375,0.171875,0.9470418691635132,706,4,26.576978233610003,243.6827009787867,1267.0107700052504,66.10105903544654,23146.86992520943,1988.741271933965,17460.619429861523,5279.956322901031
22.55260467529297,193.64578247070312,0.5558347105979919,193.64578247070312,0.0001353256666334346,40.02944564819336,3471.4013671875,0.18359375,0.9505628943443298,707,4,26.576978233610003,243.6827009787867,1267.0107700052504,66.10105903544654,23146.86992520943,1988.741271933965,17460.619429861523,5279.956322901031
33.951316833496094,270.0787048339844,0.5318674445152283,270.0787048339844,5.368676283978857e-05,1248.9501953125,3053.173828125,0.203125,0.9520559310913086,708,4,26.576978233610003,243.6827009787867,1267.0107700052504,66.10105903544654,23146.86992520943,1988.741271933965,17460.619429861523,5279.956322901031
30.969799041748047,258.6998291015625,0.5688344240188599,258.6998291015625,0.0004337335703894496,321.83880615234375,3206.585693359375,0.21484375,0.9490101933479309,709,4,26.576978233610003,243.6827009787867,1267.0107700052504,66.10105903544654,23146.86992520943,1988.741271933965,17460.619429861523,5279.956322901031
39.0651969909668,317.8122253417969,0.7023398280143738,317.8122253417969,0.00014923399430699646,1457.754150390625,3367.437255859375,0.23828125,0.9469475150108337,710,4,26.576978233610003,243.6827009787867,1267.0107700052504,66.10105903544654,23146.86992520943,1988.741271933965,17460.619429861523,5279.956322901031
28.427644729614258,234.52919006347656,0.7295562624931335,234.5291748046875,6.187935650814325e-05,173.40927124023438,3327.010498046875,0.17578125,0.9497392177581787,711,4,26.576978233610003,243.6827009787867,1267.0107700052504,66.10105903544654,23146.86992520943,1988.741271933965,17460.619429861523,5279.956322901031
22.630151748657227,205.25839233398438,0.3888377845287323,205.25839233398438,0.0002291662385687232,120.67916870117188,3257.873046875,0.1875,0.949501097202301,712,4,26.576978233610003,243.6827009787867,1267.0107700052504,66.10105903544654,23146.86992520943,1988.741271933965,17460.619429861523,5279.956322901031
16.517366409301758,151.18463134765625,0.2367112934589386,151.1846466064453,9.474236139794812e-05,45.61320495605469,2907.08740234375,0.1640625,0.9492293000221252,713,4,26.576978233610003,243.6827009787867,1267.0107700052504,66.10105903544654,23146.86992520943,1988.741271933965,17460.619429861523,5279.956322901031
29.75528335571289,262.75018310546875,0.6924967169761658,262.75018310546875,0.000530892750248313,524.2171630859375,3291.35595703125,0.21484375,0.9493192434310913,714,4,26.576978233610003,243.6827009787867,1267.0107700052504,66.10105903544654,23146.86992520943,1988.741271933965,17460.619429861523,5279.956322901031
30.316757202148438,266.6856384277344,0.5006325840950012,266.6856384277344,0.000446937105152756,1153.0625,3082.5234375,0.23828125,0.9518517851829529,715,4,26.576978233610003,243.6827009787867,1267.0107700052504,66.10105903544654,23146.86992520943,1988.741271933965,17460.619429861523,5279.956322901031
26.233863830566406,205.98611450195312,0.7122952938079834,205.98611450195312,0.0003218450874555856,248.496826171875,3151.60302734375,0.20703125,0.9499231576919556,716,4,26.576978233610003,243.6827009787867,1267.0107700052504,66.10105903544654,23146.86992520943,1988.741271933965,17460.619429861523,5279.956322901031
26.991104125976562,239.19036865234375,0.48183348774909973,239.19036865234375,0.000351109221810475,233.65872192382812,3223.029541015625,0.21484375,0.9513818025588989,717,4,26.576978233610003,243.6827009787867,1267.0107700052504,66.10105903544654,23146.86992520943,1988.741271933965,17460.619429861523,5279.956322901031
28.369796752929688,239.06802368164062,0.5232547521591187,239.06802368164062,0.0003130783443339169,346.5348205566406,3292.466796875,0.19921875,0.947232723236084,718,4,26.576978233610003,243.6827009787867,1267.0107700052504,66.10105903544654,23146.86992520943,1988.741271933965,17460.619429861523,5279.956322901031
39.385555267333984,317.8677062988281,0.9467968940734863,317.8677062988281,0.0003632225561887026,1431.38720703125,3564.924072265625,0.203125,0.9502230882644653,719,4,26.576978233610003,243.6827009787867,1267.0107700052504,66.10105903544654,23146.86992520943,1988.741271933965,17460.619429861523,5279.956322901031
32.077537536621094,270.6057434082031,0.6749862432479858,270.6057434082031,0.0003743325360119343,594.68408203125,3350.733154296875,0.23046875,0.949888288974762,720,4,26.576978233610003,243.6827009787867,1267.0107700052504,66.10105903544654,23146.86992520943,1988.741271933965,17460.619429861523,5279.956322901031
27.54384422302246,231.57742309570312,0.4878368675708771,231.57742309570312,0.00011447019642218947,481.117431640625,3318.399658203125,0.20703125,0.9488689303398132,721,4,26.576978233610003,243.6827009787867,1267.0107700052504,66.10105903544654,23146.86992520943,1988.741271933965,17460.619429861523,5279.956322901031
18.81133270263672,157.2267303466797,0.41520601511001587,157.2267303466797,0.00033075071405619383,23.720321655273438,3137.12451171875,0.19921875,0.9484208822250366,722,4,26.576978233610003,243.6827009787867,1267.0107700052504,66.10105903544654,23146.86992520943,1988.741271933965,17460.619429861523,5279.956322901031
16.97016143798828,144.4403076171875,0.39264488220214844,144.4403076171875,0.0001263579906662926,20.303035736083984,3065.517333984375,0.15234375,0.9476851224899292,723,4,26.576978233610003,243.6827009787867,1267.0107700052504,66.10105903544654,23146.86992520943,1988.741271933965,17460.619429861523,5279.956322901031
32.57276153564453,298.37506103515625,0.6228387951850891,298.37506103515625,0.0003726958530023694,1298.111083984375,3354.29833984375,0.24609375,0.9503569006919861,724,4,26.576978233610003,243.6827009787867,1267.0107700052504,66.10105903544654,23146.86992520943,1988.741271933965,17460.619429861523,5279.956322901031
25.898168563842773,236.4993896484375,0.4223567545413971,236.49937438964844,0.0006787527818232775,474.82354736328125,3277.658447265625,0.2265625,0.9495229125022888,725,4,26.576978233610003,243.6827009787867,1267.0107700052504,66.10105903544654,23146.86992520943,1988.741271933965,17460.619429861523,5279.956322901031
34.027015686035156,299.27886962890625,0.6768484115600586,299.27886962890625,3.9413214835803956e-05,1032.936279296875,3619.07666015625,0.2109375,0.9517802000045776,726,4,26.576978233610003,243.6827009787867,1267.0107700052504,66.10105903544654,23146.86992520943,1988.741271933965,17460.619429861523,5279.956322901031
42.46341323852539,369.5214538574219,0.859549880027771,369.52142333984375,0.00043625698890537024,2168.002197265625,3491.318115234375,0.25390625,0.949523389339447,727,4,26.576978233610003,243.6827009787867,1267.0107700052504,66.10105903544654,23146.86992520943,1988.741271933965,17460.619429861523,5279.956322901031
18.642772674560547,160.65472412109375,0.23781874775886536,160.65472412109375,2.2214288037503138e-05,73.2885971069336,3335.167724609375,0.16796875,0.9485434293746948,728,4,26.576978233610003,243.6827009787867,1267.0107700052504,66.10105903544654,23146.86992520943,1988.741271933965,17460.619429861523,5279.956322901031
34.07040786743164,312.76849365234375,0.563252329826355,312.76849365234375,0.00033788307337090373,1211.944580078125,3540.031982421875,0.25390625,0.9505003690719604,729,4,26.576978233610003,243.6827009787867,1267.0107700052504,66.10105903544654,23146.86992520943,1988.741271933965,17460.619429861523,5279.956322901031
29.446340560913086,257.23114013671875,0.648713231086731,257.23114013671875,0.0007241496932692826,151.38381958007812,3558.8564453125,0.19140625,0.9511876106262207,730,4,26.576978233610003,243.6827009787867,1267.0107700052504,66.10105903544654,23146.86992520943,1988.741271933965,17460.619429861523,5279.956322901031
25.57180404663086,225.4334716796875,0.4933980405330658,225.4334716796875,2.0537132513709366e-05,85.84300994873047,3350.303955078125,0.1796875,0.9504197835922241,731,4,26.576978233610003,243.6827009787867,1267.0107700052504,66.10105903544654,23146.86992520943,1988.741271933965,17460.619429861523,5279.956322901031
33.35099792480469,280.2520751953125,0.4467476010322571,280.2520751953125,0.00031567097175866365,624.7852783203125,3410.17431640625,0.2265625,0.9495558142662048,732,4,26.576978233610003,243.6827009787867,1267.0107700052504,66.10105903544654,23146.86992520943,1988.741271933965,17460.619429861523,5279.956322901031
23.030057907104492,204.86875915527344,0.4654836058616638,204.86874389648438,8.92282769200392e-05,142.2716064453125,3463.082763671875,0.1875,0.9483960866928101,733,4,26.576978233610003,243.6827009787867,1267.0107700052504,66.10105903544654,23146.86992520943,1988.741271933965,17460.619429861523,5279.956322901031
32.994083404541016,271.6104736328125,0.6702391505241394,271.6104736328125,0.00015008010086603463,415.88519287109375,3513.534912109375,0.21875,0.9468856453895569,734,4,26.576978233610003,243.6827009787867,1267.0107700052504,66.10105903544654,23146.86992520943,1988.741271933965,17460.619429861523,5279.956322901031
29.76117706298828,247.64549255371094,0.580936849117279,247.64549255371094,0.00015700698713772,176.73483276367188,3569.122314453125,0.23046875,0.9487624168395996,735,4,26.576978233610003,243.6827009787867,1267.0107700052504,66.10105903544654,23146.86992520943,1988.741271933965,17460.619429861523,5279.956322901031
23.055744171142578,197.59127807617188,0.4501984715461731,197.59127807617188,0.00011365889804437757,51.812164306640625,3637.263671875,0.16796875,0.9466775059700012,736,4,26.576978233610003,243.6827009787867,1267.0107700052504,66.10105903544654,23146.86992520943,1988.741271933965,17460.619429861523,5279.956322901031
22.319698333740234,198.39126586914062,0.3448876440525055,198.39126586914062,0.0003430876531638205,38.9906005859375,3465.9775390625,0.19921875,0.9510642886161804,737,4,26.576978233610003,243.6827009787867,1267.0107700052504,66.10105903544654,23146.86992520943,1988.741271933965,17460.619429861523,5279.956322901031
14.041524887084961,129.7803955078125,0.2018512338399887,129.7803955078125,5.642037285724655e-05,8.75297737121582,3171.736328125,0.140625,0.9464946389198303,738,4,26.576978233610003,243.6827009787867,1267.0107700052504,66.10105903544654,23146.86992520943,1988.741271933965,17460.619429861523,5279.956322901031
38.78129577636719,347.3230895996094,0.6453337073326111,347.3230895996094,0.0006662615342065692,1748.6953125,3648.0009765625,0.23828125,0.9482738375663757,739,4,26.576978233610003,243.6827009787867,1267.0107700052504,66.10105903544654,23146.86992520943,1988.741271933965,17460.619429861523,5279.956322901031
42.702266693115234,366.18048095703125,0.7082532048225403,366.18048095703125,0.0007426820229738951,2108.470703125,3729.60791015625,0.2265625,0.949327290058136,740,4,26.576978233610003,243.6827009787867,1267.0107700052504,66.10105903544654,23146.86992520943,1988.741271933965,17460.619429861523,5279.956322901031
23.906097412109375,220.2559814453125,0.481306791305542,220.2559814453125,0.00012973760021850467,324.9173583984375,3588.141845703125,0.2109375,0.9487394094467163,741,4,26.576978233610003,243.6827009787867,1267.0107700052504,66.10105903544654,23146.86992520943,1988.741271933965,17460.619429861523,5279.956322901031
29.309051513671875,265.4759216308594,0.4812189042568207,265.4759216308594,0.0002408907748758793,378.130615234375,3682.0888671875,0.2109375,0.9490960240364075,742,4,26.576978233610003,243.6827009787867,1267.0107700052504,66.10105903544654,23146.86992520943,1988.741271933965,17460.619429861523,5279.956322901031
26.757003784179688,236.99977111816406,0.6406385898590088,236.99977111816406,0.00011713894491549581,291.49932861328125,3501.408447265625,0.1875,0.9531113505363464,743,4,26.576978233610003,243.6827009787867,1267.0107700052504,66.10105903544654,23146.86992520943,1988.741271933965,17460.619429861523,5279.956322901031
29.427734375,273.24395751953125,0.5617771744728088,273.24395751953125,6.588098767679185e-05,531.4223022460938,3453.49755859375,0.23046875,0.952231228351593,744,4,26.576978233610003,243.6827009787867,1267.0107700052504,66.10105903544654,23146.86992520943,1988.741271933965,17460.619429861523,5279.956322901031
26.71628189086914,242.53318786621094,0.6821136474609375,242.53318786621094,0.00031045119976624846,225.85891723632812,3729.253662109375,0.19921875,0.9500284194946289,745,4,26.576978233610003,243.6827009787867,1267.0107700052504,66.10105903544654,23146.86992520943,1988.741271933965,17460.619429861523,5279.956322901031
32.957820892333984,306.545166015625,0.6416399478912354,306.545166015625,0.00011831829760922119,1053.5484619140625,3499.910888671875,0.203125,0.9491053223609924,746,4,26.576978233610003,243.6827009787867,1267.0107700052504,66.10105903544654,23146.86992520943,1988.741271933965,17460.619429861523,5279.956322901031
18.496755599975586,179.43423461914062,0.31105199456214905,179.43423461914062,0.00019221409456804395,59.74320983886719,3413.991943359375,0.20703125,0.9495930671691895,747,4,26.576978233610003,243.6827009787867,1267.0107700052504,66.10105903544654,23146.86992520943,1988.741271933965,17460.619429861523,5279.956322901031
38.335018157958984,351.73773193359375,0.8524127006530762,351.73773193359375,0.000308689457597211,1759.84765625,3703.6318359375,0.23046875,0.9506407380104065,748,4,26.576978233610003,243.6827009787867,1267.0107700052504,66.10105903544654,23146.86992520943,1988.741271933965,17460.619429861523,5279.956322901031
26.67925262451172,250.26205444335938,0.40276941657066345,250.26205444335938,6.801949348300695e-05,66.4715347290039,3786.947998046875,0.15625,0.9486796855926514,749,4,26.576978233610003,243.6827009787867,1267.0107700052504,66.10105903544654,23146.86992520943,1988.741271933965,17460.619429861523,5279.956322901031
27.551712036132812,267.20196533203125,0.4536323845386505,267.20196533203125,0.00033800496021285653,316.7389221191406,3744.47705078125,0.21484375,0.9488905072212219,750,4,26.576978233610003,243.6827009787867,1267.0107700052504,66.10105903544654,23146.86992520943,1988.741271933965,17460.619429861523,5279.956322901031
36.833492279052734,337.9549255371094,0.5253944396972656,337.9549255371094,0.00022801874729339033,1848.9873046875,3533.99853515625,0.2265625,0.9492436051368713,751,4,26.576978233610003,243.6827009787867,1267.0107700052504,66.10105903544654,23146.86992520943,1988.741271933965,17460.619429861523,5279.956322901031
33.652915954589844,304.57012939453125,0.5333271026611328,304.57012939453125,0.0007612380431964993,782.281494140625,3618.616943359375,0.2578125,0.9505003690719604,752,4,26.576978233610003,243.6827009787867,1267.0107700052504,66.10105903544654,23146.86992520943,1988.741271933965,17460.619429861523,5279.956322901031
36.055973052978516,348.1864929199219,0.7297255396842957,348.1864929199219,0.00039828522130846977,1993.694580078125,3801.7080078125,0.23046875,0.9520012140274048,753,4,26.576978233610003,243.6827009787867,1267.0107700052504,66.10105903544654,23146.86992520943,1988.741271933965,17460.619429861523,5279.956322901031
26.97087287902832,249.9069061279297,0.4765668511390686,249.90689086914062,4.960878140991554e-05,276.3773193359375,3679.09375,0.19140625,0.947136402130127,754,4,26.576978233610003,243.6827009787867,1267.0107700052504,66.10105903544654,23146.86992520943,1988.741271933965,17460.619429861523,5279.956322901031
29.81438446044922,282.1922302246094,0.5289714336395264,282.1922302246094,8.815783075988293e-05,307.7882385253906,3808.934326171875,0.2109375,0.9493405818939209,755,4,26.576978233610003,243.6827009787867,1267.0107700052504,66.10105903544654,23146.86992520943,1988.741271933965,17460.619429861523,5279.956322901031
25.130313873291016,251.40878295898438,0.3903060555458069,251.40878295898438,0.00040200079092755914,82.64115905761719,3620.328857421875,0.22265625,0.9510013461112976,756,4,26.576978233610003,243.6827009787867,1267.0107700052504,66.10105903544654,23146.86992520943,1988.741271933965,17460.619429861523,5279.956322901031
32.83858108520508,313.72821044921875,0.687839150428772,313.72821044921875,2.664526618900709e-05,403.7669372558594,4037.6328125,0.1875,0.949286699295044,757,4,26.576978233610003,243.6827009787867,1267.0107700052504,66.10105903544654,23146.86992520943,1988.741271933965,17460.619429861523,5279.956322901031
34.05733108520508,316.51861572265625,0.7700490355491638,316.51861572265625,0.0004830725083593279,710.2174072265625,3832.871826171875,0.2265625,0.9511917233467102,758,4,26.576978233610003,243.6827009787867,1267.0107700052504,66.10105903544654,23146.86992520943,1988.741271933965,17460.619429861523,5279.956322901031
31.11255645751953,283.52490234375,0.7108830809593201,283.52490234375,2.7838252208312042e-05,604.7346801757812,3751.603515625,0.1796875,0.9512189626693726,759,4,26.576978233610003,243.6827009787867,1267.0107700052504,66.10105903544654,23146.86992520943,1988.741271933965,17460.619429861523,5279.956322901031
29.44293212890625,283.551513671875,0.6107048988342285,283.551513671875,2.6140194677282125e-05,565.1885986328125,3659.160400390625,0.2109375,0.9475104808807373,760,4,26.576978233610003,243.6827009787867,1267.0107700052504,66.10105903544654,23146.86992520943,1988.741271933965,17460.619429861523,5279.956322901031
25.724178314208984,227.21932983398438,0.47080197930336,227.21932983398438,9.440197027288377e-05,161.98602294921875,3726.6875,0.1875,0.9483330249786377,761,4,26.576978233610003,243.6827009787867,1267.0107700052504,66.10105903544654,23146.86992520943,1988.741271933965,17460.619429861523,5279.956322901031
37.737674713134766,352.6112060546875,0.7830768823623657,352.6112060546875,0.0001264227757928893,1437.9259033203125,3797.260498046875,0.203125,0.9438509345054626,762,4,26.576978233610003,243.6827009787867,1267.0107700052504,66.10105903544654,23146.86992520943,1988.741271933965,17460.619429861523,5279.956322901031
32.03781509399414,291.8032531738281,0.6952872276306152,291.80322265625,2.4393668354605325e-05,283.88824462890625,3806.63427734375,0.1796875,0.9488942623138428,763,4,26.576978233610003,243.6827009787867,1267.0107700052504,66.10105903544654,23146.86992520943,1988.741271933965,17460.619429861523,5279.956322901031
35.7430305480957,345.1005859375,0.6129770278930664,345.1005859375,2.659581514308229e-05,1157.9442138671875,4018.771484375,0.19140625,0.9484862685203552,764,4,26.576978233610003,243.6827009787867,1267.0107700052504,66.10105903544654,23146.86992520943,1988.741271933965,17460.619429861523,5279.956322901031
42.40816879272461,398.92767333984375,0.8307168483734131,398.92767333984375,2.613461037981324e-05,2099.6591796875,4081.477783203125,0.21484375,0.9490869045257568,765,4,26.576978233610003,243.6827009787867,1267.0107700052504,66.10105903544654,23146.86992520943,1988.741271933965,17460.619429861523,5279.956322901031
20.422748565673828,199.07421875,0.37100112438201904,199.07421875,0.00015570639516226947,80.28829956054688,3886.6318359375,0.22265625,0.9499410390853882,766,4,26.576978233610003,243.6827009787867,1267.0107700052504,66.10105903544654,23146.86992520943,1988.741271933965,17460.619429861523,5279.956322901031
31.867019653320312,321.25982666015625,0.6546519994735718,321.25982666015625,0.00038089085137471557,479.2849426269531,3928.54345703125,0.2578125,0.9495441913604736,767,4,26.576978233610003,243.6827009787867,1267.0107700052504,66.10105903544654,23146.86992520943,1988.741271933965,17460.619429861523,5279.956322901031
20.181154251098633,185.6842803955078,0.27574214339256287,185.6842803955078,3.6247496609576046e-05,19.571632385253906,3783.49853515625,0.16015625,0.9487795233726501,768,4,26.576978233610003,243.6827009787867,1267.0107700052504,66.10105903544654,23146.86992520943,1988.741271933965,17460.619429861523,5279.956322901031
43.98900604248047,399.8544921875,0.6220190525054932,399.8544921875,0.00011861330131068826,2475.6083984375,4102.81005859375,0.24609375,0.9493998885154724,769,4,26.576978233610003,243.6827009787867,1267.0107700052504,66.10105903544654,23146.86992520943,1988.741271933965,17460.619429861523,5279.956322901031
30.77086639404297,308.1451416015625,0.5770539045333862,308.1451416015625,0.00011631530651357025,884.3941650390625,3935.87158203125,0.203125,0.9498422741889954,770,4,26.576978233610003,243.6827009787867,1267.0107700052504,66.10105903544654,23146.86992520943,1988.741271933965,17460.619429861523,5279.956322901031
28.2003116607666,263.08349609375,0.4922548532485962,263.08349609375,3.6762845411431044e-05,124.08106231689453,3871.98095703125,0.17578125,0.9499620795249939,771,4,26.576978233610003,243.6827009787867,1267.0107700052504,66.10105903544654,23146.86992520943,1988.741271933965,17460.619429861523,5279.956322901031
28.745893478393555,259.80780029296875,0.682327926158905,259.80780029296875,4.28234925493598e-05,51.35840606689453,4023.993408203125,0.16796875,0.9490571618080139,772,4,26.576978233610003,243.6827009787867,1267.0107700052504,66.10105903544654,23146.86992520943,1988.741271933965,17460.619429861523,5279.956322901031
34.248023986816406,337.49395751953125,0.7923122644424438,337.49395751953125,0.00014905849820934236,1052.2015380859375,4108.56298828125,0.23828125,0.9486243724822998,773,4,26.576978233610003,243.6827009787867,1267.0107700052504,66.10105903544654,23146.86992520943,1988.741271933965,17460.619429861523,5279.956322901031
30.181785583496094,291.4215393066406,0.29943472146987915,291.4215393066406,2.136775219696574e-05,672.7152099609375,3796.08154296875,0.22265625,0.9510356783866882,774,4,26.576978233610003,243.6827009787867,1267.0107700052504,66.10105903544654,23146.86992520943,1988.741271933965,17460.619429861523,5279.956322901031
28.195255279541016,287.8073425292969,0.43742436170578003,287.8073425292969,7.150178134907037e-05,595.7700805664062,3742.18115234375,0.2265625,0.9485540986061096,775,4,26.576978233610003,243.6827009787867,1267.0107700052504,66.10105903544654,23146.86992520943,1988.741271933965,17460.619429861523,5279.956322901031
21.666549682617188,233.3909912109375,0.3913683295249939,233.39097595214844,1.0380204912507907e-05,104.44099426269531,3901.689208984375,0.15625,0.950019896030426,776,4,26.576978233610003,243.6827009787867,1267.0107700052504,66.10105903544654,23146.86992520943,1988.741271933965,17460.619429861523,5279.956322901031
30.33099365234375,271.27008056640625,0.7599225044250488,271.27008056640625,3.90537352359388e-05,171.4903106689453,4028.9189453125,0.17578125,0.9476343989372253,777,4,26.576978233610003,243.6827009787867,1267.0107700052504,66.10105903544654,23146.86992520943,1988.741271933965,17460.619429861523,5279.956322901031
35.301902770996094,368.3409729003906,0.7875663042068481,368.3409729003906,0.0001041350988089107,1112.7138671875,4239.64697265625,0.234375,0.9502766132354736,778,4,26.576978233610003,243.6827009787867,1267.0107700052504,66.10105903544654,23146.86992520943,1988.741271933965,17460.619429861523,5279.956322901031
44.42662048339844,442.4097900390625,0.7415192127227783,442.4097595214844,0.00016027077799662948,3137.96435546875,4171.84814453125,0.25390625,0.9505471587181091,779,4,26.576978233610003,243.6827009787867,1267.0107700052504,66.10105903544654,23146.86992520943,1988.741271933965,17460.619429861523,5279.956322901031
37.38060760498047,383.2354736328125,0.5587271451950073,383.2354736328125,3.82583930331748e-05,1578.864990234375,4548.20751953125,0.19140625,0.9497610330581665,780,4,26.576978233610003,243.6827009787867,1267.0107700052504,66.10105903544654,23146.86992520943,1988.741271933965,17460.619429861523,5279.956322901031
19.624160766601562,207.20767211914062,0.1636924296617508,207.20767211914062,0.0003694741171784699,46.35302734375,3681.095703125,0.19140625,0.9493391513824463,781,4,26.576978233610003,243.6827009787867,1267.0107700052504,66.10105903544654,23146.86992520943,1988.741271933965,17460.619429861523,5279.956322901031
38.75975036621094,380.8771667480469,0.6183238625526428,380.87713623046875,0.0003933744446840137,913.0220947265625,4386.95458984375,0.25,0.9475851058959961,782,4,26.576978233610003,243.6827009787867,1267.0107700052504,66.10105903544654,23146.86992520943,1988.741271933965,17460.619429861523,5279.956322901031
33.724117279052734,349.0631408691406,0.5749269127845764,349.06317138671875,7.38208182156086e-05,1245.6060791015625,3962.138427734375,0.21875,0.9499996900558472,783,4,26.576978233610003,243.6827009787867,1267.0107700052504,66.10105903544654,23146.86992520943,1988.741271933965,17460.619429861523,5279.956322901031
20.69597053527832,220.31704711914062,0.36948591470718384,220.31704711914062,2.3574983060825616e-05,49.28155517578125,3754.640380859375,0.16796875,0.9503968954086304,784,4,26.576978233610003,243.6827009787867,1267.0107700052504,66.10105903544654,23146.86992520943,1988.741271933965,17460.619429861523,5279.956322901031
31.809589385986328,324.7984619140625,0.4994272291660309,324.7984619140625,4.377885124995373e-05,727.7364501953125,4126.15576171875,0.1953125,0.9495328664779663,785,4,26.576978233610003,243.6827009787867,1267.0107700052504,66.10105903544654,23146.86992520943,1988.741271933965,17460.619429861523,5279.956322901031
26.19106674194336,256.36956787109375,0.42418938875198364,256.36956787109375,9.710750600788742e-05,81.89874267578125,3790.61181640625,0.171875,0.9497580528259277,786,4,26.576978233610003,243.6827009787867,1267.0107700052504,66.10105903544654,23146.86992520943,1988.741271933965,17460.619429861523,5279.956322901031
22.88119888305664,231.8058319091797,0.4434748888015747,231.80581665039062,9.790380136109889e-05,342.94866943359375,3996.968017578125,0.18359375,0.9498972296714783,787,4,26.576978233610003,243.6827009787867,1267.0107700052504,66.10105903544654,23146.86992520943,1988.741271933965,17460.619429861523,5279.956322901031
30.726476669311523,303.722900390625,0.5005779266357422,303.722900390625,0.00010542060772422701,576.3482055664062,3801.595703125,0.21484375,0.9489524960517883,788,4,26.576978233610003,243.6827009787867,1267.0107700052504,66.10105903544654,23146.86992520943,1988.741271933965,17460.619429861523,5279.956322901031
38.102012634277344,384.1330871582031,0.7187021970748901,384.133056640625,0.00013098599447403103,1445.0911865234375,4516.31298828125,0.23046875,0.9472898244857788,789,4,26.576978233610003,243.6827009787867,1267.0107700052504,66.10105903544654,23146.86992520943,1988.741271933965,17460.619429861523,5279.956322901031
24.75756072998047,236.1683807373047,0.480313777923584,236.1683807373047,5.247354420134798e-05,118.10140991210938,3959.19384765625,0.17578125,0.9491117596626282,790,4,26.576978233610003,243.6827009787867,1267.0107700052504,66.10105903544654,23146.86992520943,1988.741271933965,17460.619429861523,5279.956322901031
26.463298797607422,270.2711486816406,0.4943089187145233,270.2711181640625,0.00010756537812994793,88.63426971435547,4506.13671875,0.1796875,0.9489940404891968,791,4,26.576978233610003,243.6827009787867,1267.0107700052504,66.10105903544654,23146.86992520943,1988.741271933965,17460.619429861523,5279.956322901031
19.878650665283203,210.33956909179688,0.3735082745552063,210.33956909179688,7.799918239470571e-05,127.0041732788086,3992.271240234375,0.19140625,0.9476785063743591,792,4,26.576978233610003,243.6827009787867,1267.0107700052504,66.10105903544654,23146.86992520943,1988.741271933965,17460.619429861523,5279.956322901031
24.35042953491211,235.05052185058594,0.42445534467697144,235.05052185058594,5.8175253798253834e-05,111.01171112060547,4342.2470703125,0.1875,0.949170708656311,793,4,26.576978233610003,243.6827009787867,1267.0107700052504,66.10105903544654,23146.86992520943,1988.741271933965,17460.619429861523,5279.956322901031
22.928916931152344,240.79278564453125,0.40431147813796997,240.79278564453125,3.9882252167444676e-05,191.55686950683594,4031.308349609375,0.1796875,0.9495941996574402,794,4,26.576978233610003,243.6827009787867,1267.0107700052504,66.10105903544654,23146.86992520943,1988.741271933965,17460.619429861523,5279.956322901031
19.784671783447266,224.20628356933594,0.47132155299186707,224.20628356933594,4.040249405079521e-05,22.3609676361084,4125.98193359375,0.1796875,0.9491077065467834,795,4,26.576978233610003,243.6827009787867,1267.0107700052504,66.10105903544654,23146.86992520943,1988.741271933965,17460.619429861523,5279.956322901031
21.941715240478516,230.6832733154297,0.2594054937362671,230.6832733154297,2.091714668495115e-05,237.4195098876953,4033.095458984375,0.1796875,0.9452548027038574,796,4,26.576978233610003,243.6827009787867,1267.0107700052504,66.10105903544654,23146.86992520943,1988.741271933965,17460.619429861523,5279.956322901031
34.05794906616211,350.6278076171875,0.5881375670433044,350.6278076171875,0.0001715939142741263,914.9810791015625,4506.509765625,0.2578125,0.9478676319122314,797,4,26.576978233610003,243.6827009787867,1267.0107700052504,66.10105903544654,23146.86992520943,1988.741271933965,17460.619429861523,5279.956322901031
44.714447021484375,468.0069580078125,0.8194156289100647,468.0069580078125,0.0001071643055183813,3032.354736328125,4556.1064453125,0.25390625,0.952365517616272,798,4,26.576978233610003,243.6827009787867,1267.0107700052504,66.10105903544654,23146.86992520943,1988.741271933965,17460.619429861523,5279.956322901031
26.37449073791504,276.4300537109375,0.46144750714302063,276.4300231933594,8.488630555802956e-05,393.47125244140625,4032.088134765625,0.21875,0.949445366859436,799,4,26.576978233610003,243.6827009787867,1267.0107700052504,66.10105903544654,23146.86992520943,1988.741271933965,17460.619429861523,5279.956322901031
41.62474822998047,434.2342224121094,0.9621298313140869,434.2342224121094,0.00042461376870051026,1971.500244140625,4367.33837890625,0.25390625,0.9506801962852478,800,4,26.576978233610003,243.6827009787867,1267.0107700052504,66.10105903544654,23146.86992520943,1988.741271933965,17460.619429861523,5279.956322901031
29.8409366607666,307.6556396484375,0.4339137077331543,307.6556701660156,0.0003827326581813395,311.7000732421875,4231.228515625,0.20703125,0.9474692940711975,801,4,26.576978233610003,243.6827009787867,1267.0107700052504,66.10105903544654,23146.86992520943,1988.741271933965,17460.619429861523,5279.956322901031
23.902177810668945,252.24790954589844,0.41502732038497925,252.24790954589844,6.509506783913821e-05,254.84938049316406,4226.943359375,0.21484375,0.9491492509841919,802,4,26.576978233610003,243.6827009787867,1267.0107700052504,66.10105903544654,23146.86992520943,1988.741271933965,17460.619429861523,5279.956322901031
34.95683288574219,347.92626953125,0.7273671627044678,347.92626953125,2.7894848244613968e-05,516.3124389648438,4490.04052734375,0.22265625,0.9502840042114258,803,4,26.576978233610003,243.6827009787867,1267.0107700052504,66.10105903544654,23146.86992520943,1988.741271933965,17460.619429861523,5279.956322901031
21.392112731933594,217.20700073242188,0.3790351152420044,217.20700073242188,2.6936832000501454e-05,51.31778335571289,4126.11767578125,0.19140625,0.9485890865325928,804,4,26.576978233610003,243.6827009787867,1267.0107700052504,66.10105903544654,23146.86992520943,1988.741271933965,17460.619429861523,5279.956322901031
36.63542938232422,377.9890441894531,0.5783220529556274,377.9890441894531,0.0001772282994352281,968.9519653320312,4400.99365234375,0.22265625,0.9486325979232788,805,4,26.576978233610003,243.6827009787867,1267.0107700052504,66.10105903544654,23146.86992520943,1988.741271933965,17460.619429861523,5279.956322901031
40.15234375,394.36114501953125,0.7991000413894653,394.36114501953125,3.088579251198098e-05,1718.330078125,4565.22509765625,0.2109375,0.9475560188293457,806,4,26.576978233610003,243.6827009787867,1267.0107700052504,66.10105903544654,23146.86992520943,1988.741271933965,17460.619429861523,5279.956322901031
40.311988830566406,453.1400146484375,0.7952162027359009,453.1400146484375,0.00010602133988868445,2500.82177734375,4445.60302734375,0.2421875,0.9513540267944336,807,4,26.576978233610003,243.6827009787867,1267.0107700052504,66.10105903544654,23146.86992520943,1988.741271933965,17460.619429861523,5279.956322901031
23.366086959838867,245.3258819580078,0.48638275265693665,245.3258819580078,2.2842294129077345e-05,34.034080505371094,4289.98779296875,0.14453125,0.948121190071106,808,4,26.576978233610003,243.6827009787867,1267.0107700052504,66.10105903544654,23146.86992520943,1988.741271933965,17460.619429861523,5279.956322901031
29.01986312866211,286.0465087890625,0.467184454202652,286.0465393066406,4.877772880718112e-05,98.02025604248047,4395.888671875,0.17578125,0.951471745967865,809,4,26.576978233610003,243.6827009787867,1267.0107700052504,66.10105903544654,23146.86992520943,1988.741271933965,17460.619429861523,5279.956322901031
41.551612854003906,418.6177673339844,1.0405619144439697,418.6177673339844,7.327516505029052e-05,2172.832763671875,4459.1650390625,0.2109375,0.9499755501747131,810,4,26.576978233610003,243.6827009787867,1267.0107700052504,66.10105903544654,23146.86992520943,1988.741271933965,17460.619429861523,5279.956322901031
26.748592376708984,270.4857177734375,0.37164127826690674,270.4857177734375,0.0001122152098105289,368.422119140625,4249.49609375,0.22265625,0.9507811665534973,811,4,26.576978233610003,243.6827009787867,1267.0107700052504,66.10105903544654,23146.86992520943,1988.741271933965,17460.619429861523,5279.956322901031
20.55057144165039,224.08460998535156,0.3647094964981079,224.08460998535156,5.7407589338254184e-05,94.80099487304688,4295.11669921875,0.17578125,0.9507059454917908,812,4,26.576978233610003,243.6827009787867,1267.0107700052504,66.10105903544654,23146.86992520943,1988.741271933965,17460.619429861523,5279.956322901031
35.637672424316406,370.06365966796875,0.5791955590248108,370.06365966796875,0.00019935029558837414,1370.03271484375,4477.5869140625,0.21875,0.946910560131073,813,4,26.576978233610003,243.6827009787867,1267.0107700052504,66.10105903544654,23146.86992520943,1988.741271933965,17460.619429861523,5279.956322901031
29.914146423339844,311.6363525390625,0.6264615058898926,311.6363525390625,9.043732279678807e-05,437.5125427246094,4474.4013671875,0.19921875,0.947929859161377,814,4,26.576978233610003,243.6827009787867,1267.0107700052504,66.10105903544654,23146.86992520943,1988.741271933965,17460.619429861523,5279.956322901031
29.826576232910156,315.20843505859375,0.4699241816997528,315.20843505859375,5.3010997362434864e-05,457.58148193359375,4317.5009765625,0.21875,0.9475076198577881,815,4,26.576978233610003,243.6827009787867,1267.0107700052504,66.10105903544654,23146.86992520943,1988.741271933965,17460.619429861523,5279.956322901031
20.32604217529297,232.25064086914062,0.30656954646110535,232.25064086914062,3.8696951378369704e-05,109.37512969970703,4523.232421875,0.1875,0.9472486972808838,816,4,26.576978233610003,243.6827009787867,1267.0107700052504,66.10105903544654,23146.86992520943,1988.741271933965,17460.619429861523,5279.956322901031
27.987545013427734,291.228515625,0.49250614643096924,291.2284851074219,3.97990588680841e-05,123.62446594238281,4465.728515625,0.17578125,0.951474666595459,817,4,26.576978233610003,243.6827009787867,1267.0107700052504,66.10105903544654,23146.86992520943,1988.741271933965,17460.619429861523,5279.956322901031
42.463661193847656,462.07037353515625,0.73235023021698,462.07037353515625,3.789585025515407e-05,2536.77099609375,4583.314453125,0.21875,0.9502575397491455,818,4,26.576978233610003,243.6827009787867,1267.0107700052504,66.10105903544654,23146.86992520943,1988.741271933965,17460.619429861523,5279.956322901031
28.760093688964844,289.0434875488281,0.5852006077766418,289.04345703125,2.8574855605256744e-05,90.6240234375,4549.6865234375,0.1796875,0.9506100416183472,819,4,26.576978233610003,243.6827009787867,1267.0107700052504,66.10105903544654,23146.86992520943,1988.741271933965,17460.619429861523,5279.956322901031
31.647884368896484,342.80682373046875,0.7489372491836548,342.80682373046875,5.623348260996863e-05,509.5723876953125,4480.3447265625,0.19921875,0.949966549873352,820,4,26.576978233610003,243.6827009787867,1267.0107700052504,66.10105903544654,23146.86992520943,1988.741271933965,17460.619429861523,5279.956322901031
36.75873565673828,405.72576904296875,0.6601396799087524,405.72576904296875,0.00016363049508072436,1668.240966796875,4477.4873046875,0.23828125,0.9483126997947693,821,4,26.576978233610003,243.6827009787867,1267.0107700052504,66.10105903544654,23146.86992520943,1988.741271933965,17460.619429861523,5279.956322901031
30.222578048706055,324.3284912109375,0.5217480659484863,324.3284912109375,0.00047490932047367096,486.4444580078125,4480.45556640625,0.19921875,0.9475603699684143,822,4,26.576978233610003,243.6827009787867,1267.0107700052504,66.10105903544654,23146.86992520943,1988.741271933965,17460.619429861523,5279.956322901031
23.915584564208984,263.35308837890625,0.4734085500240326,263.35308837890625,7.593652844661847e-05,167.05091857910156,4481.46826171875,0.19921875,0.9506460428237915,823,4,26.576978233610003,243.6827009787867,1267.0107700052504,66.10105903544654,23146.86992520943,1988.741271933965,17460.619429861523,5279.956322901031
27.366249084472656,290.845458984375,0.5312271118164062,290.845458984375,0.00038402783684432507,208.9149169921875,4603.55908203125,0.21875,0.9505801796913147,824,4,26.576978233610003,243.6827009787867,1267.0107700052504,66.10105903544654,23146.86992520943,1988.741271933965,17460.619429861523,5279.956322901031
25.49381446838379,282.4864196777344,0.5144662857055664,282.4864196777344,8.559675916330889e-05,317.0194091796875,4669.388671875,0.22265625,0.9500539898872375,825,4,26.576978233610003,243.6827009787867,1267.0107700052504,66.10105903544654,23146.86992520943,1988.741271933965,17460.619429861523,5279.956322901031
24.584354400634766,256.581298828125,0.5400069952011108,256.581298828125,0.00011605389590840787,141.20346069335938,4607.0791015625,0.1796875,0.9484973549842834,826,4,26.576978233610003,243.6827009787867,1267.0107700052504,66.10105903544654,23146.86992520943,1988.741271933965,17460.619429861523,5279.956322901031
25.878204345703125,290.5623474121094,0.45858389139175415,290.5623474121094,4.192149935988709e-05,134.99282836914062,4615.2919921875,0.203125,0.9509528875350952,827,4,26.576978233610003,243.6827009787867,1267.0107700052504,66.10105903544654,23146.86992520943,1988.741271933965,17460.619429861523,5279.956322901031
32.660919189453125,361.05712890625,0.6200928688049316,361.05712890625,0.0004535679763648659,713.34765625,4847.9345703125,0.19140625,0.9481660723686218,828,4,26.576978233610003,243.6827009787867,1267.0107700052504,66.10105903544654,23146.86992520943,1988.741271933965,17460.619429861523,5279.956322901031
25.428598403930664,264.9278564453125,0.5613020658493042,264.9278564453125,0.000498332257848233,211.2794189453125,4421.8251953125,0.20703125,0.9482183456420898,829,4,26.576978233610003,243.6827009787867,1267.0107700052504,66.10105903544654,23146.86992520943,1988.741271933965,17460.619429861523,5279.956322901031
35.20646286010742,400.48291015625,0.7798235416412354,400.48291015625,3.1153656891547143e-05,686.210205078125,4819.998046875,0.203125,0.9517083168029785,830,4,26.576978233610003,243.6827009787867,1267.0107700052504,66.10105903544654,23146.86992520943,1988.741271933965,17460.619429861523,5279.956322901031
40.19280242919922,421.814697265625,0.749170184135437,421.8147277832031,0.00016483970102854073,1204.2081298828125,5076.40478515625,0.234375,0.950591504573822,831,4,26.576978233610003,243.6827009787867,1267.0107700052504,66.10105903544654,23146.86992520943,1988.741271933965,17460.619429861523,5279.956322901031
29.93871307373047,343.9234619140625,0.7855758666992188,343.9234619140625,0.0005127026233822107,344.62640380859375,5086.765625,0.19921875,0.9488007426261902,832,4,26.576978233610003,243.6827009787867,1267.0107700052504,66.10105903544654,23146.86992520943,1988.741271933965,17460.619429861523,5279.956322901031
23.095169067382812,286.3198547363281,0.42703503370285034,286.3198547363281,0.0001586196303833276,40.60011291503906,4761.6259765625,0.19921875,0.9470587968826294,833,4,26.576978233610003,243.6827009787867,1267.0107700052504,66.10105903544654,23146.86992520943,1988.741271933965,17460.619429861523,5279.956322901031
23.470134735107422,264.52239990234375,0.4900021255016327,264.5224304199219,0.0001347668730886653,123.2364501953125,4762.65576171875,0.1953125,0.9478662610054016,834,4,26.576978233610003,243.6827009787867,1267.0107700052504,66.10105903544654,23146.86992520943,1988.741271933965,17460.619429861523,5279.956322901031
37.849586486816406,406.2870178222656,0.787915050983429,406.2870178222656,0.0008208960643969476,1234.866455078125,4895.025390625,0.2421875,0.9505820870399475,835,4,26.576978233610003,243.6827009787867,1267.0107700052504,66.10105903544654,23146.86992520943,1988.741271933965,17460.619429861523,5279.956322901031
18.271379470825195,198.78787231445312,0.24753238260746002,198.78787231445312,3.260280209360644e-05,5.4052300453186035,4495.64697265625,0.15625,0.9481356739997864,836,4,26.576978233610003,243.6827009787867,1267.0107700052504,66.10105903544654,23146.86992520943,1988.741271933965,17460.619429861523,5279.956322901031
45.820404052734375,477.7617492675781,0.883633017539978,477.76171875,0.00010081095388159156,3468.466796875,4780.17138671875,0.23046875,0.9492085576057434,837,4,26.576978233610003,243.6827009787867,1267.0107700052504,66.10105903544654,23146.86992520943,1988.741271933965,17460.619429861523,5279.956322901031
31.568300247192383,350.37823486328125,0.8518439531326294,350.37823486328125,0.00012609455734491348,288.0079345703125,4761.3134765625,0.2109375,0.9476522207260132,838,4,26.576978233610003,243.6827009787867,1267.0107700052504,66.10105903544654,23146.86992520943,1988.741271933965,17460.619429861523,5279.956322901031
34.522701263427734,368.4032287597656,0.47751206159591675,368.4032287597656,0.0004581910907290876,444.3861083984375,4795.1611328125,0.19921875,0.9520071744918823,839,4,26.576978233610003,243.6827009787867,1267.0107700052504,66.10105903544654,23146.86992520943,1988.741271933965,17460.619429861523,5279.956322901031
22.72218894958496,238.51025390625,0.26342231035232544,238.51025390625,4.791826358996332e-05,47.99831771850586,4663.5126953125,0.15625,0.9465886950492859,840,4,26.576978233610003,243.6827009787867,1267.0107700052504,66.10105903544654,23146.86992520943,1988.741271933965,17460.619429861523,5279.956322901031
30.776418685913086,334.8439636230469,0.5800297260284424,334.843994140625,8.052968769334257e-05,62.63059616088867,5034.62353515625,0.171875,0.950056791305542,841,4,26.576978233610003,243.6827009787867,1267.0107700052504,66.10105903544654,23146.86992520943,1988.741271933965,17460.619429861523,5279.956322901031
29.705081939697266,358.37188720703125,0.47215816378593445,358.3719177246094,8.73538083396852e-05,427.0707702636719,4694.24609375,0.234375,0.9485526084899902,842,4,26.576978233610003,243.6827009787867,1267.0107700052504,66.10105903544654,23146.86992520943,1988.741271933965,17460.619429861523,5279.956322901031
26.79845428466797,303.83282470703125,0.39749884605407715,303.83282470703125,0.0004772342217620462,123.03648376464844,4830.36669921875,0.21484375,0.9489720463752747,843,4,26.576978233610003,243.6827009787867,1267.0107700052504,66.10105903544654,23146.86992520943,1988.741271933965,17460.619429861523,5279.956322901031
32.68836975097656,390.995361328125,0.6091140508651733,390.995361328125,8.921159314922988e-05,246.93785095214844,5015.2509765625,0.2109375,0.9512345194816589,844,4,26.576978233610003,243.6827009787867,1267.0107700052504,66.10105903544654,23146.86992520943,1988.741271933965,17460.619429861523,5279.956322901031
29.58936309814453,351.1587219238281,0.40637847781181335,351.1587219238281,4.564855044009164e-05,657.5532836914062,4781.7607421875,0.1796875,0.9460699558258057,845,4,26.576978233610003,243.6827009787867,1267.0107700052504,66.10105903544654,23146.86992520943,1988.741271933965,17460.619429861523,5279.956322901031
29.370399475097656,350.6007995605469,0.451249361038208,350.600830078125,6.777740782126784e-05,464.1584167480469,4983.36181640625,0.1875,0.9534429311752319,846,4,26.576978233610003,243.6827009787867,1267.0107700052504,66.10105903544654,23146.86992520943,1988.741271933965,17460.619429861523,5279.956322901031
35.204925537109375,415.8118896484375,0.45651566982269287,415.8118896484375,0.0004793883126694709,1403.689697265625,5000.93701171875,0.20703125,0.9483186602592468,847,4,26.576978233610003,243.6827009787867,1267.0107700052504,66.10105903544654,23146.86992520943,1988.741271933965,17460.619429861523,5279.956322901031
22.210512161254883,264.11065673828125,0.3446732461452484,264.11065673828125,0.00013762223534286022,189.41357421875,4610.23779296875,0.2109375,0.950782835483551,848,4,26.576978233610003,243.6827009787867,1267.0107700052504,66.10105903544654,23146.86992520943,1988.741271933965,17460.619429861523,5279.956322901031
23.744606018066406,267.3990783691406,0.2687861919403076,267.3990783691406,3.110465331701562e-05,247.37484741210938,4763.970703125,0.22265625,0.9482103586196899,849,4,26.576978233610003,243.6827009787867,1267.0107700052504,66.10105903544654,23146.86992520943,1988.741271933965,17460.619429861523,5279.956322901031
18.736858367919922,225.1142578125,0.3374435603618622,225.1142578125,3.36959637934342e-05,9.807104110717773,4673.3173828125,0.15234375,0.9467301964759827,850,4,26.576978233610003,243.6827009787867,1267.0107700052504,66.10105903544654,23146.86992520943,1988.741271933965,17460.619429861523,5279.956322901031
20.240028381347656,234.02491760253906,0.2538425922393799,234.02493286132812,9.713543113321066e-05,141.7053680419922,4973.3427734375,0.21875,0.947906494140625,851,4,26.576978233610003,243.6827009787867,1267.0107700052504,66.10105903544654,23146.86992520943,1988.741271933965,17460.619429861523,5279.956322901031
33.84496307373047,384.50579833984375,0.48298096656799316,384.50579833984375,0.00020089671306777745,665.5524291992188,4704.87353515625,0.21875,0.9508002400398254,852,4,26.576978233610003,243.6827009787867,1267.0107700052504,66.10105903544654,23146.86992520943,1988.741271933965,17460.619429861523,5279.956322901031
25.40001678466797,297.330078125,0.24917933344841003,297.330078125,8.494850771967322e-05,223.78744506835938,4703.65478515625,0.171875,0.9478448629379272,853,4,26.576978233610003,243.6827009787867,1267.0107700052504,66.10105903544654,23146.86992520943,1988.741271933965,17460.619429861523,5279.956322901031
31.186771392822266,360.014404296875,0.4700990915298462,360.014404296875,0.0001804651546990499,266.3031311035156,5467.2138671875,0.19140625,0.9480733871459961,854,4,26.576978233610003,243.6827009787867,1267.0107700052504,66.10105903544654,23146.86992520943,1988.741271933965,17460.619429861523,5279.956322901031
32.837745666503906,378.89410400390625,0.7227845191955566,378.89410400390625,0.0004161844844929874,314.28271484375,5177.94775390625,0.21484375,0.9468551874160767,855,4,26.576978233610003,243.6827009787867,1267.0107700052504,66.10105903544654,23146.86992520943,1988.741271933965,17460.619429861523,5279.956322901031
34.314300537109375,393.83642578125,0.5929005146026611,393.83642578125,0.00012844710727222264,634.4844970703125,5258.92724609375,0.21484375,0.9494179487228394,856,4,26.576978233610003,243.6827009787867,1267.0107700052504,66.10105903544654,23146.86992520943,1988.741271933965,17460.619429861523,5279.956322901031
23.491971969604492,260.53778076171875,0.544391930103302,260.53778076171875,3.18831080221571e-05,5.765491962432861,5318.6513671875,0.14453125,0.9477776288986206,857,4,26.576978233610003,243.6827009787867,1267.0107700052504,66.10105903544654,23146.86992520943,1988.741271933965,17460.619429861523,5279.956322901031
29.171478271484375,322.88189697265625,0.3886064887046814,322.88189697265625,0.00012893736129626632,170.1697540283203,5078.47021484375,0.2109375,0.948235034942627,858,4,26.576978233610003,243.6827009787867,1267.0107700052504,66.10105903544654,23146.86992520943,1988.741271933965,17460.619429861523,5279.956322901031
33.188079833984375,391.01788330078125,0.5733671188354492,391.01788330078125,0.00047878711484372616,336.0595703125,5031.396484375,0.203125,0.9507489800453186,859,4,26.576978233610003,243.6827009787867,1267.0107700052504,66.10105903544654,23146.86992520943,1988.741271933965,17460.619429861523,5279.956322901031
29.930313110351562,357.55352783203125,0.49071574211120605,357.55352783203125,0.0004172616172581911,331.29150390625,5152.35546875,0.22265625,0.9497279524803162,860,4,26.576978233610003,243.6827009787867,1267.0107700052504,66.10105903544654,23146.86992520943,1988.741271933965,17460.619429861523,5279.956322901031
30.039234161376953,363.53582763671875,0.5706074237823486,363.53582763671875,0.00025252485647797585,743.1798706054688,5037.5712890625,0.1953125,0.948449969291687,861,4,26.576978233610003,243.6827009787867,1267.0107700052504,66.10105903544654,23146.86992520943,1988.741271933965,17460.619429861523,5279.956322901031
24.949403762817383,318.19427490234375,0.5397032499313354,318.19427490234375,9.307668369729072e-05,95.66490173339844,5408.16943359375,0.16796875,0.9493491649627686,862,4,26.576978233610003,243.6827009787867,1267.0107700052504,66.10105903544654,23146.86992520943,1988.741271933965,17460.619429861523,5279.956322901031
22.777128219604492,269.64910888671875,0.3538391888141632,269.64910888671875,7.543073297711089e-05,53.9661750793457,4958.43359375,0.18359375,0.9502719044685364,863,4,26.576978233610003,243.6827009787867,1267.0107700052504,66.10105903544654,23146.86992520943,1988.741271933965,17460.619429861523,5279.956322901031
30.033884048461914,358.1398620605469,0.5392582416534424,358.1398620605469,7.860988262109458e-05,237.742919921875,5243.8486328125,0.19921875,0.9498929977416992,864,4,26.576978233610003,243.6827009787867,1267.0107700052504,66.10105903544654,23146.86992520943,1988.741271933965,17460.619429861523,5279.956322901031
29.87637710571289,336.6028747558594,0.7924420833587646,336.6028747558594,0.0006076807039789855,341.84686279296875,5143.16552734375,0.21484375,0.9480467438697815,865,4,26.576978233610003,243.6827009787867,1267.0107700052504,66.10105903544654,23146.86992520943,1988.741271933965,17460.619429861523,5279.956322901031
38.86505889892578,467.3966064453125,0.7122362852096558,467.3966064453125,0.00035500351805239916,1057.96533203125,5451.232421875,0.234375,0.9476752877235413,866,4,26.576978233610003,243.6827009787867,1267.0107700052504,66.10105903544654,23146.86992520943,1988.741271933965,17460.619429861523,5279.956322901031
32.85906219482422,387.04180908203125,0.4260652959346771,387.04180908203125,0.00011818495113402605,611.3092651367188,5216.6416015625,0.22265625,0.950507640838623,867,4,26.576978233610003,243.6827009787867,1267.0107700052504,66.10105903544654,23146.86992520943,1988.741271933965,17460.619429861523,5279.956322901031
25.056011199951172,297.31707763671875,0.4579237401485443,297.31707763671875,0.000340418511768803,73.75397491455078,4741.9052734375,0.18359375,0.9501320719718933,868,4,26.576978233610003,243.6827009787867,1267.0107700052504,66.10105903544654,23146.86992520943,1988.741271933965,17460.619429861523,5279.956322901031
27.255783081054688,329.3008117675781,0.3906881809234619,329.3008117675781,3.532828850438818e-05,278.4900817871094,5280.83154296875,0.20703125,0.9493494033813477,869,4,26.576978233610003,243.6827009787867,1267.0107700052504,66.10105903544654,23146.86992520943,1988.741271933965,17460.619429861523,5279.956322901031
28.237707138061523,370.7376708984375,0.6354250907897949,370.7376708984375,0.00011634117981884629,59.653568267822266,5525.73388671875,0.1640625,0.9494233727455139,870,4,26.576978233610003,243.6827009787867,1267.0107700052504,66.10105903544654,23146.86992520943,1988.741271933965,17460.619429861523,5279.956322901031
26.293041229248047,326.1181335449219,0.2738572955131531,326.1181335449219,0.00016199907986447215,267.60821533203125,5255.81201171875,0.203125,0.9513043761253357,871,4,26.576978233610003,243.6827009787867,1267.0107700052504,66.10105903544654,23146.86992520943,1988.741271933965,17460.619429861523,5279.956322901031
32.00069046020508,391.03778076171875,0.36020129919052124,391.0377502441406,8.278676250483841e-05,950.4478759765625,5237.451171875,0.23046875,0.9490440487861633,872,4,26.576978233610003,243.6827009787867,1267.0107700052504,66.10105903544654,23146.86992520943,1988.741271933965,17460.619429861523,5279.956322901031
30.74492073059082,378.92425537109375,0.5881784558296204,378.92425537109375,7.42359843570739e-05,255.56671142578125,5580.14111328125,0.19140625,0.9479019641876221,873,4,26.576978233610003,243.6827009787867,1267.0107700052504,66.10105903544654,23146.86992520943,1988.741271933965,17460.619429861523,5279.956322901031
27.605833053588867,303.89495849609375,0.4478001594543457,303.89495849609375,8.895804057829082e-05,68.9994888305664,5639.2373046875,0.18359375,0.9462172389030457,874,4,26.576978233610003,243.6827009787867,1267.0107700052504,66.10105903544654,23146.86992520943,1988.741271933965,17460.619429861523,5279.956322901031
28.849414825439453,363.57403564453125,0.37249231338500977,363.57403564453125,0.00047161357360892,219.89422607421875,5700.13232421875,0.20703125,0.949479877948761,875,4,26.576978233610003,243.6827009787867,1267.0107700052504,66.10105903544654,23146.86992520943,1988.741271933965,17460.619429861523,5279.956322901031
24.775514602661133,309.14031982421875,0.5517318844795227,309.14031982421875,1.4128556358627975e-05,58.112491607666016,5614.646484375,0.18359375,0.9532465934753418,876,4,26.576978233610003,243.6827009787867,1267.0107700052504,66.10105903544654,23146.86992520943,1988.741271933965,17460.619429861523,5279.956322901031
21.442665100097656,263.6033935546875,0.2397083044052124,263.6033935546875,0.00012000272545265034,140.93223571777344,5055.50927734375,0.20703125,0.9485110640525818,877,4,26.576978233610003,243.6827009787867,1267.0107700052504,66.10105903544654,23146.86992520943,1988.741271933965,17460.619429861523,5279.956322901031
34.567359924316406,430.0949401855469,0.5285570621490479,430.0949401855469,0.0001952302409335971,578.8598022460938,5786.57958984375,0.2109375,0.9487348794937134,878,4,26.576978233610003,243.6827009787867,1267.0107700052504,66.10105903544654,23146.86992520943,1988.741271933965,17460.619429861523,5279.956322901031
44.31514358520508,542.527587890625,0.8095986843109131,542.527587890625,0.0006139010656625032,1805.083740234375,6205.72607421875,0.2421875,0.948574423789978,879,4,26.576978233610003,243.6827009787867,1267.0107700052504,66.10105903544654,23146.86992520943,1988.741271933965,17460.619429861523,5279.956322901031
38.93266296386719,509.6788635253906,0.7352738380432129,509.6788635253906,0.0005686916992999613,1175.4337158203125,5686.6142578125,0.22265625,0.9461790919303894,880,4,26.576978233610003,243.6827009787867,1267.0107700052504,66.10105903544654,23146.86992520943,1988.741271933965,17460.619429861523,5279.956322901031
32.41796112060547,410.64373779296875,0.44995713233947754,410.64373779296875,0.0001732958189677447,553.6587524414062,5688.9453125,0.21484375,0.9468921422958374,881,4,26.576978233610003,243.6827009787867,1267.0107700052504,66.10105903544654,23146.86992520943,1988.741271933965,17460.619429861523,5279.956322901031
27.3433895111084,318.1230773925781,0.5026304721832275,318.1230773925781,2.8644513804465532e-05,19.94615936279297,5932.33349609375,0.17578125,0.9478194117546082,882,4,26.576978233610003,243.6827009787867,1267.0107700052504,66.10105903544654,23146.86992520943,1988.741271933965,17460.619429861523,5279.956322901031
21.412424087524414,274.28399658203125,0.21902784705162048,274.28399658203125,0.0010361726162955165,301.755126953125,5216.068359375,0.234375,0.949195921421051,883,4,26.576978233610003,243.6827009787867,1267.0107700052504,66.10105903544654,23146.86992520943,1988.741271933965,17460.619429861523,5279.956322901031
37.240875244140625,468.9019470214844,0.4979625344276428,468.9019470214844,0.00018393521895632148,908.6639404296875,5619.48828125,0.23828125,0.949675977230072,884,4,26.576978233610003,243.6827009787867,1267.0107700052504,66.10105903544654,23146.86992520943,1988.741271933965,17460.619429861523,5279.956322901031
21.536867141723633,264.942138671875,0.3143154978752136,264.942138671875,0.00022264389554038644,95.77197265625,5337.3837890625,0.1875,0.9482525587081909,885,4,26.576978233610003,243.6827009787867,1267.0107700052504,66.10105903544654,23146.86992520943,1988.741271933965,17460.619429861523,5279.956322901031
22.44394874572754,299.8952331542969,0.3271728754043579,299.8952331542969,0.0001158450759248808,148.8523406982422,5855.79833984375,0.1875,0.9475358128547668,886,4,26.576978233610003,243.6827009787867,1267.0107700052504,66.10105903544654,23146.86992520943,1988.741271933965,17460.619429861523,5279.956322901031
32.694618225097656,377.5238952636719,0.49009302258491516,377.5238952636719,0.0002056387165794149,669.066650390625,5656.0361328125,0.21484375,0.9491153955459595,887,4,26.576978233610003,243.6827009787867,1267.0107700052504,66.10105903544654,23146.86992520943,1988.741271933965,17460.619429861523,5279.956322901031
30.15761947631836,402.97369384765625,0.4746144413948059,402.97369384765625,0.00010599977395031601,510.19097900390625,5895.22998046875,0.22265625,0.9492776989936829,888,4,26.576978233610003,243.6827009787867,1267.0107700052504,66.10105903544654,23146.86992520943,1988.741271933965,17460.619429861523,5279.956322901031
21.308494567871094,277.04339599609375,0.2918543219566345,277.04339599609375,0.00027230576961301267,69.97903442382812,5826.03466796875,0.18359375,0.9490019679069519,889,4,26.576978233610003,243.6827009787867,1267.0107700052504,66.10105903544654,23146.86992520943,1988.741271933965,17460.619429861523,5279.956322901031
26.954757690429688,360.69586181640625,0.3809800148010254,360.69586181640625,0.00014201243175193667,211.09848022460938,5662.50634765625,0.21484375,0.9494220018386841,890,4,26.576978233610003,243.6827009787867,1267.0107700052504,66.10105903544654,23146.86992520943,1988.741271933965,17460.619429861523,5279.956322901031
29.887006759643555,383.03521728515625,0.4713508188724518,383.03521728515625,0.0003817718825303018,401.65423583984375,5738.48095703125,0.22265625,0.9489450454711914,891,4,26.576978233610003,243.6827009787867,1267.0107700052504,66.10105903544654,23146.86992520943,1988.741271933965,17460.619429861523,5279.956322901031
30.2255916595459,366.52423095703125,0.46312573552131653,366.52423095703125,0.00010119348007719964,128.6356964111328,5933.96142578125,0.21875,0.9497178196907043,892,4,26.576978233610003,243.6827009787867,1267.0107700052504,66.10105903544654,23146.86992520943,1988.741271933965,17460.619429861523,5279.956322901031
35.11872100830078,434.915283203125,0.5118954181671143,434.915283203125,7.055563037283719e-05,768.5450439453125,5889.02392578125,0.1796875,0.9504914879798889,893,4,26.576978233610003,243.6827009787867,1267.0107700052504,66.10105903544654,23146.86992520943,1988.741271933965,17460.619429861523,5279.956322901031
36.59187316894531,451.7791748046875,0.5370073914527893,451.7791748046875,2.394850889686495e-05,1032.186279296875,5740.64599609375,0.16796875,0.9475467205047607,894,4,26.576978233610003,243.6827009787867,1267.0107700052504,66.10105903544654,23146.86992520943,1988.741271933965,17460.619429861523,5279.956322901031
20.960363388061523,269.1402587890625,0.2580565810203552,269.1402587890625,0.0001420989283360541,39.462371826171875,5391.1728515625,0.15234375,0.9500348567962646,895,4,26.576978233610003,243.6827009787867,1267.0107700052504,66.10105903544654,23146.86992520943,1988.741271933965,17460.619429861523,5279.956322901031
15.991901397705078,205.52603149414062,0.16180026531219482,205.52603149414062,0.00011698502930812538,69.77557373046875,5054.96826171875,0.1796875,0.9524580836296082,896,4,26.576978233610003,243.6827009787867,1267.0107700052504,66.10105903544654,23146.86992520943,1988.741271933965,17460.619429861523,5279.956322901031
35.7491340637207,456.67059326171875,0.6314392685890198,456.67059326171875,0.0001680714776739478,629.5560913085938,6242.15380859375,0.19140625,0.9499197602272034,897,4,26.576978233610003,243.6827009787867,1267.0107700052504,66.10105903544654,23146.86992520943,1988.741271933965,17460.619429861523,5279.956322901031
35.030433654785156,426.4381408691406,0.533077597618103,426.4381408691406,0.00018825776351150125,669.710693359375,5617.20068359375,0.20703125,0.9471197724342346,898,4,26.576978233610003,243.6827009787867,1267.0107700052504,66.10105903544654,23146.86992520943,1988.741271933965,17460.619429861523,5279.956322901031
29.03484344482422,352.69793701171875,0.6382235884666443,352.69793701171875,9.240815415978432e-05,292.5684814453125,5867.33349609375,0.19921875,0.9496580958366394,899,4,26.576978233610003,243.6827009787867,1267.0107700052504,66.10105903544654,23146.86992520943,1988.741271933965,17460.619429861523,5279.956322901031
35.48809051513672,451.6422424316406,0.43692252039909363,451.6422424316406,0.00017412900342606008,448.006591796875,6181.10888671875,0.19140625,0.9472262263298035,900,4,26.576978233610003,243.6827009787867,1267.0107700052504,66.10105903544654,23146.86992520943,1988.741271933965,17460.619429861523,5279.956322901031
22.117351531982422,270.8981018066406,0.3126354217529297,270.8980712890625,6.08746922807768e-05,30.116195678710938,5704.64013671875,0.171875,0.9494333863258362,901,4,26.576978233610003,243.6827009787867,1267.0107700052504,66.10105903544654,23146.86992520943,1988.741271933965,17460.619429861523,5279.956322901031
27.635608673095703,353.25885009765625,0.4649810791015625,353.25885009765625,9.969554957933724e-05,62.759605407714844,6337.17626953125,0.18359375,0.946434497833252,902,4,26.576978233610003,243.6827009787867,1267.0107700052504,66.10105903544654,23146.86992520943,1988.741271933965,17460.619429861523,5279.956322901031
23.83841323852539,314.2354431152344,0.2967619299888611,314.2354736328125,0.0006314793135970831,133.7044219970703,6252.5380859375,0.1796875,0.9471970796585083,903,4,26.576978233610003,243.6827009787867,1267.0107700052504,66.10105903544654,23146.86992520943,1988.741271933965,17460.619429861523,5279.956322901031
38.862449645996094,512.5667724609375,0.594334602355957,512.5667724609375,0.0008343992521986365,1500.513427734375,6003.1298828125,0.22265625,0.9468410015106201,904,4,26.576978233610003,243.6827009787867,1267.0107700052504,66.10105903544654,23146.86992520943,1988.741271933965,17460.619429861523,5279.956322901031
25.641136169433594,320.37982177734375,0.2578731179237366,320.3798522949219,0.0006736087379977107,272.1178283691406,5644.04052734375,0.234375,0.9483262300491333,905,4,26.576978233610003,243.6827009787867,1267.0107700052504,66.10105903544654,23146.86992520943,1988.741271933965,17460.619429861523,5279.956322901031
29.571168899536133,362.5397033691406,0.4167042076587677,362.5397033691406,0.0005457332590594888,41.06446075439453,6259.611328125,0.19921875,0.9477004408836365,906,4,26.576978233610003,243.6827009787867,1267.0107700052504,66.10105903544654,23146.86992520943,1988.741271933965,17460.619429861523,5279.956322901031
36.069679260253906,423.16265869140625,1.0317673683166504,423.16265869140625,0.0001018679904518649,785.7325439453125,6193.81689453125,0.19140625,0.9491921067237854,907,4,26.576978233610003,243.6827009787867,1267.0107700052504,66.10105903544654,23146.86992520943,1988.741271933965,17460.619429861523,5279.956322901031
33.04091262817383,432.43365478515625,0.3612976372241974,432.4336242675781,0.00018944726616609842,427.668701171875,5836.900390625,0.2109375,0.9477580189704895,908,4,26.576978233610003,243.6827009787867,1267.0107700052504,66.10105903544654,23146.86992520943,1988.741271933965,17460.619429861523,5279.956322901031
34.19578552246094,453.89691162109375,0.5737523436546326,453.89691162109375,0.00024173948622774333,388.492919921875,6122.93603515625,0.2265625,0.9464269280433655,909,4,26.576978233610003,243.6827009787867,1267.0107700052504,66.10105903544654,23146.86992520943,1988.741271933965,17460.619429861523,5279.956322901031
26.94816780090332,352.023193359375,0.46014004945755005,352.0231628417969,0.0003148603136651218,159.5369415283203,5667.751953125,0.19921875,0.9473342895507812,910,4,26.576978233610003,243.6827009787867,1267.0107700052504,66.10105903544654,23146.86992520943,1988.741271933965,17460.619429861523,5279.956322901031
14.429736137390137,172.78424072265625,0.2352714240550995,172.78424072265625,0.0005492260097526014,52.36594772338867,5576.32470703125,0.1640625,0.9520832896232605,911,4,26.576978233610003,243.6827009787867,1267.0107700052504,66.10105903544654,23146.86992520943,1988.741271933965,17460.619429861523,5279.956322901031
26.490665435791016,342.77227783203125,0.3617866039276123,342.77227783203125,3.058159563806839e-05,266.65869140625,5944.095703125,0.1875,0.9499537944793701,912,4,26.576978233610003,243.6827009787867,1267.0107700052504,66.10105903544654,23146.86992520943,1988.741271933965,17460.619429861523,5279.956322901031
41.89411544799805,545.5763549804688,0.4706226587295532,545.5763549804688,0.00019068281108047813,1185.7431640625,6040.361328125,0.2265625,0.9483031034469604,913,4,26.576978233610003,243.6827009787867,1267.0107700052504,66.10105903544654,23146.86992520943,1988.741271933965,17460.619429861523,5279.956322901031
21.25630760192871,279.91766357421875,0.27404600381851196,279.9176330566406,4.7373410779982805e-05,73.48165893554688,5937.94091796875,0.16015625,0.9480965733528137,914,4,26.576978233610003,243.6827009787867,1267.0107700052504,66.10105903544654,23146.86992520943,1988.741271933965,17460.619429861523,5279.956322901031
36.85545349121094,470.4776916503906,0.5102250576019287,470.47772216796875,0.0001541950332466513,801.89013671875,6839.51416015625,0.25,0.9515498876571655,915,4,26.576978233610003,243.6827009787867,1267.0107700052504,66.10105903544654,23146.86992520943,1988.741271933965,17460.619429861523,5279.956322901031
34.44359588623047,440.1173095703125,0.568972647190094,440.1173095703125,0.00015289201110135764,658.734130859375,6367.615234375,0.2109375,0.9507163166999817,916,4,26.576978233610003,243.6827009787867,1267.0107700052504,66.10105903544654,23146.86992520943,1988.741271933965,17460.619429861523,5279.956322901031
26.29833221435547,352.2940673828125,0.5308384895324707,352.2940673828125,6.473424582509324e-05,274.17657470703125,6109.2333984375,0.203125,0.9494200348854065,917,4,26.576978233610003,243.6827009787867,1267.0107700052504,66.10105903544654,23146.86992520943,1988.741271933965,17460.619429861523,5279.956322901031
19.325626373291016,253.15878295898438,0.32877981662750244,253.15878295898438,5.464675632538274e-05,24.88822364807129,5984.759765625,0.15625,0.9484369158744812,918,4,26.576978233610003,243.6827009787867,1267.0107700052504,66.10105903544654,23146.86992520943,1988.741271933965,17460.619429861523,5279.956322901031
31.52619743347168,410.9018249511719,0.43767061829566956,410.90185546875,0.00014538096729665995,199.38973999023438,5661.09423828125,0.19921875,0.9493361711502075,919,4,26.576978233610003,243.6827009787867,1267.0107700052504,66.10105903544654,23146.86992520943,1988.741271933965,17460.619429861523,5279.956322901031
29.964618682861328,376.9690246582031,0.449501097202301,376.9690246582031,0.0006882296875119209,117.97175598144531,5884.0732421875,0.203125,0.9503217339515686,920,4,26.576978233610003,243.6827009787867,1267.0107700052504,66.10105903544654,23146.86992520943,1988.741271933965,17460.619429861523,5279.956322901031
41.49597930908203,558.695556640625,0.627448320388794,558.695556640625,0.00016411172691732645,2653.677734375,6163.2099609375,0.21875,0.9484171271324158,921,4,26.576978233610003,243.6827009787867,1267.0107700052504,66.10105903544654,23146.86992520943,1988.741271933965,17460.619429861523,5279.956322901031
33.12118148803711,409.1009521484375,0.6896212100982666,409.1009521484375,0.00042141153244301677,323.19964599609375,6336.67919921875,0.19140625,0.9491866827011108,922,4,26.576978233610003,243.6827009787867,1267.0107700052504,66.10105903544654,23146.86992520943,1988.741271933965,17460.619429861523,5279.956322901031
20.13874053955078,265.70941162109375,0.2592431604862213,265.7093811035156,0.00014257102156989276,61.86424255371094,5788.19775390625,0.19140625,0.9482143521308899,923,4,26.576978233610003,243.6827009787867,1267.0107700052504,66.10105903544654,23146.86992520943,1988.741271933965,17460.619429861523,5279.956322901031
39.935604095458984,513.83203125,0.7734453082084656,513.83203125,7.177332736318931e-05,934.4609985351562,6276.64404296875,0.203125,0.9483997225761414,924,4,26.576978233610003,243.6827009787867,1267.0107700052504,66.10105903544654,23146.86992520943,1988.741271933965,17460.619429861523,5279.956322901031
30.12615203857422,391.9039611816406,0.36441582441329956,391.9039611816406,8.02704380475916e-05,45.60612869262695,6016.80517578125,0.21875,0.9511499404907227,925,4,26.576978233610003,243.6827009787867,1267.0107700052504,66.10105903544654,23146.86992520943,1988.741271933965,17460.619429861523,5279.956322901031
25.978063583374023,328.293212890625,0.2681015729904175,328.2931823730469,0.000170087005244568,346.8702392578125,5781.3798828125,0.22265625,0.9479489922523499,926,4,26.576978233610003,243.6827009787867,1267.0107700052504,66.10105903544654,23146.86992520943,1988.741271933965,17460.619429861523,5279.956322901031
34.69073486328125,431.7767333984375,0.6528317928314209,431.7767028808594,0.0001446483365725726,277.0919189453125,6339.33642578125,0.20703125,0.9499912261962891,927,4,26.576978233610003,243.6827009787867,1267.0107700052504,66.10105903544654,23146.86992520943,1988.741271933965,17460.619429861523,5279.956322901031
43.162567138671875,550.59814453125,0.5924016237258911,550.59814453125,8.764900849200785e-05,2444.852783203125,6218.53125,0.21484375,0.9470065236091614,928,4,26.576978233610003,243.6827009787867,1267.0107700052504,66.10105903544654,23146.86992520943,1988.741271933965,17460.619429861523,5279.956322901031
31.8930721282959,411.6025695800781,0.5434373617172241,411.6025390625,0.00030154368141666055,378.30377197265625,6038.3046875,0.20703125,0.9481749534606934,929,4,26.576978233610003,243.6827009787867,1267.0107700052504,66.10105903544654,23146.86992520943,1988.741271933965,17460.619429861523,5279.956322901031
37.330780029296875,508.3877868652344,0.6297303438186646,508.3877868652344,7.352709508268163e-05,640.167724609375,6352.3046875,0.19140625,0.9496815204620361,930,4,26.576978233610003,243.6827009787867,1267.0107700052504,66.10105903544654,23146.86992520943,1988.741271933965,17460.619429861523,5279.956322901031
27.3538818359375,352.5458984375,0.3579396605491638,352.5459289550781,7.699344132561237e-05,215.31265258789062,5712.1416015625,0.171875,0.9476789236068726,931,4,26.576978233610003,243.6827009787867,1267.0107700052504,66.10105903544654,23146.86992520943,1988.741271933965,17460.619429861523,5279.956322901031
43.76969909667969,573.227294921875,0.6859407424926758,573.227294921875,0.00021792479674331844,2165.892822265625,6183.576171875,0.25390625,0.9468444585800171,932,4,26.576978233610003,243.6827009787867,1267.0107700052504,66.10105903544654,23146.86992520943,1988.741271933965,17460.619429861523,5279.956322901031
30.864410400390625,426.2972106933594,0.455616295337677,426.2972106933594,0.0006788140162825584,681.4562377929688,6284.22314453125,0.22265625,0.9512437582015991,933,4,26.576978233610003,243.6827009787867,1267.0107700052504,66.10105903544654,23146.86992520943,1988.741271933965,17460.619429861523,5279.956322901031
37.49639892578125,488.70556640625,0.731279730796814,488.70556640625,0.0005648472579196095,1177.487548828125,6549.61962890625,0.19921875,0.9513717889785767,934,4,26.576978233610003,243.6827009787867,1267.0107700052504,66.10105903544654,23146.86992520943,1988.741271933965,17460.619429861523,5279.956322901031
36.82270812988281,508.7469177246094,0.5874847173690796,508.7469177246094,0.0003308345330879092,990.139892578125,6689.83056640625,0.234375,0.9493576884269714,935,4,26.576978233610003,243.6827009787867,1267.0107700052504,66.10105903544654,23146.86992520943,1988.741271933965,17460.619429861523,5279.956322901031
29.390342712402344,390.4265441894531,0.36026692390441895,390.426513671875,0.00017104289145208895,313.004150390625,6113.25244140625,0.2109375,0.9492148756980896,936,4,26.576978233610003,243.6827009787867,1267.0107700052504,66.10105903544654,23146.86992520943,1988.741271933965,17460.619429861523,5279.956322901031
24.3690242767334,229.8915557861328,0.6431580185890198,229.8915557861328,6.989645771682262e-05,237.27259826660156,3937.237060546875,0.21484375,0.9510356783866882,937,5,26.447886530496582,53.491627825152925,1269.205172438573,52.58316771308948,15558.468968833344,4566.577976658287,7258.187276830791,8809.478503353275
31.713912963867188,295.27508544921875,0.6943908929824829,295.27508544921875,2.870903699658811e-05,621.3314819335938,3668.954345703125,0.18359375,0.9481332302093506,938,5,26.447886530496582,53.491627825152925,1269.205172438573,52.58316771308948,15558.468968833344,4566.577976658287,7258.187276830791,8809.478503353275
49.17181396484375,458.32452392578125,0.9149273633956909,458.32452392578125,6.701452366542071e-05,2972.9453125,3975.33642578125,0.2109375,0.95075523853302,939,5,26.447886530496582,53.491627825152925,1269.205172438573,52.58316771308948,15558.468968833344,4566.577976658287,7258.187276830791,8809.478503353275
15.908848762512207,148.59158325195312,0.18860042095184326,148.59158325195312,1.3341064914129674e-05,23.615867614746094,3551.9541015625,0.1484375,0.9519709944725037,940,5,26.447886530496582,53.491627825152925,1269.205172438573,52.58316771308948,15558.468968833344,4566.577976658287,7258.187276830791,8809.478503353275
32.60675048828125,283.0374450683594,0.5364382266998291,283.0374450683594,0.00017608296184334904,429.6046142578125,3607.853759765625,0.2265625,0.9474095702171326,941,5,26.447886530496582,53.491627825152925,1269.205172438573,52.58316771308948,15558.468968833344,4566.577976658287,7258.187276830791,8809.478503353275
40.85568618774414,374.41973876953125,0.6316300630569458,374.41973876953125,0.00012476214033085853,2223.505859375,3626.174560546875,0.18359375,0.9485639929771423,942,5,26.447886530496582,53.491627825152925,1269.205172438573,52.58316771308948,15558.468968833344,4566.577976658287,7258.187276830791,8809.478503353275
28.29236602783203,251.18507385253906,0.4924967885017395,251.18507385253906,3.78013210138306e-05,102.16729736328125,3680.198486328125,0.203125,0.949716329574585,943,5,26.447886530496582,53.491627825152925,1269.205172438573,52.58316771308948,15558.468968833344,4566.577976658287,7258.187276830791,8809.478503353275
23.46454620361328,209.71652221679688,0.5807799696922302,209.71652221679688,5.0116184866055846e-05,39.02200698852539,3934.78076171875,0.1640625,0.9495050311088562,944,5,26.447886530496582,53.491627825152925,1269.205172438573,52.58316771308948,15558.468968833344,4566.577976658287,7258.187276830791,8809.478503353275
22.710494995117188,207.20578002929688,0.30742061138153076,207.20578002929688,3.244104664190672e-05,13.773393630981445,3709.0712890625,0.15625,0.9502214193344116,945,5,26.447886530496582,53.491627825152925,1269.205172438573,52.58316771308948,15558.468968833344,4566.577976658287,7258.187276830791,8809.478503353275
29.52606201171875,262.1050720214844,0.6017916202545166,262.1050720214844,7.139900844777003e-05,291.67718505859375,3824.642578125,0.15625,0.9483898282051086,946,5,26.447886530496582,53.491627825152925,1269.205172438573,52.58316771308948,15558.468968833344,4566.577976658287,7258.187276830791,8809.478503353275
24.62594223022461,221.23037719726562,0.2460290640592575,221.23037719726562,3.114384526270442e-05,47.26885223388672,3544.626708984375,0.16015625,0.9468938708305359,947,5,26.447886530496582,53.491627825152925,1269.205172438573,52.58316771308948,15558.468968833344,4566.577976658287,7258.187276830791,8809.478503353275
32.71405029296875,290.43182373046875,0.5552206039428711,290.43182373046875,5.827135464642197e-05,395.68096923828125,3769.876708984375,0.23046875,0.9515522718429565,948,5,26.447886530496582,53.491627825152925,1269.205172438573,52.58316771308948,15558.468968833344,4566.577976658287,7258.187276830791,8809.478503353275
24.61130714416504,234.3062744140625,0.5566668510437012,234.3062744140625,0.00017450196901336312,171.54885864257812,3734.020263671875,0.18359375,0.9511933326721191,949,5,26.447886530496582,53.491627825152925,1269.205172438573,52.58316771308948,15558.468968833344,4566.577976658287,7258.187276830791,8809.478503353275
29.278955459594727,259.96539306640625,0.41019052267074585,259.96539306640625,4.2180283344350755e-05,259.2591552734375,3808.70751953125,0.19921875,0.947359561920166,950,5,26.447886530496582,53.491627825152925,1269.205172438573,52.58316771308948,15558.468968833344,4566.577976658287,7258.187276830791,8809.478503353275
24.75596809387207,240.57215881347656,0.41871148347854614,240.57215881347656,1.557618088554591e-05,128.27435302734375,3845.802978515625,0.13671875,0.9485552906990051,951,5,26.447886530496582,53.491627825152925,1269.205172438573,52.58316771308948,15558.468968833344,4566.577976658287,7258.187276830791,8809.478503353275
19.566547393798828,173.09127807617188,0.2934449315071106,173.09127807617188,1.2980364772374742e-05,2.408374547958374,3612.13427734375,0.1171875,0.948905885219574,952,5,26.447886530496582,53.491627825152925,1269.205172438573,52.58316771308948,15558.468968833344,4566.577976658287,7258.187276830791,8809.478503353275
27.942176818847656,265.25250244140625,0.5989241003990173,265.25250244140625,4.4069853174733e-05,432.3990478515625,3728.7255859375,0.19140625,0.9490606188774109,953,5,26.447886530496582,53.491627825152925,1269.205172438573,52.58316771308948,15558.468968833344,4566.577976658287,7258.187276830791,8809.478503353275
26.45721435546875,236.92807006835938,0.30458152294158936,236.92807006835938,1.3641600162372924e-05,49.23387908935547,3790.65478515625,0.17578125,0.9505783319473267,954,5,26.447886530496582,53.491627825152925,1269.205172438573,52.58316771308948,15558.468968833344,4566.577976658287,7258.187276830791,8809.478503353275
23.68821907043457,219.7294921875,0.5169557332992554,219.7294921875,2.584133471827954e-05,111.91564178466797,3642.046142578125,0.15625,0.9489396810531616,955,5,26.447886530496582,53.491627825152925,1269.205172438573,52.58316771308948,15558.468968833344,4566.577976658287,7258.187276830791,8809.478503353275
23.888107299804688,224.73867797851562,0.46780216693878174,224.7386932373047,2.6528014132054523e-05,33.95547103881836,3841.442138671875,0.16015625,0.9452404379844666,956,5,26.447886530496582,53.491627825152925,1269.205172438573,52.58316771308948,15558.468968833344,4566.577976658287,7258.187276830791,8809.478503353275
29.45775604248047,284.61602783203125,0.5859483480453491,284.61602783203125,3.2215320970863104e-05,398.5018310546875,4062.3662109375,0.1796875,0.9476853013038635,957,5,26.447886530496582,53.491627825152925,1269.205172438573,52.58316771308948,15558.468968833344,4566.577976658287,7258.187276830791,8809.478503353275
25.83262825012207,244.7099609375,0.5740618705749512,244.7099609375,2.2057905880501494e-05,224.28994750976562,4016.54541015625,0.1875,0.9491754174232483,958,5,26.447886530496582,53.491627825152925,1269.205172438573,52.58316771308948,15558.468968833344,4566.577976658287,7258.187276830791,8809.478503353275
23.37082862854004,213.162841796875,0.4424957036972046,213.162841796875,1.9672337657539174e-05,24.800704956054688,3655.55322265625,0.16015625,0.9478578567504883,959,5,26.447886530496582,53.491627825152925,1269.205172438573,52.58316771308948,15558.468968833344,4566.577976658287,7258.187276830791,8809.478503353275
35.36085510253906,311.3050231933594,0.7243000268936157,311.30499267578125,2.2145941329654306e-05,515.550048828125,4142.43017578125,0.203125,0.9489098787307739,960,5,26.447886530496582,53.491627825152925,1269.205172438573,52.58316771308948,15558.468968833344,4566.577976658287,7258.187276830791,8809.478503353275
23.47967529296875,205.34600830078125,0.35450583696365356,205.34600830078125,2.4928944185376167e-05,81.03661346435547,3849.3349609375,0.17578125,0.9505382180213928,961,5,26.447886530496582,53.491627825152925,1269.205172438573,52.58316771308948,15558.468968833344,4566.577976658287,7258.187276830791,8809.478503353275
24.136037826538086,199.55123901367188,0.253070592880249,199.55123901367188,2.9195092793088406e-05,74.02545928955078,3598.164794921875,0.1796875,0.9490450620651245,962,5,26.447886530496582,53.491627825152925,1269.205172438573,52.58316771308948,15558.468968833344,4566.577976658287,7258.187276830791,8809.478503353275
25.770275115966797,226.71237182617188,0.4059395492076874,226.71237182617188,9.96841390588088e-06,87.58616638183594,3733.920654296875,0.16015625,0.9518396854400635,963,5,26.447886530496582,53.491627825152925,1269.205172438573,52.58316771308948,15558.468968833344,4566.577976658287,7258.187276830791,8809.478503353275
24.776954650878906,232.29275512695312,0.5791348218917847,232.29275512695312,9.766963557922281e-06,27.44057846069336,3770.12841796875,0.1484375,0.9527960419654846,964,5,26.447886530496582,53.491627825152925,1269.205172438573,52.58316771308948,15558.468968833344,4566.577976658287,7258.187276830791,8809.478503353275
21.569591522216797,194.9537353515625,0.2964246869087219,194.9537353515625,9.874431270873174e-06,18.622760772705078,3846.85791015625,0.16796875,0.9479824900627136,965,5,26.447886530496582,53.491627825152925,1269.205172438573,52.58316771308948,15558.468968833344,4566.577976658287,7258.187276830791,8809.478503353275
23.792652130126953,206.41307067871094,0.45319297909736633,206.41307067871094,1.911337676574476e-05,104.71968841552734,3576.764404296875,0.19921875,0.9495583772659302,966,5,26.447886530496582,53.491627825152925,1269.205172438573,52.58316771308948,15558.468968833344,4566.577976658287,7258.187276830791,8809.478503353275
22.36978530883789,193.63540649414062,0.31836506724357605,193.63540649414062,2.544017115724273e-05,45.26272201538086,3719.557373046875,0.1875,0.9485312700271606,967,5,26.447886530496582,53.491627825152925,1269.205172438573,52.58316771308948,15558.468968833344,4566.577976658287,7258.187276830791,8809.478503353275
34.20599365234375,304.4046630859375,0.6567922234535217,304.4046325683594,1.679854904068634e-05,523.4297485351562,3866.310302734375,0.203125,0.9487264752388,968,5,26.447886530496582,53.491627825152925,1269.205172438573,52.58316771308948,15558.468968833344,4566.577976658287,7258.187276830791,8809.478503353275
28.9541072845459,272.9672546386719,0.5455058813095093,272.9672546386719,4.643819556804374e-05,270.931396484375,3917.791015625,0.15625,0.9491045475006104,969,5,26.447886530496582,53.491627825152925,1269.205172438573,52.58316771308948,15558.468968833344,4566.577976658287,7258.187276830791,8809.478503353275
32.654441833496094,300.0562438964844,0.4939365088939667,300.0562438964844,8.792715379968286e-05,465.28155517578125,4011.01513671875,0.16015625,0.9478629231452942,970,5,26.447886530496582,53.491627825152925,1269.205172438573,52.58316771308948,15558.468968833344,4566.577976658287,7258.187276830791,8809.478503353275
26.585338592529297,250.80804443359375,0.6136022806167603,250.80804443359375,9.126873919740319e-05,164.89080810546875,3922.92822265625,0.2109375,0.95042484998703,971,5,26.447886530496582,53.491627825152925,1269.205172438573,52.58316771308948,15558.468968833344,4566.577976658287,7258.187276830791,8809.478503353275
31.819564819335938,271.83203125,0.6066628694534302,271.83203125,5.245191277936101e-05,380.3670349121094,3913.733154296875,0.21875,0.9463465213775635,972,5,26.447886530496582,53.491627825152925,1269.205172438573,52.58316771308948,15558.468968833344,4566.577976658287,7258.187276830791,8809.478503353275
26.3144588470459,252.2628173828125,0.5015257596969604,252.2628173828125,5.026927829021588e-05,132.41864013671875,3775.421875,0.171875,0.9494804739952087,973,5,26.447886530496582,53.491627825152925,1269.205172438573,52.58316771308948,15558.468968833344,4566.577976658287,7258.187276830791,8809.478503353275
34.45333480834961,328.1929931640625,0.5169381499290466,328.1929931640625,3.690159064717591e-05,633.6617431640625,4020.1875,0.2109375,0.9467416405677795,974,5,26.447886530496582,53.491627825152925,1269.205172438573,52.58316771308948,15558.468968833344,4566.577976658287,7258.187276830791,8809.478503353275
22.473464965820312,192.0236053466797,0.4075576961040497,192.0236053466797,3.203121741535142e-05,22.791522979736328,3807.765380859375,0.17578125,0.9480679631233215,975,5,26.447886530496582,53.491627825152925,1269.205172438573,52.58316771308948,15558.468968833344,4566.577976658287,7258.187276830791,8809.478503353275
22.61526870727539,185.4488525390625,0.2536264657974243,185.4488525390625,8.465411156066693e-06,7.2560834884643555,3612.7216796875,0.13671875,0.9467220306396484,976,5,26.447886530496582,53.491627825152925,1269.205172438573,52.58316771308948,15558.468968833344,4566.577976658287,7258.187276830791,8809.478503353275
22.53925323486328,201.65850830078125,0.29319441318511963,201.6585235595703,0.00012379830877762288,35.35358428955078,3424.049560546875,0.16796875,0.9497476816177368,977,5,26.447886530496582,53.491627825152925,1269.205172438573,52.58316771308948,15558.468968833344,4566.577976658287,7258.187276830791,8809.478503353275
26.637203216552734,231.81686401367188,0.500167965888977,231.81686401367188,6.181831849971786e-05,70.76364135742188,3997.62939453125,0.171875,0.9491292238235474,978,5,26.447886530496582,53.491627825152925,1269.205172438573,52.58316771308948,15558.468968833344,4566.577976658287,7258.187276830791,8809.478503353275
27.40088653564453,233.68380737304688,0.30639785528182983,233.68380737304688,5.8495097619015723e-05,116.78286743164062,4029.551025390625,0.19140625,0.9513282179832458,979,5,26.447886530496582,53.491627825152925,1269.205172438573,52.58316771308948,15558.468968833344,4566.577976658287,7258.187276830791,8809.478503353275
41.59369659423828,364.8759765625,0.82948899269104,364.8759765625,4.347224239609204e-05,1036.7591552734375,3910.308837890625,0.21875,0.9500415325164795,980,5,26.447886530496582,53.491627825152925,1269.205172438573,52.58316771308948,15558.468968833344,4566.577976658287,7258.187276830791,8809.478503353275
18.83159637451172,177.398193359375,0.25663602352142334,177.398193359375,2.4075547116808593e-05,19.749618530273438,3850.78369140625,0.14453125,0.9464854598045349,981,5,26.447886530496582,53.491627825152925,1269.205172438573,52.58316771308948,15558.468968833344,4566.577976658287,7258.187276830791,8809.478503353275
30.373889923095703,285.5334167480469,0.3989166021347046,285.5334167480469,0.00024556240532547235,371.0374450683594,3699.978271484375,0.19921875,0.9468264579772949,982,5,26.447886530496582,53.491627825152925,1269.205172438573,52.58316771308948,15558.468968833344,4566.577976658287,7258.187276830791,8809.478503353275
39.056640625,346.8399963378906,0.6703100800514221,346.8399963378906,0.0005584895261563361,1354.656005859375,3857.071533203125,0.23046875,0.9497563242912292,983,5,26.447886530496582,53.491627825152925,1269.205172438573,52.58316771308948,15558.468968833344,4566.577976658287,7258.187276830791,8809.478503353275
16.215232849121094,150.98944091796875,0.4026062786579132,150.98944091796875,0.00010312366066500545,27.65264892578125,3730.763916015625,0.16796875,0.9489427208900452,984,5,26.447886530496582,53.491627825152925,1269.205172438573,52.58316771308948,15558.468968833344,4566.577976658287,7258.187276830791,8809.478503353275
29.041748046875,251.49713134765625,0.48915332555770874,251.49713134765625,6.23028608970344e-05,59.53076934814453,3954.656005859375,0.1875,0.9499142169952393,985,5,26.447886530496582,53.491627825152925,1269.205172438573,52.58316771308948,15558.468968833344,4566.577976658287,7258.187276830791,8809.478503353275
23.233001708984375,223.22447204589844,0.2742641568183899,223.2244873046875,2.509112164261751e-05,247.1699676513672,3662.760009765625,0.203125,0.9512857794761658,986,5,26.447886530496582,53.491627825152925,1269.205172438573,52.58316771308948,15558.468968833344,4566.577976658287,7258.187276830791,8809.478503353275
28.050329208374023,253.8743896484375,0.4434494376182556,253.8743896484375,0.00013060294440947473,140.79644775390625,4014.1064453125,0.17578125,0.9481817483901978,987,5,26.447886530496582,53.491627825152925,1269.205172438573,52.58316771308948,15558.468968833344,4566.577976658287,7258.187276830791,8809.478503353275
23.778606414794922,222.4976043701172,0.5016154646873474,222.49758911132812,3.955724969273433e-05,148.43475341796875,3786.4091796875,0.1796875,0.949627161026001,988,5,26.447886530496582,53.491627825152925,1269.205172438573,52.58316771308948,15558.468968833344,4566.577976658287,7258.187276830791,8809.478503353275
20.13055419921875,224.26742553710938,0.3069821000099182,224.26742553710938,3.538607415976003e-05,15.99954605102539,4240.16064453125,0.14453125,0.9502375721931458,989,5,26.447886530496582,53.491627825152925,1269.205172438573,52.58316771308948,15558.468968833344,4566.577976658287,7258.187276830791,8809.478503353275
37.36241149902344,337.603515625,0.5060734748840332,337.603515625,1.3681801647180691e-05,823.8137817382812,4265.14697265625,0.21484375,0.9470893144607544,990,5,26.447886530496582,53.491627825152925,1269.205172438573,52.58316771308948,15558.468968833344,4566.577976658287,7258.187276830791,8809.478503353275
22.255281448364258,201.0059814453125,0.3468145728111267,201.0059814453125,7.17251532478258e-06,9.066896438598633,3889.915771484375,0.13671875,0.9498528838157654,991,5,26.447886530496582,53.491627825152925,1269.205172438573,52.58316771308948,15558.468968833344,4566.577976658287,7258.187276830791,8809.478503353275
14.477548599243164,119.17922973632812,0.12590759992599487,119.17922973632812,5.644855264108628e-05,4.977536201477051,3703.534912109375,0.12890625,0.949476957321167,992,5,26.447886530496582,53.491627825152925,1269.205172438573,52.58316771308948,15558.468968833344,4566.577976658287,7258.187276830791,8809.478503353275
23.039478302001953,223.46554565429688,0.3437578082084656,223.46554565429688,4.88094738102518e-05,65.61233520507812,3888.051025390625,0.1796875,0.9497010707855225,993,5,26.447886530496582,53.491627825152925,1269.205172438573,52.58316771308948,15558.468968833344,4566.577976658287,7258.187276830791,8809.478503353275
15.06350040435791,152.91519165039062,0.18359076976776123,152.91519165039062,3.816712705884129e-05,41.751869201660156,3594.732421875,0.14453125,0.9504219889640808,994,5,26.447886530496582,53.491627825152925,1269.205172438573,52.58316771308948,15558.468968833344,4566.577976658287,7258.187276830791,8809.478503353275
29.469064712524414,261.07293701171875,0.5405969619750977,261.07293701171875,2.3194144887384027e-05,139.52391052246094,3839.476318359375,0.1640625,0.9495140314102173,995,5,26.447886530496582,53.491627825152925,1269.205172438573,52.58316771308948,15558.468968833344,4566.577976658287,7258.187276830791,8809.478503353275
23.8424129486084,217.8462677001953,0.29429054260253906,217.84625244140625,1.4034283594810404e-05,14.51093864440918,3906.348388671875,0.19140625,0.9471837878227234,996,5,26.447886530496582,53.491627825152925,1269.205172438573,52.58316771308948,15558.468968833344,4566.577976658287,7258.187276830791,8809.478503353275
20.491718292236328,203.29750061035156,0.44816339015960693,203.29750061035156,3.673241371870972e-05,41.35503005981445,3967.0380859375,0.15625,0.948379635810852,997,5,26.447886530496582,53.491627825152925,1269.205172438573,52.58316771308948,15558.468968833344,4566.577976658287,7258.187276830791,8809.478503353275
30.153038024902344,277.4415283203125,0.5027329325675964,277.4415283203125,2.754263550741598e-05,229.41748046875,4051.09130859375,0.15234375,0.9467480778694153,998,5,26.447886530496582,53.491627825152925,1269.205172438573,52.58316771308948,15558.468968833344,4566.577976658287,7258.187276830791,8809.478503353275
33.047401428222656,321.4820861816406,0.6611922383308411,321.48211669921875,3.937306610168889e-05,351.76483154296875,4039.8876953125,0.19140625,0.9467544555664062,999,5,26.447886530496582,53.491627825152925,1269.205172438573,52.58316771308948,15558.468968833344,4566.577976658287,7258.187276830791,8809.478503353275
33.56158447265625,308.31768798828125,0.4541861116886139,308.31768798828125,0.00032993173226714134,510.9083557128906,4448.681640625,0.20703125,0.9494698643684387,1000,5,26.447886530496582,53.491627825152925,1269.205172438573,52.58316771308948,15558.468968833344,4566.577976658287,7258.187276830791,8809.478503353275
25.36642074584961,237.03948974609375,0.40528416633605957,237.03948974609375,1.3818616935168393e-05,114.81822204589844,4211.974609375,0.16015625,0.9504479765892029,1001,5,26.447886530496582,53.491627825152925,1269.205172438573,52.58316771308948,15558.468968833344,4566.577976658287,7258.187276830791,8809.478503353275
24.883935928344727,252.18043518066406,0.4225694537162781,252.18043518066406,0.00010526376718189567,220.19508361816406,4322.73095703125,0.20703125,0.9497676491737366,1002,5,26.447886530496582,53.491627825152925,1269.205172438573,52.58316771308948,15558.468968833344,4566.577976658287,7258.187276830791,8809.478503353275
36.5813102722168,356.2654724121094,0.7725539207458496,356.2654724121094,8.524790609953925e-05,731.4208984375,4178.71337890625,0.1875,0.951549232006073,1003,5,26.447886530496582,53.491627825152925,1269.205172438573,52.58316771308948,15558.468968833344,4566.577976658287,7258.187276830791,8809.478503353275
32.36905288696289,287.1697998046875,0.6517618894577026,287.1697998046875,6.527395453304052e-05,284.0246887207031,3990.92333984375,0.20703125,0.9471452832221985,1004,5,26.447886530496582,53.491627825152925,1269.205172438573,52.58316771308948,15558.468968833344,4566.577976658287,7258.187276830791,8809.478503353275
31.792949676513672,296.99017333984375,0.5732761025428772,296.99017333984375,4.426890518516302e-05,68.01849365234375,4164.083984375,0.1640625,0.9471064805984497,1005,5,26.447886530496582,53.491627825152925,1269.205172438573,52.58316771308948,15558.468968833344,4566.577976658287,7258.187276830791,8809.478503353275
17.70253562927246,148.36256408691406,0.24204400181770325,148.36256408691406,3.254740659031086e-05,5.0678911209106445,3932.5732421875,0.140625,0.9508980512619019,1006,5,26.447886530496582,53.491627825152925,1269.205172438573,52.58316771308948,15558.468968833344,4566.577976658287,7258.187276830791,8809.478503353275
23.696138381958008,205.9009246826172,0.2511005997657776,205.9009246826172,5.453232006402686e-05,108.02999877929688,3874.265380859375,0.20703125,0.9481820464134216,1007,5,26.447886530496582,53.491627825152925,1269.205172438573,52.58316771308948,15558.468968833344,4566.577976658287,7258.187276830791,8809.478503353275
31.976022720336914,297.754150390625,0.6176165342330933,297.754150390625,5.2417948609218e-05,200.26278686523438,4103.16455078125,0.18359375,0.9492265582084656,1008,5,26.447886530496582,53.491627825152925,1269.205172438573,52.58316771308948,15558.468968833344,4566.577976658287,7258.187276830791,8809.478503353275
23.890274047851562,233.81845092773438,0.4650893807411194,233.81845092773438,0.0001063477830030024,76.81442260742188,3970.294189453125,0.20703125,0.9488051533699036,1009,5,26.447886530496582,53.491627825152925,1269.205172438573,52.58316771308948,15558.468968833344,4566.577976658287,7258.187276830791,8809.478503353275
32.937931060791016,324.37640380859375,0.7298229932785034,324.37640380859375,0.00036009325413033366,935.3123779296875,4284.34912109375,0.1953125,0.9512524008750916,1010,5,26.447886530496582,53.491627825152925,1269.205172438573,52.58316771308948,15558.468968833344,4566.577976658287,7258.187276830791,8809.478503353275
25.233783721923828,243.34164428710938,0.551874041557312,243.34164428710938,3.0039489502087235e-05,137.97836303710938,4144.44970703125,0.2265625,0.9445313811302185,1011,5,26.447886530496582,53.491627825152925,1269.205172438573,52.58316771308948,15558.468968833344,4566.577976658287,7258.187276830791,8809.478503353275
31.493099212646484,315.91241455078125,0.46326687932014465,315.91241455078125,8.144014282152057e-05,506.7080078125,4395.44775390625,0.2421875,0.9490963816642761,1012,5,26.447886530496582,53.491627825152925,1269.205172438573,52.58316771308948,15558.468968833344,4566.577976658287,7258.187276830791,8809.478503353275
27.512561798095703,247.1050567626953,0.4987656772136688,247.1050567626953,4.6157321776263416e-05,50.344947814941406,4188.93408203125,0.15625,0.9476264119148254,1013,5,26.447886530496582,53.491627825152925,1269.205172438573,52.58316771308948,15558.468968833344,4566.577976658287,7258.187276830791,8809.478503353275
39.06035232543945,411.3903503417969,0.6875895261764526,411.3903503417969,0.00012395126395858824,2151.528076171875,4321.68701171875,0.21875,0.9481945037841797,1014,5,26.447886530496582,53.491627825152925,1269.205172438573,52.58316771308948,15558.468968833344,4566.577976658287,7258.187276830791,8809.478503353275
23.50075340270996,223.48553466796875,0.4128395915031433,223.48553466796875,6.29333735560067e-05,31.736370086669922,4270.029296875,0.1640625,0.9489182233810425,1015,5,26.447886530496582,53.491627825152925,1269.205172438573,52.58316771308948,15558.468968833344,4566.577976658287,7258.187276830791,8809.478503353275
29.902362823486328,293.88848876953125,0.8332769870758057,293.88848876953125,9.893487731460482e-05,271.9920654296875,4347.03955078125,0.203125,0.9481738805770874,1016,5,26.447886530496582,53.491627825152925,1269.205172438573,52.58316771308948,15558.468968833344,4566.577976658287,7258.187276830791,8809.478503353275
37.203121185302734,331.5451354980469,0.6035966873168945,331.5451354980469,5.69471376365982e-05,710.1187744140625,4092.875244140625,0.19921875,0.9474042057991028,1017,5,26.447886530496582,53.491627825152925,1269.205172438573,52.58316771308948,15558.468968833344,4566.577976658287,7258.187276830791,8809.478503353275
24.181041717529297,259.57586669921875,0.3280133605003357,259.5758972167969,5.5448839702876285e-05,123.21986389160156,4570.93994140625,0.1796875,0.949310839176178,1018,5,26.447886530496582,53.491627825152925,1269.205172438573,52.58316771308948,15558.468968833344,4566.577976658287,7258.187276830791,8809.478503353275
40.0816650390625,385.3881530761719,0.7421759366989136,385.3881530761719,6.612291326746345e-05,1075.53173828125,4682.091796875,0.19921875,0.9487953782081604,1019,5,26.447886530496582,53.491627825152925,1269.205172438573,52.58316771308948,15558.468968833344,4566.577976658287,7258.187276830791,8809.478503353275
28.204355239868164,256.9483642578125,0.3173021972179413,256.9483642578125,7.486128015443683e-05,89.52604675292969,4008.150634765625,0.15625,0.9503421783447266,1020,5,26.447886530496582,53.491627825152925,1269.205172438573,52.58316771308948,15558.468968833344,4566.577976658287,7258.187276830791,8809.478503353275
26.242107391357422,251.2505645751953,0.3521742820739746,251.2505645751953,0.00011645235645119101,34.74244689941406,4148.54150390625,0.1796875,0.9492028951644897,1021,5,26.447886530496582,53.491627825152925,1269.205172438573,52.58316771308948,15558.468968833344,4566.577976658287,7258.187276830791,8809.478503353275
19.90142822265625,193.60153198242188,0.3319329619407654,193.60153198242188,3.2187901524594054e-05,60.03788757324219,4256.64453125,0.18359375,0.9518200755119324,1022,5,26.447886530496582,53.491627825152925,1269.205172438573,52.58316771308948,15558.468968833344,4566.577976658287,7258.187276830791,8809.478503353275
24.855812072753906,226.75083923339844,0.47749465703964233,226.75083923339844,5.783252709079534e-05,30.544677734375,3894.88525390625,0.16015625,0.9487932324409485,1023,5,26.447886530496582,53.491627825152925,1269.205172438573,52.58316771308948,15558.468968833344,4566.577976658287,7258.187276830791,8809.478503353275
15.78615951538086,142.3035888671875,0.2729990482330322,142.3035888671875,3.2463143725181e-05,6.342076301574707,4150.31201171875,0.1484375,0.9487212896347046,1024,5,26.447886530496582,53.491627825152925,1269.205172438573,52.58316771308948,15558.468968833344,4566.577976658287,7258.187276830791,8809.478503353275
37.32466125488281,335.7828369140625,0.9778852462768555,335.7828369140625,5.779045750387013e-05,864.702880859375,4312.8828125,0.22265625,0.9501741528511047,1025,5,26.447886530496582,53.491627825152925,1269.205172438573,52.58316771308948,15558.468968833344,4566.577976658287,7258.187276830791,8809.478503353275
30.406131744384766,315.99224853515625,0.7023710012435913,315.99224853515625,4.5650820538867265e-05,314.9052734375,4451.27099609375,0.19140625,0.9506906867027283,1026,5,26.447886530496582,53.491627825152925,1269.205172438573,52.58316771308948,15558.468968833344,4566.577976658287,7258.187276830791,8809.478503353275
21.465166091918945,218.14340209960938,0.3349645435810089,218.1433868408203,0.00012456352123990655,114.56362915039062,3993.95654296875,0.19921875,0.9481659531593323,1027,5,26.447886530496582,53.491627825152925,1269.205172438573,52.58316771308948,15558.468968833344,4566.577976658287,7258.187276830791,8809.478503353275
30.119029998779297,286.882080078125,0.5008378624916077,286.8820495605469,6.530960672535002e-05,43.39150619506836,4286.58984375,0.1796875,0.9472034573554993,1028,5,26.447886530496582,53.491627825152925,1269.205172438573,52.58316771308948,15558.468968833344,4566.577976658287,7258.187276830791,8809.478503353275
32.122493743896484,298.3848571777344,0.47820982336997986,298.3848571777344,9.388707985635847e-05,241.5460968017578,4253.8212890625,0.1953125,0.9489494562149048,1029,5,26.447886530496582,53.491627825152925,1269.205172438573,52.58316771308948,15558.468968833344,4566.577976658287,7258.187276830791,8809.478503353275
33.799560546875,328.4457092285156,0.4709954857826233,328.4457092285156,0.00018119762535206974,644.3399047851562,4187.34423828125,0.19921875,0.9491386413574219,1030,5,26.447886530496582,53.491627825152925,1269.205172438573,52.58316771308948,15558.468968833344,4566.577976658287,7258.187276830791,8809.478503353275
38.588233947753906,376.9565734863281,1.0488455295562744,376.9565734863281,3.203757660230622e-05,533.935791015625,4498.99560546875,0.171875,0.9480574131011963,1031,5,26.447886530496582,53.491627825152925,1269.205172438573,52.58316771308948,15558.468968833344,4566.577976658287,7258.187276830791,8809.478503353275
22.15234375,200.8673858642578,0.3085455894470215,200.86737060546875,2.2637057554675266e-05,25.898605346679688,3976.350341796875,0.140625,0.9489649534225464,1032,5,26.447886530496582,53.491627825152925,1269.205172438573,52.58316771308948,15558.468968833344,4566.577976658287,7258.187276830791,8809.478503353275
27.600448608398438,255.240478515625,0.6313821077346802,255.240478515625,2.4816952645778656e-05,38.025978088378906,4268.22705078125,0.15234375,0.950910210609436,1033,5,26.447886530496582,53.491627825152925,1269.205172438573,52.58316771308948,15558.468968833344,4566.577976658287,7258.187276830791,8809.478503353275
19.732303619384766,193.43246459960938,0.40308672189712524,193.43246459960938,3.1263509299606085e-05,32.05384063720703,4444.044921875,0.17578125,0.9496654272079468,1034,5,26.447886530496582,53.491627825152925,1269.205172438573,52.58316771308948,15558.468968833344,4566.577976658287,7258.187276830791,8809.478503353275
23.219863891601562,232.50021362304688,0.3728993237018585,232.50021362304688,2.7133901312481612e-05,8.686601638793945,4363.07568359375,0.15234375,0.9503964185714722,1035,5,26.447886530496582,53.491627825152925,1269.205172438573,52.58316771308948,15558.468968833344,4566.577976658287,7258.187276830791,8809.478503353275
32.14257049560547,301.8519592285156,0.5664312243461609,301.8519592285156,2.2389267542166635e-05,88.82456970214844,4530.22998046875,0.1796875,0.9481244683265686,1036,5,26.447886530496582,53.491627825152925,1269.205172438573,52.58316771308948,15558.468968833344,4566.577976658287,7258.187276830791,8809.478503353275
31.249555587768555,316.2833251953125,0.6378859281539917,316.2833251953125,2.373376628383994e-05,273.9144287109375,4564.12158203125,0.1875,0.9469015002250671,1037,5,26.447886530496582,53.491627825152925,1269.205172438573,52.58316771308948,15558.468968833344,4566.577976658287,7258.187276830791,8809.478503353275
18.747230529785156,179.29299926757812,0.3007587194442749,179.29299926757812,5.027368024457246e-05,51.70800018310547,3990.0517578125,0.16015625,0.9518448710441589,1038,5,26.447886530496582,53.491627825152925,1269.205172438573,52.58316771308948,15558.468968833344,4566.577976658287,7258.187276830791,8809.478503353275
15.62808609008789,159.21974182128906,0.17879320681095123,159.21974182128906,5.313083966029808e-05,11.417896270751953,4022.816650390625,0.14453125,0.9506503343582153,1039,5,26.447886530496582,53.491627825152925,1269.205172438573,52.58316771308948,15558.468968833344,4566.577976658287,7258.187276830791,8809.478503353275
43.08415603637695,419.216064453125,0.44151487946510315,419.216064453125,5.028128362027928e-05,2151.7705078125,4461.34765625,0.25390625,0.9494370818138123,1040,5,26.447886530496582,53.491627825152925,1269.205172438573,52.58316771308948,15558.468968833344,4566.577976658287,7258.187276830791,8809.478503353275
41.13349914550781,390.7181396484375,0.816848635673523,390.7181396484375,0.0001570718304719776,1339.5865478515625,4320.3056640625,0.2109375,0.9490649700164795,1041,5,26.447886530496582,53.491627825152925,1269.205172438573,52.58316771308948,15558.468968833344,4566.577976658287,7258.187276830791,8809.478503353275
30.079364776611328,272.53216552734375,0.5484920740127563,272.53216552734375,2.4552433387725614e-05,160.0174102783203,4270.732421875,0.17578125,0.9491892457008362,1042,5,26.447886530496582,53.491627825152925,1269.205172438573,52.58316771308948,15558.468968833344,4566.577976658287,7258.187276830791,8809.478503353275
38.38743591308594,364.01287841796875,0.7560986280441284,364.01287841796875,0.00015624909428879619,1087.61865234375,4368.931640625,0.20703125,0.9509477019309998,1043,5,26.447886530496582,53.491627825152925,1269.205172438573,52.58316771308948,15558.468968833344,4566.577976658287,7258.187276830791,8809.478503353275
26.26302719116211,266.343017578125,0.479707270860672,266.343017578125,2.5861758331302553e-05,126.68033599853516,4569.1953125,0.18359375,0.9484773874282837,1044,5,26.447886530496582,53.491627825152925,1269.205172438573,52.58316771308948,15558.468968833344,4566.577976658287,7258.187276830791,8809.478503353275
32.80626678466797,329.3743896484375,0.6442779302597046,329.3743896484375,3.495502460282296e-05,550.8797607421875,4478.82080078125,0.19140625,0.9478182196617126,1045,5,26.447886530496582,53.491627825152925,1269.205172438573,52.58316771308948,15558.468968833344,4566.577976658287,7258.187276830791,8809.478503353275
25.087600708007812,228.3527069091797,0.42417192459106445,228.3527069091797,4.113133036298677e-05,10.502378463745117,4689.099609375,0.14453125,0.9467147588729858,1046,5,26.447886530496582,53.491627825152925,1269.205172438573,52.58316771308948,15558.468968833344,4566.577976658287,7258.187276830791,8809.478503353275
38.41146469116211,394.2975158691406,0.6795297861099243,394.2975158691406,0.00016423771739937365,799.6456298828125,4639.30029296875,0.21875,0.9502987265586853,1047,5,26.447886530496582,53.491627825152925,1269.205172438573,52.58316771308948,15558.468968833344,4566.577976658287,7258.187276830791,8809.478503353275
20.549999237060547,210.67425537109375,0.23961472511291504,210.67425537109375,0.00015126229845918715,45.270240783691406,4396.78857421875,0.16796875,0.9479848146438599,1048,5,26.447886530496582,53.491627825152925,1269.205172438573,52.58316771308948,15558.468968833344,4566.577976658287,7258.187276830791,8809.478503353275
32.264251708984375,289.80645751953125,0.47552362084388733,289.80645751953125,6.48182031000033e-05,93.73176574707031,4549.06103515625,0.18359375,0.9471280574798584,1049,5,26.447886530496582,53.491627825152925,1269.205172438573,52.58316771308948,15558.468968833344,4566.577976658287,7258.187276830791,8809.478503353275
29.46220588684082,299.2535095214844,0.31871312856674194,299.2535095214844,4.500074282987043e-05,119.86445617675781,4482.22998046875,0.16796875,0.9467805027961731,1050,5,26.447886530496582,53.491627825152925,1269.205172438573,52.58316771308948,15558.468968833344,4566.577976658287,7258.187276830791,8809.478503353275
28.934078216552734,262.5603942871094,0.34617137908935547,262.5603942871094,5.7275516155641526e-05,120.83622741699219,4342.998046875,0.19921875,0.9516924619674683,1051,5,26.447886530496582,53.491627825152925,1269.205172438573,52.58316771308948,15558.468968833344,4566.577976658287,7258.187276830791,8809.478503353275
30.613609313964844,311.80755615234375,0.4411308765411377,311.80755615234375,2.283721369167324e-05,232.93324279785156,4489.07080078125,0.15234375,0.9476950764656067,1052,5,26.447886530496582,53.491627825152925,1269.205172438573,52.58316771308948,15558.468968833344,4566.577976658287,7258.187276830791,8809.478503353275
27.7164249420166,254.01705932617188,0.3233306109905243,254.01705932617188,4.200681723887101e-05,56.71199417114258,4531.26025390625,0.20703125,0.9534282088279724,1053,5,26.447886530496582,53.491627825152925,1269.205172438573,52.58316771308948,15558.468968833344,4566.577976658287,7258.187276830791,8809.478503353275
41.159934997558594,423.49945068359375,0.7832841277122498,423.49945068359375,8.553701627533883e-05,1356.7418212890625,4676.15478515625,0.19921875,0.9486591219902039,1054,5,26.447886530496582,53.491627825152925,1269.205172438573,52.58316771308948,15558.468968833344,4566.577976658287,7258.187276830791,8809.478503353275
27.797897338867188,283.9398193359375,0.3607489764690399,283.9398193359375,5.9073187003377825e-05,136.00462341308594,4748.8193359375,0.1953125,0.9482451677322388,1055,5,26.447886530496582,53.491627825152925,1269.205172438573,52.58316771308948,15558.468968833344,4566.577976658287,7258.187276830791,8809.478503353275
25.392961502075195,259.6143798828125,0.37743836641311646,259.6143798828125,6.0611520893871784e-05,195.45904541015625,4440.58935546875,0.1953125,0.951138436794281,1056,5,26.447886530496582,53.491627825152925,1269.205172438573,52.58316771308948,15558.468968833344,4566.577976658287,7258.187276830791,8809.478503353275
34.905860900878906,369.338134765625,0.47935396432876587,369.338134765625,1.899088420032058e-05,856.7005615234375,4804.89501953125,0.21875,0.9502869248390198,1057,5,26.447886530496582,53.491627825152925,1269.205172438573,52.58316771308948,15558.468968833344,4566.577976658287,7258.187276830791,8809.478503353275
27.113636016845703,264.9897766113281,0.4074867069721222,264.9897766113281,2.278119973198045e-05,235.0586700439453,4363.5458984375,0.1640625,0.9499236941337585,1058,5,26.447886530496582,53.491627825152925,1269.205172438573,52.58316771308948,15558.468968833344,4566.577976658287,7258.187276830791,8809.478503353275
30.8543758392334,314.57666015625,0.5241081714630127,314.57666015625,2.6352845452493057e-05,33.052650451660156,4774.91357421875,0.1953125,0.9462065696716309,1059,5,26.447886530496582,53.491627825152925,1269.205172438573,52.58316771308948,15558.468968833344,4566.577976658287,7258.187276830791,8809.478503353275
36.84071731567383,378.00860595703125,0.5933700799942017,378.00860595703125,6.281364767346531e-05,794.3358154296875,4610.611328125,0.171875,0.9450603723526001,1060,5,26.447886530496582,53.491627825152925,1269.205172438573,52.58316771308948,15558.468968833344,4566.577976658287,7258.187276830791,8809.478503353275
22.538949966430664,243.21852111816406,0.25272274017333984,243.21852111816406,3.430493961786851e-05,80.36701965332031,4578.076171875,0.1640625,0.9497168064117432,1061,5,26.447886530496582,53.491627825152925,1269.205172438573,52.58316771308948,15558.468968833344,4566.577976658287,7258.187276830791,8809.478503353275
28.690412521362305,295.9145202636719,0.6585490107536316,295.9145202636719,0.0001291118678636849,86.5224380493164,4799.0146484375,0.1953125,0.9497205018997192,1062,5,26.447886530496582,53.491627825152925,1269.205172438573,52.58316771308948,15558.468968833344,4566.577976658287,7258.187276830791,8809.478503353275
29.967456817626953,316.76727294921875,0.4773380756378174,316.76727294921875,5.806351691717282e-05,121.5876693725586,4595.80078125,0.1953125,0.9477663636207581,1063,5,26.447886530496582,53.491627825152925,1269.205172438573,52.58316771308948,15558.468968833344,4566.577976658287,7258.187276830791,8809.478503353275
27.2790470123291,275.1307373046875,0.3949756920337677,275.1307373046875,4.0856131818145514e-05,164.33322143554688,4518.51611328125,0.21875,0.9515616297721863,1064,5,26.447886530496582,53.491627825152925,1269.205172438573,52.58316771308948,15558.468968833344,4566.577976658287,7258.187276830791,8809.478503353275
31.48980712890625,314.477783203125,0.38953912258148193,314.477783203125,0.00012293148029129952,438.41156005859375,4709.82373046875,0.2109375,0.9512484073638916,1065,5,26.447886530496582,53.491627825152925,1269.205172438573,52.58316771308948,15558.468968833344,4566.577976658287,7258.187276830791,8809.478503353275
40.49171447753906,410.13970947265625,0.703218936920166,410.13970947265625,6.68358406983316e-05,658.3865966796875,5215.8759765625,0.23046875,0.9478773474693298,1066,5,26.447886530496582,53.491627825152925,1269.205172438573,52.58316771308948,15558.468968833344,4566.577976658287,7258.187276830791,8809.478503353275
24.92180633544922,269.5814514160156,0.4284018278121948,269.5814514160156,2.8199969165143557e-05,73.23526000976562,4914.2685546875,0.1640625,0.9489004611968994,1067,5,26.447886530496582,53.491627825152925,1269.205172438573,52.58316771308948,15558.468968833344,4566.577976658287,7258.187276830791,8809.478503353275
33.38628387451172,363.8651428222656,0.6804552674293518,363.8651428222656,0.00014647102216258645,834.0230712890625,4691.27587890625,0.19921875,0.9483933448791504,1068,5,26.447886530496582,53.491627825152925,1269.205172438573,52.58316771308948,15558.468968833344,4566.577976658287,7258.187276830791,8809.478503353275
33.78684997558594,373.2334899902344,0.44887304306030273,373.2334899902344,0.0005358419730328023,674.2409057617188,5128.29443359375,0.234375,0.9492884874343872,1069,5,26.447886530496582,53.491627825152925,1269.205172438573,52.58316771308948,15558.468968833344,4566.577976658287,7258.187276830791,8809.478503353275
22.281360626220703,209.224609375,0.328163743019104,209.224609375,2.030090763582848e-05,19.97890281677246,4535.66796875,0.15625,0.9486399292945862,1070,5,26.447886530496582,53.491627825152925,1269.205172438573,52.58316771308948,15558.468968833344,4566.577976658287,7258.187276830791,8809.478503353275
39.69818878173828,370.6728515625,0.47256675362586975,370.6728515625,0.00012391872587613761,1036.2884521484375,4962.978515625,0.18359375,0.9463238716125488,1071,5,26.447886530496582,53.491627825152925,1269.205172438573,52.58316771308948,15558.468968833344,4566.577976658287,7258.187276830791,8809.478503353275
29.055191040039062,312.233154296875,0.545038104057312,312.2331237792969,1.6866637452039868e-05,105.82205200195312,4760.9130859375,0.16796875,0.9489347338676453,1072,5,26.447886530496582,53.491627825152925,1269.205172438573,52.58316771308948,15558.468968833344,4566.577976658287,7258.187276830791,8809.478503353275
23.084972381591797,210.70120239257812,0.3175850808620453,210.70120239257812,1.53655928443186e-05,6.196204662322998,4658.02294921875,0.1484375,0.951825737953186,1073,5,26.447886530496582,53.491627825152925,1269.205172438573,52.58316771308948,15558.468968833344,4566.577976658287,7258.187276830791,8809.478503353275
26.361209869384766,280.19659423828125,0.5337206125259399,280.19659423828125,1.5334138879552484e-05,18.116817474365234,5193.61328125,0.15625,0.9505817294120789,1074,5,26.447886530496582,53.491627825152925,1269.205172438573,52.58316771308948,15558.468968833344,4566.577976658287,7258.187276830791,8809.478503353275
34.14023971557617,333.78936767578125,0.5159025192260742,333.78936767578125,1.5383360732812434e-05,146.05551147460938,4899.7109375,0.18359375,0.9511520266532898,1075,5,26.447886530496582,53.491627825152925,1269.205172438573,52.58316771308948,15558.468968833344,4566.577976658287,7258.187276830791,8809.478503353275
27.38405990600586,267.7720031738281,0.5036730766296387,267.77197265625,3.364593430887908e-05,64.67710876464844,4708.99462890625,0.1796875,0.9491931796073914,1076,5,26.447886530496582,53.491627825152925,1269.205172438573,52.58316771308948,15558.468968833344,4566.577976658287,7258.187276830791,8809.478503353275
27.131256103515625,291.9516296386719,0.4439460039138794,291.9516296386719,9.607600077288225e-06,50.81446075439453,5209.12109375,0.171875,0.9478960633277893,1077,5,26.447886530496582,53.491627825152925,1269.205172438573,52.58316771308948,15558.468968833344,4566.577976658287,7258.187276830791,8809.478503353275
25.128772735595703,267.2964172363281,0.44068071246147156,267.29638671875,8.871117461239919e-05,32.80343246459961,4976.0537109375,0.1796875,0.947070837020874,1078,5,26.447886530496582,53.491627825152925,1269.205172438573,52.58316771308948,15558.468968833344,4566.577976658287,7258.187276830791,8809.478503353275
24.517913818359375,249.1237030029297,0.531599760055542,249.12368774414062,2.914059950853698e-05,34.198524475097656,4777.13525390625,0.1875,0.9498923420906067,1079,5,26.447886530496582,53.491627825152925,1269.205172438573,52.58316771308948,15558.468968833344,4566.577976658287,7258.187276830791,8809.478503353275
41.3696174621582,397.6353759765625,0.5710709095001221,397.6353759765625,8.391735900659114e-05,982.7960205078125,4922.98095703125,0.19921875,0.9492728114128113,1080,5,26.447886530496582,53.491627825152925,1269.205172438573,52.58316771308948,15558.468968833344,4566.577976658287,7258.187276830791,8809.478503353275
24.636871337890625,278.3533935546875,0.43205615878105164,278.3533935546875,9.774656973604579e-06,54.24687957763672,4914.0185546875,0.17578125,0.9491667747497559,1081,5,26.447886530496582,53.491627825152925,1269.205172438573,52.58316771308948,15558.468968833344,4566.577976658287,7258.187276830791,8809.478503353275
23.46737289428711,256.7084045410156,0.4047720730304718,256.7084045410156,0.00010816453868756071,105.71235656738281,4686.3994140625,0.1796875,0.9488474726676941,1082,5,26.447886530496582,53.491627825152925,1269.205172438573,52.58316771308948,15558.468968833344,4566.577976658287,7258.187276830791,8809.478503353275
17.321155548095703,170.0640869140625,0.26968371868133545,170.0640869140625,1.0063875379273668e-05,20.451438903808594,4657.11572265625,0.12890625,0.9486170411109924,1083,5,26.447886530496582,53.491627825152925,1269.205172438573,52.58316771308948,15558.468968833344,4566.577976658287,7258.187276830791,8809.478503353275
15.281706809997559,177.57077026367188,0.2575426995754242,177.5707550048828,8.937860911828466e-06,19.77747344970703,4745.23583984375,0.1484375,0.948739767074585,1084,5,26.447886530496582,53.491627825152925,1269.205172438573,52.58316771308948,15558.468968833344,4566.577976658287,7258.187276830791,8809.478503353275
29.156509399414062,292.47564697265625,0.6004376411437988,292.47564697265625,2.711336492211558e-05,162.15081787109375,5107.3154296875,0.1796875,0.9476016759872437,1085,5,26.447886530496582,53.491627825152925,1269.205172438573,52.58316771308948,15558.468968833344,4566.577976658287,7258.187276830791,8809.478503353275
27.51469612121582,273.7176818847656,0.3611994683742523,273.7176818847656,0.00013365918130148202,74.8975830078125,5172.4091796875,0.1953125,0.9468125104904175,1086,5,26.447886530496582,53.491627825152925,1269.205172438573,52.58316771308948,15558.468968833344,4566.577976658287,7258.187276830791,8809.478503353275
33.622154235839844,337.2859802246094,0.600739598274231,337.2860107421875,1.8875551177188754e-05,100.96527099609375,5292.1728515625,0.15625,0.9507059454917908,1087,5,26.447886530496582,53.491627825152925,1269.205172438573,52.58316771308948,15558.468968833344,4566.577976658287,7258.187276830791,8809.478503353275
43.68348693847656,456.2990417480469,0.583962619304657,456.2990417480469,2.3511929612141103e-05,1218.2054443359375,5347.50634765625,0.17578125,0.9477777481079102,1088,5,26.447886530496582,53.491627825152925,1269.205172438573,52.58316771308948,15558.468968833344,4566.577976658287,7258.187276830791,8809.478503353275
25.809524536132812,276.0665588378906,0.36338987946510315,276.06658935546875,9.342157682112884e-06,68.24139404296875,5254.0859375,0.14453125,0.9503241777420044,1089,5,26.447886530496582,53.491627825152925,1269.205172438573,52.58316771308948,15558.468968833344,4566.577976658287,7258.187276830791,8809.478503353275
23.715682983398438,281.84539794921875,0.3352879285812378,281.84539794921875,6.07063811912667e-05,108.24393463134766,4735.134765625,0.19921875,0.949802041053772,1090,5,26.447886530496582,53.491627825152925,1269.205172438573,52.58316771308948,15558.468968833344,4566.577976658287,7258.187276830791,8809.478503353275
20.747835159301758,212.3465576171875,0.2131984829902649,212.3465576171875,2.4348177248612046e-05,50.184471130371094,4736.53173828125,0.16796875,0.9483022093772888,1091,5,26.447886530496582,53.491627825152925,1269.205172438573,52.58316771308948,15558.468968833344,4566.577976658287,7258.187276830791,8809.478503353275
32.38798522949219,350.4609680175781,0.5676895380020142,350.4609680175781,4.634984361473471e-05,225.0767822265625,5395.7490234375,0.16796875,0.9499629735946655,1092,5,26.447886530496582,53.491627825152925,1269.205172438573,52.58316771308948,15558.468968833344,4566.577976658287,7258.187276830791,8809.478503353275
19.89443588256836,243.9420166015625,0.2410852611064911,243.9420166015625,4.126642306800932e-05,38.87635040283203,4964.166015625,0.17578125,0.948759913444519,1093,5,26.447886530496582,53.491627825152925,1269.205172438573,52.58316771308948,15558.468968833344,4566.577976658287,7258.187276830791,8809.478503353275
29.29369354248047,301.9356689453125,0.48435258865356445,301.9356689453125,0.0004968891735188663,194.31692504882812,5516.48046875,0.203125,0.9498323202133179,1094,5,26.447886530496582,53.491627825152925,1269.205172438573,52.58316771308948,15558.468968833344,4566.577976658287,7258.187276830791,8809.478503353275
34.412254333496094,376.8758544921875,0.41617247462272644,376.8758544921875,4.395861105876975e-05,318.63800048828125,5400.86328125,0.19921875,0.9499567747116089,1095,5,26.447886530496582,53.491627825152925,1269.205172438573,52.58316771308948,15558.468968833344,4566.577976658287,7258.187276830791,8809.478503353275
33.57257080078125,404.014892578125,0.4384337067604065,404.014892578125,4.1517894715070724e-05,1134.5703125,5425.599609375,0.203125,0.9483928680419922,1096,5,26.447886530496582,53.491627825152925,1269.205172438573,52.58316771308948,15558.468968833344,4566.577976658287,7258.187276830791,8809.478503353275
36.58609390258789,392.57196044921875,0.6136960983276367,392.57196044921875,0.00017024512635543942,163.4720458984375,5700.70361328125,0.17578125,0.9498279094696045,1097,5,26.447886530496582,53.491627825152925,1269.205172438573,52.58316771308948,15558.468968833344,4566.577976658287,7258.187276830791,8809.478503353275
34.74976348876953,347.935791015625,0.4988979697227478,347.935791015625,3.4290766052436084e-05,576.637451171875,5313.166015625,0.19140625,0.9491317868232727,1098,5,26.447886530496582,53.491627825152925,1269.205172438573,52.58316771308948,15558.468968833344,4566.577976658287,7258.187276830791,8809.478503353275
30.957050323486328,333.7340393066406,0.3662482500076294,333.7340393066406,4.85609816678334e-05,57.28188705444336,5329.91650390625,0.16796875,0.9491235017776489,1099,5,26.447886530496582,53.491627825152925,1269.205172438573,52.58316771308948,15558.468968833344,4566.577976658287,7258.187276830791,8809.478503353275
26.708011627197266,272.05926513671875,0.4694405794143677,272.05926513671875,1.853226603998337e-05,9.31014633178711,5572.3095703125,0.16796875,0.9491333961486816,1100,5,26.447886530496582,53.491627825152925,1269.205172438573,52.58316771308948,15558.468968833344,4566.577976658287,7258.187276830791,8809.478503353275
17.207378387451172,213.68016052246094,0.17624394595623016,213.68016052246094,9.070310625247657e-06,49.4056396484375,4811.20263671875,0.171875,0.9477486610412598,1101,5,26.447886530496582,53.491627825152925,1269.205172438573,52.58316771308948,15558.468968833344,4566.577976658287,7258.187276830791,8809.478503353275
31.064105987548828,358.330810546875,0.4967149794101715,358.330810546875,9.008319466374815e-05,253.95172119140625,5317.6044921875,0.234375,0.9476858973503113,1102,5,26.447886530496582,53.491627825152925,1269.205172438573,52.58316771308948,15558.468968833344,4566.577976658287,7258.187276830791,8809.478503353275
25.519973754882812,274.9866027832031,0.3554336726665497,274.9866027832031,2.4073131498880684e-05,55.66697692871094,5412.681640625,0.17578125,0.9496878385543823,1103,5,26.447886530496582,53.491627825152925,1269.205172438573,52.58316771308948,15558.468968833344,4566.577976658287,7258.187276830791,8809.478503353275
38.43766784667969,417.1578063964844,0.46645665168762207,417.1578063964844,3.2098374504130334e-05,163.7926025390625,5688.37744140625,0.171875,0.9503998756408691,1104,5,26.447886530496582,53.491627825152925,1269.205172438573,52.58316771308948,15558.468968833344,4566.577976658287,7258.187276830791,8809.478503353275
37.40475082397461,411.78326416015625,0.6267499923706055,411.78326416015625,1.553285983391106e-05,438.4678955078125,5910.9638671875,0.19921875,0.9475114345550537,1105,5,26.447886530496582,53.491627825152925,1269.205172438573,52.58316771308948,15558.468968833344,4566.577976658287,7258.187276830791,8809.478503353275
18.778255462646484,208.8851318359375,0.2525072693824768,208.88511657714844,1.5443940355908126e-05,27.561763763427734,4879.29296875,0.140625,0.9499569535255432,1106,5,26.447886530496582,53.491627825152925,1269.205172438573,52.58316771308948,15558.468968833344,4566.577976658287,7258.187276830791,8809.478503353275
40.76468276977539,430.4483642578125,0.5431680679321289,430.4483642578125,8.734624861972407e-05,934.1192626953125,5449.80859375,0.22265625,0.9467135071754456,1107,5,26.447886530496582,53.491627825152925,1269.205172438573,52.58316771308948,15558.468968833344,4566.577976658287,7258.187276830791,8809.478503353275
30.01389503479004,348.04180908203125,0.4195304214954376,348.04180908203125,3.254965122323483e-05,162.78768920898438,5558.19580078125,0.171875,0.949325442314148,1108,5,26.447886530496582,53.491627825152925,1269.205172438573,52.58316771308948,15558.468968833344,4566.577976658287,7258.187276830791,8809.478503353275
28.22787094116211,305.9989013671875,0.48394644260406494,305.9989013671875,1.4671024473500438e-05,50.11680603027344,5153.85888671875,0.16015625,0.9487218856811523,1109,5,26.447886530496582,53.491627825152925,1269.205172438573,52.58316771308948,15558.468968833344,4566.577976658287,7258.187276830791,8809.478503353275
29.48377799987793,295.2734375,0.386522501707077,295.2734375,2.681970363482833e-05,81.22505950927734,5303.9033203125,0.15625,0.9508754014968872,1110,5,26.447886530496582,53.491627825152925,1269.205172438573,52.58316771308948,15558.468968833344,4566.577976658287,7258.187276830791,8809.478503353275
31.089588165283203,328.41912841796875,0.46516153216362,328.41912841796875,7.407052908092737e-05,618.9591064453125,5481.638671875,0.18359375,0.9472633004188538,1111,5,26.447886530496582,53.491627825152925,1269.205172438573,52.58316771308948,15558.468968833344,4566.577976658287,7258.187276830791,8809.478503353275
25.034408569335938,274.03302001953125,0.3275769352912903,274.03302001953125,3.815675154328346e-05,32.47528076171875,5548.52197265625,0.1328125,0.9497845768928528,1112,5,26.447886530496582,53.491627825152925,1269.205172438573,52.58316771308948,15558.468968833344,4566.577976658287,7258.187276830791,8809.478503353275
25.45711898803711,281.86981201171875,0.3563559949398041,281.86981201171875,4.377416189527139e-05,30.145689010620117,5176.30615234375,0.15625,0.9517998099327087,1113,5,26.447886530496582,53.491627825152925,1269.205172438573,52.58316771308948,15558.468968833344,4566.577976658287,7258.187276830791,8809.478503353275
22.856975555419922,248.3221893310547,0.2833380699157715,248.3221893310547,2.6093297492479905e-05,15.687339782714844,5055.0625,0.14453125,0.9485328197479248,1114,5,26.447886530496582,53.491627825152925,1269.205172438573,52.58316771308948,15558.468968833344,4566.577976658287,7258.187276830791,8809.478503353275
28.765625,330.732177734375,0.46889984607696533,330.732177734375,4.3908039515372366e-05,204.5462646484375,5146.95068359375,0.171875,0.9509627819061279,1115,5,26.447886530496582,53.491627825152925,1269.205172438573,52.58316771308948,15558.468968833344,4566.577976658287,7258.187276830791,8809.478503353275
29.77106475830078,328.0645751953125,0.5319638252258301,328.0645751953125,1.64103494171286e-05,109.13101959228516,5578.876953125,0.15625,0.9505782723426819,1116,5,26.447886530496582,53.491627825152925,1269.205172438573,52.58316771308948,15558.468968833344,4566.577976658287,7258.187276830791,8809.478503353275
35.1156120300293,410.2355041503906,0.8361157178878784,410.23553466796875,0.0001007695245789364,950.5908813476562,5711.11376953125,0.2421875,0.9472337961196899,1117,5,26.447886530496582,53.491627825152925,1269.205172438573,52.58316771308948,15558.468968833344,4566.577976658287,7258.187276830791,8809.478503353275
34.3089714050293,357.5246276855469,0.5242164134979248,357.5246276855469,1.9343671738170087e-05,154.87887573242188,5448.63427734375,0.203125,0.9490805864334106,1118,5,26.447886530496582,53.491627825152925,1269.205172438573,52.58316771308948,15558.468968833344,4566.577976658287,7258.187276830791,8809.478503353275
34.986083984375,398.34576416015625,0.404806911945343,398.34576416015625,8.262810297310352e-05,726.1749267578125,5837.61279296875,0.21484375,0.9485720992088318,1119,5,26.447886530496582,53.491627825152925,1269.205172438573,52.58316771308948,15558.468968833344,4566.577976658287,7258.187276830791,8809.478503353275
25.007530212402344,269.2333679199219,0.2966228127479553,269.2333679199219,5.4690870456397533e-05,58.87541198730469,5389.09716796875,0.171875,0.9498898386955261,1120,5,26.447886530496582,53.491627825152925,1269.205172438573,52.58316771308948,15558.468968833344,4566.577976658287,7258.187276830791,8809.478503353275
22.432544708251953,252.3566131591797,0.3353446424007416,252.35662841796875,4.513250314630568e-05,152.999267578125,5147.95703125,0.1953125,0.950085461139679,1121,5,26.447886530496582,53.491627825152925,1269.205172438573,52.58316771308948,15558.468968833344,4566.577976658287,7258.187276830791,8809.478503353275
27.393909454345703,335.84381103515625,0.35789918899536133,335.84381103515625,0.00010245462908642367,132.8498077392578,5280.8095703125,0.1953125,0.95021653175354,1122,5,26.447886530496582,53.491627825152925,1269.205172438573,52.58316771308948,15558.468968833344,4566.577976658287,7258.187276830791,8809.478503353275
34.43832015991211,419.50762939453125,0.4490438401699066,419.50762939453125,8.652131509734318e-05,743.4158935546875,5316.201171875,0.23046875,0.9499739408493042,1123,5,26.447886530496582,53.491627825152925,1269.205172438573,52.58316771308948,15558.468968833344,4566.577976658287,7258.187276830791,8809.478503353275
24.12127113342285,276.92974853515625,0.5721805095672607,276.92974853515625,2.1163607016205788e-05,29.744871139526367,5555.771484375,0.1640625,0.9501929879188538,1124,5,26.447886530496582,53.491627825152925,1269.205172438573,52.58316771308948,15558.468968833344,4566.577976658287,7258.187276830791,8809.478503353275
31.784095764160156,332.229248046875,0.46071454882621765,332.229248046875,3.3643034839769825e-05,190.185791015625,5400.31396484375,0.1796875,0.9484518766403198,1125,5,26.447886530496582,53.491627825152925,1269.205172438573,52.58316771308948,15558.468968833344,4566.577976658287,7258.187276830791,8809.478503353275
30.77423667907715,361.1661376953125,0.3650830090045929,361.1661376953125,4.8536934627918527e-05,78.81904602050781,5573.25830078125,0.1875,0.9496546387672424,1126,5,26.447886530496582,53.491627825152925,1269.205172438573,52.58316771308948,15558.468968833344,4566.577976658287,7258.187276830791,8809.478503353275
34.07952117919922,370.575439453125,0.44736891984939575,370.575439453125,4.64936310891062e-05,207.314208984375,5635.71826171875,0.1875,0.9494852423667908,1127,5,26.447886530496582,53.491627825152925,1269.205172438573,52.58316771308948,15558.468968833344,4566.577976658287,7258.187276830791,8809.478503353275
32.180885314941406,356.2698974609375,0.5397580862045288,356.2698974609375,4.406218431540765e-05,108.80763244628906,5736.3857421875,0.1796875,0.9493783712387085,1128,5,26.447886530496582,53.491627825152925,1269.205172438573,52.58316771308948,15558.468968833344,4566.577976658287,7258.187276830791,8809.478503353275
33.4046745300293,359.99676513671875,0.41964584589004517,359.99676513671875,6.175891758175567e-05,132.9070587158203,5853.8193359375,0.1484375,0.9494594931602478,1129,5,26.447886530496582,53.491627825152925,1269.205172438573,52.58316771308948,15558.468968833344,4566.577976658287,7258.187276830791,8809.478503353275
20.26841926574707,238.40756225585938,0.359686940908432,238.40756225585938,7.358314178418368e-05,12.37440299987793,5353.0986328125,0.15234375,0.9500938057899475,1130,5,26.447886530496582,53.491627825152925,1269.205172438573,52.58316771308948,15558.468968833344,4566.577976658287,7258.187276830791,8809.478503353275
31.611011505126953,349.40460205078125,0.49269652366638184,349.40460205078125,0.0001287559571210295,223.56362915039062,5616.5048828125,0.1640625,0.9494219422340393,1131,5,26.447886530496582,53.491627825152925,1269.205172438573,52.58316771308948,15558.468968833344,4566.577976658287,7258.187276830791,8809.478503353275
22.996986389160156,287.8232421875,0.3549935817718506,287.8232421875,8.423226972809061e-06,29.43909454345703,5670.76220703125,0.16015625,0.9490675926208496,1132,5,26.447886530496582,53.491627825152925,1269.205172438573,52.58316771308948,15558.468968833344,4566.577976658287,7258.187276830791,8809.478503353275
24.384286880493164,262.94342041015625,0.24129639565944672,262.94342041015625,3.426770490477793e-05,11.344143867492676,5235.865234375,0.171875,0.9508131742477417,1133,5,26.447886530496582,53.491627825152925,1269.205172438573,52.58316771308948,15558.468968833344,4566.577976658287,7258.187276830791,8809.478503353275
37.06349182128906,391.9551086425781,0.37487468123435974,391.9551086425781,3.0186518415575847e-05,494.981201171875,5738.0146484375,0.203125,0.9490245580673218,1134,5,26.447886530496582,53.491627825152925,1269.205172438573,52.58316771308948,15558.468968833344,4566.577976658287,7258.187276830791,8809.478503353275
20.837261199951172,250.32589721679688,0.34299957752227783,250.325927734375,2.115648749168031e-05,10.772262573242188,5028.619140625,0.140625,0.947155773639679,1135,5,26.447886530496582,53.491627825152925,1269.205172438573,52.58316771308948,15558.468968833344,4566.577976658287,7258.187276830791,8809.478503353275
37.621646881103516,395.95953369140625,0.6286602020263672,395.95953369140625,2.1027264665463008e-05,317.3270263671875,5990.43408203125,0.18359375,0.9478225111961365,1136,5,26.447886530496582,53.491627825152925,1269.205172438573,52.58316771308948,15558.468968833344,4566.577976658287,7258.187276830791,8809.478503353275
29.91328239440918,327.57293701171875,0.5847775340080261,327.57293701171875,3.0353476176969707e-05,102.52198791503906,5366.07080078125,0.203125,0.9465314149856567,1137,5,26.447886530496582,53.491627825152925,1269.205172438573,52.58316771308948,15558.468968833344,4566.577976658287,7258.187276830791,8809.478503353275
32.610687255859375,361.1676025390625,0.649124801158905,361.1676025390625,3.24208231177181e-05,193.4504852294922,5612.79296875,0.18359375,0.9495216608047485,1138,5,26.447886530496582,53.491627825152925,1269.205172438573,52.58316771308948,15558.468968833344,4566.577976658287,7258.187276830791,8809.478503353275
31.006057739257812,338.341796875,0.4100683629512787,338.341796875,1.9983450329164043e-05,259.63726806640625,5637.95458984375,0.17578125,0.947429358959198,1139,5,26.447886530496582,53.491627825152925,1269.205172438573,52.58316771308948,15558.468968833344,4566.577976658287,7258.187276830791,8809.478503353275
45.68830108642578,482.206787109375,0.7406815886497498,482.206787109375,5.4643409384880215e-05,1568.1634521484375,5878.40380859375,0.21484375,0.9491731524467468,1140,5,26.447886530496582,53.491627825152925,1269.205172438573,52.58316771308948,15558.468968833344,4566.577976658287,7258.187276830791,8809.478503353275
22.15414810180664,219.60928344726562,0.2522585690021515,219.60928344726562,1.0377116268500686e-05,24.414154052734375,5730.88720703125,0.16015625,0.9489791989326477,1141,5,26.447886530496582,53.491627825152925,1269.205172438573,52.58316771308948,15558.468968833344,4566.577976658287,7258.187276830791,8809.478503353275
20.31991958618164,243.85333251953125,0.290391206741333,243.85333251953125,1.2301676179049537e-05,13.313958168029785,5564.5751953125,0.1484375,0.9529623985290527,1142,5,26.447886530496582,53.491627825152925,1269.205172438573,52.58316771308948,15558.468968833344,4566.577976658287,7258.187276830791,8809.478503353275
17.531513214111328,230.04452514648438,0.2813100516796112,230.04452514648438,2.982106525450945e-05,27.983322143554688,5272.61083984375,0.16796875,0.9496626853942871,1143,5,26.447886530496582,53.491627825152925,1269.205172438573,52.58316771308948,15558.468968833344,4566.577976658287,7258.187276830791,8809.478503353275
32.446617126464844,370.4117431640625,0.45926719903945923,370.4117431640625,2.4789620511000976e-05,126.58069610595703,5486.98193359375,0.18359375,0.9504945874214172,1144,5,26.447886530496582,53.491627825152925,1269.205172438573,52.58316771308948,15558.468968833344,4566.577976658287,7258.187276830791,8809.478503353275
30.88050079345703,378.0099182128906,0.6760491132736206,378.0099182128906,2.2686068405164406e-05,399.27490234375,5965.341796875,0.19921875,0.9480974674224854,1145,5,26.447886530496582,53.491627825152925,1269.205172438573,52.58316771308948,15558.468968833344,4566.577976658287,7258.187276830791,8809.478503353275
33.1730842590332,375.79510498046875,0.6333689093589783,375.79510498046875,1.3180639143683948e-05,365.20166015625,5935.0068359375,0.16015625,0.9488189816474915,1146,5,26.447886530496582,53.491627825152925,1269.205172438573,52.58316771308948,15558.468968833344,4566.577976658287,7258.187276830791,8809.478503353275
21.426273345947266,269.3719787597656,0.4164549708366394,269.3719787597656,1.2296699424041435e-05,21.227989196777344,5606.12841796875,0.140625,0.948541522026062,1147,5,26.447886530496582,53.491627825152925,1269.205172438573,52.58316771308948,15558.468968833344,4566.577976658287,7258.187276830791,8809.478503353275
43.21331787109375,482.803955078125,0.6870929002761841,482.803955078125,1.805642750696279e-05,699.5986328125,6144.4091796875,0.1953125,0.9511006474494934,1148,5,26.447886530496582,53.491627825152925,1269.205172438573,52.58316771308948,15558.468968833344,4566.577976658287,7258.187276830791,8809.478503353275
25.111160278320312,298.5884704589844,0.2563261091709137,298.5884704589844,4.454972076928243e-05,38.78644561767578,5417.21728515625,0.18359375,0.9512473344802856,1149,5,26.447886530496582,53.491627825152925,1269.205172438573,52.58316771308948,15558.468968833344,4566.577976658287,7258.187276830791,8809.478503353275
16.891263961791992,213.91802978515625,0.31645533442497253,213.91806030273438,7.325395927182399e-06,20.530397415161133,5997.46484375,0.16015625,0.9467587471008301,1150,5,26.447886530496582,53.491627825152925,1269.205172438573,52.58316771308948,15558.468968833344,4566.577976658287,7258.187276830791,8809.478503353275
43.05376052856445,475.9530029296875,0.41509318351745605,475.9529724121094,4.0275801438838243e-05,1768.8984375,5620.52978515625,0.16796875,0.9507763385772705,1151,5,26.447886530496582,53.491627825152925,1269.205172438573,52.58316771308948,15558.468968833344,4566.577976658287,7258.187276830791,8809.478503353275
30.70566177368164,330.8260498046875,0.38386791944503784,330.8260498046875,3.6774727050215006e-05,185.7325439453125,5635.00390625,0.19140625,0.9507721066474915,1152,5,26.447886530496582,53.491627825152925,1269.205172438573,52.58316771308948,15558.468968833344,4566.577976658287,7258.187276830791,8809.478503353275
32.246826171875,385.69842529296875,0.3444729447364807,385.69842529296875,4.4183114368934184e-05,537.816650390625,5649.52294921875,0.171875,0.9456335306167603,1153,5,26.447886530496582,53.491627825152925,1269.205172438573,52.58316771308948,15558.468968833344,4566.577976658287,7258.187276830791,8809.478503353275
42.575172424316406,524.6165161132812,0.8324361443519592,524.6165161132812,5.263739876681939e-05,2157.92724609375,5872.8056640625,0.1953125,0.9484798312187195,1154,5,26.447886530496582,53.491627825152925,1269.205172438573,52.58316771308948,15558.468968833344,4566.577976658287,7258.187276830791,8809.478503353275
19.40408706665039,225.1817626953125,0.16308513283729553,225.1817626953125,4.671368060371606e-06,18.676124572753906,5710.0546875,0.140625,0.9474455714225769,1155,5,26.447886530496582,53.491627825152925,1269.205172438573,52.58316771308948,15558.468968833344,4566.577976658287,7258.187276830791,8809.478503353275
31.567245483398438,393.69232177734375,0.7924754023551941,393.69232177734375,1.7073762137442827e-05,86.33543395996094,6289.76220703125,0.1640625,0.9507034420967102,1156,5,26.447886530496582,53.491627825152925,1269.205172438573,52.58316771308948,15558.468968833344,4566.577976658287,7258.187276830791,8809.478503353275
30.221721649169922,342.95947265625,0.5544003844261169,342.95947265625,1.6656613297527656e-05,172.32273864746094,5899.595703125,0.17578125,0.950406551361084,1157,5,26.447886530496582,53.491627825152925,1269.205172438573,52.58316771308948,15558.468968833344,4566.577976658287,7258.187276830791,8809.478503353275
33.89067077636719,369.574462890625,0.539670467376709,369.574462890625,4.546921263681725e-05,613.894775390625,5880.546875,0.1796875,0.9491564035415649,1158,5,26.447886530496582,53.491627825152925,1269.205172438573,52.58316771308948,15558.468968833344,4566.577976658287,7258.187276830791,8809.478503353275
26.718610763549805,308.9923400878906,0.3597509264945984,308.9923400878906,4.519231151789427e-05,66.84213256835938,5440.18408203125,0.1640625,0.9503176212310791,1159,5,26.447886530496582,53.491627825152925,1269.205172438573,52.58316771308948,15558.468968833344,4566.577976658287,7258.187276830791,8809.478503353275
26.329418182373047,294.6702880859375,0.45263761281967163,294.6702880859375,1.5439340131706558e-05,28.78868865966797,5695.318359375,0.1640625,0.9501131176948547,1160,5,26.447886530496582,53.491627825152925,1269.205172438573,52.58316771308948,15558.468968833344,4566.577976658287,7258.187276830791,8809.478503353275
36.39307403564453,402.2236328125,0.5374722480773926,402.2236328125,2.96935613732785e-05,241.9547119140625,6100.080078125,0.16796875,0.9516730308532715,1161,5,26.447886530496582,53.491627825152925,1269.205172438573,52.58316771308948,15558.468968833344,4566.577976658287,7258.187276830791,8809.478503353275
23.88460350036621,265.8157043457031,0.29529431462287903,265.8157043457031,2.1491185179911554e-05,19.323562622070312,6018.69775390625,0.1640625,0.9497267603874207,1162,5,26.447886530496582,53.491627825152925,1269.205172438573,52.58316771308948,15558.468968833344,4566.577976658287,7258.187276830791,8809.478503353275
29.968730926513672,345.0606384277344,0.3813135027885437,345.06060791015625,1.5507144780713134e-05,445.3349609375,5899.80859375,0.1875,0.947446882724762,1163,5,26.447886530496582,53.491627825152925,1269.205172438573,52.58316771308948,15558.468968833344,4566.577976658287,7258.187276830791,8809.478503353275
21.153736114501953,254.97915649414062,0.3510195016860962,254.97915649414062,1.1478668056952301e-05,15.447712898254395,6128.9873046875,0.1484375,0.9475355744361877,1164,5,26.447886530496582,53.491627825152925,1269.205172438573,52.58316771308948,15558.468968833344,4566.577976658287,7258.187276830791,8809.478503353275
37.628150939941406,438.250244140625,0.66566002368927,438.25030517578125,2.3498132577515207e-05,230.28187561035156,5920.54443359375,0.1640625,0.9482412338256836,1165,5,26.447886530496582,53.491627825152925,1269.205172438573,52.58316771308948,15558.468968833344,4566.577976658287,7258.187276830791,8809.478503353275
32.813812255859375,388.39105224609375,0.431108295917511,388.39105224609375,5.3880510677117854e-05,427.33843994140625,5664.9765625,0.23046875,0.9510051012039185,1166,5,26.447886530496582,53.491627825152925,1269.205172438573,52.58316771308948,15558.468968833344,4566.577976658287,7258.187276830791,8809.478503353275
20.610118865966797,272.5160217285156,0.3098360300064087,272.5160217285156,1.7951881090993993e-05,36.147056579589844,5868.181640625,0.16015625,0.947256326675415,1167,5,26.447886530496582,53.491627825152925,1269.205172438573,52.58316771308948,15558.468968833344,4566.577976658287,7258.187276830791,8809.478503353275
22.476858139038086,280.74896240234375,0.37386006116867065,280.74896240234375,2.8166030460852198e-05,11.126449584960938,5950.345703125,0.16796875,0.9498410224914551,1168,5,26.447886530496582,53.491627825152925,1269.205172438573,52.58316771308948,15558.468968833344,4566.577976658287,7258.187276830791,8809.478503353275
35.38962173461914,435.19061279296875,0.7164435386657715,435.19061279296875,3.084315903834067e-05,474.7245178222656,6245.03759765625,0.2109375,0.9475758075714111,1169,5,26.447886530496582,53.491627825152925,1269.205172438573,52.58316771308948,15558.468968833344,4566.577976658287,7258.187276830791,8809.478503353275
40.493038177490234,516.3214111328125,0.5768462419509888,516.3213500976562,1.4774184819543734e-05,1376.134765625,6293.06787109375,0.203125,0.9491162896156311,1170,5,26.447886530496582,53.491627825152925,1269.205172438573,52.58316771308948,15558.468968833344,4566.577976658287,7258.187276830791,8809.478503353275
