train_loss,preclip_norm_mean,preclip_norm_p50,preclip_norm_p90,preclip_norm_p99,clip_fraction,update_norm,step,epoch,accepted,rejected,powell_damping,modified_damping
2.3147904872894287,11.427641868591309,11.713088989257812,15.15340805053711,17.015026092529297,1.0,0.9505825638771057,1,1,80,0,0,30
2.281557083129883,11.76311206817627,12.156778335571289,15.137779235839844,17.25739288330078,1.0,0.9496954083442688,2,1,80,0,0,30
2.2573790550231934,11.381845474243164,11.691610336303711,14.93265151977539,16.868221282958984,1.0,0.9541881084442139,3,1,80,0,0,30
2.244560718536377,11.561959266662598,12.042261123657227,15.036016464233398,17.29048728942871,1.0,0.954513430595398,4,1,80,0,0,30
2.198296546936035,11.918334007263184,11.954078674316406,15.615723609924316,17.91575050354004,1.0,0.9528114795684814,5,1,80,0,0,30
2.2050364017486572,13.344316482543945,13.392839431762695,17.999460220336914,20.4736328125,1.0,0.9521692991256714,6,1,80,0,0,30
2.152017593383789,13.250231742858887,13.495033264160156,17.911975860595703,19.998130798339844,1.0,0.9494423866271973,7,1,80,0,0,30
2.1131396293640137,13.875961303710938,14.008991241455078,18.621623992919922,20.86603546142578,1.0,0.9488914012908936,8,1,80,0,0,30
2.0595269203186035,14.819814682006836,14.962514877319336,19.677753448486328,23.35000228881836,1.0,0.9517824649810791,9,1,80,0,0,30
2.0294790267944336,16.034759521484375,15.875015258789062,21.969287872314453,25.510047912597656,1.0,0.951103925704956,10,1,80,0,0,30
2.005192756652832,17.882400512695312,18.299514770507812,24.092132568359375,27.22855567932129,1.0,0.9538626670837402,11,1,80,0,0,30
2.014932632446289,19.23263168334961,19.485017776489258,25.52178955078125,27.971118927001953,1.0,0.9486503601074219,12,1,80,0,0,30
1.880824089050293,19.52539825439453,19.3424072265625,26.598018646240234,30.279436111450195,1.0,0.9545460343360901,13,1,80,0,0,30
1.7929869890213013,21.230363845825195,20.964397430419922,29.1048583984375,33.73215866088867,1.0,0.951125979423523,14,1,80,0,0,30
1.7348241806030273,23.413875579833984,23.02067756652832,33.751380920410156,39.69882583618164,1.0,0.9558719396591187,15,1,80,0,0,30
1.7581307888031006,25.875865936279297,26.0771484375,36.63505935668945,43.47950744628906,1.0,0.9488934278488159,16,1,80,0,0,30
1.6706581115722656,27.136560440063477,27.10193634033203,38.71702575683594,46.239776611328125,1.0,0.9520310759544373,17,1,80,0,0,30
1.6166999340057373,28.01386070251465,28.845735549926758,39.83195877075195,49.496864318847656,1.0,0.9510248303413391,18,1,80,0,0,30
1.5691063404083252,30.558635711669922,30.120723724365234,45.5517578125,52.90319061279297,1.0,0.9510376453399658,19,1,80,0,0,30
1.5109857320785522,32.59560775756836,32.30410385131836,47.206111907958984,56.38619613647461,1.0,0.9513728022575378,20,1,80,0,0,30
1.4334782361984253,33.4035758972168,33.14569854736328,52.67754364013672,60.78428268432617,1.0,0.9504048824310303,21,1,80,0,0,30
1.3648221492767334,34.39132308959961,34.197200775146484,55.25230407714844,72.96865844726562,1.0,0.9545082449913025,22,1,80,0,0,30
1.3826510906219482,36.36697769165039,37.05332565307617,57.62018585205078,75.06867980957031,1.0,0.9523338079452515,23,1,80,0,0,30
1.2545127868652344,36.558021545410156,39.36724853515625,61.374114990234375,82.92047882080078,1.0,0.9528972506523132,24,1,80,0,0,30
1.1631629467010498,37.81634521484375,37.348392486572266,63.30729675292969,90.1611557006836,1.0,0.9546045660972595,25,1,80,0,0,30
1.2264047861099243,40.70280838012695,40.43706130981445,70.96624755859375,101.26133728027344,1.0,0.9459490180015564,26,1,80,0,0,30
1.2451646327972412,42.86058807373047,42.12561798095703,76.95381927490234,103.32321166992188,0.98828125,0.9504396915435791,27,1,80,0,0,30
1.1352533102035522,43.68148422241211,43.89596176147461,79.6507339477539,119.56717681884766,0.98828125,0.9494829773902893,28,1,80,0,0,30
1.168107032775879,43.522789001464844,43.71942138671875,78.80252075195312,111.93771362304688,0.98046875,0.9510593414306641,29,1,80,0,0,30
1.0709987878799438,45.39982604980469,40.69642639160156,103.01752471923828,138.2028350830078,0.9921875,0.9531505107879639,30,1,80,0,0,30
1.0545023679733276,45.26725769042969,44.375694274902344,90.97627258300781,137.3043212890625,0.96875,0.9483742713928223,31,1,80,0,0,30
1.0630834102630615,45.534759521484375,42.004093170166016,95.39800262451172,120.03060150146484,0.96484375,0.9509104490280151,32,1,80,0,0,30
0.9061936140060425,45.109832763671875,42.89469909667969,95.84329223632812,137.9310302734375,0.90234375,0.9502070546150208,33,1,80,0,0,30
0.8845328092575073,44.973899841308594,42.298667907714844,98.45805358886719,150.6343231201172,0.8984375,0.9520395398139954,34,1,80,0,0,30
0.9410653710365295,46.82829284667969,40.264892578125,100.94203186035156,163.94557189941406,0.875,0.9512626528739929,35,1,80,0,0,30
0.9496432542800903,49.3109130859375,41.44602584838867,109.16860961914062,162.92372131347656,0.90625,0.9509569406509399,36,1,80,0,0,30
0.8628795742988586,47.164634704589844,35.77050018310547,113.85469055175781,152.90185546875,0.9140625,0.9514814019203186,37,1,80,0,0,30
0.8289175033569336,49.46550750732422,43.127540588378906,107.2994155883789,175.55308532714844,0.90234375,0.949130117893219,38,1,80,0,0,30
0.8281518220901489,47.232872009277344,38.3583984375,122.53761291503906,177.7405548095703,0.83203125,0.9494264721870422,39,1,80,0,0,30
0.8499433398246765,47.702552795410156,32.51546096801758,112.14661407470703,191.2801055908203,0.87890625,0.9490928053855896,40,1,80,0,0,30
0.7642714381217957,48.018341064453125,31.615781784057617,132.12303161621094,188.8868408203125,0.81640625,0.9506877064704895,41,1,80,0,0,30
0.8195574283599854,52.3888053894043,29.544212341308594,130.18045043945312,202.62953186035156,0.82421875,0.9493711590766907,42,1,80,0,0,30
0.7859187722206116,50.2853889465332,31.356842041015625,125.80615234375,198.38941955566406,0.85546875,0.9523990750312805,43,1,80,0,0,30
0.7934198975563049,53.705108642578125,36.685211181640625,132.79351806640625,198.8658447265625,0.859375,0.9516147375106812,44,1,80,0,0,30
0.7873258590698242,50.22520446777344,23.52741241455078,136.70599365234375,210.94036865234375,0.8515625,0.9495760202407837,45,1,80,0,0,30
0.8197314739227295,55.99088668823242,33.38905334472656,143.61093139648438,233.1646728515625,0.83203125,0.9496261477470398,46,1,80,0,0,30
0.8076484799385071,54.25914001464844,29.63395118713379,153.34002685546875,236.91079711914062,0.8203125,0.9530494809150696,47,1,80,0,0,30
0.6359246969223022,46.9796142578125,20.07370376586914,124.63372039794922,234.98013305664062,0.76171875,0.9476989507675171,48,1,80,0,0,30
0.7012933492660522,45.28437042236328,16.303743362426758,136.3175048828125,183.52488708496094,0.7265625,0.9489516615867615,49,1,80,0,0,30
0.7268015146255493,54.715538024902344,24.47420883178711,149.66342163085938,214.9686279296875,0.78515625,0.9515793919563293,50,1,80,0,0,30
0.7389634251594543,56.84324645996094,28.761037826538086,156.16371154785156,241.85691833496094,0.76953125,0.9524661898612976,51,1,80,0,0,30
0.5968132019042969,46.971107482910156,21.040576934814453,130.1739044189453,207.064453125,0.75390625,0.9507572054862976,52,1,80,0,0,30
0.7544702291488647,55.02696990966797,16.53255844116211,155.5301971435547,250.20620727539062,0.734375,0.9498952627182007,53,1,80,0,0,30
0.632298469543457,56.03927230834961,28.793113708496094,153.87091064453125,254.0636444091797,0.79296875,0.949722409248352,54,1,80,0,0,30
0.6416364908218384,50.59717559814453,16.993022918701172,152.575439453125,274.08245849609375,0.71875,0.9509892463684082,55,1,80,0,0,30
0.5921427607536316,52.068634033203125,19.417325973510742,152.22396850585938,276.8431091308594,0.76953125,0.9500719904899597,56,1,80,0,0,30
0.6416993141174316,58.613372802734375,22.720779418945312,167.37733459472656,252.58340454101562,0.75390625,0.9492734670639038,57,1,80,0,0,30
0.7469738721847534,58.887657165527344,17.603349685668945,192.16152954101562,289.3036804199219,0.7421875,0.9510340690612793,58,1,80,0,0,30
0.6310890316963196,54.225608825683594,18.16789436340332,171.44915771484375,273.5333557128906,0.74609375,0.9510993361473083,59,1,80,0,0,30
0.6319454312324524,50.38376235961914,14.230117797851562,163.66647338867188,280.786376953125,0.7421875,0.9495495557785034,60,1,80,0,0,30
0.7045979499816895,53.018638610839844,13.187767028808594,177.76174926757812,276.6474304199219,0.70703125,0.9491393566131592,61,1,80,0,0,30
0.6500734090805054,52.251312255859375,13.61617374420166,161.8514404296875,285.94793701171875,0.71484375,0.9504772424697876,62,1,80,0,0,30
0.5369208455085754,44.99961471557617,9.093012809753418,142.2261962890625,294.74615478515625,0.671875,0.9484310746192932,63,1,80,0,0,30
0.45777976512908936,41.86546325683594,5.843838214874268,152.5830078125,260.8984375,0.6640625,0.9483324289321899,64,1,80,0,0,30
0.6071411371231079,50.755123138427734,11.85486125946045,150.830810546875,279.1205749511719,0.69921875,0.9515399932861328,65,1,80,0,0,30
0.5791085958480835,49.89484405517578,6.365416526794434,179.1059112548828,314.2552185058594,0.625,0.9508159160614014,66,1,80,0,0,30
0.6034178733825684,55.634193420410156,10.513011932373047,201.947265625,314.8273620605469,0.62109375,0.9483045339584351,67,1,80,0,0,30
0.5254813432693481,48.35163879394531,8.248842239379883,174.04827880859375,302.6391296386719,0.6640625,0.949468731880188,68,1,80,0,0,30
0.5035146474838257,49.53485107421875,9.551349639892578,167.55474853515625,306.923095703125,0.69921875,0.9504512548446655,69,1,80,0,0,30
0.5763429999351501,54.03053283691406,8.141632080078125,193.9864044189453,309.417236328125,0.67578125,0.9482119679450989,70,1,80,0,0,30
0.49760901927948,49.693199157714844,9.59217357635498,164.64718627929688,323.6092834472656,0.66015625,0.947887122631073,71,1,80,0,0,30
0.6556735038757324,55.30367660522461,13.632072448730469,175.16195678710938,330.6019287109375,0.69140625,0.9510549306869507,72,1,80,0,0,30
0.6385468244552612,57.09349060058594,6.596453666687012,200.1848602294922,315.1126708984375,0.6171875,0.9483392834663391,73,1,80,0,0,30
0.6081151366233826,61.218650817871094,13.109193801879883,203.30712890625,335.29522705078125,0.6796875,0.9507492184638977,74,1,80,0,0,30
0.7049834728240967,63.57185363769531,13.654568672180176,227.63795471191406,314.8968200683594,0.7109375,0.9498376250267029,75,1,80,0,0,30
0.7200407385826111,65.06099700927734,11.069978713989258,225.43507385253906,313.2417907714844,0.6484375,0.9492823481559753,76,1,80,0,0,30
0.6161946654319763,56.723846435546875,9.575139999389648,195.39053344726562,359.5894775390625,0.66796875,0.9520166516304016,77,1,80,0,0,30
0.6743468046188354,57.93645477294922,8.485208511352539,198.12744140625,360.1005554199219,0.68359375,0.9484291672706604,78,1,80,0,0,30
0.7362743616104126,64.57442474365234,11.376472473144531,204.30252075195312,356.51995849609375,0.65625,0.9496761560440063,79,1,80,0,0,30
0.5331812500953674,50.3634033203125,3.8226664066314697,191.8756103515625,346.142578125,0.6015625,0.9510361552238464,80,1,80,0,0,30
0.6169146299362183,59.352081298828125,7.612417221069336,211.93902587890625,367.52496337890625,0.671875,0.9488556981086731,81,1,80,0,0,30
0.6445270776748657,56.430946350097656,3.8206300735473633,217.88262939453125,348.74578857421875,0.59375,0.9505646824836731,82,1,80,0,0,30
0.5466756224632263,50.61109924316406,5.583234786987305,169.31883239746094,381.93621826171875,0.640625,0.9479795694351196,83,1,80,0,0,30
0.6655548810958862,62.22503662109375,10.522724151611328,230.43707275390625,391.7847900390625,0.671875,0.950019896030426,84,1,80,0,0,30
0.5520409345626831,54.097572326660156,6.339921474456787,177.31494140625,386.7944030761719,0.62109375,0.9485059380531311,85,1,80,0,0,30
0.7137195467948914,59.466835021972656,3.3497986793518066,223.38755798339844,334.7923583984375,0.6015625,0.9494314789772034,86,1,80,0,0,30
0.7294016480445862,57.02055358886719,3.754730224609375,231.60824584960938,376.2854309082031,0.5703125,0.9498019814491272,87,1,80,0,0,30
0.662040114402771,64.86322021484375,6.514881610870361,233.25485229492188,370.2748718261719,0.625,0.9506781101226807,88,1,80,0,0,30
0.7632489800453186,69.62448120117188,6.882198333740234,267.2364501953125,375.7162780761719,0.62890625,0.9500434994697571,89,1,80,0,0,30
0.46127405762672424,48.519775390625,1.532281756401062,187.57469177246094,407.610107421875,0.5390625,0.9502257704734802,90,1,80,0,0,30
0.6030641198158264,54.267425537109375,1.2161636352539062,220.44729614257812,390.9521789550781,0.5234375,0.9495035409927368,91,1,80,0,0,30
0.700982928276062,64.34886169433594,2.947261095046997,257.7748718261719,420.05743408203125,0.578125,0.9484924077987671,92,1,80,0,0,30
0.5640237927436829,55.387413024902344,3.146223545074463,209.21469116210938,379.0861511230469,0.609375,0.9479566812515259,93,1,80,0,0,30
0.6898056268692017,63.641422271728516,2.6501293182373047,240.24053955078125,406.4239807128906,0.5546875,0.9499082565307617,94,1,80,0,0,30
0.49930045008659363,50.55499267578125,3.187249183654785,208.28131103515625,348.1456604003906,0.56640625,0.9501129388809204,95,1,80,0,0,30
0.5731816291809082,60.32608413696289,3.5107221603393555,232.34378051757812,329.4982604980469,0.58203125,0.9515103697776794,96,1,80,0,0,30
0.40380263328552246,47.703880310058594,1.6849639415740967,169.24063110351562,392.75408935546875,0.53515625,0.9499560594558716,97,1,80,0,0,30
0.42166924476623535,48.08155822753906,1.6589016914367676,199.8388671875,345.65374755859375,0.55078125,0.9528732895851135,98,1,80,0,0,30
0.5112260580062866,50.90300750732422,1.348616123199463,196.83421325683594,455.93658447265625,0.5234375,0.9516438841819763,99,1,80,0,0,30
0.8814455270767212,72.76034545898438,4.090215682983398,251.47666931152344,423.6601257324219,0.609375,0.9461763501167297,100,1,80,0,0,30
0.8234546184539795,66.13822174072266,5.167750358581543,275.8565979003906,404.61041259765625,0.59765625,0.9484817981719971,101,1,80,0,0,30
0.5308179259300232,55.27919006347656,2.6558804512023926,217.00018310546875,428.7393798828125,0.5703125,0.949160099029541,102,1,80,0,0,30
0.7136440277099609,64.97944641113281,2.7766523361206055,269.029541015625,425.5469970703125,0.55078125,0.9488632678985596,103,1,80,0,0,30
0.6964175701141357,67.05903625488281,5.283161163330078,250.97369384765625,443.2135009765625,0.61328125,0.9484438896179199,104,1,80,0,0,30
0.5906354188919067,56.78629684448242,1.202317714691162,265.04443359375,405.40277099609375,0.51171875,0.9509483575820923,105,1,80,0,0,30
0.7874667644500732,76.3939208984375,4.780613899230957,287.6094970703125,460.8123474121094,0.65625,0.9504271149635315,106,1,80,0,0,30
0.5415402054786682,57.482269287109375,1.5961670875549316,240.62709045410156,397.46197509765625,0.5390625,0.9481533765792847,107,1,80,0,0,30
0.480044424533844,46.53465270996094,0.680019736289978,191.25564575195312,381.3860778808594,0.46484375,0.9491771459579468,108,1,80,0,0,30
0.5661137104034424,61.479400634765625,2.2594687938690186,254.53233337402344,415.8662109375,0.55078125,0.9503424763679504,109,1,80,0,0,30
0.4682765603065491,55.600379943847656,1.0131151676177979,217.45419311523438,441.5552673339844,0.5078125,0.9493922591209412,110,1,80,0,0,30
0.48630160093307495,49.4887809753418,1.833444356918335,170.30227661132812,442.0589599609375,0.546875,0.9485310912132263,111,1,80,0,0,30
0.7512966990470886,73.27977752685547,1.9234514236450195,265.8482360839844,481.32781982421875,0.5546875,0.9487445950508118,112,1,80,0,0,30
0.5876266956329346,53.871788024902344,0.940186083316803,231.29449462890625,422.1719055175781,0.484375,0.9487888813018799,113,1,80,0,0,30
0.8008131980895996,70.45826721191406,1.2100156545639038,297.69317626953125,458.599853515625,0.51171875,0.9482121467590332,114,1,80,0,0,30
0.585913360118866,60.54327392578125,1.6862082481384277,263.71014404296875,448.9876708984375,0.55859375,0.9501785635948181,115,1,80,0,0,30
0.6158824563026428,60.71215057373047,0.3849244713783264,274.13714599609375,466.5596618652344,0.4609375,0.9496285319328308,116,1,80,0,0,30
0.6068407893180847,64.9421615600586,2.3942995071411133,279.65521240234375,432.7486572265625,0.55078125,0.9532676935195923,117,1,80,0,0,30
0.7876071333885193,60.440589904785156,1.0669691562652588,263.0802001953125,469.972900390625,0.5078125,0.9481531381607056,118,1,80,0,0,30
0.6683880090713501,61.74745559692383,1.5382683277130127,250.08279418945312,463.3616638183594,0.52734375,0.9489917755126953,119,1,80,0,0,30
0.6362954378128052,60.06607437133789,0.77454674243927,309.10626220703125,461.5446472167969,0.49609375,0.947674572467804,120,1,80,0,0,30
0.46735912561416626,57.3867301940918,1.300057291984558,210.69894409179688,471.1015319824219,0.515625,0.9491047263145447,121,1,80,0,0,30
0.5686359405517578,66.89237976074219,1.031738519668579,278.50299072265625,449.013671875,0.50390625,0.9492877125740051,122,1,80,0,0,30
0.6683118343353271,66.64434814453125,0.9767829179763794,287.94256591796875,491.3653564453125,0.5,0.9487603902816772,123,1,80,0,0,30
0.7621558904647827,69.303955078125,0.6791989803314209,267.8926696777344,433.91241455078125,0.48046875,0.9518678784370422,124,1,80,0,0,30
0.5689955353736877,62.59663391113281,1.183146595954895,297.1601257324219,457.50421142578125,0.515625,0.9517309665679932,125,1,80,0,0,30
0.538958728313446,59.142333984375,0.8277817368507385,250.1435546875,477.3255920410156,0.484375,0.9479004144668579,126,1,80,0,0,30
0.8527137041091919,79.43360900878906,1.881795048713684,316.3224792480469,480.9710388183594,0.55859375,0.9497523903846741,127,1,80,0,0,30
0.7043812870979309,57.8673095703125,0.8812720775604248,245.41305541992188,511.5646667480469,0.4921875,0.948378324508667,128,1,80,0,0,30
0.4942088723182678,56.576473236083984,0.28386855125427246,253.00112915039062,481.33221435546875,0.42578125,0.950203001499176,129,1,80,0,0,30
0.6285219192504883,51.63390350341797,0.43089690804481506,215.39578247070312,429.6274719238281,0.44921875,0.9488327503204346,130,1,80,0,0,30
0.6535429954528809,63.06696701049805,1.0647894144058228,300.635986328125,486.2034606933594,0.5,0.9489493370056152,131,1,80,0,0,30
0.5769751071929932,52.986671447753906,0.2743096947669983,205.9387969970703,515.4349365234375,0.421875,0.9497469067573547,132,1,80,0,0,30
0.7959429025650024,64.65589904785156,1.4919805526733398,267.6408996582031,495.5630798339844,0.53515625,0.9506548047065735,133,1,80,0,0,30
0.8608550429344177,79.436279296875,1.5543010234832764,337.95068359375,492.96697998046875,0.53125,0.9494420289993286,134,1,80,0,0,30
0.6252977848052979,59.8635368347168,0.97130286693573,233.6652069091797,519.2510375976562,0.49609375,0.9485937356948853,135,1,80,0,0,30
0.5373461842536926,61.96102523803711,0.4994950294494629,274.421630859375,493.8760986328125,0.46875,0.9506075978279114,136,1,80,0,0,30
0.5924237966537476,48.77788543701172,0.46991586685180664,212.44534301757812,482.9461975097656,0.44921875,0.947955310344696,137,1,80,0,0,30
0.5641893148422241,54.916893005371094,1.0299959182739258,231.16134643554688,483.8038635253906,0.50390625,0.947638213634491,138,1,80,0,0,30
0.39621666073799133,48.90846252441406,0.2711089253425598,218.35171508789062,441.3949890136719,0.4140625,0.950916588306427,139,1,80,0,0,30
0.5771108865737915,47.8836669921875,0.2672727108001709,217.37393188476562,430.2007141113281,0.3984375,0.9514694809913635,140,1,80,0,0,30
0.6522778272628784,67.73008728027344,0.4661756753921509,285.564208984375,535.92333984375,0.4609375,0.9481411576271057,141,1,80,0,0,30
0.5320413708686829,54.787479400634766,0.49687057733535767,225.81100463867188,546.133544921875,0.44921875,0.9491467475891113,142,1,80,0,0,30
0.7652896642684937,71.64375305175781,1.2557514905929565,336.00250244140625,474.3971862792969,0.53515625,0.9496048092842102,143,1,80,0,0,30
0.6278088688850403,65.74581909179688,0.9330448508262634,260.16583251953125,502.3367614746094,0.4921875,0.9486163854598999,144,1,80,0,0,30
0.8277435302734375,66.614501953125,0.3752812147140503,305.38031005859375,518.8862915039062,0.4296875,0.9489031434059143,145,1,80,0,0,30
0.5129787921905518,55.14671325683594,0.5785936117172241,253.93402099609375,516.7721557617188,0.46484375,0.9473866820335388,146,1,80,0,0,30
0.7368420362472534,56.51531219482422,0.3772486448287964,254.35696411132812,478.32470703125,0.42578125,0.9491989612579346,147,1,80,0,0,30
0.6464110016822815,66.67427062988281,0.7011330723762512,290.029296875,536.0078125,0.46484375,0.9487220644950867,148,1,80,0,0,30
0.5415065288543701,56.356971740722656,0.47239425778388977,250.88864135742188,476.7243957519531,0.4453125,0.9502292275428772,149,1,80,0,0,30
0.8314120173454285,77.94999694824219,0.7525820732116699,341.8023986816406,561.6695556640625,0.484375,0.9512027502059937,150,1,80,0,0,30
0.5534160733222961,55.9970588684082,0.33851945400238037,255.74069213867188,508.4456481933594,0.43359375,0.9477418065071106,151,1,80,0,0,30
0.6283141374588013,62.572689056396484,0.797498881816864,299.0604248046875,513.6237182617188,0.4765625,0.948934018611908,152,1,80,0,0,30
0.8456441164016724,63.712921142578125,0.24639162421226501,345.27947998046875,533.0429077148438,0.421875,0.9486787915229797,153,1,80,0,0,30
0.5021106004714966,62.97125244140625,0.39365631341934204,253.42138671875,596.9931030273438,0.41796875,0.949063777923584,154,1,80,0,0,30
0.6074629426002502,64.8387451171875,0.5762079358100891,298.80499267578125,541.1785278320312,0.4765625,0.9490382671356201,155,1,80,0,0,30
0.48894768953323364,61.27812576293945,0.23704901337623596,308.74578857421875,511.2734375,0.43359375,0.9493718147277832,156,1,80,0,0,30
0.5919578075408936,59.44062423706055,0.742863118648529,257.67254638671875,526.385986328125,0.48046875,0.9496710896492004,157,1,80,0,0,30
0.5037277936935425,54.71080017089844,0.1433529555797577,248.2193603515625,568.1524658203125,0.41015625,0.9487378597259521,158,1,80,0,0,30
0.8078467845916748,72.07850646972656,0.5997300148010254,355.58831787109375,544.4884033203125,0.453125,0.9484760165214539,159,1,80,0,0,30
0.487945556640625,48.427188873291016,0.18366989493370056,211.42153930664062,476.72210693359375,0.37890625,0.9460828900337219,160,1,80,0,0,30
0.6303898096084595,65.02885437011719,0.14894868433475494,259.1416931152344,519.507080078125,0.41015625,0.9496920704841614,161,1,80,0,0,30
0.5005391240119934,63.57395935058594,0.34920626878738403,276.082763671875,541.8843994140625,0.453125,0.95084547996521,162,1,80,0,0,30
0.5237727761268616,59.44164276123047,0.3605511784553528,290.1554870605469,540.0043334960938,0.4375,0.9490169882774353,163,1,80,0,0,30
0.7589777708053589,68.1634521484375,0.2774673104286194,339.58221435546875,545.2383422851562,0.4296875,0.9493059515953064,164,1,80,0,0,30
0.5426837205886841,55.860191345214844,0.31805697083473206,223.47378540039062,516.4808349609375,0.41015625,0.9510047435760498,165,1,80,0,0,30
0.7192554473876953,66.37124633789062,0.6656653881072998,298.40728759765625,501.186279296875,0.484375,0.9466328620910645,166,1,80,0,0,30
0.659624457359314,68.55928802490234,0.4313618242740631,335.97412109375,532.2117919921875,0.45703125,0.9488169550895691,167,1,80,0,0,30
0.6502813100814819,66.2330322265625,0.1548032909631729,276.47222900390625,544.4068603515625,0.43359375,0.9460758566856384,168,1,80,0,0,30
0.5870563387870789,66.55668640136719,0.48334455490112305,287.86279296875,576.5569458007812,0.47265625,0.9483295679092407,169,1,80,0,0,30
0.6518455743789673,65.64620971679688,0.607945442199707,322.76715087890625,476.1009826660156,0.4765625,0.9488908648490906,170,1,80,0,0,30
0.6251927018165588,61.107940673828125,0.4561253786087036,265.97064208984375,495.53607177734375,0.4453125,0.9459971785545349,171,1,80,0,0,30
0.602634072303772,66.26423645019531,0.38017112016677856,300.81622314453125,515.1055908203125,0.46484375,0.9488725662231445,172,1,80,0,0,30
0.567660927772522,55.764617919921875,0.1681356281042099,248.03518676757812,518.8770141601562,0.35546875,0.9489221572875977,173,1,80,0,0,30
0.702364981174469,62.49973678588867,0.3110808730125427,318.1080322265625,534.46142578125,0.43359375,0.9502776861190796,174,1,80,0,0,30
0.4991433620452881,57.39310073852539,0.20702491700649261,231.592529296875,532.7600708007812,0.44140625,0.9500197768211365,175,1,80,0,0,30
0.4908023178577423,50.01897048950195,0.27221959829330444,222.98504638671875,534.6341552734375,0.40625,0.9487336277961731,176,1,80,0,0,30
0.6174889802932739,59.49979019165039,0.3996186852455139,258.8798828125,552.0084838867188,0.42578125,0.9497982263565063,177,1,80,0,0,30
0.3585295081138611,47.286537170410156,0.12913131713867188,174.471923828125,540.326171875,0.3671875,0.9495843052864075,178,1,80,0,0,30
0.5958997011184692,58.12742614746094,0.24459022283554077,275.7191162109375,588.3604736328125,0.3828125,0.9472134113311768,179,1,80,0,0,30
0.5621858835220337,67.30751037597656,0.44839391112327576,297.99981689453125,574.8854370117188,0.42578125,0.9489158391952515,180,1,80,0,0,30
0.4555147886276245,59.02934265136719,0.12756535410881042,271.98944091796875,570.7145385742188,0.390625,0.9488007426261902,181,1,80,0,0,30
0.7663998603820801,67.61605834960938,0.4442524015903473,308.0343017578125,564.8323974609375,0.44140625,0.9473080635070801,182,1,80,0,0,30
0.6194378733634949,68.15605163574219,0.37086135149002075,306.2502136230469,559.4883422851562,0.4609375,0.9505608081817627,183,1,80,0,0,30
0.6782934665679932,67.64337158203125,0.4527992010116577,295.10992431640625,525.6854248046875,0.4609375,0.9501537084579468,184,1,80,0,0,30
0.7866805791854858,61.37290954589844,0.18861600756645203,320.9897155761719,502.010009765625,0.41015625,0.9503433704376221,185,1,80,0,0,30
0.650495707988739,63.22438049316406,0.1729898452758789,291.7830810546875,507.60906982421875,0.390625,0.9471818804740906,186,1,80,0,0,30
0.5033125877380371,44.62824630737305,0.20456454157829285,154.30087280273438,491.1380920410156,0.39453125,0.9515215158462524,187,1,80,0,0,30
0.5633330345153809,61.23128128051758,0.21815551817417145,298.86407470703125,579.9263916015625,0.41796875,0.9484570026397705,188,1,80,0,0,30
0.4897509813308716,56.10323715209961,0.19771942496299744,266.15985107421875,513.0355224609375,0.41796875,0.9475920796394348,189,1,80,0,0,30
0.7142641544342041,61.13392639160156,0.24470408260822296,273.90631103515625,503.7201843261719,0.4375,0.9489568471908569,190,1,80,0,0,30
0.563423216342926,62.43122863769531,0.16136455535888672,331.49224853515625,608.2146606445312,0.390625,0.949088990688324,191,1,80,0,0,30
0.3212388753890991,40.750465393066406,0.37779203057289124,145.25738525390625,480.3621520996094,0.4375,0.9473162293434143,192,1,80,0,0,30
0.6448608636856079,69.00286102294922,0.30729326605796814,334.8360900878906,587.1032104492188,0.4375,0.9483411908149719,193,1,80,0,0,30
0.695009708404541,73.50439453125,0.15452513098716736,319.16815185546875,643.60009765625,0.390625,0.9494927525520325,194,1,80,0,0,30
0.5992376804351807,74.93392944335938,0.25682422518730164,307.1864318847656,586.748291015625,0.44140625,0.9485957622528076,195,1,80,0,0,30
0.6735493540763855,54.858734130859375,0.1532554030418396,273.42803955078125,541.7427978515625,0.36328125,0.9481117129325867,196,1,80,0,0,30
0.5289930105209351,57.145545959472656,0.10562843084335327,242.48419189453125,501.98944091796875,0.4140625,0.950527012348175,197,1,80,0,0,30
0.6742514371871948,70.02517700195312,0.3813464045524597,317.1055908203125,555.4845581054688,0.44140625,0.9477108716964722,198,1,80,0,0,30
0.7885708808898926,74.74919128417969,0.38425952196121216,364.51605224609375,550.3178100585938,0.43359375,0.9498381614685059,199,1,80,0,0,30
0.41730985045433044,62.4081916809082,0.15919190645217896,299.96966552734375,542.5108642578125,0.37109375,0.9503961205482483,200,1,80,0,0,30
0.6422123908996582,65.91788482666016,0.12462761253118515,339.71209716796875,549.2578735351562,0.40234375,0.9487025141716003,201,1,80,0,0,30
0.41613516211509705,52.948429107666016,0.08726651221513748,288.10369873046875,540.36328125,0.3984375,0.9490075707435608,202,1,80,0,0,30
0.6760488748550415,65.82635498046875,0.10805275291204453,322.2508850097656,580.7505493164062,0.37890625,0.947406530380249,203,1,80,0,0,30
0.6313009262084961,62.1155891418457,0.16464325785636902,279.30010986328125,536.5361328125,0.421875,0.9499115347862244,204,1,80,0,0,30
0.5200520753860474,71.95757293701172,0.2883661389350891,346.7957458496094,665.2161254882812,0.421875,0.9496240615844727,205,1,80,0,0,30
0.5853736400604248,52.555908203125,0.2908996343612671,206.34695434570312,590.52978515625,0.3984375,0.9494595527648926,206,1,80,0,0,30
0.5683470368385315,69.98323822021484,0.11802955716848373,364.1470947265625,642.000244140625,0.37890625,0.9499543309211731,207,1,80,0,0,30
0.3736456334590912,45.072540283203125,0.15790049731731415,147.6918182373047,549.1242065429688,0.37109375,0.9491937160491943,208,1,80,0,0,30
0.6698020696640015,57.06314468383789,0.1402822583913803,279.9922790527344,535.7281494140625,0.375,0.9518364071846008,209,1,80,0,0,30
0.8056504726409912,72.67876434326172,0.12184956669807434,372.8423156738281,592.5967407226562,0.375,0.951995313167572,210,1,80,0,0,30
0.3789730966091156,52.32426071166992,0.09350180625915527,245.1696014404297,502.0962219238281,0.37109375,0.951117217540741,211,1,80,0,0,30
0.5836308002471924,59.703819274902344,0.14617261290550232,304.295654296875,561.6827392578125,0.37890625,0.9484712481498718,212,1,80,0,0,30
0.40761101245880127,48.899478912353516,0.11955410242080688,189.96063232421875,524.6233520507812,0.36328125,0.9490116834640503,213,1,80,0,0,30
0.6888159513473511,71.55243682861328,0.2011518031358719,354.993408203125,582.5892944335938,0.41796875,0.9504550099372864,214,1,80,0,0,30
0.4978940188884735,57.74776840209961,0.14753524959087372,266.996337890625,573.1618041992188,0.36328125,0.9513397216796875,215,1,80,0,0,30
0.7687658071517944,84.82675170898438,0.5106067061424255,372.3079528808594,596.9448852539062,0.46875,0.9490305781364441,216,1,80,0,0,30
0.39031079411506653,49.75604248046875,0.09633985161781311,181.37158203125,612.2179565429688,0.3515625,0.9495525360107422,217,1,80,0,0,30
0.431330144405365,51.393821716308594,0.04459337145090103,244.49737548828125,560.728515625,0.3046875,0.951549232006073,218,1,80,0,0,30
0.4389420747756958,53.486907958984375,0.22334024310112,233.07290649414062,573.3995971679688,0.3671875,0.9487833380699158,219,1,80,0,0,30
0.602783203125,56.11808776855469,0.13363999128341675,252.8748016357422,606.0099487304688,0.35546875,0.9509935975074768,220,1,80,0,0,30
0.5693134069442749,54.66407775878906,0.19350546598434448,300.5438232421875,480.5936279296875,0.375,0.9487926363945007,221,1,80,0,0,30
0.5900282859802246,56.12831115722656,0.11469438672065735,256.18975830078125,542.6632690429688,0.36328125,0.9478260278701782,222,1,80,0,0,30
0.6113806962966919,66.42858123779297,0.08746472001075745,331.2157287597656,651.3861083984375,0.33984375,0.9470348358154297,223,1,80,0,0,30
0.6965206861495972,67.44310760498047,0.041852597147226334,329.71356201171875,648.3505859375,0.3515625,0.9472234845161438,224,1,80,0,0,30
0.6286813020706177,67.61337280273438,0.03830078989267349,323.2248840332031,571.6492919921875,0.3515625,0.9473234415054321,225,1,80,0,0,30
0.7666035890579224,75.13556671142578,0.10205477476119995,363.8818664550781,675.2883911132812,0.3984375,0.9495474100112915,226,1,80,0,0,30
0.4144239127635956,51.82781982421875,0.11734451353549957,203.05178833007812,532.912841796875,0.41015625,0.9493396282196045,227,1,80,0,0,30
0.5135428309440613,61.133934020996094,0.08927455544471741,234.07728576660156,713.1863403320312,0.3515625,0.9473310708999634,228,1,80,0,0,30
0.41351866722106934,55.6920166015625,0.12779532372951508,181.34750366210938,668.4196166992188,0.37109375,0.9503226280212402,229,1,80,0,0,30
0.6212577819824219,66.90463256835938,0.059534329921007156,275.6387023925781,658.1852416992188,0.3671875,0.9515220522880554,230,1,80,0,0,30
0.49441102147102356,53.038578033447266,0.07364703714847565,232.31561279296875,591.6544189453125,0.37890625,0.9514726996421814,231,1,80,0,0,30
0.6559135913848877,64.98643493652344,0.2658279240131378,296.1274108886719,610.7850341796875,0.41796875,0.9491041302680969,232,1,80,0,0,30
0.5961660146713257,64.14928436279297,0.11529971659183502,345.00579833984375,635.6490478515625,0.37890625,0.9498385190963745,233,1,80,0,0,30
0.6795272827148438,66.32167053222656,0.12865152955055237,318.55267333984375,576.85595703125,0.375,0.952105700969696,234,1,80,0,0,30
0.8221662640571594,38.40930938720703,0.056387580931186676,198.374267578125,351.489990234375,0.36328125,0.9498242735862732,235,2,160,0,20,67
0.570519745349884,32.311729431152344,0.06880218535661697,155.16714477539062,284.0879821777344,0.3515625,0.9498673677444458,236,2,160,0,20,67
0.6547637581825256,33.596519470214844,0.046848028898239136,157.3771514892578,335.02630615234375,0.328125,0.946368932723999,237,2,160,0,20,67
0.48239147663116455,29.300901412963867,0.027686219662427902,130.63113403320312,322.622314453125,0.2734375,0.9512509107589722,238,2,160,0,20,67
0.5251249074935913,34.56226348876953,0.05906926095485687,169.14126586914062,329.67584228515625,0.3125,0.9485282897949219,239,2,160,0,20,67
0.6453825235366821,35.44618225097656,0.048685621470212936,187.7574005126953,337.6724853515625,0.33203125,0.9496540427207947,240,2,160,0,20,67
0.6085386276245117,34.084922790527344,0.035217687487602234,171.1877899169922,365.5035400390625,0.328125,0.9464320540428162,241,2,160,0,20,67
0.5513372421264648,33.021644592285156,0.0809641033411026,113.67245483398438,380.7611083984375,0.3515625,0.951911985874176,242,2,160,0,20,67
0.49912890791893005,32.10271453857422,0.04130750149488449,152.89163208007812,344.2761535644531,0.30078125,0.9475839734077454,243,2,160,0,20,67
0.6511677503585815,35.573707580566406,0.029957611113786697,170.78668212890625,338.75823974609375,0.359375,0.950855016708374,244,2,160,0,20,67
0.56718909740448,29.60140037536621,0.025453362613916397,131.7765350341797,320.0620422363281,0.27734375,0.9504293203353882,245,2,160,0,20,67
0.7498362064361572,41.23167419433594,0.1099901795387268,208.361083984375,347.41802978515625,0.3515625,0.9491491317749023,246,2,160,0,20,67
0.7294908761978149,38.400413513183594,0.08092159032821655,179.37750244140625,345.3023986816406,0.34375,0.9490797519683838,247,2,160,0,20,67
0.42543038725852966,26.282379150390625,0.04117962345480919,99.4071044921875,297.7163391113281,0.30859375,0.9486979246139526,248,2,160,0,20,67
0.7707557678222656,38.242103576660156,0.06180303171277046,189.00148010253906,315.8844299316406,0.36328125,0.9485464096069336,249,2,160,0,20,67
0.7135801315307617,33.4908561706543,0.06701605021953583,161.51416015625,318.5143127441406,0.31640625,0.9506204724311829,250,2,160,0,20,67
0.46726828813552856,26.37366485595703,0.013888873159885406,96.50559997558594,294.9773254394531,0.2421875,0.9497776627540588,251,2,160,0,20,67
0.5507292151451111,33.212188720703125,0.02367040328681469,153.5981903076172,337.3551330566406,0.32421875,0.9480715990066528,252,2,160,0,20,67
0.8489886522293091,44.60380554199219,0.1597941517829895,221.22628784179688,389.0091552734375,0.36328125,0.9476326704025269,253,2,160,0,20,67
0.7438963651657104,36.15437316894531,0.07063520699739456,181.28330993652344,342.7276611328125,0.3203125,0.9471961259841919,254,2,160,0,20,67
0.46538907289505005,27.055822372436523,0.07621870934963226,86.73403930664062,350.1349182128906,0.3125,0.9490159749984741,255,2,160,0,20,67
0.4967716336250305,33.408416748046875,0.0634310245513916,150.66505432128906,325.14306640625,0.34375,0.9516717791557312,256,2,160,0,20,67
0.6144827604293823,33.525634765625,0.08468985557556152,144.7362823486328,329.9842834472656,0.3359375,0.9473313689231873,257,2,160,0,20,67
0.46460872888565063,31.21310806274414,0.025874266400933266,128.39024353027344,357.1004333496094,0.3046875,0.9484411478042603,258,2,160,0,20,67
0.4290517568588257,27.804092407226562,0.04667762666940689,100.73745727539062,360.2591247558594,0.2890625,0.9491649270057678,259,2,160,0,20,67
0.5557124018669128,31.637758255004883,0.06927627325057983,138.68801879882812,320.235107421875,0.328125,0.9483794569969177,260,2,160,0,20,67
0.4752603769302368,27.437715530395508,0.03133656829595566,74.48863983154297,341.0431823730469,0.27734375,0.9509518146514893,261,2,160,0,20,67
0.5708044171333313,33.67436218261719,0.051894210278987885,169.8076629638672,333.1589660644531,0.3515625,0.9509910345077515,262,2,160,0,20,67
0.36716848611831665,25.089305877685547,0.04791537672281265,71.56076049804688,323.2586364746094,0.34765625,0.9479371905326843,263,2,160,0,20,67
0.4606091380119324,27.841318130493164,0.024111341685056686,119.76075744628906,300.40118408203125,0.3125,0.9471035599708557,264,2,160,0,20,67
0.6078821420669556,29.929004669189453,0.03371024131774902,103.72918701171875,362.62158203125,0.3203125,0.9476675987243652,265,2,160,0,20,67
0.5653121471405029,30.390155792236328,0.029396818950772285,121.13118743896484,345.64764404296875,0.31640625,0.9480174779891968,266,2,160,0,20,67
0.5696548223495483,42.22908020019531,0.0980486124753952,196.69546508789062,352.2983093261719,0.3828125,0.9494896531105042,267,2,160,0,20,67
0.5414831638336182,37.875526428222656,0.09341377019882202,187.76766967773438,365.812255859375,0.31640625,0.9483963251113892,268,2,160,0,20,67
0.5445112586021423,25.503103256225586,0.026349056512117386,97.89746856689453,321.9061279296875,0.28515625,0.9461676478385925,269,2,160,0,20,67
0.3629375696182251,27.037240982055664,0.02296900749206543,109.45024871826172,292.4190368652344,0.3125,0.9493312835693359,270,2,160,0,20,67
0.5215485692024231,33.523597717285156,0.0263008251786232,169.3197021484375,340.389892578125,0.26953125,0.9501273036003113,271,2,160,0,20,67
0.4703529477119446,32.51679229736328,0.05467807501554489,116.04881286621094,358.93585205078125,0.30078125,0.9503929018974304,272,2,160,0,20,67
0.40574902296066284,23.776710510253906,0.01526924129575491,63.35835647583008,349.4129943847656,0.2890625,0.9502918720245361,273,2,160,0,20,67
0.43154796957969666,27.87523651123047,0.021626995876431465,87.83454132080078,317.43975830078125,0.27734375,0.9498669505119324,274,2,160,0,20,67
0.49335113167762756,30.562400817871094,0.01418397668749094,125.32716369628906,341.30181884765625,0.29296875,0.9489176869392395,275,2,160,0,20,67
0.5646092891693115,33.210609436035156,0.030953925102949142,147.39793395996094,373.83551025390625,0.296875,0.9508967399597168,276,2,160,0,20,67
0.6875884532928467,31.762840270996094,0.027581574395298958,139.1397705078125,332.9561767578125,0.296875,0.9485518932342529,277,2,160,0,20,67
0.40215200185775757,27.9931583404541,0.08702339231967926,121.67109680175781,293.155517578125,0.33203125,0.9488440752029419,278,2,160,0,20,67
0.4441261291503906,28.343303680419922,0.03173922374844551,123.6041259765625,326.21826171875,0.2890625,0.9479066729545593,279,2,160,0,20,67
0.41817906498908997,34.37782287597656,0.10150720179080963,170.77882385253906,337.6798400878906,0.3828125,0.9502258896827698,280,2,160,0,20,67
0.9530254602432251,46.46739959716797,0.08530549705028534,201.12171936035156,347.2036437988281,0.37109375,0.9520142674446106,281,2,160,0,20,67
0.6112323999404907,34.586570739746094,0.028458982706069946,154.25460815429688,359.07879638671875,0.3203125,0.9504662752151489,282,2,160,0,20,67
0.4874194264411926,35.80511474609375,0.02495742216706276,182.59390258789062,366.1612243652344,0.2890625,0.9483723044395447,283,2,160,0,20,67
0.5120193958282471,31.547351837158203,0.07449635863304138,137.52198791503906,349.0924377441406,0.3515625,0.951429009437561,284,2,160,0,20,67
0.40185150504112244,24.991464614868164,0.03032444603741169,73.30717468261719,367.8323669433594,0.28125,0.9492112398147583,285,2,160,0,20,67
0.6216291189193726,35.86122131347656,0.03753555938601494,184.15997314453125,338.9776611328125,0.33984375,0.9484609961509705,286,2,160,0,20,67
0.41391414403915405,23.832054138183594,0.010274527594447136,67.05821228027344,339.9794006347656,0.25,0.9467164278030396,287,2,160,0,20,67
0.7599613070487976,43.32569885253906,0.060042425990104675,232.50436401367188,381.0325927734375,0.3515625,0.9495791792869568,288,2,160,0,20,67
0.44845402240753174,32.709571838378906,0.029784977436065674,116.99467468261719,388.5012512207031,0.3125,0.9485955238342285,289,2,160,0,20,67
0.7741690278053284,36.936893463134766,0.05795152485370636,157.5399169921875,386.6656188964844,0.34375,0.9500911831855774,290,2,160,0,20,67
0.29440343379974365,22.51980209350586,0.02550167217850685,49.701942443847656,319.7685546875,0.3046875,0.9505071640014648,291,2,160,0,20,67
0.4967416524887085,26.257413864135742,0.03932993859052658,92.72801971435547,333.810546875,0.33203125,0.9488698840141296,292,2,160,0,20,67
0.605187177658081,37.883567810058594,0.031212639063596725,187.05015563964844,396.56256103515625,0.3125,0.9490283131599426,293,2,160,0,20,67
0.48402833938598633,35.744049072265625,0.0311473086476326,161.63189697265625,333.2515869140625,0.30078125,0.9508749842643738,294,2,160,0,20,67
0.692607581615448,44.10365295410156,0.028091544285416603,237.04241943359375,402.9405517578125,0.32421875,0.9489573240280151,295,2,160,0,20,67
0.6319369077682495,32.277305603027344,0.03072173520922661,130.32669067382812,389.3257751464844,0.3046875,0.9489607214927673,296,2,160,0,20,67
0.6218369007110596,33.4995002746582,0.044954799115657806,129.72134399414062,409.18768310546875,0.34375,0.9501320123672485,297,2,160,0,20,67
0.4883311688899994,32.81528091430664,0.03956174477934837,159.99276733398438,387.9631042480469,0.28125,0.9524996280670166,298,2,160,0,20,67
0.65915846824646,34.68431091308594,0.015265226364135742,157.34237670898438,424.4583740234375,0.28515625,0.9500038623809814,299,2,160,0,20,67
0.7242200374603271,43.638389587402344,0.020863324403762817,219.1038818359375,407.13262939453125,0.30859375,0.9517805576324463,300,2,160,0,20,67
0.5015894174575806,33.25027847290039,0.022498805075883865,134.99478149414062,373.65789794921875,0.24609375,0.9486901760101318,301,2,160,0,20,67
0.8154318332672119,46.5614013671875,0.036643676459789276,234.80865478515625,398.73321533203125,0.32421875,0.9482672810554504,302,2,160,0,20,67
0.46191442012786865,31.543838500976562,0.03672943636775017,167.00967407226562,319.11737060546875,0.32421875,0.9494615197181702,303,2,160,0,20,67
0.602562427520752,30.735675811767578,0.009775787591934204,161.30572509765625,368.01751708984375,0.2578125,0.9451849460601807,304,2,160,0,20,67
0.5637307167053223,31.402624130249023,0.009252281859517097,141.859130859375,366.8526306152344,0.25390625,0.9474325180053711,305,2,160,0,20,67
0.33891695737838745,31.344417572021484,0.011613473296165466,113.88676452636719,383.6487731933594,0.26171875,0.949756920337677,306,2,160,0,20,67
0.6516355276107788,35.55215835571289,0.011431200429797173,165.72283935546875,383.215576171875,0.3046875,0.948189914226532,307,2,160,0,20,67
0.5280352234840393,32.70655059814453,0.014301356859505177,163.191162109375,376.1342468261719,0.27734375,0.9493055939674377,308,2,160,0,20,67
0.5039295554161072,31.137813568115234,0.0076657794415950775,123.87382507324219,429.5437316894531,0.28125,0.9486318826675415,309,2,160,0,20,67
0.49711188673973083,39.917816162109375,0.01878160610795021,193.80191040039062,414.86871337890625,0.30859375,0.9491889476776123,310,2,160,0,20,67
0.5219913125038147,36.56550216674805,0.022021308541297913,120.76042175292969,401.34967041015625,0.30859375,0.9504925012588501,311,2,160,0,20,67
0.42008382081985474,31.374237060546875,0.03427191823720932,136.05787658691406,369.4008483886719,0.29296875,0.9480673670768738,312,2,160,0,20,67
0.6933962106704712,44.469085693359375,0.02265031635761261,219.2960205078125,430.9840087890625,0.30859375,0.9503966569900513,313,2,160,0,20,67
0.6578749418258667,35.736541748046875,0.006199222523719072,177.47402954101562,355.7786560058594,0.26171875,0.9494582414627075,314,2,160,0,20,67
0.7144856452941895,44.326995849609375,0.010288750752806664,221.93719482421875,371.0010070800781,0.29296875,0.9517549276351929,315,2,160,0,20,67
0.8015766739845276,37.27185821533203,0.021004125475883484,195.29885864257812,410.0479736328125,0.296875,0.9482966065406799,316,2,160,0,20,67
0.572364091873169,40.855064392089844,0.017367862164974213,189.11294555664062,423.1420593261719,0.3203125,0.9484492540359497,317,2,160,0,20,67
0.8021212816238403,45.43727111816406,0.013080650940537453,205.53292846679688,438.0444030761719,0.296875,0.946736752986908,318,2,160,0,20,67
0.5480220317840576,32.70505905151367,0.01894567534327507,135.64813232421875,421.88690185546875,0.265625,0.9465733170509338,319,2,160,0,20,67
0.5954717397689819,32.496246337890625,0.015414051711559296,163.923095703125,353.3418884277344,0.29296875,0.9489421844482422,320,2,160,0,20,67
0.6181979179382324,38.16568374633789,0.008386789821088314,148.26417541503906,447.6871337890625,0.29296875,0.9474493861198425,321,2,160,0,20,67
0.5120663642883301,36.22325134277344,0.023854807019233704,158.64004516601562,421.0626525878906,0.28125,0.9461694359779358,322,2,160,0,20,67
0.5666166543960571,39.25017166137695,0.05797882750630379,196.65853881835938,394.896240234375,0.3359375,0.9500570893287659,323,2,160,0,20,67
0.3574163317680359,27.289325714111328,0.013170897960662842,57.46438217163086,387.93524169921875,0.28125,0.948012113571167,324,2,160,0,20,67
0.5780950784683228,37.04780578613281,0.014008508063852787,149.499755859375,458.32958984375,0.27734375,0.9490184783935547,325,2,160,0,20,67
0.5111438632011414,34.9586067199707,0.054817646741867065,143.81256103515625,394.4708251953125,0.3359375,0.9489151239395142,326,2,160,0,20,67
0.7655142545700073,43.60013198852539,0.01571955904364586,246.318603515625,434.5777893066406,0.27734375,0.949718177318573,327,2,160,0,20,67
0.532010018825531,29.242599487304688,0.021339386701583862,76.30366516113281,393.5877380371094,0.2578125,0.9501415491104126,328,2,160,0,20,67
0.7374172806739807,42.772987365722656,0.020380884408950806,209.34112548828125,446.55841064453125,0.28515625,0.9513229727745056,329,2,160,0,20,67
0.45433443784713745,30.469791412353516,0.0114167220890522,132.4893798828125,336.99310302734375,0.2734375,0.9497117400169373,330,2,160,0,20,67
0.4953213930130005,41.37422180175781,0.013759597204625607,223.10281372070312,428.7275085449219,0.26953125,0.949361264705658,331,2,160,0,20,67
0.6364396810531616,45.19779968261719,0.010241605341434479,206.57168579101562,456.9835205078125,0.28515625,0.9483726620674133,332,2,160,0,20,67
0.482854425907135,40.13774108886719,0.006939838640391827,170.3397216796875,425.7981872558594,0.28515625,0.9472464919090271,333,2,160,0,20,67
0.7385349869728088,41.506736755371094,0.007280644495040178,202.7525634765625,416.4171447753906,0.28515625,0.9489861130714417,334,2,160,0,20,67
0.4099622964859009,37.14434814453125,0.029998857527971268,175.66357421875,420.0224609375,0.35546875,0.9487490653991699,335,2,160,0,20,67
0.7519593834877014,50.23786926269531,0.014541594311594963,230.27780151367188,451.7251281738281,0.29296875,0.9506480097770691,336,2,160,0,20,67
0.49462804198265076,34.446346282958984,0.01909877173602581,121.99725341796875,442.8792724609375,0.24609375,0.9478628039360046,337,2,160,0,20,67
0.6022428870201111,31.122907638549805,0.008652170188724995,104.68380737304688,439.5225524902344,0.26171875,0.9457552433013916,338,2,160,0,20,67
0.9493767023086548,48.418418884277344,0.01574302837252617,239.8363037109375,484.85211181640625,0.28515625,0.9503350257873535,339,2,160,0,20,67
0.6787585020065308,44.61159133911133,0.0170192439109087,202.3762664794922,450.73870849609375,0.32421875,0.9484032988548279,340,2,160,0,20,67
0.24386164546012878,16.77896499633789,0.012417681515216827,21.50905990600586,322.5429992675781,0.2265625,0.9455360174179077,341,2,160,0,20,67
0.49918293952941895,31.924463272094727,0.0119553804397583,101.90664672851562,425.5415344238281,0.2578125,0.9480717778205872,342,2,160,0,20,67
0.5398229360580444,33.0858154296875,0.008568156510591507,116.43247985839844,430.46527099609375,0.23828125,0.9490154981613159,343,2,160,0,20,67
0.6925418376922607,39.945762634277344,0.010044487193226814,199.80140686035156,467.9144287109375,0.2890625,0.9465557336807251,344,2,160,0,20,67
0.4472362995147705,36.79167175292969,0.006795356050133705,172.36065673828125,449.5939025878906,0.21875,0.9493817687034607,345,2,160,0,20,67
0.725210428237915,35.146514892578125,0.02575729601085186,142.58663940429688,439.1987609863281,0.32421875,0.9466562271118164,346,2,160,0,20,67
0.4459483027458191,29.924415588378906,0.005790264345705509,68.82209777832031,420.1354675292969,0.23828125,0.9493821263313293,347,2,160,0,20,67
0.8560366630554199,41.61058044433594,0.0077637010253965855,161.21307373046875,453.1777648925781,0.2890625,0.9489869475364685,348,2,160,0,20,67
0.5034521818161011,30.93701934814453,0.012808607891201973,67.96340942382812,438.8921203613281,0.265625,0.9497899413108826,349,2,160,0,20,67
0.34664297103881836,27.470172882080078,0.01056588813662529,117.097900390625,323.872314453125,0.29296875,0.9469622373580933,350,2,160,0,20,67
0.4770236611366272,40.385765075683594,0.010318038985133171,222.5812530517578,426.4936218261719,0.30859375,0.9490799307823181,351,2,160,0,20,67
0.4087508022785187,31.044231414794922,0.0038710911758244038,120.59617614746094,383.6453552246094,0.2421875,0.9503671526908875,352,2,160,0,20,67
0.4880906939506531,39.10839080810547,0.01028305571526289,186.2532958984375,419.55377197265625,0.24609375,0.949720025062561,353,2,160,0,20,67
0.5290974378585815,39.16162109375,0.01489068754017353,186.39096069335938,478.24615478515625,0.265625,0.9462194442749023,354,2,160,0,20,67
0.41188374161720276,30.40372085571289,0.006604218389838934,80.29891204833984,402.0443115234375,0.2734375,0.9477903842926025,355,2,160,0,20,67
0.35338282585144043,28.458311080932617,0.008987322449684143,66.81745910644531,392.11187744140625,0.21875,0.9490049481391907,356,2,160,0,20,67
0.483370304107666,39.611083984375,0.006816938519477844,175.87680053710938,445.4830322265625,0.296875,0.9497793316841125,357,2,160,0,20,67
0.39466172456741333,27.743240356445312,0.016451163217425346,104.88003540039062,363.71990966796875,0.25390625,0.9487934708595276,358,2,160,0,20,67
0.862585723400116,50.71910095214844,0.011851108632981777,268.597900390625,487.6366271972656,0.2890625,0.9484215974807739,359,2,160,0,20,67
0.5865069627761841,36.54627990722656,0.011997019872069359,165.62200927734375,388.8375549316406,0.265625,0.9501612782478333,360,2,160,0,20,67
0.3640737235546112,32.87398147583008,0.005629921332001686,100.90840911865234,407.0860595703125,0.24609375,0.9496915340423584,361,2,160,0,20,67
0.4004981517791748,27.583267211914062,0.005637434311211109,52.87890625,404.5649108886719,0.22265625,0.9485522508621216,362,2,160,0,20,67
0.5450627207756042,30.53493881225586,0.009676853194832802,82.50521850585938,396.569580078125,0.234375,0.9504496455192566,363,2,160,0,20,67
0.4841873347759247,34.763092041015625,0.038825467228889465,145.39962768554688,396.16082763671875,0.3203125,0.9499084949493408,364,2,160,0,20,67
0.42786598205566406,29.261280059814453,0.010064801201224327,78.61135864257812,347.87677001953125,0.26171875,0.950395941734314,365,2,160,0,20,67
0.3459531366825104,26.664939880371094,0.00887080654501915,67.18156433105469,370.8972473144531,0.2734375,0.9501032829284668,366,2,160,0,20,67
0.6826835870742798,28.84760093688965,0.00741212535649538,35.39881134033203,404.2560729980469,0.21484375,0.9480055570602417,367,2,160,0,20,67
0.2822439670562744,27.15432357788086,0.006957567296922207,69.23568725585938,373.6546936035156,0.24609375,0.9468132853507996,368,2,160,0,20,67
0.4990605115890503,29.93852996826172,0.015458064153790474,120.8294906616211,429.0724182128906,0.25390625,0.946972668170929,369,2,160,0,20,67
0.5991381406784058,39.721153259277344,0.021898910403251648,166.83363342285156,471.7610778808594,0.29296875,0.9476039409637451,370,2,160,0,20,67
0.6741943359375,49.31504821777344,0.015315979719161987,250.12179565429688,450.06585693359375,0.296875,0.9490505456924438,371,2,160,0,20,67
0.7234406471252441,37.65770721435547,0.007797999307513237,118.5940170288086,495.81878662109375,0.23046875,0.9493391513824463,372,2,160,0,20,67
0.3890201449394226,30.237834930419922,0.0077486964873969555,71.5013427734375,440.6221923828125,0.25390625,0.9479443430900574,373,2,160,0,20,67
0.7780042886734009,41.104896545410156,0.01937146857380867,161.0776824951172,499.904052734375,0.30859375,0.9512540698051453,374,2,160,0,20,67
0.6325479745864868,34.610984802246094,0.003876171074807644,129.70654296875,489.0215759277344,0.24609375,0.9488114714622498,375,2,160,0,20,67
0.7393414378166199,46.05891799926758,0.023025523871183395,217.31622314453125,469.6220703125,0.296875,0.9509066939353943,376,2,160,0,20,67
0.5669941902160645,38.07786560058594,0.007069742307066917,192.19647216796875,429.121337890625,0.2265625,0.9470478296279907,377,2,160,0,20,67
0.4941191077232361,42.139278411865234,0.02372647449374199,194.86068725585938,406.5672912597656,0.296875,0.9505213499069214,378,2,160,0,20,67
0.4060652256011963,27.433834075927734,0.01349613070487976,54.92938995361328,353.9854431152344,0.25,0.9467218518257141,379,2,160,0,20,67
0.5233705639839172,37.6140251159668,0.005227661691606045,127.32603454589844,485.07073974609375,0.23046875,0.9503985643386841,380,2,160,0,20,67
0.33704617619514465,32.13481903076172,0.007962938398122787,109.22030639648438,446.873046875,0.2421875,0.9472459554672241,381,2,160,0,20,67
0.6486918926239014,41.22087097167969,0.00840469729155302,177.40829467773438,474.6278076171875,0.23828125,0.9496774673461914,382,2,160,0,20,67
0.4328533113002777,33.3698844909668,0.014856444671750069,100.2779541015625,422.7150573730469,0.2578125,0.9489198327064514,383,2,160,0,20,67
0.5137697458267212,34.25440216064453,0.009796416386961937,158.21282958984375,396.3165588378906,0.265625,0.947989821434021,384,2,160,0,20,67
0.39039939641952515,25.59592056274414,0.008169738575816154,69.69599914550781,449.716552734375,0.24609375,0.9478211998939514,385,2,160,0,20,67
0.5506150126457214,32.291099548339844,0.013971181586384773,73.10404205322266,447.9971618652344,0.2578125,0.9499523043632507,386,2,160,0,20,67
0.5663248300552368,35.27473831176758,0.010949146933853626,134.16751098632812,461.1900329589844,0.29296875,0.950183093547821,387,2,160,0,20,67
0.5802432298660278,50.410911560058594,0.008445513434708118,263.3583984375,519.0072021484375,0.28515625,0.9473843574523926,388,2,160,0,20,67
0.7750298976898193,46.960906982421875,0.024975748732686043,247.53489685058594,469.76458740234375,0.30859375,0.9478268623352051,389,2,160,0,20,67
0.3111383020877838,33.674930572509766,0.021069593727588654,115.69774627685547,391.8377380371094,0.26953125,0.949967086315155,390,2,160,0,20,67
0.5898662805557251,36.95671081542969,0.009709521196782589,198.47683715820312,442.4446105957031,0.27734375,0.9483053088188171,391,2,160,0,20,67
0.2666967511177063,27.957117080688477,0.007875794544816017,79.52947235107422,426.401123046875,0.265625,0.9502484798431396,392,2,160,0,20,67
0.7197825312614441,35.71003341674805,0.002585546113550663,112.27273559570312,462.12811279296875,0.24609375,0.9499323964118958,393,2,160,0,20,67
0.551284670829773,37.42839050292969,0.008838980458676815,173.05941772460938,428.4314270019531,0.25390625,0.9494603872299194,394,2,160,0,20,67
0.34494566917419434,28.31300163269043,0.00897536613047123,67.56494903564453,386.86810302734375,0.25390625,0.9466730356216431,395,2,160,0,20,67
0.45212405920028687,40.04608154296875,0.0046994322910904884,201.8568115234375,437.2978820800781,0.24609375,0.9484868049621582,396,2,160,0,20,67
0.5726794004440308,43.08183288574219,0.006796082481741905,201.8013916015625,411.94464111328125,0.26953125,0.9481670260429382,397,2,160,0,20,67
0.6571906805038452,41.941795349121094,0.004780346993356943,222.97781372070312,466.4826354980469,0.2421875,0.946861982345581,398,2,160,0,20,67
0.7663803100585938,42.933387756347656,0.011345879174768925,192.38192749023438,523.272216796875,0.26953125,0.9494929909706116,399,2,160,0,20,67
0.34505224227905273,34.30323028564453,0.016179855912923813,147.54946899414062,387.3792724609375,0.2578125,0.9500160217285156,400,2,160,0,20,67
0.6277363896369934,38.695037841796875,0.00815475732088089,140.12063598632812,458.270263671875,0.27734375,0.9479043483734131,401,2,160,0,20,67
0.6208276748657227,36.30757141113281,0.003635072149336338,101.64153289794922,471.20050048828125,0.21484375,0.9474469423294067,402,2,160,0,20,67
0.5974156260490417,45.021480560302734,0.010040183551609516,212.8849639892578,489.32611083984375,0.2734375,0.9472707509994507,403,2,160,0,20,67
0.42087841033935547,33.48986053466797,0.011212291195988655,63.30495834350586,490.30340576171875,0.23046875,0.9483687877655029,404,2,160,0,20,67
0.33990252017974854,33.657230377197266,0.010532673448324203,80.25982666015625,501.3142395019531,0.27734375,0.9499636888504028,405,2,160,0,20,67
0.3832009434700012,30.889087677001953,0.00703111058101058,81.40792846679688,459.2982177734375,0.23046875,0.9485703706741333,406,2,160,0,20,67
0.6398489475250244,39.97882080078125,0.01057424210011959,231.21142578125,422.3472900390625,0.2734375,0.9500243067741394,407,2,160,0,20,67
0.7018270492553711,47.40716552734375,0.010821455158293247,224.56497192382812,440.9191589355469,0.26953125,0.9491368532180786,408,2,160,0,20,67
0.22590860724449158,22.90704345703125,0.004541815258562565,45.456520080566406,362.98748779296875,0.24609375,0.9490177035331726,409,2,160,0,20,67
0.35869836807250977,29.85582733154297,0.006184142082929611,96.48163604736328,421.87725830078125,0.234375,0.9488343000411987,410,2,160,0,20,67
0.5988858938217163,36.58589553833008,0.00820227712392807,95.76699829101562,502.9655456542969,0.2578125,0.948511004447937,411,2,160,0,20,67
0.6220170259475708,42.602054595947266,0.006490984931588173,233.80126953125,490.3592834472656,0.265625,0.9493848085403442,412,2,160,0,20,67
0.48469385504722595,37.45856857299805,0.0050642043352127075,161.2857666015625,453.3697509765625,0.25,0.9472882747650146,413,2,160,0,20,67
0.5567649006843567,41.262760162353516,0.005605393089354038,190.0361328125,458.4461975097656,0.29296875,0.9476046562194824,414,2,160,0,20,67
0.7553690671920776,42.661529541015625,0.009840728715062141,196.00192260742188,458.726318359375,0.2421875,0.9508935213088989,415,2,160,0,20,67
0.6261703372001648,35.22559356689453,0.0037872297689318657,94.17658996582031,489.943115234375,0.234375,0.9482495784759521,416,2,160,0,20,67
0.6687935590744019,46.74728775024414,0.0038635567761957645,251.93569946289062,479.55902099609375,0.2578125,0.9479808211326599,417,2,160,0,20,67
0.5219596028327942,36.01649475097656,0.010162058286368847,122.44351196289062,471.774169921875,0.25390625,0.9484285116195679,418,2,160,0,20,67
0.6523417234420776,38.82280731201172,0.0052428655326366425,139.31634521484375,493.7705993652344,0.25,0.950015127658844,419,2,160,0,20,67
0.679267168045044,38.490386962890625,0.009163908660411835,170.92510986328125,466.26837158203125,0.28515625,0.9528841972351074,420,2,160,0,20,67
0.4349188208580017,32.18096160888672,0.003093611914664507,69.46882629394531,510.8833312988281,0.23828125,0.9499027729034424,421,2,160,0,20,67
0.5426415801048279,29.409969329833984,0.0038994636852294207,62.85051727294922,467.1666564941406,0.2734375,0.9532757997512817,422,2,160,0,20,67
0.72398841381073,40.218727111816406,0.011999022215604782,162.85614013671875,491.23858642578125,0.23828125,0.9516568183898926,423,2,160,0,20,67
0.5284238457679749,37.470054626464844,0.003129711840301752,143.5550537109375,446.74273681640625,0.23046875,0.9497085213661194,424,2,160,0,20,67
0.3766842782497406,30.054004669189453,0.005508889444172382,80.04396057128906,449.873046875,0.26171875,0.9483588933944702,425,2,160,0,20,67
0.603712797164917,38.57452392578125,0.004481724929064512,148.99435424804688,428.7712707519531,0.2578125,0.9480478763580322,426,2,160,0,20,67
0.24261310696601868,24.183124542236328,0.005654806271195412,31.164705276489258,423.5437927246094,0.19140625,0.9493730068206787,427,2,160,0,20,67
0.6107030510902405,35.45906448364258,0.0070303576067090034,107.37776184082031,457.3824157714844,0.23046875,0.9486259818077087,428,2,160,0,20,67
0.6152157783508301,39.33192443847656,0.0060384743846952915,116.73673248291016,477.8085021972656,0.28515625,0.9501928091049194,429,2,160,0,20,67
0.30298560857772827,25.616405487060547,0.005475352518260479,35.36211013793945,417.7454528808594,0.20703125,0.9500204920768738,430,2,160,0,20,67
0.34837961196899414,31.624250411987305,0.005460540764033794,98.27040100097656,367.0693359375,0.21875,0.946367621421814,431,2,160,0,20,67
0.7678912878036499,45.9264030456543,0.010767195373773575,248.59996032714844,562.1679077148438,0.2421875,0.951022207736969,432,2,160,0,20,67
0.3428628444671631,28.537094116210938,0.011952722445130348,50.55084991455078,419.2719421386719,0.2109375,0.9515887498855591,433,2,160,0,20,67
0.7854350805282593,43.118064880371094,0.0020933167543262243,158.9883575439453,498.2119445800781,0.234375,0.9482161402702332,434,2,160,0,20,67
0.4197997450828552,28.558122634887695,0.0028593228198587894,26.381473541259766,448.8683776855469,0.21875,0.9477834105491638,435,2,160,0,20,67
0.22068941593170166,23.559043884277344,0.001824685139581561,33.21499252319336,465.3432922363281,0.21875,0.9477540850639343,436,2,160,0,20,67
0.5608448386192322,29.989917755126953,0.0017102737911045551,76.39154052734375,390.66357421875,0.19140625,0.9488808512687683,437,2,160,0,20,67
0.5964921712875366,39.11322784423828,0.0028027654625475407,151.706787109375,413.5016174316406,0.2421875,0.951361894607544,438,2,160,0,20,67
0.49400007724761963,39.965370178222656,0.002700642915442586,191.2834014892578,453.05084228515625,0.21484375,0.9478997588157654,439,2,160,0,20,67
0.6644637584686279,38.821510314941406,0.003000747412443161,113.42367553710938,552.8480834960938,0.25,0.9494303464889526,440,2,160,0,20,67
0.5815987586975098,36.988136291503906,0.004162427503615618,123.52971649169922,469.1693420410156,0.2578125,0.9489657878875732,441,2,160,0,20,67
0.2777048349380493,30.099180221557617,0.003114418126642704,51.539283752441406,435.8973388671875,0.2265625,0.9503480195999146,442,2,160,0,20,67
0.513001561164856,36.82481384277344,0.002900875872001052,88.61077880859375,494.4405822753906,0.21484375,0.9494060277938843,443,2,160,0,20,67
0.7862306237220764,48.001220703125,0.0035737098660320044,279.1048278808594,507.98419189453125,0.24609375,0.948041558265686,444,2,160,0,20,67
0.7690390944480896,43.20586013793945,0.0019500998314470053,204.29779052734375,506.69549560546875,0.2265625,0.9481599926948547,445,2,160,0,20,67
0.869200587272644,53.01911926269531,0.0012619500048458576,269.2112731933594,537.9647216796875,0.2578125,0.9505935311317444,446,2,160,0,20,67
0.9591607451438904,49.339622497558594,0.0029740931931883097,256.80010986328125,520.3842163085938,0.25,0.9490541219711304,447,2,160,0,20,67
0.3087327480316162,24.5388240814209,0.0024804240092635155,26.622879028320312,386.3006591796875,0.23828125,0.9486467838287354,448,2,160,0,20,67
0.5006468296051025,33.40587615966797,0.001908190199173987,81.67805480957031,457.509765625,0.21875,0.9493373036384583,449,2,160,0,20,67
0.35308292508125305,30.789718627929688,0.008125375024974346,67.33506774902344,499.35321044921875,0.25390625,0.9475870132446289,450,2,160,0,20,67
0.7836861610412598,33.914695739746094,0.003256416879594326,86.67567443847656,459.80828857421875,0.22265625,0.949695348739624,451,2,160,0,20,67
0.6819454431533813,43.003944396972656,0.008522611111402512,209.58688354492188,489.9845275878906,0.2890625,0.9473326802253723,452,2,160,0,20,67
0.6692001819610596,40.692874908447266,0.005404017865657806,176.6840057373047,505.1697692871094,0.2265625,0.9492836594581604,453,2,160,0,20,67
0.7547265887260437,43.675594329833984,0.007095578126609325,169.028564453125,526.3118896484375,0.24609375,0.9482471942901611,454,2,160,0,20,67
0.42842310667037964,42.613277435302734,0.0018577901646494865,141.38351440429688,565.183349609375,0.2578125,0.9476034641265869,455,2,160,0,20,67
0.6632494926452637,41.95781707763672,0.006341052707284689,185.853271484375,501.94158935546875,0.265625,0.9481141567230225,456,2,160,0,20,67
0.42113012075424194,33.10338592529297,0.0013255755184218287,84.28108215332031,462.23504638671875,0.2109375,0.9467267990112305,457,2,160,0,20,67
0.37262240052223206,29.39746856689453,0.001289586303755641,26.051593780517578,491.1377258300781,0.20703125,0.9496384859085083,458,2,160,0,20,67
0.7100305557250977,39.07086181640625,0.00583959836512804,130.97299194335938,491.6949462890625,0.265625,0.9502851963043213,459,2,160,0,20,67
0.512871265411377,42.3173828125,0.001868909108452499,162.41806030273438,507.6279296875,0.23828125,0.9501447677612305,460,2,160,0,20,67
0.7390590906143188,48.309120178222656,0.006785674020648003,239.73501586914062,513.9348754882812,0.2734375,0.9474428296089172,461,2,160,0,20,67
0.6240106225013733,41.03301239013672,0.007757347077131271,182.81268310546875,454.8099365234375,0.28125,0.9480759501457214,462,2,160,0,20,67
0.6838644742965698,45.33116912841797,0.0031594079919159412,218.127197265625,485.1954040527344,0.25390625,0.9486368298530579,463,2,160,0,20,67
0.31351256370544434,28.54172706604004,0.006521045230329037,51.72206115722656,421.9951477050781,0.2421875,0.9463008642196655,464,2,160,0,20,67
0.49987727403640747,38.44292449951172,0.005778241902589798,149.54043579101562,468.6315612792969,0.27734375,0.9495854377746582,465,2,160,0,20,67
0.5715339779853821,40.731590270996094,0.003138525877147913,123.32072448730469,487.20587158203125,0.21875,0.9490311145782471,466,2,160,0,20,67
0.534253716468811,35.877723693847656,0.005621323827654123,66.49929809570312,504.8259582519531,0.1875,0.9474931955337524,467,2,160,0,20,67
0.8436189889907837,49.984169006347656,0.00375247560441494,290.4678955078125,535.6812744140625,0.2421875,0.9457946419715881,468,2,160,0,20,67
0.48619914054870605,31.734661102294922,0.0018622752977535129,127.00384521484375,396.3117980957031,0.23828125,0.9516401290893555,469,3,240,0,40,105
0.6033501625061035,34.320343017578125,0.0008550044149160385,103.24687194824219,423.6561584472656,0.203125,0.9482822418212891,470,3,240,0,40,105
0.6197375655174255,36.83722686767578,0.005836195778101683,176.3123321533203,420.79693603515625,0.2421875,0.9481079578399658,471,3,240,0,40,105
0.8071812391281128,31.88037872314453,0.00385590479709208,102.80210876464844,420.2305908203125,0.203125,0.9511075615882874,472,3,240,0,40,105
0.5253211259841919,30.588611602783203,0.0022784206084907055,96.67550659179688,372.773681640625,0.23828125,0.949918806552887,473,3,240,0,40,105
0.6918631196022034,43.475547790527344,0.0036803274415433407,229.64479064941406,430.8468933105469,0.234375,0.9500731825828552,474,3,240,0,40,105
0.697380781173706,35.79766845703125,0.00499002356082201,143.9617919921875,373.63653564453125,0.2578125,0.9516756534576416,475,3,240,0,40,105
0.6042471528053284,32.54483413696289,0.013406556099653244,122.9908218383789,389.05419921875,0.26171875,0.9506143927574158,476,3,240,0,40,105
0.3138415217399597,30.897436141967773,0.0041882810182869434,119.16627502441406,395.24688720703125,0.25,0.9474979639053345,477,3,240,0,40,105
0.29967057704925537,18.94424819946289,0.005041731521487236,19.69678497314453,349.0868835449219,0.19921875,0.9477455019950867,478,3,240,0,40,105
0.41537582874298096,30.954273223876953,0.0026945313438773155,88.1290283203125,409.32183837890625,0.25,0.951323926448822,479,3,240,0,40,105
0.29382771253585815,24.43602752685547,0.0028945929370820522,54.97734069824219,347.8219299316406,0.203125,0.9471333026885986,480,3,240,0,40,105
0.6998425722122192,34.57115173339844,0.0029621832072734833,137.69825744628906,450.5572509765625,0.2265625,0.9474794268608093,481,3,240,0,40,105
0.7505567073822021,37.302188873291016,0.004553589038550854,165.69973754882812,419.52679443359375,0.234375,0.9481284618377686,482,3,240,0,40,105
0.5684999227523804,36.37309265136719,0.00854012742638588,152.35800170898438,412.29290771484375,0.25390625,0.9495616555213928,483,3,240,0,40,105
0.8925904035568237,38.457679748535156,0.0022048153914511204,182.46514892578125,470.1728820800781,0.25,0.9492564797401428,484,3,240,0,40,105
0.7201098203659058,35.7186279296875,0.003260587574914098,148.40701293945312,460.06793212890625,0.21484375,0.9479731321334839,485,3,240,0,40,105
0.4855497479438782,26.13043212890625,0.0033779898658394814,95.35684204101562,345.3779602050781,0.25390625,0.9467335343360901,486,3,240,0,40,105
0.5361626148223877,27.814741134643555,0.0031447019428014755,58.63132858276367,410.1573181152344,0.234375,0.9515686631202698,487,3,240,0,40,105
0.8168560266494751,35.96903610229492,0.011248515918850899,186.544921875,362.15625,0.27734375,0.9483603835105896,488,3,240,0,40,105
0.6442533135414124,32.020843505859375,0.0025612767785787582,141.53778076171875,445.3680114746094,0.2109375,0.948904275894165,489,3,240,0,40,105
0.5489904880523682,32.81471252441406,0.0021923487074673176,123.53327941894531,395.5436096191406,0.234375,0.9495652318000793,490,3,240,0,40,105
0.48860466480255127,20.748245239257812,0.0026221820153295994,19.244918823242188,371.60565185546875,0.1796875,0.9474023580551147,491,3,240,0,40,105
0.6478221416473389,32.43656921386719,0.0018579682800918818,104.8818130493164,427.0494079589844,0.23046875,0.9517106413841248,492,3,240,0,40,105
0.3137226402759552,23.07732582092285,0.0018351488979533315,18.684799194335938,419.1744689941406,0.19140625,0.9474214315414429,493,3,240,0,40,105
0.5855289697647095,36.046180725097656,0.006393159739673138,156.57571411132812,390.6366271972656,0.26953125,0.9495509266853333,494,3,240,0,40,105
0.6559427976608276,27.528982162475586,0.0016877881716936827,52.53410339355469,343.8965759277344,0.20703125,0.9510374069213867,495,3,240,0,40,105
0.39811187982559204,32.26659393310547,0.00534780602902174,100.40470886230469,422.0079345703125,0.27734375,0.9486262798309326,496,3,240,0,40,105
0.5041885375976562,29.172855377197266,0.003051434177905321,70.71249389648438,416.5531311035156,0.21484375,0.9485506415367126,497,3,240,0,40,105
0.4693393111228943,27.37239646911621,0.004316931590437889,50.019203186035156,385.3056335449219,0.21875,0.9503785967826843,498,3,240,0,40,105
0.6494990587234497,39.88283157348633,0.0069991592317819595,192.3845977783203,451.83404541015625,0.24609375,0.9490644335746765,499,3,240,0,40,105
0.6840156316757202,37.49434280395508,0.005524938926100731,170.16665649414062,482.6685791015625,0.25390625,0.9498165249824524,500,3,240,0,40,105
0.7292512655258179,37.68292999267578,0.0019155297195538878,193.88836669921875,429.41937255859375,0.23046875,0.948741614818573,501,3,240,0,40,105
0.5563682317733765,37.770301818847656,0.0032704509794712067,169.37783813476562,448.3993835449219,0.2734375,0.9485245943069458,502,3,240,0,40,105
0.40762853622436523,31.47321319580078,0.004341893829405308,105.43275451660156,382.82098388671875,0.23828125,0.9485030174255371,503,3,240,0,40,105
0.5880149602890015,27.26840591430664,0.001014248002320528,45.183067321777344,419.5992126464844,0.19140625,0.9502652883529663,504,3,240,0,40,105
0.39216095209121704,31.61366081237793,0.00206720270216465,145.80282592773438,385.43450927734375,0.2265625,0.9496941566467285,505,3,240,0,40,105
0.2961028218269348,25.49959945678711,0.001912398962303996,50.746742248535156,347.78765869140625,0.24609375,0.9498864412307739,506,3,240,0,40,105
0.38988763093948364,29.482101440429688,0.006775984540581703,111.4593505859375,366.4854736328125,0.23046875,0.9473501443862915,507,3,240,0,40,105
0.6014188528060913,40.15520477294922,0.001715232734568417,189.396728515625,479.0591735839844,0.23828125,0.950206458568573,508,3,240,0,40,105
0.5538828372955322,40.07961654663086,0.004967245273292065,243.0699462890625,401.16455078125,0.26171875,0.9489949941635132,509,3,240,0,40,105
0.4564969539642334,32.194000244140625,0.001732267439365387,107.74053955078125,404.93170166015625,0.21484375,0.9471033215522766,510,3,240,0,40,105
0.32521548867225647,19.663480758666992,0.0018456403631716967,15.7913236618042,384.33056640625,0.203125,0.9478095769882202,511,3,240,0,40,105
0.44448304176330566,32.48392105102539,0.001053176587447524,93.83700561523438,397.6347961425781,0.234375,0.9500330090522766,512,3,240,0,40,105
0.3306048512458801,27.55261993408203,0.003030769992619753,93.48884582519531,402.4273986816406,0.21875,0.9462905526161194,513,3,240,0,40,105
0.5165143013000488,27.316320419311523,0.0017485391581431031,43.694580078125,393.6872863769531,0.19921875,0.9505548477172852,514,3,240,0,40,105
0.4205559492111206,31.21179962158203,0.001296875299885869,124.59901428222656,387.3677673339844,0.22265625,0.9478897452354431,515,3,240,0,40,105
0.5064436793327332,29.675119400024414,0.0032096970826387405,95.29348754882812,420.55889892578125,0.2265625,0.9478829503059387,516,3,240,0,40,105
0.44034120440483093,26.523521423339844,0.00031946145463734865,32.651512145996094,411.6804504394531,0.21875,0.9488866329193115,517,3,240,0,40,105
0.5352600812911987,25.259246826171875,0.0020832568407058716,53.77213668823242,349.015625,0.18359375,0.9475299119949341,518,3,240,0,40,105
0.5704942941665649,36.18516540527344,0.006541895214468241,185.8899688720703,400.8027648925781,0.26171875,0.9503557682037354,519,3,240,0,40,105
0.6394051313400269,36.97504806518555,0.002546838019043207,182.07760620117188,463.7021789550781,0.24609375,0.9516769647598267,520,3,240,0,40,105
0.35176804661750793,24.191255569458008,0.0009054947877302766,78.97984313964844,336.95928955078125,0.19921875,0.9476538896560669,521,3,240,0,40,105
0.7031465768814087,41.05741882324219,0.0015846261521801353,212.78787231445312,449.6672058105469,0.2421875,0.9499655961990356,522,3,240,0,40,105
0.5303555130958557,32.074337005615234,0.0011810420546680689,105.00582122802734,409.92987060546875,0.21484375,0.9463266730308533,523,3,240,0,40,105
0.40826886892318726,34.5411491394043,0.005409343168139458,105.52117919921875,432.30511474609375,0.30859375,0.9461755752563477,524,3,240,0,40,105
0.5940467119216919,37.25139617919922,0.0005055890651419759,206.07041931152344,411.3852844238281,0.2109375,0.9499614238739014,525,3,240,0,40,105
0.35302844643592834,23.950557708740234,0.0036920662969350815,64.07899475097656,338.8876647949219,0.23046875,0.9483445882797241,526,3,240,0,40,105
0.5763385891914368,27.150550842285156,0.00288387481123209,53.45121765136719,390.6943054199219,0.21484375,0.9481469392776489,527,3,240,0,40,105
0.4903499484062195,25.9768123626709,0.004271611105650663,53.81851577758789,366.0556945800781,0.21875,0.9492425322532654,528,3,240,0,40,105
0.8077965974807739,39.128604888916016,0.0022850907407701015,169.72540283203125,449.5770263671875,0.23828125,0.9496353268623352,529,3,240,0,40,105
0.5057963132858276,32.730220794677734,0.0017867176793515682,96.74819946289062,449.5782775878906,0.21875,0.9487712979316711,530,3,240,0,40,105
0.6432005167007446,35.53044891357422,0.00238817953504622,111.56964111328125,463.0693359375,0.2109375,0.9474800825119019,531,3,240,0,40,105
0.8130557537078857,43.35380935668945,0.0022826227359473705,203.26797485351562,457.0556640625,0.26171875,0.9505560398101807,532,3,240,0,40,105
0.3576177954673767,24.49878692626953,0.0023079223465174437,81.56448364257812,357.05126953125,0.19921875,0.9493540525436401,533,3,240,0,40,105
0.36925482749938965,35.651676177978516,0.0025911799166351557,111.9765625,475.0173645019531,0.2578125,0.9494820237159729,534,3,240,0,40,105
0.6779041290283203,32.60603332519531,0.0022450536489486694,71.07612609863281,492.9707946777344,0.23828125,0.9492042660713196,535,3,240,0,40,105
0.4435652494430542,29.83110237121582,0.0027523739263415337,93.10423278808594,450.29937744140625,0.2265625,0.9479950666427612,536,3,240,0,40,105
0.6957160234451294,46.58136749267578,0.0023977020755410194,257.32843017578125,475.6214294433594,0.28515625,0.9475441575050354,537,3,240,0,40,105
0.6080079674720764,30.735429763793945,0.0011210893280804157,22.580913543701172,485.1370849609375,0.1953125,0.9490354061126709,538,3,240,0,40,105
0.4041385054588318,25.35308265686035,0.0008777750772424042,41.33992004394531,397.9193420410156,0.21875,0.9479365944862366,539,3,240,0,40,105
0.602897047996521,30.723186492919922,0.0037340789567679167,47.71221923828125,496.581298828125,0.18359375,0.9506234526634216,540,3,240,0,40,105
0.2926202118396759,26.246601104736328,0.0026729912497103214,32.02827072143555,386.8494567871094,0.234375,0.9485872387886047,541,3,240,0,40,105
0.48005884885787964,35.91020202636719,0.0032572313211858273,96.4133071899414,508.58843994140625,0.2578125,0.9478781819343567,542,3,240,0,40,105
0.5899497270584106,36.06353759765625,0.001955962972715497,127.10650634765625,447.7476501464844,0.2265625,0.9490932822227478,543,3,240,0,40,105
0.5755979418754578,39.86792755126953,0.004155011847615242,138.68017578125,430.5395202636719,0.23828125,0.9470792412757874,544,3,240,0,40,105
0.44144150614738464,29.129894256591797,0.002132648602128029,27.65468978881836,516.863037109375,0.19140625,0.9490988850593567,545,3,240,0,40,105
0.40935659408569336,27.868961334228516,0.002819487825036049,60.97801208496094,478.8908996582031,0.23046875,0.9497160315513611,546,3,240,0,40,105
0.32030171155929565,29.93621063232422,0.003927506040781736,62.532196044921875,458.1726989746094,0.21875,0.9506480097770691,547,3,240,0,40,105
0.5813934803009033,34.498931884765625,0.003965344280004501,114.10094451904297,483.718505859375,0.19921875,0.9519261121749878,548,3,240,0,40,105
0.5914279818534851,33.01996612548828,0.0021603237837553024,94.84538269042969,407.2855224609375,0.22265625,0.949479341506958,549,3,240,0,40,105
0.367487370967865,19.494966506958008,0.0030863459687680006,25.690595626831055,347.91778564453125,0.20703125,0.9476019740104675,550,3,240,0,40,105
0.5506364107131958,37.17512512207031,0.0023543243296444416,100.53971099853516,545.7191772460938,0.2421875,0.9499920010566711,551,3,240,0,40,105
0.5399259924888611,33.01783752441406,0.0036795849446207285,57.73048400878906,445.54296875,0.23046875,0.9474507570266724,552,3,240,0,40,105
0.4028666913509369,28.010990142822266,0.0016423540655523539,63.8388671875,468.2023010253906,0.23046875,0.9484284520149231,553,3,240,0,40,105
0.4062054455280304,33.89411163330078,0.0009335646172985435,101.19654846191406,435.8252868652344,0.2109375,0.9489243626594543,554,3,240,0,40,105
0.6352896690368652,45.84082794189453,0.0021591996774077415,230.04551696777344,512.8922729492188,0.2734375,0.9492198824882507,555,3,240,0,40,105
0.3402827978134155,28.571510314941406,0.0026433018501847982,72.89305114746094,425.11279296875,0.2421875,0.9499568343162537,556,3,240,0,40,105
0.6881956458091736,52.004058837890625,0.0017454505432397127,227.86199951171875,522.5709228515625,0.25390625,0.9478760361671448,557,3,240,0,40,105
0.5275010466575623,34.480918884277344,0.0004646648303605616,123.51103210449219,465.1915588378906,0.20703125,0.9515626430511475,558,3,240,0,40,105
0.6293693780899048,39.566097259521484,0.0003247789281886071,114.12969970703125,515.7879028320312,0.20703125,0.9511716961860657,559,3,240,0,40,105
0.43624746799468994,36.76788330078125,0.0012055113911628723,165.264892578125,496.5374450683594,0.22265625,0.9511398077011108,560,3,240,0,40,105
0.4661998152732849,30.022113800048828,0.0013632880290970206,58.244300842285156,454.8037414550781,0.2109375,0.9481475353240967,561,3,240,0,40,105
0.6351109147071838,35.76691436767578,0.0005111863138154149,106.35458374023438,422.83355712890625,0.21875,0.9488814473152161,562,3,240,0,40,105
0.28530776500701904,19.25847053527832,0.0019132050219923258,15.695430755615234,395.2476501464844,0.203125,0.9497675895690918,563,3,240,0,40,105
0.5528063774108887,39.4367561340332,0.000480130867799744,179.37750244140625,448.84967041015625,0.2421875,0.9499875903129578,564,3,240,0,40,105
0.5302445888519287,37.6509895324707,0.0009026566985994577,160.1787872314453,438.46148681640625,0.21875,0.9491235017776489,565,3,240,0,40,105
0.6681488156318665,37.258792877197266,0.0016338062705472112,127.14640045166016,518.6837768554688,0.2109375,0.9498802423477173,566,3,240,0,40,105
0.4321553111076355,30.5360164642334,0.0006619381019845605,34.76012420654297,463.22674560546875,0.1875,0.949709951877594,567,3,240,0,40,105
0.610877513885498,34.25603485107422,0.002241214271634817,130.62850952148438,486.4904479980469,0.234375,0.9497503042221069,568,3,240,0,40,105
0.5675877928733826,39.31890869140625,0.003140595043078065,210.84109497070312,437.7716979980469,0.24609375,0.9503083229064941,569,3,240,0,40,105
0.9523952603340149,48.6461296081543,0.002639561891555786,253.5525360107422,554.3418579101562,0.21875,0.9495849609375,570,3,240,0,40,105
0.6871286630630493,40.938987731933594,0.0009751523612067103,162.65626525878906,492.28192138671875,0.24609375,0.9508358836174011,571,3,240,0,40,105
0.40720421075820923,34.317501068115234,0.0016211910406127572,81.4498519897461,475.4317626953125,0.23828125,0.9486629962921143,572,3,240,0,40,105
0.43513691425323486,35.105621337890625,0.0014350321143865585,111.26799774169922,474.7666015625,0.203125,0.9496679306030273,573,3,240,0,40,105
0.43451428413391113,30.147512435913086,0.0018147528171539307,66.01763916015625,461.2744140625,0.203125,0.9484530091285706,574,3,240,0,40,105
0.5422675609588623,36.369895935058594,0.0030426871962845325,69.47169494628906,509.16412353515625,0.24609375,0.9488027095794678,575,3,240,0,40,105
0.5870810747146606,31.30154800415039,0.0022617438808083534,68.71315002441406,495.0450134277344,0.22265625,0.9482561349868774,576,3,240,0,40,105
0.44924497604370117,26.488388061523438,0.0009705387055873871,35.33345031738281,432.1239318847656,0.203125,0.9487342834472656,577,3,240,0,40,105
0.5627079010009766,42.11925506591797,0.00216523464769125,168.586669921875,434.2689208984375,0.26171875,0.9467527866363525,578,3,240,0,40,105
0.3686705529689789,27.48062515258789,0.00037209803122095764,30.949249267578125,429.6871032714844,0.1875,0.9479649066925049,579,3,240,0,40,105
0.6006578803062439,37.35932922363281,0.0005540091078728437,143.1333770751953,499.0887145996094,0.17578125,0.9485666155815125,580,3,240,0,40,105
0.5083404779434204,29.972896575927734,0.0006968197412788868,78.396484375,447.3426513671875,0.19140625,0.9464742541313171,581,3,240,0,40,105
0.5547232627868652,37.46923065185547,0.0012378545943647623,129.7852783203125,467.578857421875,0.25390625,0.9489238858222961,582,3,240,0,40,105
0.4593224823474884,30.814516067504883,0.0013375190319493413,37.00779724121094,446.74517822265625,0.23046875,0.9467605352401733,583,3,240,0,40,105
0.43351906538009644,34.213829040527344,0.0004073076415807009,120.638916015625,465.9678649902344,0.2109375,0.9468614459037781,584,3,240,0,40,105
0.38144564628601074,29.1291446685791,0.0006822776049375534,17.866287231445312,478.5418701171875,0.17578125,0.9505298137664795,585,3,240,0,40,105
0.5987228155136108,36.69358825683594,0.001564008416607976,57.432830810546875,573.6550903320312,0.2109375,0.9495729804039001,586,3,240,0,40,105
0.8667678236961365,43.713680267333984,0.0013373170513659716,178.2103729248047,524.5411987304688,0.21484375,0.9492319822311401,587,3,240,0,40,105
0.6154780387878418,52.20977020263672,0.0017904400592669845,267.24786376953125,510.2738952636719,0.25,0.9490538239479065,588,3,240,0,40,105
0.5960354208946228,44.21335983276367,0.001508992863819003,185.5854034423828,452.1117858886719,0.24609375,0.9491174817085266,589,3,240,0,40,105
0.6166576147079468,35.728965759277344,0.0018732454627752304,127.7886962890625,443.4974365234375,0.2421875,0.9492715001106262,590,3,240,0,40,105
0.4849790334701538,37.152610778808594,0.0018579830648377538,72.74104309082031,546.3152465820312,0.2109375,0.949315071105957,591,3,240,0,40,105
0.38851094245910645,28.131458282470703,0.0021951745729893446,22.791494369506836,460.6510009765625,0.203125,0.9488235116004944,592,3,240,0,40,105
0.46370887756347656,38.4759635925293,0.001749384100548923,108.31385803222656,516.0699462890625,0.22265625,0.9472801685333252,593,3,240,0,40,105
0.6380704045295715,36.15290832519531,0.0013007281813770533,104.57455444335938,490.48333740234375,0.21484375,0.9484226703643799,594,3,240,0,40,105
0.5188801288604736,35.67951965332031,0.001525548635981977,85.57685089111328,444.7318115234375,0.2265625,0.9492220282554626,595,3,240,0,40,105
0.7455919981002808,39.308189392089844,0.0008555125095881522,162.65342712402344,442.80792236328125,0.22265625,0.9504480957984924,596,3,240,0,40,105
0.6013882160186768,39.73046875,0.001722101354971528,123.95335388183594,510.57415771484375,0.2265625,0.94788658618927,597,3,240,0,40,105
0.6857637763023376,44.46385955810547,0.0019899881444871426,147.065185546875,533.6885986328125,0.28515625,0.9482495188713074,598,3,240,0,40,105
0.4078855514526367,31.675941467285156,0.0005083970609121025,74.71475219726562,475.76361083984375,0.1640625,0.94841468334198,599,3,240,0,40,105
0.783871591091156,44.12342834472656,0.0006601687055081129,169.79635620117188,551.3806762695312,0.20703125,0.947628915309906,600,3,240,0,40,105
0.639063835144043,31.91878890991211,0.0025187009014189243,69.87690734863281,425.7599792480469,0.23828125,0.9493393301963806,601,3,240,0,40,105
0.5758563876152039,46.66352462768555,0.0043623968958854675,210.87185668945312,494.0672607421875,0.24609375,0.9500796794891357,602,3,240,0,40,105
0.4660038948059082,36.788822174072266,0.0020157655235379934,156.8852996826172,469.43096923828125,0.21875,0.9486256241798401,603,3,240,0,40,105
0.5542773008346558,31.730602264404297,0.0021504333708435297,54.40813446044922,457.5909118652344,0.203125,0.9481526017189026,604,3,240,0,40,105
0.4093931019306183,32.96923065185547,0.0018706631381064653,84.62846374511719,473.26739501953125,0.24609375,0.9498150944709778,605,3,240,0,40,105
0.6132426261901855,38.70991897583008,0.003177981125190854,126.67988586425781,532.2136840820312,0.23828125,0.9469791650772095,606,3,240,0,40,105
0.4763106405735016,35.457855224609375,0.000750646460801363,124.50357055664062,519.1306762695312,0.19140625,0.9497252702713013,607,3,240,0,40,105
0.7391869425773621,45.191368103027344,0.003503933548927307,195.21702575683594,511.78338623046875,0.25,0.9491420984268188,608,3,240,0,40,105
0.24587726593017578,22.551464080810547,0.0010513962479308248,30.328266143798828,364.60540771484375,0.1953125,0.9498292803764343,609,3,240,0,40,105
0.3898499011993408,43.206092834472656,0.0011350379791110754,140.34030151367188,527.2996215820312,0.21875,0.9475961327552795,610,3,240,0,40,105
0.35772520303726196,30.239578247070312,0.0022471987176686525,55.06340026855469,433.39141845703125,0.21484375,0.9502254724502563,611,3,240,0,40,105
0.3767753541469574,35.99310302734375,0.001856669201515615,97.28279113769531,505.1172180175781,0.21875,0.9482945203781128,612,3,240,0,40,105
0.5087900161743164,33.61555099487305,0.001170807285234332,114.11433410644531,416.86322021484375,0.234375,0.9499068260192871,613,3,240,0,40,105
0.2677192687988281,24.666488647460938,0.0009897155687212944,43.062896728515625,409.8265380859375,0.1875,0.9495958685874939,614,3,240,0,40,105
0.37680214643478394,29.815540313720703,0.0019286253955215216,69.98527526855469,475.56219482421875,0.22265625,0.9469721913337708,615,3,240,0,40,105
0.25442105531692505,33.24177551269531,0.000598370039369911,32.18274688720703,514.283447265625,0.1953125,0.9498950839042664,616,3,240,0,40,105
0.5927932262420654,36.7005500793457,0.0008101460407488048,77.50804138183594,534.8790283203125,0.21484375,0.9500777721405029,617,3,240,0,40,105
0.6486040949821472,36.067447662353516,0.0015091203385964036,48.033504486083984,568.0205078125,0.203125,0.94974684715271,618,3,240,0,40,105
0.7313624024391174,38.34895324707031,0.0015581592451781034,114.26487731933594,537.2373046875,0.1953125,0.9504977464675903,619,3,240,0,40,105
0.5893542766571045,38.86196517944336,0.0016087795374915004,162.58197021484375,515.048095703125,0.23046875,0.9503405690193176,620,3,240,0,40,105
0.5489839315414429,25.792068481445312,0.0007483597146347165,27.06600570678711,463.9469299316406,0.19140625,0.9467321038246155,621,3,240,0,40,105
0.7815425395965576,43.48202133178711,0.0009526328067295253,105.81724548339844,626.5755615234375,0.21484375,0.9511399865150452,622,3,240,0,40,105
0.40785759687423706,38.063438415527344,0.0024782298132777214,115.15229797363281,575.7313842773438,0.25390625,0.9473878145217896,623,3,240,0,40,105
0.9804047346115112,50.91490173339844,0.002303028479218483,258.59912109375,582.5701904296875,0.22265625,0.948032021522522,624,3,240,0,40,105
0.567179262638092,34.0247802734375,0.0005374484462663531,56.31224060058594,544.027587890625,0.20703125,0.9481170177459717,625,3,240,0,40,105
0.4037029445171356,27.812114715576172,0.0005086601013317704,38.12604904174805,440.7727966308594,0.2109375,0.9493223428726196,626,3,240,0,40,105
0.8320093154907227,46.93280029296875,0.0019357450073584914,217.21865844726562,551.7739868164062,0.24609375,0.94864821434021,627,3,240,0,40,105
0.589714765548706,41.713863372802734,0.0019944950472563505,172.29226684570312,524.7415161132812,0.2734375,0.9482676982879639,628,3,240,0,40,105
0.5118295550346375,30.84087371826172,0.00048567831981927156,25.79216766357422,525.73828125,0.1796875,0.9469872713088989,629,3,240,0,40,105
0.8058978319168091,45.98292541503906,0.0005898933159187436,191.82083129882812,583.0078735351562,0.20703125,0.9470053315162659,630,3,240,0,40,105
0.7628872394561768,40.342491149902344,0.0007807777146808803,144.76673889160156,542.6242065429688,0.23046875,0.9501345157623291,631,3,240,0,40,105
0.5154498815536499,37.56169509887695,0.0005502198473550379,123.63069152832031,523.4720458984375,0.1953125,0.9480878114700317,632,3,240,0,40,105
0.6218187212944031,29.111228942871094,0.0003272268222644925,33.783477783203125,522.301513671875,0.1953125,0.9491062760353088,633,3,240,0,40,105
0.5491800904273987,40.000205993652344,0.0014954665675759315,162.03648376464844,516.8013305664062,0.21484375,0.9473835229873657,634,3,240,0,40,105
0.5135793685913086,30.381183624267578,0.000759351416490972,46.33195495605469,424.9512634277344,0.19921875,0.9506756067276001,635,3,240,0,40,105
0.43889716267585754,34.52510070800781,0.0007990847807377577,88.30677032470703,487.52276611328125,0.2109375,0.948318362236023,636,3,240,0,40,105
0.6450946927070618,34.09027099609375,0.0025554648600518703,113.45675659179688,532.1321411132812,0.25,0.9501672983169556,637,3,240,0,40,105
0.6326960325241089,39.615882873535156,0.0006431911024264991,183.05918884277344,512.9143676757812,0.2109375,0.946480393409729,638,3,240,0,40,105
0.4043183922767639,29.817432403564453,0.0007407322991639376,61.78730773925781,545.6455078125,0.21875,0.9484883546829224,639,3,240,0,40,105
0.6157353520393372,37.47270584106445,0.0015643308870494366,126.52676391601562,484.50909423828125,0.2421875,0.9505220651626587,640,3,240,0,40,105
0.45011094212532043,35.621212005615234,0.0012983259512111545,88.63042449951172,506.50213623046875,0.22265625,0.9509141445159912,641,3,240,0,40,105
0.7227784395217896,47.43327713012695,0.0010741709265857935,177.1324005126953,542.9899291992188,0.23046875,0.9504184722900391,642,3,240,0,40,105
0.48743531107902527,44.09394836425781,0.0011710480321198702,139.28289794921875,612.7516479492188,0.21875,0.9490229487419128,643,3,240,0,40,105
0.5118345618247986,38.624446868896484,0.0011470091994851828,122.23519134521484,531.9673461914062,0.19140625,0.9518892765045166,644,3,240,0,40,105
0.5395526885986328,35.651187896728516,0.0011303183855488896,83.73977661132812,504.6618957519531,0.19140625,0.947725236415863,645,3,240,0,40,105
0.3020523488521576,29.951904296875,0.0009072700049728155,66.37251281738281,490.605224609375,0.16015625,0.9519350528717041,646,3,240,0,40,105
0.6220345497131348,41.78655242919922,0.0035380905028432608,186.50384521484375,514.04736328125,0.26171875,0.9484413266181946,647,3,240,0,40,105
0.4128721356391907,29.399499893188477,0.0019828341901302338,36.4615478515625,516.4229736328125,0.203125,0.9483824372291565,648,3,240,0,40,105
0.667417049407959,41.733612060546875,0.0039026783779263496,172.5712890625,518.2014770507812,0.2421875,0.9486382007598877,649,3,240,0,40,105
0.2689588963985443,27.112913131713867,0.0003405777388252318,46.737876892089844,479.6839904785156,0.171875,0.9501806497573853,650,3,240,0,40,105
0.517052173614502,31.12299156188965,0.001557663781568408,20.57835578918457,546.1180419921875,0.17578125,0.9511516094207764,651,3,240,0,40,105
0.4990476965904236,41.37962341308594,0.004610894247889519,180.4679412841797,486.67169189453125,0.2265625,0.9455526471138,652,3,240,0,40,105
0.33554768562316895,24.65273666381836,0.000944145955145359,21.36172866821289,453.3176574707031,0.1796875,0.949957013130188,653,3,240,0,40,105
0.5841647982597351,37.02022933959961,0.001085809082724154,50.25984191894531,506.9046325683594,0.18359375,0.9484392404556274,654,3,240,0,40,105
0.4676557779312134,42.376861572265625,0.0014943077694624662,132.94241333007812,542.3651123046875,0.22265625,0.9511522650718689,655,3,240,0,40,105
0.6556858420372009,39.295379638671875,0.0007610218017362058,83.97254943847656,506.66552734375,0.2265625,0.9485380053520203,656,3,240,0,40,105
0.6335490942001343,34.03855895996094,0.003209149930626154,70.25306701660156,510.42047119140625,0.2265625,0.9503443837165833,657,3,240,0,40,105
0.5575072765350342,33.35512161254883,0.0006967005901969969,76.28399658203125,527.8870239257812,0.21875,0.9488702416419983,658,3,240,0,40,105
0.7331532835960388,39.92914962768555,0.0006419515120796859,91.60014343261719,572.9510498046875,0.203125,0.9488961100578308,659,3,240,0,40,105
0.5557425022125244,41.9615478515625,0.0007330512162297964,118.30300903320312,556.5122680664062,0.203125,0.9467298984527588,660,3,240,0,40,105
0.5993902087211609,39.00536346435547,0.0010360804153606296,145.65977478027344,490.0616760253906,0.1953125,0.9498016238212585,661,3,240,0,40,105
0.4255146384239197,39.475746154785156,0.004705480299890041,113.98825073242188,497.54364013671875,0.23828125,0.948314368724823,662,3,240,0,40,105
0.5679686069488525,38.977874755859375,0.0016848014201968908,115.45653533935547,514.1212158203125,0.23046875,0.9480379223823547,663,3,240,0,40,105
0.41508200764656067,31.398786544799805,0.0013526550028473139,45.003334045410156,532.3731079101562,0.1796875,0.9469648599624634,664,3,240,0,40,105
0.5412306785583496,32.70284652709961,0.0006182790384627879,21.005407333374023,510.4249267578125,0.1640625,0.9476013779640198,665,3,240,0,40,105
0.5368229746818542,41.713043212890625,0.0007197150262072682,119.10719299316406,559.767822265625,0.16796875,0.950503945350647,666,3,240,0,40,105
0.8048100471496582,49.38484191894531,0.001027311896905303,227.31906127929688,564.8558959960938,0.2578125,0.947430431842804,667,3,240,0,40,105
0.5422139167785645,37.37132263183594,0.0007401357870548964,99.29322814941406,472.1094970703125,0.20703125,0.9510316848754883,668,3,240,0,40,105
0.709632158279419,48.04307556152344,0.0017304536886513233,244.98455810546875,529.767333984375,0.22265625,0.9489195346832275,669,3,240,0,40,105
0.15206784009933472,23.47974967956543,0.0005469119641929865,22.105504989624023,442.5624694824219,0.19140625,0.9475306272506714,670,3,240,0,40,105
0.33299535512924194,31.181888580322266,0.000618632067926228,25.851593017578125,537.791259765625,0.15625,0.9492669701576233,671,3,240,0,40,105
0.6288305521011353,41.51737976074219,0.0014426491688936949,101.85154724121094,515.9044799804688,0.21484375,0.9489313364028931,672,3,240,0,40,105
0.29404157400131226,36.53907775878906,0.0005409728037193418,100.96690368652344,585.1013793945312,0.19921875,0.949575662612915,673,3,240,0,40,105
0.7308526039123535,50.39613342285156,0.0012771075125783682,230.3290557861328,587.7918090820312,0.23046875,0.9506515264511108,674,3,240,0,40,105
0.6730263233184814,47.08467483520508,0.0010264839511364698,238.09078979492188,506.2503967285156,0.2109375,0.9473295211791992,675,3,240,0,40,105
0.6672995090484619,50.024993896484375,0.0017971880733966827,290.1742248535156,479.65289306640625,0.26171875,0.9498468637466431,676,3,240,0,40,105
0.5701948404312134,34.0438232421875,0.001222742022946477,58.05706787109375,496.8692626953125,0.2109375,0.9491723775863647,677,3,240,0,40,105
0.45440003275871277,35.032806396484375,0.0006923637702129781,52.51234436035156,539.1320190429688,0.1953125,0.9500354528427124,678,3,240,0,40,105
0.6998778581619263,44.11509704589844,0.0006747205043211579,159.5555419921875,560.654296875,0.18359375,0.9480679631233215,679,3,240,0,40,105
0.5050726532936096,37.83905792236328,0.00038484774995595217,85.32765197753906,542.74658203125,0.19921875,0.9472387433052063,680,3,240,0,40,105
0.5329083204269409,43.9601936340332,0.0011838499922305346,112.3748779296875,600.8986206054688,0.2109375,0.9514511823654175,681,3,240,0,40,105
0.5273548364639282,43.16264343261719,0.0011645547347143292,209.6313934326172,498.62225341796875,0.22265625,0.950917661190033,682,3,240,0,40,105
0.2768874168395996,24.9056453704834,0.0003239756915718317,5.64164400100708,518.7453002929688,0.15234375,0.947413444519043,683,3,240,0,40,105
0.42101824283599854,38.342926025390625,0.00027406634762883186,120.56150817871094,517.3215942382812,0.203125,0.9495871663093567,684,3,240,0,40,105
0.3102007508277893,29.17194938659668,0.000219564710278064,31.779565811157227,497.91497802734375,0.19140625,0.9471639394760132,685,3,240,0,40,105
0.3893110752105713,31.813430786132812,0.0010389277013018727,71.75025939941406,462.05816650390625,0.19921875,0.9472490549087524,686,3,240,0,40,105
0.506035327911377,32.247337341308594,0.0008584526367485523,26.245956420898438,568.5488891601562,0.1953125,0.9510079026222229,687,3,240,0,40,105
0.5726934671401978,40.440372467041016,0.0004933144664391875,171.58779907226562,550.3878784179688,0.2265625,0.9504409432411194,688,3,240,0,40,105
0.5124715566635132,41.334251403808594,0.001037530368193984,165.3848419189453,526.5234375,0.24609375,0.9484843015670776,689,3,240,0,40,105
0.36394330859184265,29.0108642578125,0.0011966240126639605,34.363555908203125,516.0399780273438,0.18359375,0.9492354393005371,690,3,240,0,40,105
0.39207953214645386,32.19313049316406,0.0006364216096699238,50.68936538696289,482.76776123046875,0.2265625,0.9486382603645325,691,3,240,0,40,105
0.44346797466278076,37.26911163330078,0.0009598020697012544,80.31791687011719,523.5218505859375,0.171875,0.9490790963172913,692,3,240,0,40,105
0.6465144157409668,38.4741325378418,0.0008113065268844366,66.96174621582031,553.7162475585938,0.19140625,0.9485397338867188,693,3,240,0,40,105
0.42169734835624695,31.459884643554688,0.0004534825566224754,19.325237274169922,502.4629211425781,0.18359375,0.9517406225204468,694,3,240,0,40,105
0.7141304612159729,38.31328582763672,0.0009356132941320539,45.81470489501953,577.0219116210938,0.18359375,0.9504027962684631,695,3,240,0,40,105
0.4711068272590637,43.154762268066406,0.0009535535937175155,140.9493865966797,617.3906860351562,0.18359375,0.9508911371231079,696,3,240,0,40,105
0.5532723665237427,40.0782470703125,0.0011120795970782638,160.31179809570312,551.3792724609375,0.1953125,0.9501386284828186,697,3,240,0,40,105
0.4539604187011719,27.44599151611328,0.0008151310030370951,19.201393127441406,534.941162109375,0.1875,0.9468250870704651,698,3,240,0,40,105
0.3141590356826782,26.803333282470703,0.0005708888056688011,59.762107849121094,409.6038513183594,0.1875,0.9482247829437256,699,3,240,0,40,105
0.32288652658462524,27.072378158569336,0.00031319126719608903,22.62503433227539,463.54254150390625,0.18359375,0.9467974305152893,700,3,240,0,40,105
0.5871120095252991,36.097572326660156,0.0006606336100958288,29.113365173339844,557.3584594726562,0.16015625,0.9469477534294128,701,3,240,0,40,105
0.743842363357544,39.25002670288086,0.00054687395459041,60.94355392456055,588.4028930664062,0.19921875,0.9525291919708252,702,3,240,0,40,105
0.737083911895752,29.481033325195312,0.001116069033741951,96.28955078125,372.8387451171875,0.19921875,0.9468855857849121,703,4,320,0,60,144
0.47233691811561584,25.32147216796875,0.0008947948808781803,23.91107177734375,423.18243408203125,0.16015625,0.9502543210983276,704,4,320,0,60,144
0.690610945224762,29.969940185546875,0.0005765041569247842,50.70199966430664,479.5980224609375,0.203125,0.9498689770698547,705,4,320,0,60,144
0.5513343811035156,32.72797775268555,0.0003733488265424967,96.25835418701172,431.5087585449219,0.203125,0.9512332677841187,706,4,320,0,60,144
0.3666183352470398,21.12160873413086,0.0003014315152540803,13.1987943649292,380.63092041015625,0.1796875,0.948837161064148,707,4,320,0,60,144
0.7303853034973145,40.81610870361328,0.0008420677040703595,163.5188751220703,451.0429382324219,0.22265625,0.9471919536590576,708,4,320,0,60,144
0.4100211262702942,31.783172607421875,0.0004085110267624259,105.15142822265625,396.0386657714844,0.203125,0.9488731622695923,709,4,320,0,60,144
0.2599743902683258,19.11432647705078,0.0008136960095725954,8.752635955810547,390.5929870605469,0.19921875,0.9478304982185364,710,4,320,0,60,144
0.508120596408844,34.23529052734375,0.0005090564955025911,116.23545837402344,476.9466552734375,0.20703125,0.9473143219947815,711,4,320,0,60,144
0.48057520389556885,34.71904754638672,0.0006543222116306424,164.91683959960938,397.5934143066406,0.21484375,0.9501308798789978,712,4,320,0,60,144
0.4130396246910095,21.095861434936523,0.000667996471747756,7.851612567901611,434.4610290527344,0.1484375,0.9491023421287537,713,4,320,0,60,144
0.232639342546463,16.6561279296875,0.0002811690792441368,5.320094108581543,337.1944274902344,0.14453125,0.9481754899024963,714,4,320,0,60,144
0.3027768135070801,23.685518264770508,0.00047678136616013944,13.866703033447266,396.74993896484375,0.1484375,0.9483577609062195,715,4,320,0,60,144
0.2769322395324707,21.772417068481445,0.0004045091336593032,23.16692352294922,364.6866760253906,0.16796875,0.9497154355049133,716,4,320,0,60,144
0.43833768367767334,20.96014404296875,0.00033870182232931256,38.19791793823242,361.4393615722656,0.19140625,0.9491758942604065,717,4,320,0,60,144
0.3285646140575409,21.03955078125,0.00017614889657124877,7.713290691375732,469.7230224609375,0.14453125,0.9480628967285156,718,4,320,0,60,144
0.3054847717285156,17.072736740112305,0.0001841060584411025,11.355045318603516,366.5693054199219,0.1640625,0.9512349367141724,719,4,320,0,60,144
0.8091855049133301,35.023353576660156,0.0001312376552959904,111.91463470458984,478.1932678222656,0.18359375,0.9482965469360352,720,4,320,0,60,144
0.48693639039993286,29.718305587768555,0.0006215290632098913,80.31329345703125,435.396728515625,0.18359375,0.9475172758102417,721,4,320,0,60,144
0.33124303817749023,23.222068786621094,0.00042683962965384126,23.881664276123047,401.0023498535156,0.1953125,0.9501071572303772,722,4,320,0,60,144
0.47108587622642517,28.200334548950195,0.0002244492352474481,32.071746826171875,417.2919921875,0.17578125,0.9506051540374756,723,4,320,0,60,144
0.43038293719291687,32.30220031738281,0.0002907977032009512,127.04168701171875,419.5513916015625,0.21875,0.9485952854156494,724,4,320,0,60,144
0.5098363161087036,26.73534393310547,0.000450825784355402,33.13661193847656,431.565185546875,0.203125,0.9491772055625916,725,4,320,0,60,144
0.8200255036354065,35.73210144042969,0.0008705852087587118,105.80839538574219,422.00439453125,0.2109375,0.9510526657104492,726,4,320,0,60,144
0.43663206696510315,22.016605377197266,0.00028778144042007625,25.555137634277344,387.81646728515625,0.171875,0.9494132995605469,727,4,320,0,60,144
0.35948610305786133,21.904953002929688,0.00029793480644002557,10.560113906860352,398.1373291015625,0.171875,0.9485220313072205,728,4,320,0,60,144
0.5430579781532288,35.46955871582031,0.0001533313188701868,110.13015747070312,480.5482177734375,0.19921875,0.9483992457389832,729,4,320,0,60,144
0.6535981893539429,30.93271255493164,0.00033445190638303757,35.22216033935547,583.2211303710938,0.20703125,0.9500951170921326,730,4,320,0,60,144
0.226078063249588,22.059452056884766,0.00012149999383836985,13.661142349243164,384.8475646972656,0.15234375,0.9457588195800781,731,4,320,0,60,144
0.6094136834144592,30.690839767456055,0.00042080599814653397,55.531044006347656,446.4444885253906,0.21484375,0.9503641724586487,732,4,320,0,60,144
0.6643837690353394,30.90245819091797,0.0009090558160096407,61.846534729003906,391.6873779296875,0.1953125,0.9485791921615601,733,4,320,0,60,144
0.8442527651786804,31.997303009033203,0.00035686331102624536,113.36711120605469,453.6596374511719,0.22265625,0.9506350159645081,734,4,320,0,60,144
0.8454816341400146,37.47594451904297,0.0008507531601935625,178.94473266601562,413.52850341796875,0.21484375,0.9511538743972778,735,4,320,0,60,144
0.48512476682662964,32.30071258544922,0.00041169195901602507,70.10346984863281,465.2496032714844,0.19921875,0.9480670690536499,736,4,320,0,60,144
0.336347758769989,20.006853103637695,0.00016958313062787056,13.986949920654297,294.6910095214844,0.140625,0.94991534948349,737,4,320,0,60,144
0.3380657136440277,28.68666648864746,0.00015771150356158614,38.11492919921875,421.686279296875,0.21875,0.948491632938385,738,4,320,0,60,144
0.5713745951652527,26.995372772216797,0.00016759327263571322,112.3095474243164,348.7842102050781,0.17578125,0.9490286707878113,739,4,320,0,60,144
0.4350093603134155,30.289203643798828,0.00027109921211376786,75.07514953613281,415.4678955078125,0.1953125,0.9494945406913757,740,4,320,0,60,144
0.33033934235572815,24.103118896484375,0.00023416678595822304,14.878305435180664,372.765380859375,0.18359375,0.9496565461158752,741,4,320,0,60,144
0.4623247981071472,28.166488647460938,0.00015786057338118553,32.622642517089844,410.6136169433594,0.140625,0.9491742849349976,742,4,320,0,60,144
0.5807205438613892,35.01948928833008,0.00019784719916060567,64.74693298339844,458.76422119140625,0.21484375,0.9475046992301941,743,4,320,0,60,144
0.540440022945404,31.26146697998047,0.0005268576205708086,52.46006393432617,407.48028564453125,0.19140625,0.9466284513473511,744,4,320,0,60,144
0.645249605178833,28.8637638092041,0.0006531639955937862,50.365055084228516,396.0229187011719,0.1640625,0.9510439038276672,745,4,320,0,60,144
0.7235288023948669,35.16638946533203,0.00024251051945611835,114.41288757324219,489.8726806640625,0.22265625,0.9475382566452026,746,4,320,0,60,144
0.8041071891784668,34.84888458251953,0.0004229705664329231,110.09188842773438,449.75457763671875,0.1953125,0.9487282037734985,747,4,320,0,60,144
0.6567748785018921,37.24304962158203,0.00022571394219994545,134.1370391845703,466.750244140625,0.1796875,0.9509109258651733,748,4,320,0,60,144
0.4250161647796631,26.65945816040039,0.0005200967425480485,24.47661781311035,397.7521667480469,0.16796875,0.9491955041885376,749,4,320,0,60,144
0.7557284832000732,39.349761962890625,0.00024989747907966375,156.10690307617188,455.16082763671875,0.203125,0.949555516242981,750,4,320,0,60,144
0.649962306022644,32.26799774169922,0.00019975448958575726,53.89836120605469,492.4567565917969,0.1796875,0.9487648606300354,751,4,320,0,60,144
0.7647899389266968,33.515403747558594,0.0002450298343319446,65.53651428222656,507.3540344238281,0.20703125,0.947272002696991,752,4,320,0,60,144
0.723778486251831,25.945091247558594,0.00019881878688465804,36.78230667114258,394.1070861816406,0.16796875,0.9495729804039001,753,4,320,0,60,144
0.4830531179904938,35.68842315673828,0.00017443134856875986,130.8184356689453,459.2814025878906,0.20703125,0.9498386383056641,754,4,320,0,60,144
0.6492668986320496,36.734004974365234,0.000478087633382529,156.85540771484375,447.4793395996094,0.21484375,0.9485496282577515,755,4,320,0,60,144
0.8269414305686951,33.71263122558594,0.0003605495148804039,149.85458374023438,396.8533935546875,0.23046875,0.9483188986778259,756,4,320,0,60,144
0.33569636940956116,23.099788665771484,0.00024950929218903184,14.627630233764648,404.7663269042969,0.15625,0.9483087062835693,757,4,320,0,60,144
0.39904266595840454,25.15304183959961,0.00037517669261433184,17.64516830444336,414.6562194824219,0.16796875,0.9479485154151917,758,4,320,0,60,144
0.3592330813407898,29.201854705810547,0.0003850446082651615,44.61579895019531,494.78472900390625,0.17578125,0.9474574327468872,759,4,320,0,60,144
0.2704734206199646,22.243244171142578,0.0001493460440542549,21.21188735961914,390.1767272949219,0.15234375,0.950359582901001,760,4,320,0,60,144
0.6582502126693726,32.52667236328125,0.00012550700921565294,47.37533950805664,468.8896484375,0.1640625,0.9503391981124878,761,4,320,0,60,144
0.5672945976257324,18.174571990966797,0.00017672183457762003,14.374406814575195,361.1474304199219,0.171875,0.9481877088546753,762,4,320,0,60,144
0.7234910130500793,39.60298156738281,0.0008324672235175967,167.5533447265625,553.1710815429688,0.19921875,0.9488645195960999,763,4,320,0,60,144
0.21343916654586792,18.288616180419922,0.0002188941289205104,9.35971450805664,381.79443359375,0.1796875,0.9459850192070007,764,4,320,0,60,144
0.6689841151237488,33.629676818847656,0.0003310631145723164,45.137359619140625,420.10455322265625,0.21484375,0.9496535062789917,765,4,320,0,60,144
0.4517796039581299,27.105541229248047,0.0001814006536733359,31.121368408203125,426.74365234375,0.16796875,0.9469701051712036,766,4,320,0,60,144
0.5509964227676392,28.049293518066406,0.0002580311556812376,32.501853942871094,429.64501953125,0.16796875,0.9495572447776794,767,4,320,0,60,144
0.669249415397644,30.702238082885742,0.0007638018578290939,25.64689064025879,427.5115661621094,0.18359375,0.9468611478805542,768,4,320,0,60,144
0.42129045724868774,24.373641967773438,0.00033677133615128696,15.976097106933594,392.1533508300781,0.18359375,0.9497536420822144,769,4,320,0,60,144
0.5447200536727905,29.279958724975586,6.636801117565483e-05,39.3262825012207,411.4363708496094,0.15625,0.9511327743530273,770,4,320,0,60,144
0.6240885257720947,38.40559387207031,0.00038894021417945623,147.41783142089844,509.1326904296875,0.1953125,0.9484540820121765,771,4,320,0,60,144
0.8122367858886719,42.804603576660156,0.0005229407688602805,168.81639099121094,580.7784423828125,0.21484375,0.949644148349762,772,4,320,0,60,144
0.6898203492164612,37.25096130371094,0.00045069772750139236,145.54315185546875,542.9182739257812,0.1796875,0.9475954174995422,773,4,320,0,60,144
0.5822545289993286,32.82256317138672,0.0005370912258513272,72.83381652832031,441.16522216796875,0.1953125,0.9481030702590942,774,4,320,0,60,144
0.6008277535438538,35.95013427734375,0.00029261206509545445,170.1661376953125,471.9059143066406,0.19921875,0.9503778219223022,775,4,320,0,60,144
0.3147583603858948,23.793092727661133,0.00014257289876695722,34.01085662841797,419.411865234375,0.18359375,0.9493066668510437,776,4,320,0,60,144
0.328727126121521,30.2976131439209,0.0003632019506767392,66.05191040039062,439.8764343261719,0.19140625,0.9496816396713257,777,4,320,0,60,144
0.6699367761611938,37.77075958251953,0.0007670928025618196,134.70919799804688,443.9548034667969,0.23828125,0.9505929946899414,778,4,320,0,60,144
0.3059326410293579,23.438861846923828,0.0002451926120556891,20.76289176940918,454.7144470214844,0.15234375,0.9473100900650024,779,4,320,0,60,144
0.47573480010032654,26.103073120117188,0.0004016644670628011,26.604496002197266,469.4395751953125,0.16796875,0.9461561441421509,780,4,320,0,60,144
0.4647577106952667,25.14568519592285,0.00024875131202861667,23.041919708251953,429.4588928222656,0.1484375,0.9507976174354553,781,4,320,0,60,144
0.30538874864578247,18.732715606689453,0.00022665708092972636,3.34414005279541,419.4761657714844,0.1328125,0.9491128921508789,782,4,320,0,60,144
0.31442582607269287,24.223194122314453,0.0006482936441898346,14.276566505432129,378.9018859863281,0.16796875,0.9497838020324707,783,4,320,0,60,144
0.7058507800102234,30.43335723876953,0.0002295229642186314,11.980420112609863,499.9956359863281,0.1640625,0.9510453343391418,784,4,320,0,60,144
0.44359105825424194,23.57868003845215,9.512630640529096e-05,25.22494125366211,372.8999938964844,0.14453125,0.9470753073692322,785,4,320,0,60,144
0.7922749519348145,40.504547119140625,0.0002826752606779337,200.18670654296875,535.9304809570312,0.22265625,0.950434148311615,786,4,320,0,60,144
0.5576186776161194,29.598100662231445,0.0002589569194242358,70.89373779296875,428.5548095703125,0.1796875,0.949276864528656,787,4,320,0,60,144
0.7638376951217651,39.20969772338867,0.00019951272406615317,90.29652404785156,659.45751953125,0.1796875,0.9501779675483704,788,4,320,0,60,144
0.6304773688316345,30.10086441040039,9.12547402549535e-05,35.53578567504883,506.2622985839844,0.16015625,0.9482271075248718,789,4,320,0,60,144
0.4201011061668396,24.839950561523438,0.0002157192793674767,39.62934494018555,403.6541748046875,0.16015625,0.9496423006057739,790,4,320,0,60,144
0.6349018812179565,38.022010803222656,0.00031664827838540077,53.169288635253906,549.8637084960938,0.171875,0.9512506127357483,791,4,320,0,60,144
0.4971292316913605,30.07749366760254,0.00016891586710698903,26.210132598876953,432.3726501464844,0.17578125,0.9493532776832581,792,4,320,0,60,144
0.5173072814941406,35.41575622558594,0.001649725018069148,80.22288513183594,543.3319702148438,0.22265625,0.9521862864494324,793,4,320,0,60,144
0.3977726995944977,35.46978759765625,0.000355210795532912,107.29206085205078,500.2539367675781,0.21484375,0.9488646984100342,794,4,320,0,60,144
0.5041503310203552,30.129894256591797,0.0002941741840913892,23.237686157226562,544.2169189453125,0.171875,0.9505263566970825,795,4,320,0,60,144
0.8850440979003906,43.3010139465332,0.0006668993155471981,222.27395629882812,513.1412963867188,0.19140625,0.9477494955062866,796,4,320,0,60,144
0.5907639265060425,40.678836822509766,0.0004047058173455298,198.29823303222656,480.4908142089844,0.19140625,0.9491904377937317,797,4,320,0,60,144
0.5632253289222717,36.21421432495117,0.0008657675934955478,109.91082763671875,485.05926513671875,0.22265625,0.9479038119316101,798,4,320,0,60,144
0.41972076892852783,33.8757438659668,0.00020136177772656083,74.54127502441406,460.12261962890625,0.19140625,0.949013352394104,799,4,320,0,60,144
0.40114402770996094,23.24896812438965,0.0003007519990205765,17.275405883789062,402.72454833984375,0.15625,0.9479004144668579,800,4,320,0,60,144
0.40113523602485657,30.192459106445312,0.0003864137688651681,33.437286376953125,423.9793701171875,0.20703125,0.946763277053833,801,4,320,0,60,144
0.2823209762573242,22.816747665405273,0.0003043108154088259,15.162420272827148,407.8381652832031,0.15625,0.9491006731987,802,4,320,0,60,144
0.4132242202758789,25.14202117919922,0.0004112871247343719,22.30530548095703,427.73529052734375,0.171875,0.9485827684402466,803,4,320,0,60,144
0.4615435004234314,29.588756561279297,0.00020179137936793268,40.85945129394531,421.0043029785156,0.17578125,0.9479538798332214,804,4,320,0,60,144
0.5912296175956726,30.43128204345703,0.00015756848733872175,50.81105422973633,467.27978515625,0.1796875,0.9473302960395813,805,4,320,0,60,144
0.5856646299362183,27.42020034790039,5.972961298539303e-05,20.903099060058594,445.6453857421875,0.15625,0.950350821018219,806,4,320,0,60,144
0.6543538570404053,38.59391784667969,0.00011460318637546152,71.56922149658203,539.9072875976562,0.1875,0.9495025277137756,807,4,320,0,60,144
0.6148875951766968,30.91592025756836,0.00011998110130662099,62.20635986328125,456.2005615234375,0.17578125,0.947335422039032,808,4,320,0,60,144
0.5960816144943237,30.615989685058594,4.253195220371708e-05,30.64398193359375,477.301513671875,0.16015625,0.9485712647438049,809,4,320,0,60,144
0.5824354887008667,36.84960174560547,0.00026201846776530147,86.140380859375,557.4358520507812,0.19140625,0.9469276666641235,810,4,320,0,60,144
0.8036097884178162,36.25237274169922,0.00011540440755197778,72.26358032226562,484.8472595214844,0.19921875,0.9460495710372925,811,4,320,0,60,144
0.4433678090572357,20.484649658203125,9.496352140558884e-05,3.615962505340576,451.1454772949219,0.12890625,0.9488787055015564,812,4,320,0,60,144
0.3893812298774719,31.516447067260742,8.777067705523223e-05,39.35726547241211,510.69439697265625,0.1796875,0.9490357637405396,813,4,320,0,60,144
0.453948438167572,30.001693725585938,0.00032923457911238074,76.84480285644531,442.2396240234375,0.1875,0.9479436874389648,814,4,320,0,60,144
0.744410514831543,37.218467712402344,0.0002695937582757324,41.53795623779297,530.8988037109375,0.19140625,0.946163535118103,815,4,320,0,60,144
0.4273892045021057,35.50690460205078,0.00013665971346199512,145.55471801757812,422.3852844238281,0.1953125,0.9488152861595154,816,4,320,0,60,144
0.9656956195831299,38.592098236083984,0.0002596343692857772,128.99325561523438,479.11041259765625,0.17578125,0.9493595957756042,817,4,320,0,60,144
0.8669755458831787,38.01993179321289,0.0001362930634059012,103.75262451171875,518.7290649414062,0.16796875,0.9484664797782898,818,4,320,0,60,144
0.6225568652153015,36.270957946777344,0.00044198264367878437,77.81861877441406,482.5082702636719,0.16015625,0.9481074213981628,819,4,320,0,60,144
0.39335817098617554,28.250099182128906,0.00013809875235892832,45.089359283447266,431.8517150878906,0.18359375,0.9475148916244507,820,4,320,0,60,144
0.3925716280937195,29.92644500732422,0.0003103740164078772,36.320579528808594,490.9031677246094,0.17578125,0.946509838104248,821,4,320,0,60,144
0.3723257780075073,25.760011672973633,0.00023567135212942958,39.696048736572266,359.1355895996094,0.171875,0.9458410143852234,822,4,320,0,60,144
0.6203920841217041,31.938438415527344,0.00028261050465516746,90.9835205078125,396.85980224609375,0.15625,0.9494878649711609,823,4,320,0,60,144
0.4433334469795227,28.922849655151367,0.00021870629279874265,13.833826065063477,468.824951171875,0.15234375,0.945370614528656,824,4,320,0,60,144
0.29606401920318604,24.588420867919922,8.037422958295792e-05,11.761527061462402,471.386962890625,0.13671875,0.9475827813148499,825,4,320,0,60,144
0.21028828620910645,20.31293487548828,0.0001067558623617515,2.0957493782043457,403.8590087890625,0.11328125,0.9470177888870239,826,4,320,0,60,144
0.36468908190727234,30.841712951660156,0.0004359590820968151,43.049739837646484,453.4230651855469,0.1796875,0.9474517703056335,827,4,320,0,60,144
0.5924462676048279,24.82624053955078,0.00010281138384016231,12.050299644470215,440.57958984375,0.1328125,0.9526214003562927,828,4,320,0,60,144
0.3176743984222412,27.256671905517578,0.00034840701846405864,22.594776153564453,502.1213073730469,0.14453125,0.9508383274078369,829,4,320,0,60,144
0.5202707648277283,28.06386375427246,0.0001390104298479855,32.18982696533203,461.2058410644531,0.16796875,0.9477409720420837,830,4,320,0,60,144
0.6837411522865295,33.42615509033203,0.0004633620264939964,25.590852737426758,524.9775390625,0.1875,0.9481090307235718,831,4,320,0,60,144
0.4437118470668793,32.52568054199219,0.0007490250864066184,80.76960754394531,470.33355712890625,0.20703125,0.9495865702629089,832,4,320,0,60,144
0.42447715997695923,21.673751831054688,7.196416845545173e-05,11.461507797241211,440.23431396484375,0.15625,0.9474849104881287,833,4,320,0,60,144
0.3426687717437744,24.313251495361328,0.0003437770064920187,21.925384521484375,451.1362609863281,0.16015625,0.9511932730674744,834,4,320,0,60,144
0.6861381530761719,44.135135650634766,0.00023732238332740963,232.64266967773438,476.8729248046875,0.18359375,0.9490340352058411,835,4,320,0,60,144
0.32578179240226746,25.49826431274414,0.0002671991824172437,15.239511489868164,448.5010681152344,0.171875,0.9529395699501038,836,4,320,0,60,144
0.6908626556396484,37.522308349609375,0.00036951794754713774,152.33843994140625,470.8655090332031,0.1953125,0.9507393836975098,837,4,320,0,60,144
0.7066125869750977,33.898582458496094,0.0001345186901744455,44.02106475830078,444.7290344238281,0.18359375,0.9484476447105408,838,4,320,0,60,144
0.731338620185852,44.00453186035156,8.453688496956602e-05,172.91647338867188,554.1200561523438,0.16796875,0.948783278465271,839,4,320,0,60,144
0.3845953941345215,27.252483367919922,0.0003764483844861388,17.624267578125,427.5328674316406,0.16796875,0.9482108354568481,840,4,320,0,60,144
0.43241190910339355,23.267780303955078,0.00020859696087427437,20.460691452026367,396.33294677734375,0.1640625,0.9511907696723938,841,4,320,0,60,144
0.6266741752624512,36.56552505493164,0.0006532294792123139,125.25328826904297,491.8543395996094,0.2109375,0.9483488202095032,842,4,320,0,60,144
0.4078754782676697,30.23459243774414,0.0003887868660967797,72.60453796386719,401.3843078613281,0.2265625,0.9517291188240051,843,4,320,0,60,144
0.767931342124939,39.93656539916992,0.00025017873849719763,147.4376983642578,492.8093566894531,0.20703125,0.9498064517974854,844,4,320,0,60,144
0.5615850687026978,35.4177131652832,0.0005863036494702101,111.65866088867188,493.4029235839844,0.17578125,0.9494786262512207,845,4,320,0,60,144
0.2835421562194824,21.341495513916016,0.00016483935178257525,22.131145477294922,430.3873291015625,0.16796875,0.9520304799079895,846,4,320,0,60,144
0.4731111228466034,31.011173248291016,0.00010121686500497162,24.21840476989746,517.6027221679688,0.16015625,0.9466407895088196,847,4,320,0,60,144
0.48016485571861267,28.105865478515625,0.00021427345927804708,20.44552230834961,432.3370361328125,0.171875,0.9470853805541992,848,4,320,0,60,144
0.584542453289032,33.86818313598633,0.00024751972523517907,82.90744018554688,449.9434814453125,0.21484375,0.950211763381958,849,4,320,0,60,144
0.5104075074195862,36.35094451904297,0.00024956793640740216,106.21759033203125,468.0087585449219,0.1875,0.9496244192123413,850,4,320,0,60,144
0.59468674659729,32.107933044433594,0.00043034899863414466,43.55463790893555,414.192138671875,0.19140625,0.9514850378036499,851,4,320,0,60,144
0.748642086982727,40.32627868652344,0.00021635915618389845,155.9471893310547,466.15814208984375,0.23046875,0.9488460421562195,852,4,320,0,60,144
0.3006954789161682,28.930830001831055,0.00014501567056868225,37.43910598754883,459.4137878417969,0.1953125,0.9485412240028381,853,4,320,0,60,144
0.5813405513763428,32.249717712402344,0.00043200328946113586,31.232402801513672,453.9361267089844,0.21875,0.9481533765792847,854,4,320,0,60,144
0.7993536591529846,36.68150329589844,0.0005599773721769452,91.31798553466797,502.5055847167969,0.20703125,0.9507878422737122,855,4,320,0,60,144
0.337893009185791,31.78421974182129,0.00010218490206170827,42.9024772644043,477.0487060546875,0.15625,0.9477110505104065,856,4,320,0,60,144
0.49621960520744324,32.23865509033203,0.0005990925128571689,77.8455810546875,464.4634704589844,0.18359375,0.9482436180114746,857,4,320,0,60,144
0.5439172983169556,37.31358337402344,0.00018570532847661525,43.73262405395508,491.7997131347656,0.12890625,0.9484579563140869,858,4,320,0,60,144
0.5076662302017212,27.180904388427734,0.00033212563721463084,13.075000762939453,462.67095947265625,0.1484375,0.9476763010025024,859,4,320,0,60,144
0.40410321950912476,33.61152267456055,0.00033451837953180075,60.24248504638672,469.8233642578125,0.1484375,0.9471653699874878,860,4,320,0,60,144
0.5889809131622314,32.47578430175781,0.0002546260366216302,74.03034973144531,440.6292419433594,0.19921875,0.9482970833778381,861,4,320,0,60,144
0.5367523431777954,29.26584243774414,0.0003536184667609632,19.19173812866211,446.5491943359375,0.140625,0.9491472840309143,862,4,320,0,60,144
0.5249982476234436,31.376300811767578,0.0007132761529646814,53.981571197509766,452.914794921875,0.1796875,0.9453828930854797,863,4,320,0,60,144
0.2698586583137512,24.594758987426758,0.0001567916333442554,18.257274627685547,505.2825927734375,0.1328125,0.9495469331741333,864,4,320,0,60,144
0.5615681409835815,29.509357452392578,0.00046582729555666447,32.4514274597168,490.47479248046875,0.16796875,0.9482179880142212,865,4,320,0,60,144
0.31227755546569824,30.112411499023438,0.0002605305635370314,17.193832397460938,448.91241455078125,0.15234375,0.9494695663452148,866,4,320,0,60,144
0.5307523012161255,35.769081115722656,0.0005224674241617322,31.076831817626953,520.7607421875,0.21875,0.9516348242759705,867,4,320,0,60,144
0.6747455596923828,28.958898544311523,0.0003166820388287306,23.7464599609375,442.589111328125,0.16796875,0.9504696130752563,868,4,320,0,60,144
0.567444384098053,32.349815368652344,0.00022054126020520926,56.07200622558594,491.16937255859375,0.1953125,0.9470626711845398,869,4,320,0,60,144
0.4212910830974579,24.97506332397461,8.348806295543909e-05,28.285377502441406,402.9339904785156,0.16015625,0.9464575052261353,870,4,320,0,60,144
0.4911254346370697,29.564239501953125,0.0002710038097575307,21.436294555664062,484.4998779296875,0.14453125,0.9459153413772583,871,4,320,0,60,144
0.7005602121353149,42.194313049316406,0.00050339475274086,121.65495300292969,568.0670776367188,0.1953125,0.9512907862663269,872,4,320,0,60,144
0.35097262263298035,25.80172348022461,7.967690180521458e-05,49.824058532714844,441.77557373046875,0.171875,0.9500389695167542,873,4,320,0,60,144
0.45003554224967957,22.547138214111328,0.00021076457051094621,8.718545913696289,421.646484375,0.15625,0.947411835193634,874,4,320,0,60,144
0.2981581389904022,28.76470375061035,0.00022609651205129921,23.121990203857422,455.49609375,0.171875,0.9487909078598022,875,4,320,0,60,144
0.529404878616333,33.209529876708984,0.0006624082452617586,54.14604187011719,442.3297424316406,0.19921875,0.9513021111488342,876,4,320,0,60,144
0.48499596118927,36.30344009399414,0.0004194913781248033,33.732418060302734,623.5930786132812,0.1796875,0.9493514895439148,877,4,320,0,60,144
0.4185672700405121,26.606536865234375,6.664715328952298e-05,16.102611541748047,458.1666259765625,0.1484375,0.9487437605857849,878,4,320,0,60,144
0.6130293011665344,36.59214782714844,9.489307558396831e-05,64.79463195800781,511.73638916015625,0.1953125,0.9499590992927551,879,4,320,0,60,144
0.6467556953430176,44.26836395263672,7.41370749892667e-05,251.16943359375,494.2229919433594,0.171875,0.9481744170188904,880,4,320,0,60,144
0.4965455234050751,30.2935791015625,0.00010250283958157524,32.50193405151367,480.7447509765625,0.19140625,0.9507527351379395,881,4,320,0,60,144
0.30029743909835815,29.576122283935547,0.000107311483589001,48.544342041015625,426.6347351074219,0.19140625,0.9514690041542053,882,4,320,0,60,144
0.34419161081314087,28.505598068237305,0.00012232235167175531,36.989234924316406,498.1981506347656,0.1640625,0.9486664533615112,883,4,320,0,60,144
0.5694820284843445,43.85224151611328,0.00043818162521347404,207.31216430664062,562.56982421875,0.1953125,0.9479838013648987,884,4,320,0,60,144
0.3048066198825836,22.504413604736328,0.0004070497816428542,19.01714324951172,447.4729919433594,0.1484375,0.9486308693885803,885,4,320,0,60,144
0.4946227967739105,30.17328643798828,0.0004540373047348112,22.82952117919922,567.2588500976562,0.16796875,0.945478618144989,886,4,320,0,60,144
0.32136937975883484,34.61098861694336,8.827386773191392e-05,59.07818603515625,555.0021362304688,0.1875,0.9492875337600708,887,4,320,0,60,144
0.3441176414489746,30.980792999267578,8.412032184423879e-05,21.38771629333496,583.7750854492188,0.15234375,0.9497703313827515,888,4,320,0,60,144
0.3066090941429138,24.71780776977539,7.77857712819241e-05,10.06659984588623,478.41961669921875,0.140625,0.9496936202049255,889,4,320,0,60,144
0.31340962648391724,17.95198631286621,0.0004900439525954425,7.542715072631836,420.00994873046875,0.16015625,0.9490152597427368,890,4,320,0,60,144
0.4746025502681732,34.261253356933594,0.00019718582916539162,65.37237548828125,481.3780212402344,0.1796875,0.9492407441139221,891,4,320,0,60,144
0.3032723367214203,28.689590454101562,0.0002745358506217599,34.231224060058594,481.01544189453125,0.16015625,0.9491310715675354,892,4,320,0,60,144
0.5430354475975037,39.35568618774414,0.0005421260138973594,72.12416076660156,604.478759765625,0.19921875,0.949245035648346,893,4,320,0,60,144
0.40789660811424255,22.028594970703125,0.0002447451406624168,4.047519683837891,473.7173156738281,0.140625,0.9481356739997864,894,4,320,0,60,144
0.5306944847106934,43.464454650878906,0.0002283897192683071,237.33657836914062,499.37274169921875,0.20703125,0.9480350613594055,895,4,320,0,60,144
0.368455171585083,28.25669288635254,8.816717308945954e-05,9.647103309631348,448.350830078125,0.15234375,0.9501549005508423,896,4,320,0,60,144
0.42625486850738525,34.22529602050781,0.00014769213157705963,67.69784545898438,506.4438171386719,0.16796875,0.9503912925720215,897,4,320,0,60,144
0.44015878438949585,26.54693603515625,9.765014692675322e-05,16.276708602905273,514.9849853515625,0.15625,0.9487119913101196,898,4,320,0,60,144
0.6564829349517822,30.652502059936523,0.00046570433187298477,41.245296478271484,484.4081726074219,0.171875,0.949169933795929,899,4,320,0,60,144
0.301740825176239,27.20162582397461,0.00026882271049544215,34.91119384765625,449.01446533203125,0.17578125,0.9495428800582886,900,4,320,0,60,144
0.4421212673187256,24.243568420410156,0.00015572342090308666,7.522088050842285,416.2520446777344,0.1640625,0.9470949172973633,901,4,320,0,60,144
0.4967445731163025,34.21177291870117,8.920593245420605e-05,63.62678527832031,492.05010986328125,0.1875,0.9487201571464539,902,4,320,0,60,144
0.6550276279449463,34.44757843017578,3.899364673998207e-05,30.40879249572754,527.0825805664062,0.1796875,0.9507730603218079,903,4,320,0,60,144
0.7850385904312134,31.834409713745117,5.174114630790427e-05,35.43891525268555,522.7798461914062,0.1640625,0.9475096464157104,904,4,320,0,60,144
0.9572136402130127,48.92519760131836,8.811312000034377e-05,239.8477783203125,586.0084838867188,0.21484375,0.9485279321670532,905,4,320,0,60,144
0.5970150828361511,41.364749908447266,0.0001440690248273313,112.39209747314453,557.3314208984375,0.1875,0.9492236375808716,906,4,320,0,60,144
0.457048237323761,28.48220443725586,0.00013084345846436918,49.199649810791016,484.990966796875,0.20703125,0.9494088888168335,907,4,320,0,60,144
0.3171871602535248,27.244815826416016,0.00015278279897756875,7.887881755828857,488.6905517578125,0.140625,0.9472538828849792,908,4,320,0,60,144
0.7561432123184204,45.75074768066406,0.0004683279839809984,147.56361389160156,598.3017578125,0.19921875,0.950804591178894,909,4,320,0,60,144
0.4998093247413635,34.583740234375,0.00022403303592000157,28.339210510253906,566.3333129882812,0.1640625,0.9479470252990723,910,4,320,0,60,144
0.3848625123500824,28.41623878479004,0.00022115845058578998,38.68921661376953,522.1558227539062,0.1875,0.9501877427101135,911,4,320,0,60,144
0.4226762652397156,28.623966217041016,0.00020548560132738203,19.922508239746094,519.0795288085938,0.16796875,0.9489231705665588,912,4,320,0,60,144
0.5674019455909729,43.899864196777344,0.00012250413419678807,156.00082397460938,634.6384887695312,0.203125,0.9482898116111755,913,4,320,0,60,144
0.5322700142860413,32.31465530395508,0.0001134623380494304,39.12916564941406,499.289306640625,0.15234375,0.9484537839889526,914,4,320,0,60,144
0.6066822409629822,30.713340759277344,0.00019906216766685247,20.008193969726562,458.0989074707031,0.16015625,0.9479434490203857,915,4,320,0,60,144
0.3266245424747467,25.55661392211914,0.00025489978725090623,38.04661560058594,442.5701599121094,0.16015625,0.9504698514938354,916,4,320,0,60,144
0.4422110319137573,29.544706344604492,0.00014057409134693444,14.432780265808105,594.6270751953125,0.16796875,0.9494017958641052,917,4,320,0,60,144
0.6038678884506226,42.2591552734375,0.00038756048888899386,196.9074249267578,580.658447265625,0.203125,0.9489879608154297,918,4,320,0,60,144
0.6592472195625305,34.60361099243164,0.00034192364546470344,21.54904556274414,616.8684692382812,0.140625,0.9504439830780029,919,4,320,0,60,144
0.42882758378982544,27.783105850219727,0.00013470073463395238,21.416288375854492,475.4635009765625,0.171875,0.9496527314186096,920,4,320,0,60,144
0.4187120795249939,30.46186065673828,5.207586946198717e-05,15.517303466796875,581.7086181640625,0.1328125,0.9511387348175049,921,4,320,0,60,144
0.7513490319252014,40.87633514404297,0.0006063705077394843,92.85091400146484,677.6624755859375,0.19921875,0.9481725096702576,922,4,320,0,60,144
0.38173970580101013,29.955684661865234,0.00023443831014446914,20.977916717529297,490.371826171875,0.17578125,0.9481025338172913,923,4,320,0,60,144
0.357185423374176,37.05215072631836,0.00040094208088703454,117.07080078125,515.660888671875,0.203125,0.9533418416976929,924,4,320,0,60,144
0.542522132396698,36.59953308105469,0.00024541752645745873,67.19094848632812,593.534423828125,0.17578125,0.948643147945404,925,4,320,0,60,144
0.7438254356384277,31.744388580322266,0.00011248282680753618,23.411643981933594,608.2305908203125,0.1640625,0.94825279712677,926,4,320,0,60,144
0.5605068802833557,35.068756103515625,0.00021818690584041178,58.87507247924805,571.7258911132812,0.1953125,0.9469327330589294,927,4,320,0,60,144
0.29775136709213257,22.079532623291016,0.00028705084696412086,13.748754501342773,430.486572265625,0.17578125,0.9487892389297485,928,4,320,0,60,144
0.4789327383041382,34.69853210449219,0.00026374327717348933,29.039642333984375,555.639404296875,0.19140625,0.9470529556274414,929,4,320,0,60,144
0.8000123500823975,38.3157844543457,0.000303808570606634,89.02580261230469,515.6103515625,0.2109375,0.9516585469245911,930,4,320,0,60,144
0.46076327562332153,36.66946029663086,0.0002528916229493916,41.002174377441406,509.95208740234375,0.1875,0.9491156339645386,931,4,320,0,60,144
0.5818700790405273,28.457111358642578,0.00012510313536040485,14.67016315460205,510.3686218261719,0.1640625,0.9453398585319519,932,4,320,0,60,144
0.6814897656440735,51.69518280029297,0.00035286654019728303,247.16195678710938,657.20751953125,0.23828125,0.9497696757316589,933,4,320,0,60,144
0.7083921432495117,44.19865798950195,9.730157034937292e-05,68.92105102539062,592.6922607421875,0.1875,0.949871838092804,934,4,320,0,60,144
0.5861722826957703,33.41820526123047,0.00017120051779784262,32.23764419555664,543.4642944335938,0.1953125,0.9479318261146545,935,4,320,0,60,144
0.3759576678276062,27.334392547607422,0.0003174248558934778,37.62753677368164,493.4993591308594,0.1484375,0.9494684338569641,936,4,320,0,60,144
0.4542497992515564,31.97533416748047,9.150960249826312e-05,82.7912826538086,408.82513427734375,0.1640625,0.9483088254928589,937,5,400,0,80,182
0.43772077560424805,27.512248992919922,4.664699372369796e-05,27.011356353759766,487.1228942871094,0.17578125,0.9498077034950256,938,5,400,0,80,182
0.5371224880218506,34.148292541503906,0.00047332514077425003,157.10325622558594,373.29864501953125,0.2109375,0.9474934339523315,939,5,400,0,80,182
0.382432222366333,22.336666107177734,5.453971971292049e-05,8.972902297973633,395.6095886230469,0.15234375,0.9474250674247742,940,5,400,0,80,182
0.31826937198638916,22.656383514404297,0.00046280777314677835,30.68887710571289,377.4303283691406,0.1953125,0.9498631358146667,941,5,400,0,80,182
0.5524792075157166,28.30844497680664,0.00016265848535113037,58.65111541748047,465.2255554199219,0.19140625,0.9500479698181152,942,5,400,0,80,182
0.5982958078384399,42.60332489013672,0.00010745511099230498,143.41259765625,566.3485107421875,0.19140625,0.9493841528892517,943,5,400,0,80,182
0.11373067647218704,15.007511138916016,0.0001568831503391266,4.663607597351074,405.68511962890625,0.1171875,0.946674644947052,944,5,400,0,80,182
0.4685894548892975,25.07830047607422,0.00021772622130811214,21.940040588378906,451.7269592285156,0.15234375,0.9508106708526611,945,5,400,0,80,182
0.410143107175827,25.53226089477539,9.037400741362944e-05,8.325716972351074,434.8486633300781,0.1484375,0.949887752532959,946,5,400,0,80,182
0.40023067593574524,24.84096336364746,7.577394717372954e-05,33.44645690917969,412.19287109375,0.1640625,0.9506416320800781,947,5,400,0,80,182
0.5466490983963013,25.68163299560547,0.00023637068807147443,22.110422134399414,527.6902465820312,0.1796875,0.9493358135223389,948,5,400,0,80,182
0.4194389581680298,30.539339065551758,0.00029917326173745096,67.73419189453125,408.2701110839844,0.171875,0.9498058557510376,949,5,400,0,80,182
0.4080292582511902,26.165658950805664,0.00017195100372191519,35.086883544921875,418.7340393066406,0.15625,0.9490877389907837,950,5,400,0,80,182
0.46405792236328125,31.829769134521484,0.000139673677040264,83.76327514648438,400.6265563964844,0.1796875,0.9489696621894836,951,5,400,0,80,182
0.3891321122646332,21.22683334350586,0.0002852408797480166,5.64796257019043,433.8917541503906,0.1484375,0.9490929841995239,952,5,400,0,80,182
0.44647252559661865,31.208995819091797,0.00039557943819090724,69.26768493652344,438.5857238769531,0.1875,0.948137104511261,953,5,400,0,80,182
0.3517638146877289,22.679929733276367,0.00010846444638445973,18.959327697753906,399.8235778808594,0.16796875,0.9505389928817749,954,5,400,0,80,182
0.37596800923347473,26.469499588012695,0.0002921244013123214,52.710350036621094,414.3530578613281,0.171875,0.9461230039596558,955,5,400,0,80,182
0.46504467725753784,35.62430953979492,0.00030958213028497994,155.93634033203125,470.2467041015625,0.2109375,0.9497643113136292,956,5,400,0,80,182
0.45342308282852173,28.868654251098633,0.0001960781228262931,35.655879974365234,390.4079895019531,0.14453125,0.9466403722763062,957,5,400,0,80,182
0.3994181454181671,20.140060424804688,0.00022054597502574325,12.049596786499023,451.3570556640625,0.16015625,0.950110673904419,958,5,400,0,80,182
0.2669373154640198,23.927227020263672,9.090258390642703e-05,25.227920532226562,434.32086181640625,0.171875,0.9501041769981384,959,5,400,0,80,182
0.4287380278110504,20.048442840576172,0.00012354350474197417,4.284093856811523,435.3317565917969,0.1328125,0.9490280747413635,960,5,400,0,80,182
0.5544153451919556,33.261985778808594,8.813000749796629e-05,70.53057861328125,408.5541076660156,0.19921875,0.9482734203338623,961,5,400,0,80,182
0.5605630278587341,23.470373153686523,7.136430940590799e-05,25.872112274169922,503.8504333496094,0.14453125,0.9474176168441772,962,5,400,0,80,182
0.3884153366088867,24.208789825439453,0.00014788085536565632,15.15095329284668,483.87640380859375,0.1484375,0.9474678039550781,963,5,400,0,80,182
0.4211347699165344,27.96051788330078,0.00017596944235265255,28.902969360351562,491.1136169433594,0.15625,0.9504958987236023,964,5,400,0,80,182
0.2791331112384796,24.39170265197754,0.00010389272210886702,11.089113235473633,546.1290893554688,0.13671875,0.9480866193771362,965,5,400,0,80,182
0.5591176152229309,32.543819427490234,0.0003691149759106338,46.926513671875,602.1775512695312,0.17578125,0.950336217880249,966,5,400,0,80,182
0.6582270860671997,34.44770050048828,0.000537690706551075,137.76321411132812,431.9703369140625,0.2109375,0.9490765333175659,967,5,400,0,80,182
0.6561557054519653,39.68960189819336,0.0001907697005663067,161.42965698242188,535.4610595703125,0.17578125,0.9464686512947083,968,5,400,0,80,182
0.808288037776947,30.43022918701172,4.399761382956058e-05,16.672000885009766,494.57855224609375,0.16796875,0.9510695934295654,969,5,400,0,80,182
0.4500653147697449,33.56593322753906,0.00017289361858274788,62.15050506591797,418.52105712890625,0.16015625,0.946965217590332,970,5,400,0,80,182
0.26453033089637756,16.386812210083008,7.039301272016019e-05,3.257819890975952,432.4889221191406,0.13671875,0.9515911340713501,971,5,400,0,80,182
0.5862278342247009,36.4925422668457,0.0006279164226725698,118.77171325683594,477.17144775390625,0.22265625,0.9483811259269714,972,5,400,0,80,182
0.41967859864234924,26.348283767700195,0.00012999179307371378,53.485260009765625,410.3834228515625,0.19921875,0.9494925141334534,973,5,400,0,80,182
0.45646989345550537,28.647144317626953,0.0002704882062971592,38.649253845214844,427.7138366699219,0.18359375,0.952142059803009,974,5,400,0,80,182
0.4451751112937927,26.828603744506836,7.214759534690529e-05,66.41242980957031,439.2737731933594,0.19140625,0.9483558535575867,975,5,400,0,80,182
0.39530450105667114,24.06778907775879,0.00011569781054276973,56.169376373291016,386.19329833984375,0.17578125,0.9480445981025696,976,5,400,0,80,182
0.46367791295051575,26.938011169433594,6.641085201408714e-05,12.806652069091797,467.5486755371094,0.171875,0.9494478702545166,977,5,400,0,80,182
1.0201680660247803,50.252235412597656,0.0003331101906951517,260.96820068359375,453.8683776855469,0.25390625,0.9485645294189453,978,5,400,0,80,182
0.16704316437244415,17.20301055908203,0.00011969306069659069,14.50572395324707,411.5963134765625,0.16015625,0.9501484036445618,979,5,400,0,80,182
0.4991414248943329,34.389183044433594,9.113784471992403e-05,37.49808883666992,560.4655151367188,0.16015625,0.9491137266159058,980,5,400,0,80,182
0.24880348145961761,22.160442352294922,0.00022699062537867576,6.2496514320373535,403.09796142578125,0.13671875,0.9496694803237915,981,5,400,0,80,182
0.5815521478652954,25.627643585205078,4.9147514801006764e-05,10.764591217041016,399.8846130371094,0.1328125,0.9512208104133606,982,5,400,0,80,182
0.674942135810852,39.276519775390625,0.00018225084932055324,162.70257568359375,420.5205993652344,0.1796875,0.9480793476104736,983,5,400,0,80,182
0.5469515323638916,34.29131317138672,0.00020830146968364716,120.0985107421875,404.5079650878906,0.20703125,0.94752037525177,984,5,400,0,80,182
0.3878912925720215,24.762540817260742,0.00018996052676811814,22.80300521850586,427.8672790527344,0.16796875,0.949553906917572,985,5,400,0,80,182
0.4883599281311035,28.87680435180664,0.00012919690925627947,18.49527359008789,437.0016174316406,0.1640625,0.9508289098739624,986,5,400,0,80,182
0.15202686190605164,19.993663787841797,0.00024453175137750804,13.786520004272461,400.49072265625,0.16015625,0.9484884738922119,987,5,400,0,80,182
0.6490603089332581,37.54674530029297,0.0003360018599778414,104.0845947265625,485.07037353515625,0.2109375,0.9470618367195129,988,5,400,0,80,182
0.5732190012931824,30.916095733642578,0.0002648028894327581,37.869049072265625,448.46343994140625,0.19140625,0.9488980770111084,989,5,400,0,80,182
0.5486765503883362,25.173770904541016,0.00017721884069032967,33.84453582763672,474.2896423339844,0.171875,0.9486363530158997,990,5,400,0,80,182
0.40688949823379517,21.824092864990234,3.929278318537399e-05,5.600038528442383,425.0120544433594,0.13671875,0.9497494101524353,991,5,400,0,80,182
0.639317512512207,32.99681091308594,0.00022849871311336756,62.7298583984375,502.46917724609375,0.1875,0.948340117931366,992,5,400,0,80,182
0.43434664607048035,22.822114944458008,8.41527507873252e-05,23.93955421447754,400.8522033691406,0.15234375,0.9490497708320618,993,5,400,0,80,182
0.36092638969421387,32.59438705444336,7.858063327148557e-05,102.09274291992188,430.47113037109375,0.1640625,0.9486907124519348,994,5,400,0,80,182
0.47738975286483765,33.71847915649414,8.367514965357259e-05,30.006732940673828,482.79364013671875,0.171875,0.9469115734100342,995,5,400,0,80,182
0.4219357669353485,22.838470458984375,0.00012273454922251403,4.215677738189697,457.0987243652344,0.140625,0.9511608481407166,996,5,400,0,80,182
0.5659286379814148,35.01533508300781,0.0002950055350083858,77.24256896972656,445.3219299316406,0.171875,0.9488331079483032,997,5,400,0,80,182
0.3660339117050171,26.924671173095703,0.00023488723672926426,20.681381225585938,421.59600830078125,0.16015625,0.9467230439186096,998,5,400,0,80,182
0.3158288598060608,23.044513702392578,0.00014526811719406396,25.335010528564453,418.3169860839844,0.17578125,0.9515222907066345,999,5,400,0,80,182
0.6048539876937866,30.709505081176758,5.3667532483814284e-05,20.322086334228516,456.19671630859375,0.15234375,0.9464253783226013,1000,5,400,0,80,182
0.6117855310440063,35.30973815917969,0.0001087716591428034,126.6941909790039,428.17572021484375,0.18359375,0.9510183930397034,1001,5,400,0,80,182
0.4165165424346924,28.72066307067871,9.10519011085853e-05,46.031044006347656,446.3767395019531,0.1796875,0.9491221308708191,1002,5,400,0,80,182
0.23337997496128082,18.447811126708984,0.000532561622094363,7.609513759613037,335.3117370605469,0.16015625,0.946296215057373,1003,5,400,0,80,182
0.31611043214797974,24.603961944580078,6.02809595875442e-05,6.744145393371582,554.7490234375,0.1484375,0.9480565786361694,1004,5,400,0,80,182
0.49806249141693115,29.016347885131836,0.0003611686988733709,52.34136962890625,432.895263671875,0.1640625,0.9491773247718811,1005,5,400,0,80,182
0.36815929412841797,25.25522804260254,0.00028628791915252805,12.501747131347656,446.1607360839844,0.15625,0.9457083344459534,1006,5,400,0,80,182
0.3166973888874054,26.512508392333984,0.00010289803321938962,32.84819793701172,533.5384521484375,0.171875,0.9477103352546692,1007,5,400,0,80,182
0.3912493884563446,29.537906646728516,7.658700633328408e-05,61.85431671142578,418.4064636230469,0.20703125,0.9495465159416199,1008,5,400,0,80,182
0.5759404897689819,32.4359130859375,0.0001763032196322456,57.04165267944336,528.2014770507812,0.1640625,0.9492252469062805,1009,5,400,0,80,182
0.5037309527397156,27.849407196044922,0.00011237274156883359,55.00191879272461,508.5234680175781,0.19140625,0.9485392570495605,1010,5,400,0,80,182
0.43653982877731323,32.87897491455078,0.00013215839862823486,75.12861633300781,498.2716064453125,0.16015625,0.9503862857818604,1011,5,400,0,80,182
0.4672165513038635,34.169437408447266,0.0001242034777533263,145.2740478515625,470.8817138671875,0.203125,0.9535225033760071,1012,5,400,0,80,182
0.5293266773223877,26.41739273071289,0.00013555875921156257,31.53211784362793,413.1791687011719,0.1796875,0.946618914604187,1013,5,400,0,80,182
0.3440472185611725,24.784385681152344,8.096640522126108e-05,7.348400115966797,582.55029296875,0.125,0.9496631026268005,1014,5,400,0,80,182
0.4726391136646271,31.297609329223633,7.671268394915387e-05,39.948974609375,518.1822509765625,0.171875,0.9496917724609375,1015,5,400,0,80,182
0.19140541553497314,15.358993530273438,3.607142934924923e-05,2.301478862762451,433.43359375,0.12109375,0.9477187395095825,1016,5,400,0,80,182
0.3819941282272339,24.967897415161133,0.00017571559874340892,12.571027755737305,431.7191162109375,0.171875,0.94637131690979,1017,5,400,0,80,182
0.43091636896133423,19.641128540039062,5.1260947657283396e-05,4.182950019836426,433.96966552734375,0.125,0.9502817988395691,1018,5,400,0,80,182
0.47103869915008545,30.622108459472656,7.431743142660707e-05,53.35980224609375,486.91314697265625,0.171875,0.9528343081474304,1019,5,400,0,80,182
0.6383826732635498,37.08167266845703,0.00015781437105033547,83.03471374511719,470.39813232421875,0.171875,0.9506163597106934,1020,5,400,0,80,182
0.4089730679988861,41.44322204589844,0.00015852125943638384,138.9853973388672,568.0443725585938,0.2109375,0.9489041566848755,1021,5,400,0,80,182
0.2249138355255127,19.333436965942383,1.9465342120383866e-05,18.386367797851562,367.4030456542969,0.14453125,0.9492624402046204,1022,5,400,0,80,182
0.6335954666137695,33.56438064575195,7.070500578265637e-05,93.54579162597656,467.68572998046875,0.1796875,0.9501016736030579,1023,5,400,0,80,182
0.5267646312713623,29.267423629760742,9.566679364070296e-05,31.705429077148438,421.1986999511719,0.1953125,0.948212206363678,1024,5,400,0,80,182
0.5042843818664551,37.44843292236328,0.00017426707199774683,103.73104095458984,539.8733520507812,0.17578125,0.9494520425796509,1025,5,400,0,80,182
0.2809447646141052,23.349681854248047,0.000124789570691064,20.38619613647461,396.3898620605469,0.15625,0.9473893642425537,1026,5,400,0,80,182
0.21841570734977722,16.65680694580078,0.00010282939183525741,4.059557914733887,380.10089111328125,0.1328125,0.9496937394142151,1027,5,400,0,80,182
0.1918271780014038,20.666332244873047,7.270975038409233e-05,14.019947052001953,413.4832763671875,0.1484375,0.9462767839431763,1028,5,400,0,80,182
0.4964207410812378,27.668033599853516,0.00020111448247916996,46.98259735107422,437.72796630859375,0.1875,0.9490890502929688,1029,5,400,0,80,182
0.597430408000946,31.74199676513672,0.00012128671369282529,34.99087905883789,435.3727722167969,0.1640625,0.9503055214881897,1030,5,400,0,80,182
0.6207947731018066,30.110855102539062,9.199460328090936e-05,22.41497802734375,476.69390869140625,0.1796875,0.9496577978134155,1031,5,400,0,80,182
0.4914010167121887,37.83358383178711,0.0002879597886931151,109.56477355957031,579.766845703125,0.1796875,0.9503437280654907,1032,5,400,0,80,182
0.6330341100692749,39.58029556274414,0.00017880703671835363,130.70391845703125,515.4500122070312,0.1875,0.9522591829299927,1033,5,400,0,80,182
0.7211588621139526,26.246532440185547,4.234635707689449e-05,11.16180419921875,450.01239013671875,0.12109375,0.9505387544631958,1034,5,400,0,80,182
0.2605714201927185,19.12828826904297,4.342208558227867e-05,1.7962441444396973,399.2646179199219,0.12890625,0.9502534866333008,1035,5,400,0,80,182
0.7103427648544312,40.8740234375,0.00023876193154137582,152.769287109375,519.248046875,0.21484375,0.9501450061798096,1036,5,400,0,80,182
0.3043462634086609,20.687368392944336,0.00025150153669528663,5.908527851104736,437.7825622558594,0.140625,0.9483482241630554,1037,5,400,0,80,182
0.43818536400794983,34.43330001831055,0.0003645206452347338,77.38482666015625,493.7099609375,0.18359375,0.9474973082542419,1038,5,400,0,80,182
0.4754297137260437,31.045116424560547,8.872503531165421e-05,47.71397399902344,452.0278015136719,0.1796875,0.9477729201316833,1039,5,400,0,80,182
0.5215608477592468,36.079505920410156,0.00048022158443927765,125.84416961669922,545.0392456054688,0.21484375,0.950694739818573,1040,5,400,0,80,182
0.46461015939712524,33.67219543457031,0.00011764650116674602,71.6015625,486.89324951171875,0.1640625,0.947350800037384,1041,5,400,0,80,182
0.20693393051624298,11.248571395874023,1.1063282727263868e-05,0.22793126106262207,327.7103271484375,0.0859375,0.9480785131454468,1042,5,400,0,80,182
0.5045583248138428,25.702909469604492,5.227895962889306e-05,11.495260238647461,442.3182067871094,0.14453125,0.9490660429000854,1043,5,400,0,80,182
0.45418697595596313,26.416515350341797,6.643933738814667e-05,25.796253204345703,411.4814147949219,0.18359375,0.9498907923698425,1044,5,400,0,80,182
0.28516072034835815,29.938602447509766,0.00013555455370806158,61.14679718017578,520.1432495117188,0.17578125,0.9501519799232483,1045,5,400,0,80,182
0.3335146903991699,26.21841812133789,4.4463839003583416e-05,10.253877639770508,430.5829162597656,0.15625,0.9495181441307068,1046,5,400,0,80,182
0.10650914907455444,12.55813980102539,5.662014154950157e-05,1.528518795967102,310.66571044921875,0.109375,0.9501531720161438,1047,5,400,0,80,182
0.3408244550228119,25.274906158447266,1.2370279364404269e-05,9.562889099121094,479.0916748046875,0.140625,0.9506199359893799,1048,5,400,0,80,182
0.5610827207565308,28.150754928588867,7.047213148325682e-05,27.962379455566406,462.2135009765625,0.1328125,0.9477521181106567,1049,5,400,0,80,182
0.5903024673461914,29.00733757019043,0.00011529967014212161,40.01538848876953,420.8166198730469,0.16015625,0.9469804763793945,1050,5,400,0,80,182
0.3917207717895508,23.11845588684082,3.261260280851275e-05,5.736924171447754,467.647705078125,0.14453125,0.9509467482566833,1051,5,400,0,80,182
0.541220486164093,27.11362075805664,0.00020591693464666605,8.97564697265625,486.8340148925781,0.15625,0.947242259979248,1052,5,400,0,80,182
0.3941812217235565,23.606428146362305,0.0002174290711991489,25.559120178222656,422.348388671875,0.18359375,0.9504354000091553,1053,5,400,0,80,182
0.4096474051475525,30.294952392578125,6.910538650117815e-05,14.74889087677002,512.7982177734375,0.16015625,0.948026180267334,1054,5,400,0,80,182
0.4663834273815155,32.23263931274414,0.0005515266093425453,51.54790496826172,452.886474609375,0.1875,0.9470776319503784,1055,5,400,0,80,182
0.28986310958862305,22.262901306152344,0.0002390502777416259,2.834331512451172,380.9995422363281,0.12890625,0.9506731033325195,1056,5,400,0,80,182
0.5114712715148926,33.569580078125,0.0005772205768153071,24.755435943603516,526.3848266601562,0.16015625,0.9507302641868591,1057,5,400,0,80,182
0.8070015907287598,33.5659065246582,0.0003039747825823724,39.30918884277344,495.336669921875,0.18359375,0.948729395866394,1058,5,400,0,80,182
0.4005698561668396,19.972190856933594,0.00012645487731788307,10.505361557006836,407.07110595703125,0.13671875,0.9484153985977173,1059,5,400,0,80,182
0.4034462571144104,34.68247604370117,0.00042994474642910063,91.7691650390625,519.1527099609375,0.1796875,0.9521297216415405,1060,5,400,0,80,182
0.6606582999229431,37.45718765258789,0.0003999402979388833,78.43919372558594,489.91058349609375,0.20703125,0.9502701163291931,1061,5,400,0,80,182
0.7594534754753113,45.30945587158203,0.0004832313279621303,184.3755645751953,632.1259765625,0.19921875,0.9489887356758118,1062,5,400,0,80,182
0.4338964819908142,23.066246032714844,0.0006434256210923195,10.546775817871094,471.8506774902344,0.18359375,0.949295163154602,1063,5,400,0,80,182
0.34649497270584106,25.931358337402344,0.0007916329195722938,19.924571990966797,439.4055480957031,0.1875,0.9507810473442078,1064,5,400,0,80,182
0.38322269916534424,25.548437118530273,0.0002267434319946915,2.7618584632873535,483.75653076171875,0.13671875,0.9493089318275452,1065,5,400,0,80,182
0.5075785517692566,32.00920867919922,7.028772961348295e-05,18.083717346191406,486.265625,0.1328125,0.9468181729316711,1066,5,400,0,80,182
0.43113231658935547,28.732803344726562,0.0003712325997184962,19.301189422607422,480.8258056640625,0.1875,0.9498889446258545,1067,5,400,0,80,182
0.471748411655426,29.75420379638672,0.00018706751870922744,23.049911499023438,448.9790344238281,0.15234375,0.9490907788276672,1068,5,400,0,80,182
0.44628939032554626,36.91040802001953,0.00032987084705382586,170.50967407226562,474.27740478515625,0.17578125,0.9495542049407959,1069,5,400,0,80,182
0.5975176095962524,27.98691177368164,0.0002103451988659799,25.41787338256836,455.5523986816406,0.171875,0.9484803676605225,1070,5,400,0,80,182
0.4219074845314026,28.350099563598633,0.00014929981261957437,10.053062438964844,512.7733764648438,0.1328125,0.9454523324966431,1071,5,400,0,80,182
0.3350369930267334,24.874019622802734,0.00017478890367783606,24.17132568359375,436.6629638671875,0.16015625,0.9491788148880005,1072,5,400,0,80,182
0.4644118845462799,30.941722869873047,0.0003203650703653693,33.05384063720703,485.6648254394531,0.1796875,0.9498583078384399,1073,5,400,0,80,182
0.3706987202167511,28.162921905517578,0.0002960491110570729,10.168694496154785,489.5911865234375,0.16796875,0.9483770728111267,1074,5,400,0,80,182
0.5661811232566833,28.64485740661621,0.00011252658441662788,8.025152206420898,531.3760375976562,0.1484375,0.9495157599449158,1075,5,400,0,80,182
0.33782970905303955,18.01883888244629,8.297896420117468e-05,3.3984689712524414,421.1160888671875,0.13671875,0.9503572583198547,1076,5,400,0,80,182
0.4515437185764313,26.91351318359375,0.00018648176046554,24.468387603759766,457.6274108886719,0.18359375,0.9494076371192932,1077,5,400,0,80,182
0.1923253834247589,16.595535278320312,0.00011635033297352493,3.006730556488037,429.3339538574219,0.125,0.9506906270980835,1078,5,400,0,80,182
0.5460911989212036,40.98383712768555,0.00015758512017782778,158.90579223632812,573.7401733398438,0.171875,0.9504697322845459,1079,5,400,0,80,182
0.45931684970855713,33.5780029296875,0.00020490141469053924,70.11050415039062,531.9878540039062,0.16015625,0.9502846598625183,1080,5,400,0,80,182
0.34954744577407837,23.921184539794922,0.00011009059380739927,9.057683944702148,447.95025634765625,0.1484375,0.9495272636413574,1081,5,400,0,80,182
0.30994656682014465,24.159320831298828,0.0001397940213792026,18.95772933959961,500.4819030761719,0.16796875,0.9493025541305542,1082,5,400,0,80,182
0.448386013507843,40.80682373046875,0.00011002484825439751,75.11111450195312,633.26904296875,0.1953125,0.9510210156440735,1083,5,400,0,80,182
0.5187501907348633,31.120399475097656,0.0001797426084522158,9.129459381103516,550.6444091796875,0.171875,0.950630247592926,1084,5,400,0,80,182
0.5090314149856567,23.979408264160156,0.00011013279436156154,3.809488296508789,471.8665466308594,0.140625,0.9505323171615601,1085,5,400,0,80,182
0.4394829273223877,39.607295989990234,7.466864917660132e-05,46.996826171875,600.3681030273438,0.1796875,0.9475257992744446,1086,5,400,0,80,182
0.5780797004699707,38.404685974121094,0.00019798886205535382,93.69943237304688,570.6514892578125,0.1953125,0.9502304792404175,1087,5,400,0,80,182
0.28394755721092224,29.681739807128906,0.00010964293323922902,7.404902935028076,435.133056640625,0.1484375,0.9501662254333496,1088,5,400,0,80,182
0.5924776792526245,31.58349609375,0.00021505246695596725,24.430831909179688,497.2349853515625,0.171875,0.9502330422401428,1089,5,400,0,80,182
0.3109857141971588,19.633888244628906,0.00016400039021391422,8.749678611755371,408.68865966796875,0.12890625,0.9467179179191589,1090,5,400,0,80,182
0.3495211601257324,27.331607818603516,5.676396540366113e-05,9.069870948791504,571.8082275390625,0.14453125,0.9499660134315491,1091,5,400,0,80,182
0.21692171692848206,21.35782241821289,0.0001646893215365708,19.382795333862305,471.3174743652344,0.1484375,0.9508119225502014,1092,5,400,0,80,182
0.3948242664337158,26.85700225830078,7.516417826991528e-05,17.410202026367188,508.95989990234375,0.16015625,0.9489315152168274,1093,5,400,0,80,182
0.4648786783218384,35.88642883300781,9.36486612772569e-05,89.01710510253906,476.37445068359375,0.1953125,0.9483139514923096,1094,5,400,0,80,182
0.6612566709518433,36.34960174560547,7.83110735937953e-05,18.184921264648438,661.8258056640625,0.15625,0.9504215717315674,1095,5,400,0,80,182
0.5185426473617554,25.899682998657227,0.00017039271187968552,7.450057029724121,452.15545654296875,0.14453125,0.9490857720375061,1096,5,400,0,80,182
0.3304145932197571,22.692909240722656,0.00016974096070043743,16.910974502563477,466.5568542480469,0.15234375,0.9490571022033691,1097,5,400,0,80,182
0.18896827101707458,18.642154693603516,0.00011040751996915787,14.082000732421875,389.5044860839844,0.16015625,0.9528361558914185,1098,5,400,0,80,182
0.4950389862060547,29.201663970947266,0.0002436171198496595,30.68613052368164,480.0440673828125,0.1796875,0.9476584792137146,1099,5,400,0,80,182
0.5511177778244019,29.81454849243164,0.0001006877573672682,80.1009521484375,473.3741760253906,0.1875,0.9508046507835388,1100,5,400,0,80,182
0.579683244228363,30.183679580688477,6.930674135219306e-05,6.160870552062988,507.2279968261719,0.125,0.9474136829376221,1101,5,400,0,80,182
0.29822713136672974,28.891437530517578,0.00022219949460122734,15.569063186645508,538.0780639648438,0.15625,0.9489567875862122,1102,5,400,0,80,182
0.593168318271637,27.119728088378906,0.000116579161840491,6.471007347106934,464.45703125,0.171875,0.9484724402427673,1103,5,400,0,80,182
0.5556478500366211,38.07508850097656,9.934770787367597e-05,109.71421813964844,509.3904724121094,0.19921875,0.9479648470878601,1104,5,400,0,80,182
0.5312976837158203,35.18678283691406,6.807025783928111e-05,34.614253997802734,645.0917358398438,0.19921875,0.9489591121673584,1105,5,400,0,80,182
0.5926530361175537,40.67040252685547,7.955382170621306e-05,146.17001342773438,536.0350341796875,0.19921875,0.9487935900688171,1106,5,400,0,80,182
0.25930356979370117,19.013629913330078,5.353784217732027e-05,4.440507888793945,431.2932434082031,0.1484375,0.950728178024292,1107,5,400,0,80,182
0.4689673185348511,25.14972686767578,0.0003020443255081773,12.430850982666016,418.2002868652344,0.1640625,0.9500482082366943,1108,5,400,0,80,182
0.6360360383987427,37.05467224121094,7.139518857002258e-05,99.70326232910156,475.2662353515625,0.19140625,0.9476104378700256,1109,5,400,0,80,182
0.6550017595291138,40.886016845703125,0.0003191296709701419,170.89451599121094,514.9700927734375,0.2109375,0.9465379118919373,1110,5,400,0,80,182
0.34507113695144653,27.163881301879883,9.411368955625221e-05,7.735461235046387,555.0076904296875,0.1484375,0.9489507079124451,1111,5,400,0,80,182
0.47294145822525024,33.72380447387695,6.085895438445732e-05,78.0135269165039,498.3865051269531,0.19140625,0.9484661817550659,1112,5,400,0,80,182
0.39926308393478394,30.562694549560547,7.892205758253112e-05,37.05936813354492,516.8311767578125,0.140625,0.9518092274665833,1113,5,400,0,80,182
0.21376821398735046,20.059749603271484,3.955806459998712e-05,2.5951051712036133,465.1562805175781,0.1171875,0.9477263689041138,1114,5,400,0,80,182
0.5887361764907837,39.575103759765625,4.403913044370711e-05,144.0394287109375,507.7536926269531,0.19140625,0.950103759765625,1115,5,400,0,80,182
0.38201653957366943,28.586750030517578,0.0001556870702188462,15.029449462890625,473.1861267089844,0.15625,0.9482997059822083,1116,5,400,0,80,182
0.29612940549850464,25.092761993408203,5.154762038728222e-05,4.152510643005371,484.6902770996094,0.1484375,0.9466070532798767,1117,5,400,0,80,182
0.2738264203071594,33.025306701660156,4.4855198211735114e-05,23.57837677001953,617.7900390625,0.14453125,0.9463421702384949,1118,5,400,0,80,182
0.358629047870636,32.43840408325195,1.902979420265183e-05,7.172826766967773,546.8576049804688,0.14453125,0.9505553841590881,1119,5,400,0,80,182
0.28175193071365356,21.46713638305664,0.00015058554708957672,14.558809280395508,447.9473571777344,0.14453125,0.9491916298866272,1120,5,400,0,80,182
0.4532861113548279,32.25951385498047,6.074548582546413e-05,13.09506607055664,516.1554565429688,0.1484375,0.9495781064033508,1121,5,400,0,80,182
0.3940165638923645,35.76971435546875,0.00017418584320694208,22.828371047973633,497.3497619628906,0.16015625,0.9477864503860474,1122,5,400,0,80,182
0.3983735740184784,35.44358444213867,9.609181142877787e-05,12.266555786132812,569.9085083007812,0.16796875,0.9531465172767639,1123,5,400,0,80,182
0.6380655765533447,32.366615295410156,6.784981087548658e-05,20.002517700195312,513.68017578125,0.1484375,0.952124834060669,1124,5,400,0,80,182
0.5706555843353271,30.01976776123047,0.00014476815704256296,23.568439483642578,443.89556884765625,0.15625,0.9503404498100281,1125,5,400,0,80,182
0.2879244387149811,23.477975845336914,5.200066516408697e-05,13.856579780578613,426.1500549316406,0.1328125,0.9492717385292053,1126,5,400,0,80,182
0.4396384358406067,27.843135833740234,0.00019625644199550152,6.066843032836914,565.096435546875,0.1484375,0.9480395913124084,1127,5,400,0,80,182
0.4477559030056,31.06289291381836,0.0004279522108845413,30.707782745361328,555.2897338867188,0.18359375,0.9515689611434937,1128,5,400,0,80,182
0.31588563323020935,29.930625915527344,0.00018239454948343337,35.778724670410156,443.8736877441406,0.171875,0.9499601125717163,1129,5,400,0,80,182
0.2214639037847519,21.7753849029541,0.00021948218636680394,24.298925399780273,402.33489990234375,0.17578125,0.9489811062812805,1130,5,400,0,80,182
0.4642491340637207,32.398292541503906,0.00021795404609292746,20.173330307006836,651.1056518554688,0.171875,0.9496821761131287,1131,5,400,0,80,182
0.47553905844688416,32.71003723144531,0.0003709403099492192,57.110347747802734,495.9444274902344,0.1875,0.9466181397438049,1132,5,400,0,80,182
0.2954486012458801,21.31523895263672,0.00022993708262220025,5.738134384155273,467.5155029296875,0.171875,0.9483266472816467,1133,5,400,0,80,182
0.62468421459198,37.08918762207031,0.00010797528375405818,79.46176147460938,522.3297729492188,0.17578125,0.9506509900093079,1134,5,400,0,80,182
0.6171663403511047,29.29085350036621,9.788502211449668e-05,6.945406913757324,567.7081909179688,0.14453125,0.9511189460754395,1135,5,400,0,80,182
0.34761059284210205,21.38848304748535,4.850129334954545e-05,6.524547576904297,499.9457702636719,0.13671875,0.9484909176826477,1136,5,400,0,80,182
0.33787238597869873,19.848548889160156,0.0002301808272022754,12.310320854187012,519.136962890625,0.171875,0.9505468606948853,1137,5,400,0,80,182
0.40947425365448,30.342723846435547,0.00014289974933490157,17.030061721801758,493.7117004394531,0.16015625,0.9489096403121948,1138,5,400,0,80,182
0.49337297677993774,32.14866638183594,4.022563371108845e-05,14.648966789245605,516.1245727539062,0.14453125,0.9510872960090637,1139,5,400,0,80,182
0.3410351872444153,25.531776428222656,8.747553511057049e-05,5.051840782165527,563.7149658203125,0.1328125,0.948786199092865,1140,5,400,0,80,182
0.58943772315979,33.395606994628906,0.00019226345466449857,36.17244338989258,516.6708984375,0.1640625,0.9500173926353455,1141,5,400,0,80,182
0.5189114212989807,32.22005081176758,4.534614708973095e-05,40.23204040527344,510.7129211425781,0.1875,0.9501807689666748,1142,5,400,0,80,182
0.6202764511108398,34.898109436035156,5.456078361021355e-05,28.30592155456543,499.270751953125,0.15625,0.9513072967529297,1143,5,400,0,80,182
0.5178140997886658,35.83448028564453,5.639127266476862e-05,19.27102279663086,570.7322998046875,0.1640625,0.949801504611969,1144,5,400,0,80,182
0.3310335874557495,31.95414924621582,7.72078346926719e-05,10.100152015686035,591.085205078125,0.14453125,0.9467950463294983,1145,5,400,0,80,182
0.4066815972328186,32.49256134033203,3.716597711900249e-05,47.342857360839844,472.15472412109375,0.16015625,0.950141429901123,1146,5,400,0,80,182
0.29200759530067444,18.897720336914062,0.00015963299665600061,4.607049465179443,490.59735107421875,0.140625,0.9494974613189697,1147,5,400,0,80,182
0.613489031791687,35.73158264160156,0.0001311968662776053,37.60649108886719,573.802490234375,0.15625,0.9489098191261292,1148,5,400,0,80,182
0.477377712726593,29.801212310791016,9.730210877023637e-05,12.856141090393066,598.57275390625,0.17578125,0.9485003352165222,1149,5,400,0,80,182
0.4344996213912964,28.327251434326172,0.00010883298818953335,3.3490543365478516,550.3765258789062,0.12890625,0.9512187242507935,1150,5,400,0,80,182
0.5728747844696045,36.8275146484375,4.5895110815763474e-05,47.51976776123047,509.70745849609375,0.1484375,0.9486497044563293,1151,5,400,0,80,182
0.3134647011756897,27.138275146484375,0.00021175546862650663,14.861783027648926,445.1025390625,0.140625,0.9486896991729736,1152,5,400,0,80,182
0.5870755910873413,32.248931884765625,0.00017935928190127015,18.379329681396484,524.483642578125,0.17578125,0.9498248100280762,1153,5,400,0,80,182
0.7101428508758545,36.080596923828125,0.00032205969910137355,57.199424743652344,475.30352783203125,0.1796875,0.9482356309890747,1154,5,400,0,80,182
0.44056233763694763,26.374210357666016,0.0004598390660248697,11.776681900024414,473.54046630859375,0.17578125,0.9475963711738586,1155,5,400,0,80,182
0.4682925045490265,25.17578887939453,9.401819988852367e-05,1.4922336339950562,512.7044067382812,0.109375,0.9493261575698853,1156,5,400,0,80,182
0.35960808396339417,33.60749053955078,8.32200312288478e-05,128.53558349609375,457.0839538574219,0.19140625,0.9501271843910217,1157,5,400,0,80,182
0.18109597265720367,19.930971145629883,0.0003575916634872556,8.697261810302734,408.31805419921875,0.1484375,0.9499022960662842,1158,5,400,0,80,182
0.37888503074645996,26.024688720703125,0.0001395617437083274,3.6697518825531006,517.134521484375,0.1328125,0.9472233057022095,1159,5,400,0,80,182
0.3793887197971344,30.510793685913086,0.00020531589689198881,19.123018264770508,528.505126953125,0.14453125,0.9516893625259399,1160,5,400,0,80,182
0.6813672184944153,42.61506271362305,0.00025426893262192607,82.80268096923828,646.3264770507812,0.19140625,0.9519333243370056,1161,5,400,0,80,182
0.47120389342308044,34.63581848144531,0.00013022350321989506,36.731407165527344,625.5166015625,0.16796875,0.9493064284324646,1162,5,400,0,80,182
0.5212928056716919,35.32833480834961,0.0003786655724979937,60.518089294433594,532.0730590820312,0.171875,0.9471921920776367,1163,5,400,0,80,182
0.3104152977466583,27.119701385498047,9.098243026528507e-05,21.9619140625,465.9436340332031,0.140625,0.9493696689605713,1164,5,400,0,80,182
0.46934807300567627,30.23876190185547,0.0001585443678777665,16.868412017822266,537.0323486328125,0.203125,0.9488301873207092,1165,5,400,0,80,182
0.3336246609687805,27.504798889160156,0.0001498512865509838,40.185455322265625,501.2051086425781,0.18359375,0.9473549127578735,1166,5,400,0,80,182
0.9278393387794495,42.201534271240234,0.0002182576572522521,59.750648498535156,682.4183349609375,0.17578125,0.9490115642547607,1167,5,400,0,80,182
0.4911414384841919,31.029617309570312,0.00048015746870078146,61.207801818847656,475.1517028808594,0.1796875,0.9504892230033875,1168,5,400,0,80,182
0.7196793556213379,44.293399810791016,0.0004376143333502114,211.9810791015625,510.24627685546875,0.203125,0.9477153420448303,1169,5,400,0,80,182
0.3408430814743042,31.225013732910156,5.034251807956025e-05,2.0855202674865723,589.2425537109375,0.1171875,0.9489268660545349,1170,5,400,0,80,182
