level,layer,group,noise_rms,noise_energy_share,expected_noise_energy,signal_norm,snr,task,method,source,beta,seed,epoch,research_only
layer,patch_embed,patch_head,0.47059523126240055,0.011400897563273407,32681.445102387977,2.4183249554697235,0.013377163389413962,vit,dp_kfm,pink,0.5,42,1,True
layer,blocks.0.attn.q_proj,attention_qkv,0.6363365494885983,0.0052386292529819104,15016.885591061777,0.2557562988165007,0.0020870670537269384,vit,dp_kfm,pink,0.5,42,1,True
layer,blocks.0.attn.k_proj,attention_qkv,0.6368349757191678,0.005247587084130099,15042.563820804799,0.4170830437217661,0.003400647391275531,vit,dp_kfm,pink,0.5,42,1,True
layer,blocks.0.attn.v_proj,attention_qkv,0.643798648997323,0.005357473448896007,15357.560528534626,0.9944811779382949,0.008024822776071194,vit,dp_kfm,pink,0.5,42,1,True
layer,blocks.0.attn.out_proj,attention_out,0.4586356658588689,0.0027169948555335094,7788.449788429992,1.099840036529908,0.012462466752054834,vit,dp_kfm,pink,0.5,42,1,True
layer,blocks.0.mlp.fc1,mlp_fc1,0.8621618571786572,0.03842779538746809,110155.8783763636,1.346802197716646,0.004057887265371073,vit,dp_kfm,pink,0.5,42,1,True
layer,blocks.0.mlp.fc2,mlp_fc2,0.5897833387204452,0.017917238187385658,51360.97688429063,2.2350598813127562,0.009862170931269164,vit,dp_kfm,pink,0.5,42,1,True
layer,blocks.1.attn.q_proj,attention_qkv,0.5878635175849681,0.004463185644545954,12794.02396297948,0.1698371855809969,0.0015015133728949527,vit,dp_kfm,pink,0.5,42,1,True
layer,blocks.1.attn.k_proj,attention_qkv,0.5878364977779639,0.0044640899706185665,12796.61627492095,0.2538558609181897,0.0022440866444493218,vit,dp_kfm,pink,0.5,42,1,True
layer,blocks.1.attn.v_proj,attention_qkv,0.5877945674355938,0.004472017354632459,12819.340658156385,1.0602761244497414,0.009364533286585196,vit,dp_kfm,pink,0.5,42,1,True
layer,blocks.1.attn.out_proj,attention_out,0.37510044744313803,0.0018176937741149434,5210.542324584582,1.482506489494994,0.020537857637558395,vit,dp_kfm,pink,0.5,42,1,True
layer,blocks.1.mlp.fc1,mlp_fc1,0.6649107107531825,0.02286682283437357,65549.29653389809,1.8812468401819666,0.007347875105727155,vit,dp_kfm,pink,0.5,42,1,True
layer,blocks.1.mlp.fc2,mlp_fc2,0.3471815678813008,0.006207561698783118,17794.396077374935,1.6190312665455926,0.012137063086176764,vit,dp_kfm,pink,0.5,42,1,True
layer,blocks.2.attn.q_proj,attention_qkv,0.6221836887046899,0.005006953843724981,14352.772337944378,0.2642143203829582,0.0022054055061937095,vit,dp_kfm,pink,0.5,42,1,True
layer,blocks.2.attn.k_proj,attention_qkv,0.6227931191154434,0.005009625143477553,14360.429799624886,0.3445575382270479,0.0028752660519870176,vit,dp_kfm,pink,0.5,42,1,True
layer,blocks.2.attn.v_proj,attention_qkv,0.626070418877156,0.005072524625894471,14540.735426455598,1.4754009677868487,0.012235363541898787,vit,dp_kfm,pink,0.5,42,1,True
layer,blocks.2.attn.out_proj,attention_out,0.39311401556134246,0.0019975987882575007,5726.252233450426,1.656495665741652,0.021890469021630644,vit,dp_kfm,pink,0.5,42,1,True
layer,blocks.2.mlp.fc1,mlp_fc1,0.7058266458565954,0.02575164739345732,73818.8415354626,2.026664937648924,0.007459304590782872,vit,dp_kfm,pink,0.5,42,1,True
layer,blocks.2.mlp.fc2,mlp_fc2,0.3436045276244374,0.006076803162292493,17419.56787562414,1.9251699581485333,0.01458647618628268,vit,dp_kfm,pink,0.5,42,1,True
layer,blocks.3.attn.q_proj,attention_qkv,0.6951427770344275,0.006252032875319702,17921.87571716219,0.3118154813947486,0.002329195503971188,vit,dp_kfm,pink,0.5,42,1,True
layer,blocks.3.attn.k_proj,attention_qkv,0.6958273424971593,0.006253834858273448,17927.041223356046,0.41232676661385,0.0030795497168217413,vit,dp_kfm,pink,0.5,42,1,True
layer,blocks.3.attn.v_proj,attention_qkv,0.6972414366563668,0.006287532311785687,18023.637256338392,1.473122466452001,0.01097280430570044,vit,dp_kfm,pink,0.5,42,1,True
layer,blocks.3.attn.out_proj,attention_out,0.34105889754776497,0.0015001512075706865,4300.285048910271,1.520720416780841,0.02319000031849441,vit,dp_kfm,pink,0.5,42,1,True
layer,blocks.3.mlp.fc1,mlp_fc1,0.6844454171266884,0.024232201011160116,69463.24556124411,1.9565011730624615,0.007423395119553597,vit,dp_kfm,pink,0.5,42,1,True
layer,blocks.3.mlp.fc2,mlp_fc2,0.3142420774767594,0.005084685193634033,14575.594517574349,1.9337544211417588,0.016017258351420954,vit,dp_kfm,pink,0.5,42,1,True
layer,blocks.4.attn.q_proj,attention_qkv,0.6783794572236104,0.005950006263850151,17056.09597767937,0.39948470645417233,0.0030588652249850007,vit,dp_kfm,pink,0.5,42,1,True
layer,blocks.4.attn.k_proj,attention_qkv,0.6799897452268582,0.0059712833252543365,17117.088115391645,0.6076740943626204,0.0046446797973753095,vit,dp_kfm,pink,0.5,42,1,True
layer,blocks.4.attn.v_proj,attention_qkv,0.6794750047031727,0.005971430442573605,17117.509837152087,1.2076398642100417,0.009230328289601462,vit,dp_kfm,pink,0.5,42,1,True
layer,blocks.4.attn.out_proj,attention_out,0.32334927306004696,0.0013494511842156655,3868.2932243304936,1.2436037084961309,0.019995041734157403,vit,dp_kfm,pink,0.5,42,1,True
layer,blocks.4.mlp.fc1,mlp_fc1,0.6726614522382466,0.02339253711360493,67056.29212445523,1.7761588998689446,0.0068590196743102015,vit,dp_kfm,pink,0.5,42,1,True
layer,blocks.4.mlp.fc2,mlp_fc2,0.3111959833198753,0.004989636869161872,14303.132057397761,1.7134478593022784,0.01432700191920874,vit,dp_kfm,pink,0.5,42,1,True
layer,blocks.5.attn.q_proj,attention_qkv,0.6855414775710847,0.006077887616251521,17422.676536352956,0.2743825817670309,0.0020787348705455836,vit,dp_kfm,pink,0.5,42,1,True
layer,blocks.5.attn.k_proj,attention_qkv,0.6853858189766261,0.006078665513818451,17424.90643241922,0.40925545920506495,0.0031003395035137825,vit,dp_kfm,pink,0.5,42,1,True
layer,blocks.5.attn.v_proj,attention_qkv,0.6876778451235876,0.006110900045803258,17517.308901752454,1.2704801242039883,0.009599181006068817,vit,dp_kfm,pink,0.5,42,1,True
layer,blocks.5.attn.out_proj,attention_out,0.3427078095995346,0.0015220212066640083,4362.976882670807,1.2427177816474997,0.018813996401519668,vit,dp_kfm,pink,0.5,42,1,True
layer,blocks.5.mlp.fc1,mlp_fc1,0.6503279389308811,0.021868781217892912,62688.342638129245,1.8587986258498683,0.0074240168466351165,vit,dp_kfm,pink,0.5,42,1,True
layer,blocks.5.mlp.fc2,mlp_fc2,0.29389996959065284,0.004453655228313528,12766.704379308505,1.617757196018681,0.014317722446453083,vit,dp_kfm,pink,0.5,42,1,True
layer,blocks.6.attn.q_proj,attention_qkv,0.6185513982407799,0.004955172750352754,14204.338326412078,0.30321717772022927,0.0025441534205432534,vit,dp_kfm,pink,0.5,42,1,True
layer,blocks.6.attn.k_proj,attention_qkv,0.619343902102256,0.004961484009550661,14222.429978394559,0.45917480785784043,0.003850269692731094,vit,dp_kfm,pink,0.5,42,1,True
layer,blocks.6.attn.v_proj,attention_qkv,0.6237260503843705,0.005025465832611869,14405.838207994086,1.3420894744568022,0.011181812456188708,vit,dp_kfm,pink,0.5,42,1,True
layer,blocks.6.attn.out_proj,attention_out,0.27755367179090573,0.0009975531665110183,2859.553720846032,1.4199171887999733,0.026553017803937443,vit,dp_kfm,pink,0.5,42,1,True
layer,blocks.6.mlp.fc1,mlp_fc1,0.6611250801629023,0.0226024300786536,64791.39679104273,1.819664287085264,0.007148790999525877,vit,dp_kfm,pink,0.5,42,1,True
layer,blocks.6.mlp.fc2,mlp_fc2,0.28698944054789843,0.004240284650073201,12155.063164173933,1.6725661055539105,0.01517066720959579,vit,dp_kfm,pink,0.5,42,1,True
layer,blocks.7.attn.q_proj,attention_qkv,0.6241717488583899,0.005031726884966886,14423.785938660647,0.30261331680963854,0.002519697478948624,vit,dp_kfm,pink,0.5,42,1,True
layer,blocks.7.attn.k_proj,attention_qkv,0.6237633856060693,0.005024498380514658,14403.064941027207,0.39298571376109953,0.0032745324856834524,vit,dp_kfm,pink,0.5,42,1,True
layer,blocks.7.attn.v_proj,attention_qkv,0.6263424367508099,0.005061923438726356,14510.346405369099,1.423564145938804,0.011817841230135993,vit,dp_kfm,pink,0.5,42,1,True
layer,blocks.7.attn.out_proj,attention_out,0.2782432108385239,0.0010015383442624954,2870.9775028057643,1.4497600831853457,0.027057099785378475,vit,dp_kfm,pink,0.5,42,1,True
layer,blocks.7.mlp.fc1,mlp_fc1,0.7150887060599476,0.026423545248717508,75744.88224841798,1.8528520133225779,0.006732309702489435,vit,dp_kfm,pink,0.5,42,1,True
layer,blocks.7.mlp.fc2,mlp_fc2,0.34820346007759806,0.006232667988746774,17866.364958124697,2.1668630171492,0.016211132549163027,vit,dp_kfm,pink,0.5,42,1,True
layer,blocks.8.attn.q_proj,attention_qkv,0.6470812176214072,0.00540477275731733,15493.147199932526,0.29919865761096737,0.0024037528774566745,vit,dp_kfm,pink,0.5,42,1,True
layer,blocks.8.attn.k_proj,attention_qkv,0.6461535491073831,0.005386203222665251,15439.916371049025,0.4578113869544896,0.003684377476205206,vit,dp_kfm,pink,0.5,42,1,True
layer,blocks.8.attn.v_proj,attention_qkv,0.651047318182044,0.005480866053381362,15711.273787262542,1.526663220656483,0.012179726736376757,vit,dp_kfm,pink,0.5,42,1,True
layer,blocks.8.attn.out_proj,attention_out,0.20798048509573364,0.0005598034462352723,1604.7144967955296,1.5108952750378561,0.037716855251118786,vit,dp_kfm,pink,0.5,42,1,True
layer,blocks.8.mlp.fc1,mlp_fc1,0.775135881495958,0.03106673672263821,89054.90511395453,1.825622310503954,0.006117613166639481,vit,dp_kfm,pink,0.5,42,1,True
layer,blocks.8.mlp.fc2,mlp_fc2,0.3248163217823367,0.005434760453118552,15579.108961156691,1.768179413170108,0.014166253934323598,vit,dp_kfm,pink,0.5,42,1,True
layer,blocks.9.attn.q_proj,attention_qkv,0.6871093905798509,0.006104882743067196,17500.059895879007,0.3017569192683556,0.0022810639957568622,vit,dp_kfm,pink,0.5,42,1,True
layer,blocks.9.attn.k_proj,attention_qkv,0.6870570370547306,0.006092890797998819,17465.68417306882,0.48917128071862004,0.0037014181509312685,vit,dp_kfm,pink,0.5,42,1,True
layer,blocks.9.attn.v_proj,attention_qkv,0.6912930085446519,0.0061892866695606044,17742.00946825359,1.5218672293272224,0.011425503877827472,vit,dp_kfm,pink,0.5,42,1,True
layer,blocks.9.attn.out_proj,attention_out,0.19774369619934887,0.0005050831125641108,1447.8549538574878,1.489974319663462,0.03915761707032815,vit,dp_kfm,pink,0.5,42,1,True
layer,blocks.9.mlp.fc1,mlp_fc1,0.8136708990397943,0.03425489839597893,98193.98650000978,1.6962711079407808,0.0054131843674511985,vit,dp_kfm,pink,0.5,42,1,True
layer,blocks.9.mlp.fc2,mlp_fc2,0.33714961982285835,0.005857869620683467,16791.980049186997,1.5697959290541923,0.012114130385480478,vit,dp_kfm,pink,0.5,42,1,True
layer,blocks.10.attn.q_proj,attention_qkv,0.7277719107522235,0.006854201609151372,19648.033180456263,0.2846111738718173,0.0020304504941050564,vit,dp_kfm,pink,0.5,42,1,True
layer,blocks.10.attn.k_proj,attention_qkv,0.72779756445253,0.006844099736159991,19619.07547727833,0.4931329737267629,0.0035206655765208975,vit,dp_kfm,pink,0.5,42,1,True
layer,blocks.10.attn.v_proj,attention_qkv,0.731914650613301,0.006920520944296564,19838.142046775323,1.47265356484803,0.010455627328440164,vit,dp_kfm,pink,0.5,42,1,True
layer,blocks.10.attn.out_proj,attention_out,0.21780316821837212,0.0006137276799693504,1759.2919653402473,1.4448813302334793,0.03444793712594484,vit,dp_kfm,pink,0.5,42,1,True
layer,blocks.10.mlp.fc1,mlp_fc1,0.8202868313001999,0.034795686401657,99744.19194844033,1.481365229433072,0.004690491340445364,vit,dp_kfm,pink,0.5,42,1,True
layer,blocks.10.mlp.fc2,mlp_fc2,0.32987241246333976,0.005605839151282745,16069.51763742188,1.3493994322303715,0.010644839135252762,vit,dp_kfm,pink,0.5,42,1,True
layer,blocks.11.attn.q_proj,attention_qkv,0.7436599786600688,0.007149150239105446,20493.523406499527,0.3496824241831853,0.002442673878635106,vit,dp_kfm,pink,0.5,42,1,True
layer,blocks.11.attn.k_proj,attention_qkv,0.7425246413474148,0.007139783760429958,20466.673760939884,0.494851802242473,0.003459007652465406,vit,dp_kfm,pink,0.5,42,1,True
layer,blocks.11.attn.v_proj,attention_qkv,0.7483246156809346,0.007230446663188206,20726.56511272804,1.2941461869643,0.008989171569147613,vit,dp_kfm,pink,0.5,42,1,True
layer,blocks.11.attn.out_proj,attention_out,0.20424799558866127,0.0005405243303425146,1549.4496052222926,1.0888744142088156,0.02766234957338054,vit,dp_kfm,pink,0.5,42,1,True
layer,blocks.11.mlp.fc1,mlp_fc1,0.7490011876123519,0.029023414223946272,83197.58276745876,1.309791204984501,0.004540949955333338,vit,dp_kfm,pink,0.5,42,1,True
layer,blocks.11.mlp.fc2,mlp_fc2,0.2846741046128868,0.004173500865460092,11963.622921995651,1.3365588541732532,0.01221959266706655,vit,dp_kfm,pink,0.5,42,1,True
layer,head,patch_head,2.334675434193173,0.0037575242108037377,10771.197665336818,5.8980731961130575,0.056830065946365055,vit,dp_kfm,pink,0.5,42,1,True
layer,cls_token,identity,4.568247662783116,0.001421755652888398,4075.558881307988,0.09640049928622499,0.0015100304231294107,vit,dp_kfm,pink,0.5,42,1,True
layer,pos_embed,identity,4.607610647934278,0.28008586361901416,802885.0996176772,0.31929383953349527,0.0003563393966100361,vit,dp_kfm,pink,0.5,42,1,True
layer,blocks.0.norm1.weight,identity,4.605227143717233,0.001421755652888398,4075.558881307988,0.40314966594903845,0.006314990743460762,vit,dp_kfm,pink,0.5,42,1,True
layer,blocks.0.norm1.bias,identity,4.614851356236909,0.001421755652888398,4075.558881307988,0.26078001020695785,0.004084893253377306,vit,dp_kfm,pink,0.5,42,1,True
layer,blocks.0.norm2.weight,identity,4.604820314130763,0.001421755652888398,4075.558881307988,0.1489544664532942,0.0023332428532102426,vit,dp_kfm,pink,0.5,42,1,True
layer,blocks.0.norm2.bias,identity,4.601379722870395,0.001421755652888398,4075.558881307988,0.1241672317142631,0.0019449722650045258,vit,dp_kfm,pink,0.5,42,1,True
layer,blocks.1.norm1.weight,identity,4.60695294421844,0.001421755652888398,4075.558881307988,0.23474104704897666,0.003677015422386489,vit,dp_kfm,pink,0.5,42,1,True
layer,blocks.1.norm1.bias,identity,4.615508075573796,0.001421755652888398,4075.558881307988,0.2604710724829177,0.004080054011199033,vit,dp_kfm,pink,0.5,42,1,True
layer,blocks.1.norm2.weight,identity,4.617624971762756,0.001421755652888398,4075.558881307988,0.3188295984677584,0.004994189833508926,vit,dp_kfm,pink,0.5,42,1,True
layer,blocks.1.norm2.bias,identity,4.593204362796436,0.001421755652888398,4075.558881307988,0.22408247761095715,0.003510058153102444,vit,dp_kfm,pink,0.5,42,1,True
layer,blocks.2.norm1.weight,identity,4.608130748865769,0.001421755652888398,4075.558881307988,0.21666416701904526,0.00339385673542357,vit,dp_kfm,pink,0.5,42,1,True
layer,blocks.2.norm1.bias,identity,4.582797256301922,0.001421755652888398,4075.558881307988,0.26090394138839756,0.004086834528118976,vit,dp_kfm,pink,0.5,42,1,True
layer,blocks.2.norm2.weight,identity,4.615143232725296,0.001421755652888398,4075.558881307988,0.17682348028031084,0.002769786844714468,vit,dp_kfm,pink,0.5,42,1,True
layer,blocks.2.norm2.bias,identity,4.594569484387811,0.001421755652888398,4075.558881307988,0.24743341554746612,0.0038758303944685583,vit,dp_kfm,pink,0.5,42,1,True
layer,blocks.3.norm1.weight,identity,4.579646280388086,0.001421755652888398,4075.558881307988,0.16891954871531797,0.002645978594613658,vit,dp_kfm,pink,0.5,42,1,True
layer,blocks.3.norm1.bias,identity,4.5967504091106015,0.001421755652888398,4075.558881307988,0.25451048884245764,0.003986686625103048,vit,dp_kfm,pink,0.5,42,1,True
layer,blocks.3.norm2.weight,identity,4.585704675305467,0.001421755652888398,4075.558881307988,0.15062449585602258,0.002359402419024863,vit,dp_kfm,pink,0.5,42,1,True
layer,blocks.3.norm2.bias,identity,4.638307921861817,0.001421755652888398,4075.558881307988,0.19411494315932531,0.0030406426514899007,vit,dp_kfm,pink,0.5,42,1,True
layer,blocks.4.norm1.weight,identity,4.593707133167655,0.001421755652888398,4075.558881307988,0.13339960386045685,0.0020895893875467236,vit,dp_kfm,pink,0.5,42,1,True
layer,blocks.4.norm1.bias,identity,4.617070166891727,0.001421755652888398,4075.558881307988,0.24996356309045722,0.003915462966843301,vit,dp_kfm,pink,0.5,42,1,True
layer,blocks.4.norm2.weight,identity,4.588391838249837,0.001421755652888398,4075.558881307988,0.12799992770880284,0.0020050081320095044,vit,dp_kfm,pink,0.5,42,1,True
layer,blocks.4.norm2.bias,identity,4.62214526263837,0.001421755652888398,4075.558881307988,0.1787260852304447,0.002799589505272989,vit,dp_kfm,pink,0.5,42,1,True
layer,blocks.5.norm1.weight,identity,4.578117315715504,0.001421755652888398,4075.558881307988,0.13137823200454035,0.002057926346156981,vit,dp_kfm,pink,0.5,42,1,True
layer,blocks.5.norm1.bias,identity,4.59331327630812,0.001421755652888398,4075.558881307988,0.20355771548791687,0.003188555510867542,vit,dp_kfm,pink,0.5,42,1,True
layer,blocks.5.norm2.weight,identity,4.622956162045867,0.001421755652888398,4075.558881307988,0.12803793896719903,0.002005603545487905,vit,dp_kfm,pink,0.5,42,1,True
layer,blocks.5.norm2.bias,identity,4.618557785467455,0.001421755652888398,4075.558881307988,0.1653127840309112,0.002589481746123777,vit,dp_kfm,pink,0.5,42,1,True
layer,blocks.6.norm1.weight,identity,4.630833337858757,0.001421755652888398,4075.558881307988,0.12547897375764627,0.0019655195692972706,vit,dp_kfm,pink,0.5,42,1,True
layer,blocks.6.norm1.bias,identity,4.594660241205319,0.001421755652888398,4075.558881307988,0.20965088293525813,0.003283999707597153,vit,dp_kfm,pink,0.5,42,1,True
layer,blocks.6.norm2.weight,identity,4.617513202842,0.001421755652888398,4075.558881307988,0.11612698349533776,0.0018190287324503938,vit,dp_kfm,pink,0.5,42,1,True
layer,blocks.6.norm2.bias,identity,4.610656494287186,0.001421755652888398,4075.558881307988,0.1566795969637302,0.0024542503394761376,vit,dp_kfm,pink,0.5,42,1,True
layer,blocks.7.norm1.weight,identity,4.615379281904246,0.001421755652888398,4075.558881307988,0.13839460631572004,0.002167831779722086,vit,dp_kfm,pink,0.5,42,1,True
layer,blocks.7.norm1.bias,identity,4.599738540396438,0.001421755652888398,4075.558881307988,0.19065694141316047,0.0029864760457294923,vit,dp_kfm,pink,0.5,42,1,True
layer,blocks.7.norm2.weight,identity,4.58607289617971,0.001421755652888398,4075.558881307988,0.08311216882892282,0.00130188022254232,vit,dp_kfm,pink,0.5,42,1,True
layer,blocks.7.norm2.bias,identity,4.59523931970852,0.001421755652888398,4075.558881307988,0.12577367367107048,0.0019701357884896915,vit,dp_kfm,pink,0.5,42,1,True
layer,blocks.8.norm1.weight,identity,4.602226372816641,0.001421755652888398,4075.558881307988,0.16996407761723345,0.002662340236217268,vit,dp_kfm,pink,0.5,42,1,True
layer,blocks.8.norm1.bias,identity,4.615046698112771,0.001421755652888398,4075.558881307988,0.20541331125962978,0.003217621813314765,vit,dp_kfm,pink,0.5,42,1,True
layer,blocks.8.norm2.weight,identity,4.614243014861336,0.001421755652888398,4075.558881307988,0.07682708564015847,0.0012034298317538405,vit,dp_kfm,pink,0.5,42,1,True
layer,blocks.8.norm2.bias,identity,4.586294660081709,0.001421755652888398,4075.558881307988,0.12589542966300854,0.001972042990769618,vit,dp_kfm,pink,0.5,42,1,True
layer,blocks.9.norm1.weight,identity,4.626899907924895,0.001421755652888398,4075.558881307988,0.17800308185406216,0.0027882642828680523,vit,dp_kfm,pink,0.5,42,1,True
layer,blocks.9.norm1.bias,identity,4.6010394772816126,0.001421755652888398,4075.558881307988,0.22081851059779953,0.0034589309335708836,vit,dp_kfm,pink,0.5,42,1,True
layer,blocks.9.norm2.weight,identity,4.592353429696235,0.001421755652888398,4075.558881307988,0.2627570063791695,0.00411586118807219,vit,dp_kfm,pink,0.5,42,1,True
layer,blocks.9.norm2.bias,identity,4.607193697715969,0.001421755652888398,4075.558881307988,0.11640416145419984,0.0018233704853832283,vit,dp_kfm,pink,0.5,42,1,True
layer,blocks.10.norm1.weight,identity,4.614390354274169,0.001421755652888398,4075.558881307988,0.14575779606997338,0.0022831697771652838,vit,dp_kfm,pink,0.5,42,1,True
layer,blocks.10.norm1.bias,identity,4.604909248936642,0.001421755652888398,4075.558881307988,0.20269888092864757,0.0031751026104932306,vit,dp_kfm,pink,0.5,42,1,True
layer,blocks.10.norm2.weight,identity,4.605448588502671,0.001421755652888398,4075.558881307988,0.2656960656849666,0.004161899009452738,vit,dp_kfm,pink,0.5,42,1,True
layer,blocks.10.norm2.bias,identity,4.600292254450882,0.001421755652888398,4075.558881307988,0.09598002267869526,0.0015034440208360055,vit,dp_kfm,pink,0.5,42,1,True
layer,blocks.11.norm1.weight,identity,4.609310548565521,0.001421755652888398,4075.558881307988,0.10936076908901594,0.0017130418373760585,vit,dp_kfm,pink,0.5,42,1,True
layer,blocks.11.norm1.bias,identity,4.587800270448623,0.001421755652888398,4075.558881307988,0.19669837366854637,0.0030811098554343708,vit,dp_kfm,pink,0.5,42,1,True
layer,blocks.11.norm2.weight,identity,4.59928244502291,0.001421755652888398,4075.558881307988,0.07932985463256781,0.0012426335428195056,vit,dp_kfm,pink,0.5,42,1,True
layer,blocks.11.norm2.bias,identity,4.60680085066136,0.001421755652888398,4075.558881307988,0.08040580675358779,0.0012594874019654706,vit,dp_kfm,pink,0.5,42,1,True
layer,norm.weight,identity,4.591998881759018,0.001421755652888398,4075.558881307988,0.06592682825935718,0.0010326867299356652,vit,dp_kfm,pink,0.5,42,1,True
layer,norm.bias,identity,4.631222327202329,0.001421755652888398,4075.558881307988,0.04603309076301624,0.0007210685425647444,vit,dp_kfm,pink,0.5,42,1,True
group,attention_out,attention_out,0.3122465594296909,0.015122141096241094,43348.64174724376,4.852936007351706,0.023308633732070264,vit,dp_kfm,pink,0.5,42,1,True
group,attention_qkv,attention_qkv,0.6655662045207904,0.20614303611487803,590922.9760760668,5.038387604479145,0.006554297296013518,vit,dp_kfm,pink,0.5,42,1,True
group,identity,identity,4.608111534777579,0.3525954019163196,1010738.6025643846,1.4188531914634044,0.0014112957542605593,vit,dp_kfm,pink,0.5,42,1,True
group,mlp_fc1,mlp_fc1,0.7344352696478804,0.33470649602954744,959458.8421388783,6.074183909112127,0.006201186061751092,vit,dp_kfm,pink,0.5,42,1,True
group,mlp_fc2,mlp_fc2,0.35131690171016833,0.07627450306893556,218646.02948363105,6.119312945797509,0.013086751815917707,vit,dp_kfm,pink,0.5,42,1,True
group,patch_head,patch_head,0.5379211472850071,0.015158421774077124,43452.64276772463,6.392044614101565,0.030664204315009335,vit,dp_kfm,pink,0.5,42,1,True
layer,patch_embed,patch_head,0.46826516944322755,0.01130029976444894,32393.074698088007,2.4961248390889526,0.01386884248651647,vit,dp_kfm,pink,0.5,42,2,True
layer,blocks.0.attn.q_proj,attention_qkv,0.6326690207539131,0.005173556879847442,14830.351225809067,0.22925653115840516,0.001882547741032006,vit,dp_kfm,pink,0.5,42,2,True
layer,blocks.0.attn.k_proj,attention_qkv,0.632990214473716,0.005180133353214851,14849.203132172614,0.35582226554534435,0.0029199912253780607,vit,dp_kfm,pink,0.5,42,2,True
layer,blocks.0.attn.v_proj,attention_qkv,0.640338123847057,0.005305340801573972,15208.118763792825,0.9079533758915348,0.007362508345035005,vit,dp_kfm,pink,0.5,42,2,True
layer,blocks.0.attn.out_proj,attention_out,0.45796720455427725,0.0027117942081317727,7773.541780388211,1.0407211464119235,0.011803883391465394,vit,dp_kfm,pink,0.5,42,2,True
layer,blocks.0.mlp.fc1,mlp_fc1,0.855563392074868,0.03784491072344735,108485.00000538539,1.1246324218718025,0.003414489274772309,vit,dp_kfm,pink,0.5,42,2,True
layer,blocks.0.mlp.fc2,mlp_fc2,0.5863408049582445,0.01771702443734135,50787.05060835495,1.7508912606690554,0.007769314085432134,vit,dp_kfm,pink,0.5,42,2,True
layer,blocks.1.attn.q_proj,attention_qkv,0.5840981443906208,0.004413368090473554,12651.218569850069,0.1461673044430366,0.0012995232636118445,vit,dp_kfm,pink,0.5,42,2,True
layer,blocks.1.attn.k_proj,attention_qkv,0.5846619998563819,0.004414055043817891,12653.187768142203,0.21235588037737438,0.001887836224271156,vit,dp_kfm,pink,0.5,42,2,True
layer,blocks.1.attn.v_proj,attention_qkv,0.5848603099125015,0.004423053059559811,12678.981189745,0.849191634978145,0.007541600601306438,vit,dp_kfm,pink,0.5,42,2,True
layer,blocks.1.attn.out_proj,attention_out,0.3742575359485611,0.0018099694043089613,5188.399895327306,1.0791582483077304,0.014981952422360861,vit,dp_kfm,pink,0.5,42,2,True
layer,blocks.1.mlp.fc1,mlp_fc1,0.6620982033591486,0.02268088104140184,65016.28178961898,1.388333842677323,0.005444811459964892,vit,dp_kfm,pink,0.5,42,2,True
layer,blocks.1.mlp.fc2,mlp_fc2,0.34693955513005714,0.006194915039966941,17758.14357325982,1.176807778341998,0.00883093623373123,vit,dp_kfm,pink,0.5,42,2,True
layer,blocks.2.attn.q_proj,attention_qkv,0.619707495622101,0.004960138356050921,14218.572571490004,0.2243918256057997,0.00188182412733237,vit,dp_kfm,pink,0.5,42,2,True
layer,blocks.2.attn.k_proj,attention_qkv,0.620120029060695,0.004964681651931978,14231.596236872187,0.2963637399889854,0.002484266939320559,vit,dp_kfm,pink,0.5,42,2,True
layer,blocks.2.attn.v_proj,attention_qkv,0.6239046320611501,0.0050316912247153345,14423.683716134166,1.1458926499596018,0.009541262370792641,vit,dp_kfm,pink,0.5,42,2,True
layer,blocks.2.attn.out_proj,attention_out,0.39150923375114727,0.0019805492130205403,5677.378471184515,1.2788808469960038,0.01697290420105527,vit,dp_kfm,pink,0.5,42,2,True
layer,blocks.2.mlp.fc1,mlp_fc1,0.7015215906948632,0.02544101505609069,72928.39289978893,1.509168114770744,0.005588423359934849,vit,dp_kfm,pink,0.5,42,2,True
layer,blocks.2.mlp.fc2,mlp_fc2,0.34224023637109535,0.0060336639843894015,17295.906500142184,1.4469847145769246,0.011002522845028454,vit,dp_kfm,pink,0.5,42,2,True
layer,blocks.3.attn.q_proj,attention_qkv,0.693099302310302,0.0061949792824593725,17758.32772871573,0.2412398296026184,0.001810289280333491,vit,dp_kfm,pink,0.5,42,2,True
layer,blocks.3.attn.k_proj,attention_qkv,0.6926189638530681,0.006198120369120527,17767.33186639087,0.33277033664108,0.0024965110857127063,vit,dp_kfm,pink,0.5,42,2,True
layer,blocks.3.attn.v_proj,attention_qkv,0.693720791383315,0.00623013118282456,17859.093032118828,1.0834603285407014,0.008107431989700377,vit,dp_kfm,pink,0.5,42,2,True
layer,blocks.3.attn.out_proj,attention_out,0.340765816712435,0.001502939315465636,4308.277349043048,1.1571669259914596,0.01762967009494728,vit,dp_kfm,pink,0.5,42,2,True
layer,blocks.3.mlp.fc1,mlp_fc1,0.6807828744548379,0.023958791698166643,68679.4992462302,1.5071807662415626,0.005751111442936744,vit,dp_kfm,pink,0.5,42,2,True
layer,blocks.3.mlp.fc2,mlp_fc2,0.31135251903087746,0.004992555493299266,14311.498491180086,1.5296978116522648,0.012786835874915895,vit,dp_kfm,pink,0.5,42,2,True
layer,blocks.4.attn.q_proj,attention_qkv,0.6780164828604657,0.005940100298846097,17027.69985801694,0.322043134288282,0.002467948265684537,vit,dp_kfm,pink,0.5,42,2,True
layer,blocks.4.attn.k_proj,attention_qkv,0.6800007276379965,0.005981163105108673,17145.40917354869,0.47365955079572786,0.0036173653294896673,vit,dp_kfm,pink,0.5,42,2,True
layer,blocks.4.attn.v_proj,attention_qkv,0.6791733719299308,0.00596352389003419,17094.845168749373,0.986831582714098,0.0075476274350597975,vit,dp_kfm,pink,0.5,42,2,True
layer,blocks.4.attn.out_proj,attention_out,0.3250272008383032,0.0013651597601394567,3913.322921232942,1.0393954898939806,0.016615292253706178,vit,dp_kfm,pink,0.5,42,2,True
layer,blocks.4.mlp.fc1,mlp_fc1,0.6726051635324847,0.023399662584749254,67076.71777013301,1.3351782167008854,0.00515529280088396,vit,dp_kfm,pink,0.5,42,2,True
layer,blocks.4.mlp.fc2,mlp_fc2,0.311657139389461,0.005003808898904039,14343.757140592998,1.3236878657338258,0.011052337186797032,vit,dp_kfm,pink,0.5,42,2,True
layer,blocks.5.attn.q_proj,attention_qkv,0.6889708576253344,0.006139985107516701,17600.683201224427,0.22964934180268662,0.0017310134485766038,vit,dp_kfm,pink,0.5,42,2,True
layer,blocks.5.attn.k_proj,attention_qkv,0.6895026714047898,0.0061420750681034,17606.67421480921,0.3425187476251709,0.002581342805666111,vit,dp_kfm,pink,0.5,42,2,True
layer,blocks.5.attn.v_proj,attention_qkv,0.6911209942474331,0.006171935568311768,17692.27136125086,0.9671903514994373,0.007271435556165786,vit,dp_kfm,pink,0.5,42,2,True
layer,blocks.5.attn.out_proj,attention_out,0.35063481220141857,0.0015895053724465636,4556.424814911475,0.9739527531004034,0.014428652877813178,vit,dp_kfm,pink,0.5,42,2,True
layer,blocks.5.mlp.fc1,mlp_fc1,0.6561283460121284,0.022250172771142832,63781.627358992286,1.3016675375827989,0.005154093302352742,vit,dp_kfm,pink,0.5,42,2,True
layer,blocks.5.mlp.fc2,mlp_fc2,0.29955921578506184,0.004622533648107276,13250.80580858965,1.1785314143838537,0.010238115358091823,vit,dp_kfm,pink,0.5,42,2,True
layer,blocks.6.attn.q_proj,attention_qkv,0.6257547029754301,0.00506168650926797,14509.667231028296,0.2185675523169884,0.0018144999584149071,vit,dp_kfm,pink,0.5,42,2,True
layer,blocks.6.attn.k_proj,attention_qkv,0.626063593035418,0.005073773601331537,14544.315699144905,0.33572137039130495,0.0027837635296974654,vit,dp_kfm,pink,0.5,42,2,True
layer,blocks.6.attn.v_proj,attention_qkv,0.630198820685661,0.005134245484193165,14717.662447417453,1.0047148459244637,0.008281774487835373,vit,dp_kfm,pink,0.5,42,2,True
layer,blocks.6.attn.out_proj,attention_out,0.28013615615478665,0.0010153595793160053,2910.5970092649673,1.1290277455834632,0.020927318081886602,vit,dp_kfm,pink,0.5,42,2,True
layer,blocks.6.mlp.fc1,mlp_fc1,0.6663899451999086,0.022951808466320004,65792.91360435619,1.3364537531144904,0.005210319739525375,vit,dp_kfm,pink,0.5,42,2,True
layer,blocks.6.mlp.fc2,mlp_fc2,0.2913399825230284,0.004369416091901777,12525.227188865148,1.238214772481496,0.011063770921716155,vit,dp_kfm,pink,0.5,42,2,True
layer,blocks.7.attn.q_proj,attention_qkv,0.6312578135861988,0.005149382255711793,14761.053028261322,0.2135851273239219,0.0017579735550824634,vit,dp_kfm,pink,0.5,42,2,True
layer,blocks.7.attn.k_proj,attention_qkv,0.630981169741213,0.005140594147255542,14735.861320111002,0.2908599221291115,0.0023960513468876056,vit,dp_kfm,pink,0.5,42,2,True
layer,blocks.7.attn.v_proj,attention_qkv,0.6325763812610222,0.005173802315280528,14831.054783102558,1.0367213272534077,0.008512870234672095,vit,dp_kfm,pink,0.5,42,2,True
layer,blocks.7.attn.out_proj,attention_out,0.2802204165398375,0.0010142028674578491,2907.2812163739413,1.0451707138456539,0.0193840138267051,vit,dp_kfm,pink,0.5,42,2,True
layer,blocks.7.mlp.fc1,mlp_fc1,0.7251885610436104,0.027198767689379823,77967.10988409632,1.312663972644145,0.0047010822299663624,vit,dp_kfm,pink,0.5,42,2,True
layer,blocks.7.mlp.fc2,mlp_fc2,0.34904859557555895,0.006271428067862919,17977.473350316617,1.3223198811776529,0.009862163559232449,vit,dp_kfm,pink,0.5,42,2,True
layer,blocks.8.attn.q_proj,attention_qkv,0.6575330030818609,0.005597039971500869,16044.294192566857,0.22633816520858868,0.0017868886185303662,vit,dp_kfm,pink,0.5,42,2,True
layer,blocks.8.attn.k_proj,attention_qkv,0.6572249890502175,0.00558500800595741,16009.80374835397,0.3364236050964939,0.002658847668072186,vit,dp_kfm,pink,0.5,42,2,True
layer,blocks.8.attn.v_proj,attention_qkv,0.6617732981149103,0.005668869447353225,16250.198250451123,1.1125676719382078,0.008727645637411185,vit,dp_kfm,pink,0.5,42,2,True
layer,blocks.8.attn.out_proj,attention_out,0.22588089023095156,0.0006592005454981073,1889.6430144728934,1.1069054962154383,0.025463650262541153,vit,dp_kfm,pink,0.5,42,2,True
layer,blocks.8.mlp.fc1,mlp_fc1,0.7857941903952318,0.0319267289144393,91520.13098313288,1.2934309038959309,0.00427548037012034,vit,dp_kfm,pink,0.5,42,2,True
layer,blocks.8.mlp.fc2,mlp_fc2,0.3257270848996749,0.005464860851831648,15665.393792911591,1.1793681349181218,0.009422773051671383,vit,dp_kfm,pink,0.5,42,2,True
layer,blocks.9.attn.q_proj,attention_qkv,0.6962871851754907,0.00627196335700875,17979.0077929107,0.2284469474572961,0.0017037367800294867,vit,dp_kfm,pink,0.5,42,2,True
layer,blocks.9.attn.k_proj,attention_qkv,0.6960443126028092,0.006259430559513099,17943.081679983177,0.35169225917368213,0.002625513722087076,vit,dp_kfm,pink,0.5,42,2,True
layer,blocks.9.attn.v_proj,attention_qkv,0.7015211390146667,0.006358893049801328,18228.197645464115,1.017406275083264,0.007535681725400633,vit,dp_kfm,pink,0.5,42,2,True
layer,blocks.9.attn.out_proj,attention_out,0.20409507713614577,0.0005372552854792092,1540.0786666935958,1.0209329794624158,0.026015116834346083,vit,dp_kfm,pink,0.5,42,2,True
layer,blocks.9.mlp.fc1,mlp_fc1,0.8220614676571772,0.034943216132897574,100167.09591593598,1.2120428461497883,0.003829617783561339,vit,dp_kfm,pink,0.5,42,2,True
layer,blocks.9.mlp.fc2,mlp_fc2,0.3363595503222725,0.0058272933608959545,16704.33112942998,1.046614722432031,0.008097897854248663,vit,dp_kfm,pink,0.5,42,2,True
layer,blocks.10.attn.q_proj,attention_qkv,0.7331840277145613,0.006943962158315086,19905.33787454488,0.19977711695910869,0.001415992537454426,vit,dp_kfm,pink,0.5,42,2,True
layer,blocks.10.attn.k_proj,attention_qkv,0.7325705754218702,0.00693314316581793,19874.324499729675,0.3329412945187467,0.0023616823044306005,vit,dp_kfm,pink,0.5,42,2,True
layer,blocks.10.attn.v_proj,attention_qkv,0.7359237600446071,0.007004544351511815,20079.000834864688,1.0139052252911664,0.007155274713759212,vit,dp_kfm,pink,0.5,42,2,True
layer,blocks.10.attn.out_proj,attention_out,0.21850841504715948,0.0006182441474074264,1772.2387251734242,1.0233314106444686,0.024308333930221766,vit,dp_kfm,pink,0.5,42,2,True
layer,blocks.10.mlp.fc1,mlp_fc1,0.8260920564220379,0.035297136027920416,101181.63126770438,1.1358199310986805,0.003570743438843222,vit,dp_kfm,pink,0.5,42,2,True
layer,blocks.10.mlp.fc2,mlp_fc2,0.3304858637947161,0.005629216060364597,16136.52913073496,0.8976204783240095,0.007066228691861184,vit,dp_kfm,pink,0.5,42,2,True
layer,blocks.11.attn.q_proj,attention_qkv,0.747577231995862,0.007228724933709943,20721.629658557507,0.3020286003835933,0.0020981479851228282,vit,dp_kfm,pink,0.5,42,2,True
layer,blocks.11.attn.k_proj,attention_qkv,0.747076531336376,0.007218401041885,20692.03552335501,0.39873228508965003,0.002771914268167726,vit,dp_kfm,pink,0.5,42,2,True
layer,blocks.11.attn.v_proj,attention_qkv,0.7511361404411733,0.0072948975423423644,20911.317923389466,0.9537612986144024,0.006595519267660471,vit,dp_kfm,pink,0.5,42,2,True
layer,blocks.11.attn.out_proj,attention_out,0.21461055587262926,0.0005971824434885946,1711.863924280253,0.8475547139458627,0.020484865831254414,vit,dp_kfm,pink,0.5,42,2,True
layer,blocks.11.mlp.fc1,mlp_fc1,0.7521287118563093,0.029262405280744776,83882.66681977772,0.9328303620390823,0.003220820773025468,vit,dp_kfm,pink,0.5,42,2,True
layer,blocks.11.mlp.fc2,mlp_fc2,0.2842324487851148,0.004164337088428699,11937.354334428856,0.896217260287544,0.008202745951932088,vit,dp_kfm,pink,0.5,42,2,True
layer,head,patch_head,2.399781169892634,0.0038884622893374803,11146.540536515593,3.5991803174950863,0.03409051446640879,vit,dp_kfm,pink,0.5,42,2,True
layer,cls_token,identity,4.545577403721172,0.0014033747264628534,4022.8687106812235,0.07903066165442932,0.0012460276747663852,vit,dp_kfm,pink,0.5,42,2,True
layer,pos_embed,identity,4.5758198551163485,0.276464821113182,792505.136004207,0.2862976984654617,0.00032160057313044367,vit,dp_kfm,pink,0.5,42,2,True
layer,blocks.0.norm1.weight,identity,4.556476708281984,0.0014033747264628534,4022.8687106812235,0.3528819279827432,0.005563671605256933,vit,dp_kfm,pink,0.5,42,2,True
layer,blocks.0.norm1.bias,identity,4.574549836895122,0.0014033747264628534,4022.8687106812235,0.22500465424843233,0.003547509539660745,vit,dp_kfm,pink,0.5,42,2,True
layer,blocks.0.norm2.weight,identity,4.618167238235807,0.0014033747264628534,4022.8687106812235,0.11269086939603043,0.0017767273994860745,vit,dp_kfm,pink,0.5,42,2,True
layer,blocks.0.norm2.bias,identity,4.552034772674416,0.0014033747264628534,4022.8687106812235,0.09512566894324354,0.001499787722924925,vit,dp_kfm,pink,0.5,42,2,True
layer,blocks.1.norm1.weight,identity,4.548935405998845,0.0014033747264628534,4022.8687106812235,0.16292066934330385,0.0025686696598957617,vit,dp_kfm,pink,0.5,42,2,True
layer,blocks.1.norm1.bias,identity,4.5736008465862295,0.0014033747264628534,4022.8687106812235,0.1760243023157591,0.002775266555098973,vit,dp_kfm,pink,0.5,42,2,True
layer,blocks.1.norm2.weight,identity,4.584786189210525,0.0014033747264628534,4022.8687106812235,0.17485520378917527,0.0027568341000472675,vit,dp_kfm,pink,0.5,42,2,True
layer,blocks.1.norm2.bias,identity,4.545422014878599,0.0014033747264628534,4022.8687106812235,0.14745221818822105,0.002324788135668071,vit,dp_kfm,pink,0.5,42,2,True
layer,blocks.2.norm1.weight,identity,4.584178036960895,0.0014033747264628534,4022.8687106812235,0.16681242117259454,0.0026300285095005225,vit,dp_kfm,pink,0.5,42,2,True
layer,blocks.2.norm1.bias,identity,4.596470921457921,0.0014033747264628534,4022.8687106812235,0.18922444853031192,0.0029833851150348023,vit,dp_kfm,pink,0.5,42,2,True
layer,blocks.2.norm2.weight,identity,4.575666052568295,0.0014033747264628534,4022.8687106812235,0.13030681091065063,0.0020544670790583106,vit,dp_kfm,pink,0.5,42,2,True
layer,blocks.2.norm2.bias,identity,4.568441506472328,0.0014033747264628534,4022.8687106812235,0.1627969965622174,0.0025667197874712734,vit,dp_kfm,pink,0.5,42,2,True
layer,blocks.3.norm1.weight,identity,4.560660943600828,0.0014033747264628534,4022.8687106812235,0.12215418214084596,0.0019259296119965772,vit,dp_kfm,pink,0.5,42,2,True
layer,blocks.3.norm1.bias,identity,4.535105088747067,0.0014033747264628534,4022.8687106812235,0.17280993540799214,0.0027245876155572034,vit,dp_kfm,pink,0.5,42,2,True
layer,blocks.3.norm2.weight,identity,4.557372977415856,0.0014033747264628534,4022.8687106812235,0.11630004986324882,0.0018336311207916712,vit,dp_kfm,pink,0.5,42,2,True
layer,blocks.3.norm2.bias,identity,4.54816100072512,0.0014033747264628534,4022.8687106812235,0.13966193178209269,0.0022019634970634116,vit,dp_kfm,pink,0.5,42,2,True
layer,blocks.4.norm1.weight,identity,4.575430476149161,0.0014033747264628534,4022.8687106812235,0.11346924515637472,0.001788999569786224,vit,dp_kfm,pink,0.5,42,2,True
layer,blocks.4.norm1.bias,identity,4.571938808476905,0.0014033747264628534,4022.8687106812235,0.1729981355305533,0.0027275548507567676,vit,dp_kfm,pink,0.5,42,2,True
layer,blocks.4.norm2.weight,identity,4.571013739702338,0.0014033747264628534,4022.8687106812235,0.10205886361269284,0.0016090991250039227,vit,dp_kfm,pink,0.5,42,2,True
layer,blocks.4.norm2.bias,identity,4.556420523624274,0.0014033747264628534,4022.8687106812235,0.12632507732922013,0.0019916895426927025,vit,dp_kfm,pink,0.5,42,2,True
layer,blocks.5.norm1.weight,identity,4.570384816091335,0.0014033747264628534,4022.8687106812235,0.10354073808300227,0.001632462925355352,vit,dp_kfm,pink,0.5,42,2,True
layer,blocks.5.norm1.bias,identity,4.573178682413006,0.0014033747264628534,4022.8687106812235,0.13680396496110298,0.002156903697765659,vit,dp_kfm,pink,0.5,42,2,True
layer,blocks.5.norm2.weight,identity,4.5729665522707235,0.0014033747264628534,4022.8687106812235,0.0910344194998797,0.0014352835175432883,vit,dp_kfm,pink,0.5,42,2,True
layer,blocks.5.norm2.bias,identity,4.5799628497124285,0.0014033747264628534,4022.8687106812235,0.11162876200580168,0.0017599818076601405,vit,dp_kfm,pink,0.5,42,2,True
layer,blocks.6.norm1.weight,identity,4.556797856082491,0.0014033747264628534,4022.8687106812235,0.0869712323282042,0.0013712217526829441,vit,dp_kfm,pink,0.5,42,2,True
layer,blocks.6.norm1.bias,identity,4.53883962201289,0.0014033747264628534,4022.8687106812235,0.14065178691715663,0.0022175699321669473,vit,dp_kfm,pink,0.5,42,2,True
layer,blocks.6.norm2.weight,identity,4.585592902624712,0.0014033747264628534,4022.8687106812235,0.07679963429805378,0.0012108524431409654,vit,dp_kfm,pink,0.5,42,2,True
layer,blocks.6.norm2.bias,identity,4.567645766624769,0.0014033747264628534,4022.8687106812235,0.0973217376401262,0.0015344117829381003,vit,dp_kfm,pink,0.5,42,2,True
layer,blocks.7.norm1.weight,identity,4.5824806699587635,0.0014033747264628534,4022.8687106812235,0.0819281879975648,0.0012917111846387744,vit,dp_kfm,pink,0.5,42,2,True
layer,blocks.7.norm1.bias,identity,4.581933359857534,0.0014033747264628534,4022.8687106812235,0.11552369465832664,0.001821390807342042,vit,dp_kfm,pink,0.5,42,2,True
layer,blocks.7.norm2.weight,identity,4.601895393155003,0.0014033747264628534,4022.8687106812235,0.059149465464711906,0.0009325731225551358,vit,dp_kfm,pink,0.5,42,2,True
layer,blocks.7.norm2.bias,identity,4.590883152340319,0.0014033747264628534,4022.8687106812235,0.07909294827314568,0.0012470097094484127,vit,dp_kfm,pink,0.5,42,2,True
layer,blocks.8.norm1.weight,identity,4.550110053443197,0.0014033747264628534,4022.8687106812235,0.11844541229095702,0.0018674557263481468,vit,dp_kfm,pink,0.5,42,2,True
layer,blocks.8.norm1.bias,identity,4.567516928704807,0.0014033747264628534,4022.8687106812235,0.11710256761301746,0.001846283922941747,vit,dp_kfm,pink,0.5,42,2,True
layer,blocks.8.norm2.weight,identity,4.559007884325689,0.0014033747264628534,4022.8687106812235,0.046531876648017424,0.0007336393856319926,vit,dp_kfm,pink,0.5,42,2,True
layer,blocks.8.norm2.bias,identity,4.579771949405017,0.0014033747264628534,4022.8687106812235,0.07177328492092215,0.001131605094126776,vit,dp_kfm,pink,0.5,42,2,True
layer,blocks.9.norm1.weight,identity,4.573743472713339,0.0014033747264628534,4022.8687106812235,0.10289985459093164,0.0016223585108065689,vit,dp_kfm,pink,0.5,42,2,True
layer,blocks.9.norm1.bias,identity,4.562466230618087,0.0014033747264628534,4022.8687106812235,0.11998170969294329,0.001891677579480504,vit,dp_kfm,pink,0.5,42,2,True
layer,blocks.9.norm2.weight,identity,4.606297586068979,0.0014033747264628534,4022.8687106812235,0.23067180183024305,0.003636859958550042,vit,dp_kfm,pink,0.5,42,2,True
layer,blocks.9.norm2.bias,identity,4.568597294674945,0.0014033747264628534,4022.8687106812235,0.07221401428667522,0.0011385538020752413,vit,dp_kfm,pink,0.5,42,2,True
layer,blocks.10.norm1.weight,identity,4.591112281160312,0.0014033747264628534,4022.8687106812235,0.09166704920480602,0.0014452577997233404,vit,dp_kfm,pink,0.5,42,2,True
layer,blocks.10.norm1.bias,identity,4.583069756015141,0.0014033747264628534,4022.8687106812235,0.11070829575353784,0.0017454693842538368,vit,dp_kfm,pink,0.5,42,2,True
layer,blocks.10.norm2.weight,identity,4.566971886799483,0.0014033747264628534,4022.8687106812235,0.085093539141726,0.0013416173228819831,vit,dp_kfm,pink,0.5,42,2,True
layer,blocks.10.norm2.bias,identity,4.599707311226512,0.0014033747264628534,4022.8687106812235,0.05663880924617918,0.0008929891552109776,vit,dp_kfm,pink,0.5,42,2,True
layer,blocks.11.norm1.weight,identity,4.5787406444668255,0.0014033747264628534,4022.8687106812235,0.08567525904259188,0.0013507889415963839,vit,dp_kfm,pink,0.5,42,2,True
layer,blocks.11.norm1.bias,identity,4.5525189339377965,0.0014033747264628534,4022.8687106812235,0.10515667807177519,0.0016579404540084319,vit,dp_kfm,pink,0.5,42,2,True
layer,blocks.11.norm2.weight,identity,4.574598925455457,0.0014033747264628534,4022.8687106812235,0.07063263018205843,0.0011136210947242098,vit,dp_kfm,pink,0.5,42,2,True
layer,blocks.11.norm2.bias,identity,4.561904764234004,0.0014033747264628534,4022.8687106812235,0.05487850729036326,0.00086523556050513,vit,dp_kfm,pink,0.5,42,2,True
layer,norm.weight,identity,4.612200327424281,0.0014033747264628534,4022.8687106812235,0.043032159586307336,0.0006784615062943417,vit,dp_kfm,pink,0.5,42,2,True
layer,norm.bias,identity,4.586151785719393,0.0014033747264628534,4022.8687106812235,0.02088110614440014,0.0003292195154511753,vit,dp_kfm,pink,0.5,42,2,True
group,attention_out,attention_out,0.315087391759541,0.01540136214216007,44149.047788346405,3.701623763641127,0.01761698578979742,vit,dp_kfm,pink,0.5,42,2,True
group,attention_qkv,attention_qkv,0.6684343680953152,0.2079263942312678,596035.0929120673,3.792488510416414,0.004912339324328109,vit,dp_kfm,pink,0.5,42,2,True
group,identity,identity,4.576271376228091,0.3480369321627898,997671.4402489447,0.9993638926593111,0.0010005294679070274,vit,dp_kfm,pink,0.5,42,2,True
group,mlp_fc1,mlp_fc1,0.7371265603549136,0.3371554963866999,966479.0675451483,4.482161263376244,0.004559227376722193,vit,dp_kfm,pink,0.5,42,2,True
group,mlp_fc2,mlp_fc2,0.35131692960940586,0.07629105302329374,218693.47104880682,4.413013633152433,0.009436639411201674,vit,dp_kfm,pink,0.5,42,2,True
group,patch_head,patch_head,0.5395266619651494,0.015188762053786489,43539.615234603414,4.402519030476345,0.021098857965644143,vit,dp_kfm,pink,0.5,42,2,True
layer,patch_embed,patch_head,0.4704884328590184,0.011397097585186701,32670.552207811732,2.26951005986522,0.012556074231516019,vit,dp_kfm,pink,0.5,42,3,True
layer,blocks.0.attn.q_proj,attention_qkv,0.6335807945695855,0.005191743939088613,14882.485663020358,0.2046981340126767,0.001677938918593173,vit,dp_kfm,pink,0.5,42,3,True
layer,blocks.0.attn.k_proj,attention_qkv,0.6340718936564115,0.005198887955154082,14902.964468970295,0.3071127325291885,0.0025157152889042082,vit,dp_kfm,pink,0.5,42,3,True
layer,blocks.0.attn.v_proj,attention_qkv,0.6429021365783293,0.005346246852595575,15325.378729808612,0.8148955107830975,0.00658258259874854,vit,dp_kfm,pink,0.5,42,3,True
layer,blocks.0.attn.out_proj,attention_out,0.460688507387003,0.0027425861934203695,7861.809091906236,0.9447684188998673,0.010655261699538392,vit,dp_kfm,pink,0.5,42,3,True
layer,blocks.0.mlp.fc1,mlp_fc1,0.8572839678486232,0.03800079104343013,108931.8415011353,0.9875746781227647,0.0029922131219789487,vit,dp_kfm,pink,0.5,42,3,True
layer,blocks.0.mlp.fc2,mlp_fc2,0.5898722899053513,0.017923180012587088,51378.00952869858,1.5254819552113774,0.006730052270778485,vit,dp_kfm,pink,0.5,42,3,True
layer,blocks.1.attn.q_proj,attention_qkv,0.5849932438059415,0.0044341751097028955,12710.863299829702,0.1288878995153486,0.0011432063339717766,vit,dp_kfm,pink,0.5,42,3,True
layer,blocks.1.attn.k_proj,attention_qkv,0.5859426794523014,0.0044353695314484,12714.287190667072,0.17736122584403488,0.0015729418707546479,vit,dp_kfm,pink,0.5,42,3,True
layer,blocks.1.attn.v_proj,attention_qkv,0.5862051179608351,0.004445902363150908,12744.480266181434,0.7365744073948702,0.006524625069175984,vit,dp_kfm,pink,0.5,42,3,True
layer,blocks.1.attn.out_proj,attention_out,0.37486749842085526,0.001818133151805997,5211.801830497197,0.9159884627025561,0.01268808433141598,vit,dp_kfm,pink,0.5,42,3,True
layer,blocks.1.mlp.fc1,mlp_fc1,0.6636981898027947,0.022763980113936964,65254.49090973831,1.1902742246135924,0.004659526930387945,vit,dp_kfm,pink,0.5,42,3,True
layer,blocks.1.mlp.fc2,mlp_fc2,0.3480930166321783,0.006245664733073993,17903.62100607031,0.9895608734113351,0.007395577241071599,vit,dp_kfm,pink,0.5,42,3,True
layer,blocks.2.attn.q_proj,attention_qkv,0.622456478961449,0.005006795033898228,14352.317098819141,0.1966797670476121,0.0016417184340541226,vit,dp_kfm,pink,0.5,42,3,True
layer,blocks.2.attn.k_proj,attention_qkv,0.6227917911391408,0.005013365650233242,14371.152215602515,0.2616319469208101,0.0021824533947677215,vit,dp_kfm,pink,0.5,42,3,True
layer,blocks.2.attn.v_proj,attention_qkv,0.6274384292042029,0.005091675193125701,14595.631824583314,0.9884676807246096,0.008181840787040696,vit,dp_kfm,pink,0.5,42,3,True
layer,blocks.2.attn.out_proj,attention_out,0.39524564226246517,0.0020177095024748225,5783.900957949205,1.0854681381250741,0.014272717052902359,vit,dp_kfm,pink,0.5,42,3,True
layer,blocks.2.mlp.fc1,mlp_fc1,0.7049160561411053,0.025718646929940216,73724.24347151254,1.3019739607738865,0.0047950941208184565,vit,dp_kfm,pink,0.5,42,3,True
layer,blocks.2.mlp.fc2,mlp_fc2,0.3455976307104667,0.0061540878775361305,17641.10974673318,1.2422272680545319,0.009352723759998518,vit,dp_kfm,pink,0.5,42,3,True
layer,blocks.3.attn.q_proj,attention_qkv,0.6954371761427821,0.006247351230905942,17908.455466340187,0.2061122306669629,0.0015401914134339516,vit,dp_kfm,pink,0.5,42,3,True
layer,blocks.3.attn.k_proj,attention_qkv,0.6953944493138067,0.0062518552687935705,17921.366596024985,0.28716718251357265,0.0021451084088322967,vit,dp_kfm,pink,0.5,42,3,True
layer,blocks.3.attn.v_proj,attention_qkv,0.6975788262502466,0.006288639162482055,18026.81011883205,0.9216234387567007,0.006864265437488081,vit,dp_kfm,pink,0.5,42,3,True
layer,blocks.3.attn.out_proj,attention_out,0.34171967968985545,0.0015107390782702857,4330.63589743778,0.9942554128601586,0.015108527112427763,vit,dp_kfm,pink,0.5,42,3,True
layer,blocks.3.mlp.fc1,mlp_fc1,0.6829388772619782,0.02410439054707229,69096.86820872326,1.2866742211781739,0.004894850343076438,vit,dp_kfm,pink,0.5,42,3,True
layer,blocks.3.mlp.fc2,mlp_fc2,0.3148340764048433,0.005105466933963966,14635.16678387673,1.321864162838391,0.010926674114073637,vit,dp_kfm,pink,0.5,42,3,True
layer,blocks.4.attn.q_proj,attention_qkv,0.6801283312150583,0.0059736977112577585,17124.00911640838,0.27449600078739506,0.002097651303550379,vit,dp_kfm,pink,0.5,42,3,True
layer,blocks.4.attn.k_proj,attention_qkv,0.6826475446735594,0.006025023028380189,17271.13661444874,0.3986555883129793,0.003033453881634339,vit,dp_kfm,pink,0.5,42,3,True
layer,blocks.4.attn.v_proj,attention_qkv,0.6809746931068531,0.006000690072007891,17201.38454682007,0.8802285115535995,0.00671140936048044,vit,dp_kfm,pink,0.5,42,3,True
layer,blocks.4.attn.out_proj,attention_out,0.32634766119240893,0.001377362288385733,3948.3022949864467,0.910147261370646,0.014484598734779532,vit,dp_kfm,pink,0.5,42,3,True
layer,blocks.4.mlp.fc1,mlp_fc1,0.6742625462999892,0.02350602904480682,67381.62443259603,1.1423831456607094,0.004400895422922113,vit,dp_kfm,pink,0.5,42,3,True
layer,blocks.4.mlp.fc2,mlp_fc2,0.3120998584376387,0.005019744124582831,14389.436544370232,1.1329800996829837,0.009444965753635997,vit,dp_kfm,pink,0.5,42,3,True
layer,blocks.5.attn.q_proj,attention_qkv,0.6892586964206466,0.006139137725432305,17598.254123082348,0.19461650757989232,0.0014670498876194968,vit,dp_kfm,pink,0.5,42,3,True
layer,blocks.5.attn.k_proj,attention_qkv,0.6892207577177715,0.006142730400132446,17608.552768459107,0.2928619929640039,0.0022069941495476016,vit,dp_kfm,pink,0.5,42,3,True
layer,blocks.5.attn.v_proj,attention_qkv,0.6914840767113077,0.00617098817424013,17689.555591972974,0.8124534334659547,0.006108576501004094,vit,dp_kfm,pink,0.5,42,3,True
layer,blocks.5.attn.out_proj,attention_out,0.3460222925241226,0.001546262860742536,4432.467226089998,0.8093507860217588,0.012156653166010719,vit,dp_kfm,pink,0.5,42,3,True
layer,blocks.5.mlp.fc1,mlp_fc1,0.6563938920430269,0.022276284939588425,63856.47965854391,1.0399545216599757,0.004115398180343127,vit,dp_kfm,pink,0.5,42,3,True
layer,blocks.5.mlp.fc2,mlp_fc2,0.2995718461270794,0.004623460422218809,13253.462469355167,0.9402916617134264,0.008167664847980875,vit,dp_kfm,pink,0.5,42,3,True
layer,blocks.6.attn.q_proj,attention_qkv,0.6284578719595038,0.005109637228997939,14647.12121706565,0.17703278527160551,0.0014627751180725957,vit,dp_kfm,pink,0.5,42,3,True
layer,blocks.6.attn.k_proj,attention_qkv,0.629672626190051,0.005121950007655274,14682.416631090287,0.26925853221656,0.0022221363427927985,vit,dp_kfm,pink,0.5,42,3,True
layer,blocks.6.attn.v_proj,attention_qkv,0.633022541889927,0.005178565477928723,14844.708711465357,0.7992606267020046,0.006559980964438625,vit,dp_kfm,pink,0.5,42,3,True
layer,blocks.6.attn.out_proj,attention_out,0.2805045836921441,0.0010186681907443438,2920.081368032364,0.9057833094864831,0.016762038631231158,vit,dp_kfm,pink,0.5,42,3,True
layer,blocks.6.mlp.fc1,mlp_fc1,0.6679681739405479,0.023058721674183845,66099.38755643986,1.0322923426275559,0.004015170464753156,vit,dp_kfm,pink,0.5,42,3,True
layer,blocks.6.mlp.fc2,mlp_fc2,0.29115838313507153,0.004368105456875295,12521.470164786131,0.9368812873933633,0.008372533679652249,vit,dp_kfm,pink,0.5,42,3,True
layer,blocks.7.attn.q_proj,attention_qkv,0.6342353184614306,0.00520208637699196,14912.132961813053,0.16072166480729785,0.0013161474256880995,vit,dp_kfm,pink,0.5,42,3,True
layer,blocks.7.attn.k_proj,attention_qkv,0.63399578796572,0.005193677192414614,14888.027464627767,0.22655240881999883,0.0018567357672752477,vit,dp_kfm,pink,0.5,42,3,True
layer,blocks.7.attn.v_proj,attention_qkv,0.6357514243894173,0.005224212163206568,14975.55802668242,0.7868299254742365,0.006429680043864779,vit,dp_kfm,pink,0.5,42,3,True
layer,blocks.7.attn.out_proj,attention_out,0.28041178713776993,0.0010174415731763746,2916.5651856890845,0.7662704150452959,0.014188817883508556,vit,dp_kfm,pink,0.5,42,3,True
layer,blocks.7.mlp.fc1,mlp_fc1,0.7307857538589748,0.027602000638280375,79123.00444501442,0.9513714602006719,0.003382195708348598,vit,dp_kfm,pink,0.5,42,3,True
layer,blocks.7.mlp.fc2,mlp_fc2,0.3502029117682029,0.00630941954060164,18086.378480265983,0.9031497383992361,0.006715586587985031,vit,dp_kfm,pink,0.5,42,3,True
layer,blocks.8.attn.q_proj,attention_qkv,0.6625958381440489,0.005673597689927811,16263.752078057723,0.16321047227244345,0.0012797868658500078,vit,dp_kfm,pink,0.5,42,3,True
layer,blocks.8.attn.k_proj,attention_qkv,0.6622054604568998,0.005665306786077608,16239.985640588644,0.23710356213730255,0.001860566761840216,vit,dp_kfm,pink,0.5,42,3,True
layer,blocks.8.attn.v_proj,attention_qkv,0.6665302732959018,0.005742005469630143,16459.847612160254,0.7568578035688902,0.005899312305244209,vit,dp_kfm,pink,0.5,42,3,True
layer,blocks.8.attn.out_proj,attention_out,0.22981361761510136,0.0006825312693419411,1956.5221146726396,0.753004847371476,0.017023756212085336,vit,dp_kfm,pink,0.5,42,3,True
layer,blocks.8.mlp.fc1,mlp_fc1,0.7848797352886666,0.03184934451765043,91298.3033681234,0.8920922595067005,0.002952421896775963,vit,dp_kfm,pink,0.5,42,3,True
layer,blocks.8.mlp.fc2,mlp_fc2,0.32179376073543503,0.005335981957754427,15295.953713456045,0.7917116778507611,0.006401456085202794,vit,dp_kfm,pink,0.5,42,3,True
layer,blocks.9.attn.q_proj,attention_qkv,0.6933519996542468,0.006212535660935845,17808.654276796013,0.16588954104017847,0.0012430925226612855,vit,dp_kfm,pink,0.5,42,3,True
layer,blocks.9.attn.k_proj,attention_qkv,0.6923860229772054,0.006198909374098036,17769.593602601908,0.2509194311711504,0.001882329058025468,vit,dp_kfm,pink,0.5,42,3,True
layer,blocks.9.attn.v_proj,attention_qkv,0.6966170654530401,0.006279648075582231,18001.036559224263,0.686865050523048,0.005119442410881787,vit,dp_kfm,pink,0.5,42,3,True
layer,blocks.9.attn.out_proj,attention_out,0.21142948319859817,0.0005770967079321278,1654.2868028047963,0.6769500800576866,0.016643752206759847,vit,dp_kfm,pink,0.5,42,3,True
layer,blocks.9.mlp.fc1,mlp_fc1,0.8137901150749683,0.034244168999185455,98163.22995734747,0.8002387438674736,0.0025541426792005323,vit,dp_kfm,pink,0.5,42,3,True
layer,blocks.9.mlp.fc2,mlp_fc2,0.3265556035433959,0.00548725896191882,15729.599492607607,0.6628872601640816,0.0052854362642357116,vit,dp_kfm,pink,0.5,42,3,True
layer,blocks.10.attn.q_proj,attention_qkv,0.722357117565517,0.0067481526073117325,19344.03653347737,0.1401101416791887,0.0010073862536334058,vit,dp_kfm,pink,0.5,42,3,True
layer,blocks.10.attn.k_proj,attention_qkv,0.7219219946098016,0.006739501931391248,19319.238784999707,0.22930328441204956,0.001649739109726033,vit,dp_kfm,pink,0.5,42,3,True
layer,blocks.10.attn.v_proj,attention_qkv,0.7248701942976422,0.006801386020071441,19496.633716906425,0.6238713446277541,0.0044680211674232315,vit,dp_kfm,pink,0.5,42,3,True
layer,blocks.10.attn.out_proj,attention_out,0.21584945822652357,0.0006035369682054066,1730.0795998033138,0.6114650831064053,0.014700720470148858,vit,dp_kfm,pink,0.5,42,3,True
layer,blocks.10.mlp.fc1,mlp_fc1,0.8170320725157683,0.03455362801415142,99050.3151848851,0.7020843738841844,0.0022308038032681056,vit,dp_kfm,pink,0.5,42,3,True
layer,blocks.10.mlp.fc2,mlp_fc2,0.3197814867481453,0.005266510959167629,15096.810390404291,0.5629460284615921,0.004581673733310857,vit,dp_kfm,pink,0.5,42,3,True
layer,blocks.11.attn.q_proj,attention_qkv,0.7360637416900475,0.0070037242899188175,20076.650072761815,0.20396000992089788,0.001439459332305631,vit,dp_kfm,pink,0.5,42,3,True
layer,blocks.11.attn.k_proj,attention_qkv,0.7357366906416974,0.006995803552197512,20053.944741574123,0.27470398542746893,0.0019398361718075134,vit,dp_kfm,pink,0.5,42,3,True
layer,blocks.11.attn.v_proj,attention_qkv,0.7396780280384837,0.0070699862309153896,20266.59441486643,0.6439892096244711,0.004523641737620013,vit,dp_kfm,pink,0.5,42,3,True
layer,blocks.11.attn.out_proj,attention_out,0.2223255315783851,0.0006375890415949845,1827.69217468416,0.5786819255082062,0.013535939097420608,vit,dp_kfm,pink,0.5,42,3,True
layer,blocks.11.mlp.fc1,mlp_fc1,0.7486717623135549,0.02898941516407668,83100.12215942504,0.567424773938026,0.0019683732854230123,vit,dp_kfm,pink,0.5,42,3,True
layer,blocks.11.mlp.fc2,mlp_fc2,0.27630025149762993,0.003926989486995624,11256.981358233825,0.5552134330905685,0.0052329789968142346,vit,dp_kfm,pink,0.5,42,3,True
layer,head,patch_head,2.3999320968602254,0.003874214251269584,11105.697570306262,2.182685542617477,0.020711819399077395,vit,dp_kfm,pink,0.5,42,3,True
layer,cls_token,identity,4.564744074339793,0.0014079870915588107,4036.0903676463054,0.06841602729774701,0.001076905045542384,vit,dp_kfm,pink,0.5,42,3,True
layer,pos_embed,identity,4.585026889621077,0.2773734570370859,795109.8024263211,0.25008618006969746,0.00028046336420599365,vit,dp_kfm,pink,0.5,42,3,True
layer,blocks.0.norm1.weight,identity,4.576501482369436,0.0014079870915588107,4036.0903676463054,0.2834074905047323,0.004460986241437352,vit,dp_kfm,pink,0.5,42,3,True
layer,blocks.0.norm1.bias,identity,4.586694017833181,0.0014079870915588107,4036.0903676463054,0.19772674181403738,0.0031123252008116126,vit,dp_kfm,pink,0.5,42,3,True
layer,blocks.0.norm2.weight,identity,4.5683783637388915,0.0014079870915588107,4036.0903676463054,0.09476464535653087,0.0014916464570406802,vit,dp_kfm,pink,0.5,42,3,True
layer,blocks.0.norm2.bias,identity,4.587061363853598,0.0014079870915588107,4036.0903676463054,0.08336335931033412,0.0013121840861054764,vit,dp_kfm,pink,0.5,42,3,True
layer,blocks.1.norm1.weight,identity,4.579657730938151,0.0014079870915588107,4036.0903676463054,0.12226914695301633,0.001924582096748004,vit,dp_kfm,pink,0.5,42,3,True
layer,blocks.1.norm1.bias,identity,4.577012339226918,0.0014079870915588107,4036.0903676463054,0.1406871446853525,0.002214491281337478,vit,dp_kfm,pink,0.5,42,3,True
layer,blocks.1.norm2.weight,identity,4.59920651804267,0.0014079870915588107,4036.0903676463054,0.14416357257632642,0.0022692121250362947,vit,dp_kfm,pink,0.5,42,3,True
layer,blocks.1.norm2.bias,identity,4.546109537626188,0.0014079870915588107,4036.0903676463054,0.12436099883502795,0.0019575089698103875,vit,dp_kfm,pink,0.5,42,3,True
layer,blocks.2.norm1.weight,identity,4.574177051554155,0.0014079870915588107,4036.0903676463054,0.12678440236336197,0.0019956546440058572,vit,dp_kfm,pink,0.5,42,3,True
layer,blocks.2.norm1.bias,identity,4.585724787895445,0.0014079870915588107,4036.0903676463054,0.15683974722776753,0.002468741927912804,vit,dp_kfm,pink,0.5,42,3,True
layer,blocks.2.norm2.weight,identity,4.600600624434474,0.0014079870915588107,4036.0903676463054,0.11210683909935579,0.0017646219085550468,vit,dp_kfm,pink,0.5,42,3,True
layer,blocks.2.norm2.bias,identity,4.572463200253937,0.0014079870915588107,4036.0903676463054,0.1406567482345513,0.002214012824862768,vit,dp_kfm,pink,0.5,42,3,True
layer,blocks.3.norm1.weight,identity,4.576191638206522,0.0014079870915588107,4036.0903676463054,0.09960255280647448,0.001567797720837941,vit,dp_kfm,pink,0.5,42,3,True
layer,blocks.3.norm1.bias,identity,4.5504200435367785,0.0014079870915588107,4036.0903676463054,0.1451749089531395,0.00228513110323406,vit,dp_kfm,pink,0.5,42,3,True
layer,blocks.3.norm2.weight,identity,4.578507199832231,0.0014079870915588107,4036.0903676463054,0.10551349240392764,0.0016608390874272457,vit,dp_kfm,pink,0.5,42,3,True
layer,blocks.3.norm2.bias,identity,4.61144290785786,0.0014079870915588107,4036.0903676463054,0.11816273743625777,0.0018599450036233898,vit,dp_kfm,pink,0.5,42,3,True
layer,blocks.4.norm1.weight,identity,4.5360578108027525,0.0014079870915588107,4036.0903676463054,0.09692156440462767,0.0015255975222729992,vit,dp_kfm,pink,0.5,42,3,True
layer,blocks.4.norm1.bias,identity,4.589148442125055,0.0014079870915588107,4036.0903676463054,0.14750081247972166,0.00232174207499248,vit,dp_kfm,pink,0.5,42,3,True
layer,blocks.4.norm2.weight,identity,4.540076207531949,0.0014079870915588107,4036.0903676463054,0.0842293242464874,0.0013258148396853035,vit,dp_kfm,pink,0.5,42,3,True
layer,blocks.4.norm2.bias,identity,4.564452188669959,0.0014079870915588107,4036.0903676463054,0.10611592755843013,0.0016703217405879224,vit,dp_kfm,pink,0.5,42,3,True
layer,blocks.5.norm1.weight,identity,4.595341791056032,0.0014079870915588107,4036.0903676463054,0.07846350516477077,0.0012350577480207646,vit,dp_kfm,pink,0.5,42,3,True
layer,blocks.5.norm1.bias,identity,4.588872910864755,0.0014079870915588107,4036.0903676463054,0.11092238396281758,0.0017459779480221511,vit,dp_kfm,pink,0.5,42,3,True
layer,blocks.5.norm2.weight,identity,4.56560054416488,0.0014079870915588107,4036.0903676463054,0.07354962978979336,0.0011577107082482003,vit,dp_kfm,pink,0.5,42,3,True
layer,blocks.5.norm2.bias,identity,4.571035112665666,0.0014079870915588107,4036.0903676463054,0.0885758237145226,0.0013942310776992944,vit,dp_kfm,pink,0.5,42,3,True
layer,blocks.6.norm1.weight,identity,4.550133542352177,0.0014079870915588107,4036.0903676463054,0.07337521545538273,0.0011549653328711078,vit,dp_kfm,pink,0.5,42,3,True
layer,blocks.6.norm1.bias,identity,4.577291917956224,0.0014079870915588107,4036.0903676463054,0.11048977801505287,0.0017391684978643413,vit,dp_kfm,pink,0.5,42,3,True
layer,blocks.6.norm2.weight,identity,4.5653708689174906,0.0014079870915588107,4036.0903676463054,0.061865555091999216,0.0009737970919286089,vit,dp_kfm,pink,0.5,42,3,True
layer,blocks.6.norm2.bias,identity,4.571168377632738,0.0014079870915588107,4036.0903676463054,0.07345404392737352,0.0011562061353931517,vit,dp_kfm,pink,0.5,42,3,True
layer,blocks.7.norm1.weight,identity,4.5678190522596624,0.0014079870915588107,4036.0903676463054,0.06107191301115897,0.0009613047389673332,vit,dp_kfm,pink,0.5,42,3,True
layer,blocks.7.norm1.bias,identity,4.558087531408416,0.0014079870915588107,4036.0903676463054,0.08645278980300417,0.0013608133827310998,vit,dp_kfm,pink,0.5,42,3,True
layer,blocks.7.norm2.weight,identity,4.573770000637979,0.0014079870915588107,4036.0903676463054,0.04245495601555701,0.0006682638286268771,vit,dp_kfm,pink,0.5,42,3,True
layer,blocks.7.norm2.bias,identity,4.575397825569773,0.0014079870915588107,4036.0903676463054,0.0567246395960707,0.0008928763186107054,vit,dp_kfm,pink,0.5,42,3,True
layer,blocks.8.norm1.weight,identity,4.532047099681899,0.0014079870915588107,4036.0903676463054,0.07707351018504692,0.0012131784798716694,vit,dp_kfm,pink,0.5,42,3,True
layer,blocks.8.norm1.bias,identity,4.584578506610142,0.0014079870915588107,4036.0903676463054,0.08111736367718647,0.0012768309075428495,vit,dp_kfm,pink,0.5,42,3,True
layer,blocks.8.norm2.weight,identity,4.619355413342733,0.0014079870915588107,4036.0903676463054,0.03143383733349936,0.0004947854963557462,vit,dp_kfm,pink,0.5,42,3,True
layer,blocks.8.norm2.bias,identity,4.593481667762433,0.0014079870915588107,4036.0903676463054,0.046867129668003736,0.0007377138136055499,vit,dp_kfm,pink,0.5,42,3,True
layer,blocks.9.norm1.weight,identity,4.5706284267097494,0.0014079870915588107,4036.0903676463054,0.06860321226437047,0.001079851437535144,vit,dp_kfm,pink,0.5,42,3,True
layer,blocks.9.norm1.bias,identity,4.589487915237482,0.0014079870915588107,4036.0903676463054,0.08217351503199374,0.0012934552975837736,vit,dp_kfm,pink,0.5,42,3,True
layer,blocks.9.norm2.weight,identity,4.594823489414191,0.0014079870915588107,4036.0903676463054,0.10914638149469513,0.0017180227145138802,vit,dp_kfm,pink,0.5,42,3,True
layer,blocks.9.norm2.bias,identity,4.552356375261007,0.0014079870915588107,4036.0903676463054,0.0438497092202715,0.0006902179937950274,vit,dp_kfm,pink,0.5,42,3,True
layer,blocks.10.norm1.weight,identity,4.5342412624021105,0.0014079870915588107,4036.0903676463054,0.05441179117994349,0.0008564708413083986,vit,dp_kfm,pink,0.5,42,3,True
layer,blocks.10.norm1.bias,identity,4.579204336267627,0.0014079870915588107,4036.0903676463054,0.07411902887968419,0.001166673355993911,vit,dp_kfm,pink,0.5,42,3,True
layer,blocks.10.norm2.weight,identity,4.593622342831721,0.0014079870915588107,4036.0903676463054,0.04120794659909556,0.0006486352301029983,vit,dp_kfm,pink,0.5,42,3,True
layer,blocks.10.norm2.bias,identity,4.586624421025247,0.0014079870915588107,4036.0903676463054,0.03436621595973567,0.0005409427121831337,vit,dp_kfm,pink,0.5,42,3,True
layer,blocks.11.norm1.weight,identity,4.596506320693676,0.0014079870915588107,4036.0903676463054,0.06504948957065772,0.0010239139320927062,vit,dp_kfm,pink,0.5,42,3,True
layer,blocks.11.norm1.bias,identity,4.576074249804391,0.0014079870915588107,4036.0903676463054,0.06983630635250941,0.0010992610013112769,vit,dp_kfm,pink,0.5,42,3,True
layer,blocks.11.norm2.weight,identity,4.589237998365166,0.0014079870915588107,4036.0903676463054,0.03794251636320179,0.0005972356029133554,vit,dp_kfm,pink,0.5,42,3,True
layer,blocks.11.norm2.bias,identity,4.590398740369454,0.0014079870915588107,4036.0903676463054,0.031496355016345255,0.0004957695582890608,vit,dp_kfm,pink,0.5,42,3,True
layer,norm.weight,identity,4.590095814957095,0.0014079870915588107,4036.0903676463054,0.02761973122026447,0.0004347494159253352,vit,dp_kfm,pink,0.5,42,3,True
layer,norm.bias,identity,4.56387979811624,0.0014079870915588107,4036.0903676463054,0.013611524307188297,0.00021425270923932453,vit,dp_kfm,pink,0.5,42,3,True
group,attention_out,attention_out,0.3166134676528301,0.01554965682609489,44574.14454455306,2.923580266204826,0.013847568216329913,vit,dp_kfm,pink,0.5,42,3,True
group,attention_qkv,attention_qkv,0.6678368860991352,0.2075649605372831,594999.0187466295,2.9874929402161254,0.003873011289487074,vit,dp_kfm,pink,0.5,42,3,True
group,identity,identity,4.584327725614077,0.3491807987065841,1000950.4111762858,0.7854316062477329,0.0007850586305984637,vit,dp_kfm,pink,0.5,42,3,True
group,mlp_fc1,mlp_fc1,0.7365935786690976,0.33666740162630193,965079.9108534835,3.517988366062321,0.0035810695947872135,vit,dp_kfm,pink,0.5,42,3,True
group,mlp_fc2,mlp_fc2,0.3501262073866437,0.07576587046727604,217187.99967885777,3.4904031344433326,0.007489583676843396,vit,dp_kfm,pink,0.5,42,3,True
group,patch_head,patch_head,0.5415049814030896,0.015271311836456348,43776.24977811799,3.1615918696365877,0.015110767702290907,vit,dp_kfm,pink,0.5,42,3,True
layer,patch_embed,patch_head,0.46833593219889313,0.011300422313774497,32393.425994030447,2.123898098746472,0.011800631125057576,vit,dp_kfm,pink,0.5,42,4,True
layer,blocks.0.attn.q_proj,attention_qkv,0.6327216301782705,0.005178448091155976,14844.372214330024,0.19045010916224062,0.0015631487518453309,vit,dp_kfm,pink,0.5,42,4,True
layer,blocks.0.attn.k_proj,attention_qkv,0.6339024323310694,0.00518550945787497,14864.614100330053,0.28607321473743197,0.002346390960649632,vit,dp_kfm,pink,0.5,42,4,True
layer,blocks.0.attn.v_proj,attention_qkv,0.6402055764763166,0.0053010990392323735,15195.95946472573,0.7483088604674792,0.006070393223310403,vit,dp_kfm,pink,0.5,42,4,True
layer,blocks.0.attn.out_proj,attention_out,0.45720400135035216,0.002699569591524176,7738.499088850805,0.8631036116357375,0.009811480973726314,vit,dp_kfm,pink,0.5,42,4,True
layer,blocks.0.mlp.fc1,mlp_fc1,0.8566416903542373,0.03794556219380941,108773.52426278254,0.9086048395122,0.0027549482525957287,vit,dp_kfm,pink,0.5,42,4,True
layer,blocks.0.mlp.fc2,mlp_fc2,0.5874835319829207,0.017795554766154322,51012.16311513094,1.3937535635899607,0.006170908699739772,vit,dp_kfm,pink,0.5,42,4,True
layer,blocks.1.attn.q_proj,attention_qkv,0.5855465276565398,0.004434058224087052,12710.528239294617,0.11723560638063414,0.0010398668515391562,vit,dp_kfm,pink,0.5,42,4,True
layer,blocks.1.attn.k_proj,attention_qkv,0.5857511785252841,0.004435053018817865,12713.37988577271,0.1611645686210681,0.0014293515532846583,vit,dp_kfm,pink,0.5,42,4,True
layer,blocks.1.attn.v_proj,attention_qkv,0.586406013284501,0.004443664481349032,12738.06522641378,0.6833984900338559,0.006055113395561563,vit,dp_kfm,pink,0.5,42,4,True
layer,blocks.1.attn.out_proj,attention_out,0.37294390822002554,0.0018018994611209151,5165.266856562929,0.8341136636955478,0.011605900785805258,vit,dp_kfm,pink,0.5,42,4,True
layer,blocks.1.mlp.fc1,mlp_fc1,0.6628888859921098,0.02272783056467404,65150.865778194166,1.0926795547046224,0.004280876720550168,vit,dp_kfm,pink,0.5,42,4,True
layer,blocks.1.mlp.fc2,mlp_fc2,0.3468074255927776,0.006194993741602237,17758.369176828164,0.9070041171452203,0.006806247198244474,vit,dp_kfm,pink,0.5,42,4,True
layer,blocks.2.attn.q_proj,attention_qkv,0.6233123688691093,0.005021740346386923,14395.158849385241,0.1804157183731703,0.0015037171091151086,vit,dp_kfm,pink,0.5,42,4,True
layer,blocks.2.attn.k_proj,attention_qkv,0.6237579955198838,0.005027644947630444,14412.084788796665,0.24083083287974658,0.002006082010344781,vit,dp_kfm,pink,0.5,42,4,True
layer,blocks.2.attn.v_proj,attention_qkv,0.6276359197064622,0.005096580222422883,14609.692423304712,0.8985021621231938,0.007433589763743836,vit,dp_kfm,pink,0.5,42,4,True
layer,blocks.2.attn.out_proj,attention_out,0.3930924147966697,0.0019958410968051177,5721.21369184531,0.9808748211579955,0.012967895488814931,vit,dp_kfm,pink,0.5,42,4,True
layer,blocks.2.mlp.fc1,mlp_fc1,0.7065086179139868,0.025806730535192886,73976.74109229217,1.1871991026934654,0.0043649167196291245,vit,dp_kfm,pink,0.5,42,4,True
layer,blocks.2.mlp.fc2,mlp_fc2,0.3445857723498924,0.006116040270693014,17532.043704571068,1.1336436986935357,0.00856170591165772,vit,dp_kfm,pink,0.5,42,4,True
layer,blocks.3.attn.q_proj,attention_qkv,0.6972144237402039,0.006279882100655467,18001.70740794823,0.18813933485480305,0.001402241302668332,vit,dp_kfm,pink,0.5,42,4,True
layer,blocks.3.attn.k_proj,attention_qkv,0.6973387724476134,0.006282561971751123,18009.38943996463,0.2648603912400195,0.001973638105075251,vit,dp_kfm,pink,0.5,42,4,True
layer,blocks.3.attn.v_proj,attention_qkv,0.6984580240488948,0.006312168645666994,18094.258976145753,0.8296810514768982,0.006167948951973081,vit,dp_kfm,pink,0.5,42,4,True
layer,blocks.3.attn.out_proj,attention_out,0.34030073020815615,0.0014954933757760685,4286.933058573776,0.8960026504675228,0.013684720867736361,vit,dp_kfm,pink,0.5,42,4,True
layer,blocks.3.mlp.fc1,mlp_fc1,0.685606697994776,0.024317811042879535,69708.65251594424,1.1549877186278004,0.004374556422193311,vit,dp_kfm,pink,0.5,42,4,True
layer,blocks.3.mlp.fc2,mlp_fc2,0.3152594690148437,0.005116856148218329,14667.814737982619,1.182727613912035,0.009765669642924924,vit,dp_kfm,pink,0.5,42,4,True
layer,blocks.4.attn.q_proj,attention_qkv,0.6809041821243801,0.0059896781023862635,17169.8179900063,0.24429950463164526,0.0018644027748915162,vit,dp_kfm,pink,0.5,42,4,True
layer,blocks.4.attn.k_proj,attention_qkv,0.6824384403117801,0.006021717744202564,17261.661793470732,0.3607138066452619,0.0027455001009891134,vit,dp_kfm,pink,0.5,42,4,True
layer,blocks.4.attn.v_proj,attention_qkv,0.6819279094239483,0.006008927539345915,17224.997804907478,0.8041280672760195,0.006126968300114739,vit,dp_kfm,pink,0.5,42,4,True
layer,blocks.4.attn.out_proj,attention_out,0.3242782629632168,0.0013609165370495665,3901.159434831974,0.8320881783121772,0.013322094257528089,vit,dp_kfm,pink,0.5,42,4,True
layer,blocks.4.mlp.fc1,mlp_fc1,0.6757429625790101,0.023619380232655186,67706.55329038031,1.0256487867946247,0.003941697734055904,vit,dp_kfm,pink,0.5,42,4,True
layer,blocks.4.mlp.fc2,mlp_fc2,0.31452389617572785,0.005096389934854083,14609.146951099696,1.0254757533929098,0.008484240434240606,vit,dp_kfm,pink,0.5,42,4,True
layer,blocks.5.attn.q_proj,attention_qkv,0.6930766983253542,0.0062110481210987155,17804.390143094588,0.17722076527158967,0.0013281620181737701,vit,dp_kfm,pink,0.5,42,4,True
layer,blocks.5.attn.k_proj,attention_qkv,0.6932181436311987,0.00621340257420755,17811.139342409453,0.267083505381779,0.002001249410158759,vit,dp_kfm,pink,0.5,42,4,True
layer,blocks.5.attn.v_proj,attention_qkv,0.6949764745963815,0.006241290534336456,17891.082069103635,0.7393577759555962,0.00552759659763801,vit,dp_kfm,pink,0.5,42,4,True
layer,blocks.5.attn.out_proj,attention_out,0.34832419605337755,0.0015698007728369141,4499.940245443722,0.7312187999271977,0.010900438659646624,vit,dp_kfm,pink,0.5,42,4,True
layer,blocks.5.mlp.fc1,mlp_fc1,0.6578000721086393,0.022367598198550352,64118.23530044096,0.9220533548158412,0.0036413738734113192,vit,dp_kfm,pink,0.5,42,4,True
layer,blocks.5.mlp.fc2,mlp_fc2,0.30128909124252434,0.004672624810218678,13394.395517695659,0.8327940835343295,0.0071957500881997035,vit,dp_kfm,pink,0.5,42,4,True
layer,blocks.6.attn.q_proj,attention_qkv,0.6323373822504733,0.00516643335673461,14809.931164295846,0.1578798627702545,0.0012973292808213296,vit,dp_kfm,pink,0.5,42,4,True
layer,blocks.6.attn.k_proj,attention_qkv,0.6328945423538342,0.005176786050679977,14839.607862727711,0.24042789578650955,0.0019736659247241023,vit,dp_kfm,pink,0.5,42,4,True
layer,blocks.6.attn.v_proj,attention_qkv,0.6360139032533184,0.0052263706039969715,14981.745343409466,0.7123349299587961,0.005819732666635068,vit,dp_kfm,pink,0.5,42,4,True
layer,blocks.6.attn.out_proj,attention_out,0.2819680254806563,0.0010279703923021515,2946.74675888033,0.811944125344814,0.01495735277039469,vit,dp_kfm,pink,0.5,42,4,True
layer,blocks.6.mlp.fc1,mlp_fc1,0.6735024340178402,0.023459115756623666,67247.14431435756,0.9040078554671168,0.003486063398767376,vit,dp_kfm,pink,0.5,42,4,True
layer,blocks.6.mlp.fc2,mlp_fc2,0.2934954914476439,0.004434394910093701,12711.493372538089,0.8181375763585688,0.007256514246071068,vit,dp_kfm,pink,0.5,42,4,True
layer,blocks.7.attn.q_proj,attention_qkv,0.638741215731516,0.005274619708741986,15120.05467030347,0.1403823787345761,0.0011416577164192624,vit,dp_kfm,pink,0.5,42,4,True
layer,blocks.7.attn.k_proj,attention_qkv,0.6386930630485212,0.0052697800326239885,15106.181410896726,0.1998365991941606,0.0016259144184991759,vit,dp_kfm,pink,0.5,42,4,True
layer,blocks.7.attn.v_proj,attention_qkv,0.6403930142164437,0.005302439785664449,15199.802805188443,0.6938396049610158,0.0056278188436092716,vit,dp_kfm,pink,0.5,42,4,True
layer,blocks.7.attn.out_proj,attention_out,0.2807714997166457,0.0010214462356481235,2928.04482191929,0.6595476289352544,0.012188697620781968,vit,dp_kfm,pink,0.5,42,4,True
layer,blocks.7.mlp.fc1,mlp_fc1,0.7368176043649154,0.028058396303732372,80431.29353389131,0.8093497603973253,0.002853801197378738,vit,dp_kfm,pink,0.5,42,4,True
layer,blocks.7.mlp.fc2,mlp_fc2,0.35527535375000213,0.006493231289955422,18613.287310236596,0.7507738842645534,0.005502975974302297,vit,dp_kfm,pink,0.5,42,4,True
layer,blocks.8.attn.q_proj,attention_qkv,0.6641092292355639,0.005695155352394072,16325.54857772065,0.1370426187311315,0.0010725603970732284,vit,dp_kfm,pink,0.5,42,4,True
layer,blocks.8.attn.k_proj,attention_qkv,0.6636014293907837,0.0056868680170087185,16301.792369497627,0.1990573690911308,0.0015590519295304733,vit,dp_kfm,pink,0.5,42,4,True
layer,blocks.8.attn.v_proj,attention_qkv,0.6673571770708482,0.005758082680613865,16505.934026431296,0.6183955497248018,0.0048133373737244915,vit,dp_kfm,pink,0.5,42,4,True
layer,blocks.8.attn.out_proj,attention_out,0.23481395051106646,0.0007134403099622573,2045.1249732277536,0.6020339643701412,0.013312544335503801,vit,dp_kfm,pink,0.5,42,4,True
layer,blocks.8.mlp.fc1,mlp_fc1,0.7838512448074223,0.03179312562291536,91137.1480983905,0.7276031558073777,0.0024101654521066535,vit,dp_kfm,pink,0.5,42,4,True
layer,blocks.8.mlp.fc2,mlp_fc2,0.32082852157443564,0.005301887578489918,15198.21986591905,0.636701921879605,0.005164636964919352,vit,dp_kfm,pink,0.5,42,4,True
layer,blocks.9.attn.q_proj,attention_qkv,0.6909858962337546,0.006182358158034987,17722.148420664045,0.1388018969295449,0.0010426468049403164,vit,dp_kfm,pink,0.5,42,4,True
layer,blocks.9.attn.k_proj,attention_qkv,0.69057701899421,0.006168851075119089,17683.429452586457,0.21212888822124779,0.0015952052443046108,vit,dp_kfm,pink,0.5,42,4,True
layer,blocks.9.attn.v_proj,attention_qkv,0.6949064480182818,0.00624436037932821,17899.8819877078,0.5530592212321418,0.004133772329914511,vit,dp_kfm,pink,0.5,42,4,True
layer,blocks.9.attn.out_proj,attention_out,0.20893653090058395,0.0005640152754565651,1616.7879905456782,0.5299591532600341,0.013180013655912223,vit,dp_kfm,pink,0.5,42,4,True
layer,blocks.9.mlp.fc1,mlp_fc1,0.8118998233981762,0.034104922627839776,97764.07080206263,0.6310472910945195,0.0020182374859820922,vit,dp_kfm,pink,0.5,42,4,True
layer,blocks.9.mlp.fc2,mlp_fc2,0.32426979075909773,0.005418953165571086,15533.796300698843,0.5166798093822659,0.004145555060804773,vit,dp_kfm,pink,0.5,42,4,True
layer,blocks.10.attn.q_proj,attention_qkv,0.7207271351475982,0.006717820507715035,19257.0875154454,0.11597237479896727,0.0008357170226700182,vit,dp_kfm,pink,0.5,42,4,True
layer,blocks.10.attn.k_proj,attention_qkv,0.7204905417786859,0.006709602200828992,19233.52918209133,0.18625400734472325,0.0013430003789341564,vit,dp_kfm,pink,0.5,42,4,True
layer,blocks.10.attn.v_proj,attention_qkv,0.7235797940696868,0.00676647781312927,19396.566977207058,0.48078424452723795,0.0034521351672582396,vit,dp_kfm,pink,0.5,42,4,True
layer,blocks.10.attn.out_proj,attention_out,0.21131548044377446,0.0005784869625033031,1658.2720617016535,0.4583221444615541,0.011254933915671431,vit,dp_kfm,pink,0.5,42,4,True
layer,blocks.10.mlp.fc1,mlp_fc1,0.8138847256555486,0.034259644663216,98207.59199653193,0.5301386343201485,0.0016916749707520772,vit,dp_kfm,pink,0.5,42,4,True
layer,blocks.10.mlp.fc2,mlp_fc2,0.31880771569898136,0.005235320220326889,15007.400024819495,0.42504491800232586,0.003469621485587411,vit,dp_kfm,pink,0.5,42,4,True
layer,blocks.11.attn.q_proj,attention_qkv,0.7319203747835588,0.0069320538131638675,19871.201796559733,0.16350790032639387,0.0011599163620838598,vit,dp_kfm,pink,0.5,42,4,True
layer,blocks.11.attn.k_proj,attention_qkv,0.7317890779286166,0.006926138229200452,19854.244374437818,0.21898928785997163,0.0015541616554395508,vit,dp_kfm,pink,0.5,42,4,True
layer,blocks.11.attn.v_proj,attention_qkv,0.7355898979707313,0.007000682974347496,20067.931935673612,0.48995619373784355,0.0034586446394235418,vit,dp_kfm,pink,0.5,42,4,True
layer,blocks.11.attn.out_proj,attention_out,0.21677273959148194,0.0006062571180286421,1737.8770935203602,0.4361121770087862,0.010461372915624005,vit,dp_kfm,pink,0.5,42,4,True
layer,blocks.11.mlp.fc1,mlp_fc1,0.7482967684155297,0.028950174530273817,82987.63622467221,0.42611363157353166,0.0014791721811325909,vit,dp_kfm,pink,0.5,42,4,True
layer,blocks.11.mlp.fc2,mlp_fc2,0.27380952962693417,0.003863789834162433,11075.815272572914,0.42831990309540546,0.004069868749027869,vit,dp_kfm,pink,0.5,42,4,True
layer,head,patch_head,2.3485986639014325,0.003779165111915821,10833.23277421627,1.594372987534474,0.015318311273594112,vit,dp_kfm,pink,0.5,42,4,True
layer,cls_token,identity,4.5966591341354945,0.0014050225427446057,4027.592287667326,0.061746128738653705,0.0009729420724793171,vit,dp_kfm,pink,0.5,42,4,True
layer,pos_embed,identity,4.5798143098751325,0.2767894409206875,793435.6806704602,0.2277419441816106,0.00025567434995477946,vit,dp_kfm,pink,0.5,42,4,True
layer,blocks.0.norm1.weight,identity,4.545440089455795,0.0014050225427446057,4027.592287667326,0.2647321320093886,0.004171419883816003,vit,dp_kfm,pink,0.5,42,4,True
layer,blocks.0.norm1.bias,identity,4.5643559531323445,0.0014050225427446057,4027.592287667326,0.1826239719034988,0.002877630538754143,vit,dp_kfm,pink,0.5,42,4,True
layer,blocks.0.norm2.weight,identity,4.5844620711700586,0.0014050225427446057,4027.592287667326,0.08719484885352953,0.0013739409852259435,vit,dp_kfm,pink,0.5,42,4,True
layer,blocks.0.norm2.bias,identity,4.540400751768316,0.0014050225427446057,4027.592287667326,0.0766017529524163,0.0012070241454087568,vit,dp_kfm,pink,0.5,42,4,True
layer,blocks.1.norm1.weight,identity,4.589947216632426,0.0014050225427446057,4027.592287667326,0.10670941416529525,0.0016814346209536946,vit,dp_kfm,pink,0.5,42,4,True
layer,blocks.1.norm1.bias,identity,4.568576778933303,0.0014050225427446057,4027.592287667326,0.13332055379952545,0.0021007499347339446,vit,dp_kfm,pink,0.5,42,4,True
layer,blocks.1.norm2.weight,identity,4.555429610477055,0.0014050225427446057,4027.592287667326,0.13294826632514534,0.002094883750824428,vit,dp_kfm,pink,0.5,42,4,True
layer,blocks.1.norm2.bias,identity,4.564412339848804,0.0014050225427446057,4027.592287667326,0.11459348426201683,0.0018056649760573064,vit,dp_kfm,pink,0.5,42,4,True
layer,blocks.2.norm1.weight,identity,4.583730292221825,0.0014050225427446057,4027.592287667326,0.11152365552841607,0.0017572932709603328,vit,dp_kfm,pink,0.5,42,4,True
layer,blocks.2.norm1.bias,identity,4.5569473973961,0.0014050225427446057,4027.592287667326,0.14208141909740174,0.0022387960699937898,vit,dp_kfm,pink,0.5,42,4,True
layer,blocks.2.norm2.weight,identity,4.5872613156005775,0.0014050225427446057,4027.592287667326,0.09934479721433946,0.0015653893590781307,vit,dp_kfm,pink,0.5,42,4,True
layer,blocks.2.norm2.bias,identity,4.544554010717878,0.0014050225427446057,4027.592287667326,0.12878929468405828,0.002029350274143021,vit,dp_kfm,pink,0.5,42,4,True
layer,blocks.3.norm1.weight,identity,4.5655120197613375,0.0014050225427446057,4027.592287667326,0.08698099191684307,0.001370571212651625,vit,dp_kfm,pink,0.5,42,4,True
layer,blocks.3.norm1.bias,identity,4.596599434751664,0.0014050225427446057,4027.592287667326,0.13197893625302928,0.002079609886234913,vit,dp_kfm,pink,0.5,42,4,True
layer,blocks.3.norm2.weight,identity,4.5710444112690665,0.0014050225427446057,4027.592287667326,0.09458819056094069,0.0014904388669604032,vit,dp_kfm,pink,0.5,42,4,True
layer,blocks.3.norm2.bias,identity,4.596092421271073,0.0014050225427446057,4027.592287667326,0.10546424913213413,0.001661814387706843,vit,dp_kfm,pink,0.5,42,4,True
layer,blocks.4.norm1.weight,identity,4.599824024784451,0.0014050225427446057,4027.592287667326,0.08577669100647438,0.001351594880895149,vit,dp_kfm,pink,0.5,42,4,True
layer,blocks.4.norm1.bias,identity,4.585820884792566,0.0014050225427446057,4027.592287667326,0.1329816536257408,0.002095409839019747,vit,dp_kfm,pink,0.5,42,4,True
layer,blocks.4.norm2.weight,identity,4.550178605126664,0.0014050225427446057,4027.592287667326,0.07464943203621885,0.0011762611616047084,vit,dp_kfm,pink,0.5,42,4,True
layer,blocks.4.norm2.bias,identity,4.518520260992925,0.0014050225427446057,4027.592287667326,0.09437249413454146,0.0014870401092987608,vit,dp_kfm,pink,0.5,42,4,True
layer,blocks.5.norm1.weight,identity,4.563136301556088,0.0014050225427446057,4027.592287667326,0.0685959638830866,0.0010808758480488634,vit,dp_kfm,pink,0.5,42,4,True
layer,blocks.5.norm1.bias,identity,4.594169770635094,0.0014050225427446057,4027.592287667326,0.09926109033301891,0.00156407037846742,vit,dp_kfm,pink,0.5,42,4,True
layer,blocks.5.norm2.weight,identity,4.576090158102183,0.0014050225427446057,4027.592287667326,0.06682057188187648,0.00105290075700418,vit,dp_kfm,pink,0.5,42,4,True
layer,blocks.5.norm2.bias,identity,4.550724317196693,0.0014050225427446057,4027.592287667326,0.07712154510342682,0.0012152145803881408,vit,dp_kfm,pink,0.5,42,4,True
layer,blocks.6.norm1.weight,identity,4.587625662437792,0.0014050225427446057,4027.592287667326,0.06470284301398345,0.0010195314178121145,vit,dp_kfm,pink,0.5,42,4,True
layer,blocks.6.norm1.bias,identity,4.562580706253874,0.0014050225427446057,4027.592287667326,0.09500365803952981,0.0014969854440159004,vit,dp_kfm,pink,0.5,42,4,True
layer,blocks.6.norm2.weight,identity,4.580312931055648,0.0014050225427446057,4027.592287667326,0.05382621483112164,0.0008481469216178476,vit,dp_kfm,pink,0.5,42,4,True
layer,blocks.6.norm2.bias,identity,4.562960399328671,0.0014050225427446057,4027.592287667326,0.0644429100328283,0.0010154356187951224,vit,dp_kfm,pink,0.5,42,4,True
layer,blocks.7.norm1.weight,identity,4.580408198816339,0.0014050225427446057,4027.592287667326,0.05390952970740347,0.0008494597253523312,vit,dp_kfm,pink,0.5,42,4,True
layer,blocks.7.norm1.bias,identity,4.5677068485059475,0.0014050225427446057,4027.592287667326,0.07752680844435886,0.001221600369471295,vit,dp_kfm,pink,0.5,42,4,True
layer,blocks.7.norm2.weight,identity,4.6038549817873635,0.0014050225427446057,4027.592287667326,0.035508918566146366,0.0005595188156244409,vit,dp_kfm,pink,0.5,42,4,True
layer,blocks.7.norm2.bias,identity,4.575322730343225,0.0014050225427446057,4027.592287667326,0.0481853130951826,0.0007592624727020884,vit,dp_kfm,pink,0.5,42,4,True
layer,blocks.8.norm1.weight,identity,4.596442437346943,0.0014050225427446057,4027.592287667326,0.06687762078574777,0.0010537996842713488,vit,dp_kfm,pink,0.5,42,4,True
layer,blocks.8.norm1.bias,identity,4.540358021562254,0.0014050225427446057,4027.592287667326,0.06859207790627313,0.0010808146161884735,vit,dp_kfm,pink,0.5,42,4,True
layer,blocks.8.norm2.weight,identity,4.557845220820237,0.0014050225427446057,4027.592287667326,0.026353716228598837,0.00041525905848302145,vit,dp_kfm,pink,0.5,42,4,True
layer,blocks.8.norm2.bias,identity,4.578948419459301,0.0014050225427446057,4027.592287667326,0.03848254835667733,0.0006063747010100825,vit,dp_kfm,pink,0.5,42,4,True
layer,blocks.9.norm1.weight,identity,4.573263104685732,0.0014050225427446057,4027.592287667326,0.054601040359551954,0.0008603559518978126,vit,dp_kfm,pink,0.5,42,4,True
layer,blocks.9.norm1.bias,identity,4.576257494400212,0.0014050225427446057,4027.592287667326,0.07015233968648717,0.0011053998713463635,vit,dp_kfm,pink,0.5,42,4,True
layer,blocks.9.norm2.weight,identity,4.552321458452322,0.0014050225427446057,4027.592287667326,0.06596299534742175,0.0010393878079693747,vit,dp_kfm,pink,0.5,42,4,True
layer,blocks.9.norm2.bias,identity,4.579991506980081,0.0014050225427446057,4027.592287667326,0.034033010409318123,0.0005362627318791501,vit,dp_kfm,pink,0.5,42,4,True
layer,blocks.10.norm1.weight,identity,4.559961817771252,0.0014050225427446057,4027.592287667326,0.0432061955702686,0.0006808058467925963,vit,dp_kfm,pink,0.5,42,4,True
layer,blocks.10.norm1.bias,identity,4.566275404511725,0.0014050225427446057,4027.592287667326,0.06213438381018235,0.0009790598599691623,vit,dp_kfm,pink,0.5,42,4,True
layer,blocks.10.norm2.weight,identity,4.54656698623585,0.0014050225427446057,4027.592287667326,0.03559077661123814,0.0005608086638735157,vit,dp_kfm,pink,0.5,42,4,True
layer,blocks.10.norm2.bias,identity,4.555535624000022,0.0014050225427446057,4027.592287667326,0.026578310427879982,0.00041879801955117693,vit,dp_kfm,pink,0.5,42,4,True
layer,blocks.11.norm1.weight,identity,4.600859235717221,0.0014050225427446057,4027.592287667326,0.04466048237290453,0.0007037212399458215,vit,dp_kfm,pink,0.5,42,4,True
layer,blocks.11.norm1.bias,identity,4.579131216664006,0.0014050225427446057,4027.592287667326,0.05748501942536968,0.0009057991987313115,vit,dp_kfm,pink,0.5,42,4,True
layer,blocks.11.norm2.weight,identity,4.567951859139905,0.0014050225427446057,4027.592287667326,0.02716970267922556,0.00042811666696157227,vit,dp_kfm,pink,0.5,42,4,True
layer,blocks.11.norm2.bias,identity,4.546248222724626,0.0014050225427446057,4027.592287667326,0.02297113478570529,0.00036195926679391603,vit,dp_kfm,pink,0.5,42,4,True
layer,norm.weight,identity,4.59230040922986,0.0014050225427446057,4027.592287667326,0.020041015863860298,0.0003157889880304135,vit,dp_kfm,pink,0.5,42,4,True
layer,norm.bias,identity,4.606900374161425,0.0014050225427446057,4027.592287667326,0.011391046028786428,0.00017949024752408142,vit,dp_kfm,pink,0.5,42,4,True
group,attention_out,attention_out,0.3154097634938632,0.015435137129013864,44245.86607590341,2.567038854345659,0.012203828388118626,vit,dp_kfm,pink,0.5,42,4,True
group,attention_qkv,attention_qkv,0.6683680865869146,0.20788935590193405,595928.9200322481,2.632225583601836,0.003409776198508498,vit,dp_kfm,pink,0.5,42,4,True
group,identity,identity,4.579323603808325,0.348445590600662,998842.8873414973,0.703628185367716,0.000704035627534283,vit,dp_kfm,pink,0.5,42,4,True
group,mlp_fc1,mlp_fc1,0.737354940899678,0.33741029227236125,967209.4572099427,3.0897273716707088,0.0031416651398805113,vit,dp_kfm,pink,0.5,42,4,True
group,mlp_fc2,mlp_fc2,0.3500378934198437,0.07574003667033981,217113.94535009327,3.0810286197623573,0.006612289700978729,vit,dp_kfm,pink,0.5,42,4,True
group,patch_head,patch_head,0.5365936921594746,0.015079587425690376,43226.65876824687,2.6668044461239924,0.012826711795013143,vit,dp_kfm,pink,0.5,42,4,True
layer,patch_embed,patch_head,0.46729194262230517,0.011252225330604857,32255.26607716276,2.0396146812966323,0.011356586548184201,vit,dp_kfm,pink,0.5,42,5,True
layer,blocks.0.attn.q_proj,attention_qkv,0.6328000337643763,0.005173191887550611,14829.304950667543,0.18204872435457553,0.0014949519776590436,vit,dp_kfm,pink,0.5,42,5,True
layer,blocks.0.attn.k_proj,attention_qkv,0.6332332917672996,0.005180919126928507,14851.455605747135,0.26861566448096624,0.002204178817951823,vit,dp_kfm,pink,0.5,42,5,True
layer,blocks.0.attn.v_proj,attention_qkv,0.639103257703006,0.005284191961420043,15147.494180979642,0.7060595834391136,0.005736816452139314,vit,dp_kfm,pink,0.5,42,5,True
layer,blocks.0.attn.out_proj,attention_out,0.4559155765881207,0.002687885022236724,7705.004479536706,0.8215054166642829,0.00935888225834216,vit,dp_kfm,pink,0.5,42,5,True
layer,blocks.0.mlp.fc1,mlp_fc1,0.8556058979702823,0.03785352870338857,108509.70402862366,0.8624369530478541,0.00261814121302874,vit,dp_kfm,pink,0.5,42,5,True
layer,blocks.0.mlp.fc2,mlp_fc2,0.5865222589641794,0.017722378309595218,50802.397845814,1.309944823796771,0.005811803170014986,vit,dp_kfm,pink,0.5,42,5,True
layer,blocks.1.attn.q_proj,attention_qkv,0.5862205287085939,0.004442622411563211,12735.078062788423,0.11242394557627185,0.000996226333359712,vit,dp_kfm,pink,0.5,42,5,True
layer,blocks.1.attn.k_proj,attention_qkv,0.5861360532648883,0.004442975163319622,12736.089249591803,0.1527976365175656,0.0013539374147524394,vit,dp_kfm,pink,0.5,42,5,True
layer,blocks.1.attn.v_proj,attention_qkv,0.5867560735394753,0.00445053383006688,12757.756679807326,0.652794473062224,0.005779487267930185,vit,dp_kfm,pink,0.5,42,5,True
layer,blocks.1.attn.out_proj,attention_out,0.3736512828061448,0.0018013558918861248,5163.70867853288,0.7798475236878366,0.010852475925950032,vit,dp_kfm,pink,0.5,42,5,True
layer,blocks.1.mlp.fc1,mlp_fc1,0.6643524692851069,0.022830278543887098,65444.53984989972,1.02494940558659,0.004006505273208726,vit,dp_kfm,pink,0.5,42,5,True
layer,blocks.1.mlp.fc2,mlp_fc2,0.3467576095528093,0.006194947527066467,17758.236699731086,0.851193582067476,0.00638746333469768,vit,dp_kfm,pink,0.5,42,5,True
layer,blocks.2.attn.q_proj,attention_qkv,0.6239840636261281,0.0050402780193253,14448.29834450832,0.17108095094034956,0.0014232896956482338,vit,dp_kfm,pink,0.5,42,5,True
layer,blocks.2.attn.k_proj,attention_qkv,0.6246238712409612,0.00504540768627148,14463.002882266404,0.22854586711107505,0.0019003961232253437,vit,dp_kfm,pink,0.5,42,5,True
layer,blocks.2.attn.v_proj,attention_qkv,0.6290567134744157,0.005112142197160941,14654.30187797829,0.855961816160172,0.007070853262652644,vit,dp_kfm,pink,0.5,42,5,True
layer,blocks.2.attn.out_proj,attention_out,0.39409865519832027,0.002004028327340974,5744.682942736578,0.9316682662159474,0.012292161878492655,vit,dp_kfm,pink,0.5,42,5,True
layer,blocks.2.mlp.fc1,mlp_fc1,0.7082646392254317,0.025930219434115994,74330.73038554884,1.1306663313077423,0.00414715492823448,vit,dp_kfm,pink,0.5,42,5,True
layer,blocks.2.mlp.fc2,mlp_fc2,0.34392264673813594,0.006092718242659333,17465.189531500102,1.0843765534861585,0.008205281162048989,vit,dp_kfm,pink,0.5,42,5,True
layer,blocks.3.attn.q_proj,attention_qkv,0.6980613614637045,0.006298522870421235,18055.142437110324,0.177225746677459,0.001318943996164276,vit,dp_kfm,pink,0.5,42,5,True
layer,blocks.3.attn.k_proj,attention_qkv,0.6977775678748519,0.006300266890318396,18060.14178827638,0.2505513957207553,0.001864387783657883,vit,dp_kfm,pink,0.5,42,5,True
layer,blocks.3.attn.v_proj,attention_qkv,0.6994252830961559,0.006328525699071958,18141.14757767272,0.7844971540633091,0.005824504622496395,vit,dp_kfm,pink,0.5,42,5,True
layer,blocks.3.attn.out_proj,attention_out,0.34018505765395485,0.0014973383171649817,4292.221708031839,0.8477297325193007,0.012939465653783438,vit,dp_kfm,pink,0.5,42,5,True
layer,blocks.3.mlp.fc1,mlp_fc1,0.685445906762716,0.024293972819091483,69640.31863277966,1.082726546984544,0.004102876178045656,vit,dp_kfm,pink,0.5,42,5,True
layer,blocks.3.mlp.fc2,mlp_fc2,0.3155250101507282,0.0051266231059515785,14695.812383887825,1.1210421470965692,0.00924751706385703,vit,dp_kfm,pink,0.5,42,5,True
layer,blocks.4.attn.q_proj,attention_qkv,0.6799173278645864,0.005971068791117422,17116.473138756694,0.22727774475563875,0.0017371997966590955,vit,dp_kfm,pink,0.5,42,5,True
layer,blocks.4.attn.k_proj,attention_qkv,0.6804654203868263,0.005989096122041015,17168.149703926403,0.33496962938434627,0.0025564875786028116,vit,dp_kfm,pink,0.5,42,5,True
layer,blocks.4.attn.v_proj,attention_qkv,0.6806616661697704,0.0059886114577570645,17166.760380927903,0.7661020033395441,0.005847125634577073,vit,dp_kfm,pink,0.5,42,5,True
layer,blocks.4.attn.out_proj,attention_out,0.32315110371801237,0.0013525088014193483,3877.058091151875,0.793455767508058,0.012742996598974734,vit,dp_kfm,pink,0.5,42,5,True
layer,blocks.4.mlp.fc1,mlp_fc1,0.6733953738400458,0.023442966318130976,67200.85085504,0.9682042600907516,0.0037349053747496763,vit,dp_kfm,pink,0.5,42,5,True
layer,blocks.4.mlp.fc2,mlp_fc2,0.3124191484689418,0.005029464680269303,14417.301175665123,0.9723070768238428,0.00809769586233566,vit,dp_kfm,pink,0.5,42,5,True
layer,blocks.5.attn.q_proj,attention_qkv,0.6912357939467247,0.0061684525929392294,17682.287176426937,0.16424314504332585,0.0012351452507334993,vit,dp_kfm,pink,0.5,42,5,True
layer,blocks.5.attn.k_proj,attention_qkv,0.691141883471624,0.006169700594404489,17685.86465716003,0.24932299711804895,0.001874775158481618,vit,dp_kfm,pink,0.5,42,5,True
layer,blocks.5.attn.v_proj,attention_qkv,0.6922930377265829,0.006199870404053638,17772.348460064764,0.6975813964749285,0.005232659559392542,vit,dp_kfm,pink,0.5,42,5,True
layer,blocks.5.attn.out_proj,attention_out,0.34765039291039834,0.001560794814995176,4474.124057273848,0.6844037119803766,0.010231948495802706,vit,dp_kfm,pink,0.5,42,5,True
layer,blocks.5.mlp.fc1,mlp_fc1,0.6567698463723011,0.022291783324702368,63900.906829252686,0.8575208964784092,0.003392276167738534,vit,dp_kfm,pink,0.5,42,5,True
layer,blocks.5.mlp.fc2,mlp_fc2,0.2985509064879351,0.004591335950755091,13161.375495960472,0.7773801411595339,0.006776146738213492,vit,dp_kfm,pink,0.5,42,5,True
layer,blocks.6.attn.q_proj,attention_qkv,0.6327207814164829,0.005173007970177837,14828.777739060906,0.14586285558522646,0.0011978213058076697,vit,dp_kfm,pink,0.5,42,5,True
layer,blocks.6.attn.k_proj,attention_qkv,0.6329402204906427,0.005185905153964577,14865.748389973463,0.2245187648683699,0.0018414471349310973,vit,dp_kfm,pink,0.5,42,5,True
layer,blocks.6.attn.v_proj,attention_qkv,0.6360034966900074,0.005234203216639039,15004.198058088323,0.6620888529978228,0.005405176525510779,vit,dp_kfm,pink,0.5,42,5,True
layer,blocks.6.attn.out_proj,attention_out,0.28242901646079316,0.001032495951486585,2959.7195808202946,0.7528506575239009,0.013838325802403465,vit,dp_kfm,pink,0.5,42,5,True
layer,blocks.6.mlp.fc1,mlp_fc1,0.6755666095027746,0.023586754307028588,67613.02886466263,0.8312698858940339,0.003196883808470101,vit,dp_kfm,pink,0.5,42,5,True
layer,blocks.6.mlp.fc2,mlp_fc2,0.29010600945921267,0.004335078322282978,12426.795646391658,0.7467221598225897,0.006698529300654324,vit,dp_kfm,pink,0.5,42,5,True
layer,blocks.7.attn.q_proj,attention_qkv,0.6431715302527492,0.005341086864617201,15310.587274757841,0.12742346811006033,0.0010298014440083963,vit,dp_kfm,pink,0.5,42,5,True
layer,blocks.7.attn.k_proj,attention_qkv,0.6425067186486574,0.0053381221563271195,15302.08873763059,0.1831692932946013,0.001480734897263188,vit,dp_kfm,pink,0.5,42,5,True
layer,blocks.7.attn.v_proj,attention_qkv,0.6442041515486518,0.005374896024248128,15407.503520895882,0.6294879100359798,0.005071322805529907,vit,dp_kfm,pink,0.5,42,5,True
layer,blocks.7.attn.out_proj,attention_out,0.28185324205565043,0.0010242416366761631,2936.0580283120107,0.592738992991664,0.010939089626505083,vit,dp_kfm,pink,0.5,42,5,True
layer,blocks.7.mlp.fc1,mlp_fc1,0.7392937988579753,0.028263960925651605,81020.55844649675,0.7221263279901393,0.0025369713517732714,vit,dp_kfm,pink,0.5,42,5,True
layer,blocks.7.mlp.fc2,mlp_fc2,0.35517327403752574,0.006501011492174722,18635.5897868886,0.6561790946596786,0.0048067420753600595,vit,dp_kfm,pink,0.5,42,5,True
layer,blocks.8.attn.q_proj,attention_qkv,0.6650170395721325,0.005719640215107186,16395.73609516456,0.11978732653161427,0.0009355034911963541,vit,dp_kfm,pink,0.5,42,5,True
layer,blocks.8.attn.k_proj,attention_qkv,0.6644657005119219,0.005709325214522755,16366.167447305132,0.17265086367067914,0.0013495695166409,vit,dp_kfm,pink,0.5,42,5,True
layer,blocks.8.attn.v_proj,attention_qkv,0.6690827739597488,0.005779171482126693,16566.386504413098,0.5410670050279182,0.004203752669781437,vit,dp_kfm,pink,0.5,42,5,True
layer,blocks.8.attn.out_proj,attention_out,0.24034341879629612,0.0007455801085492756,2137.2558828595784,0.5215225854714917,0.011280928860328098,vit,dp_kfm,pink,0.5,42,5,True
layer,blocks.8.mlp.fc1,mlp_fc1,0.784797366550438,0.03182724143495726,91234.94338443635,0.6288223622839147,0.002081840122710005,vit,dp_kfm,pink,0.5,42,5,True
layer,blocks.8.mlp.fc2,mlp_fc2,0.32411960527429384,0.005406414008157921,15497.85195663707,0.5411094666588573,0.004346597020350357,vit,dp_kfm,pink,0.5,42,5,True
layer,blocks.9.attn.q_proj,attention_qkv,0.6934103700239913,0.006222511539276977,17837.250807774744,0.12205480853459959,0.0009138837062772305,vit,dp_kfm,pink,0.5,42,5,True
layer,blocks.9.attn.k_proj,attention_qkv,0.6925743194383972,0.006209963103510833,17801.2798666856,0.18708069702526248,0.0014021786989417714,vit,dp_kfm,pink,0.5,42,5,True
layer,blocks.9.attn.v_proj,attention_qkv,0.6972486766711296,0.006285904650475733,18018.971454944327,0.47148859670022075,0.0035124180058146953,vit,dp_kfm,pink,0.5,42,5,True
layer,blocks.9.attn.out_proj,attention_out,0.2124630509695504,0.0005828523666402409,1670.78578834987,0.4458495237395198,0.010907567790444477,vit,dp_kfm,pink,0.5,42,5,True
layer,blocks.9.mlp.fc1,mlp_fc1,0.8124115410152671,0.03413012359749692,97836.31108856789,0.5301248333080502,0.0016948376936447072,vit,dp_kfm,pink,0.5,42,5,True
layer,blocks.9.mlp.fc2,mlp_fc2,0.32577865079819684,0.0054695056138006504,15678.70831770775,0.429297660833939,0.0034284939050759798,vit,dp_kfm,pink,0.5,42,5,True
layer,blocks.10.attn.q_proj,attention_qkv,0.7216427256151402,0.006732537017529519,19299.273387648173,0.10072317058977445,0.0007250348948557878,vit,dp_kfm,pink,0.5,42,5,True
layer,blocks.10.attn.k_proj,attention_qkv,0.721614682132873,0.006723821908630529,19274.290937673304,0.16246564484677445,0.0011702329803951758,vit,dp_kfm,pink,0.5,42,5,True
layer,blocks.10.attn.v_proj,attention_qkv,0.7243384795896135,0.006782309749111173,19441.950294071907,0.39933000492678283,0.0028639275634553154,vit,dp_kfm,pink,0.5,42,5,True
layer,blocks.10.attn.out_proj,attention_out,0.2102947086435618,0.0005725326241547315,1641.2035475096973,0.37547024492989645,0.009268176642773003,vit,dp_kfm,pink,0.5,42,5,True
layer,blocks.10.mlp.fc1,mlp_fc1,0.8142591651057095,0.03427804797085266,98260.34632441644,0.43726255926769775,0.001394932353039947,vit,dp_kfm,pink,0.5,42,5,True
layer,blocks.10.mlp.fc2,mlp_fc2,0.31857413834534437,0.005224968532489222,14977.726210463657,0.34835510659525964,0.002846421673202904,vit,dp_kfm,pink,0.5,42,5,True
layer,blocks.11.attn.q_proj,attention_qkv,0.7331137188518059,0.006945952379274024,19911.042977730845,0.14097736812971523,0.000999084896587748,vit,dp_kfm,pink,0.5,42,5,True
layer,blocks.11.attn.k_proj,attention_qkv,0.7329852616322076,0.006938794516340525,19890.524478795815,0.18762718927473301,0.001330370650512009,vit,dp_kfm,pink,0.5,42,5,True
layer,blocks.11.attn.v_proj,attention_qkv,0.7366528104556477,0.007016507876991182,20113.29509099806,0.3980595241801505,0.0028067672914189965,vit,dp_kfm,pink,0.5,42,5,True
layer,blocks.11.attn.out_proj,attention_out,0.21245424649685193,0.0005834393271500729,1672.4683504089464,0.35419923105884504,0.00866101239323568,vit,dp_kfm,pink,0.5,42,5,True
layer,blocks.11.mlp.fc1,mlp_fc1,0.748442786192176,0.028961802886388534,83020.96969511965,0.3484234477995409,0.001209242696720583,vit,dp_kfm,pink,0.5,42,5,True
layer,blocks.11.mlp.fc2,mlp_fc2,0.2701513959410852,0.0037586161891553327,10774.327895246692,0.3532245645456199,0.0034029518512210723,vit,dp_kfm,pink,0.5,42,5,True
layer,head,patch_head,2.3373042749396764,0.0037016887963298166,10611.141667748056,1.2813216385111614,0.01243876044799433,vit,dp_kfm,pink,0.5,42,5,True
layer,cls_token,identity,4.581529365709166,0.0014038598858818994,4024.25945301808,0.05709209808534703,0.0008999803283730824,vit,dp_kfm,pink,0.5,42,5,True
layer,pos_embed,identity,4.578934380808389,0.27656039751873446,792779.1122445634,0.21302138755502878,0.00023924733547718522,vit,dp_kfm,pink,0.5,42,5,True
layer,blocks.0.norm1.weight,identity,4.587618947113153,0.0014038598858818994,4024.25945301808,0.23813228300204142,0.003753835949977359,vit,dp_kfm,pink,0.5,42,5,True
layer,blocks.0.norm1.bias,identity,4.587748108988561,0.0014038598858818994,4024.25945301808,0.16969059305077952,0.0026749445330834587,vit,dp_kfm,pink,0.5,42,5,True
layer,blocks.0.norm2.weight,identity,4.586045216479427,0.0014038598858818994,4024.25945301808,0.08126443376429865,0.0012810247693982877,vit,dp_kfm,pink,0.5,42,5,True
layer,blocks.0.norm2.bias,identity,4.539781859823692,0.0014038598858818994,4024.25945301808,0.07333794795479606,0.0011560743552268455,vit,dp_kfm,pink,0.5,42,5,True
layer,blocks.1.norm1.weight,identity,4.5776101930968505,0.0014038598858818994,4024.25945301808,0.10210162127688875,0.0016094950742015616,vit,dp_kfm,pink,0.5,42,5,True
layer,blocks.1.norm1.bias,identity,4.57572362111874,0.0014038598858818994,4024.25945301808,0.12302106139261512,0.0019392619809385993,vit,dp_kfm,pink,0.5,42,5,True
layer,blocks.1.norm2.weight,identity,4.588931978805267,0.0014038598858818994,4024.25945301808,0.1252617822862557,0.001974583939550743,vit,dp_kfm,pink,0.5,42,5,True
layer,blocks.1.norm2.bias,identity,4.578086454442569,0.0014038598858818994,4024.25945301808,0.10668053271501718,0.0016816754697007376,vit,dp_kfm,pink,0.5,42,5,True
layer,blocks.2.norm1.weight,identity,4.543459744694649,0.0014038598858818994,4024.25945301808,0.10545553312815474,0.001662364994741608,vit,dp_kfm,pink,0.5,42,5,True
layer,blocks.2.norm1.bias,identity,4.579342501104163,0.0014038598858818994,4024.25945301808,0.13651065377954508,0.0021519073065291855,vit,dp_kfm,pink,0.5,42,5,True
layer,blocks.2.norm2.weight,identity,4.5868426122468895,0.0014038598858818994,4024.25945301808,0.09214223126486219,0.0014524986527349678,vit,dp_kfm,pink,0.5,42,5,True
layer,blocks.2.norm2.bias,identity,4.5705803012994775,0.0014038598858818994,4024.25945301808,0.12478426923592842,0.0019670565869704683,vit,dp_kfm,pink,0.5,42,5,True
layer,blocks.3.norm1.weight,identity,4.567380595123204,0.0014038598858818994,4024.25945301808,0.08742072587150337,0.001378070454843586,vit,dp_kfm,pink,0.5,42,5,True
layer,blocks.3.norm1.bias,identity,4.560051566299021,0.0014038598858818994,4024.25945301808,0.12654155012459445,0.0019947577625142594,vit,dp_kfm,pink,0.5,42,5,True
layer,blocks.3.norm2.weight,identity,4.5732932435028255,0.0014038598858818994,4024.25945301808,0.09227182624418837,0.0014545415437121944,vit,dp_kfm,pink,0.5,42,5,True
layer,blocks.3.norm2.bias,identity,4.585814446174313,0.0014038598858818994,4024.25945301808,0.10022745545042898,0.0015799513644328062,vit,dp_kfm,pink,0.5,42,5,True
layer,blocks.4.norm1.weight,identity,4.573100609539824,0.0014038598858818994,4024.25945301808,0.08117969912753793,0.0012796890415344687,vit,dp_kfm,pink,0.5,42,5,True
layer,blocks.4.norm1.bias,identity,4.564489960599109,0.0014038598858818994,4024.25945301808,0.1259098145124762,0.001984799298160938,vit,dp_kfm,pink,0.5,42,5,True
layer,blocks.4.norm2.weight,identity,4.5552828703235235,0.0014038598858818994,4024.25945301808,0.07145660490454345,0.0011264175061543578,vit,dp_kfm,pink,0.5,42,5,True
layer,blocks.4.norm2.bias,identity,4.584388012232119,0.0014038598858818994,4024.25945301808,0.09148319433758405,0.0014421098197771197,vit,dp_kfm,pink,0.5,42,5,True
layer,blocks.5.norm1.weight,identity,4.55259618116906,0.0014038598858818994,4024.25945301808,0.06513575373909931,0.001026777767937524,vit,dp_kfm,pink,0.5,42,5,True
layer,blocks.5.norm1.bias,identity,4.588035182554305,0.0014038598858818994,4024.25945301808,0.09576559461965423,0.0015096161147169394,vit,dp_kfm,pink,0.5,42,5,True
layer,blocks.5.norm2.weight,identity,4.561920586908054,0.0014038598858818994,4024.25945301808,0.060716363984527594,0.0009571120177564343,vit,dp_kfm,pink,0.5,42,5,True
layer,blocks.5.norm2.bias,identity,4.603309584251614,0.0014038598858818994,4024.25945301808,0.07243703297948566,0.001141872639358846,vit,dp_kfm,pink,0.5,42,5,True
layer,blocks.6.norm1.weight,identity,4.574892910920984,0.0014038598858818994,4024.25945301808,0.06104875172050848,0.0009623516644642507,vit,dp_kfm,pink,0.5,42,5,True
layer,blocks.6.norm1.bias,identity,4.585455577624901,0.0014038598858818994,4024.25945301808,0.09159529451731836,0.001443876928710778,vit,dp_kfm,pink,0.5,42,5,True
layer,blocks.6.norm2.weight,identity,4.578123988942341,0.0014038598858818994,4024.25945301808,0.048999376104793005,0.0007724094239967321,vit,dp_kfm,pink,0.5,42,5,True
layer,blocks.6.norm2.bias,identity,4.563992414595611,0.0014038598858818994,4024.25945301808,0.059855567632793934,0.0009435427181637395,vit,dp_kfm,pink,0.5,42,5,True
layer,blocks.7.norm1.weight,identity,4.563126802513297,0.0014038598858818994,4024.25945301808,0.048232781099729734,0.0007603250822485152,vit,dp_kfm,pink,0.5,42,5,True
layer,blocks.7.norm1.bias,identity,4.579172273939934,0.0014038598858818994,4024.25945301808,0.07032711491978412,0.0011086126119313749,vit,dp_kfm,pink,0.5,42,5,True
layer,blocks.7.norm2.weight,identity,4.578078441926519,0.0014038598858818994,4024.25945301808,0.03202179704017802,0.0005047806681098683,vit,dp_kfm,pink,0.5,42,5,True
layer,blocks.7.norm2.bias,identity,4.517928187790563,0.0014038598858818994,4024.25945301808,0.04314977507469605,0.0006801983119081863,vit,dp_kfm,pink,0.5,42,5,True
layer,blocks.8.norm1.weight,identity,4.589148945974113,0.0014038598858818994,4024.25945301808,0.05846816551220802,0.0009216721851487525,vit,dp_kfm,pink,0.5,42,5,True
layer,blocks.8.norm1.bias,identity,4.569843828820661,0.0014038598858818994,4024.25945301808,0.062058835534809,0.0009782742806119292,vit,dp_kfm,pink,0.5,42,5,True
layer,blocks.8.norm2.weight,identity,4.584217423028701,0.0014038598858818994,4024.25945301808,0.023053784732882745,0.0003634119860707526,vit,dp_kfm,pink,0.5,42,5,True
layer,blocks.8.norm2.bias,identity,4.600229381352347,0.0014038598858818994,4024.25945301808,0.03395741089240425,0.0005352930235627355,vit,dp_kfm,pink,0.5,42,5,True
layer,blocks.9.norm1.weight,identity,4.600355931885325,0.0014038598858818994,4024.25945301808,0.0495000779919732,0.0007803023174785548,vit,dp_kfm,pink,0.5,42,5,True
layer,blocks.9.norm1.bias,identity,4.596138737583715,0.0014038598858818994,4024.25945301808,0.06150499493277193,0.0009695437265842498,vit,dp_kfm,pink,0.5,42,5,True
layer,blocks.9.norm2.weight,identity,4.581117702206958,0.0014038598858818994,4024.25945301808,0.05102378310975599,0.0008043214843726489,vit,dp_kfm,pink,0.5,42,5,True
layer,blocks.9.norm2.bias,identity,4.542790626998167,0.0014038598858818994,4024.25945301808,0.028645866813116126,0.00045156365741648235,vit,dp_kfm,pink,0.5,42,5,True
layer,blocks.10.norm1.weight,identity,4.5795191066618655,0.0014038598858818994,4024.25945301808,0.03937964550632498,0.0006207672774788778,vit,dp_kfm,pink,0.5,42,5,True
layer,blocks.10.norm1.bias,identity,4.596232412933895,0.0014038598858818994,4024.25945301808,0.05245104115032984,0.00082682029249332,vit,dp_kfm,pink,0.5,42,5,True
layer,blocks.10.norm2.weight,identity,4.566673669148388,0.0014038598858818994,4024.25945301808,0.03156822714544121,0.0004976307472540058,vit,dp_kfm,pink,0.5,42,5,True
layer,blocks.10.norm2.bias,identity,4.559057400671088,0.0014038598858818994,4024.25945301808,0.022132995190406558,0.00034889697431621187,vit,dp_kfm,pink,0.5,42,5,True
layer,blocks.11.norm1.weight,identity,4.566454163361052,0.0014038598858818994,4024.25945301808,0.03954933435649608,0.0006234421945378013,vit,dp_kfm,pink,0.5,42,5,True
layer,blocks.11.norm1.bias,identity,4.583054714590228,0.0014038598858818994,4024.25945301808,0.047156233126561115,0.0007433547478083042,vit,dp_kfm,pink,0.5,42,5,True
layer,blocks.11.norm2.weight,identity,4.575493908796838,0.0014038598858818994,4024.25945301808,0.022160075176534177,0.000349323853965494,vit,dp_kfm,pink,0.5,42,5,True
layer,blocks.11.norm2.bias,identity,4.582736593786846,0.0014038598858818994,4024.25945301808,0.018631677823694768,0.00029370340359262306,vit,dp_kfm,pink,0.5,42,5,True
layer,norm.weight,identity,4.555308335042018,0.0014038598858818994,4024.25945301808,0.016081595735009824,0.0002535047807968349,vit,dp_kfm,pink,0.5,42,5,True
layer,norm.bias,identity,4.571577094501778,0.0014038598858818994,4024.25945301808,0.0093742843294114,0.00014777301539057694,vit,dp_kfm,pink,0.5,42,5,True
group,attention_out,attention_out,0.3156162156561009,0.015445053189700362,44274.2911355242,2.37427102154127,0.011283776713280876,vit,dp_kfm,pink,0.5,42,5,True
group,attention_qkv,attention_qkv,0.6690031206415009,0.2083000387446028,597106.1702182707,2.4315388576635795,0.003146700685802947,vit,dp_kfm,pink,0.5,42,5,True
group,identity,identity,4.579260962892849,0.34815725169871,998016.3443484878,0.6532953179108192,0.0006539442399737464,vit,dp_kfm,pink,0.5,42,5,True
group,mlp_fc1,mlp_fc1,0.7377783719156839,0.3376906802656933,968013.2083848423,2.852089547296629,0.0028988284526239943,vit,dp_kfm,pink,0.5,42,5,True
group,mlp_fc2,mlp_fc2,0.34938233000312185,0.07545306197435768,216291.3129458947,2.8559576373475286,0.006140902792452213,vit,dp_kfm,pink,0.5,42,5,True
group,patch_head,patch_head,0.5351624090690341,0.014953914126934692,42866.40774491076,2.415443674501725,0.011666440470561297,vit,dp_kfm,pink,0.5,42,5,True
