task,method,source,beta,seed,epoch,layer,research_only,cosA,relative_error_A,group,trace_S,trace_R,trace_R_block,layer_dimension,trace_S_per_dim,d_total,tau_layer,operator_state_bytes,condition_S,log_eigenvalue_spread_S,effective_rank_S,A_condition_raw,A_eigenvalue_min,A_eigenvalue_max,damping,lambda
vit,dp_kfm_a,public,0.4,42,1,patch_embed,True,0.9991607662922732,0.1392733434042978,patch_head,147648.0,75.09492805947073,14418.22618741838,147648,1.0,5526346,10.240372018080869,79679648,125.91663878908476,0.4440252857403677,64448.38932326218,177913.0501668289,0.0010017209385508122,178.21922759355357,0.001,0.001
vit,dp_kfm_a,public,0.4,42,1,blocks.0.attn.q_proj,True,0.9886516326513766,0.1600272341249859,attention_qkv,37056.0,49.37306421267194,9479.628328833012,37056,1.0,5526346,3.909014015590817,79679648,33.076029190617646,1.0160907771719188,16714.61787135676,6291.923249392721,0.001000003570205801,6.291945712853605,0.001,0.001
vit,dp_kfm_a,public,0.4,42,1,blocks.0.attn.k_proj,True,0.9886516326513766,0.1600272341249859,attention_qkv,37056.0,49.37306421267194,9479.628328833012,37056,1.0,5526346,3.909014015590817,79679648,33.076029190617646,1.0160907771719188,16714.61787135676,6291.923249392721,0.001000003570205801,6.291945712853605,0.001,0.001
vit,dp_kfm_a,public,0.4,42,1,blocks.0.attn.v_proj,True,0.9886516326513766,0.1600272341249859,attention_qkv,37056.0,49.37306421267194,9479.628328833012,37056,1.0,5526346,3.909014015590817,79679648,33.076029190617646,1.0160907771719188,16714.61787135676,6291.923249392721,0.001000003570205801,6.291945712853605,0.001,0.001
vit,dp_kfm_a,public,0.4,42,1,blocks.0.attn.out_proj,True,0.9708667368223768,0.2969648171181025,attention_out,37056.0,29.640362928095765,5690.949682194387,37056,1.0,5526346,6.511391256179845,79679648,20.471678299264823,0.7575716676952275,21807.739477717696,1896.1977224680234,0.001000444362159864,1.8970403209835085,0.001,0.001
vit,dp_kfm_a,public,0.4,42,1,blocks.0.mlp.fc1,True,0.9885138744145511,0.1739466697747348,mlp_fc1,148224.0,83.89073104909822,64428.08144570743,148224,1.0,5526346,2.300611731313249,79679648,54.76893295848466,1.0818995379011105,77940.00403924538,22199.116970146304,0.001,22.199116970146303,0.001,0.001
vit,dp_kfm_a,public,0.4,42,1,blocks.0.mlp.fc2,True,0.9933974372301647,0.11796328977876887,mlp_fc2,147648.0,159.33751230327437,30592.80236222868,147648,1.0,5526346,4.826233250939222,79679648,45.2420315588378,0.7314859171468857,97837.5624257807,13767.505095247721,0.0010173516493354345,14.006394015884267,0.001,0.001
vit,dp_kfm_a,public,0.4,42,1,blocks.1.attn.q_proj,True,0.9939433473116853,0.11079292202091777,attention_qkv,37056.0,78.48570750273774,15069.255840525646,37056,1.0,5526346,2.4590464447717157,79679648,35.488131281406034,0.9256357098089665,23055.351122408498,7502.53150219249,0.001,7.50253150219249,0.001,0.001
vit,dp_kfm_a,public,0.4,42,1,blocks.1.attn.k_proj,True,0.9939433473116853,0.11079292202091777,attention_qkv,37056.0,78.48570750273774,15069.255840525646,37056,1.0,5526346,2.4590464447717157,79679648,35.488131281406034,0.9256357098089665,23055.351122408498,7502.53150219249,0.001,7.50253150219249,0.001,0.001
vit,dp_kfm_a,public,0.4,42,1,blocks.1.attn.v_proj,True,0.9939433473116853,0.11079292202091777,attention_qkv,37056.0,78.48570750273774,15069.255840525646,37056,1.0,5526346,2.4590464447717157,79679648,35.488131281406034,0.9256357098089665,23055.351122408498,7502.53150219249,0.001,7.50253150219249,0.001,0.001
vit,dp_kfm_a,public,0.4,42,1,blocks.1.attn.out_proj,True,0.9916812507354869,0.13058808127810823,attention_out,37056.0,47.31205985591145,9083.915492334998,37056,1.0,5526346,4.079298187138336,79679648,38.021531673748235,0.7276524555027467,25769.245796217394,8914.028543720337,0.0010877882950070614,9.696575911217824,0.001,0.001
vit,dp_kfm_a,public,0.4,42,1,blocks.1.mlp.fc1,True,0.9913147799038119,0.13173138207045604,mlp_fc1,148224.0,116.29075664813871,89311.30110577053,148224,1.0,5526346,1.65963319495771,79679648,49.96587285673609,0.7638996987075717,111847.58030967205,17647.520551257654,0.001,17.647520551257653,0.001,0.001
vit,dp_kfm_a,public,0.4,42,1,blocks.1.mlp.fc2,True,0.9952361007872776,0.09767864120399854,mlp_fc2,147648.0,152.38883833486764,29258.65696029459,147648,1.0,5526346,5.046301345969689,79679648,39.01161573848216,0.5908372094198847,115501.26128653932,9505.716211231926,0.0010105445742495782,9.605949941616679,0.001,0.001
vit,dp_kfm_a,public,0.4,42,1,blocks.2.attn.q_proj,True,0.9930319966874323,0.11807872059619132,attention_qkv,37056.0,107.63016497669395,20664.991675525238,37056,1.0,5526346,1.7931775914474524,79679648,42.155454486582386,0.6910411043714996,28394.278314664232,11538.103747586094,0.0010000059194918984,11.538172047297751,0.001,0.001
vit,dp_kfm_a,public,0.4,42,1,blocks.2.attn.k_proj,True,0.9930319966874323,0.11807872059619132,attention_qkv,37056.0,107.63016497669395,20664.991675525238,37056,1.0,5526346,1.7931775914474524,79679648,42.155454486582386,0.6910411043714996,28394.278314664232,11538.103747586094,0.0010000059194918984,11.538172047297751,0.001,0.001
vit,dp_kfm_a,public,0.4,42,1,blocks.2.attn.v_proj,True,0.9930319966874323,0.11807872059619132,attention_qkv,37056.0,107.63016497669395,20664.991675525238,37056,1.0,5526346,1.7931775914474524,79679648,42.155454486582386,0.6910411043714996,28394.278314664232,11538.103747586094,0.0010000059194918984,11.538172047297751,0.001,0.001
vit,dp_kfm_a,public,0.4,42,1,blocks.2.attn.out_proj,True,0.989884137589964,0.14210298081469236,attention_out,37056.0,57.12718987810181,10968.420456595548,37056,1.0,5526346,3.3784262872342232,79679648,24.802206474474694,0.6939887029183754,27402.427387157597,3063.555810523749,0.0017775745377243861,5.445698803684611,0.001,0.001
vit,dp_kfm_a,public,0.4,42,1,blocks.2.mlp.fc1,True,0.9905497083757666,0.13715539617781253,mlp_fc1,148224.0,150.50493805594058,115587.79242696238,148224,1.0,5526346,1.2823499513900638,79679648,49.08049790928468,0.5712652801062615,127125.5955540325,16876.112029356773,0.001,16.876112029356772,0.001,0.001
vit,dp_kfm_a,public,0.4,42,1,blocks.2.mlp.fc2,True,0.9920176330330334,0.1262646072500027,mlp_fc2,147648.0,185.959209151441,35704.168157076674,147648,1.0,5526346,4.135315500152206,79679648,29.006025399372913,0.5280193672206813,124220.2932735231,4531.276432622759,0.0010103893446996807,4.578353425410816,0.001,0.001
vit,dp_kfm_a,public,0.4,42,1,blocks.3.attn.q_proj,True,0.9897192451784821,0.1433187405586977,attention_qkv,37056.0,148.41116100164572,28494.94291231598,37056,1.0,5526346,1.3004412787920974,79679648,46.17356240356966,0.5224809147609104,32478.15804415264,14487.16667863523,0.001,14.487166678635232,0.001,0.001
vit,dp_kfm_a,public,0.4,42,1,blocks.3.attn.k_proj,True,0.9897192451784821,0.1433187405586977,attention_qkv,37056.0,148.41116100164572,28494.94291231598,37056,1.0,5526346,1.3004412787920974,79679648,46.17356240356966,0.5224809147609104,32478.15804415264,14487.16667863523,0.001,14.487166678635232,0.001,0.001
vit,dp_kfm_a,public,0.4,42,1,blocks.3.attn.v_proj,True,0.9897192451784821,0.1433187405586977,attention_qkv,37056.0,148.41116100164572,28494.94291231598,37056,1.0,5526346,1.3004412787920974,79679648,46.17356240356966,0.5224809147609104,32478.15804415264,14487.16667863523,0.001,14.487166678635232,0.001,0.001
vit,dp_kfm_a,public,0.4,42,1,blocks.3.attn.out_proj,True,0.9822563912842421,0.18757561950603402,attention_out,37056.0,57.1302560309459,10969.009157941613,37056,1.0,5526346,3.378244968751009,79679648,24.701016659460443,0.5414578229581224,30802.15272848018,3032.404074153827,0.0020685078731791594,6.272551702047751,0.001,0.001
vit,dp_kfm_a,public,0.4,42,1,blocks.3.mlp.fc1,True,0.9787638073697713,0.20518305940531262,mlp_fc1,148224.0,157.37343365894844,120862.7970500724,148224,1.0,5526346,1.2263823411152075,79679648,47.98222572912456,0.47478392155367244,132631.75149777895,15947.807094976373,0.001,15.947807094976374,0.001,0.001
vit,dp_kfm_a,public,0.4,42,1,blocks.3.mlp.fc2,True,0.9789123280848399,0.20502690933626816,mlp_fc2,147648.0,190.29747347965886,36537.1149080945,147648,1.0,5526346,4.041041564759394,79679648,26.273851631764835,0.44252535264050963,129992.21201823984,3538.419810224988,0.0012889872803970638,4.560978128085002,0.001,0.001
vit,dp_kfm_a,public,0.4,42,1,blocks.4.attn.q_proj,True,0.981708898222179,0.19054296982272334,attention_qkv,37056.0,152.76888901292187,29331.626690481,37056,1.0,5526346,1.263346230027733,79679648,39.06269629034919,0.45629144537559746,33524.27239480656,9536.862970635346,0.001,9.536862970635346,0.001,0.001
vit,dp_kfm_a,public,0.4,42,1,blocks.4.attn.k_proj,True,0.981708898222179,0.19054296982272334,attention_qkv,37056.0,152.76888901292187,29331.626690481,37056,1.0,5526346,1.263346230027733,79679648,39.06269629034919,0.45629144537559746,33524.27239480656,9536.862970635346,0.001,9.536862970635346,0.001,0.001
vit,dp_kfm_a,public,0.4,42,1,blocks.4.attn.v_proj,True,0.981708898222179,0.19054296982272334,attention_qkv,37056.0,152.76888901292187,29331.626690481,37056,1.0,5526346,1.263346230027733,79679648,39.06269629034919,0.45629144537559746,33524.27239480656,9536.862970635346,0.001,9.536862970635346,0.001,0.001
vit,dp_kfm_a,public,0.4,42,1,blocks.4.attn.out_proj,True,0.964487220017665,0.2648351013984268,attention_out,37056.0,52.84506511185541,10146.25250147624,37056,1.0,5526346,3.652185868093515,79679648,15.072402599991914,0.51505822430001,31299.11372747588,881.9748784784239,0.00318487687976516,2.808981398999619,0.001,0.001
vit,dp_kfm_a,public,0.4,42,1,blocks.4.mlp.fc1,True,0.9711686111508895,0.23863435701397398,mlp_fc1,148224.0,162.34907971560608,124684.09322158547,148224,1.0,5526346,1.1887963907038246,79679648,43.46480063695275,0.41508167101613247,136335.5998998442,12455.014282559947,0.001,12.455014282559947,0.001,0.001
vit,dp_kfm_a,public,0.4,42,1,blocks.4.mlp.fc2,True,0.9703782864513476,0.24175322152155093,mlp_fc2,147648.0,190.5794136751684,36591.24742563233,147648,1.0,5526346,4.035063311248906,79679648,18.581246571849846,0.3962909943751488,133145.40839536968,1488.2884660139205,0.00229017125098207,3.408435458033286,0.001,0.001
vit,dp_kfm_a,public,0.4,42,1,blocks.5.attn.q_proj,True,0.9797697627020183,0.20014011458137473,attention_qkv,37056.0,163.7743570860635,31444.676560524193,37056,1.0,5526346,1.1784506648899766,79679648,40.542216944822705,0.4095770024294386,34166.23765806453,10465.710883985248,0.001,10.465710883985249,0.001,0.001
vit,dp_kfm_a,public,0.4,42,1,blocks.5.attn.k_proj,True,0.9797697627020183,0.20014011458137473,attention_qkv,37056.0,163.7743570860635,31444.676560524193,37056,1.0,5526346,1.1784506648899766,79679648,40.542216944822705,0.4095770024294386,34166.23765806453,10465.710883985248,0.001,10.465710883985249,0.001,0.001
vit,dp_kfm_a,public,0.4,42,1,blocks.5.attn.v_proj,True,0.9797697627020183,0.20014011458137473,attention_qkv,37056.0,163.7743570860635,31444.676560524193,37056,1.0,5526346,1.1784506648899766,79679648,40.542216944822705,0.4095770024294386,34166.23765806453,10465.710883985248,0.001,10.465710883985249,0.001,0.001
vit,dp_kfm_a,public,0.4,42,1,blocks.5.attn.out_proj,True,0.9482997525277194,0.3176422707706185,attention_out,37056.0,65.22770154009328,12523.71869569791,37056,1.0,5526346,2.958865565443378,79679648,10.10948540653491,0.43593197769726433,32867.921116058234,324.9545514020368,0.009527721737584868,3.0960765431203257,0.001,0.001
vit,dp_kfm_a,public,0.4,42,1,blocks.5.mlp.fc1,True,0.9574456152007812,0.2886189159831934,mlp_fc1,148224.0,164.0017291018902,125953.32795025167,148224,1.0,5526346,1.1768168607545224,79679648,44.588632289060385,0.40615236972814917,136441.66044585785,13275.790107803234,0.001,13.275790107803234,0.001,0.001
vit,dp_kfm_a,public,0.4,42,1,blocks.5.mlp.fc2,True,0.9539209613975645,0.3001022745571506,mlp_fc2,147648.0,193.14873744161704,37084.55758879047,147648,1.0,5526346,3.981387661063253,79679648,19.00378835813223,0.39970400451672455,132518.3548802828,1574.3470067546157,0.002443926424880569,3.847588251739233,0.001,0.001
vit,dp_kfm_a,public,0.4,42,1,blocks.6.attn.q_proj,True,0.9588229100524357,0.2848551941367438,attention_qkv,37056.0,156.6342804108556,30073.78183888428,37056,1.0,5526346,1.2321696086818044,79679648,41.61161327149739,0.38298813372349527,34539.738288781424,11169.568194655078,0.001,11.169568194655078,0.001,0.001
vit,dp_kfm_a,public,0.4,42,1,blocks.6.attn.k_proj,True,0.9588229100524357,0.2848551941367438,attention_qkv,37056.0,156.6342804108556,30073.78183888428,37056,1.0,5526346,1.2321696086818044,79679648,41.61161327149739,0.38298813372349527,34539.738288781424,11169.568194655078,0.001,11.169568194655078,0.001,0.001
vit,dp_kfm_a,public,0.4,42,1,blocks.6.attn.v_proj,True,0.9588229100524357,0.2848551941367438,attention_qkv,37056.0,156.6342804108556,30073.78183888428,37056,1.0,5526346,1.2321696086818044,79679648,41.61161327149739,0.38298813372349527,34539.738288781424,11169.568194655078,0.001,11.169568194655078,0.001,0.001
vit,dp_kfm_a,public,0.4,42,1,blocks.6.attn.out_proj,True,0.9365700390937759,0.3519885714127162,attention_out,37056.0,59.3906270753362,11403.00039846455,37056,1.0,5526346,3.2496710256179338,79679648,13.004178911965832,0.4819879608979819,31930.055088905734,609.8279702632933,0.005877132226741037,3.584039616802476,0.001,0.001
vit,dp_kfm_a,public,0.4,42,1,blocks.6.mlp.fc1,True,0.945333615596697,0.3266146566032349,mlp_fc1,148224.0,179.48539934166988,137844.78669440246,148224,1.0,5526346,1.0752963790252579,79679648,51.67408834404549,0.38736241332661037,137733.2237279759,19194.732247443346,0.00100000259964665,19.194782146964734,0.001,0.001
vit,dp_kfm_a,public,0.4,42,1,blocks.6.mlp.fc2,True,0.943708870316594,0.3323687889918337,mlp_fc2,147648.0,195.27523771297217,37492.84564089066,147648,1.0,5526346,3.9380313090711714,79679648,17.76442079940666,0.4016507869300422,132815.41565010784,1330.0795928667549,0.00240265573595178,3.195723363073717,0.001,0.001
vit,dp_kfm_a,public,0.4,42,1,blocks.7.attn.q_proj,True,0.9500550795376683,0.3124349586269903,attention_qkv,37056.0,167.8245005688259,32222.304109214572,37056,1.0,5526346,1.1500108705573027,79679648,42.41167377499609,0.3598350891588533,34880.60801575186,11714.224166082764,0.001,11.714224166082765,0.001,0.001
vit,dp_kfm_a,public,0.4,42,1,blocks.7.attn.k_proj,True,0.9500550795376683,0.3124349586269903,attention_qkv,37056.0,167.8245005688259,32222.304109214572,37056,1.0,5526346,1.1500108705573027,79679648,42.41167377499609,0.3598350891588533,34880.60801575186,11714.224166082764,0.001,11.714224166082765,0.001,0.001
vit,dp_kfm_a,public,0.4,42,1,blocks.7.attn.v_proj,True,0.9500550795376683,0.3124349586269903,attention_qkv,37056.0,167.8245005688259,32222.304109214572,37056,1.0,5526346,1.1500108705573027,79679648,42.41167377499609,0.3598350891588533,34880.60801575186,11714.224166082764,0.001,11.714224166082765,0.001,0.001
vit,dp_kfm_a,public,0.4,42,1,blocks.7.attn.out_proj,True,0.9066446967554505,0.42200713295275916,attention_out,37056.0,69.72933433326683,13388.032191987233,37056,1.0,5526346,2.7678451521933223,79679648,9.104004645097174,0.41367076581997586,33404.66896360947,250.08127599928216,0.011052898616040804,2.764122989390184,0.001,0.001
vit,dp_kfm_a,public,0.4,42,1,blocks.7.mlp.fc1,True,0.9405492353317998,0.339763537621522,mlp_fc1,148224.0,214.16235574918153,164476.6892153714,148224,1.0,5526346,0.9011854549547165,79679648,64.19248744754967,0.4146214680043427,137441.87356908372,33014.93998261199,0.001,33.01493998261199,0.001,0.001
vit,dp_kfm_a,public,0.4,42,1,blocks.7.mlp.fc2,True,0.9999859701704173,0.019086269519542686,mlp_fc2,147648.0,240.20259319187355,46118.89789283972,147648,1.0,5526346,3.201464188131074,79679648,120.67039457333975,0.4014071510459501,117434.8414533909,159956.47761974297,0.0034149106357339505,546.2370766781999,0.001,0.001
vit,dp_kfm_a,public,0.4,42,1,blocks.8.attn.q_proj,True,0.9608512422634621,0.27708038011241837,attention_qkv,37056.0,181.79970128187392,34905.54264611979,37056,1.0,5526346,1.0616079049588778,79679648,62.72775609557037,0.36604017838872727,34639.6035534219,31163.726229697426,0.0010000004128968556,31.163739097101995,0.001,0.001
vit,dp_kfm_a,public,0.4,42,1,blocks.8.attn.k_proj,True,0.9608512422634621,0.27708038011241837,attention_qkv,37056.0,181.79970128187392,34905.54264611979,37056,1.0,5526346,1.0616079049588778,79679648,62.72775609557037,0.36604017838872727,34639.6035534219,31163.726229697426,0.0010000004128968556,31.163739097101995,0.001,0.001
vit,dp_kfm_a,public,0.4,42,1,blocks.8.attn.v_proj,True,0.9608512422634621,0.27708038011241837,attention_qkv,37056.0,181.79970128187392,34905.54264611979,37056,1.0,5526346,1.0616079049588778,79679648,62.72775609557037,0.36604017838872727,34639.6035534219,31163.726229697426,0.0010000004128968556,31.163739097101995,0.001,0.001
vit,dp_kfm_a,public,0.4,42,1,blocks.8.attn.out_proj,True,0.8611011177358888,0.5085058334337808,attention_out,37056.0,66.8362946402795,12832.568570933665,37056,1.0,5526346,2.887652600114172,79679648,8.526367134475889,0.40978301132588113,33452.36286520655,212.2804854894988,0.010887617206110863,2.3112286663370347,0.001,0.001
vit,dp_kfm_a,public,0.4,42,1,blocks.8.mlp.fc1,True,0.9467340091643581,0.3220290493855287,mlp_fc1,148224.0,241.62336478546436,185566.74415523664,148224,1.0,5526346,0.7987638123132806,79679648,82.48823091770348,0.4040928136881761,137791.27698807244,61798.79031439289,0.001000000101481169,61.79879658580637,0.001,0.001
vit,dp_kfm_a,public,0.4,42,1,blocks.8.mlp.fc2,True,0.869976257028274,0.49392468238227544,mlp_fc2,147648.0,258.648469838079,49660.50620891117,147648,1.0,5526346,2.9731473009734604,79679648,14.109743916450707,0.34987854883211256,136919.10953337105,747.8212969006887,0.0037162165902189003,2.779065910061353,0.001,0.001
vit,dp_kfm_a,public,0.4,42,1,blocks.9.attn.q_proj,True,0.9443007204525157,0.3306140358247768,attention_qkv,37056.0,195.1297766648125,37464.917119644,37056,1.0,5526346,0.9890853323300269,79679648,61.04801484712473,0.34990082012206025,35025.50026019601,29119.16152112154,0.001000046706000335,29.120521560689298,0.001,0.001
vit,dp_kfm_a,public,0.4,42,1,blocks.9.attn.k_proj,True,0.9443007204525157,0.3306140358247768,attention_qkv,37056.0,195.1297766648125,37464.917119644,37056,1.0,5526346,0.9890853323300269,79679648,61.04801484712473,0.34990082012206025,35025.50026019601,29119.16152112154,0.001000046706000335,29.120521560689298,0.001,0.001
vit,dp_kfm_a,public,0.4,42,1,blocks.9.attn.v_proj,True,0.9443007204525157,0.3306140358247768,attention_qkv,37056.0,195.1297766648125,37464.917119644,37056,1.0,5526346,0.9890853323300269,79679648,61.04801484712473,0.34990082012206025,35025.50026019601,29119.16152112154,0.001000046706000335,29.120521560689298,0.001,0.001
vit,dp_kfm_a,public,0.4,42,1,blocks.9.attn.out_proj,True,0.8460613374770455,0.5332018865421722,attention_out,37056.0,54.5879651422491,10480.889307311827,37056,1.0,5526346,3.5355778420585424,79679648,9.510728734961294,0.40002233236902474,33543.6399579079,278.9552165440676,0.006871443635425563,1.9168250472904929,0.001,0.001
vit,dp_kfm_a,public,0.4,42,1,blocks.9.mlp.fc1,True,0.9387323827030365,0.3448072757880842,mlp_fc1,148224.0,255.64093644946186,196332.23919318672,148224,1.0,5526346,0.7549651580867,79679648,82.19076532285979,0.37897771102297223,139352.58977480076,61243.15575374838,0.001,61.24315575374838,0.001,0.001
vit,dp_kfm_a,public,0.4,42,1,blocks.9.mlp.fc2,True,0.860125008012647,0.5167857219533855,mlp_fc2,147648.0,256.2426695890004,49198.59256108808,147648,1.0,5526346,3.00106145956657,79679648,20.13626381349251,0.3613967333241685,137175.20895681003,1819.479769593054,0.001534843323229903,2.7926163761117815,0.001,0.001
vit,dp_kfm_a,public,0.4,42,1,blocks.10.attn.q_proj,True,0.946893477420759,0.32202889588493544,attention_qkv,37056.0,204.5018136617637,39264.34822305863,37056,1.0,5526346,0.9437569112184641,79679648,62.89244630524769,0.33220847683350363,35335.41027726873,31368.678212466304,0.001,31.368678212466303,0.001,0.001
vit,dp_kfm_a,public,0.4,42,1,blocks.10.attn.k_proj,True,0.946893477420759,0.32202889588493544,attention_qkv,37056.0,204.5018136617637,39264.34822305863,37056,1.0,5526346,0.9437569112184641,79679648,62.89244630524769,0.33220847683350363,35335.41027726873,31368.678212466304,0.001,31.368678212466303,0.001,0.001
vit,dp_kfm_a,public,0.4,42,1,blocks.10.attn.v_proj,True,0.946893477420759,0.32202889588493544,attention_qkv,37056.0,204.5018136617637,39264.34822305863,37056,1.0,5526346,0.9437569112184641,79679648,62.89244630524769,0.33220847683350363,35335.41027726873,31368.678212466304,0.001,31.368678212466303,0.001,0.001
vit,dp_kfm_a,public,0.4,42,1,blocks.10.attn.out_proj,True,0.952632621960264,0.3042574886205875,attention_out,37056.0,40.41681240698392,7760.027982140913,37056,1.0,5526346,4.775240512699366,79679648,13.987382028275617,0.3958391494226819,33072.13297951422,731.7135401684944,0.003390190472018934,2.4806482721264733,0.001,0.001
vit,dp_kfm_a,public,0.4,42,1,blocks.10.mlp.fc1,True,0.953680873428752,0.3010581191204313,mlp_fc1,148224.0,248.69289440271575,190996.1429012857,148224,1.0,5526346,0.776057556704734,79679648,84.64892890553914,0.35703899620155355,140371.21326031163,65925.53577427764,0.001,65.92553577427765,0.001,0.001
vit,dp_kfm_a,public,0.4,42,1,blocks.10.mlp.fc2,True,0.9165414494285142,0.40229414535103886,mlp_fc2,147648.0,214.41885438284137,41168.420041505546,147648,1.0,5526346,3.586438339172184,79679648,19.425814933501453,0.4225132358378787,135186.2372287694,1663.2139442224825,0.0014181687280442829,2.3587180037435127,0.001,0.001
vit,dp_kfm_a,public,0.4,42,1,blocks.11.attn.q_proj,True,0.9622669637948003,0.27285716491370265,attention_qkv,37056.0,206.50522245343942,39649.00271106037,37056,1.0,5526346,0.9346010609659791,79679648,69.8505310874208,0.3298584606572663,35332.44894748735,40777.84598373645,0.001,40.77784598373645,0.001,0.001
vit,dp_kfm_a,public,0.4,42,1,blocks.11.attn.k_proj,True,0.9622669637948003,0.27285716491370265,attention_qkv,37056.0,206.50522245343942,39649.00271106037,37056,1.0,5526346,0.9346010609659791,79679648,69.8505310874208,0.3298584606572663,35332.44894748735,40777.84598373645,0.001,40.77784598373645,0.001,0.001
vit,dp_kfm_a,public,0.4,42,1,blocks.11.attn.v_proj,True,0.9622669637948003,0.27285716491370265,attention_qkv,37056.0,206.50522245343942,39649.00271106037,37056,1.0,5526346,0.9346010609659791,79679648,69.8505310874208,0.3298584606572663,35332.44894748735,40777.84598373645,0.001,40.77784598373645,0.001,0.001
vit,dp_kfm_a,public,0.4,42,1,blocks.11.attn.out_proj,True,0.930246458204987,0.3792371575591214,attention_out,37056.0,51.52240035508345,9892.300868176022,37056,1.0,5526346,3.745943486131808,79679648,12.737678046926748,0.3668668837411904,33824.39311436906,579.0628040487278,0.005859282718796704,3.3928926808606725,0.001,0.001
vit,dp_kfm_a,public,0.4,42,1,blocks.11.mlp.fc1,True,0.9748983637595632,0.22269552424421704,mlp_fc1,148224.0,213.5248367508774,163987.07462467384,148224,1.0,5526346,0.903876115475859,79679648,95.8047863262251,0.3536569668086055,138933.2297413324,89839.64280034286,0.0010001225554547913,89.85065313862455,0.001,0.001
vit,dp_kfm_a,public,0.4,42,1,blocks.11.mlp.fc2,True,0.9936581568263144,0.11473755290880107,mlp_fc2,147648.0,154.27724525665917,29621.23108927856,147648,1.0,5526346,4.98453286951471,79679648,59.089281730667835,0.5374856181186708,120169.45569641839,26839.336612996303,0.0010548098086884821,28.310395518080405,0.001,0.001
vit,dp_kfm_a,public,0.4,42,1,head,True,0.9093908526188496,0.4257755005550931,patch_head,1930.0,452.77687945859736,4527.768794585973,1930,1.0,5526346,0.42625851441614576,79679648,240.36829086683946,0.4948379847004553,1710.6662946121642,895762.6264514397,0.001,895.7626264514397,0.001,0.001
vit,dp_kfm_a,public,0.4,42,1,identity,True,,,identity,47616.0,47616.0,,47616,1.0,5526346,1.0,79679648,,,,,,,0.001,0.001
vit,dp_kfm_a,public,0.4,42,2,patch_embed,True,0.9989320850681701,0.12686410769734743,patch_head,147648.0,75.23613807463816,14445.338510330526,147648,1.0,5526346,10.221151958080464,79679648,125.18689162496493,0.4453395043444773,64335.56591323935,175346.51560049213,0.0010017691743204123,175.65673415306628,0.001,0.001
vit,dp_kfm_a,public,0.4,42,2,blocks.0.attn.q_proj,True,0.9931349307725144,0.13634410894046675,attention_qkv,37056.0,49.969543139696185,9594.152282821668,37056,1.0,5526346,3.8623527027342246,79679648,45.91956923320966,1.01959477634548,16280.808786839465,14288.75906697996,0.0010000077176396758,14.288869342473852,0.001,0.001
vit,dp_kfm_a,public,0.4,42,2,blocks.0.attn.k_proj,True,0.9931349307725144,0.13634410894046675,attention_qkv,37056.0,49.969543139696185,9594.152282821668,37056,1.0,5526346,3.8623527027342246,79679648,45.91956923320966,1.01959477634548,16280.808786839465,14288.75906697996,0.0010000077176396758,14.288869342473852,0.001,0.001
vit,dp_kfm_a,public,0.4,42,2,blocks.0.attn.v_proj,True,0.9931349307725144,0.13634410894046675,attention_qkv,37056.0,49.969543139696185,9594.152282821668,37056,1.0,5526346,3.8623527027342246,79679648,45.91956923320966,1.01959477634548,16280.808786839465,14288.75906697996,0.0010000077176396758,14.288869342473852,0.001,0.001
vit,dp_kfm_a,public,0.4,42,2,blocks.0.attn.out_proj,True,0.9896507180123144,0.22433396785576523,attention_out,37056.0,30.013749232170387,5762.6398525767145,37056,1.0,5526346,6.430386237555819,79679648,31.34406346512881,0.7578485324007131,21028.801057482095,5500.323650222282,0.0010004121611001248,5.502590669669,0.001,0.001
vit,dp_kfm_a,public,0.4,42,2,blocks.0.mlp.fc1,True,0.9889897179794183,0.16548105795008805,mlp_fc1,148224.0,83.23019802260052,63920.7920813572,148224,1.0,5526346,2.3188698883978667,79679648,59.147546772397156,1.0910416503390237,77449.19418060881,26905.547933312748,0.001,26.905547933312747,0.001,0.001
vit,dp_kfm_a,public,0.4,42,2,blocks.0.mlp.fc2,True,0.990930191370331,0.13882796739444242,mlp_fc2,147648.0,161.24592643038415,30959.217874633756,147648,1.0,5526346,4.769112727520629,79679648,42.76081661342271,0.7058882807342214,99898.15438734725,11956.800308042135,0.0010304583225768048,12.320984388810922,0.001,0.001
vit,dp_kfm_a,public,0.4,42,2,blocks.1.attn.q_proj,True,0.9941345583451112,0.11102671082312879,attention_qkv,37056.0,79.9141497051392,15343.516743386725,37056,1.0,5526346,2.4150917041865037,79679648,38.40747218239236,0.9114311175464538,23025.18827485373,9141.959893913057,0.0010000000000550775,9.141959894416573,0.001,0.001
vit,dp_kfm_a,public,0.4,42,2,blocks.1.attn.k_proj,True,0.9941345583451112,0.11102671082312879,attention_qkv,37056.0,79.9141497051392,15343.516743386725,37056,1.0,5526346,2.4150917041865037,79679648,38.40747218239236,0.9114311175464538,23025.18827485373,9141.959893913057,0.0010000000000550775,9.141959894416573,0.001,0.001
vit,dp_kfm_a,public,0.4,42,2,blocks.1.attn.v_proj,True,0.9941345583451112,0.11102671082312879,attention_qkv,37056.0,79.9141497051392,15343.516743386725,37056,1.0,5526346,2.4150917041865037,79679648,38.40747218239236,0.9114311175464538,23025.18827485373,9141.959893913057,0.0010000000000550775,9.141959894416573,0.001,0.001
vit,dp_kfm_a,public,0.4,42,2,blocks.1.attn.out_proj,True,0.9864217128070119,0.16462274396263663,attention_out,37056.0,48.8142830227139,9372.342340361069,37056,1.0,5526346,3.9537608267275925,79679648,32.57507086941387,0.7217037815489353,26070.063259077324,6056.38427354283,0.00118050639157634,7.149600344759739,0.001,0.001
vit,dp_kfm_a,public,0.4,42,2,blocks.1.mlp.fc1,True,0.9899766320923922,0.14301495356805732,mlp_fc1,148224.0,117.68431357087097,90381.5528224289,148224,1.0,5526346,1.6399806749416352,79679648,42.593130721237685,0.7260285071097453,113514.07423597755,11839.923816436023,0.001,11.839923816436023,0.001,0.001
vit,dp_kfm_a,public,0.4,42,2,blocks.1.mlp.fc2,True,0.9917170092748301,0.12957905549609913,mlp_fc2,147648.0,151.70892878189667,29128.11432612416,147648,1.0,5526346,5.068917209912858,79679648,32.90846433502652,0.5720285398534081,117693.51849794824,6212.537758770283,0.0010238355624871127,6.360617090722999,0.001,0.001
vit,dp_kfm_a,public,0.4,42,2,blocks.2.attn.q_proj,True,0.9916154147438232,0.1301989071178684,attention_qkv,37056.0,110.39108807880696,21195.088911130937,37056,1.0,5526346,1.748329537817577,79679648,39.27128639286991,0.6756011693996542,28627.05196321613,9664.687560856402,0.001,9.664687560856402,0.001,0.001
vit,dp_kfm_a,public,0.4,42,2,blocks.2.attn.k_proj,True,0.9916154147438232,0.1301989071178684,attention_qkv,37056.0,110.39108807880696,21195.088911130937,37056,1.0,5526346,1.748329537817577,79679648,39.27128639286991,0.6756011693996542,28627.05196321613,9664.687560856402,0.001,9.664687560856402,0.001,0.001
vit,dp_kfm_a,public,0.4,42,2,blocks.2.attn.v_proj,True,0.9916154147438232,0.1301989071178684,attention_qkv,37056.0,110.39108807880696,21195.088911130937,37056,1.0,5526346,1.748329537817577,79679648,39.27128639286991,0.6756011693996542,28627.05196321613,9664.687560856402,0.001,9.664687560856402,0.001,0.001
vit,dp_kfm_a,public,0.4,42,2,blocks.2.attn.out_proj,True,0.9845885320649812,0.17578631632454533,attention_out,37056.0,60.39220363979776,11595.30309884117,37056,1.0,5526346,3.1957767454740673,79679648,21.900084186812137,0.6858226514153138,27794.582683728942,2244.4733897750525,0.0020733266082194153,4.653526400461043,0.001,0.001
vit,dp_kfm_a,public,0.4,42,2,blocks.2.mlp.fc1,True,0.988027984556224,0.1554876061958179,mlp_fc1,148224.0,150.1214879641564,115293.30275647211,148224,1.0,5526346,1.2856254132391856,79679648,48.14171621216274,0.5528219918118847,127792.13078085687,16080.661909271623,0.001,16.080661909271623,0.001,0.001
vit,dp_kfm_a,public,0.4,42,2,blocks.2.mlp.fc2,True,0.9921380716273507,0.12558824448556488,mlp_fc2,147648.0,180.47748037772223,34651.67623252267,147648,1.0,5526346,4.260919414380986,79679648,28.864890149840328,0.49805389830836466,125691.61882627473,4476.357591633295,0.0011908786045138015,5.330798482029019,0.001,0.001
vit,dp_kfm_a,public,0.4,42,2,blocks.3.attn.q_proj,True,0.9892160282392664,0.1473752154606725,attention_qkv,37056.0,148.11080395560157,28437.2743594755,37056,1.0,5526346,1.3030784712900123,79679648,49.912484528893394,0.5126834715625701,32486.487719184122,17600.417565579217,0.0010000363446921083,17.601057247336616,0.001,0.001
vit,dp_kfm_a,public,0.4,42,2,blocks.3.attn.k_proj,True,0.9892160282392664,0.1473752154606725,attention_qkv,37056.0,148.11080395560157,28437.2743594755,37056,1.0,5526346,1.3030784712900123,79679648,49.912484528893394,0.5126834715625701,32486.487719184122,17600.417565579217,0.0010000363446921083,17.601057247336616,0.001,0.001
vit,dp_kfm_a,public,0.4,42,2,blocks.3.attn.v_proj,True,0.9892160282392664,0.1473752154606725,attention_qkv,37056.0,148.11080395560157,28437.2743594755,37056,1.0,5526346,1.3030784712900123,79679648,49.912484528893394,0.5126834715625701,32486.487719184122,17600.417565579217,0.0010000363446921083,17.601057247336616,0.001,0.001
vit,dp_kfm_a,public,0.4,42,2,blocks.3.attn.out_proj,True,0.991179663740234,0.1333455829242165,attention_out,37056.0,56.008756639315315,10753.68127474854,37056,1.0,5526346,3.4458897426143498,79679648,29.873026065597788,0.535558406202051,30485.613778560364,4877.508608207087,0.0021041374085771524,10.262948323185613,0.001,0.001
vit,dp_kfm_a,public,0.4,42,2,blocks.3.mlp.fc1,True,0.9858738363424876,0.1679491745262122,mlp_fc1,148224.0,154.4181180589559,118593.11466927815,148224,1.0,5526346,1.249853336033494,79679648,60.3018107206919,0.47561891294538783,131602.3603213785,28237.476528103867,0.001,28.23747652810387,0.001,0.001
vit,dp_kfm_a,public,0.4,42,2,blocks.3.mlp.fc2,True,0.9936351026219872,0.12279016125944436,mlp_fc2,147648.0,186.19091568040866,35748.65581063846,147648,1.0,5526346,4.130169279149829,79679648,36.85667116130784,0.4728531469075481,125975.7314448315,8246.891286743165,0.0016143392916301484,13.313280637991804,0.001,0.001
vit,dp_kfm_a,public,0.4,42,2,blocks.4.attn.q_proj,True,0.9864001805080037,0.16454826711794077,attention_qkv,37056.0,150.95073475489937,28982.54107294068,37056,1.0,5526346,1.278562839149982,79679648,49.43229949671294,0.47108624901871576,33122.25570831121,17180.15325860243,0.001,17.18015325860243,0.001,0.001
vit,dp_kfm_a,public,0.4,42,2,blocks.4.attn.k_proj,True,0.9864001805080037,0.16454826711794077,attention_qkv,37056.0,150.95073475489937,28982.54107294068,37056,1.0,5526346,1.278562839149982,79679648,49.43229949671294,0.47108624901871576,33122.25570831121,17180.15325860243,0.001,17.18015325860243,0.001,0.001
vit,dp_kfm_a,public,0.4,42,2,blocks.4.attn.v_proj,True,0.9864001805080037,0.16454826711794077,attention_qkv,37056.0,150.95073475489937,28982.54107294068,37056,1.0,5526346,1.278562839149982,79679648,49.43229949671294,0.47108624901871576,33122.25570831121,17180.15325860243,0.001,17.18015325860243,0.001,0.001
vit,dp_kfm_a,public,0.4,42,2,blocks.4.attn.out_proj,True,0.9824933607621277,0.18775449833138338,attention_out,37056.0,51.9284892516366,9970.269936314227,37056,1.0,5526346,3.716649622998946,79679648,19.951606678305087,0.5234331938245321,30647.55965140037,1778.052935923765,0.003306664617769114,5.879424731739608,0.001,0.001
vit,dp_kfm_a,public,0.4,42,2,blocks.4.mlp.fc1,True,0.9779824414033321,0.20965682521928378,mlp_fc1,148224.0,158.4071095612358,121656.6601430291,148224,1.0,5526346,1.2183796581768416,79679648,51.03765355190351,0.4247515287625461,135133.77666444067,18609.159098051205,0.0010000074274056487,18.609297315824605,0.001,0.001
vit,dp_kfm_a,public,0.4,42,2,blocks.4.mlp.fc2,True,0.9751021292050563,0.22177803918384112,mlp_fc2,147648.0,184.2150667903842,35369.29282375377,147648,1.0,5526346,4.174468535057637,79679648,24.06218950447228,0.425535235290028,130586.16858083023,2840.1276309938935,0.001627909826531649,4.623471679099012,0.001,0.001
vit,dp_kfm_a,public,0.4,42,2,blocks.5.attn.q_proj,True,0.9824730562977159,0.18645604090981002,attention_qkv,37056.0,160.16666776878347,30752.000211606428,37056,1.0,5526346,1.204994788794724,79679648,45.258559021120625,0.4253674824694258,33794.750361619444,13780.082131468753,0.001,13.780082131468752,0.001,0.001
vit,dp_kfm_a,public,0.4,42,2,blocks.5.attn.k_proj,True,0.9824730562977159,0.18645604090981002,attention_qkv,37056.0,160.16666776878347,30752.000211606428,37056,1.0,5526346,1.204994788794724,79679648,45.258559021120625,0.4253674824694258,33794.750361619444,13780.082131468753,0.001,13.780082131468752,0.001,0.001
vit,dp_kfm_a,public,0.4,42,2,blocks.5.attn.v_proj,True,0.9824730562977159,0.18645604090981002,attention_qkv,37056.0,160.16666776878347,30752.000211606428,37056,1.0,5526346,1.204994788794724,79679648,45.258559021120625,0.4253674824694258,33794.750361619444,13780.082131468753,0.001,13.780082131468752,0.001,0.001
vit,dp_kfm_a,public,0.4,42,2,blocks.5.attn.out_proj,True,0.9658860310925397,0.26100033260814703,attention_out,37056.0,63.2695177490846,12147.747407824243,37056,1.0,5526346,3.050442090698445,79679648,12.591682762512468,0.4579932230552788,32257.968151690027,562.6125733518634,0.007961346952664369,4.479153896385516,0.001,0.001
vit,dp_kfm_a,public,0.4,42,2,blocks.5.mlp.fc1,True,0.9665585585044713,0.2589925733917067,mlp_fc1,148224.0,159.9028782677214,122805.41050961004,148224,1.0,5526346,1.206982651537172,79679648,50.72831298165025,0.41740553394457297,135195.6411567045,18328.46308687481,0.00100000428584678,18.328541639859314,0.001,0.001
vit,dp_kfm_a,public,0.4,42,2,blocks.5.mlp.fc2,True,0.9633805647874311,0.2682723120712275,mlp_fc2,147648.0,187.57303651069535,36014.023010053505,147648,1.0,5526346,4.099736370990358,79679648,23.290611087179094,0.41931765371969193,130911.05824465666,2617.894909978091,0.0017803230426803312,4.660698631549547,0.001,0.001
vit,dp_kfm_a,public,0.4,42,2,blocks.6.attn.q_proj,True,0.9662842959605458,0.25756383319512205,attention_qkv,37056.0,153.3361804348422,29440.546643489703,37056,1.0,5526346,1.2586722810798872,79679648,44.91305740102488,0.398741443549526,34200.46330227028,13518.59478210733,0.001,13.51859478210733,0.001,0.001
vit,dp_kfm_a,public,0.4,42,2,blocks.6.attn.k_proj,True,0.9662842959605458,0.25756383319512205,attention_qkv,37056.0,153.3361804348422,29440.546643489703,37056,1.0,5526346,1.2586722810798872,79679648,44.91305740102488,0.398741443549526,34200.46330227028,13518.59478210733,0.001,13.51859478210733,0.001,0.001
vit,dp_kfm_a,public,0.4,42,2,blocks.6.attn.v_proj,True,0.9662842959605458,0.25756383319512205,attention_qkv,37056.0,153.3361804348422,29440.546643489703,37056,1.0,5526346,1.2586722810798872,79679648,44.91305740102488,0.398741443549526,34200.46330227028,13518.59478210733,0.001,13.51859478210733,0.001,0.001
vit,dp_kfm_a,public,0.4,42,2,blocks.6.attn.out_proj,True,0.9476445128033435,0.33717244420924153,attention_out,37056.0,58.087079836353155,11152.719328579806,37056,1.0,5526346,3.3225977367726633,79679648,15.99793996169166,0.5013200378901991,31236.044870296108,1023.6704256981659,0.0050890987415389746,5.209559875171203,0.001,0.001
vit,dp_kfm_a,public,0.4,42,2,blocks.6.mlp.fc1,True,0.955301397932082,0.308612253171044,mlp_fc1,148224.0,175.0519282512901,134439.8808969908,148224,1.0,5526346,1.1025299859761906,79679648,58.02088479920167,0.39946209149188106,136434.08319475915,25642.529771242873,0.001,25.642529771242874,0.001,0.001
vit,dp_kfm_a,public,0.4,42,2,blocks.6.mlp.fc2,True,0.944659551672638,0.3423708759918881,mlp_fc2,147648.0,191.21225281639468,36712.75254074778,147648,1.0,5526346,4.021708800943876,79679648,20.24753956766575,0.4295602814808325,130476.23621701088,1844.7207838361426,0.0021769804857786866,4.015921148121645,0.001,0.001
vit,dp_kfm_a,public,0.4,42,2,blocks.7.attn.q_proj,True,0.9530648356760428,0.30388933872822516,attention_qkv,37056.0,163.77634167260186,31445.057601139557,37056,1.0,5526346,1.178436384821795,79679648,45.52877331979918,0.3791187135751424,34515.83376858321,13986.687549006128,0.001,13.98668754900613,0.001,0.001
vit,dp_kfm_a,public,0.4,42,2,blocks.7.attn.k_proj,True,0.9530648356760428,0.30388933872822516,attention_qkv,37056.0,163.77634167260186,31445.057601139557,37056,1.0,5526346,1.178436384821795,79679648,45.52877331979918,0.3791187135751424,34515.83376858321,13986.687549006128,0.001,13.98668754900613,0.001,0.001
vit,dp_kfm_a,public,0.4,42,2,blocks.7.attn.v_proj,True,0.9530648356760428,0.30388933872822516,attention_qkv,37056.0,163.77634167260186,31445.057601139557,37056,1.0,5526346,1.178436384821795,79679648,45.52877331979918,0.3791187135751424,34515.83376858321,13986.687549006128,0.001,13.98668754900613,0.001,0.001
vit,dp_kfm_a,public,0.4,42,2,blocks.7.attn.out_proj,True,0.9278495092047441,0.3824588060333888,attention_out,37056.0,68.17424193871096,13089.454452232505,37056,1.0,5526346,2.8309812402975907,79679648,10.787903378085955,0.43783373946432924,32806.51494554225,382.2457101169903,0.009769542110340639,3.7343655614849975,0.001,0.001
vit,dp_kfm_a,public,0.4,42,2,blocks.7.mlp.fc1,True,0.9472288220214451,0.32461157980212413,mlp_fc1,148224.0,208.6361278183455,160232.54616448935,148224,1.0,5526346,0.9250555118049377,79679648,68.64952986776248,0.4280233139213671,136000.03101756814,39047.56158279796,0.001,39.04756158279797,0.001,0.001
vit,dp_kfm_a,public,0.4,42,2,blocks.7.mlp.fc2,True,0.9999832811646313,0.02512661464853253,mlp_fc2,147648.0,235.4848178167183,45213.085020809915,147648,1.0,5526346,3.265603307804435,79679648,137.9908304672947,0.42746898035915576,114363.27372981393,223679.18460365763,0.0027631197451070577,618.052371547813,0.001,0.001
vit,dp_kfm_a,public,0.4,42,2,blocks.8.attn.q_proj,True,0.9647798952155431,0.2646808775904657,attention_qkv,37056.0,177.49935864015026,34079.87685890885,37056,1.0,5526346,1.0873278724982587,79679648,65.82077345083637,0.382239182823792,34299.766042756535,35148.553216309,0.0010000542601837396,35.1504603832647,0.001,0.001
vit,dp_kfm_a,public,0.4,42,2,blocks.8.attn.k_proj,True,0.9647798952155431,0.2646808775904657,attention_qkv,37056.0,177.49935864015026,34079.87685890885,37056,1.0,5526346,1.0873278724982587,79679648,65.82077345083637,0.382239182823792,34299.766042756535,35148.553216309,0.0010000542601837396,35.1504603832647,0.001,0.001
vit,dp_kfm_a,public,0.4,42,2,blocks.8.attn.v_proj,True,0.9647798952155431,0.2646808775904657,attention_qkv,37056.0,177.49935864015026,34079.87685890885,37056,1.0,5526346,1.0873278724982587,79679648,65.82077345083637,0.382239182823792,34299.766042756535,35148.553216309,0.0010000542601837396,35.1504603832647,0.001,0.001
vit,dp_kfm_a,public,0.4,42,2,blocks.8.attn.out_proj,True,0.8528689847589664,0.5277024315373169,attention_out,37056.0,65.37050721933316,12551.137386111968,37056,1.0,5526346,2.9524017513347474,79679648,9.570529349769647,0.4301436760364795,33030.53942114714,283.3608839265163,0.009350257512888791,2.649497233792718,0.001,0.001
vit,dp_kfm_a,public,0.4,42,2,blocks.8.mlp.fc1,True,0.9546316106921567,0.299135615468418,mlp_fc1,148224.0,235.51299144256708,180873.9774278915,148224,1.0,5526346,0.8194877013698226,79679648,87.90688587709387,0.41751439074646673,136369.87970222015,72453.14442481134,0.001,72.45314442481134,0.001,0.001
vit,dp_kfm_a,public,0.4,42,2,blocks.8.mlp.fc2,True,0.8844847909030543,0.47841570784573384,mlp_fc2,147648.0,253.3191289532859,48637.27275903089,147648,1.0,5526346,3.035696527054654,79679648,17.43435271710029,0.37538752821999677,135249.59009894344,1269.1547223067034,0.002890037122796058,3.6679042620382947,0.001,0.001
vit,dp_kfm_a,public,0.4,42,2,blocks.9.attn.q_proj,True,0.9487128112136616,0.3161473187204103,attention_qkv,37056.0,190.88478138024664,36649.878025007354,37056,1.0,5526346,1.0110811276019946,79679648,63.847026874832345,0.3619924063184319,34772.10471182313,32572.545271567284,0.001,32.572545271567286,0.001,0.001
vit,dp_kfm_a,public,0.4,42,2,blocks.9.attn.k_proj,True,0.9487128112136616,0.3161473187204103,attention_qkv,37056.0,190.88478138024664,36649.878025007354,37056,1.0,5526346,1.0110811276019946,79679648,63.847026874832345,0.3619924063184319,34772.10471182313,32572.545271567284,0.001,32.572545271567286,0.001,0.001
vit,dp_kfm_a,public,0.4,42,2,blocks.9.attn.v_proj,True,0.9487128112136616,0.3161473187204103,attention_qkv,37056.0,190.88478138024664,36649.878025007354,37056,1.0,5526346,1.0110811276019946,79679648,63.847026874832345,0.3619924063184319,34772.10471182313,32572.545271567284,0.001,32.572545271567286,0.001,0.001
vit,dp_kfm_a,public,0.4,42,2,blocks.9.attn.out_proj,True,0.8005823194640868,0.6038083890797912,attention_out,37056.0,53.45945003789833,10264.214407276479,37056,1.0,5526346,3.6102129719475036,79679648,10.487183847239502,0.4139483912064125,33238.870626921045,356.1616903657634,0.005772781045507941,2.0560434552795472,0.001,0.001
vit,dp_kfm_a,public,0.4,42,2,blocks.9.mlp.fc1,True,0.9414014420987106,0.3389268002111533,mlp_fc1,148224.0,249.64885288801884,191730.31901799847,148224,1.0,5526346,0.7730858674787144,79679648,87.1563045048483,0.38952025124302253,138261.4547828413,70916.45517396618,0.0010000761701639616,70.92185689198436,0.001,0.001
vit,dp_kfm_a,public,0.4,42,2,blocks.9.mlp.fc2,True,0.832800354115351,0.553691769244586,mlp_fc2,147648.0,246.98624782398352,47421.35958220484,147648,1.0,5526346,3.1135336755592693,79679648,21.178814114225375,0.38004642200989097,135976.97728711093,2064.211040006935,0.0015389471722561505,3.1767117429586005,0.001,0.001
vit,dp_kfm_a,public,0.4,42,2,blocks.10.attn.q_proj,True,0.9447090061895337,0.32798108909189944,attention_qkv,37056.0,200.26444492410573,38450.7734254283,37056,1.0,5526346,0.9637257381016449,79679648,66.04881244597345,0.3437104815954457,35102.4902813182,35453.779029672165,0.001,35.45377902967216,0.001,0.001
vit,dp_kfm_a,public,0.4,42,2,blocks.10.attn.k_proj,True,0.9447090061895337,0.32798108909189944,attention_qkv,37056.0,200.26444492410573,38450.7734254283,37056,1.0,5526346,0.9637257381016449,79679648,66.04881244597345,0.3437104815954457,35102.4902813182,35453.779029672165,0.001,35.45377902967216,0.001,0.001
vit,dp_kfm_a,public,0.4,42,2,blocks.10.attn.v_proj,True,0.9447090061895337,0.32798108909189944,attention_qkv,37056.0,200.26444492410573,38450.7734254283,37056,1.0,5526346,0.9637257381016449,79679648,66.04881244597345,0.3437104815954457,35102.4902813182,35453.779029672165,0.001,35.45377902967216,0.001,0.001
vit,dp_kfm_a,public,0.4,42,2,blocks.10.attn.out_proj,True,0.9343841404661,0.35632556509472163,attention_out,37056.0,40.59996513740167,7795.19330638112,37056,1.0,5526346,4.753698663209041,79679648,13.77126918735121,0.3988721028570725,32982.272748846124,703.7767556410193,0.0034804117410791313,2.4494328834315824,0.001,0.001
vit,dp_kfm_a,public,0.4,42,2,blocks.10.mlp.fc1,True,0.9500367426202063,0.31322628551104253,mlp_fc1,148224.0,244.07176835881987,187447.11809957365,148224,1.0,5526346,0.7907510208893265,79679648,88.53073397657924,0.3679829169771791,139387.20881772402,73745.43844877319,0.001,73.74543844877319,0.001,0.001
vit,dp_kfm_a,public,0.4,42,2,blocks.10.mlp.fc2,True,0.8605901423814505,0.5116354592949925,mlp_fc2,147648.0,205.9695942858672,39546.162102886505,147648,1.0,5526346,3.73356078437819,79679648,20.99802428397756,0.4356963906487876,134008.85666045462,2020.44058693297,0.0013079595437615686,2.6426545482822035,0.001,0.001
vit,dp_kfm_a,public,0.4,42,2,blocks.11.attn.q_proj,True,0.9574016070742236,0.2888257541933027,attention_qkv,37056.0,202.5223320256197,38884.287748918985,37056,1.0,5526346,0.9529813234403448,79679648,72.23998046896818,0.34069424447691815,35114.644882337896,44355.14973870731,0.0010000083313345728,44.35551927629981,0.001,0.001
vit,dp_kfm_a,public,0.4,42,2,blocks.11.attn.k_proj,True,0.9574016070742236,0.2888257541933027,attention_qkv,37056.0,202.5223320256197,38884.287748918985,37056,1.0,5526346,0.9529813234403448,79679648,72.23998046896818,0.34069424447691815,35114.644882337896,44355.14973870731,0.0010000083313345728,44.35551927629981,0.001,0.001
vit,dp_kfm_a,public,0.4,42,2,blocks.11.attn.v_proj,True,0.9574016070742236,0.2888257541933027,attention_qkv,37056.0,202.5223320256197,38884.287748918985,37056,1.0,5526346,0.9529813234403448,79679648,72.23998046896818,0.34069424447691815,35114.644882337896,44355.14973870731,0.0010000083313345728,44.35551927629981,0.001,0.001
vit,dp_kfm_a,public,0.4,42,2,blocks.11.attn.out_proj,True,0.8964646113626171,0.44407227892784723,attention_out,37056.0,53.11668394724924,10198.403317871855,37056,1.0,5526346,3.6335099569030023,79679648,12.932486793357521,0.3899386708771191,33485.75017079366,601.4577273604979,0.005516401905861224,3.317882553506411,0.001,0.001
vit,dp_kfm_a,public,0.4,42,2,blocks.11.mlp.fc1,True,0.9723691621926027,0.23346085400246983,mlp_fc1,148224.0,210.3843941562435,161575.214711995,148224,1.0,5526346,0.9173684235184628,79679648,97.69993541802181,0.3637099639689942,138026.87739970814,94348.65026368029,0.001,94.3486502636803,0.001,0.001
vit,dp_kfm_a,public,0.4,42,2,blocks.11.mlp.fc2,True,0.9949404853579219,0.10063369774044746,mlp_fc2,147648.0,151.40427443843586,29069.620692179684,147648,1.0,5526346,5.079116840341859,79679648,59.108760396326666,0.5394420218301971,119749.9374935102,26861.460918361026,0.0010732154204233133,28.82813407268323,0.001,0.001
vit,dp_kfm_a,public,0.4,42,2,head,True,0.7843078292631973,0.6218892646240116,patch_head,1930.0,485.89732490400866,4858.973249040087,1930,1.0,5526346,0.3972032569599515,79679648,181.73822168766617,0.47821944489216667,1741.7813608429637,445262.0540081305,0.001,445.2620540081305,0.001,0.001
vit,dp_kfm_a,public,0.4,42,2,identity,True,,,identity,47616.0,47616.0,,47616,1.0,5526346,1.0,79679648,,,,,,,0.001,0.001
vit,dp_kfm_a,public,0.4,42,3,patch_embed,True,0.9992661226135732,0.13395648854911846,patch_head,147648.0,74.99118131335533,14398.306812164223,147648,1.0,5526346,10.25453908755865,79679648,125.721464917905,0.44349114277258556,64639.99634841777,177224.42747494573,0.0010017448026654553,177.5336491283878,0.001,0.001
vit,dp_kfm_a,public,0.4,42,3,blocks.0.attn.q_proj,True,0.9957624614962347,0.11554858013098535,attention_qkv,37056.0,49.91235811106257,9583.172757324013,37056,1.0,5526346,3.866777834269936,79679648,51.17280955221501,1.0176617839159936,16135.152904040864,18732.604089890876,0.0010000036151939296,18.732671811887467,0.001,0.001
vit,dp_kfm_a,public,0.4,42,3,blocks.0.attn.k_proj,True,0.9957624614962347,0.11554858013098535,attention_qkv,37056.0,49.91235811106257,9583.172757324013,37056,1.0,5526346,3.866777834269936,79679648,51.17280955221501,1.0176617839159936,16135.152904040864,18732.604089890876,0.0010000036151939296,18.732671811887467,0.001,0.001
vit,dp_kfm_a,public,0.4,42,3,blocks.0.attn.v_proj,True,0.9957624614962347,0.11554858013098535,attention_qkv,37056.0,49.91235811106257,9583.172757324013,37056,1.0,5526346,3.866777834269936,79679648,51.17280955221501,1.0176617839159936,16135.152904040864,18732.604089890876,0.0010000036151939296,18.732671811887467,0.001,0.001
vit,dp_kfm_a,public,0.4,42,3,blocks.0.attn.out_proj,True,0.9952938493179336,0.18445175701191452,attention_out,37056.0,30.21030598669799,5800.378749446014,37056,1.0,5526346,6.388548334630591,79679648,36.10822326726057,0.7582104062481162,20625.82496234592,7834.5723934139,0.001000431817525953,7.837955499081723,0.001,0.001
vit,dp_kfm_a,public,0.4,42,3,blocks.0.mlp.fc1,True,0.9927900795452753,0.1359440390042648,mlp_fc1,148224.0,83.66495500855929,64254.68544657354,148224,1.0,5526346,2.306820101442178,79679648,63.7676590458351,1.0907489461232107,77272.95804095398,32471.41282329735,0.001,32.47141282329735,0.001,0.001
vit,dp_kfm_a,public,0.4,42,3,blocks.0.mlp.fc2,True,0.992464647478493,0.12490958560575227,mlp_fc2,147648.0,163.26342067008363,31346.576768656058,147648,1.0,5526346,4.71017939501565,79679648,42.563771900190254,0.6974769209822832,100421.32774208665,11819.531647592928,0.0010381391340490863,12.270318349497893,0.001,0.001
vit,dp_kfm_a,public,0.4,42,3,blocks.1.attn.q_proj,True,0.9946918790913436,0.10694005693346713,attention_qkv,37056.0,81.03953968469038,15559.591619460552,37056,1.0,5526346,2.3815535077189076,79679648,40.22683545303113,0.9062828974708268,23110.883009585425,10263.36259917301,0.001,10.26336259917301,0.001,0.001
vit,dp_kfm_a,public,0.4,42,3,blocks.1.attn.k_proj,True,0.9946918790913436,0.10694005693346713,attention_qkv,37056.0,81.03953968469038,15559.591619460552,37056,1.0,5526346,2.3815535077189076,79679648,40.22683545303113,0.9062828974708268,23110.883009585425,10263.36259917301,0.001,10.26336259917301,0.001,0.001
vit,dp_kfm_a,public,0.4,42,3,blocks.1.attn.v_proj,True,0.9946918790913436,0.10694005693346713,attention_qkv,37056.0,81.03953968469038,15559.591619460552,37056,1.0,5526346,2.3815535077189076,79679648,40.22683545303113,0.9062828974708268,23110.883009585425,10263.36259917301,0.001,10.26336259917301,0.001,0.001
vit,dp_kfm_a,public,0.4,42,3,blocks.1.attn.out_proj,True,0.9855466641647999,0.16962954858299154,attention_out,37056.0,49.654574763652896,9533.678354621356,37056,1.0,5526346,3.88685233774826,79679648,31.73660218202886,0.7182237240952434,26153.948973998216,5674.153364823134,0.0011968964438797219,6.791373984384967,0.001,0.001
vit,dp_kfm_a,public,0.4,42,3,blocks.1.mlp.fc1,True,0.9904643534345919,0.14148162485006746,mlp_fc1,148224.0,118.35240859784432,90894.64980314444,148224,1.0,5526346,1.6307230438867073,79679648,44.64514414581741,0.7140584064135472,114046.33550564147,13317.894608659473,0.001,13.317894608659474,0.001,0.001
vit,dp_kfm_a,public,0.4,42,3,blocks.1.mlp.fc2,True,0.9913485374293056,0.13316269186180205,mlp_fc2,147648.0,152.975025262413,29371.204850383296,147648,1.0,5526346,5.026964360233699,79679648,32.89487479652372,0.5711517035794634,117678.646270487,6206.126081944759,0.0010334158473049471,6.413509043454274,0.001,0.001
vit,dp_kfm_a,public,0.4,42,3,blocks.2.attn.q_proj,True,0.9920978377863182,0.12706488714147257,attention_qkv,37056.0,111.18220437761852,21346.983240502756,37056,1.0,5526346,1.7358893096281491,79679648,42.17003708956204,0.6707058060966687,28652.88963313955,11548.084617407567,0.001,11.548084617407568,0.001,0.001
vit,dp_kfm_a,public,0.4,42,3,blocks.2.attn.k_proj,True,0.9920978377863182,0.12706488714147257,attention_qkv,37056.0,111.18220437761852,21346.983240502756,37056,1.0,5526346,1.7358893096281491,79679648,42.17003708956204,0.6707058060966687,28652.88963313955,11548.084617407567,0.001,11.548084617407568,0.001,0.001
vit,dp_kfm_a,public,0.4,42,3,blocks.2.attn.v_proj,True,0.9920978377863182,0.12706488714147257,attention_qkv,37056.0,111.18220437761852,21346.983240502756,37056,1.0,5526346,1.7358893096281491,79679648,42.17003708956204,0.6707058060966687,28652.88963313955,11548.084617407567,0.001,11.548084617407568,0.001,0.001
vit,dp_kfm_a,public,0.4,42,3,blocks.2.attn.out_proj,True,0.9866622435062218,0.16444344670326494,attention_out,37056.0,61.10770937828719,11732.68020063114,37056,1.0,5526346,3.1583576272714424,79679648,23.95942942946149,0.6847611331624478,27736.9588149051,2809.902035069315,0.0020574937238922227,5.781355801907099,0.001,0.001
vit,dp_kfm_a,public,0.4,42,3,blocks.2.mlp.fc1,True,0.9896682151991288,0.14480354157539843,mlp_fc1,148224.0,150.3407454368128,115461.69249547223,148224,1.0,5526346,1.2837504526084487,79679648,51.741029680181335,0.54865114657839,127769.42674894788,19256.95732726171,0.001,19.25695732726171,0.001,0.001
vit,dp_kfm_a,public,0.4,42,3,blocks.2.mlp.fc2,True,0.9930643507857604,0.11901815343196502,mlp_fc2,147648.0,181.37088135298112,34823.209219772376,147648,1.0,5526346,4.23993087679485,79679648,30.27040939867248,0.4968091578706226,125482.8862526243,5041.337080348728,0.00121569875654978,6.128747219928246,0.001,0.001
vit,dp_kfm_a,public,0.4,42,3,blocks.3.attn.q_proj,True,0.9901234268119433,0.14242654767881124,attention_qkv,37056.0,149.05098483131525,28617.789087612528,37056,1.0,5526346,1.2948589384929121,79679648,52.78901560044058,0.5105997689557497,32454.241767278985,20246.91728278594,0.001,20.24691728278594,0.001,0.001
vit,dp_kfm_a,public,0.4,42,3,blocks.3.attn.k_proj,True,0.9901234268119433,0.14242654767881124,attention_qkv,37056.0,149.05098483131525,28617.789087612528,37056,1.0,5526346,1.2948589384929121,79679648,52.78901560044058,0.5105997689557497,32454.241767278985,20246.91728278594,0.001,20.24691728278594,0.001,0.001
vit,dp_kfm_a,public,0.4,42,3,blocks.3.attn.v_proj,True,0.9901234268119433,0.14242654767881124,attention_qkv,37056.0,149.05098483131525,28617.789087612528,37056,1.0,5526346,1.2948589384929121,79679648,52.78901560044058,0.5105997689557497,32454.241767278985,20246.91728278594,0.001,20.24691728278594,0.001,0.001
vit,dp_kfm_a,public,0.4,42,3,blocks.3.attn.out_proj,True,0.9919047605041922,0.12726494313169556,attention_out,37056.0,56.032506068076856,10758.241165070756,37056,1.0,5526346,3.4444291991065703,79679648,31.59814763437536,0.5336631122201667,30403.758469525885,5612.470350491774,0.002050785781378305,11.509974393195842,0.001,0.001
vit,dp_kfm_a,public,0.4,42,3,blocks.3.mlp.fc1,True,0.9876506657198622,0.15667810636915688,mlp_fc1,148224.0,154.32040653455007,118518.07221853445,148224,1.0,5526346,1.2506447094978987,79679648,63.18699976298132,0.47422697067701947,131370.61418080676,31737.253212989992,0.001,31.73725321298999,0.001,0.001
vit,dp_kfm_a,public,0.4,42,3,blocks.3.mlp.fc2,True,0.9937505766674918,0.11682571970000136,mlp_fc2,147648.0,186.41652892528046,35791.97355365385,147648,1.0,5526346,4.12517068327257,79679648,39.33708073573951,0.47550293145023637,125496.84515162557,9705.218509580413,0.0014738857775488004,14.304383529273936,0.001,0.001
vit,dp_kfm_a,public,0.4,42,3,blocks.4.attn.q_proj,True,0.9873279636237406,0.15870401705630413,attention_qkv,37056.0,151.580648227828,29103.484459742976,37056,1.0,5526346,1.2732496018219825,79679648,52.92510194511033,0.472972607316954,33033.90376169707,20377.657480478603,0.001,20.377657480478604,0.001,0.001
vit,dp_kfm_a,public,0.4,42,3,blocks.4.attn.k_proj,True,0.9873279636237406,0.15870401705630413,attention_qkv,37056.0,151.580648227828,29103.484459742976,37056,1.0,5526346,1.2732496018219825,79679648,52.92510194511033,0.472972607316954,33033.90376169707,20377.657480478603,0.001,20.377657480478604,0.001,0.001
vit,dp_kfm_a,public,0.4,42,3,blocks.4.attn.v_proj,True,0.9873279636237406,0.15870401705630413,attention_qkv,37056.0,151.580648227828,29103.484459742976,37056,1.0,5526346,1.2732496018219825,79679648,52.92510194511033,0.472972607316954,33033.90376169707,20377.657480478603,0.001,20.377657480478604,0.001,0.001
vit,dp_kfm_a,public,0.4,42,3,blocks.4.attn.out_proj,True,0.9847740763333306,0.1739142201150802,attention_out,37056.0,52.758796785610315,10129.68898283718,37056,1.0,5526346,3.6581577245643278,79679648,22.23117392281043,0.5283205676344424,30243.430080660546,2330.268641194641,0.0034313777037625398,7.996031859172321,0.001,0.001
vit,dp_kfm_a,public,0.4,42,3,blocks.4.mlp.fc1,True,0.9799743359842831,0.1995613629977926,mlp_fc1,148224.0,157.75863667404352,121158.63296566543,148224,1.0,5526346,1.2233878541862098,79679648,55.38309302515199,0.42672944910927857,134743.52052195626,22826.693959724584,0.0010000017048630194,22.82673287611097,0.001,0.001
vit,dp_kfm_a,public,0.4,42,3,blocks.4.mlp.fc2,True,0.9736931928431243,0.22971470747201278,mlp_fc2,147648.0,183.60151355197772,35251.49060197972,147648,1.0,5526346,4.188418630777222,79679648,27.603110351638808,0.44541072587561176,128897.95132943688,4003.087233091059,0.0014604529490289627,5.8463205547880275,0.001,0.001
vit,dp_kfm_a,public,0.4,42,3,blocks.5.attn.q_proj,True,0.9824352189868197,0.1866882254559108,attention_qkv,37056.0,159.83172176344232,30687.690578580925,37056,1.0,5526346,1.207519995846933,79679648,48.06156380831959,0.43136055568994414,33640.774881210826,16013.812677033478,0.001,16.013812677033478,0.001,0.001
vit,dp_kfm_a,public,0.4,42,3,blocks.5.attn.k_proj,True,0.9824352189868197,0.1866882254559108,attention_qkv,37056.0,159.83172176344232,30687.690578580925,37056,1.0,5526346,1.207519995846933,79679648,48.06156380831959,0.43136055568994414,33640.774881210826,16013.812677033478,0.001,16.013812677033478,0.001,0.001
vit,dp_kfm_a,public,0.4,42,3,blocks.5.attn.v_proj,True,0.9824352189868197,0.1866882254559108,attention_qkv,37056.0,159.83172176344232,30687.690578580925,37056,1.0,5526346,1.207519995846933,79679648,48.06156380831959,0.43136055568994414,33640.774881210826,16013.812677033478,0.001,16.013812677033478,0.001,0.001
vit,dp_kfm_a,public,0.4,42,3,blocks.5.attn.out_proj,True,0.9708500104109015,0.24086043287557382,attention_out,37056.0,63.74182533506533,12238.430464332543,37056,1.0,5526346,3.0278392403335808,79679648,14.052348178812128,0.4682384656035454,31899.77496373163,740.2394981235922,0.007451757935835016,5.516085554561007,0.001,0.001
vit,dp_kfm_a,public,0.4,42,3,blocks.5.mlp.fc1,True,0.9690520317940112,0.24824219496160474,mlp_fc1,148224.0,158.5788811445127,121788.58071898576,148224,1.0,5526346,1.2170599174811896,79679648,53.188964034467254,0.42324025746836835,134542.55071625338,20632.593840973313,0.0010000152949646499,20.632909415766747,0.001,0.001
vit,dp_kfm_a,public,0.4,42,3,blocks.5.mlp.fc2,True,0.963968001277466,0.2663216359682108,mlp_fc2,147648.0,186.20871777009128,35752.073811857525,147648,1.0,5526346,4.129774423072239,79679648,24.447984518781155,0.4349447222666319,129525.92702840285,2955.3413799683003,0.0018291385683769487,5.405728900820373,0.001,0.001
vit,dp_kfm_a,public,0.4,42,3,blocks.6.attn.q_proj,True,0.967097448307796,0.25442926697667456,attention_qkv,37056.0,152.62943189399112,29304.850923646296,37056,1.0,5526346,1.264500546225241,79679648,45.91411697627743,0.40530855054167214,34057.90280411069,14284.51800758564,0.001,14.28451800758564,0.001,0.001
vit,dp_kfm_a,public,0.4,42,3,blocks.6.attn.k_proj,True,0.967097448307796,0.25442926697667456,attention_qkv,37056.0,152.62943189399112,29304.850923646296,37056,1.0,5526346,1.264500546225241,79679648,45.91411697627743,0.40530855054167214,34057.90280411069,14284.51800758564,0.001,14.28451800758564,0.001,0.001
vit,dp_kfm_a,public,0.4,42,3,blocks.6.attn.v_proj,True,0.967097448307796,0.25442926697667456,attention_qkv,37056.0,152.62943189399112,29304.850923646296,37056,1.0,5526346,1.264500546225241,79679648,45.91411697627743,0.40530855054167214,34057.90280411069,14284.51800758564,0.001,14.28451800758564,0.001,0.001
vit,dp_kfm_a,public,0.4,42,3,blocks.6.attn.out_proj,True,0.9543531726453091,0.3194114726758893,attention_out,37056.0,58.364663381501806,11206.015369248347,37056,1.0,5526346,3.3067953932750638,79679648,17.45455920393085,0.5107986362119566,30894.845853525156,1272.835308422723,0.00487376457932194,6.203499641500985,0.001,0.001
vit,dp_kfm_a,public,0.4,42,3,blocks.6.mlp.fc1,True,0.9572991924114678,0.30263128875315504,mlp_fc1,148224.0,173.6772636326734,133384.13846989317,148224,1.0,5526346,1.1112565684371565,79679648,59.80229009524333,0.40499527344825514,135890.79042409573,27656.32934964661,0.001,27.65632934964661,0.001,0.001
vit,dp_kfm_a,public,0.4,42,3,blocks.6.mlp.fc2,True,0.941909575811623,0.35257093497833425,mlp_fc2,147648.0,189.88362495759756,36457.65599185873,147648,1.0,5526346,4.0498489544410345,79679648,21.21891229018694,0.43957604431712927,129578.43722846585,2073.9954250041937,0.0020648746756098896,4.28254063042193,0.001,0.001
vit,dp_kfm_a,public,0.4,42,3,blocks.7.attn.q_proj,True,0.9547018020275907,0.29878301255476086,attention_qkv,37056.0,162.29568456279094,31160.77143605586,37056,1.0,5526346,1.1891875037831323,79679648,47.2573120570192,0.38476861113616856,34393.53747785371,15352.267872526736,0.001,15.352267872526737,0.001,0.001
vit,dp_kfm_a,public,0.4,42,3,blocks.7.attn.k_proj,True,0.9547018020275907,0.29878301255476086,attention_qkv,37056.0,162.29568456279094,31160.77143605586,37056,1.0,5526346,1.1891875037831323,79679648,47.2573120570192,0.38476861113616856,34393.53747785371,15352.267872526736,0.001,15.352267872526737,0.001,0.001
vit,dp_kfm_a,public,0.4,42,3,blocks.7.attn.v_proj,True,0.9547018020275907,0.29878301255476086,attention_qkv,37056.0,162.29568456279094,31160.77143605586,37056,1.0,5526346,1.1891875037831323,79679648,47.2573120570192,0.38476861113616856,34393.53747785371,15352.267872526736,0.001,15.352267872526737,0.001,0.001
vit,dp_kfm_a,public,0.4,42,3,blocks.7.attn.out_proj,True,0.9370552815197956,0.3627648795891614,attention_out,37056.0,67.57706720691083,12974.796903726878,37056,1.0,5526346,2.855998461860782,79679648,12.108931922329374,0.4484902394334017,32503.026995875,510.2283594914809,0.008775246308873524,4.477379528310212,0.001,0.001
vit,dp_kfm_a,public,0.4,42,3,blocks.7.mlp.fc1,True,0.9494438734099662,0.31829580699750337,mlp_fc1,148224.0,206.78062687201137,158807.52143770474,148224,1.0,5526346,0.933356296087926,79679648,69.88561047224452,0.432168275383523,135556.0679293159,40829.06250867421,0.0010000007126643872,40.829091606093016,0.001,0.001
vit,dp_kfm_a,public,0.4,42,3,blocks.7.mlp.fc2,True,0.9999832064760582,0.022641773101648714,mlp_fc2,147648.0,232.94196561287887,44724.85739767274,147648,1.0,5526346,3.3012514425072905,79679648,146.02275763477982,0.4356868624442946,113199.84153889981,257662.58797182716,0.0025091653031224376,646.5180256516414,0.001,0.001
vit,dp_kfm_a,public,0.4,42,3,blocks.8.attn.q_proj,True,0.9670980580152728,0.2555911328788216,attention_qkv,37056.0,175.73836458793616,33741.76600088374,37056,1.0,5526346,1.0982234895182859,79679648,66.96472514927949,0.38547929626743516,34207.03062537879,36695.704224662775,0.0010000249953360002,36.696621446119636,0.001,0.001
vit,dp_kfm_a,public,0.4,42,3,blocks.8.attn.k_proj,True,0.9670980580152728,0.2555911328788216,attention_qkv,37056.0,175.73836458793616,33741.76600088374,37056,1.0,5526346,1.0982234895182859,79679648,66.96472514927949,0.38547929626743516,34207.03062537879,36695.704224662775,0.0010000249953360002,36.696621446119636,0.001,0.001
vit,dp_kfm_a,public,0.4,42,3,blocks.8.attn.v_proj,True,0.9670980580152728,0.2555911328788216,attention_qkv,37056.0,175.73836458793616,33741.76600088374,37056,1.0,5526346,1.0982234895182859,79679648,66.96472514927949,0.38547929626743516,34207.03062537879,36695.704224662775,0.0010000249953360002,36.696621446119636,0.001,0.001
vit,dp_kfm_a,public,0.4,42,3,blocks.8.attn.out_proj,True,0.8629874294814138,0.5121791002875321,attention_out,37056.0,65.06898010206469,12493.244179596419,37056,1.0,5526346,2.966083065959658,79679648,10.220897489153051,0.43677343655666845,32815.69349815763,333.98163106605847,0.009199197574114651,3.072363010301739,0.001,0.001
vit,dp_kfm_a,public,0.4,42,3,blocks.8.mlp.fc1,True,0.9576042674416686,0.28912987833529374,mlp_fc1,148224.0,232.91933111119502,178882.04629339778,148224,1.0,5526346,0.8286130613515387,79679648,89.87706184077841,0.41997310287833794,135955.1566830397,76581.19982086634,0.001,76.58119982086635,0.001,0.001
vit,dp_kfm_a,public,0.4,42,3,blocks.8.mlp.fc2,True,0.8812470217479614,0.4868995918186386,mlp_fc2,147648.0,249.71095763920914,47944.503866728155,147648,1.0,5526346,3.079560493741237,79679648,18.465109875619323,0.38166833190761923,134900.5716933499,1465.1420759475702,0.0025532919917124206,3.7409355292378423,0.001,0.001
vit,dp_kfm_a,public,0.4,42,3,blocks.9.attn.q_proj,True,0.9520062680870277,0.3060842435783434,attention_qkv,37056.0,189.027421457665,36293.26491987168,37056,1.0,5526346,1.0210158849530977,79679648,65.317373215366,0.364128470666834,34702.46847539218,34480.358877326944,0.001,34.48035887732694,0.001,0.001
vit,dp_kfm_a,public,0.4,42,3,blocks.9.attn.k_proj,True,0.9520062680870277,0.3060842435783434,attention_qkv,37056.0,189.027421457665,36293.26491987168,37056,1.0,5526346,1.0210158849530977,79679648,65.317373215366,0.364128470666834,34702.46847539218,34480.358877326944,0.001,34.48035887732694,0.001,0.001
vit,dp_kfm_a,public,0.4,42,3,blocks.9.attn.v_proj,True,0.9520062680870277,0.3060842435783434,attention_qkv,37056.0,189.027421457665,36293.26491987168,37056,1.0,5526346,1.0210158849530977,79679648,65.317373215366,0.364128470666834,34702.46847539218,34480.358877326944,0.001,34.48035887732694,0.001,0.001
vit,dp_kfm_a,public,0.4,42,3,blocks.9.attn.out_proj,True,0.8026101359513058,0.6064269633870268,attention_out,37056.0,53.03513325751666,10182.7455854432,37056,1.0,5526346,3.6390971068720024,79679648,10.955589782588975,0.42386717675999946,33004.96027541428,397.2733254888254,0.0056455431187228166,2.2428236889655677,0.001,0.001
vit,dp_kfm_a,public,0.4,42,3,blocks.9.mlp.fc1,True,0.9425932612652045,0.33525514474091,mlp_fc1,148224.0,247.2000479105558,189849.63679530687,148224,1.0,5526346,0.7807441852512627,79679648,89.04126401915207,0.3914196404470292,137943.18267356366,74813.21035339318,0.001,74.81321035339319,0.001,0.001
vit,dp_kfm_a,public,0.4,42,3,blocks.9.mlp.fc2,True,0.8225610026987963,0.5710518431682868,mlp_fc2,147648.0,244.0748616426854,46862.373435395595,147648,1.0,5526346,3.1506726863407235,79679648,22.7789135643512,0.3819336982845379,135702.3895311014,2476.466837091684,0.0013686003797220322,3.389293453612699,0.001,0.001
vit,dp_kfm_a,public,0.4,42,3,blocks.10.attn.q_proj,True,0.9458121142962627,0.32475178997903276,attention_qkv,37056.0,198.44271264268164,38101.00082739488,37056,1.0,5526346,0.9725728772288964,79679648,67.87535725846342,0.346420862164857,35022.312151127095,37955.98979735537,0.0010000333801915662,37.95725677556589,0.001,0.001
vit,dp_kfm_a,public,0.4,42,3,blocks.10.attn.k_proj,True,0.9458121142962627,0.32475178997903276,attention_qkv,37056.0,198.44271264268164,38101.00082739488,37056,1.0,5526346,0.9725728772288964,79679648,67.87535725846342,0.346420862164857,35022.312151127095,37955.98979735537,0.0010000333801915662,37.95725677556589,0.001,0.001
vit,dp_kfm_a,public,0.4,42,3,blocks.10.attn.v_proj,True,0.9458121142962627,0.32475178997903276,attention_qkv,37056.0,198.44271264268164,38101.00082739488,37056,1.0,5526346,0.9725728772288964,79679648,67.87535725846342,0.346420862164857,35022.312151127095,37955.98979735537,0.0010000333801915662,37.95725677556589,0.001,0.001
vit,dp_kfm_a,public,0.4,42,3,blocks.10.attn.out_proj,True,0.9128113285374228,0.4088083405729436,attention_out,37056.0,40.88222771690866,7849.3877216464625,37056,1.0,5526346,4.720877769588282,79679648,13.89575399188023,0.3991339963292368,32966.93512392461,719.7891437050308,0.0034333474596441663,2.4712862280191175,0.001,0.001
vit,dp_kfm_a,public,0.4,42,3,blocks.10.mlp.fc1,True,0.9493987236647278,0.31484957527590474,mlp_fc1,148224.0,242.09741621733096,185930.81565491017,148224,1.0,5526346,0.7971997513048377,79679648,90.65944978960908,0.37088258005103764,139021.1446196715,78258.71229029133,0.0010000113767839997,78.25960262275714,0.001,0.001
vit,dp_kfm_a,public,0.4,42,3,blocks.10.mlp.fc2,True,0.8449501394187903,0.5385963880352828,mlp_fc2,147648.0,202.896854271779,38956.19602018157,147648,1.0,5526346,3.790103117961255,79679648,21.773487947356283,0.4384396304117646,133617.55788530415,2212.177716037515,0.001262165165737423,2.792133653603124,0.001,0.001
vit,dp_kfm_a,public,0.4,42,3,blocks.11.attn.q_proj,True,0.9575689186707309,0.2885000164854077,attention_qkv,37056.0,200.79129145056064,38551.927958507644,37056,1.0,5526346,0.9611970649011985,79679648,73.70858158737964,0.3440499847587596,35029.37949019969,46643.92998851594,0.0010000870530962626,46.6479904870433,0.001,0.001
vit,dp_kfm_a,public,0.4,42,3,blocks.11.attn.k_proj,True,0.9575689186707309,0.2885000164854077,attention_qkv,37056.0,200.79129145056064,38551.927958507644,37056,1.0,5526346,0.9611970649011985,79679648,73.70858158737964,0.3440499847587596,35029.37949019969,46643.92998851594,0.0010000870530962626,46.6479904870433,0.001,0.001
vit,dp_kfm_a,public,0.4,42,3,blocks.11.attn.v_proj,True,0.9575689186707309,0.2885000164854077,attention_qkv,37056.0,200.79129145056064,38551.927958507644,37056,1.0,5526346,0.9611970649011985,79679648,73.70858158737964,0.3440499847587596,35029.37949019969,46643.92998851594,0.0010000870530962626,46.6479904870433,0.001,0.001
vit,dp_kfm_a,public,0.4,42,3,blocks.11.attn.out_proj,True,0.8848148538049925,0.4660599460541746,attention_out,37056.0,52.90572129383539,10157.898488416395,37056,1.0,5526346,3.6479986526993726,79679648,13.462384835921227,0.4014648838877862,33257.27495054219,664.9745172705656,0.005137997286318148,3.4166372652068864,0.001,0.001
vit,dp_kfm_a,public,0.4,42,3,blocks.11.mlp.fc1,True,0.971475626080504,0.23722521618543857,mlp_fc1,148224.0,208.77065854117654,160335.8657596236,148224,1.0,5526346,0.9244594108608128,79679648,99.157426323956,0.3670177965772834,137617.26955680954,97906.8582923734,0.001,97.90685829237341,0.001,0.001
vit,dp_kfm_a,public,0.4,42,3,blocks.11.mlp.fc2,True,0.9946768588276416,0.10439993475823198,mlp_fc2,147648.0,149.4825067868784,28700.64130308065,147648,1.0,5526346,5.1444146644957325,79679648,60.264807349435344,0.5386910405650142,119431.05331560544,28194.177621277093,0.0010628505639777403,29.966197585662943,0.001,0.001
vit,dp_kfm_a,public,0.4,42,3,head,True,0.7927298462649979,0.6101307549743826,patch_head,1930.0,489.18018920395446,4891.801892039544,1930,1.0,5526346,0.39453764534919117,79679648,193.36966920144647,0.49019517240257093,1728.2700172907298,519961.13812829717,0.001,519.9611381282972,0.001,0.001
vit,dp_kfm_a,public,0.4,42,3,identity,True,,,identity,47616.0,47616.0,,47616,1.0,5526346,1.0,79679648,,,,,,,0.001,0.001
vit,dp_kfm_a,public,0.4,42,4,patch_embed,True,0.9992296199147276,0.13372361300641641,patch_head,147648.0,75.16088781133229,14430.8904597758,147648,1.0,5526346,10.231385264239188,79679648,125.6728970871373,0.4447159813187844,64418.80613703172,177053.316831601,0.0010017735510634757,177.3673299299596,0.001,0.001
vit,dp_kfm_a,public,0.4,42,4,blocks.0.attn.q_proj,True,0.9961185482167734,0.11341492904519265,attention_qkv,37056.0,49.961249542873816,9592.559912231773,37056,1.0,5526346,3.8629938555555685,79679648,54.421778564214925,1.0172116302395287,16009.274522995334,21849.013210251298,0.0010000075029128303,21.84917714149284,0.001,0.001
vit,dp_kfm_a,public,0.4,42,4,blocks.0.attn.k_proj,True,0.9961185482167734,0.11341492904519265,attention_qkv,37056.0,49.961249542873816,9592.559912231773,37056,1.0,5526346,3.8629938555555685,79679648,54.421778564214925,1.0172116302395287,16009.274522995334,21849.013210251298,0.0010000075029128303,21.84917714149284,0.001,0.001
vit,dp_kfm_a,public,0.4,42,4,blocks.0.attn.v_proj,True,0.9961185482167734,0.11341492904519265,attention_qkv,37056.0,49.961249542873816,9592.559912231773,37056,1.0,5526346,3.8629938555555685,79679648,54.421778564214925,1.0172116302395287,16009.274522995334,21849.013210251298,0.0010000075029128303,21.84917714149284,0.001,0.001
vit,dp_kfm_a,public,0.4,42,4,blocks.0.attn.out_proj,True,0.9959829658892431,0.171202270817473,attention_out,37056.0,30.46031915529331,5848.381277816316,37056,1.0,5526346,6.336112206048931,79679648,39.39179126780584,0.7594954715248163,20262.098083983517,9738.999083467397,0.0010003412780106536,9.74232278970036,0.001,0.001
vit,dp_kfm_a,public,0.4,42,4,blocks.0.mlp.fc1,True,0.9923621143344592,0.14440660753789983,mlp_fc1,148224.0,83.81975115791991,64373.56888928249,148224,1.0,5526346,2.302559925719416,79679648,65.88855331611256,1.091874682748866,77027.0461285921,35239.1099033218,0.0010000000046070873,35.239110065671454,0.001,0.001
vit,dp_kfm_a,public,0.4,42,4,blocks.0.mlp.fc2,True,0.9915681947006824,0.13723224623200284,mlp_fc2,147648.0,164.7143865754241,31625.162222481427,147648,1.0,5526346,4.668687514116251,79679648,43.040338089668744,0.6940368770399908,100540.31581419642,12153.159154226281,0.0010441315930927917,12.689497428812532,0.001,0.001
vit,dp_kfm_a,public,0.4,42,4,blocks.1.attn.q_proj,True,0.9946290578014855,0.10815676022767666,attention_qkv,37056.0,81.577923539106,15662.961319508351,37056,1.0,5526346,2.3658361432487505,79679648,40.62317403696169,0.9010925308996678,23117.35641461538,10518.03552980004,0.001,10.51803552980004,0.001,0.001
vit,dp_kfm_a,public,0.4,42,4,blocks.1.attn.k_proj,True,0.9946290578014855,0.10815676022767666,attention_qkv,37056.0,81.577923539106,15662.961319508351,37056,1.0,5526346,2.3658361432487505,79679648,40.62317403696169,0.9010925308996678,23117.35641461538,10518.03552980004,0.001,10.51803552980004,0.001,0.001
vit,dp_kfm_a,public,0.4,42,4,blocks.1.attn.v_proj,True,0.9946290578014855,0.10815676022767666,attention_qkv,37056.0,81.577923539106,15662.961319508351,37056,1.0,5526346,2.3658361432487505,79679648,40.62317403696169,0.9010925308996678,23117.35641461538,10518.03552980004,0.001,10.51803552980004,0.001,0.001
vit,dp_kfm_a,public,0.4,42,4,blocks.1.attn.out_proj,True,0.9833097937171761,0.18334658404744605,attention_out,37056.0,50.27267599764948,9652.3537915487,37056,1.0,5526346,3.8390635901105368,79679648,31.508964906114986,0.7156021850907696,26191.63621691158,5572.9524974404785,0.0012147535980393128,6.769764097967996,0.001,0.001
vit,dp_kfm_a,public,0.4,42,4,blocks.1.mlp.fc1,True,0.9906643699259777,0.14192628267608035,mlp_fc1,148224.0,118.19719133043232,90775.44294177202,148224,1.0,5526346,1.632864519262973,79679648,47.03139881619262,0.709179237426401,114006.573539037,15169.446670663156,0.001,15.169446670663156,0.001,0.001
vit,dp_kfm_a,public,0.4,42,4,blocks.1.mlp.fc2,True,0.9921571199047371,0.1273038397662746,mlp_fc2,147648.0,152.4698336451032,29274.20805985981,147648,1.0,5526346,5.043620640329188,79679648,33.22503740759122,0.5715456717458963,117471.26132493056,6363.025980061574,0.0010328217128017995,6.571871391329544,0.001,0.001
vit,dp_kfm_a,public,0.4,42,4,blocks.2.attn.q_proj,True,0.9927348667904732,0.12207284182912034,attention_qkv,37056.0,111.2000509152425,21350.40977572656,37056,1.0,5526346,1.735610716105751,79679648,43.41960873687058,0.6693200577605539,28616.3693303612,12422.66472009011,0.001,12.42266472009011,0.001,0.001
vit,dp_kfm_a,public,0.4,42,4,blocks.2.attn.k_proj,True,0.9927348667904732,0.12207284182912034,attention_qkv,37056.0,111.2000509152425,21350.40977572656,37056,1.0,5526346,1.735610716105751,79679648,43.41960873687058,0.6693200577605539,28616.3693303612,12422.66472009011,0.001,12.42266472009011,0.001,0.001
vit,dp_kfm_a,public,0.4,42,4,blocks.2.attn.v_proj,True,0.9927348667904732,0.12207284182912034,attention_qkv,37056.0,111.2000509152425,21350.40977572656,37056,1.0,5526346,1.735610716105751,79679648,43.41960873687058,0.6693200577605539,28616.3693303612,12422.66472009011,0.001,12.42266472009011,0.001,0.001
vit,dp_kfm_a,public,0.4,42,4,blocks.2.attn.out_proj,True,0.9886087783269618,0.15229315086722273,attention_out,37056.0,61.12206311884301,11735.436118817857,37056,1.0,5526346,3.157615927079219,79679648,25.979551751508932,0.6857381708560314,27618.50985919791,3440.1638970975227,0.0019830057429415103,6.821864764604435,0.001,0.001
vit,dp_kfm_a,public,0.4,42,4,blocks.2.mlp.fc1,True,0.9898153635916317,0.14340194939476314,mlp_fc1,148224.0,150.46451978388842,115556.7511940263,148224,1.0,5526346,1.2826944204335022,79679648,52.97733009681357,0.5491716556904364,127565.68907638619,20427.967974969397,0.001,20.4279679749694,0.001,0.001
vit,dp_kfm_a,public,0.4,42,4,blocks.2.mlp.fc2,True,0.9931558761816512,0.1178993111041983,mlp_fc2,147648.0,181.8233684655771,34910.0867453908,147648,1.0,5526346,4.229379350353349,79679648,31.059572088593825,0.4999674349400242,125155.7498809069,5376.364072570545,0.0012199355933384705,6.558817894874984,0.001,0.001
vit,dp_kfm_a,public,0.4,42,4,blocks.3.attn.q_proj,True,0.9898965506459766,0.14434034700138726,attention_qkv,37056.0,149.52074736766286,28707.98349459127,37056,1.0,5526346,1.2907907658154234,79679648,53.909050009175644,0.5124787828955283,32393.70045726472,21338.023878058033,0.001,21.338023878058035,0.001,0.001
vit,dp_kfm_a,public,0.4,42,4,blocks.3.attn.k_proj,True,0.9898965506459766,0.14434034700138726,attention_qkv,37056.0,149.52074736766286,28707.98349459127,37056,1.0,5526346,1.2907907658154234,79679648,53.909050009175644,0.5124787828955283,32393.70045726472,21338.023878058033,0.001,21.338023878058035,0.001,0.001
vit,dp_kfm_a,public,0.4,42,4,blocks.3.attn.v_proj,True,0.9898965506459766,0.14434034700138726,attention_qkv,37056.0,149.52074736766286,28707.98349459127,37056,1.0,5526346,1.2907907658154234,79679648,53.909050009175644,0.5124787828955283,32393.70045726472,21338.023878058033,0.001,21.338023878058035,0.001,0.001
vit,dp_kfm_a,public,0.4,42,4,blocks.3.attn.out_proj,True,0.9909684301844317,0.13423802568659632,attention_out,37056.0,56.662415290423326,10879.183735761279,37056,1.0,5526346,3.4061378960070465,79679648,31.390710931104763,0.5365892322177819,30345.54443041035,5520.810992001943,0.0021333402620771586,11.777768368555884,0.001,0.001
vit,dp_kfm_a,public,0.4,42,4,blocks.3.mlp.fc1,True,0.9859679405882851,0.16694301192646196,mlp_fc1,148224.0,154.61135032594802,118741.51705032808,148224,1.0,5526346,1.2482912774070074,79679648,62.02854220333461,0.4747762587452267,131345.23943000217,30302.53323377269,0.001000026617324256,30.30333980612555,0.001,0.001
vit,dp_kfm_a,public,0.4,42,4,blocks.3.mlp.fc2,True,0.9921270825708564,0.12908371895005655,mlp_fc2,147648.0,185.8618035926946,35685.46628979736,147648,1.0,5526346,4.137482716380064,79679648,37.567886111362846,0.4691117358219463,126315.8180841734,8650.51366733499,0.0013914222784720232,12.036517436956629,0.001,0.001
vit,dp_kfm_a,public,0.4,42,4,blocks.4.attn.q_proj,True,0.9868475528202959,0.1616875961123464,attention_qkv,37056.0,152.3033591132037,29242.24494973511,37056,1.0,5526346,1.2672077695709087,79679648,51.51339815654908,0.47082067015835305,33085.717377918205,19045.856122886675,0.001,19.045856122886676,0.001,0.001
vit,dp_kfm_a,public,0.4,42,4,blocks.4.attn.k_proj,True,0.9868475528202959,0.1616875961123464,attention_qkv,37056.0,152.3033591132037,29242.24494973511,37056,1.0,5526346,1.2672077695709087,79679648,51.51339815654908,0.47082067015835305,33085.717377918205,19045.856122886675,0.001,19.045856122886676,0.001,0.001
vit,dp_kfm_a,public,0.4,42,4,blocks.4.attn.v_proj,True,0.9868475528202959,0.1616875961123464,attention_qkv,37056.0,152.3033591132037,29242.24494973511,37056,1.0,5526346,1.2672077695709087,79679648,51.51339815654908,0.47082067015835305,33085.717377918205,19045.856122886675,0.001,19.045856122886676,0.001,0.001
vit,dp_kfm_a,public,0.4,42,4,blocks.4.attn.out_proj,True,0.9837947150404189,0.17934164705414887,attention_out,37056.0,53.45082320691219,10262.55805572714,37056,1.0,5526346,3.610795651413681,79679648,21.50817788992051,0.5270947773530413,30392.797955748894,2145.4038194598443,0.0034291930630580875,7.357003895150023,0.001,0.001
vit,dp_kfm_a,public,0.4,42,4,blocks.4.mlp.fc1,True,0.9791764544533048,0.20398108337652426,mlp_fc1,148224.0,158.29412115770083,121569.88504911424,148224,1.0,5526346,1.219249322643659,79679648,54.475746796580864,0.42550152714648837,134867.8284550034,21903.220817582947,0.001,21.903220817582948,0.001,0.001
vit,dp_kfm_a,public,0.4,42,4,blocks.4.mlp.fc2,True,0.9744064965543703,0.22591283995858713,mlp_fc2,147648.0,184.9238212183252,35505.37367391844,147648,1.0,5526346,4.158469119519769,79679648,28.1620891149486,0.44123036148340944,129120.93363191534,4208.8376236002,0.0014071682183870323,5.922542540281804,0.001,0.001
vit,dp_kfm_a,public,0.4,42,4,blocks.5.attn.q_proj,True,0.9817801868736036,0.19002523332183646,attention_qkv,37056.0,160.75541693369203,30865.040051268872,37056,1.0,5526346,1.2005816269296115,79679648,46.965539426487304,0.42860998924343596,33692.69328890975,15116.39692511707,0.0010000078316829226,15.116515311944719,0.001,0.001
vit,dp_kfm_a,public,0.4,42,4,blocks.5.attn.k_proj,True,0.9817801868736036,0.19002523332183646,attention_qkv,37056.0,160.75541693369203,30865.040051268872,37056,1.0,5526346,1.2005816269296115,79679648,46.965539426487304,0.42860998924343596,33692.69328890975,15116.39692511707,0.0010000078316829226,15.116515311944719,0.001,0.001
vit,dp_kfm_a,public,0.4,42,4,blocks.5.attn.v_proj,True,0.9817801868736036,0.19002523332183646,attention_qkv,37056.0,160.75541693369203,30865.040051268872,37056,1.0,5526346,1.2005816269296115,79679648,46.965539426487304,0.42860998924343596,33692.69328890975,15116.39692511707,0.0010000078316829226,15.116515311944719,0.001,0.001
vit,dp_kfm_a,public,0.4,42,4,blocks.5.attn.out_proj,True,0.9672796063004412,0.254756122555868,attention_out,37056.0,64.70016847100689,12422.432346433323,37056,1.0,5526346,2.982990687056498,79679648,13.597126468795603,0.46921778592454544,31860.49330879018,681.7385341997739,0.007770218510561472,5.297257377802128,0.001,0.001
vit,dp_kfm_a,public,0.4,42,4,blocks.5.mlp.fc1,True,0.9676420076538109,0.25415281215075214,mlp_fc1,148224.0,158.72965410665455,121904.3743539107,148224,1.0,5526346,1.215903865514117,79679648,51.99165637491712,0.422362292087184,134547.319927968,19491.00056325487,0.0010000224291879848,19.491437730570517,0.001,0.001
vit,dp_kfm_a,public,0.4,42,4,blocks.5.mlp.fc2,True,0.9623649103057518,0.2719714227228196,mlp_fc2,147648.0,187.50337682271143,36000.6483499606,147648,1.0,5526346,4.101259470793992,79679648,24.860327494039343,0.43718629656241625,129272.26886013249,3081.5350628025276,0.0017718362768177833,5.459975612559484,0.001,0.001
vit,dp_kfm_a,public,0.4,42,4,blocks.6.attn.q_proj,True,0.9656558031695897,0.25999051820804964,attention_qkv,37056.0,152.76098057467823,29330.10827033822,37056,1.0,5526346,1.2634116334809113,79679648,45.536097170063925,0.404419934031829,34067.61314165851,13992.313044531535,0.001,13.992313044531535,0.001,0.001
vit,dp_kfm_a,public,0.4,42,4,blocks.6.attn.k_proj,True,0.9656558031695897,0.25999051820804964,attention_qkv,37056.0,152.76098057467823,29330.10827033822,37056,1.0,5526346,1.2634116334809113,79679648,45.536097170063925,0.404419934031829,34067.61314165851,13992.313044531535,0.001,13.992313044531535,0.001,0.001
vit,dp_kfm_a,public,0.4,42,4,blocks.6.attn.v_proj,True,0.9656558031695897,0.25999051820804964,attention_qkv,37056.0,152.76098057467823,29330.10827033822,37056,1.0,5526346,1.2634116334809113,79679648,45.536097170063925,0.404419934031829,34067.61314165851,13992.313044531535,0.001,13.992313044531535,0.001,0.001
vit,dp_kfm_a,public,0.4,42,4,blocks.6.attn.out_proj,True,0.9548751241691305,0.3218393329271022,attention_out,37056.0,58.77312461789245,11284.43992663535,37056,1.0,5526346,3.2838138393146536,79679648,17.544105362879517,0.5122085994789846,30846.546064097885,1289.223066434572,0.004917338319619029,6.339545987115471,0.001,0.001
vit,dp_kfm_a,public,0.4,42,4,blocks.6.mlp.fc1,True,0.9563742556236471,0.30731490902110026,mlp_fc1,148224.0,174.07766374726506,133691.64575789956,148224,1.0,5526346,1.10870054115735,79679648,59.80528921641959,0.40424100399314755,135920.5357312255,27659.796934361955,0.00100002533473638,27.66049768802561,0.001,0.001
vit,dp_kfm_a,public,0.4,42,4,blocks.6.mlp.fc2,True,0.9432720703097135,0.3527241436304859,mlp_fc2,147648.0,189.8751843838689,36456.03540170283,147648,1.0,5526346,4.050028983489068,79679648,20.789511385087184,0.4432588766774611,129301.79606651634,1970.6554812385318,0.0022247754169478955,4.3842658699331105,0.001,0.001
vit,dp_kfm_a,public,0.4,42,4,blocks.7.attn.q_proj,True,0.9528269139927983,0.30530828174280644,attention_qkv,37056.0,162.3577379876056,31172.685693620275,37056,1.0,5526346,1.188732994141207,79679648,47.14872759899352,0.3839866289162079,34404.26058920475,15264.23144232816,0.001,15.26423144232816,0.001,0.001
vit,dp_kfm_a,public,0.4,42,4,blocks.7.attn.k_proj,True,0.9528269139927983,0.30530828174280644,attention_qkv,37056.0,162.3577379876056,31172.685693620275,37056,1.0,5526346,1.188732994141207,79679648,47.14872759899352,0.3839866289162079,34404.26058920475,15264.23144232816,0.001,15.26423144232816,0.001,0.001
vit,dp_kfm_a,public,0.4,42,4,blocks.7.attn.v_proj,True,0.9528269139927983,0.30530828174280644,attention_qkv,37056.0,162.3577379876056,31172.685693620275,37056,1.0,5526346,1.188732994141207,79679648,47.14872759899352,0.3839866289162079,34404.26058920475,15264.23144232816,0.001,15.26423144232816,0.001,0.001
vit,dp_kfm_a,public,0.4,42,4,blocks.7.attn.out_proj,True,0.9367824400115765,0.36498147735627673,attention_out,37056.0,67.86302049232467,13029.699934526336,37056,1.0,5526346,2.8439641884467606,79679648,12.0704682118341,0.4481879624954034,32505.88051243307,506.1861891320309,0.009299504934131966,4.707280963422778,0.001,0.001
vit,dp_kfm_a,public,0.4,42,4,blocks.7.mlp.fc1,True,0.9485802943952857,0.32104181932505615,mlp_fc1,148224.0,206.9259570168256,158919.13498892207,148224,1.0,5526346,0.932700772693813,79679648,70.3119006244824,0.4320775756443004,135558.1729072145,41454.539405430114,0.0010000003406159413,41.45455352550707,0.001,0.001
vit,dp_kfm_a,public,0.4,42,4,blocks.7.mlp.fc2,True,0.9999815237086804,0.027548882558243677,mlp_fc2,147648.0,233.68723856574044,44867.94980462216,147648,1.0,5526346,3.290723125146889,79679648,144.9083301504125,0.43660818946724184,113012.46053385167,252774.56968323232,0.0025927805634237836,655.3889912024955,0.001,0.001
vit,dp_kfm_a,public,0.4,42,4,blocks.8.attn.q_proj,True,0.9669044815946936,0.2570805943356475,attention_qkv,37056.0,175.87175942441908,33767.37780948846,37056,1.0,5526346,1.0973905113114069,79679648,67.3303682577787,0.3850409037563004,34213.20154675236,37198.67532074548,0.001000003422338523,37.19880262720504,0.001,0.001
vit,dp_kfm_a,public,0.4,42,4,blocks.8.attn.k_proj,True,0.9669044815946936,0.2570805943356475,attention_qkv,37056.0,175.87175942441908,33767.37780948846,37056,1.0,5526346,1.0973905113114069,79679648,67.3303682577787,0.3850409037563004,34213.20154675236,37198.67532074548,0.001000003422338523,37.19880262720504,0.001,0.001
vit,dp_kfm_a,public,0.4,42,4,blocks.8.attn.v_proj,True,0.9669044815946936,0.2570805943356475,attention_qkv,37056.0,175.87175942441908,33767.37780948846,37056,1.0,5526346,1.0973905113114069,79679648,67.3303682577787,0.3850409037563004,34213.20154675236,37198.67532074548,0.001000003422338523,37.19880262720504,0.001,0.001
vit,dp_kfm_a,public,0.4,42,4,blocks.8.attn.out_proj,True,0.8469756045577376,0.5397267091943444,attention_out,37056.0,65.48179709228481,12572.505041718683,37056,1.0,5526346,2.947383984101738,79679648,10.150247651969952,0.4371553325059447,32820.80151860938,328.24006987034755,0.009475803462198007,3.110338390509555,0.001,0.001
vit,dp_kfm_a,public,0.4,42,4,blocks.8.mlp.fc1,True,0.9567232180579488,0.2922537878331554,mlp_fc1,148224.0,233.01766530918576,178957.56695745466,148224,1.0,5526346,0.8282633839967144,79679648,90.45744649706737,0.41940003793930514,135978.7548390539,77823.50918863383,0.001,77.82350918863384,0.001,0.001
vit,dp_kfm_a,public,0.4,42,4,blocks.8.mlp.fc2,True,0.8788481013835734,0.4942297555254774,mlp_fc2,147648.0,249.91810310700666,47984.27579654528,147648,1.0,5526346,3.077007989576248,79679648,18.332210036139934,0.3811630451327336,134866.7194842475,1438.9213650302752,0.002722317800279795,3.9172012452248186,0.001,0.001
vit,dp_kfm_a,public,0.4,42,4,blocks.9.attn.q_proj,True,0.9504168285230502,0.31106329309857395,attention_qkv,37056.0,189.0399824522908,36295.67663083983,37056,1.0,5526346,1.02094804229422,79679648,65.60193927754163,0.3645466092603092,34692.309660362276,34857.13550078133,0.0010000379227206406,34.85845737819326,0.001,0.001
vit,dp_kfm_a,public,0.4,42,4,blocks.9.attn.k_proj,True,0.9504168285230502,0.31106329309857395,attention_qkv,37056.0,189.0399824522908,36295.67663083983,37056,1.0,5526346,1.02094804229422,79679648,65.60193927754163,0.3645466092603092,34692.309660362276,34857.13550078133,0.0010000379227206406,34.85845737819326,0.001,0.001
vit,dp_kfm_a,public,0.4,42,4,blocks.9.attn.v_proj,True,0.9504168285230502,0.31106329309857395,attention_qkv,37056.0,189.0399824522908,36295.67663083983,37056,1.0,5526346,1.02094804229422,79679648,65.60193927754163,0.3645466092603092,34692.309660362276,34857.13550078133,0.0010000379227206406,34.85845737819326,0.001,0.001
vit,dp_kfm_a,public,0.4,42,4,blocks.9.attn.out_proj,True,0.7955374339546101,0.6214060512308123,attention_out,37056.0,54.22264890327575,10410.748589428944,37056,1.0,5526346,3.559398220184339,79679648,11.12257288909375,0.43017218484505293,32921.97044042209,412.58473070235164,0.0056831551921439774,2.3447830544903945,0.001,0.001
vit,dp_kfm_a,public,0.4,42,4,blocks.9.mlp.fc1,True,0.9399221077829369,0.34331321589364167,mlp_fc1,148224.0,247.29514129744766,189922.6685164398,148224,1.0,5526346,0.7804439625761138,79679648,89.27488721290258,0.3921248442014315,137880.3495398443,75304.90682033134,0.001,75.30490682033134,0.001,0.001
vit,dp_kfm_a,public,0.4,42,4,blocks.9.mlp.fc2,True,0.8022242438680113,0.6005083885422222,mlp_fc2,147648.0,245.0486384844994,47049.338589023886,147648,1.0,5526346,3.138152510276621,79679648,21.32645600470374,0.3793006072521947,135778.36927593956,2100.374455261974,0.0016490496096760816,3.4636216756233713,0.001,0.001
vit,dp_kfm_a,public,0.4,42,4,blocks.10.attn.q_proj,True,0.9432825161414187,0.332226171322847,attention_qkv,37056.0,198.60112355660058,38131.415722867314,37056,1.0,5526346,0.9717971204981412,79679648,67.8980156302233,0.34639640106061553,35021.14734611925,37987.67420740112,0.001,37.98767420740112,0.001,0.001
vit,dp_kfm_a,public,0.4,42,4,blocks.10.attn.k_proj,True,0.9432825161414187,0.332226171322847,attention_qkv,37056.0,198.60112355660058,38131.415722867314,37056,1.0,5526346,0.9717971204981412,79679648,67.8980156302233,0.34639640106061553,35021.14734611925,37987.67420740112,0.001,37.98767420740112,0.001,0.001
vit,dp_kfm_a,public,0.4,42,4,blocks.10.attn.v_proj,True,0.9432825161414187,0.332226171322847,attention_qkv,37056.0,198.60112355660058,38131.415722867314,37056,1.0,5526346,0.9717971204981412,79679648,67.8980156302233,0.34639640106061553,35021.14734611925,37987.67420740112,0.001,37.98767420740112,0.001,0.001
vit,dp_kfm_a,public,0.4,42,4,blocks.10.attn.out_proj,True,0.9029433992386376,0.4305357097284289,attention_out,37056.0,41.631157019595165,7993.182147762272,37056,1.0,5526346,4.635950903530204,79679648,13.594698756237571,0.39842702084609877,33043.13100659023,681.4342707250228,0.00361417467163495,2.4628224816384106,0.001,0.001
vit,dp_kfm_a,public,0.4,42,4,blocks.10.mlp.fc1,True,0.9466142606555689,0.3234054296546669,mlp_fc1,148224.0,242.1996982238678,186009.36823593048,148224,1.0,5526346,0.796863090314869,79679648,90.83225085136057,0.37094840680894353,139003.23294089286,78632.15727061774,0.001,78.63215727061774,0.001,0.001
vit,dp_kfm_a,public,0.4,42,4,blocks.10.mlp.fc2,True,0.8418996621448773,0.5444184444074192,mlp_fc2,147648.0,203.97640778083942,39163.47029392117,147648,1.0,5526346,3.7700438416694,79679648,21.52647137584623,0.43770080391963884,133689.77729131066,2149.968589430112,0.0013073950661739212,2.8108583262498334,0.001,0.001
vit,dp_kfm_a,public,0.4,42,4,blocks.11.attn.q_proj,True,0.9547031776837063,0.29797040391796814,attention_qkv,37056.0,200.97502423823187,38587.20465374052,37056,1.0,5526346,0.9603183317506238,79679648,74.00090243478029,0.3438664304844882,35026.71632067628,47107.76933740076,0.0010000861408216472,47.111827239357446,0.001,0.001
vit,dp_kfm_a,public,0.4,42,4,blocks.11.attn.k_proj,True,0.9547031776837063,0.29797040391796814,attention_qkv,37056.0,200.97502423823187,38587.20465374052,37056,1.0,5526346,0.9603183317506238,79679648,74.00090243478029,0.3438664304844882,35026.71632067628,47107.76933740076,0.0010000861408216472,47.111827239357446,0.001,0.001
vit,dp_kfm_a,public,0.4,42,4,blocks.11.attn.v_proj,True,0.9547031776837063,0.29797040391796814,attention_qkv,37056.0,200.97502423823187,38587.20465374052,37056,1.0,5526346,0.9603183317506238,79679648,74.00090243478029,0.3438664304844882,35026.71632067628,47107.76933740076,0.0010000861408216472,47.111827239357446,0.001,0.001
vit,dp_kfm_a,public,0.4,42,4,blocks.11.attn.out_proj,True,0.8790539697443938,0.47672475098618095,attention_out,37056.0,53.072632191727315,10189.945380811645,37056,1.0,5526346,3.6365258708627572,79679648,13.591846483665183,0.4010795461357847,33254.32643984733,681.0769015616063,0.005127075799517577,3.491932899606927,0.001,0.001
vit,dp_kfm_a,public,0.4,42,4,blocks.11.mlp.fc1,True,0.9690932605488577,0.24682803761661487,mlp_fc1,148224.0,208.94987693521648,160473.50548624626,148224,1.0,5526346,0.9236664928012299,79679648,99.20106584307543,0.3671722429584606,137607.48808496233,98014.61670160887,0.001,98.01461670160887,0.001,0.001
vit,dp_kfm_a,public,0.4,42,4,blocks.11.mlp.fc2,True,0.9941018821197464,0.11089891073976346,mlp_fc2,147648.0,150.42246089671448,28881.11249216918,147648,1.0,5526346,5.1122684432614305,79679648,59.66181660117787,0.5394510069794535,119537.92512665995,27494.205974989185,0.0010719930460704975,29.473597612418327,0.001,0.001
vit,dp_kfm_a,public,0.4,42,4,head,True,0.7910055166939394,0.6121263221286805,patch_head,1930.0,490.7124646347846,4907.1246463478465,1930,1.0,5526346,0.39330568084028855,79679648,196.37588406267778,0.4941795215879122,1725.4254045735265,540406.2746868867,0.0010001484931606301,540.4865213226393,0.001,0.001
vit,dp_kfm_a,public,0.4,42,4,identity,True,,,identity,47616.0,47616.0,,47616,1.0,5526346,1.0,79679648,,,,,,,0.001,0.001
vit,dp_kfm_a,public,0.4,42,5,patch_embed,True,0.9990641139805764,0.13277621898854136,patch_head,147648.0,75.10539404961341,14420.235657525775,147648,1.0,5526346,10.238945014948074,79679648,125.53992145406531,0.44399647815612825,64403.64778437669,176585.3341396125,0.0010017413878402116,176.8928376932429,0.001,0.001
vit,dp_kfm_a,public,0.4,42,5,blocks.0.attn.q_proj,True,0.9964641225647931,0.1085758773009776,attention_qkv,37056.0,49.85068711693756,9571.33192645201,37056,1.0,5526346,3.8715614801310374,79679648,56.35746199313284,1.0152485688794592,15937.592758559336,23843.97001745197,0.001,23.843970017451973,0.001,0.001
vit,dp_kfm_a,public,0.4,42,5,blocks.0.attn.k_proj,True,0.9964641225647931,0.1085758773009776,attention_qkv,37056.0,49.85068711693756,9571.33192645201,37056,1.0,5526346,3.8715614801310374,79679648,56.35746199313284,1.0152485688794592,15937.592758559336,23843.97001745197,0.001,23.843970017451973,0.001,0.001
vit,dp_kfm_a,public,0.4,42,5,blocks.0.attn.v_proj,True,0.9964641225647931,0.1085758773009776,attention_qkv,37056.0,49.85068711693756,9571.33192645201,37056,1.0,5526346,3.8715614801310374,79679648,56.35746199313284,1.0152485688794592,15937.592758559336,23843.97001745197,0.001,23.843970017451973,0.001,0.001
vit,dp_kfm_a,public,0.4,42,5,blocks.0.attn.out_proj,True,0.9953913795590682,0.17839718052718154,attention_out,37056.0,30.260069195457096,5809.933285527763,37056,1.0,5526346,6.378042256062482,79679648,39.79803458130098,0.7562650879309109,20155.88022200873,9992.03766914922,0.0010002705182229389,9.994740697423017,0.001,0.001
vit,dp_kfm_a,public,0.4,42,5,blocks.0.mlp.fc1,True,0.9939202086591702,0.13057900586042487,mlp_fc1,148224.0,83.52920157149913,64150.42680691133,148224,1.0,5526346,2.3105691945923406,79679648,70.9255614460578,1.0907115673285006,76500.3237146759,42364.97513848197,0.001,42.36497513848197,0.001,0.001
vit,dp_kfm_a,public,0.4,42,5,blocks.0.mlp.fc2,True,0.9929154293151122,0.125258139371494,mlp_fc2,147648.0,164.99334382299276,31678.72201401461,147648,1.0,5526346,4.660794079214458,79679648,45.82977753028504,0.6908729182462228,100252.66787789293,14219.010426546818,0.0010369957590685448,14.74505351048047,0.001,0.001
vit,dp_kfm_a,public,0.4,42,5,blocks.1.attn.q_proj,True,0.9950298230218066,0.10473591658381616,attention_qkv,37056.0,81.58156928750661,15663.661303201268,37056,1.0,5526346,2.365730417857456,79679648,42.1895335595484,0.8988572945239899,23004.560278515,11561.436808667604,0.0010000000000018586,11.561436808689091,0.001,0.001
vit,dp_kfm_a,public,0.4,42,5,blocks.1.attn.k_proj,True,0.9950298230218066,0.10473591658381616,attention_qkv,37056.0,81.58156928750661,15663.661303201268,37056,1.0,5526346,2.365730417857456,79679648,42.1895335595484,0.8988572945239899,23004.560278515,11561.436808667604,0.0010000000000018586,11.561436808689091,0.001,0.001
vit,dp_kfm_a,public,0.4,42,5,blocks.1.attn.v_proj,True,0.9950298230218066,0.10473591658381616,attention_qkv,37056.0,81.58156928750661,15663.661303201268,37056,1.0,5526346,2.365730417857456,79679648,42.1895335595484,0.8988572945239899,23004.560278515,11561.436808667604,0.0010000000000018586,11.561436808689091,0.001,0.001
vit,dp_kfm_a,public,0.4,42,5,blocks.1.attn.out_proj,True,0.9846010993061715,0.17843252958995195,attention_out,37056.0,50.3290974672373,9663.186713709561,37056,1.0,5526346,3.8347598052128213,79679648,30.98039559717448,0.7159765773986364,26080.385237110662,5342.166230625363,0.001224416168688854,6.541034708601283,0.001,0.001
vit,dp_kfm_a,public,0.4,42,5,blocks.1.mlp.fc1,True,0.9917168041217416,0.13536529633327093,mlp_fc1,148224.0,117.6517220701403,90356.52254986775,148224,1.0,5526346,1.6404349771007976,79679648,49.40615570775868,0.7093858715418895,113532.5742002108,17157.446639676546,0.001,17.157446639676547,0.001,0.001
vit,dp_kfm_a,public,0.4,42,5,blocks.1.mlp.fc2,True,0.9928416529872689,0.12191235965983374,mlp_fc2,147648.0,151.74320560770073,29134.695476678542,147648,1.0,5526346,5.06777220713317,79679648,33.36375764626126,0.5703498953560697,117369.97518596015,6429.650917236479,0.0010342045686334456,6.649574353324191,0.001,0.001
vit,dp_kfm_a,public,0.4,42,5,blocks.2.attn.q_proj,True,0.9934542310247199,0.11707856569712587,attention_qkv,37056.0,110.88759771806372,21290.418761868234,37056,1.0,5526346,1.7405012280156924,79679648,45.8103121556206,0.6690843163929914,28497.014534810405,14203.917062636725,0.0010000105037189981,14.204066256590224,0.001,0.001
vit,dp_kfm_a,public,0.4,42,5,blocks.2.attn.k_proj,True,0.9934542310247199,0.11707856569712587,attention_qkv,37056.0,110.88759771806372,21290.418761868234,37056,1.0,5526346,1.7405012280156924,79679648,45.8103121556206,0.6690843163929914,28497.014534810405,14203.917062636725,0.0010000105037189981,14.204066256590224,0.001,0.001
vit,dp_kfm_a,public,0.4,42,5,blocks.2.attn.v_proj,True,0.9934542310247199,0.11707856569712587,attention_qkv,37056.0,110.88759771806372,21290.418761868234,37056,1.0,5526346,1.7405012280156924,79679648,45.8103121556206,0.6690843163929914,28497.014534810405,14203.917062636725,0.0010000105037189981,14.204066256590224,0.001,0.001
vit,dp_kfm_a,public,0.4,42,5,blocks.2.attn.out_proj,True,0.9901194284539944,0.1452401209682176,attention_out,37056.0,61.34472874726301,11778.187919474498,37056,1.0,5526346,3.1461545912958493,79679648,27.04527638189405,0.6880568457512671,27399.33213533132,3803.895345214229,0.0020693033233819833,7.871413279649061,0.001,0.001
vit,dp_kfm_a,public,0.4,42,5,blocks.2.mlp.fc1,True,0.9909068585216292,0.13655344733408564,mlp_fc1,148224.0,149.79684993448373,115043.98074968351,148224,1.0,5526346,1.2884116060144917,79679648,56.10815947536299,0.5500074873424142,127183.98143486457,23581.154122435135,0.0010000255063329002,23.581755591202352,0.001,0.001
vit,dp_kfm_a,public,0.4,42,5,blocks.2.mlp.fc2,True,0.9935891552803134,0.11505411220718532,mlp_fc2,147648.0,180.89396339471944,34731.64097178613,147648,1.0,5526346,4.251109244159821,79679648,32.41962441263381,0.5029511447799927,124726.48142723218,5984.390817738145,0.0012201260793724554,7.301711305879366,0.001,0.001
vit,dp_kfm_a,public,0.4,42,5,blocks.3.attn.q_proj,True,0.9904515990332791,0.14163475659108296,attention_qkv,37056.0,149.4278797073306,28690.152903807473,37056,1.0,5526346,1.291592977013458,79679648,56.563049699832604,0.5142122727082094,32309.955684783476,24062.01775930325,0.001,24.06201775930325,0.001,0.001
vit,dp_kfm_a,public,0.4,42,5,blocks.3.attn.k_proj,True,0.9904515990332791,0.14163475659108296,attention_qkv,37056.0,149.4278797073306,28690.152903807473,37056,1.0,5526346,1.291592977013458,79679648,56.563049699832604,0.5142122727082094,32309.955684783476,24062.01775930325,0.001,24.06201775930325,0.001,0.001
vit,dp_kfm_a,public,0.4,42,5,blocks.3.attn.v_proj,True,0.9904515990332791,0.14163475659108296,attention_qkv,37056.0,149.4278797073306,28690.152903807473,37056,1.0,5526346,1.291592977013458,79679648,56.563049699832604,0.5142122727082094,32309.955684783476,24062.01775930325,0.001,24.06201775930325,0.001,0.001
vit,dp_kfm_a,public,0.4,42,5,blocks.3.attn.out_proj,True,0.9914502152081703,0.13049660293620888,attention_out,37056.0,56.9030282671529,10925.381427293356,37056,1.0,5526346,3.3917351304026937,79679648,32.461224660363484,0.5388683788393726,30206.48926468353,6003.606939475888,0.002195897691189974,13.183306617207206,0.001,0.001
vit,dp_kfm_a,public,0.4,42,5,blocks.3.mlp.fc1,True,0.9869468096820903,0.16104685537821894,mlp_fc1,148224.0,154.069856785175,118325.6500110144,148224,1.0,5526346,1.2526785188689225,79679648,64.54705049922411,0.475770384444656,131042.00098705493,33472.71999094766,0.0010000036930602925,33.47284360772074,0.001,0.001
vit,dp_kfm_a,public,0.4,42,5,blocks.3.mlp.fc2,True,0.992362713956994,0.1290689770313551,mlp_fc2,147648.0,184.77869716588486,35477.509855849894,147648,1.0,5526346,4.161735155593348,79679648,39.240621180888674,0.47341504857616945,125816.1234895809,9645.831790133929,0.0013328026820067125,12.855990480076109,0.001,0.001
vit,dp_kfm_a,public,0.4,42,5,blocks.4.attn.q_proj,True,0.9877848953638996,0.15584307580912093,attention_qkv,37056.0,151.91431962142482,29167.549367313564,37056,1.0,5526346,1.2704529795542776,79679648,53.35858254156002,0.4733527541628035,32996.975701766045,20797.479760278115,0.001,20.797479760278115,0.001,0.001
vit,dp_kfm_a,public,0.4,42,5,blocks.4.attn.k_proj,True,0.9877848953638996,0.15584307580912093,attention_qkv,37056.0,151.91431962142482,29167.549367313564,37056,1.0,5526346,1.2704529795542776,79679648,53.35858254156002,0.4733527541628035,32996.975701766045,20797.479760278115,0.001,20.797479760278115,0.001,0.001
vit,dp_kfm_a,public,0.4,42,5,blocks.4.attn.v_proj,True,0.9877848953638996,0.15584307580912093,attention_qkv,37056.0,151.91431962142482,29167.549367313564,37056,1.0,5526346,1.2704529795542776,79679648,53.35858254156002,0.4733527541628035,32996.975701766045,20797.479760278115,0.001,20.797479760278115,0.001,0.001
vit,dp_kfm_a,public,0.4,42,5,blocks.4.attn.out_proj,True,0.9850358890049521,0.17283511052106193,attention_out,37056.0,53.589604936682775,10289.204147843093,37056,1.0,5526346,3.60144472473782,79679648,22.824818761003577,0.5310655389440647,30164.169453353137,2488.962448306121,0.003466929114511231,8.629056376957646,0.001,0.001
vit,dp_kfm_a,public,0.4,42,5,blocks.4.mlp.fc1,True,0.9811158351277484,0.19464040946755173,mlp_fc1,148224.0,157.7268689535178,121134.23535630167,148224,1.0,5526346,1.2236342563604508,79679648,56.09810956366119,0.4280323130589725,134554.67310857057,23570.59609114959,0.001,23.57059609114959,0.001,0.001
vit,dp_kfm_a,public,0.4,42,5,blocks.4.mlp.fc2,True,0.9764392515133067,0.21796654616725947,mlp_fc2,147648.0,183.89992957022818,35308.78647748381,147648,1.0,5526346,4.181622047366431,79679648,28.908087970241173,0.4468126760533143,128674.37507630876,4493.124153399267,0.0014145087651704405,6.355563497982279,0.001,0.001
vit,dp_kfm_a,public,0.4,42,5,blocks.5.attn.q_proj,True,0.9829450401870596,0.18390137674146806,attention_qkv,37056.0,160.38551894411665,30794.019637270398,37056,1.0,5526346,1.203350534827569,79679648,48.59610526544552,0.43190613927078564,33610.450644924305,16462.79841447001,0.0010000179304407095,16.46309359970089,0.001,0.001
vit,dp_kfm_a,public,0.4,42,5,blocks.5.attn.k_proj,True,0.9829450401870596,0.18390137674146806,attention_qkv,37056.0,160.38551894411665,30794.019637270398,37056,1.0,5526346,1.203350534827569,79679648,48.59610526544552,0.43190613927078564,33610.450644924305,16462.79841447001,0.0010000179304407095,16.46309359970089,0.001,0.001
vit,dp_kfm_a,public,0.4,42,5,blocks.5.attn.v_proj,True,0.9829450401870596,0.18390137674146806,attention_qkv,37056.0,160.38551894411665,30794.019637270398,37056,1.0,5526346,1.203350534827569,79679648,48.59610526544552,0.43190613927078564,33610.450644924305,16462.79841447001,0.0010000179304407095,16.46309359970089,0.001,0.001
vit,dp_kfm_a,public,0.4,42,5,blocks.5.attn.out_proj,True,0.9715688204523366,0.23838787625578842,attention_out,37056.0,64.81336869491963,12444.16678942457,37056,1.0,5526346,2.977780724659791,79679648,14.309790525034396,0.47045005422430175,31802.717196889167,774.6101633349078,0.007603760634512303,5.889950267059118,0.001,0.001
vit,dp_kfm_a,public,0.4,42,5,blocks.5.mlp.fc1,True,0.9691881279350802,0.2481000428916564,mlp_fc1,148224.0,158.8640949724853,122007.62493886871,148224,1.0,5526346,1.2148748906002134,79679648,53.45205116227636,0.4243194812790038,134418.4241188147,20888.67719626953,0.001,20.88867719626953,0.001,0.001
vit,dp_kfm_a,public,0.4,42,5,blocks.5.mlp.fc2,True,0.965890876217114,0.25912025940848216,mlp_fc2,147648.0,187.47750858614427,35995.6816485397,147648,1.0,5526346,4.101825364543135,79679648,25.490832322022833,0.43981956625917107,129100.42045036702,3280.6510641498708,0.001770841314491739,5.80951244282788,0.001,0.001
vit,dp_kfm_a,public,0.4,42,5,blocks.6.attn.q_proj,True,0.9680049380539432,0.2512536240393829,attention_qkv,37056.0,153.06245333550268,29387.991040416513,37056,1.0,5526346,1.2609232100635215,79679648,46.481469123646356,0.4055231700814827,34049.50504004851,14729.893793881822,0.001,14.729893793881821,0.001,0.001
vit,dp_kfm_a,public,0.4,42,5,blocks.6.attn.k_proj,True,0.9680049380539432,0.2512536240393829,attention_qkv,37056.0,153.06245333550268,29387.991040416513,37056,1.0,5526346,1.2609232100635215,79679648,46.481469123646356,0.4055231700814827,34049.50504004851,14729.893793881822,0.001,14.729893793881821,0.001,0.001
vit,dp_kfm_a,public,0.4,42,5,blocks.6.attn.v_proj,True,0.9680049380539432,0.2512536240393829,attention_qkv,37056.0,153.06245333550268,29387.991040416513,37056,1.0,5526346,1.2609232100635215,79679648,46.481469123646356,0.4055231700814827,34049.50504004851,14729.893793881822,0.001,14.729893793881821,0.001,0.001
vit,dp_kfm_a,public,0.4,42,5,blocks.6.attn.out_proj,True,0.9551396226760605,0.3178906795387603,attention_out,37056.0,58.63094550604157,11257.141537159981,37056,1.0,5526346,3.2917770357312848,79679648,17.78598699373768,0.5139661677941214,30809.055740201857,1334.1200958304964,0.004818890358877948,6.428978467382904,0.001,0.001
vit,dp_kfm_a,public,0.4,42,5,blocks.6.mlp.fc1,True,0.9581216281340414,0.30094600468528704,mlp_fc1,148224.0,174.30940569396196,133869.6235729628,148224,1.0,5526346,1.1072265391051441,79679648,60.14499098643759,0.40460030342364073,135922.86788544667,28054.2498409406,0.001,28.0542498409406,0.001,0.001
vit,dp_kfm_a,public,0.4,42,5,blocks.6.mlp.fc2,True,0.9472936187813641,0.34359580830573466,mlp_fc2,147648.0,189.02413047954587,36292.63305207281,147648,1.0,5526346,4.068263655275551,79679648,21.025299531525683,0.4442510514732783,129303.61414662175,2027.008075698927,0.002182995125969124,4.424948749550811,0.001,0.001
vit,dp_kfm_a,public,0.4,42,5,blocks.7.attn.q_proj,True,0.955291316262818,0.29741296453492017,attention_qkv,37056.0,162.5403653106693,31207.750139648506,37056,1.0,5526346,1.187397355919018,79679648,47.596218360022036,0.3830543194422651,34423.3679135606,15628.997465228593,0.001,15.628997465228593,0.001,0.001
vit,dp_kfm_a,public,0.4,42,5,blocks.7.attn.k_proj,True,0.955291316262818,0.29741296453492017,attention_qkv,37056.0,162.5403653106693,31207.750139648506,37056,1.0,5526346,1.187397355919018,79679648,47.596218360022036,0.3830543194422651,34423.3679135606,15628.997465228593,0.001,15.628997465228593,0.001,0.001
vit,dp_kfm_a,public,0.4,42,5,blocks.7.attn.v_proj,True,0.955291316262818,0.29741296453492017,attention_qkv,37056.0,162.5403653106693,31207.750139648506,37056,1.0,5526346,1.187397355919018,79679648,47.596218360022036,0.3830543194422651,34423.3679135606,15628.997465228593,0.001,15.628997465228593,0.001,0.001
vit,dp_kfm_a,public,0.4,42,5,blocks.7.attn.out_proj,True,0.9378460411568832,0.36227818287208446,attention_out,37056.0,66.97458723743063,12859.12074958668,37056,1.0,5526346,2.8816900254390303,79679648,12.168493602955543,0.4465392783119957,32541.36785911352,516.5258312896275,0.008936727639222847,4.616050672858571,0.001,0.001
vit,dp_kfm_a,public,0.4,42,5,blocks.7.mlp.fc1,True,0.9505981879354841,0.3145940390431222,mlp_fc1,148224.0,207.2779530330589,159189.46792938924,148224,1.0,5526346,0.9311168755570367,79679648,70.41439040930675,0.42989437151192655,135755.52940942056,41605.76959192034,0.0010000003556480221,41.605784388930005,0.001,0.001
vit,dp_kfm_a,public,0.4,42,5,blocks.7.mlp.fc2,True,0.999984746458736,0.037143488495035924,mlp_fc2,147648.0,232.47000228139578,44634.24043802799,147648,1.0,5526346,3.307953681994444,79679648,147.65784150347187,0.4347105144053403,112741.0552735108,264936.19138965145,0.0025640757569846224,679.3164654900434,0.001,0.001
vit,dp_kfm_a,public,0.4,42,5,blocks.8.attn.q_proj,True,0.9697541024460111,0.24592923186736665,attention_qkv,37056.0,175.94434313113857,33781.313881178605,37056,1.0,5526346,1.096937796153805,79679648,67.94140043668403,0.38298647725004953,34243.49370979363,38048.3857676518,0.001,38.0483857676518,0.001,0.001
vit,dp_kfm_a,public,0.4,42,5,blocks.8.attn.k_proj,True,0.9697541024460111,0.24592923186736665,attention_qkv,37056.0,175.94434313113857,33781.313881178605,37056,1.0,5526346,1.096937796153805,79679648,67.94140043668403,0.38298647725004953,34243.49370979363,38048.3857676518,0.001,38.0483857676518,0.001,0.001
vit,dp_kfm_a,public,0.4,42,5,blocks.8.attn.v_proj,True,0.9697541024460111,0.24592923186736665,attention_qkv,37056.0,175.94434313113857,33781.313881178605,37056,1.0,5526346,1.096937796153805,79679648,67.94140043668403,0.38298647725004953,34243.49370979363,38048.3857676518,0.001,38.0483857676518,0.001,0.001
vit,dp_kfm_a,public,0.4,42,5,blocks.8.attn.out_proj,True,0.8613325501715249,0.5189770890614388,attention_out,37056.0,64.39162261686522,12363.191542438122,37056,1.0,5526346,2.997284307438001,79679648,10.348668409055502,0.43696236909425035,32786.46142814637,344.51741415987243,0.008983591720085702,3.0950037892719666,0.001,0.001
vit,dp_kfm_a,public,0.4,42,5,blocks.8.mlp.fc1,True,0.9598496624295646,0.28186151975778195,mlp_fc1,148224.0,232.89900307587888,178866.43436227497,148224,1.0,5526346,0.8286853848709704,79679648,91.17401969974412,0.4176363826488412,136088.58439718833,79373.90667748827,0.001,79.37390667748826,0.001,0.001
vit,dp_kfm_a,public,0.4,42,5,blocks.8.mlp.fc2,True,0.8868509523736878,0.4817174141846363,mlp_fc2,147648.0,248.13101256593734,47641.15441265997,147648,1.0,5526346,3.099169233413131,79679648,18.98186884900495,0.3806156112973339,134954.04824855935,1569.811191841912,0.0025023319658827228,3.9281887257464714,0.001,0.001
vit,dp_kfm_a,public,0.4,42,5,blocks.9.attn.q_proj,True,0.9545112138831741,0.2983669495406919,attention_qkv,37056.0,188.8977842779068,36268.374581358104,37056,1.0,5526346,1.021716589941881,79679648,66.30848293732448,0.3634824536076066,34703.97486871717,35803.272969879166,0.0010000170887062704,35.80388480149447,0.001,0.001
vit,dp_kfm_a,public,0.4,42,5,blocks.9.attn.k_proj,True,0.9545112138831741,0.2983669495406919,attention_qkv,37056.0,188.8977842779068,36268.374581358104,37056,1.0,5526346,1.021716589941881,79679648,66.30848293732448,0.3634824536076066,34703.97486871717,35803.272969879166,0.0010000170887062704,35.80388480149447,0.001,0.001
vit,dp_kfm_a,public,0.4,42,5,blocks.9.attn.v_proj,True,0.9545112138831741,0.2983669495406919,attention_qkv,37056.0,188.8977842779068,36268.374581358104,37056,1.0,5526346,1.021716589941881,79679648,66.30848293732448,0.3634824536076066,34703.97486871717,35803.272969879166,0.0010000170887062704,35.80388480149447,0.001,0.001
vit,dp_kfm_a,public,0.4,42,5,blocks.9.attn.out_proj,True,0.8000979768041708,0.6181904424850435,attention_out,37056.0,52.82666974378324,10142.720590806382,37056,1.0,5526346,3.653457636759559,79679648,11.157037966956608,0.42817417564520915,32885.70525437879,415.7883124498684,0.005446312110804981,2.2645129216268836,0.001,0.001
vit,dp_kfm_a,public,0.4,42,5,blocks.9.mlp.fc1,True,0.9440138065832737,0.332376719813631,mlp_fc1,148224.0,246.99517166232067,189692.29183666228,148224,1.0,5526346,0.7813917928074313,79679648,89.82796199423146,0.39100917167748395,137939.60247566947,76476.65188045286,0.001,76.47665188045286,0.001,0.001
vit,dp_kfm_a,public,0.4,42,5,blocks.9.mlp.fc2,True,0.8136538517823444,0.5882539050280656,mlp_fc2,147648.0,242.87998923906375,46632.95793390024,147648,1.0,5526346,3.1661727357995018,79679648,21.35860153952972,0.3768566424738444,135941.2986946475,2108.298182343094,0.0016217627252022135,3.4191594057356096,0.001,0.001
vit,dp_kfm_a,public,0.4,42,5,blocks.10.attn.q_proj,True,0.9472977424877843,0.32077392417964673,attention_qkv,37056.0,198.33130290353142,38079.61015747803,37056,1.0,5526346,0.9731192059675795,79679648,68.46222907522343,0.34582065951710317,35023.359772583695,38781.766596312584,0.001,38.781766596312586,0.001,0.001
vit,dp_kfm_a,public,0.4,42,5,blocks.10.attn.k_proj,True,0.9472977424877843,0.32077392417964673,attention_qkv,37056.0,198.33130290353142,38079.61015747803,37056,1.0,5526346,0.9731192059675795,79679648,68.46222907522343,0.34582065951710317,35023.359772583695,38781.766596312584,0.001,38.781766596312586,0.001,0.001
vit,dp_kfm_a,public,0.4,42,5,blocks.10.attn.v_proj,True,0.9472977424877843,0.32077392417964673,attention_qkv,37056.0,198.33130290353142,38079.61015747803,37056,1.0,5526346,0.9731192059675795,79679648,68.46222907522343,0.34582065951710317,35023.359772583695,38781.766596312584,0.001,38.781766596312586,0.001,0.001
vit,dp_kfm_a,public,0.4,42,5,blocks.10.attn.out_proj,True,0.9036870754887808,0.42884478922745645,attention_out,37056.0,40.53964157090735,7783.611181614211,37056,1.0,5526346,4.760772234811851,79679648,13.669151466753014,0.39714916545165535,32983.12907183745,690.8024828111153,0.0035655869263496514,2.4631163014011923,0.001,0.001
vit,dp_kfm_a,public,0.4,42,5,blocks.10.mlp.fc1,True,0.9497650999606357,0.31408808590170706,mlp_fc1,148224.0,241.8702398716632,185756.34422143732,148224,1.0,5526346,0.7979485202578299,79679648,91.51747624968023,0.3704866946082871,138999.84196047013,80123.53244772505,0.001,80.12353244772505,0.001,0.001
vit,dp_kfm_a,public,0.4,42,5,blocks.10.mlp.fc2,True,0.8485901977136968,0.5337132602497908,mlp_fc2,147648.0,202.53284422612796,38886.30609141657,147648,1.0,5526346,3.7969150284652664,79679648,21.068778296495484,0.43500656238722074,133786.8980662593,2037.5035911406362,0.0013917930148489121,2.8357832658791113,0.001,0.001
vit,dp_kfm_a,public,0.4,42,5,blocks.11.attn.q_proj,True,0.957543941824087,0.2886097648069976,attention_qkv,37056.0,200.5328748771088,38502.31197640489,37056,1.0,5526346,0.9624357109440279,79679648,74.51152537980674,0.34404811953565256,35020.281849763516,47924.6153242637,0.001,47.924615324263705,0.001,0.001
vit,dp_kfm_a,public,0.4,42,5,blocks.11.attn.k_proj,True,0.957543941824087,0.2886097648069976,attention_qkv,37056.0,200.5328748771088,38502.31197640489,37056,1.0,5526346,0.9624357109440279,79679648,74.51152537980674,0.34404811953565256,35020.281849763516,47924.6153242637,0.001,47.924615324263705,0.001,0.001
vit,dp_kfm_a,public,0.4,42,5,blocks.11.attn.v_proj,True,0.957543941824087,0.2886097648069976,attention_qkv,37056.0,200.5328748771088,38502.31197640489,37056,1.0,5526346,0.9624357109440279,79679648,74.51152537980674,0.34404811953565256,35020.281849763516,47924.6153242637,0.001,47.924615324263705,0.001,0.001
vit,dp_kfm_a,public,0.4,42,5,blocks.11.attn.out_proj,True,0.8822084532003205,0.4708894235728609,attention_out,37056.0,52.08631845701827,10000.573143747508,37056,1.0,5526346,3.7053876280248903,79679648,13.742026842383588,0.4035318062172298,33179.795995287146,700.0466493783499,0.004972578344601454,3.48103680890959,0.001,0.001
vit,dp_kfm_a,public,0.4,42,5,blocks.11.mlp.fc1,True,0.9700896115837926,0.24297723491111603,mlp_fc1,148224.0,208.3704327337002,160028.49233948175,148224,1.0,5526346,0.9262350587266679,79679648,100.15568444430512,0.36697621516454976,137558.18674568177,100389.66568452555,0.001,100.38966568452555,0.001,0.001
vit,dp_kfm_a,public,0.4,42,5,blocks.11.mlp.fc2,True,0.9941588722646588,0.11098527597031953,mlp_fc2,147648.0,148.62739138681485,28536.45914626845,147648,1.0,5526346,5.174012628658839,79679648,60.12389401031667,0.5351782644859625,119653.65658834417,28029.654935613304,0.0010606799078855238,29.730491815169337,0.001,0.001
vit,dp_kfm_a,public,0.4,42,5,head,True,0.7846098551929487,0.6199914526773119,patch_head,1930.0,490.7646000085295,4907.646000085295,1930,1.0,5526346,0.39326389881553325,79679648,198.4966846822901,0.495712218042228,1722.4553302574955,555115.2314091622,0.001,555.1152314091622,0.001,0.001
vit,dp_kfm_a,public,0.4,42,5,identity,True,,,identity,47616.0,47616.0,,47616,1.0,5526346,1.0,79679648,,,,,,,0.001,0.001
